Workbook

Sheet README
A2: Supplementary Material 1 to
A4: Advancing Indicators for Animal Welfare and Antibiotic Use in Sustainability Assessments of Diets
A6: by
A7: Lotta Rydhmer, Professor in Animal Breeding, Swedish University of Agricultural Sciences
A8: Elin Röös, Associate Professor in Sustainable Food Systems, Swedish University of Agricultural Sciences
A10: Explanation of the sheets:
A11: Sheets DK-Wild | B11: Calculations of the animal welfare indices for the different countries and for wild animals
A12: Mortality | B12: Mortality rates used to calculate 'suffering'
A13: Disease | B13: Disease rates used to calculate 'suffering'
A14: Slaughter | B14: Slaughtering times used to calculate 'suffering'
A15: Space | B15: Summary of space used to calculate 'suffering'
A16: No affected | B16: No of animals affected to produce 1 kg of edible product
A17: Ability | B17: Ability of animals to perceive negative effects of being used by humans, see SM4 for more information
A18: Life duration | B18: Life duration in years
A19: Space cattle-rabbit | B19: Calculations of the relative lack of space, summarised in tab 'Space'
A20: Fig.1-3 | B20: Figures 1-3 use in the manuscript
A22: See SM5 for references and further information

Sheet DK
A2: Denmark
B5: Perception Adjusted Animal Lifes Affected (PAALA) | E5: Perception Adjusted Animal Lifes Affected (PAALA) - normalised | H5: Animal Life Years Suffered (ALYS) | K5: Perception Adjusted Animal Life Years Suffered (PAALYS)
B6: Total | C6: Prod. animal | D6: Parent | E6: Total | F6: Prod. animal | G6: Parent | H6: Total | I6: Prod. animal | J6: Parent | K6: Total | L6: Prod. animal | M6: Parent
A7: Beef suckler herds | B7: =C7+D7 -> 0.31576874 | C7: =B22*C22*D22*100 -> 0.28164624 | D7: =Q22*R22*S22*100 -> 0.034122499 | E7: =F7+G7 -> 0.05518435 | F7: =B22*C22*E22*100 -> 0.048895142 | G7: =Q22*R22*T22*100 -> 0.0062892076 | H7: =I7+J7 -> 0.0010560418 | I7: =B22*((O22-P22)*F22+P22) -> 0.00098695068 | J7: =Q22*((AD22-AE22)*U22+AE22) -> 6.9091138e-05 | K7: =L7+M7 -> 0.00093364977 | L7: =C22*B22*((O22-P22)*F22+P22) -> 0.00087256609 | M7: =R22*Q22*((AD22-AE22)*U22+AE22) -> 6.1083685e-05
A8: Beef dairy int | B8: =C8+D8 -> 0.57829644 | C8: =B23*C23*D23*100 -> 0.57829644 | E8: =F8+G8 -> 0.13307985 | F8: =B23*C23*E23*100 -> 0.13307985 | H8: =I8+J8 -> 0.00097634575 | I8: =B23*((O23-P23)*F23+P23) -> 0.00097634575 | K8: =L8+M8 -> 0.00080104083 | L8: =C23*B23*((O23-P23)*F23+P23) -> 0.00080104083
A9: Beef dairy ext | B9: =C9+D9 -> 0.32507461 | C9: =B24*C24*D24*100 -> 0.32507461 | E9: =F9+G9 -> 0.070582277 | F9: =B24*C24*E24*100 -> 0.070582277 | H9: =I9+J9 -> 0.0012286336 | I9: =B24*((O24-P24)*F24+P24) -> 0.0012286336 | K9: =L9+M9 -> 0.0010862387 | L9: =C24*B24*((O24-P24)*F24+P24) -> 0.0010862387
A10: Milk | B10: =C10+D10 -> 0.008538074 | C10: =B25*C25*D25*100 -> 0.008538074 | E10: =F10+G10 -> 0.0019170719 | F10: =B25*C25*E25*100 -> 0.0019170719 | H10: =I10+J10 -> 0.00013970636 | I10: =B25*((O25-P25)*F25+P25) -> 0.00013970636 | K10: =L10+M10 -> 0.00012351482 | L10: =C25*B25*((O25-P25)*F25+P25) -> 0.00012351482
A11: Horse meat | B11: =C11+D11 -> 0.34620382 | C11: =B26*C26*D26*100 -> 0.34620382 | E11: =F11+G11 -> 0.082186672 | F11: =B26*C26*E26*100 -> 0.082186672 | H11: =I11+J11 -> 0.0014989123 | I11: =B26*((O26-P26)*F26+P26) -> 0.0014989123 | K11: =L11+M11 -> 0.001317748 | L11: =C26*B26*((O26-P26)*F26+P26) -> 0.001317748
A12: Lamb meat | B12: =C12+D12 -> 4.1224012 | C12: =B27*C27*D27*100 -> 4.0471472 | D12: =Q27*R27*S27*100 -> 0.075254018 | E12: =F12+G12 -> 0.89923742 | F12: =B27*C27*E27*100 -> 0.88543037 | G12: =Q27*R27*T27*100 -> 0.013807045 | H12: =I12+J12 -> 0.0043800099 | I12: =B27*((O27-P27)*F27+P27) -> 0.0043086944 | J12: =Q27*((AD27-AE27)*U27+AE27) -> 7.1315515e-05 | K12: =L12+M12 -> 0.0035981096 | L12: =C27*B27*((O27-P27)*F27+P27) -> 0.0035350593 | M12: =R27*Q27*((AD27-AE27)*U27+AE27) -> 6.3050263e-05
A13: Pig meat | B13: =C13+D13 -> 3.681158 | C13: =B28*C28*D28*100 -> 3.6383624 | D13: =Q28*R28*S28*100 -> 0.042795565 | E13: =F13+G13 -> 0.61216208 | F13: =B28*C28*E28*100 -> 0.60450337 | G13: =Q28*R28*T28*100 -> 0.0076587134 | H13: =I13+J13 -> 0.0042211936 | I13: =B28*((O28-P28)*F28+P28) -> 0.0042190088 | J13: =Q28*((AD28-AE28)*U28+AE28) -> 2.1848155e-06 | K13: =L13+M13 -> 0.0037140045 | L13: =C28*B28*((O28-P28)*F28+P28) -> 0.0037119331 | M13: =R28*Q28*((AD28-AE28)*U28+AE28) -> 2.0713284e-06
A14: Chicken meat | B14: =C14+D14 -> 70.338716 | C14: =B29*C29*D29*100 -> 69.763721 | D14: =Q29*R29*S29*100 -> 0.57499416 | E14: =F14+G14 -> 9.2459382 | F14: =B29*C29*E29*100 -> 9.1214997 | G14: =Q29*R29*T29*100 -> 0.12443855 | H14: =I14+J14 -> 0.022516988 | I14: =B29*((O29-P29)*F29+P29) -> 0.022498842 | J14: =Q29*((AD29-AE29)*U29+AE29) -> 1.8145616e-05 | K14: =L14+M14 -> 0.012231414 | L14: =C29*B29*((O29-P29)*F29+P29) -> 0.012221557 | M14: =R29*Q29*((AD29-AE29)*U29+AE29) -> 9.8568487e-06
A15: Rabbit meat
A16: Egg | B16: =C16+D16 -> 6.7130159 | C16: =B31*C31*D31*100 -> 6.7032523 | D16: =Q31*R31*S31*100 -> 0.0097635475 | E16: =F16+G16 -> 1.3425309 | F16: =B31*C31*E31*100 -> 1.3411361 | G16: =Q31*R31*T31*100 -> 0.0013947925 | H16: =I16+J16 -> 0.031174696 | I16: =B31*((O31-P31)*F31+P31) -> 0.031173649 | J16: =Q31*((AD31-AE31)*U31+AE31) -> 1.0464231e-06 | K16: =L16+M16 -> 0.018247476 | L16: =C31*B31*((O31-P31)*F31+P31) -> 0.018247208 | M16: =R31*Q31*((AD31-AE31)*U31+AE31) -> 2.6749445e-07
A18: Animal data
B20: PRODUCTION ANIMALS | G20: Non-normalised | K20: Normalised | Q20: PARENT ANIMALS (male chicks for hen) | V20: Non-normalised | Z20: Normalised
B21: Number affected | C21: Ability - normalised | D21: Suffering | E21: Suffering - normalised | F21: Suffering norm ex. slaughter | G21: Mortality | H21: Disease | I21: Slaughter | J21: Space | K21: Mortality | L21: Disease | M21: Slaughter | N21: Space | O21: Life duration (years) | P21: Slaughter duration (years) | Q21: Number affected | R21: Ability | S21: Suffering | T21: Suffering norm | U21: Suffering norm ex. slaughter | V21: Mortality | W21: Disease | X21: Slaughter | Y21: Space | Z21: Mortality | AA21: Disease | AB21: Slaughter | AC21: Space | AD21: Life duration (years) | AE21: Slaughter duration (years)
A22: Cattle suckler herds | B22: ='No affected'!B6 -> 0.0035 | C22: =Ability!B6 -> 0.88410303 | D22: =2*G22+2*H22+I22+2*J22 -> 0.91019204 | E22: =(2*K22+2*L22+N22+2*M22)/7 -> 0.15801372 | F22: =(K22+L22+N22)/3 -> 0.14069867 | G22: =Mortality!B6 -> 0.042 | H22: =Disease!B6 -> 0.05 | I22: =Slaughter!B6/24 -> 0.25 | J22: =Space!B6/100 -> 0.23809602 | K22: =Mortality!B6/Mortality!$G$2 -> 0.084 | L22: =Disease!B6/Disease!$G$2 -> 0.1 | M22: =Slaughter!B6/Slaughter!$G$2 -> 0.25 | N22: =Space!B6/Space!$G$2 -> 0.23809602 | O22: ='Life duration'!B6 -> 2 | P22: =Slaughter!B6/(365*24) -> 0.00068493151 | Q22: ='No affected'!Q6 -> 0.0008 | R22: =Ability!D6 -> 0.88410303 | S22: =2*V22+2*W22+X22+2*Y22 -> 0.48244517 | T22: =(2*Z22+2*AA22+AB22+2*AC22)/7 -> 0.088920739 | U22: =(Z22+AA22+AC22)/3 -> 0.062074195 | V22: =Mortality!Q6 -> 0.03 | W22: =Disease!Q6 -> 0.04 | X22: =Slaughter!Q6/24 -> 0.25 | Y22: =Space!Q6/100 -> 0.046222585 | Z22: =Mortality!Q6/Mortality!$G$2 -> 0.06 | AA22: =Disease!Q6/Disease!$G$2 -> 0.08 | AB22: =Slaughter!Q6/Slaughter!$G$2 -> 0.25 | AC22: =Space!Q6/Space!$G$2 -> 0.046222585 | AD22: ='Life duration'!Q6 -> 1.3809524 | AE22: =Slaughter!Q6/(365*24) -> 0.00068493151
A23: Meat cattle dairy intensive | B23: ='No affected'!B7 -> 0.009 | C23: =Ability!B7 -> 0.82044792 | D23: =2*G23+2*H23+I23+2*J23 -> 0.78317172 | E23: =(2*K23+2*L23+N23+2*M23)/7 -> 0.18022655 | F23: =(K23+L23+N23)/3 -> 0.14386195 | G23: =Mortality!B7 -> 0.065 | H23: =Disease!B7 -> 0.1 | I23: =Slaughter!B7/24 -> 0.25 | J23: =Space!B7/100 -> 0.10158586 | K23: =Mortality!B7/Mortality!$G$2 -> 0.13 | L23: =Disease!B7/Disease!$G$2 -> 0.2 | M23: =Slaughter!B7/Slaughter!$G$2 -> 0.25 | N23: =Space!B7/Space!$G$2 -> 0.10158586 | O23: ='Life duration'!B7 -> 0.75 | P23: =Slaughter!B7/(365*24) -> 0.00068493151
A24: Meat cattle dairy extensive | B24: ='No affected'!B8 -> 0.005 | C24: =Ability!B8 -> 0.88410303 | D24: =2*G24+2*H24+I24+2*J24 -> 0.73537721 | E24: =(2*K24+2*L24+N24+2*M24)/7 -> 0.1596698 | F24: =(K24+L24+N24)/3 -> 0.12256287 | G24: =Mortality!B8 -> 0.075 | H24: =Disease!B8 -> 0.05 | I24: =Slaughter!B8/24 -> 0.25 | J24: =Space!B8/100 -> 0.1176886 | K24: =Mortality!B8/Mortality!$G$2 -> 0.15 | L24: =Disease!B8/Disease!$G$2 -> 0.1 | M24: =Slaughter!B8/Slaughter!$G$2 -> 0.25 | N24: =Space!B8/Space!$G$2 -> 0.1176886 | O24: ='Life duration'!B8 -> 2 | P24: =Slaughter!B8/(365*24) -> 0.00068493151
A25: Dairy cows | B25: ='No affected'!B9 -> 0.0001 | C25: =Ability!B9 -> 0.88410303 | D25: =2*G25+2*H25+I25+2*J25 -> 0.96573292 | E25: =(2*K25+2*L25+N25+2*M25)/7 -> 0.21683807 | F25: =(K25+L25+N25)/3 -> 0.19262215 | G25: =Mortality!B9 -> 0.06 | H25: =Disease!B9 -> 0.16 | I25: =Slaughter!B9/24 -> 0.25 | J25: =Space!B9/100 -> 0.13786646 | K25: =Mortality!B9/Mortality!$G$2 -> 0.12 | L25: =Disease!B9/Disease!$G$2 -> 0.32 | M25: =Slaughter!B9/Slaughter!$G$2 -> 0.25 | N25: =Space!B9/Space!$G$2 -> 0.13786646 | O25: ='Life duration'!B9 -> 7.25 | P25: =Slaughter!B9/(365*24) -> 0.00068493151
A26: Horse | B26: ='No affected'!B10 -> 0.005 | C26: =Ability!B10 -> 0.87913616 | D26: =2*G26+2*H26+I26+2*J26 -> 0.7876 | E26: =(2*K26+2*L26+N26+2*M26)/7 -> 0.18697143 | F26: =(K26+L26+N26)/3 -> 0.1496 | G26: =Mortality!B10 -> 0.03 | H26: =Disease!B10 -> 0.15 | I26: =Slaughter!B10/24 -> 0.25 | J26: =Space!B10/100 -> 0.0888 | K26: =Mortality!B10/Mortality!$G$2 -> 0.06 | L26: =Disease!B10/Disease!$G$2 -> 0.3 | M26: =Slaughter!B10/Slaughter!$G$2 -> 0.25 | N26: =Space!B10/Space!$G$2 -> 0.0888 | O26: ='Life duration'!B10 -> 2 | P26: =Slaughter!B10/(365*24) -> 0.00068493151
A27: Lamb | B27: ='No affected'!B11 -> 0.064 | C27: =Ability!B11 -> 0.82044792 | D27: =2*G27+2*H27+I27+2*J27 -> 0.77075794 | E27: =(2*K27+2*L27+N27+2*M27)/7 -> 0.16862557 | F27: =(K27+L27+N27)/3 -> 0.13345966 | G27: =Mortality!B11 -> 0.08 | H27: =Disease!B11 -> 0.06 | I27: =Slaughter!B11/24 -> 0.25 | J27: =Space!B11/100 -> 0.12037897 | K27: =Mortality!B11/Mortality!$G$2 -> 0.16 | L27: =Disease!B11/Disease!$G$2 -> 0.12 | M27: =Slaughter!B11/Slaughter!$G$2 -> 0.25 | N27: =Space!B11/Space!$G$2 -> 0.12037897 | O27: ='Life duration'!B11 -> 0.5 | P27: =Slaughter!B11/(365*24) -> 0.00068493151 | Q27: ='No affected'!Q11 -> 0.0011 | R27: =Ability!D11 -> 0.88410303 | S27: =2*V27+2*W27+X27+2*Y27 -> 0.77380963 | T27: =(2*Z27+2*AA27+AB27+2*AC27)/7 -> 0.1419728 | U27: =(Z27+AA27+AC27)/3 -> 0.12396827 | V27: =Mortality!Q11 -> 0.06 | W27: =Disease!Q11 -> 0.05 | X27: =Slaughter!Q11/24 -> 0.25 | Y27: =Space!Q11/100 -> 0.15190481 | Z27: =Mortality!Q11/Mortality!$G$2 -> 0.12 | AA27: =Disease!Q11/Disease!$G$2 -> 0.1 | AB27: =Slaughter!Q11/Slaughter!$G$2 -> 0.25 | AC27: =Space!Q11/Space!$G$2 -> 0.15190481 | AD27: ='Life duration'!Q11 -> 0.51813472 | AE27: =Slaughter!Q11/(365*24) -> 0.00068493151
A28: Pig | B28: ='No affected'!B12 -> 0.018170212 | C28: =Ability!B12 -> 0.87981166 | D28: =2*G28+2*H28+I28+2*J28 -> 2.2759161 | E28: =(2*K28+2*L28+N28+2*M28)/7 -> 0.37813686 | F28: =(K28+L28+N28)/3 -> 0.46365268 | G28: =Mortality!B12 -> 0.228 | H28: =Disease!B12 -> 0.15 | I28: =Slaughter!B12/24 -> 0.25 | J28: =Space!B12/100 -> 0.63495804 | K28: =Mortality!B12/Mortality!$G$2 -> 0.456 | L28: =Disease!B12/Disease!$G$2 -> 0.3 | M28: =Slaughter!B12/Slaughter!$G$2 -> 0.25 | N28: =Space!B12/Space!$G$2 -> 0.63495804 | O28: ='Life duration'!B12 -> 0.5 | P28: =Slaughter!B12/(365*24) -> 0.00068493151 | Q28: ='No affected'!Q12 -> 0.00031 | R28: =Ability!D12 -> 0.94805646 | S28: =2*V28+2*W28+X28+2*Y28 -> 1.4561391 | T28: =(2*Z28+2*AA28+AB28+2*AC28)/7 -> 0.2605913 | U28: =(Z28+AA28+AC28)/3 -> 0.26235652 | V28: =Mortality!Q12 -> 0.034 | W28: =Disease!Q12 -> 0.15 | X28: =Slaughter!Q12/24 -> 0.25 | Y28: =Space!Q12/100 -> 0.41906956 | Z28: =Mortality!Q12/Mortality!$G$2 -> 0.068 | AA28: =Disease!Q12/Disease!$G$2 -> 0.3 | AB28: =Slaughter!Q12/Slaughter!$G$2 -> 0.25 | AC28: =Space!Q12/Space!$G$2 -> 0.41906956 | AD28: ='Life duration'!Q12 -> 0.024937656 | AE28: =Slaughter!Q12/(365*24) -> 0.00068493151
A29: Chicken | B29: ='No affected'!B13 -> 0.75216903 | C29: =Ability!B13 -> 0.54320828 | D29: =2*G29+2*H29+I29+2*J29 -> 1.7074493 | E29: =(2*K29+2*L29+N29+2*M29)/7 -> 0.22324638 | F29: =(K29+L29+N29)/3 -> 0.3077971 | G29: =Mortality!B13 -> 0.038 | H29: =Disease!B13 -> 0.115 | I29: =Slaughter!B13/24 -> 0.16666667 | J29: =Space!B13/100 -> 0.6173913 | K29: =Mortality!B13/Mortality!$G$2 -> 0.076 | L29: =Disease!B13/Disease!$G$2 -> 0.23 | M29: =Slaughter!B13/Slaughter!$G$2 -> 0.16666667 | N29: =Space!B13/Space!$G$2 -> 0.6173913 | O29: ='Life duration'!B13 -> 0.096153846 | P29: =Slaughter!B13/(365*24) -> 0.000456621 | Q29: ='No affected'!Q13 -> 0.0054505002 | R29: =Ability!D13 -> 0.54320828 | S29: =2*V29+2*W29+X29+2*Y29 -> 1.9420513 | T29: =(2*Z29+2*AA29+AB29+2*AC29)/7 -> 0.42029304 | U29: =(Z29+AA29+AC29)/3 -> 0.4625641 | V29: =Mortality!Q13 -> 0.06 | W29: =Disease!Q13 -> 0.44 | X29: =Slaughter!Q13/24 -> 0.16666667 | Y29: =Space!Q13/100 -> 0.38769231 | Z29: =Mortality!Q13/Mortality!$G$2 -> 0.12 | AA29: =Disease!Q13/Disease!$G$2 -> 0.88 | AB29: =Slaughter!Q13/Slaughter!$G$2 -> 0.16666667 | AC29: =Space!Q13/Space!$G$2 -> 0.38769231 | AD29: ='Life duration'!Q13 -> 0.0066666667 | AE29: =Slaughter!Q13/(365*24) -> 0.000456621
A30: Rabbit
A31: Laying hen | B31: ='No affected'!B15 -> 0.055 | C31: =Ability!B15 -> 0.58534078 | D31: =2*G31+2*H31+I31+2*J31 -> 2.08216 | E31: =(2*K31+2*L31+N31+2*M31)/7 -> 0.41658286 | F31: =(K31+L31+N31)/3 -> 0.47202667 | G31: =Mortality!B15 -> 0.04 | H31: =Disease!B15 -> 0.46 | I31: =Slaughter!B15/24 -> 0.25 | J31: =Space!B15/100 -> 0.41608 | K31: =Mortality!B15/Mortality!$G$2 -> 0.08 | L31: =Disease!B15/Disease!$G$2 -> 0.92 | M31: =Slaughter!B15/Slaughter!$G$2 -> 0.25 | N31: =Space!B15/Space!$G$2 -> 0.41608 | O31: ='Life duration'!B15 -> 1.2 | P31: =Slaughter!B15/(365*24) -> 0.00068493151 | Q31: ='No affected'!Q15 -> 0.055 | R31: =Ability!D15 -> 0.25562743 | S31: =2*V31+2*W31+X31+2*Y31 -> 0.0069444444 | T31: =(2*Z31+2*AA31+AB31+2*AC31)/7 -> 0.00099206349 | U31: =(Z31+AA31+AC31)/3 -> 0 | V31: =Mortality!Q15 -> 0 | W31: =Disease!Q15 -> 0 | X31: =Slaughter!Q15/24 -> 0.0069444444 | Y31: =Space!Q15/100 -> 0 | Z31: =Mortality!Q15/Mortality!$G$2 -> 0 | AA31: =Disease!Q15/Disease!$G$2 -> 0 | AB31: =Slaughter!Q15/Slaughter!$G$2 -> 0.0069444444 | AC31: =Space!Q15/Space!$G$2 -> 0 | AD31: ='Life duration'!Q15 -> 3.1709792e-07 | AE31: =Slaughter!Q15/(365*24) -> 1.9025875e-05

Sheet FR
A2: France
B5: Perception Adjusted Animal Lifes Affected (PAALA) | E5: Perception Adjusted Animal Lifes Affected (PAALA) - normalised | H5: Animal Life Years Suffered (ALYS) | K5: Perception Adjusted Animal Life Years Suffered (PAALYS)
B6: Total | C6: Prod. animal | D6: Parent | E6: Total | F6: Prod. animal | G6: Parent | H6: Total | I6: Prod. animal | J6: Parent | K6: Total | L6: Prod. animal | M6: Parent
A7: Beef suckler herds | B7: =C7+D7 -> 0.30083659 | C7: =B22*C22*D22*100 -> 0.25915331 | D7: =Q22*R22*S22*100 -> 0.041683278 | E7: =F7+G7 -> 0.060736032 | F7: =B22*C22*E22*100 -> 0.053366713 | G7: =Q22*R22*T22*100 -> 0.0073693189 | H7: =I7+J7 -> 0.00086812858 | I7: =B22*((O22-P22)*F22+P22) -> 0.00079604621 | J7: =Q22*((AD22-AE22)*U22+AE22) -> 7.2082363e-05 | K7: =L7+M7 -> 0.00076751511 | L7: =C22*B22*((O22-P22)*F22+P22) -> 0.00070378687 | M7: =R22*Q22*((AD22-AE22)*U22+AE22) -> 6.3728236e-05
A8: Beef dairy int | B8: =C8+D8 -> 0.74383519 | C8: =B23*C23*D23*100 -> 0.74383519 | E8: =F8+G8 -> 0.15940839 | F8: =B23*C23*E23*100 -> 0.15940839 | H8: =I8+J8 -> 0.0011271777 | I8: =B23*((O23-P23)*F23+P23) -> 0.0011271777 | K8: =L8+M8 -> 0.00092479057 | L8: =C23*B23*((O23-P23)*F23+P23) -> 0.00092479057
A9: Beef dairy ext | B9: =C9+D9 -> 0.39939441 | C9: =B24*C24*D24*100 -> 0.39939441 | E9: =F9+G9 -> 0.08457399 | F9: =B24*C24*E24*100 -> 0.08457399 | H9: =I9+J9 -> 0.0013571059 | I9: =B24*((O24-P24)*F24+P24) -> 0.0013571059 | K9: =L9+M9 -> 0.0011998214 | L9: =C24*B24*((O24-P24)*F24+P24) -> 0.0011998214
A10: Milk | B10: =C10+D10 -> 0.0084023563 | C10: =B25*C25*D25*100 -> 0.0084023563 | E10: =F10+G10 -> 0.0020810409 | F10: =B25*C25*E25*100 -> 0.0020810409 | H10: =I10+J10 -> 0.00012679702 | I10: =B25*((O25-P25)*F25+P25) -> 0.00012679702 | K10: =L10+M10 -> 0.00011210163 | L10: =C25*B25*((O25-P25)*F25+P25) -> 0.00011210163
A11: Horse meat | B11: =C11+D11 -> 0.41846881 | C11: =B26*C26*D26*100 -> 0.41846881 | E11: =F11+G11 -> 0.10712902 | F11: =B26*C26*E26*100 -> 0.10712902 | H11: =I11+J11 -> 0.0014254066 | I11: =B26*((O26-P26)*F26+P26) -> 0.0014254066 | K11: =L11+M11 -> 0.0012531265 | L11: =C26*B26*((O26-P26)*F26+P26) -> 0.0012531265
A12: Lamb meat | B12: =C12+D12 -> 4.5747956 | C12: =B27*C27*D27*100 -> 4.4991578 | D12: =Q27*R27*S27*100 -> 0.075637895 | E12: =F12+G12 -> 1.0384714 | F12: =B27*C27*E27*100 -> 1.0246095 | G12: =Q27*R27*T27*100 -> 0.013861884 | H12: =I12+J12 -> 0.0043385944 | I12: =B27*((O27-P27)*F27+P27) -> 0.0042756616 | J12: =Q27*((AD27-AE27)*U27+AE27) -> 6.2932879e-05 | K12: =L12+M12 -> 0.0035635968 | L12: =C27*B27*((O27-P27)*F27+P27) -> 0.0035079576 | M12: =R27*Q27*((AD27-AE27)*U27+AE27) -> 5.5639149e-05
A13: Pig meat | B13: =C13+D13 -> 3.760599 | C13: =B28*C28*D28*100 -> 3.7095163 | D13: =Q28*R28*S28*100 -> 0.051082738 | E13: =F13+G13 -> 0.63515065 | F13: =B28*C28*E28*100 -> 0.62610869 | G13: =Q28*R28*T28*100 -> 0.009041958 | H13: =I13+J13 -> 0.0041152457 | I13: =B28*((O28-P28)*F28+P28) -> 0.0041124087 | J13: =Q28*((AD28-AE28)*U28+AE28) -> 2.8370451e-06 | K13: =L13+M13 -> 0.0036208348 | L13: =C28*B28*((O28-P28)*F28+P28) -> 0.0036181451 | M13: =R28*Q28*((AD28-AE28)*U28+AE28) -> 2.6896789e-06
A14: Chicken meat | B14: =C14+D14 -> 76.379315 | C14: =B29*C29*D29*100 -> 75.793303 | D14: =Q29*R29*S29*100 -> 0.586012 | E14: =F14+G14 -> 10.429945 | F14: =B29*C29*E29*100 -> 10.303688 | G14: =Q29*R29*T29*100 -> 0.12625711 | H14: =I14+J14 -> 0.024732817 | I14: =B29*((O29-P29)*F29+P29) -> 0.024714358 | J14: =Q29*((AD29-AE29)*U29+AE29) -> 1.8459069e-05 | K14: =L14+M14 -> 0.013435071 | L14: =C29*B29*((O29-P29)*F29+P29) -> 0.013425044 | M14: =R29*Q29*((AD29-AE29)*U29+AE29) -> 1.0027119e-05
A15: Rabbit meat | B15: =C15+D15 -> 121.28923 | C15: =B30*C30*D30*100 -> 121.28923 | E15: =F15+G15 -> 22.612554 | F15: =B30*C30*E30*100 -> 22.612554 | H15: =I15+J15 -> 0.059685451 | I15: =B30*((O30-P30)*F30+P30) -> 0.059685451 | K15: =L15+M15 -> 0.040106712 | L15: =C30*B30*((O30-P30)*F30+P30) -> 0.040106712
A16: Egg | B16: =C16+D16 -> 6.8057358 | C16: =B31*C31*D31*100 -> 6.8057358 | D16: =Q31*R31*S31*100 -> 0 | E16: =F16+G16 -> 1.3317846 | F16: =B31*C31*E31*100 -> 1.3317846 | G16: =Q31*R31*T31*100 -> 0 | H16: =I16+J16 -> 0.030692009 | I16: =B31*((O31-P31)*F31+P31) -> 0.030692009 | J16: =Q31*((AD31-AE31)*U31+AE31) -> 0 | K16: =L16+M16 -> 0.017965285 | L16: =C31*B31*((O31-P31)*F31+P31) -> 0.017965285 | M16: =R31*Q31*((AD31-AE31)*U31+AE31) -> 0
A18: Animal data
B20: PRODUCTION ANIMALS | G20: Non-normalised | K20: Normalised | Q20: PARENT ANIMALS (male chicks for hen) | V20: Non-normalised | Z20: Normalised
B21: Number affected | C21: Ability - normalised | D21: Suffering | E21: Suffering - normalised | F21: Suffering norm ex. slaughter | G21: Mortality | H21: Disease | I21: Slaughter | J21: Space | K21: Mortality | L21: Disease | M21: Slaughter | N21: Space | O21: Life duration (years) | P21: Slaughter duration (years) | Q21: Number affected | R21: Ability | S21: Suffering | T21: Suffering norm | U21: Suffering norm ex. slaughter | V21: Mortality | W21: Disease | X21: Slaughter | Y21: Space | Z21: Mortality | AA21: Disease | AB21: Slaughter | AC21: Space | AD21: Life duration (years) | AE21: Slaughter duration (years)
A22: Cattle suckler herds | B22: ='No affected'!C6 -> 0.0035 | C22: =Ability!B6 -> 0.88410303 | D22: =2*G22+2*H22+I22+2*J22 -> 0.83750196 | E22: =(2*K22+2*L22+N22+2*M22)/7 -> 0.17246443 | F22: =(K22+L22+N22)/3 -> 0.11330588 | G22: =Mortality!C6 -> 0.042 | H22: =Disease!C6 -> 0.05 | I22: =Slaughter!C6/24 -> 0.34166667 | J22: =Space!C6/100 -> 0.15591765 | K22: =Mortality!C6/Mortality!$G$2 -> 0.084 | L22: =Disease!C6/Disease!$G$2 -> 0.1 | M22: =Slaughter!C6/Slaughter!$G$2 -> 0.34166667 | N22: =Space!C6/Space!$G$2 -> 0.15591765 | O22: ='Life duration'!C6 -> 2 | P22: =Slaughter!C6/(365*24) -> 0.00093607306 | Q22: ='No affected'!R6 -> 0.0008 | R22: =Ability!D6 -> 0.88410303 | S22: =2*V22+2*W22+X22+2*Y22 -> 0.58934418 | T22: =(2*Z22+2*AA22+AB22+2*AC22)/7 -> 0.10419203 | U22: =(Z22+AA22+AC22)/3 -> 0.064612919 | V22: =Mortality!R6 -> 0.03 | W22: =Disease!R6 -> 0.04 | X22: =Slaughter!R6/24 -> 0.34166667 | Y22: =Space!R6/100 -> 0.053838756 | Z22: =Mortality!R6/Mortality!$G$2 -> 0.06 | AA22: =Disease!R6/Disease!$G$2 -> 0.08 | AB22: =Slaughter!R6/Slaughter!$G$2 -> 0.34166667 | AC22: =Space!R6/Space!$G$2 -> 0.053838756 | AD22: ='Life duration'!R6 -> 1.3809524 | AE22: =Slaughter!R6/(365*24) -> 0.00093607306
A23: Meat cattle dairy intensive | B23: ='No affected'!C7 -> 0.009 | C23: =Ability!B7 -> 0.82044792 | D23: =2*G23+2*H23+I23+2*J23 -> 1.0073565 | E23: =(2*K23+2*L23+N23+2*M23)/7 -> 0.21588261 | F23: =(K23+L23+N23)/3 -> 0.16594831 | G23: =Mortality!C7 -> 0.065 | H23: =Disease!C7 -> 0.1 | I23: =Slaughter!C7/24 -> 0.34166667 | J23: =Space!C7/100 -> 0.16784492 | K23: =Mortality!C7/Mortality!$G$2 -> 0.13 | L23: =Disease!C7/Disease!$G$2 -> 0.2 | M23: =Slaughter!C7/Slaughter!$G$2 -> 0.34166667 | N23: =Space!C7/Space!$G$2 -> 0.16784492 | O23: ='Life duration'!C7 -> 0.75 | P23: =Slaughter!C7/(365*24) -> 0.00093607306
A24: Meat cattle dairy extensive | B24: ='No affected'!C8 -> 0.005 | C24: =Ability!B8 -> 0.88410303 | D24: =2*G24+2*H24+I24+2*J24 -> 0.90350196 | E24: =(2*K24+2*L24+N24+2*M24)/7 -> 0.19132157 | F24: =(K24+L24+N24)/3 -> 0.13530588 | G24: =Mortality!C8 -> 0.075 | H24: =Disease!C8 -> 0.05 | I24: =Slaughter!C8/24 -> 0.34166667 | J24: =Space!C8/100 -> 0.15591765 | K24: =Mortality!C8/Mortality!$G$2 -> 0.15 | L24: =Disease!C8/Disease!$G$2 -> 0.1 | M24: =Slaughter!C8/Slaughter!$G$2 -> 0.34166667 | N24: =Space!C8/Space!$G$2 -> 0.15591765 | O24: ='Life duration'!C8 -> 2 | P24: =Slaughter!C8/(365*24) -> 0.00093607306
A25: Dairy cows | B25: ='No affected'!C9 -> 0.0001 | C25: =Ability!B9 -> 0.88410303 | D25: =2*G25+2*H25+I25+2*J25 -> 0.95038202 | E25: =(2*K25+2*L25+N25+2*M25)/7 -> 0.23538443 | F25: =(K25+L25+N25)/3 -> 0.17478589 | G25: =Mortality!C9 -> 0.06 | H25: =Disease!C9 -> 0.16 | I25: =Slaughter!C9/24 -> 0.34166667 | J25: =Space!C9/100 -> 0.084357678 | K25: =Mortality!C9/Mortality!$G$2 -> 0.12 | L25: =Disease!C9/Disease!$G$2 -> 0.32 | M25: =Slaughter!C9/Slaughter!$G$2 -> 0.34166667 | N25: =Space!C9/Space!$G$2 -> 0.084357678 | O25: ='Life duration'!C9 -> 7.25 | P25: =Slaughter!C9/(365*24) -> 0.00093607306
A26: Horse | B26: ='No affected'!C10 -> 0.005 | C26: =Ability!B10 -> 0.87913616 | D26: =2*G26+2*H26+I26+2*J26 -> 0.952 | E26: =(2*K26+2*L26+N26+2*M26)/7 -> 0.24371429 | F26: =(K26+L26+N26)/3 -> 0.142 | G26: =Mortality!C10 -> 0.03 | H26: =Disease!C10 -> 0.15 | I26: =Slaughter!C10/24 -> 0.46 | J26: =Space!C10/100 -> 0.066 | K26: =Mortality!C10/Mortality!$G$2 -> 0.06 | L26: =Disease!C10/Disease!$G$2 -> 0.3 | M26: =Slaughter!C10/Slaughter!$G$2 -> 0.46 | N26: =Space!C10/Space!$G$2 -> 0.066 | O26: ='Life duration'!C10 -> 2 | P26: =Slaughter!C10/(365*24) -> 0.001260274
A27: Lamb | B27: ='No affected'!C11 -> 0.064 | C27: =Ability!B11 -> 0.82044792 | D27: =2*G27+2*H27+I27+2*J27 -> 0.85684098 | E27: =(2*K27+2*L27+N27+2*M27)/7 -> 0.1951315 | F27: =(K27+L27+N27)/3 -> 0.1319735 | G27: =Mortality!C11 -> 0.08 | H27: =Disease!C11 -> 0.06 | I27: =Slaughter!C11/24 -> 0.345 | J27: =Space!C11/100 -> 0.11592049 | K27: =Mortality!C11/Mortality!$G$2 -> 0.16 | L27: =Disease!C11/Disease!$G$2 -> 0.12 | M27: =Slaughter!C11/Slaughter!$G$2 -> 0.345 | N27: =Space!C11/Space!$G$2 -> 0.11592049 | O27: ='Life duration'!C11 -> 0.5 | P27: =Slaughter!C11/(365*24) -> 0.00094520548 | Q27: ='No affected'!R11 -> 0.0011 | R27: =Ability!D11 -> 0.88410303 | S27: =2*V27+2*W27+X27+2*Y27 -> 0.77775689 | T27: =(2*Z27+2*AA27+AB27+2*AC27)/7 -> 0.1425367 | U27: =(Z27+AA27+AC27)/3 -> 0.10879282 | V27: =Mortality!R11 -> 0.06 | W27: =Disease!R11 -> 0.05 | X27: =Slaughter!R11/24 -> 0.345 | Y27: =Space!R11/100 -> 0.10637845 | Z27: =Mortality!R11/Mortality!$G$2 -> 0.12 | AA27: =Disease!R11/Disease!$G$2 -> 0.1 | AB27: =Slaughter!R11/Slaughter!$G$2 -> 0.345 | AC27: =Space!R11/Space!$G$2 -> 0.10637845 | AD27: ='Life duration'!R11 -> 0.51813472 | AE27: =Slaughter!R11/(365*24) -> 0.00094520548
A28: Pig | B28: ='No affected'!C12 -> 0.018116931 | C28: =Ability!B12 -> 0.87981166 | D28: =2*G28+2*H28+I28+2*J28 -> 2.3272494 | E28: =(2*K28+2*L28+N28+2*M28)/7 -> 0.39280353 | F28: =(K28+L28+N28)/3 -> 0.45298601 | G28: =Mortality!C12 -> 0.212 | H28: =Disease!C12 -> 0.15 | I28: =Slaughter!C12/24 -> 0.33333333 | J28: =Space!C12/100 -> 0.63495804 | K28: =Mortality!C12/Mortality!$G$2 -> 0.424 | L28: =Disease!C12/Disease!$G$2 -> 0.3 | M28: =Slaughter!C12/Slaughter!$G$2 -> 0.33333333 | N28: =Space!C12/Space!$G$2 -> 0.63495804 | O28: ='Life duration'!C12 -> 0.5 | P28: =Slaughter!C12/(365*24) -> 0.00091324201 | Q28: ='No affected'!R12 -> 0.00035 | R28: =Ability!D12 -> 0.94805646 | S28: =2*V28+2*W28+X28+2*Y28 -> 1.5394725 | T28: =(2*Z28+2*AA28+AB28+2*AC28)/7 -> 0.27249607 | U28: =(Z28+AA28+AC28)/3 -> 0.26235652 | V28: =Mortality!R12 -> 0.034 | W28: =Disease!R12 -> 0.15 | X28: =Slaughter!R12/24 -> 0.33333333 | Y28: =Space!R12/100 -> 0.41906956 | Z28: =Mortality!R12/Mortality!$G$2 -> 0.068 | AA28: =Disease!R12/Disease!$G$2 -> 0.3 | AB28: =Slaughter!R12/Slaughter!$G$2 -> 0.33333333 | AC28: =Space!R12/Space!$G$2 -> 0.41906956 | AD28: ='Life duration'!R12 -> 0.028328612 | AE28: =Slaughter!R12/(365*24) -> 0.00091324201
A29: Chicken | B29: ='No affected'!C13 -> 0.75216903 | C29: =Ability!B13 -> 0.54320828 | D29: =2*G29+2*H29+I29+2*J29 -> 1.8550217 | E29: =(2*K29+2*L29+N29+2*M29)/7 -> 0.25218012 | F29: =(K29+L29+N29)/3 -> 0.33808696 | G29: =Mortality!C13 -> 0.038 | H29: =Disease!C13 -> 0.145 | I29: =Slaughter!C13/24 -> 0.1925 | J29: =Space!C13/100 -> 0.64826087 | K29: =Mortality!C13/Mortality!$G$2 -> 0.076 | L29: =Disease!C13/Disease!$G$2 -> 0.29 | M29: =Slaughter!C13/Slaughter!$G$2 -> 0.1925 | N29: =Space!C13/Space!$G$2 -> 0.64826087 | O29: ='Life duration'!C13 -> 0.096153846 | P29: =Slaughter!C13/(365*24) -> 0.00052739726 | Q29: ='No affected'!R13 -> 0.0054820185 | R29: =Ability!D13 -> 0.54320828 | S29: =2*V29+2*W29+X29+2*Y29 -> 1.9678846 | T29: =(2*Z29+2*AA29+AB29+2*AC29)/7 -> 0.42398352 | U29: =(Z29+AA29+AC29)/3 -> 0.4625641 | V29: =Mortality!R13 -> 0.06 | W29: =Disease!R13 -> 0.44 | X29: =Slaughter!R13/24 -> 0.1925 | Y29: =Space!R13/100 -> 0.38769231 | Z29: =Mortality!R13/Mortality!$G$2 -> 0.12 | AA29: =Disease!R13/Disease!$G$2 -> 0.88 | AB29: =Slaughter!R13/Slaughter!$G$2 -> 0.1925 | AC29: =Space!R13/Space!$G$2 -> 0.38769231 | AD29: ='Life duration'!R13 -> 0.0066666667 | AE29: =Slaughter!R13/(365*24) -> 0.00052739726
A30: Rabbit | B30: ='No affected'!C14 -> 1.24 | C30: =Ability!B14 -> 0.67196797 | D30: =2*G30+2*H30+I30+2*J30 -> 1.4556333 | E30: =(2*K30+2*L30+N30+2*M30)/7 -> 0.27138095 | F30: =(K30+L30+N30)/3 -> 0.28573333 | G30: =Mortality!C14 -> 0.15 | H30: =Disease!C14 -> 0.11 | I30: =Slaughter!C14/24 -> 0.26123333 | J30: =Space!C14/100 -> 0.3372 | K30: =Mortality!C14/Mortality!$G$2 -> 0.3 | L30: =Disease!C14/Disease!$G$2 -> 0.22 | M30: =Slaughter!C14/Slaughter!$G$2 -> 0.26123333 | N30: =Space!C14/Space!$G$2 -> 0.3372 | O30: ='Life duration'!C14 -> 0.16666667 | P30: =Slaughter!C14/(365*24) -> 0.00071570776
A31: Laying hen | B31: ='No affected'!C15 -> 0.055 | C31: =Ability!B15 -> 0.58534078 | D31: =2*G31+2*H31+I31+2*J31 -> 2.1139933 | E31: =(2*K31+2*L31+N31+2*M31)/7 -> 0.4136781 | F31: =(K31+L31+N31)/3 -> 0.46469333 | G31: =Mortality!C15 -> 0.035 | H31: =Disease!C15 -> 0.44 | I31: =Slaughter!C15/24 -> 0.27583333 | J31: =Space!C15/100 -> 0.44408 | K31: =Mortality!C15/Mortality!$G$2 -> 0.07 | L31: =Disease!C15/Disease!$G$2 -> 0.88 | M31: =Slaughter!C15/Slaughter!$G$2 -> 0.27583333 | N31: =Space!C15/Space!$G$2 -> 0.44408 | O31: ='Life duration'!C15 -> 1.2 | P31: =Slaughter!C15/(365*24) -> 0.00075570776 | Q31: ='No affected'!R15 -> 0 | R31: =Ability!D15 -> 0.25562743 | S31: =2*V31+2*W31+X31+2*Y31 -> 0 | T31: =(2*Z31+2*AA31+AB31+2*AC31)/7 -> 0 | U31: =(Z31+AA31+AC31)/3 -> 0 | V31: =Mortality!R15 -> 0 | W31: =Disease!R15 -> 0 | X31: =Slaughter!R15/24 -> 0 | Y31: =Space!R15/100 -> 0 | Z31: =Mortality!R15/Mortality!$G$2 -> 0 | AA31: =Disease!R15/Disease!$G$2 -> 0 | AB31: =Slaughter!R15/Slaughter!$G$2 -> 0 | AC31: =Space!R15/Space!$G$2 -> 0 | AD31: ='Life duration'!R15 -> 3.1709792e-07 | AE31: =Slaughter!R15/(365*24) -> 0

Sheet DE
A2: Germany
B5: Perception Adjusted Animal Lifes Affected (PAALA) | E5: Perception Adjusted Animal Lifes Affected (PAALA) - normalised | H5: Animal Life Years Suffered (ALYS) | K5: Perception Adjusted Animal Life Years Suffered (PAALYS)
B6: Total | C6: Prod. animal | D6: Parent | E6: Total | F6: Prod. animal | G6: Parent | H6: Total | I6: Prod. animal | J6: Parent | K6: Total | L6: Prod. animal | M6: Parent
A7: Beef suckler herds | B7: =C7+D7 -> 0.33958714 | C7: =B22*C22*D22*100 -> 0.30001164 | D7: =Q22*R22*S22*100 -> 0.039575503 | E7: =F7+G7 -> 0.057275164 | F7: =B22*C22*E22*100 -> 0.050206956 | G7: =Q22*R22*T22*100 -> 0.0070682081 | H7: =I7+J7 -> 0.0011394499 | I7: =B22*((O22-P22)*F22+P22) -> 0.00105617 | J7: =Q22*((AD22-AE22)*U22+AE22) -> 8.3279913e-05 | K7: =L7+M7 -> 0.0010073911 | L7: =C22*B22*((O22-P22)*F22+P22) -> 0.00093376311 | M7: =R22*Q22*((AD22-AE22)*U22+AE22) -> 7.3628024e-05
A8: Beef dairy int | B8: =C8+D8 -> 0.67614824 | C8: =B23*C23*D23*100 -> 0.67614824 | E8: =F8+G8 -> 0.14006926 | F8: =B23*C23*E23*100 -> 0.14006926 | H8: =I8+J8 -> 0.0011252925 | I8: =B23*((O23-P23)*F23+P23) -> 0.0011252925 | K8: =L8+M8 -> 0.00092324388 | L8: =C23*B23*((O23-P23)*F23+P23) -> 0.00092324388
A9: Beef dairy ext | B9: =C9+D9 -> 0.45776345 | C9: =B24*C24*D24*100 -> 0.45776345 | E9: =F9+G9 -> 0.080060052 | F9: =B24*C24*E24*100 -> 0.080060052 | H9: =I9+J9 -> 0.001728739 | I9: =B24*((O24-P24)*F24+P24) -> 0.001728739 | K9: =L9+M9 -> 0.0015283834 | L9: =C24*B24*((O24-P24)*F24+P24) -> 0.0015283834
A10: Milk | B10: =C10+D10 -> 0.0098488023 | C10: =B25*C25*D25*100 -> 0.0098488023 | E10: =F10+G10 -> 0.0020106954 | F10: =B25*C25*E25*100 -> 0.0020106954 | H10: =I10+J10 -> 0.00015761883 | I10: =B25*((O25-P25)*F25+P25) -> 0.00015761883 | K10: =L10+M10 -> 0.00013935129 | L10: =C25*B25*((O25-P25)*F25+P25) -> 0.00013935129
A11: Horse meat | B11: =C11+D11 -> 0.35949636 | C11: =B26*C26*D26*100 -> 0.35949636 | E11: =F11+G11 -> 0.083136139 | F11: =B26*C26*E26*100 -> 0.083136139 | H11: =I11+J11 -> 0.0015492951 | I11: =B26*((O26-P26)*F26+P26) -> 0.0015492951 | K11: =L11+M11 -> 0.0013620413 | L11: =C26*B26*((O26-P26)*F26+P26) -> 0.0013620413
A12: Lamb meat | B12: =C12+D12 -> 4.9145137 | C12: =B27*C27*D27*100 -> 4.8431173 | D12: =Q27*R27*S27*100 -> 0.071396395 | E12: =F12+G12 -> 0.95554134 | F12: =B27*C27*E27*100 -> 0.94228538 | G12: =Q27*R27*T27*100 -> 0.013255955 | H12: =I12+J12 -> 0.0051836105 | I12: =B27*((O27-P27)*F27+P27) -> 0.005116058 | J12: =Q27*((AD27-AE27)*U27+AE27) -> 6.7552518e-05 | K12: =L12+M12 -> 0.0042571825 | L12: =C27*B27*((O27-P27)*F27+P27) -> 0.0041974591 | M12: =R27*Q27*((AD27-AE27)*U27+AE27) -> 5.9723386e-05
A13: Pig meat | B13: =C13+D13 -> 3.5716431 | C13: =B28*C28*D28*100 -> 3.524706 | D13: =Q28*R28*S28*100 -> 0.046937072 | E13: =F13+G13 -> 0.58609606 | F13: =B28*C28*E28*100 -> 0.57769618 | G13: =Q28*R28*T28*100 -> 0.0083998792 | H13: =I13+J13 -> 0.0040413655 | I13: =B28*((O28-P28)*F28+P28) -> 0.004038695 | J13: =Q28*((AD28-AE28)*U28+AE28) -> 2.6704135e-06 | K13: =L13+M13 -> 0.0035558227 | L13: =C28*B28*((O28-P28)*F28+P28) -> 0.003553291 | M13: =R28*Q28*((AD28-AE28)*U28+AE28) -> 2.5317028e-06
A14: Chicken meat | B14: =C14+D14 -> 67.863523 | C14: =B29*C29*D29*100 -> 67.276686 | D14: =Q29*R29*S29*100 -> 0.58683719 | E14: =F14+G14 -> 8.8090151 | F14: =B29*C29*E29*100 -> 8.6811928 | G14: =Q29*R29*T29*100 -> 0.12782227 | H14: =I14+J14 -> 0.0214273 | I14: =B29*((O29-P29)*F29+P29) -> 0.021408703 | J14: =Q29*((AD29-AE29)*U29+AE29) -> 1.859692e-05 | K14: =L14+M14 -> 0.011639487 | L14: =C29*B29*((O29-P29)*F29+P29) -> 0.011629385 | M14: =R29*Q29*((AD29-AE29)*U29+AE29) -> 1.0102001e-05
A15: Rabbit meat | B15: =C15+D15 -> 101.91201 | C15: =B30*C30*D30*100 -> 101.91201 | E15: =F15+G15 -> 18.921274 | F15: =B30*C30*E30*100 -> 18.921274 | H15: =I15+J15 -> 0.050517018 | I15: =B30*((O30-P30)*F30+P30) -> 0.050517018 | K15: =L15+M15 -> 0.033945818 | L15: =C30*B30*((O30-P30)*F30+P30) -> 0.033945818
A16: Egg | B16: =C16+D16 -> 6.9040125 | C16: =B31*C31*D31*100 -> 6.9040125 | D16: =Q31*R31*S31*100 -> 0 | E16: =F16+G16 -> 1.3554761 | F16: =B31*C31*E31*100 -> 1.3554761 | G16: =Q31*R31*T31*100 -> 0 | H16: =I16+J16 -> 0.031859218 | I16: =B31*((O31-P31)*F31+P31) -> 0.031859218 | J16: =Q31*((AD31-AE31)*U31+AE31) -> 0 | K16: =L16+M16 -> 0.018648499 | L16: =C31*B31*((O31-P31)*F31+P31) -> 0.018648499 | M16: =R31*Q31*((AD31-AE31)*U31+AE31) -> 0
A18: Animal data
B20: PRODUCTION ANIMALS | G20: Non-normalised | K20: Normalised | Q20: PARENT ANIMALS (male chicks for hen) | V20: Non-normalised | Z20: Normalised
B21: Number affected | C21: Ability - normalised | D21: Suffering | E21: Suffering - normalised | F21: Suffering norm ex. slaughter | G21: Mortality | H21: Disease | I21: Slaughter | J21: Space | K21: Mortality | L21: Disease | M21: Slaughter | N21: Space | O21: Life duration (years) | P21: Slaughter duration (years) | Q21: Number affected | R21: Ability | S21: Suffering | T21: Suffering norm | U21: Suffering norm ex. slaughter | V21: Mortality | W21: Disease | X21: Slaughter | Y21: Space | Z21: Mortality | AA21: Disease | AB21: Slaughter | AC21: Space | AD21: Life duration (years) | AE21: Slaughter duration (years)
A22: Cattle suckler herds | B22: ='No affected'!D6 -> 0.0035 | C22: =Ability!B6 -> 0.88410303 | D22: =2*G22+2*H22+I22+2*J22 -> 0.96954322 | E22: =(2*K22+2*L22+N22+2*M22)/7 -> 0.16225309 | F22: =(K22+L22+N22)/3 -> 0.15059054 | G22: =Mortality!D6 -> 0.042 | H22: =Disease!D6 -> 0.05 | I22: =Slaughter!D6/24 -> 0.25 | J22: =Space!D6/100 -> 0.26777161 | K22: =Mortality!D6/Mortality!$G$2 -> 0.084 | L22: =Disease!D6/Disease!$G$2 -> 0.1 | M22: =Slaughter!D6/Slaughter!$G$2 -> 0.25 | N22: =Space!D6/Space!$G$2 -> 0.26777161 | O22: ='Life duration'!D6 -> 2 | P22: =Slaughter!D6/(365*24) -> 0.00068493151 | Q22: ='No affected'!S6 -> 0.0008 | R22: =Ability!D6 -> 0.88410303 | S22: =2*V22+2*W22+X22+2*Y22 -> 0.55954314 | T22: =(2*Z22+2*AA22+AB22+2*AC22)/7 -> 0.099934734 | U22: =(Z22+AA22+AC22)/3 -> 0.074923856 | V22: =Mortality!S6 -> 0.03 | W22: =Disease!S6 -> 0.04 | X22: =Slaughter!S6/24 -> 0.25 | Y22: =Space!S6/100 -> 0.084771568 | Z22: =Mortality!S6/Mortality!$G$2 -> 0.06 | AA22: =Disease!S6/Disease!$G$2 -> 0.08 | AB22: =Slaughter!S6/Slaughter!$G$2 -> 0.25 | AC22: =Space!S6/Space!$G$2 -> 0.084771568 | AD22: ='Life duration'!S6 -> 1.3809524 | AE22: =Slaughter!S6/(365*24) -> 0.00068493151
A23: Meat cattle dairy intensive | B23: ='No affected'!D7 -> 0.009 | C23: =Ability!B7 -> 0.82044792 | D23: =2*G23+2*H23+I23+2*J23 -> 0.91568984 | E23: =(2*K23+2*L23+N23+2*M23)/7 -> 0.18969213 | F23: =(K23+L23+N23)/3 -> 0.16594831 | G23: =Mortality!D7 -> 0.065 | H23: =Disease!D7 -> 0.1 | I23: =Slaughter!D7/24 -> 0.25 | J23: =Space!D7/100 -> 0.16784492 | K23: =Mortality!D7/Mortality!$G$2 -> 0.13 | L23: =Disease!D7/Disease!$G$2 -> 0.2 | M23: =Slaughter!D7/Slaughter!$G$2 -> 0.25 | N23: =Space!D7/Space!$G$2 -> 0.16784492 | O23: ='Life duration'!D7 -> 0.75 | P23: =Slaughter!D7/(365*24) -> 0.00068493151
A24: Meat cattle dairy extensive | B24: ='No affected'!D8 -> 0.005 | C24: =Ability!B8 -> 0.88410303 | D24: =2*G24+2*H24+I24+2*J24 -> 1.0355432 | E24: =(2*K24+2*L24+N24+2*M24)/7 -> 0.18111023 | F24: =(K24+L24+N24)/3 -> 0.17259054 | G24: =Mortality!D8 -> 0.075 | H24: =Disease!D8 -> 0.05 | I24: =Slaughter!D8/24 -> 0.25 | J24: =Space!D8/100 -> 0.26777161 | K24: =Mortality!D8/Mortality!$G$2 -> 0.15 | L24: =Disease!D8/Disease!$G$2 -> 0.1 | M24: =Slaughter!D8/Slaughter!$G$2 -> 0.25 | N24: =Space!D8/Space!$G$2 -> 0.26777161 | O24: ='Life duration'!D8 -> 2 | P24: =Slaughter!D8/(365*24) -> 0.00068493151
A25: Dairy cows | B25: ='No affected'!D9 -> 0.0001 | C25: =Ability!B9 -> 0.88410303 | D25: =2*G25+2*H25+I25+2*J25 -> 1.1139881 | E25: =(2*K25+2*L25+N25+2*M25)/7 -> 0.22742772 | F25: =(K25+L25+N25)/3 -> 0.21733134 | G25: =Mortality!D9 -> 0.06 | H25: =Disease!D9 -> 0.16 | I25: =Slaughter!D9/24 -> 0.25 | J25: =Space!D9/100 -> 0.21199403 | K25: =Mortality!D9/Mortality!$G$2 -> 0.12 | L25: =Disease!D9/Disease!$G$2 -> 0.32 | M25: =Slaughter!D9/Slaughter!$G$2 -> 0.25 | N25: =Space!D9/Space!$G$2 -> 0.21199403 | O25: ='Life duration'!D9 -> 7.25 | P25: =Slaughter!D9/(365*24) -> 0.00068493151
A26: Horse | B26: ='No affected'!D10 -> 0.005 | C26: =Ability!B10 -> 0.87913616 | D26: =2*G26+2*H26+I26+2*J26 -> 0.81784 | E26: =(2*K26+2*L26+N26+2*M26)/7 -> 0.18913143 | F26: =(K26+L26+N26)/3 -> 0.15464 | G26: =Mortality!D10 -> 0.03 | H26: =Disease!D10 -> 0.15 | I26: =Slaughter!D10/24 -> 0.25 | J26: =Space!D10/100 -> 0.10392 | K26: =Mortality!D10/Mortality!$G$2 -> 0.06 | L26: =Disease!D10/Disease!$G$2 -> 0.3 | M26: =Slaughter!D10/Slaughter!$G$2 -> 0.25 | N26: =Space!D10/Space!$G$2 -> 0.10392 | O26: ='Life duration'!D10 -> 2 | P26: =Slaughter!D10/(365*24) -> 0.00068493151
A27: Lamb | B27: ='No affected'!D11 -> 0.064 | C27: =Ability!B11 -> 0.82044792 | D27: =2*G27+2*H27+I27+2*J27 -> 0.92234628 | E27: =(2*K27+2*L27+N27+2*M27)/7 -> 0.17945331 | F27: =(K27+L27+N27)/3 -> 0.15872438 | G27: =Mortality!D11 -> 0.08 | H27: =Disease!D11 -> 0.06 | I27: =Slaughter!D11/24 -> 0.25 | J27: =Space!D11/100 -> 0.19617314 | K27: =Mortality!D11/Mortality!$G$2 -> 0.16 | L27: =Disease!D11/Disease!$G$2 -> 0.12 | M27: =Slaughter!D11/Slaughter!$G$2 -> 0.25 | N27: =Space!D11/Space!$G$2 -> 0.19617314 | O27: ='Life duration'!D11 -> 0.5 | P27: =Slaughter!D11/(365*24) -> 0.00068493151 | Q27: ='No affected'!S11 -> 0.0011 | R27: =Ability!D11 -> 0.88410303 | S27: =2*V27+2*W27+X27+2*Y27 -> 0.73414309 | T27: =(2*Z27+2*AA27+AB27+2*AC27)/7 -> 0.13630616 | U27: =(Z27+AA27+AC27)/3 -> 0.11735718 | V27: =Mortality!S11 -> 0.06 | W27: =Disease!S11 -> 0.05 | X27: =Slaughter!S11/24 -> 0.25 | Y27: =Space!S11/100 -> 0.13207154 | Z27: =Mortality!S11/Mortality!$G$2 -> 0.12 | AA27: =Disease!S11/Disease!$G$2 -> 0.1 | AB27: =Slaughter!S11/Slaughter!$G$2 -> 0.25 | AC27: =Space!S11/Space!$G$2 -> 0.13207154 | AD27: ='Life duration'!S11 -> 0.51813472 | AE27: =Slaughter!S11/(365*24) -> 0.00068493151
A28: Pig | B28: ='No affected'!D12 -> 0.017933553 | C28: =Ability!B12 -> 0.87981166 | D28: =2*G28+2*H28+I28+2*J28 -> 2.2339161 | E28: =(2*K28+2*L28+N28+2*M28)/7 -> 0.36613686 | F28: =(K28+L28+N28)/3 -> 0.44965268 | G28: =Mortality!D12 -> 0.207 | H28: =Disease!D12 -> 0.15 | I28: =Slaughter!D12/24 -> 0.25 | J28: =Space!D12/100 -> 0.63495804 | K28: =Mortality!D12/Mortality!$G$2 -> 0.414 | L28: =Disease!D12/Disease!$G$2 -> 0.3 | M28: =Slaughter!D12/Slaughter!$G$2 -> 0.25 | N28: =Space!D12/Space!$G$2 -> 0.63495804 | O28: ='Life duration'!D12 -> 0.5 | P28: =Slaughter!D12/(365*24) -> 0.00068493151 | Q28: ='No affected'!S12 -> 0.00034 | R28: =Ability!D12 -> 0.94805646 | S28: =2*V28+2*W28+X28+2*Y28 -> 1.4561391 | T28: =(2*Z28+2*AA28+AB28+2*AC28)/7 -> 0.2605913 | U28: =(Z28+AA28+AC28)/3 -> 0.26235652 | V28: =Mortality!S12 -> 0.034 | W28: =Disease!S12 -> 0.15 | X28: =Slaughter!S12/24 -> 0.25 | Y28: =Space!S12/100 -> 0.41906956 | Z28: =Mortality!S12/Mortality!$G$2 -> 0.068 | AA28: =Disease!S12/Disease!$G$2 -> 0.3 | AB28: =Slaughter!S12/Slaughter!$G$2 -> 0.25 | AC28: =Space!S12/Space!$G$2 -> 0.41906956 | AD28: ='Life duration'!S12 -> 0.028011204 | AE28: =Slaughter!S12/(365*24) -> 0.00068493151
A29: Chicken | B29: ='No affected'!D13 -> 0.75216903 | C29: =Ability!B13 -> 0.54320828 | D29: =2*G29+2*H29+I29+2*J29 -> 1.6465797 | E29: =(2*K29+2*L29+N29+2*M29)/7 -> 0.21246998 | F29: =(K29+L29+N29)/3 -> 0.29265217 | G29: =Mortality!D13 -> 0.038 | H29: =Disease!D13 -> 0.1 | I29: =Slaughter!D13/24 -> 0.16666667 | J29: =Space!D13/100 -> 0.60195652 | K29: =Mortality!D13/Mortality!$G$2 -> 0.076 | L29: =Disease!D13/Disease!$G$2 -> 0.2 | M29: =Slaughter!D13/Slaughter!$G$2 -> 0.16666667 | N29: =Space!D13/Space!$G$2 -> 0.60195652 | O29: ='Life duration'!D13 -> 0.096153846 | P29: =Slaughter!D13/(365*24) -> 0.000456621 | Q29: ='No affected'!S13 -> 0.0054505002 | R29: =Ability!D13 -> 0.54320828 | S29: =2*V29+2*W29+X29+2*Y29 -> 1.9820513 | T29: =(2*Z29+2*AA29+AB29+2*AC29)/7 -> 0.43172161 | U29: =(Z29+AA29+AC29)/3 -> 0.47589744 | V29: =Mortality!S13 -> 0.06 | W29: =Disease!S13 -> 0.46 | X29: =Slaughter!S13/24 -> 0.16666667 | Y29: =Space!S13/100 -> 0.38769231 | Z29: =Mortality!S13/Mortality!$G$2 -> 0.12 | AA29: =Disease!S13/Disease!$G$2 -> 0.92 | AB29: =Slaughter!S13/Slaughter!$G$2 -> 0.16666667 | AC29: =Space!S13/Space!$G$2 -> 0.38769231 | AD29: ='Life duration'!S13 -> 0.0066666667 | AE29: =Slaughter!S13/(365*24) -> 0.000456621
A30: Rabbit | B30: ='No affected'!D14 -> 1.05 | C30: =Ability!B14 -> 0.67196797 | D30: =2*G30+2*H30+I30+2*J30 -> 1.4444 | E30: =(2*K30+2*L30+N30+2*M30)/7 -> 0.26817143 | F30: =(K30+L30+N30)/3 -> 0.28573333 | G30: =Mortality!D14 -> 0.15 | H30: =Disease!D14 -> 0.11 | I30: =Slaughter!D14/24 -> 0.25 | J30: =Space!D14/100 -> 0.3372 | K30: =Mortality!D14/Mortality!$G$2 -> 0.3 | L30: =Disease!D14/Disease!$G$2 -> 0.22 | M30: =Slaughter!D14/Slaughter!$G$2 -> 0.25 | N30: =Space!D14/Space!$G$2 -> 0.3372 | O30: ='Life duration'!D14 -> 0.16666667 | P30: =Slaughter!D14/(365*24) -> 0.00068493151
A31: Laying hen | B31: ='No affected'!D15 -> 0.055 | C31: =Ability!B15 -> 0.58534078 | D31: =2*G31+2*H31+I31+2*J31 -> 2.14452 | E31: =(2*K31+2*L31+N31+2*M31)/7 -> 0.42103714 | F31: =(K31+L31+N31)/3 -> 0.48242 | G31: =Mortality!D15 -> 0.04 | H31: =Disease!D15 -> 0.46 | I31: =Slaughter!D15/24 -> 0.25 | J31: =Space!D15/100 -> 0.44726 | K31: =Mortality!D15/Mortality!$G$2 -> 0.08 | L31: =Disease!D15/Disease!$G$2 -> 0.92 | M31: =Slaughter!D15/Slaughter!$G$2 -> 0.25 | N31: =Space!D15/Space!$G$2 -> 0.44726 | O31: ='Life duration'!D15 -> 1.2 | P31: =Slaughter!D15/(365*24) -> 0.00068493151 | Q31: ='No affected'!S15 -> 0 | R31: =Ability!D15 -> 0.25562743 | S31: =2*V31+2*W31+X31+2*Y31 -> 0 | T31: =(2*Z31+2*AA31+AB31+2*AC31)/7 -> 0 | U31: =(Z31+AA31+AC31)/3 -> 0 | V31: =Mortality!S15 -> 0 | W31: =Disease!S15 -> 0 | X31: =Slaughter!S15/24 -> 0 | Y31: =Space!S15/100 -> 0 | Z31: =Mortality!S15/Mortality!$G$2 -> 0 | AA31: =Disease!S15/Disease!$G$2 -> 0 | AB31: =Slaughter!S15/Slaughter!$G$2 -> 0 | AC31: =Space!S15/Space!$G$2 -> 0 | AD31: ='Life duration'!S15 -> 3.1709792e-07 | AE31: =Slaughter!S15/(365*24) -> 0

Sheet GR
A2: Greece
B5: Perception Adjusted Animal Lifes Affected (PAALA) | E5: Perception Adjusted Animal Lifes Affected (PAALA) - normalised | H5: Animal Life Years Suffered (ALYS) | K5: Perception Adjusted Animal Life Years Suffered (PAALYS)
B6: Total | C6: Prod. animal | D6: Parent | E6: Total | F6: Prod. animal | G6: Parent | H6: Total | I6: Prod. animal | J6: Parent | K6: Total | L6: Prod. animal | M6: Parent
A7: Beef suckler herds | B7: =C7+D7 -> 0.34502625 | C7: =B22*C22*D22*100 -> 0.3032045 | D7: =Q22*R22*S22*100 -> 0.041821748 | E7: =F7+G7 -> 0.063902327 | F7: =B22*C22*E22*100 -> 0.056513226 | G7: =Q22*R22*T22*100 -> 0.0073891003 | H7: =I7+J7 -> 0.0010344973 | I7: =B22*((O22-P22)*F22+P22) -> 0.00096205467 | J7: =Q22*((AD22-AE22)*U22+AE22) -> 7.2442598e-05 | K7: =L7+M7 -> 0.00091460217 | L7: =C22*B22*((O22-P22)*F22+P22) -> 0.00085055545 | M7: =R22*Q22*((AD22-AE22)*U22+AE22) -> 6.4046721e-05
A8: Beef dairy int | B8: =C8+D8 -> 0.74383519 | C8: =B23*C23*D23*100 -> 0.74383519 | E8: =F8+G8 -> 0.15940839 | F8: =B23*C23*E23*100 -> 0.15940839 | H8: =I8+J8 -> 0.0011271777 | I8: =B23*((O23-P23)*F23+P23) -> 0.0011271777 | K8: =L8+M8 -> 0.00092479057 | L8: =C23*B23*((O23-P23)*F23+P23) -> 0.00092479057
A9: Beef dairy ext | B9: =C9+D9 -> 0.46232468 | C9: =B24*C24*D24*100 -> 0.46232468 | E9: =F9+G9 -> 0.089069009 | F9: =B24*C24*E24*100 -> 0.089069009 | H9: =I9+J9 -> 0.0015942608 | I9: =B24*((O24-P24)*F24+P24) -> 0.0015942608 | K9: =L9+M9 -> 0.0014094908 | L9: =C24*B24*((O24-P24)*F24+P24) -> 0.0014094908
A10: Milk | B10: =C10+D10 -> 0.012843848 | C10: =B25*C25*D25*100 -> 0.012843848 | E10: =F10+G10 -> 0.0023982903 | F10: =B25*C25*E25*100 -> 0.0023982903 | H10: =I10+J10 -> 0.00018749254 | I10: =B25*((O25-P25)*F25+P25) -> 0.00018749254 | K10: =L10+M10 -> 0.00016576272 | L10: =C25*B25*((O25-P25)*F25+P25) -> 0.00016576272
A11: Horse meat | B11: =C11+D11 -> 0.41952378 | C11: =B26*C26*D26*100 -> 0.41952378 | E11: =F11+G11 -> 0.10720438 | F11: =B26*C26*E26*100 -> 0.10720438 | H11: =I11+J11 -> 0.0014294041 | I11: =B26*((O26-P26)*F26+P26) -> 0.0014294041 | K11: =L11+M11 -> 0.0012566408 | L11: =C26*B26*((O26-P26)*F26+P26) -> 0.0012566408
A12: Lamb meat | B12: =C12+D12 -> 3.8296803 | C12: =B27*C27*D27*100 -> 3.7500094 | D12: =Q27*R27*S27*100 -> 0.079670865 | E12: =F12+G12 -> 0.98553691 | F12: =B27*C27*E27*100 -> 0.97109889 | G12: =Q27*R27*T27*100 -> 0.014438023 | H12: =I12+J12 -> 0.003583051 | I12: =B27*((O27-P27)*F27+P27) -> 0.003516186 | J12: =Q27*((AD27-AE27)*U27+AE27) -> 6.6864943e-05 | K12: =L12+M12 -> 0.002943963 | L12: =C27*B27*((O27-P27)*F27+P27) -> 0.0028848475 | M12: =R27*Q27*((AD27-AE27)*U27+AE27) -> 5.9115499e-05
A13: Pig meat | B13: =C13+D13 -> 3.6851589 | C13: =B28*C28*D28*100 -> 3.6340761 | D13: =Q28*R28*S28*100 -> 0.051082738 | E13: =F13+G13 -> 0.61724275 | F13: =B28*C28*E28*100 -> 0.6082008 | G13: =Q28*R28*T28*100 -> 0.009041958 | H13: =I13+J13 -> 0.0039970465 | I13: =B28*((O28-P28)*F28+P28) -> 0.0039941551 | J13: =Q28*((AD28-AE28)*U28+AE28) -> 2.8913775e-06 | K13: =L13+M13 -> 0.0035168454 | L13: =C28*B28*((O28-P28)*F28+P28) -> 0.0035141042 | M13: =R28*Q28*((AD28-AE28)*U28+AE28) -> 2.7411891e-06
A14: Chicken meat | B14: =C14+D14 -> 76.375945 | C14: =B29*C29*D29*100 -> 75.793303 | D14: =Q29*R29*S29*100 -> 0.58264278 | E14: =F14+G14 -> 10.429219 | F14: =B29*C29*E29*100 -> 10.303688 | G14: =Q29*R29*T29*100 -> 0.12553121 | H14: =I14+J14 -> 0.024732711 | I14: =B29*((O29-P29)*F29+P29) -> 0.024714358 | J14: =Q29*((AD29-AE29)*U29+AE29) -> 1.835294e-05 | K14: =L14+M14 -> 0.013435013 | L14: =C29*B29*((O29-P29)*F29+P29) -> 0.013425044 | M14: =R29*Q29*((AD29-AE29)*U29+AE29) -> 9.969469e-06
A15: Rabbit meat | B15: =C15+D15 -> 102.70459 | C15: =B30*C30*D30*100 -> 102.70459 | E15: =F15+G15 -> 19.147727 | F15: =B30*C30*E30*100 -> 19.147727 | H15: =I15+J15 -> 0.0505401 | I15: =B30*((O30-P30)*F30+P30) -> 0.0505401 | K15: =L15+M15 -> 0.033961328 | L15: =C30*B30*((O30-P30)*F30+P30) -> 0.033961328
A16: Egg | B16: =C16+D16 -> 9.9251217 | C16: =B31*C31*D31*100 -> 9.9126953 | D16: =Q31*R31*S31*100 -> 0.012426333 | E16: =F16+G16 -> 1.7861202 | F16: =B31*C31*E31*100 -> 1.784345 | G16: =Q31*R31*T31*100 -> 0.0017751905 | H16: =I16+J16 -> 0.043335118 | I16: =B31*((O31-P31)*F31+P31) -> 0.043333786 | J16: =Q31*((AD31-AE31)*U31+AE31) -> 1.3318113e-06 | K16: =L16+M16 -> 0.025365372 | L16: =C31*B31*((O31-P31)*F31+P31) -> 0.025365032 | M16: =R31*Q31*((AD31-AE31)*U31+AE31) -> 3.4044748e-07
A18: Animal data
B20: PRODUCTION ANIMALS | G20: Non-normalised | K20: Normalised | Q20: PARENT ANIMALS (male chicks for hen) | V20: Non-normalised | Z20: Normalised
B21: Number affected | C21: Ability - normalised | D21: Suffering | E21: Suffering - normalised | F21: Suffering norm ex. slaughter | G21: Mortality | H21: Disease | I21: Slaughter | J21: Space | K21: Mortality | L21: Disease | M21: Slaughter | N21: Space | O21: Life duration (years) | P21: Slaughter duration (years) | Q21: Number affected | R21: Ability | S21: Suffering | T21: Suffering norm | U21: Suffering norm ex. slaughter | V21: Mortality | W21: Disease | X21: Slaughter | Y21: Space | Z21: Mortality | AA21: Disease | AB21: Slaughter | AC21: Space | AD21: Life duration (years) | AE21: Slaughter duration (years)
A22: Cattle suckler herds | B22: ='No affected'!E6 -> 0.0035 | C22: =Ability!B6 -> 0.88410303 | D22: =2*G22+2*H22+I22+2*J22 -> 0.97986155 | E22: =(2*K22+2*L22+N22+2*M22)/7 -> 0.18263297 | F22: =(K22+L22+N22)/3 -> 0.13703248 | G22: =Mortality!E6 -> 0.042 | H22: =Disease!E6 -> 0.05 | I22: =Slaughter!E6/24 -> 0.34166667 | J22: =Space!E6/100 -> 0.22709744 | K22: =Mortality!E6/Mortality!$G$2 -> 0.084 | L22: =Disease!E6/Disease!$G$2 -> 0.1 | M22: =Slaughter!E6/Slaughter!$G$2 -> 0.34166667 | N22: =Space!E6/Space!$G$2 -> 0.22709744 | O22: ='Life duration'!E6 -> 2 | P22: =Slaughter!E6/(365*24) -> 0.00093607306 | Q22: ='No affected'!T6 -> 0.0008 | R22: =Ability!D6 -> 0.88410303 | S22: =2*V22+2*W22+X22+2*Y22 -> 0.59130195 | T22: =(2*Z22+2*AA22+AB22+2*AC22)/7 -> 0.10447171 | U22: =(Z22+AA22+AC22)/3 -> 0.064939214 | V22: =Mortality!T6 -> 0.03 | W22: =Disease!T6 -> 0.04 | X22: =Slaughter!T6/24 -> 0.34166667 | Y22: =Space!T6/100 -> 0.054817642 | Z22: =Mortality!T6/Mortality!$G$2 -> 0.06 | AA22: =Disease!T6/Disease!$G$2 -> 0.08 | AB22: =Slaughter!T6/Slaughter!$G$2 -> 0.34166667 | AC22: =Space!T6/Space!$G$2 -> 0.054817642 | AD22: ='Life duration'!T6 -> 1.3809524 | AE22: =Slaughter!T6/(365*24) -> 0.00093607306
A23: Meat cattle dairy intensive | B23: ='No affected'!E7 -> 0.009 | C23: =Ability!B7 -> 0.82044792 | D23: =2*G23+2*H23+I23+2*J23 -> 1.0073565 | E23: =(2*K23+2*L23+N23+2*M23)/7 -> 0.21588261 | F23: =(K23+L23+N23)/3 -> 0.16594831 | G23: =Mortality!E7 -> 0.065 | H23: =Disease!E7 -> 0.1 | I23: =Slaughter!E7/24 -> 0.34166667 | J23: =Space!E7/100 -> 0.16784492 | K23: =Mortality!E7/Mortality!$G$2 -> 0.13 | L23: =Disease!E7/Disease!$G$2 -> 0.2 | M23: =Slaughter!E7/Slaughter!$G$2 -> 0.34166667 | N23: =Space!E7/Space!$G$2 -> 0.16784492 | O23: ='Life duration'!E7 -> 0.75 | P23: =Slaughter!E7/(365*24) -> 0.00093607306
A24: Meat cattle dairy extensive | B24: ='No affected'!E8 -> 0.005 | C24: =Ability!B8 -> 0.88410303 | D24: =2*G24+2*H24+I24+2*J24 -> 1.0458616 | E24: =(2*K24+2*L24+N24+2*M24)/7 -> 0.20149011 | F24: =(K24+L24+N24)/3 -> 0.15903248 | G24: =Mortality!E8 -> 0.075 | H24: =Disease!E8 -> 0.05 | I24: =Slaughter!E8/24 -> 0.34166667 | J24: =Space!E8/100 -> 0.22709744 | K24: =Mortality!E8/Mortality!$G$2 -> 0.15 | L24: =Disease!E8/Disease!$G$2 -> 0.1 | M24: =Slaughter!E8/Slaughter!$G$2 -> 0.34166667 | N24: =Space!E8/Space!$G$2 -> 0.22709744 | O24: ='Life duration'!E8 -> 2 | P24: =Slaughter!E8/(365*24) -> 0.00093607306
A25: Dairy cows | B25: ='No affected'!E9 -> 0.0001 | C25: =Ability!B9 -> 0.88410303 | D25: =2*G25+2*H25+I25+2*J25 -> 1.4527546 | E25: =(2*K25+2*L25+N25+2*M25)/7 -> 0.27126819 | F25: =(K25+L25+N25)/3 -> 0.25851466 | G25: =Mortality!E9 -> 0.06 | H25: =Disease!E9 -> 0.16 | I25: =Slaughter!E9/24 -> 0.34166667 | J25: =Space!E9/100 -> 0.33554397 | K25: =Mortality!E9/Mortality!$G$2 -> 0.12 | L25: =Disease!E9/Disease!$G$2 -> 0.32 | M25: =Slaughter!E9/Slaughter!$G$2 -> 0.34166667 | N25: =Space!E9/Space!$G$2 -> 0.33554397 | O25: ='Life duration'!E9 -> 7.25 | P25: =Slaughter!E9/(365*24) -> 0.00093607306
A26: Horse | B26: ='No affected'!E10 -> 0.005 | C26: =Ability!B10 -> 0.87913616 | D26: =2*G26+2*H26+I26+2*J26 -> 0.9544 | E26: =(2*K26+2*L26+N26+2*M26)/7 -> 0.24388571 | F26: =(K26+L26+N26)/3 -> 0.1424 | G26: =Mortality!E10 -> 0.03 | H26: =Disease!E10 -> 0.15 | I26: =Slaughter!E10/24 -> 0.46 | J26: =Space!E10/100 -> 0.0672 | K26: =Mortality!E10/Mortality!$G$2 -> 0.06 | L26: =Disease!E10/Disease!$G$2 -> 0.3 | M26: =Slaughter!E10/Slaughter!$G$2 -> 0.46 | N26: =Space!E10/Space!$G$2 -> 0.0672 | O26: ='Life duration'!E10 -> 2 | P26: =Slaughter!E10/(365*24) -> 0.001260274
A27: Lamb | B27: ='No affected'!E11 -> 0.064 | C27: =Ability!B11 -> 0.82044792 | D27: =2*G27+2*H27+I27+2*J27 -> 0.71416961 | E27: =(2*K27+2*L27+N27+2*M27)/7 -> 0.18494069 | F27: =(K27+L27+N27)/3 -> 0.10819493 | G27: =Mortality!E11 -> 0.08 | H27: =Disease!E11 -> 0.06 | I27: =Slaughter!E11/24 -> 0.345 | J27: =Space!E11/100 -> 0.044584804 | K27: =Mortality!E11/Mortality!$G$2 -> 0.16 | L27: =Disease!E11/Disease!$G$2 -> 0.12 | M27: =Slaughter!E11/Slaughter!$G$2 -> 0.345 | N27: =Space!E11/Space!$G$2 -> 0.044584804 | O27: ='Life duration'!E11 -> 0.5 | P27: =Slaughter!E11/(365*24) -> 0.00094520548 | Q27: ='No affected'!T11 -> 0.0011 | R27: =Ability!D11 -> 0.88410303 | S27: =2*V27+2*W27+X27+2*Y27 -> 0.81922645 | T27: =(2*Z27+2*AA27+AB27+2*AC27)/7 -> 0.14846092 | U27: =(Z27+AA27+AC27)/3 -> 0.11570441 | V27: =Mortality!T11 -> 0.06 | W27: =Disease!T11 -> 0.05 | X27: =Slaughter!T11/24 -> 0.345 | Y27: =Space!T11/100 -> 0.12711323 | Z27: =Mortality!T11/Mortality!$G$2 -> 0.12 | AA27: =Disease!T11/Disease!$G$2 -> 0.1 | AB27: =Slaughter!T11/Slaughter!$G$2 -> 0.345 | AC27: =Space!T11/Space!$G$2 -> 0.12711323 | AD27: ='Life duration'!T11 -> 0.51813472 | AE27: =Slaughter!T11/(365*24) -> 0.00094520548
A28: Pig | B28: ='No affected'!E12 -> 0.017964628 | C28: =Ability!B12 -> 0.87981166 | D28: =2*G28+2*H28+I28+2*J28 -> 2.2992494 | E28: =(2*K28+2*L28+N28+2*M28)/7 -> 0.38480353 | F28: =(K28+L28+N28)/3 -> 0.44365268 | G28: =Mortality!E12 -> 0.198 | H28: =Disease!E12 -> 0.15 | I28: =Slaughter!E12/24 -> 0.33333333 | J28: =Space!E12/100 -> 0.63495804 | K28: =Mortality!E12/Mortality!$G$2 -> 0.396 | L28: =Disease!E12/Disease!$G$2 -> 0.3 | M28: =Slaughter!E12/Slaughter!$G$2 -> 0.33333333 | N28: =Space!E12/Space!$G$2 -> 0.63495804 | O28: ='Life duration'!E12 -> 0.5 | P28: =Slaughter!E12/(365*24) -> 0.00091324201 | Q28: ='No affected'!T12 -> 0.00035 | R28: =Ability!D12 -> 0.94805646 | S28: =2*V28+2*W28+X28+2*Y28 -> 1.5394725 | T28: =(2*Z28+2*AA28+AB28+2*AC28)/7 -> 0.27249607 | U28: =(Z28+AA28+AC28)/3 -> 0.26235652 | V28: =Mortality!T12 -> 0.034 | W28: =Disease!T12 -> 0.15 | X28: =Slaughter!T12/24 -> 0.33333333 | Y28: =Space!T12/100 -> 0.41906956 | Z28: =Mortality!T12/Mortality!$G$2 -> 0.068 | AA28: =Disease!T12/Disease!$G$2 -> 0.3 | AB28: =Slaughter!T12/Slaughter!$G$2 -> 0.33333333 | AC28: =Space!T12/Space!$G$2 -> 0.41906956 | AD28: ='Life duration'!T12 -> 0.028920308 | AE28: =Slaughter!T12/(365*24) -> 0.00091324201
A29: Chicken | B29: ='No affected'!E13 -> 0.75216903 | C29: =Ability!B13 -> 0.54320828 | D29: =2*G29+2*H29+I29+2*J29 -> 1.8550217 | E29: =(2*K29+2*L29+N29+2*M29)/7 -> 0.25218012 | F29: =(K29+L29+N29)/3 -> 0.33808696 | G29: =Mortality!E13 -> 0.038 | H29: =Disease!E13 -> 0.145 | I29: =Slaughter!E13/24 -> 0.1925 | J29: =Space!E13/100 -> 0.64826087 | K29: =Mortality!E13/Mortality!$G$2 -> 0.076 | L29: =Disease!E13/Disease!$G$2 -> 0.29 | M29: =Slaughter!E13/Slaughter!$G$2 -> 0.1925 | N29: =Space!E13/Space!$G$2 -> 0.64826087 | O29: ='Life duration'!E13 -> 0.096153846 | P29: =Slaughter!E13/(365*24) -> 0.00052739726 | Q29: ='No affected'!T13 -> 0.0054505002 | R29: =Ability!D13 -> 0.54320828 | S29: =2*V29+2*W29+X29+2*Y29 -> 1.9678846 | T29: =(2*Z29+2*AA29+AB29+2*AC29)/7 -> 0.42398352 | U29: =(Z29+AA29+AC29)/3 -> 0.4625641 | V29: =Mortality!T13 -> 0.06 | W29: =Disease!T13 -> 0.44 | X29: =Slaughter!T13/24 -> 0.1925 | Y29: =Space!T13/100 -> 0.38769231 | Z29: =Mortality!T13/Mortality!$G$2 -> 0.12 | AA29: =Disease!T13/Disease!$G$2 -> 0.88 | AB29: =Slaughter!T13/Slaughter!$G$2 -> 0.1925 | AC29: =Space!T13/Space!$G$2 -> 0.38769231 | AD29: ='Life duration'!T13 -> 0.0066666667 | AE29: =Slaughter!T13/(365*24) -> 0.00052739726
A30: Rabbit | B30: ='No affected'!E14 -> 1.05 | C30: =Ability!B14 -> 0.67196797 | D30: =2*G30+2*H30+I30+2*J30 -> 1.4556333 | E30: =(2*K30+2*L30+N30+2*M30)/7 -> 0.27138095 | F30: =(K30+L30+N30)/3 -> 0.28573333 | G30: =Mortality!E14 -> 0.15 | H30: =Disease!E14 -> 0.11 | I30: =Slaughter!E14/24 -> 0.26123333 | J30: =Space!E14/100 -> 0.3372 | K30: =Mortality!E14/Mortality!$G$2 -> 0.3 | L30: =Disease!E14/Disease!$G$2 -> 0.22 | M30: =Slaughter!E14/Slaughter!$G$2 -> 0.26123333 | N30: =Space!E14/Space!$G$2 -> 0.3372 | O30: ='Life duration'!E14 -> 0.16666667 | P30: =Slaughter!E14/(365*24) -> 0.00071570776
A31: Laying hen | B31: ='No affected'!E15 -> 0.07 | C31: =Ability!B15 -> 0.58534078 | D31: =2*G31+2*H31+I31+2*J31 -> 2.4192733 | E31: =(2*K31+2*L31+N31+2*M31)/7 -> 0.43548381 | F31: =(K31+L31+N31)/3 -> 0.51557333 | G31: =Mortality!E15 -> 0.035 | H31: =Disease!E15 -> 0.44 | I31: =Slaughter!E15/24 -> 0.27583333 | J31: =Space!E15/100 -> 0.59672 | K31: =Mortality!E15/Mortality!$G$2 -> 0.07 | L31: =Disease!E15/Disease!$G$2 -> 0.88 | M31: =Slaughter!E15/Slaughter!$G$2 -> 0.27583333 | N31: =Space!E15/Space!$G$2 -> 0.59672 | O31: ='Life duration'!E15 -> 1.2 | P31: =Slaughter!E15/(365*24) -> 0.00075570776 | Q31: ='No affected'!T15 -> 0.07 | R31: =Ability!D15 -> 0.25562743 | S31: =2*V31+2*W31+X31+2*Y31 -> 0.0069444444 | T31: =(2*Z31+2*AA31+AB31+2*AC31)/7 -> 0.00099206349 | U31: =(Z31+AA31+AC31)/3 -> 0 | V31: =Mortality!T15 -> 0 | W31: =Disease!T15 -> 0 | X31: =Slaughter!T15/24 -> 0.0069444444 | Y31: =Space!T15/100 -> 0 | Z31: =Mortality!T15/Mortality!$G$2 -> 0 | AA31: =Disease!T15/Disease!$G$2 -> 0 | AB31: =Slaughter!T15/Slaughter!$G$2 -> 0.0069444444 | AC31: =Space!T15/Space!$G$2 -> 0 | AD31: ='Life duration'!T15 -> 3.1709792e-07 | AE31: =Slaughter!T15/(365*24) -> 1.9025875e-05

Sheet HU
A2: Hungary
B5: Perception Adjusted Animal Lifes Affected (PAALA) | E5: Perception Adjusted Animal Lifes Affected (PAALA) - normalised | H5: Animal Life Years Suffered (ALYS) | K5: Perception Adjusted Animal Life Years Suffered (PAALYS)
B6: Total | C6: Prod. animal | D6: Parent | E6: Total | F6: Prod. animal | G6: Parent | H6: Total | I6: Prod. animal | J6: Parent | K6: Total | L6: Prod. animal | M6: Parent
A7: Beef suckler herds | B7: =C7+D7 -> 0.36485399 | C7: =B22*C22*D22*100 -> 0.31998591 | D7: =Q22*R22*S22*100 -> 0.044868084 | E7: =F7+G7 -> 0.065536189 | F7: =B22*C22*E22*100 -> 0.057711898 | G7: =Q22*R22*T22*100 -> 0.0078242912 | H7: =I7+J7 -> 0.0011056637 | I7: =B22*((O22-P22)*F22+P22) -> 0.001025296 | J7: =Q22*((AD22-AE22)*U22+AE22) -> 8.0367756e-05 | K7: =L7+M7 -> 0.00097752067 | L7: =C22*B22*((O22-P22)*F22+P22) -> 0.00090646729 | M7: =R22*Q22*((AD22-AE22)*U22+AE22) -> 7.1053377e-05
A8: Beef dairy int | B8: =C8+D8 -> 0.74383519 | C8: =B23*C23*D23*100 -> 0.74383519 | E8: =F8+G8 -> 0.15940839 | F8: =B23*C23*E23*100 -> 0.15940839 | H8: =I8+J8 -> 0.0011271777 | I8: =B23*((O23-P23)*F23+P23) -> 0.0011271777 | K8: =L8+M8 -> 0.00092479057 | L8: =C23*B23*((O23-P23)*F23+P23) -> 0.00092479057
A9: Beef dairy ext | B9: =C9+D9 -> 0.48629812 | C9: =B24*C24*D24*100 -> 0.48629812 | E9: =F9+G9 -> 0.090781397 | F9: =B24*C24*E24*100 -> 0.090781397 | H9: =I9+J9 -> 0.0016846056 | I9: =B24*((O24-P24)*F24+P24) -> 0.0016846056 | K9: =L9+M9 -> 0.0014893649 | L9: =C24*B24*((O24-P24)*F24+P24) -> 0.0014893649
A10: Milk | B10: =C10+D10 -> 0.013130923 | C10: =B25*C25*D25*100 -> 0.013130923 | E10: =F10+G10 -> 0.0024187957 | F10: =B25*C25*E25*100 -> 0.0024187957 | H10: =I10+J10 -> 0.00019141559 | I10: =B25*((O25-P25)*F25+P25) -> 0.00019141559 | K10: =L10+M10 -> 0.0001692311 | L10: =C25*B25*((O25-P25)*F25+P25) -> 0.0001692311
A11: Horse meat | B11: =C11+D11 -> 0.44273297 | C11: =B26*C26*D26*100 -> 0.44273297 | E11: =F11+G11 -> 0.10886218 | F11: =B26*C26*E26*100 -> 0.10886218 | H11: =I11+J11 -> 0.0015173486 | I11: =B26*((O26-P26)*F26+P26) -> 0.0015173486 | K11: =L11+M11 -> 0.001333956 | L11: =C26*B26*((O26-P26)*F26+P26) -> 0.001333956
A12: Lamb meat | B12: =C12+D12 -> 5.9505124 | C12: =B27*C27*D27*100 -> 5.8569891 | D12: =Q27*R27*S27*100 -> 0.093523242 | E12: =F12+G12 -> 1.1380144 | F12: =B27*C27*E27*100 -> 1.1215974 | G12: =Q27*R27*T27*100 -> 0.016416934 | H12: =I12+J12 -> 0.0057325817 | I12: =B27*((O27-P27)*F27+P27) -> 0.005652211 | J12: =Q27*((AD27-AE27)*U27+AE27) -> 8.0370729e-05 | K12: =L12+M12 -> 0.0047084007 | L12: =C27*B27*((O27-P27)*F27+P27) -> 0.0046373447 | M12: =R27*Q27*((AD27-AE27)*U27+AE27) -> 7.1056005e-05
A13: Pig meat | B13: =C13+D13 -> 3.5752122 | C13: =B28*C28*D28*100 -> 3.5270485 | D13: =Q28*R28*S28*100 -> 0.048163725 | E13: =F13+G13 -> 0.58531936 | F13: =B28*C28*E28*100 -> 0.57679408 | G13: =Q28*R28*T28*100 -> 0.0085252746 | H13: =I13+J13 -> 0.003788953 | I13: =B28*((O28-P28)*F28+P28) -> 0.0037862429 | J13: =Q28*((AD28-AE28)*U28+AE28) -> 2.7101671e-06 | K13: =L13+M13 -> 0.00333375 | L13: =C28*B28*((O28-P28)*F28+P28) -> 0.0033311806 | M13: =R28*Q28*((AD28-AE28)*U28+AE28) -> 2.5693914e-06
A14: Chicken meat | B14: =C14+D14 -> 76.364102 | C14: =B29*C29*D29*100 -> 75.793303 | D14: =Q29*R29*S29*100 -> 0.57079976 | E14: =F14+G14 -> 10.425835 | F14: =B29*C29*E29*100 -> 10.303688 | G14: =Q29*R29*T29*100 -> 0.12214749 | H14: =I14+J14 -> 0.024732265 | I14: =B29*((O29-P29)*F29+P29) -> 0.024714358 | J14: =Q29*((AD29-AE29)*U29+AE29) -> 1.7906779e-05 | K14: =L14+M14 -> 0.013434771 | L14: =C29*B29*((O29-P29)*F29+P29) -> 0.013425044 | M14: =R29*Q29*((AD29-AE29)*U29+AE29) -> 9.7271106e-06
A15: Rabbit meat | B15: =C15+D15 -> 102.70459 | C15: =B30*C30*D30*100 -> 102.70459 | E15: =F15+G15 -> 19.147727 | F15: =B30*C30*E30*100 -> 19.147727 | H15: =I15+J15 -> 0.0505401 | I15: =B30*((O30-P30)*F30+P30) -> 0.0505401 | K15: =L15+M15 -> 0.033961328 | L15: =C30*B30*((O30-P30)*F30+P30) -> 0.033961328
A16: Egg | B16: =C16+D16 -> 10.423855 | C16: =B31*C31*D31*100 -> 10.411429 | D16: =Q31*R31*S31*100 -> 0.012426333 | E16: =F16+G16 -> 1.7778435 | F16: =B31*C31*E31*100 -> 1.7760683 | G16: =Q31*R31*T31*100 -> 0.0017751905 | H16: =I16+J16 -> 0.044338565 | I16: =B31*((O31-P31)*F31+P31) -> 0.044337234 | J16: =Q31*((AD31-AE31)*U31+AE31) -> 1.3318113e-06 | K16: =L16+M16 -> 0.025952731 | L16: =C31*B31*((O31-P31)*F31+P31) -> 0.025952391 | M16: =R31*Q31*((AD31-AE31)*U31+AE31) -> 3.4044748e-07
A18: Animal data
B20: PRODUCTION ANIMALS | G20: Non-normalised | K20: Normalised | Q20: PARENT ANIMALS (male chicks for hen) | V20: Non-normalised | Z20: Normalised
B21: Number affected | C21: Ability - normalised | D21: Suffering | E21: Suffering - normalised | F21: Suffering norm ex. slaughter | G21: Mortality | H21: Disease | I21: Slaughter | J21: Space | K21: Mortality | L21: Disease | M21: Slaughter | N21: Space | O21: Life duration (years) | P21: Slaughter duration (years) | Q21: Number affected | R21: Ability | S21: Suffering | T21: Suffering norm | U21: Suffering norm ex. slaughter | V21: Mortality | W21: Disease | X21: Slaughter | Y21: Space | Z21: Mortality | AA21: Disease | AB21: Slaughter | AC21: Space | AD21: Life duration (years) | AE21: Slaughter duration (years)
A22: Cattle suckler herds | B22: ='No affected'!F6 -> 0.0035 | C22: =Ability!B6 -> 0.88410303 | D22: =2*G22+2*H22+I22+2*J22 -> 1.0340938 | E22: =(2*K22+2*L22+N22+2*M22)/7 -> 0.1865067 | F22: =(K22+L22+N22)/3 -> 0.14607118 | G22: =Mortality!F6 -> 0.042 | H22: =Disease!F6 -> 0.05 | I22: =Slaughter!F6/24 -> 0.34166667 | J22: =Space!F6/100 -> 0.25421355 | K22: =Mortality!F6/Mortality!$G$2 -> 0.084 | L22: =Disease!F6/Disease!$G$2 -> 0.1 | M22: =Slaughter!F6/Slaughter!$G$2 -> 0.34166667 | N22: =Space!F6/Space!$G$2 -> 0.25421355 | O22: ='Life duration'!F6 -> 2 | P22: =Slaughter!F6/(365*24) -> 0.00093607306 | Q22: ='No affected'!U6 -> 0.0008 | R22: =Ability!D6 -> 0.88410303 | S22: =2*V22+2*W22+X22+2*Y22 -> 0.63437296 | T22: =(2*Z22+2*AA22+AB22+2*AC22)/7 -> 0.11062471 | U22: =(Z22+AA22+AC22)/3 -> 0.072117715 | V22: =Mortality!U6 -> 0.03 | W22: =Disease!U6 -> 0.04 | X22: =Slaughter!U6/24 -> 0.34166667 | Y22: =Space!U6/100 -> 0.076353144 | Z22: =Mortality!U6/Mortality!$G$2 -> 0.06 | AA22: =Disease!U6/Disease!$G$2 -> 0.08 | AB22: =Slaughter!U6/Slaughter!$G$2 -> 0.34166667 | AC22: =Space!U6/Space!$G$2 -> 0.076353144 | AD22: ='Life duration'!U6 -> 1.3809524 | AE22: =Slaughter!U6/(365*24) -> 0.00093607306
A23: Meat cattle dairy intensive | B23: ='No affected'!F7 -> 0.009 | C23: =Ability!B7 -> 0.82044792 | D23: =2*G23+2*H23+I23+2*J23 -> 1.0073565 | E23: =(2*K23+2*L23+N23+2*M23)/7 -> 0.21588261 | F23: =(K23+L23+N23)/3 -> 0.16594831 | G23: =Mortality!F7 -> 0.065 | H23: =Disease!F7 -> 0.1 | I23: =Slaughter!F7/24 -> 0.34166667 | J23: =Space!F7/100 -> 0.16784492 | K23: =Mortality!F7/Mortality!$G$2 -> 0.13 | L23: =Disease!F7/Disease!$G$2 -> 0.2 | M23: =Slaughter!F7/Slaughter!$G$2 -> 0.34166667 | N23: =Space!F7/Space!$G$2 -> 0.16784492 | O23: ='Life duration'!F7 -> 0.75 | P23: =Slaughter!F7/(365*24) -> 0.00093607306
A24: Meat cattle dairy extensive | B24: ='No affected'!F8 -> 0.005 | C24: =Ability!B8 -> 0.88410303 | D24: =2*G24+2*H24+I24+2*J24 -> 1.1000938 | E24: =(2*K24+2*L24+N24+2*M24)/7 -> 0.20536384 | F24: =(K24+L24+N24)/3 -> 0.16807118 | G24: =Mortality!F8 -> 0.075 | H24: =Disease!F8 -> 0.05 | I24: =Slaughter!F8/24 -> 0.34166667 | J24: =Space!F8/100 -> 0.25421355 | K24: =Mortality!F8/Mortality!$G$2 -> 0.15 | L24: =Disease!F8/Disease!$G$2 -> 0.1 | M24: =Slaughter!F8/Slaughter!$G$2 -> 0.34166667 | N24: =Space!F8/Space!$G$2 -> 0.25421355 | O24: ='Life duration'!F8 -> 2 | P24: =Slaughter!F8/(365*24) -> 0.00093607306
A25: Dairy cows | B25: ='No affected'!F9 -> 0.0001 | C25: =Ability!B9 -> 0.88410303 | D25: =2*G25+2*H25+I25+2*J25 -> 1.4852255 | E25: =(2*K25+2*L25+N25+2*M25)/7 -> 0.27358753 | F25: =(K25+L25+N25)/3 -> 0.26392646 | G25: =Mortality!F9 -> 0.06 | H25: =Disease!F9 -> 0.16 | I25: =Slaughter!F9/24 -> 0.34166667 | J25: =Space!F9/100 -> 0.35177939 | K25: =Mortality!F9/Mortality!$G$2 -> 0.12 | L25: =Disease!F9/Disease!$G$2 -> 0.32 | M25: =Slaughter!F9/Slaughter!$G$2 -> 0.34166667 | N25: =Space!F9/Space!$G$2 -> 0.35177939 | O25: ='Life duration'!F9 -> 7.25 | P25: =Slaughter!F9/(365*24) -> 0.00093607306
A26: Horse | B26: ='No affected'!F10 -> 0.005 | C26: =Ability!B10 -> 0.87913616 | D26: =2*G26+2*H26+I26+2*J26 -> 1.0072 | E26: =(2*K26+2*L26+N26+2*M26)/7 -> 0.24765714 | F26: =(K26+L26+N26)/3 -> 0.1512 | G26: =Mortality!F10 -> 0.03 | H26: =Disease!F10 -> 0.15 | I26: =Slaughter!F10/24 -> 0.46 | J26: =Space!F10/100 -> 0.0936 | K26: =Mortality!F10/Mortality!$G$2 -> 0.06 | L26: =Disease!F10/Disease!$G$2 -> 0.3 | M26: =Slaughter!F10/Slaughter!$G$2 -> 0.46 | N26: =Space!F10/Space!$G$2 -> 0.0936 | O26: ='Life duration'!F10 -> 2 | P26: =Slaughter!F10/(365*24) -> 0.001260274
A27: Lamb | B27: ='No affected'!F11 -> 0.064 | C27: =Ability!B11 -> 0.82044792 | D27: =2*G27+2*H27+I27+2*J27 -> 1.1154328 | E27: =(2*K27+2*L27+N27+2*M27)/7 -> 0.21360235 | F27: =(K27+L27+N27)/3 -> 0.17507214 | G27: =Mortality!F11 -> 0.08 | H27: =Disease!F11 -> 0.06 | I27: =Slaughter!F11/24 -> 0.345 | J27: =Space!F11/100 -> 0.24521642 | K27: =Mortality!F11/Mortality!$G$2 -> 0.16 | L27: =Disease!F11/Disease!$G$2 -> 0.12 | M27: =Slaughter!F11/Slaughter!$G$2 -> 0.345 | N27: =Space!F11/Space!$G$2 -> 0.24521642 | O27: ='Life duration'!F11 -> 0.5 | P27: =Slaughter!F11/(365*24) -> 0.00094520548 | Q27: ='No affected'!U11 -> 0.0011 | R27: =Ability!D11 -> 0.88410303 | S27: =2*V27+2*W27+X27+2*Y27 -> 0.96166539 | T27: =(2*Z27+2*AA27+AB27+2*AC27)/7 -> 0.16880934 | U27: =(Z27+AA27+AC27)/3 -> 0.13944423 | V27: =Mortality!U11 -> 0.06 | W27: =Disease!U11 -> 0.05 | X27: =Slaughter!U11/24 -> 0.345 | Y27: =Space!U11/100 -> 0.1983327 | Z27: =Mortality!U11/Mortality!$G$2 -> 0.12 | AA27: =Disease!U11/Disease!$G$2 -> 0.1 | AB27: =Slaughter!U11/Slaughter!$G$2 -> 0.345 | AC27: =Space!U11/Space!$G$2 -> 0.1983327 | AD27: ='Life duration'!U11 -> 0.51813472 | AE27: =Slaughter!U11/(365*24) -> 0.00094520548
A28: Pig | B28: ='No affected'!F12 -> 0.017999186 | C28: =Ability!B12 -> 0.87981166 | D28: =2*G28+2*H28+I28+2*J28 -> 2.2272494 | E28: =(2*K28+2*L28+N28+2*M28)/7 -> 0.3642321 | F28: =(K28+L28+N28)/3 -> 0.41965268 | G28: =Mortality!F12 -> 0.162 | H28: =Disease!F12 -> 0.15 | I28: =Slaughter!F12/24 -> 0.33333333 | J28: =Space!F12/100 -> 0.63495804 | K28: =Mortality!F12/Mortality!$G$2 -> 0.324 | L28: =Disease!F12/Disease!$G$2 -> 0.3 | M28: =Slaughter!F12/Slaughter!$G$2 -> 0.33333333 | N28: =Space!F12/Space!$G$2 -> 0.63495804 | O28: ='Life duration'!F12 -> 0.5 | P28: =Slaughter!F12/(365*24) -> 0.00091324201 | Q28: ='No affected'!U12 -> 0.00033 | R28: =Ability!D12 -> 0.94805646 | S28: =2*V28+2*W28+X28+2*Y28 -> 1.5394725 | T28: =(2*Z28+2*AA28+AB28+2*AC28)/7 -> 0.27249607 | U28: =(Z28+AA28+AC28)/3 -> 0.26235652 | V28: =Mortality!U12 -> 0.034 | W28: =Disease!U12 -> 0.15 | X28: =Slaughter!U12/24 -> 0.33333333 | Y28: =Space!U12/100 -> 0.41906956 | Z28: =Mortality!U12/Mortality!$G$2 -> 0.068 | AA28: =Disease!U12/Disease!$G$2 -> 0.3 | AB28: =Slaughter!U12/Slaughter!$G$2 -> 0.33333333 | AC28: =Space!U12/Space!$G$2 -> 0.41906956 | AD28: ='Life duration'!U12 -> 0.028735632 | AE28: =Slaughter!U12/(365*24) -> 0.00091324201
A29: Chicken | B29: ='No affected'!F13 -> 0.75216903 | C29: =Ability!B13 -> 0.54320828 | D29: =2*G29+2*H29+I29+2*J29 -> 1.8550217 | E29: =(2*K29+2*L29+N29+2*M29)/7 -> 0.25218012 | F29: =(K29+L29+N29)/3 -> 0.33808696 | G29: =Mortality!F13 -> 0.038 | H29: =Disease!F13 -> 0.145 | I29: =Slaughter!F13/24 -> 0.1925 | J29: =Space!F13/100 -> 0.64826087 | K29: =Mortality!F13/Mortality!$G$2 -> 0.076 | L29: =Disease!F13/Disease!$G$2 -> 0.29 | M29: =Slaughter!F13/Slaughter!$G$2 -> 0.1925 | N29: =Space!F13/Space!$G$2 -> 0.64826087 | O29: ='Life duration'!F13 -> 0.096153846 | P29: =Slaughter!F13/(365*24) -> 0.00052739726 | Q29: ='No affected'!U13 -> 0.0054505002 | R29: =Ability!D13 -> 0.54320828 | S29: =2*V29+2*W29+X29+2*Y29 -> 1.9278846 | T29: =(2*Z29+2*AA29+AB29+2*AC29)/7 -> 0.41255495 | U29: =(Z29+AA29+AC29)/3 -> 0.44923077 | V29: =Mortality!U13 -> 0.06 | W29: =Disease!U13 -> 0.42 | X29: =Slaughter!U13/24 -> 0.1925 | Y29: =Space!U13/100 -> 0.38769231 | Z29: =Mortality!U13/Mortality!$G$2 -> 0.12 | AA29: =Disease!U13/Disease!$G$2 -> 0.84 | AB29: =Slaughter!U13/Slaughter!$G$2 -> 0.1925 | AC29: =Space!U13/Space!$G$2 -> 0.38769231 | AD29: ='Life duration'!U13 -> 0.0066666667 | AE29: =Slaughter!U13/(365*24) -> 0.00052739726
A30: Rabbit | B30: ='No affected'!F14 -> 1.05 | C30: =Ability!B14 -> 0.67196797 | D30: =2*G30+2*H30+I30+2*J30 -> 1.4556333 | E30: =(2*K30+2*L30+N30+2*M30)/7 -> 0.27138095 | F30: =(K30+L30+N30)/3 -> 0.28573333 | G30: =Mortality!F14 -> 0.15 | H30: =Disease!F14 -> 0.11 | I30: =Slaughter!F14/24 -> 0.26123333 | J30: =Space!F14/100 -> 0.3372 | K30: =Mortality!F14/Mortality!$G$2 -> 0.3 | L30: =Disease!F14/Disease!$G$2 -> 0.22 | M30: =Slaughter!F14/Slaughter!$G$2 -> 0.26123333 | N30: =Space!F14/Space!$G$2 -> 0.3372 | O30: ='Life duration'!F14 -> 0.16666667 | P30: =Slaughter!F14/(365*24) -> 0.00071570776
A31: Laying hen | B31: ='No affected'!F15 -> 0.07 | C31: =Ability!B15 -> 0.58534078 | D31: =2*G31+2*H31+I31+2*J31 -> 2.5409933 | E31: =(2*K31+2*L31+N31+2*M31)/7 -> 0.43346381 | F31: =(K31+L31+N31)/3 -> 0.52752667 | G31: =Mortality!F15 -> 0.03 | H31: =Disease!F15 -> 0.42 | I31: =Slaughter!F15/24 -> 0.27583333 | J31: =Space!F15/100 -> 0.68258 | K31: =Mortality!F15/Mortality!$G$2 -> 0.06 | L31: =Disease!F15/Disease!$G$2 -> 0.84 | M31: =Slaughter!F15/Slaughter!$G$2 -> 0.27583333 | N31: =Space!F15/Space!$G$2 -> 0.68258 | O31: ='Life duration'!F15 -> 1.2 | P31: =Slaughter!F15/(365*24) -> 0.00075570776 | Q31: ='No affected'!U15 -> 0.07 | R31: =Ability!D15 -> 0.25562743 | S31: =2*V31+2*W31+X31+2*Y31 -> 0.0069444444 | T31: =(2*Z31+2*AA31+AB31+2*AC31)/7 -> 0.00099206349 | U31: =(Z31+AA31+AC31)/3 -> 0 | V31: =Mortality!U15 -> 0 | W31: =Disease!U15 -> 0 | X31: =Slaughter!U15/24 -> 0.0069444444 | Y31: =Space!U15/100 -> 0 | Z31: =Mortality!U15/Mortality!$G$2 -> 0 | AA31: =Disease!U15/Disease!$G$2 -> 0 | AB31: =Slaughter!U15/Slaughter!$G$2 -> 0.0069444444 | AC31: =Space!U15/Space!$G$2 -> 0 | AD31: ='Life duration'!U15 -> 3.1709792e-07 | AE31: =Slaughter!U15/(365*24) -> 1.9025875e-05

Sheet IE
A2: Ireland
B5: Perception Adjusted Animal Lifes Affected (PAALA) | E5: Perception Adjusted Animal Lifes Affected (PAALA) - normalised | H5: Animal Life Years Suffered (ALYS) | K5: Perception Adjusted Animal Life Years Suffered (PAALYS)
B6: Total | C6: Prod. animal | D6: Parent | E6: Total | F6: Prod. animal | G6: Parent | H6: Total | I6: Prod. animal | J6: Parent | K6: Total | L6: Prod. animal | M6: Parent
A7: Beef suckler herds | B7: =C7+D7 -> 0.30763517 | C7: =B22*C22*D22*100 -> 0.26334866 | D7: =Q22*R22*S22*100 -> 0.044286511 | E7: =F7+G7 -> 0.06140759 | F7: =B22*C22*E22*100 -> 0.053666381 | G7: =Q22*R22*T22*100 -> 0.0077412093 | H7: =I7+J7 -> 0.00089071131 | I7: =B22*((O22-P22)*F22+P22) -> 0.00081185654 | J7: =Q22*((AD22-AE22)*U22+AE22) -> 7.8854772e-05 | K7: =L7+M7 -> 0.00078748057 | L7: =C22*B22*((O22-P22)*F22+P22) -> 0.00071776483 | M7: =R22*Q22*((AD22-AE22)*U22+AE22) -> 6.9715743e-05
A8: Beef dairy int | B8: =C8+D8 -> 0.74383519 | C8: =B23*C23*D23*100 -> 0.74383519 | E8: =F8+G8 -> 0.15940839 | F8: =B23*C23*E23*100 -> 0.15940839 | H8: =I8+J8 -> 0.0011271777 | I8: =B23*((O23-P23)*F23+P23) -> 0.0011271777 | K8: =L8+M8 -> 0.00092479057 | L8: =C23*B23*((O23-P23)*F23+P23) -> 0.00092479057
A9: Beef dairy ext | B9: =C9+D9 -> 0.40538777 | C9: =B24*C24*D24*100 -> 0.40538777 | E9: =F9+G9 -> 0.085002087 | F9: =B24*C24*E24*100 -> 0.085002087 | H9: =I9+J9 -> 0.0013796921 | I9: =B24*((O24-P24)*F24+P24) -> 0.0013796921 | K9: =L9+M9 -> 0.00121979 | L9: =C24*B24*((O24-P24)*F24+P24) -> 0.00121979
A10: Milk | B10: =C10+D10 -> 0.0082186344 | C10: =B25*C25*D25*100 -> 0.0082186344 | E10: =F10+G10 -> 0.0020679179 | F10: =B25*C25*E25*100 -> 0.0020679179 | H10: =I10+J10 -> 0.00012428635 | I10: =B25*((O25-P25)*F25+P25) -> 0.00012428635 | K10: =L10+M10 -> 0.00010988194 | L10: =C25*B25*((O25-P25)*F25+P25) -> 0.00010988194
A11: Horse meat | B11: =C11+D11 -> 0.43830212 | C11: =B26*C26*D26*100 -> 0.43830212 | E11: =F11+G11 -> 0.10854569 | F11: =B26*C26*E26*100 -> 0.10854569 | H11: =I11+J11 -> 0.0015005592 | I11: =B26*((O26-P26)*F26+P26) -> 0.0015005592 | K11: =L11+M11 -> 0.0013191958 | L11: =C26*B26*((O26-P26)*F26+P26) -> 0.0013191958
A12: Lamb meat | B12: =C12+D12 -> 3.5479606 | C12: =B27*C27*D27*100 -> 3.4690788 | D12: =Q27*R27*S27*100 -> 0.078881806 | E12: =F12+G12 -> 0.96535771 | F12: =B27*C27*E27*100 -> 0.95103241 | G12: =Q27*R27*T27*100 -> 0.0143253 | H12: =I12+J12 -> 0.0032974783 | I12: =B27*((O27-P27)*F27+P27) -> 0.0032313827 | J12: =Q27*((AD27-AE27)*U27+AE27) -> 6.6095626e-05 | K12: =L12+M12 -> 0.0027096165 | L12: =C27*B27*((O27-P27)*F27+P27) -> 0.0026511812 | M12: =R27*Q27*((AD27-AE27)*U27+AE27) -> 5.8435344e-05
A13: Pig meat | B13: =C13+D13 -> 3.562139 | C13: =B28*C28*D28*100 -> 3.5110563 | D13: =Q28*R28*S28*100 -> 0.051082738 | E13: =F13+G13 -> 0.58437329 | F13: =B28*C28*E28*100 -> 0.57533133 | G13: =Q28*R28*T28*100 -> 0.009041958 | H13: =I13+J13 -> 0.0037797792 | I13: =B28*((O28-P28)*F28+P28) -> 0.0037767859 | J13: =Q28*((AD28-AE28)*U28+AE28) -> 2.9932774e-06 | K13: =L13+M13 -> 0.0033256981 | L13: =C28*B28*((O28-P28)*F28+P28) -> 0.0033228603 | M13: =R28*Q28*((AD28-AE28)*U28+AE28) -> 2.837796e-06
A14: Chicken meat | B14: =C14+D14 -> 76.375945 | C14: =B29*C29*D29*100 -> 75.793303 | D14: =Q29*R29*S29*100 -> 0.58264278 | E14: =F14+G14 -> 10.429219 | F14: =B29*C29*E29*100 -> 10.303688 | G14: =Q29*R29*T29*100 -> 0.12553121 | H14: =I14+J14 -> 0.024732711 | I14: =B29*((O29-P29)*F29+P29) -> 0.024714358 | J14: =Q29*((AD29-AE29)*U29+AE29) -> 1.835294e-05 | K14: =L14+M14 -> 0.013435013 | L14: =C29*B29*((O29-P29)*F29+P29) -> 0.013425044 | M14: =R29*Q29*((AD29-AE29)*U29+AE29) -> 9.969469e-06
A15: Rabbit meat
A16: Egg | B16: =C16+D16 -> 7.3535891 | C16: =B31*C31*D31*100 -> 7.3443581 | D16: =Q31*R31*S31*100 -> 0.0092309904 | E16: =F16+G16 -> 1.3254494 | F16: =B31*C31*E31*100 -> 1.3241307 | G16: =Q31*R31*T31*100 -> 0.0013187129 | H16: =I16+J16 -> 0.032125699 | I16: =B31*((O31-P31)*F31+P31) -> 0.03212471 | J16: =Q31*((AD31-AE31)*U31+AE31) -> 9.8934551e-07 | K16: =L16+M16 -> 0.018804156 | L16: =C31*B31*((O31-P31)*F31+P31) -> 0.018803903 | M16: =R31*Q31*((AD31-AE31)*U31+AE31) -> 2.5290385e-07
A18: Animal data
B20: PRODUCTION ANIMALS | G20: Non-normalised | K20: Normalised | Q20: PARENT ANIMALS (male chicks for hen) | V20: Non-normalised | Z20: Normalised
B21: Number affected | C21: Ability - normalised | D21: Suffering | E21: Suffering - normalised | F21: Suffering norm ex. slaughter | G21: Mortality | H21: Disease | I21: Slaughter | J21: Space | K21: Mortality | L21: Disease | M21: Slaughter | N21: Space | O21: Life duration (years) | P21: Slaughter duration (years) | Q21: Number affected | R21: Ability | S21: Suffering | T21: Suffering norm | U21: Suffering norm ex. slaughter | V21: Mortality | W21: Disease | X21: Slaughter | Y21: Space | Z21: Mortality | AA21: Disease | AB21: Slaughter | AC21: Space | AD21: Life duration (years) | AE21: Slaughter duration (years)
A22: Cattle suckler herds | B22: ='No affected'!G6 -> 0.0035 | C22: =Ability!B6 -> 0.88410303 | D22: =2*G22+2*H22+I22+2*J22 -> 0.85106002 | E22: =(2*K22+2*L22+N22+2*M22)/7 -> 0.17343286 | F22: =(K22+L22+N22)/3 -> 0.11556556 | G22: =Mortality!G6 -> 0.042 | H22: =Disease!G6 -> 0.05 | I22: =Slaughter!G6/24 -> 0.34166667 | J22: =Space!G6/100 -> 0.16269668 | K22: =Mortality!G6/Mortality!$G$2 -> 0.084 | L22: =Disease!G6/Disease!$G$2 -> 0.1 | M22: =Slaughter!G6/Slaughter!$G$2 -> 0.34166667 | N22: =Space!G6/Space!$G$2 -> 0.16269668 | O22: ='Life duration'!G6 -> 2 | P22: =Slaughter!G6/(365*24) -> 0.00093607306 | Q22: ='No affected'!V6 -> 0.0008 | R22: =Ability!D6 -> 0.88410303 | S22: =2*V22+2*W22+X22+2*Y22 -> 0.62615031 | T22: =(2*Z22+2*AA22+AB22+2*AC22)/7 -> 0.10945004 | U22: =(Z22+AA22+AC22)/3 -> 0.070747274 | V22: =Mortality!V6 -> 0.03 | W22: =Disease!V6 -> 0.04 | X22: =Slaughter!V6/24 -> 0.34166667 | Y22: =Space!V6/100 -> 0.072241821 | Z22: =Mortality!V6/Mortality!$G$2 -> 0.06 | AA22: =Disease!V6/Disease!$G$2 -> 0.08 | AB22: =Slaughter!V6/Slaughter!$G$2 -> 0.34166667 | AC22: =Space!V6/Space!$G$2 -> 0.072241821 | AD22: ='Life duration'!V6 -> 1.3809524 | AE22: =Slaughter!V6/(365*24) -> 0.00093607306
A23: Meat cattle dairy intensive | B23: ='No affected'!G7 -> 0.009 | C23: =Ability!B7 -> 0.82044792 | D23: =2*G23+2*H23+I23+2*J23 -> 1.0073565 | E23: =(2*K23+2*L23+N23+2*M23)/7 -> 0.21588261 | F23: =(K23+L23+N23)/3 -> 0.16594831 | G23: =Mortality!G7 -> 0.065 | H23: =Disease!G7 -> 0.1 | I23: =Slaughter!G7/24 -> 0.34166667 | J23: =Space!G7/100 -> 0.16784492 | K23: =Mortality!G7/Mortality!$G$2 -> 0.13 | L23: =Disease!G7/Disease!$G$2 -> 0.2 | M23: =Slaughter!G7/Slaughter!$G$2 -> 0.34166667 | N23: =Space!G7/Space!$G$2 -> 0.16784492 | O23: ='Life duration'!G7 -> 0.75 | P23: =Slaughter!G7/(365*24) -> 0.00093607306
A24: Meat cattle dairy extensive | B24: ='No affected'!G8 -> 0.005 | C24: =Ability!B8 -> 0.88410303 | D24: =2*G24+2*H24+I24+2*J24 -> 0.91706002 | E24: =(2*K24+2*L24+N24+2*M24)/7 -> 0.19229 | F24: =(K24+L24+N24)/3 -> 0.13756556 | G24: =Mortality!G8 -> 0.075 | H24: =Disease!G8 -> 0.05 | I24: =Slaughter!G8/24 -> 0.34166667 | J24: =Space!G8/100 -> 0.16269668 | K24: =Mortality!G8/Mortality!$G$2 -> 0.15 | L24: =Disease!G8/Disease!$G$2 -> 0.1 | M24: =Slaughter!G8/Slaughter!$G$2 -> 0.34166667 | N24: =Space!G8/Space!$G$2 -> 0.16269668 | O24: ='Life duration'!G8 -> 2 | P24: =Slaughter!G8/(365*24) -> 0.00093607306
A25: Dairy cows | B25: ='No affected'!G9 -> 0.0001 | C25: =Ability!B9 -> 0.88410303 | D25: =2*G25+2*H25+I25+2*J25 -> 0.92960143 | E25: =(2*K25+2*L25+N25+2*M25)/7 -> 0.2339001 | F25: =(K25+L25+N25)/3 -> 0.17132246 | G25: =Mortality!G9 -> 0.06 | H25: =Disease!G9 -> 0.16 | I25: =Slaughter!G9/24 -> 0.34166667 | J25: =Space!G9/100 -> 0.07396738 | K25: =Mortality!G9/Mortality!$G$2 -> 0.12 | L25: =Disease!G9/Disease!$G$2 -> 0.32 | M25: =Slaughter!G9/Slaughter!$G$2 -> 0.34166667 | N25: =Space!G9/Space!$G$2 -> 0.07396738 | O25: ='Life duration'!G9 -> 7.25 | P25: =Slaughter!G9/(365*24) -> 0.00093607306
A26: Horse | B26: ='No affected'!G10 -> 0.005 | C26: =Ability!B10 -> 0.87913616 | D26: =2*G26+2*H26+I26+2*J26 -> 0.99712 | E26: =(2*K26+2*L26+N26+2*M26)/7 -> 0.24693714 | F26: =(K26+L26+N26)/3 -> 0.14952 | G26: =Mortality!G10 -> 0.03 | H26: =Disease!G10 -> 0.15 | I26: =Slaughter!G10/24 -> 0.46 | J26: =Space!G10/100 -> 0.08856 | K26: =Mortality!G10/Mortality!$G$2 -> 0.06 | L26: =Disease!G10/Disease!$G$2 -> 0.3 | M26: =Slaughter!G10/Slaughter!$G$2 -> 0.46 | N26: =Space!G10/Space!$G$2 -> 0.08856 | O26: ='Life duration'!G10 -> 2 | P26: =Slaughter!G10/(365*24) -> 0.001260274
A27: Lamb | B27: ='No affected'!G11 -> 0.064 | C27: =Ability!B11 -> 0.82044792 | D27: =2*G27+2*H27+I27+2*J27 -> 0.66066784 | E27: =(2*K27+2*L27+N27+2*M27)/7 -> 0.18111913 | F27: =(K27+L27+N27)/3 -> 0.099277974 | G27: =Mortality!G11 -> 0.08 | H27: =Disease!G11 -> 0.06 | I27: =Slaughter!G11/24 -> 0.345 | J27: =Space!G11/100 -> 0.017833922 | K27: =Mortality!G11/Mortality!$G$2 -> 0.16 | L27: =Disease!G11/Disease!$G$2 -> 0.12 | M27: =Slaughter!G11/Slaughter!$G$2 -> 0.345 | N27: =Space!G11/Space!$G$2 -> 0.017833922 | O27: ='Life duration'!G11 -> 0.5 | P27: =Slaughter!G11/(365*24) -> 0.00094520548 | Q27: ='No affected'!V11 -> 0.0011 | R27: =Ability!D11 -> 0.88410303 | S27: =2*V27+2*W27+X27+2*Y27 -> 0.81111284 | T27: =(2*Z27+2*AA27+AB27+2*AC27)/7 -> 0.14730183 | U27: =(Z27+AA27+AC27)/3 -> 0.11435214 | V27: =Mortality!V11 -> 0.06 | W27: =Disease!V11 -> 0.05 | X27: =Slaughter!V11/24 -> 0.345 | Y27: =Space!V11/100 -> 0.12305642 | Z27: =Mortality!V11/Mortality!$G$2 -> 0.12 | AA27: =Disease!V11/Disease!$G$2 -> 0.1 | AB27: =Slaughter!V11/Slaughter!$G$2 -> 0.345 | AC27: =Space!V11/Space!$G$2 -> 0.12305642 | AD27: ='Life duration'!V11 -> 0.51813472 | AE27: =Slaughter!V11/(365*24) -> 0.00094520548
A28: Pig | B28: ='No affected'!G12 -> 0.017869436 | C28: =Ability!B12 -> 0.87981166 | D28: =2*G28+2*H28+I28+2*J28 -> 2.2332494 | E28: =(2*K28+2*L28+N28+2*M28)/7 -> 0.36594639 | F28: =(K28+L28+N28)/3 -> 0.42165268 | G28: =Mortality!G12 -> 0.165 | H28: =Disease!G12 -> 0.15 | I28: =Slaughter!G12/24 -> 0.33333333 | J28: =Space!G12/100 -> 0.63495804 | K28: =Mortality!G12/Mortality!$G$2 -> 0.33 | L28: =Disease!G12/Disease!$G$2 -> 0.3 | M28: =Slaughter!G12/Slaughter!$G$2 -> 0.33333333 | N28: =Space!G12/Space!$G$2 -> 0.63495804 | O28: ='Life duration'!G12 -> 0.5 | P28: =Slaughter!G12/(365*24) -> 0.00091324201 | Q28: ='No affected'!V12 -> 0.00035 | R28: =Ability!D12 -> 0.94805646 | S28: =2*V28+2*W28+X28+2*Y28 -> 1.5394725 | T28: =(2*Z28+2*AA28+AB28+2*AC28)/7 -> 0.27249607 | U28: =(Z28+AA28+AC28)/3 -> 0.26235652 | V28: =Mortality!V12 -> 0.034 | W28: =Disease!V12 -> 0.15 | X28: =Slaughter!V12/24 -> 0.33333333 | Y28: =Space!V12/100 -> 0.41906956 | Z28: =Mortality!V12/Mortality!$G$2 -> 0.068 | AA28: =Disease!V12/Disease!$G$2 -> 0.3 | AB28: =Slaughter!V12/Slaughter!$G$2 -> 0.33333333 | AC28: =Space!V12/Space!$G$2 -> 0.41906956 | AD28: ='Life duration'!V12 -> 0.03003003 | AE28: =Slaughter!V12/(365*24) -> 0.00091324201
A29: Chicken | B29: ='No affected'!G13 -> 0.75216903 | C29: =Ability!B13 -> 0.54320828 | D29: =2*G29+2*H29+I29+2*J29 -> 1.8550217 | E29: =(2*K29+2*L29+N29+2*M29)/7 -> 0.25218012 | F29: =(K29+L29+N29)/3 -> 0.33808696 | G29: =Mortality!G13 -> 0.038 | H29: =Disease!G13 -> 0.145 | I29: =Slaughter!G13/24 -> 0.1925 | J29: =Space!G13/100 -> 0.64826087 | K29: =Mortality!G13/Mortality!$G$2 -> 0.076 | L29: =Disease!G13/Disease!$G$2 -> 0.29 | M29: =Slaughter!G13/Slaughter!$G$2 -> 0.1925 | N29: =Space!G13/Space!$G$2 -> 0.64826087 | O29: ='Life duration'!G13 -> 0.096153846 | P29: =Slaughter!G13/(365*24) -> 0.00052739726 | Q29: ='No affected'!V13 -> 0.0054505002 | R29: =Ability!D13 -> 0.54320828 | S29: =2*V29+2*W29+X29+2*Y29 -> 1.9678846 | T29: =(2*Z29+2*AA29+AB29+2*AC29)/7 -> 0.42398352 | U29: =(Z29+AA29+AC29)/3 -> 0.4625641 | V29: =Mortality!V13 -> 0.06 | W29: =Disease!V13 -> 0.44 | X29: =Slaughter!V13/24 -> 0.1925 | Y29: =Space!V13/100 -> 0.38769231 | Z29: =Mortality!V13/Mortality!$G$2 -> 0.12 | AA29: =Disease!V13/Disease!$G$2 -> 0.88 | AB29: =Slaughter!V13/Slaughter!$G$2 -> 0.1925 | AC29: =Space!V13/Space!$G$2 -> 0.38769231 | AD29: ='Life duration'!V13 -> 0.0066666667 | AE29: =Slaughter!V13/(365*24) -> 0.00052739726
A30: Rabbit
A31: Laying hen | B31: ='No affected'!G15 -> 0.052 | C31: =Ability!B15 -> 0.58534078 | D31: =2*G31+2*H31+I31+2*J31 -> 2.4129133 | E31: =(2*K31+2*L31+N31+2*M31)/7 -> 0.43502952 | F31: =(K31+L31+N31)/3 -> 0.51451333 | G31: =Mortality!G15 -> 0.035 | H31: =Disease!G15 -> 0.44 | I31: =Slaughter!G15/24 -> 0.27583333 | J31: =Space!G15/100 -> 0.59354 | K31: =Mortality!G15/Mortality!$G$2 -> 0.07 | L31: =Disease!G15/Disease!$G$2 -> 0.88 | M31: =Slaughter!G15/Slaughter!$G$2 -> 0.27583333 | N31: =Space!G15/Space!$G$2 -> 0.59354 | O31: ='Life duration'!G15 -> 1.2 | P31: =Slaughter!G15/(365*24) -> 0.00075570776 | Q31: ='No affected'!V15 -> 0.052 | R31: =Ability!D15 -> 0.25562743 | S31: =2*V31+2*W31+X31+2*Y31 -> 0.0069444444 | T31: =(2*Z31+2*AA31+AB31+2*AC31)/7 -> 0.00099206349 | U31: =(Z31+AA31+AC31)/3 -> 0 | V31: =Mortality!V15 -> 0 | W31: =Disease!V15 -> 0 | X31: =Slaughter!V15/24 -> 0.0069444444 | Y31: =Space!V15/100 -> 0 | Z31: =Mortality!V15/Mortality!$G$2 -> 0 | AA31: =Disease!V15/Disease!$G$2 -> 0 | AB31: =Slaughter!V15/Slaughter!$G$2 -> 0.0069444444 | AC31: =Space!V15/Space!$G$2 -> 0 | AD31: ='Life duration'!V15 -> 3.1709792e-07 | AE31: =Slaughter!V15/(365*24) -> 1.9025875e-05

Sheet IT
A2: Italy
B5: Perception Adjusted Animal Lifes Affected (PAALA) | E5: Perception Adjusted Animal Lifes Affected (PAALA) - normalised | H5: Animal Life Years Suffered (ALYS) | K5: Perception Adjusted Animal Life Years Suffered (PAALYS)
B6: Total | C6: Prod. animal | D6: Parent | E6: Total | F6: Prod. animal | G6: Parent | H6: Total | I6: Prod. animal | J6: Parent | K6: Total | L6: Prod. animal | M6: Parent
A7: Beef suckler herds | B7: =C7+D7 -> 0.4112798 | C7: =B22*C22*D22*100 -> 0.36613477 | D7: =Q22*R22*S22*100 -> 0.045145024 | E7: =F7+G7 -> 0.0688721 | F7: =B22*C22*E22*100 -> 0.061008246 | G7: =Q22*R22*T22*100 -> 0.007863854 | H7: =I7+J7 -> 0.0012802978 | I7: =B22*((O22-P22)*F22+P22) -> 0.0011992096 | J7: =Q22*((AD22-AE22)*U22+AE22) -> 8.1088225e-05 | K7: =L7+M7 -> 0.0011319152 | L7: =C22*B22*((O22-P22)*F22+P22) -> 0.0010602248 | M7: =R22*Q22*((AD22-AE22)*U22+AE22) -> 7.1690346e-05
A8: Beef dairy int | B8: =C8+D8 -> 0.74383519 | C8: =B23*C23*D23*100 -> 0.74383519 | E8: =F8+G8 -> 0.15940839 | F8: =B23*C23*E23*100 -> 0.15940839 | H8: =I8+J8 -> 0.0011271777 | I8: =B23*((O23-P23)*F23+P23) -> 0.0011271777 | K8: =L8+M8 -> 0.00092479057 | L8: =C23*B23*((O23-P23)*F23+P23) -> 0.00092479057
A9: Beef dairy ext | B9: =C9+D9 -> 0.55222507 | C9: =B24*C24*D24*100 -> 0.55222507 | E9: =F9+G9 -> 0.095490465 | F9: =B24*C24*E24*100 -> 0.095490465 | H9: =I9+J9 -> 0.0019330536 | I9: =B24*((O24-P24)*F24+P24) -> 0.0019330536 | K9: =L9+M9 -> 0.0017090186 | L9: =C24*B24*((O24-P24)*F24+P24) -> 0.0017090186
A10: Milk | B10: =C10+D10 -> 0.011186497 | C10: =B25*C25*D25*100 -> 0.011186497 | E10: =F10+G10 -> 0.0022799081 | F10: =B25*C25*E25*100 -> 0.0022799081 | H10: =I10+J10 -> 0.00016484389 | I10: =B25*((O25-P25)*F25+P25) -> 0.00016484389 | K10: =L10+M10 -> 0.00014573898 | L10: =C25*B25*((O25-P25)*F25+P25) -> 0.00014573898
A11: Horse meat | B11: =C11+D11 -> 0.4448429 | C11: =B26*C26*D26*100 -> 0.4448429 | E11: =F11+G11 -> 0.10901288 | F11: =B26*C26*E26*100 -> 0.10901288 | H11: =I11+J11 -> 0.0015253436 | I11: =B26*((O26-P26)*F26+P26) -> 0.0015253436 | K11: =L11+M11 -> 0.0013409847 | L11: =C26*B26*((O26-P26)*F26+P26) -> 0.0013409847
A12: Lamb meat | B12: =C12+D12 -> 3.8323105 | C12: =B27*C27*D27*100 -> 3.7500094 | D12: =Q27*R27*S27*100 -> 0.082301063 | E12: =F12+G12 -> 0.98591265 | F12: =B27*C27*E27*100 -> 0.97109889 | G12: =Q27*R27*T27*100 -> 0.014813765 | H12: =I12+J12 -> 0.0035856153 | I12: =B27*((O27-P27)*F27+P27) -> 0.003516186 | J12: =Q27*((AD27-AE27)*U27+AE27) -> 6.9429333e-05 | K12: =L12+M12 -> 0.0029462302 | L12: =C27*B27*((O27-P27)*F27+P27) -> 0.0028848475 | M12: =R27*Q27*((AD27-AE27)*U27+AE27) -> 6.1382684e-05
A13: Pig meat | B13: =C13+D13 -> 2.8469005 | C13: =B28*C28*D28*100 -> 2.8001962 | D13: =Q28*R28*S28*100 -> 0.046704218 | E13: =F13+G13 -> 0.47546148 | F13: =B28*C28*E28*100 -> 0.46719454 | G13: =Q28*R28*T28*100 -> 0.008266933 | H13: =I13+J13 -> 0.0046014667 | I13: =B28*((O28-P28)*F28+P28) -> 0.0045983956 | J13: =Q28*((AD28-AE28)*U28+AE28) -> 3.0711482e-06 | K13: =L13+M13 -> 0.0040486337 | L13: =C28*B28*((O28-P28)*F28+P28) -> 0.004045722 | M13: =R28*Q28*((AD28-AE28)*U28+AE28) -> 2.9116219e-06
A14: Chicken meat | B14: =C14+D14 -> 76.375945 | C14: =B29*C29*D29*100 -> 75.793303 | D14: =Q29*R29*S29*100 -> 0.58264278 | E14: =F14+G14 -> 10.429219 | F14: =B29*C29*E29*100 -> 10.303688 | G14: =Q29*R29*T29*100 -> 0.12553121 | H14: =I14+J14 -> 0.024732711 | I14: =B29*((O29-P29)*F29+P29) -> 0.024714358 | J14: =Q29*((AD29-AE29)*U29+AE29) -> 1.835294e-05 | K14: =L14+M14 -> 0.013435013 | L14: =C29*B29*((O29-P29)*F29+P29) -> 0.013425044 | M14: =R29*Q29*((AD29-AE29)*U29+AE29) -> 9.969469e-06
A15: Rabbit meat | B15: =C15+D15 -> 97.636675 | C15: =B30*C30*D30*100 -> 97.636675 | E15: =F15+G15 -> 18.724563 | F15: =B30*C30*E30*100 -> 18.724563 | H15: =I15+J15 -> 0.048563175 | I15: =B30*((O30-P30)*F30+P30) -> 0.048563175 | K15: =L15+M15 -> 0.032632898 | L15: =C30*B30*((O30-P30)*F30+P30) -> 0.032632898
A16: Egg | B16: =C16+D16 -> 8.5072471 | C16: =B31*C31*D31*100 -> 8.496596 | D16: =Q31*R31*S31*100 -> 0.010651143 | E16: =F16+G16 -> 1.5309602 | F16: =B31*C31*E31*100 -> 1.5294386 | G16: =Q31*R31*T31*100 -> 0.0015215918 | H16: =I16+J16 -> 0.037144387 | I16: =B31*((O31-P31)*F31+P31) -> 0.037143245 | J16: =Q31*((AD31-AE31)*U31+AE31) -> 1.1415525e-06 | K16: =L16+M16 -> 0.021741748 | L16: =C31*B31*((O31-P31)*F31+P31) -> 0.021741456 | M16: =R31*Q31*((AD31-AE31)*U31+AE31) -> 2.9181213e-07
A18: Animal data
B20: PRODUCTION ANIMALS | G20: Non-normalised | K20: Normalised | Q20: PARENT ANIMALS (male chicks for hen) | V20: Non-normalised | Z20: Normalised
B21: Number affected | C21: Ability - normalised | D21: Suffering | E21: Suffering - normalised | F21: Suffering norm ex. slaughter | G21: Mortality | H21: Disease | I21: Slaughter | J21: Space | K21: Mortality | L21: Disease | M21: Slaughter | N21: Space | O21: Life duration (years) | P21: Slaughter duration (years) | Q21: Number affected | R21: Ability | S21: Suffering | T21: Suffering norm | U21: Suffering norm ex. slaughter | V21: Mortality | W21: Disease | X21: Slaughter | Y21: Space | Z21: Mortality | AA21: Disease | AB21: Slaughter | AC21: Space | AD21: Life duration (years) | AE21: Slaughter duration (years)
A22: Cattle suckler herds | B22: ='No affected'!H6 -> 0.0035 | C22: =Ability!B6 -> 0.88410303 | D22: =2*G22+2*H22+I22+2*J22 -> 1.1832324 | E22: =(2*K22+2*L22+N22+2*M22)/7 -> 0.19715946 | F22: =(K22+L22+N22)/3 -> 0.17092762 | G22: =Mortality!H6 -> 0.042 | H22: =Disease!H6 -> 0.05 | I22: =Slaughter!H6/24 -> 0.34166667 | J22: =Space!H6/100 -> 0.32878286 | K22: =Mortality!H6/Mortality!$G$2 -> 0.084 | L22: =Disease!H6/Disease!$G$2 -> 0.1 | M22: =Slaughter!H6/Slaughter!$G$2 -> 0.34166667 | N22: =Space!H6/Space!$G$2 -> 0.32878286 | O22: ='Life duration'!H6 -> 2 | P22: =Slaughter!H6/(365*24) -> 0.00093607306 | Q22: ='No affected'!W6 -> 0.0008 | R22: =Ability!D6 -> 0.88410303 | S22: =2*V22+2*W22+X22+2*Y22 -> 0.6382885 | T22: =(2*Z22+2*AA22+AB22+2*AC22)/7 -> 0.11118407 | U22: =(Z22+AA22+AC22)/3 -> 0.072770306 | V22: =Mortality!W6 -> 0.03 | W22: =Disease!W6 -> 0.04 | X22: =Slaughter!W6/24 -> 0.34166667 | Y22: =Space!W6/100 -> 0.078310917 | Z22: =Mortality!W6/Mortality!$G$2 -> 0.06 | AA22: =Disease!W6/Disease!$G$2 -> 0.08 | AB22: =Slaughter!W6/Slaughter!$G$2 -> 0.34166667 | AC22: =Space!W6/Space!$G$2 -> 0.078310917 | AD22: ='Life duration'!W6 -> 1.3809524 | AE22: =Slaughter!W6/(365*24) -> 0.00093607306
A23: Meat cattle dairy intensive | B23: ='No affected'!H7 -> 0.009 | C23: =Ability!B7 -> 0.82044792 | D23: =2*G23+2*H23+I23+2*J23 -> 1.0073565 | E23: =(2*K23+2*L23+N23+2*M23)/7 -> 0.21588261 | F23: =(K23+L23+N23)/3 -> 0.16594831 | G23: =Mortality!H7 -> 0.065 | H23: =Disease!H7 -> 0.1 | I23: =Slaughter!H7/24 -> 0.34166667 | J23: =Space!H7/100 -> 0.16784492 | K23: =Mortality!H7/Mortality!$G$2 -> 0.13 | L23: =Disease!H7/Disease!$G$2 -> 0.2 | M23: =Slaughter!H7/Slaughter!$G$2 -> 0.34166667 | N23: =Space!H7/Space!$G$2 -> 0.16784492 | O23: ='Life duration'!H7 -> 0.75 | P23: =Slaughter!H7/(365*24) -> 0.00093607306
A24: Meat cattle dairy extensive | B24: ='No affected'!H8 -> 0.005 | C24: =Ability!B8 -> 0.88410303 | D24: =2*G24+2*H24+I24+2*J24 -> 1.2492324 | E24: =(2*K24+2*L24+N24+2*M24)/7 -> 0.2160166 | F24: =(K24+L24+N24)/3 -> 0.19292762 | G24: =Mortality!H8 -> 0.075 | H24: =Disease!H8 -> 0.05 | I24: =Slaughter!H8/24 -> 0.34166667 | J24: =Space!H8/100 -> 0.32878286 | K24: =Mortality!H8/Mortality!$G$2 -> 0.15 | L24: =Disease!H8/Disease!$G$2 -> 0.1 | M24: =Slaughter!H8/Slaughter!$G$2 -> 0.34166667 | N24: =Space!H8/Space!$G$2 -> 0.32878286 | O24: ='Life duration'!H8 -> 2 | P24: =Slaughter!H8/(365*24) -> 0.00093607306
A25: Dairy cows | B25: ='No affected'!H9 -> 0.0001 | C25: =Ability!B9 -> 0.88410303 | D25: =2*G25+2*H25+I25+2*J25 -> 1.2652933 | E25: =(2*K25+2*L25+N25+2*M25)/7 -> 0.2578781 | F25: =(K25+L25+N25)/3 -> 0.22727111 | G25: =Mortality!H9 -> 0.06 | H25: =Disease!H9 -> 0.16 | I25: =Slaughter!H9/24 -> 0.34166667 | J25: =Space!H9/100 -> 0.24181334 | K25: =Mortality!H9/Mortality!$G$2 -> 0.12 | L25: =Disease!H9/Disease!$G$2 -> 0.32 | M25: =Slaughter!H9/Slaughter!$G$2 -> 0.34166667 | N25: =Space!H9/Space!$G$2 -> 0.24181334 | O25: ='Life duration'!H9 -> 7.25 | P25: =Slaughter!H9/(365*24) -> 0.00093607306
A26: Horse | B26: ='No affected'!H10 -> 0.005 | C26: =Ability!B10 -> 0.87913616 | D26: =2*G26+2*H26+I26+2*J26 -> 1.012 | E26: =(2*K26+2*L26+N26+2*M26)/7 -> 0.248 | F26: =(K26+L26+N26)/3 -> 0.152 | G26: =Mortality!H10 -> 0.03 | H26: =Disease!H10 -> 0.15 | I26: =Slaughter!H10/24 -> 0.46 | J26: =Space!H10/100 -> 0.096 | K26: =Mortality!H10/Mortality!$G$2 -> 0.06 | L26: =Disease!H10/Disease!$G$2 -> 0.3 | M26: =Slaughter!H10/Slaughter!$G$2 -> 0.46 | N26: =Space!H10/Space!$G$2 -> 0.096 | O26: ='Life duration'!H10 -> 2 | P26: =Slaughter!H10/(365*24) -> 0.001260274
A27: Lamb | B27: ='No affected'!H11 -> 0.064 | C27: =Ability!B11 -> 0.82044792 | D27: =2*G27+2*H27+I27+2*J27 -> 0.71416961 | E27: =(2*K27+2*L27+N27+2*M27)/7 -> 0.18494069 | F27: =(K27+L27+N27)/3 -> 0.10819493 | G27: =Mortality!H11 -> 0.08 | H27: =Disease!H11 -> 0.06 | I27: =Slaughter!H11/24 -> 0.345 | J27: =Space!H11/100 -> 0.044584804 | K27: =Mortality!H11/Mortality!$G$2 -> 0.16 | L27: =Disease!H11/Disease!$G$2 -> 0.12 | M27: =Slaughter!H11/Slaughter!$G$2 -> 0.345 | N27: =Space!H11/Space!$G$2 -> 0.044584804 | O27: ='Life duration'!H11 -> 0.5 | P27: =Slaughter!H11/(365*24) -> 0.00094520548 | Q27: ='No affected'!W11 -> 0.0011 | R27: =Ability!D11 -> 0.88410303 | S27: =2*V27+2*W27+X27+2*Y27 -> 0.84627182 | T27: =(2*Z27+2*AA27+AB27+2*AC27)/7 -> 0.15232455 | U27: =(Z27+AA27+AC27)/3 -> 0.12021197 | V27: =Mortality!W11 -> 0.06 | W27: =Disease!W11 -> 0.05 | X27: =Slaughter!W11/24 -> 0.345 | Y27: =Space!W11/100 -> 0.14063591 | Z27: =Mortality!W11/Mortality!$G$2 -> 0.12 | AA27: =Disease!W11/Disease!$G$2 -> 0.1 | AB27: =Slaughter!W11/Slaughter!$G$2 -> 0.345 | AC27: =Space!W11/Space!$G$2 -> 0.14063591 | AD27: ='Life duration'!W11 -> 0.51813472 | AE27: =Slaughter!W11/(365*24) -> 0.00094520548
A28: Pig | B28: ='No affected'!H12 -> 0.013902908 | C28: =Ability!B12 -> 0.87981166 | D28: =2*G28+2*H28+I28+2*J28 -> 2.2892494 | E28: =(2*K28+2*L28+N28+2*M28)/7 -> 0.38194639 | F28: =(K28+L28+N28)/3 -> 0.44031935 | G28: =Mortality!H12 -> 0.193 | H28: =Disease!H12 -> 0.15 | I28: =Slaughter!H12/24 -> 0.33333333 | J28: =Space!H12/100 -> 0.63495804 | K28: =Mortality!H12/Mortality!$G$2 -> 0.386 | L28: =Disease!H12/Disease!$G$2 -> 0.3 | M28: =Slaughter!H12/Slaughter!$G$2 -> 0.33333333 | N28: =Space!H12/Space!$G$2 -> 0.63495804 | O28: ='Life duration'!H12 -> 0.75 | P28: =Slaughter!H12/(365*24) -> 0.00091324201 | Q28: ='No affected'!W12 -> 0.00032 | R28: =Ability!D12 -> 0.94805646 | S28: =2*V28+2*W28+X28+2*Y28 -> 1.5394725 | T28: =(2*Z28+2*AA28+AB28+2*AC28)/7 -> 0.27249607 | U28: =(Z28+AA28+AC28)/3 -> 0.26235652 | V28: =Mortality!W12 -> 0.034 | W28: =Disease!W12 -> 0.15 | X28: =Slaughter!W12/24 -> 0.33333333 | Y28: =Space!W12/100 -> 0.41906956 | Z28: =Mortality!W12/Mortality!$G$2 -> 0.068 | AA28: =Disease!W12/Disease!$G$2 -> 0.3 | AB28: =Slaughter!W12/Slaughter!$G$2 -> 0.33333333 | AC28: =Space!W12/Space!$G$2 -> 0.41906956 | AD28: ='Life duration'!W12 -> 0.034013605 | AE28: =Slaughter!W12/(365*24) -> 0.00091324201
A29: Chicken | B29: ='No affected'!H13 -> 0.75216903 | C29: =Ability!B13 -> 0.54320828 | D29: =2*G29+2*H29+I29+2*J29 -> 1.8550217 | E29: =(2*K29+2*L29+N29+2*M29)/7 -> 0.25218012 | F29: =(K29+L29+N29)/3 -> 0.33808696 | G29: =Mortality!H13 -> 0.038 | H29: =Disease!H13 -> 0.145 | I29: =Slaughter!H13/24 -> 0.1925 | J29: =Space!H13/100 -> 0.64826087 | K29: =Mortality!H13/Mortality!$G$2 -> 0.076 | L29: =Disease!H13/Disease!$G$2 -> 0.29 | M29: =Slaughter!H13/Slaughter!$G$2 -> 0.1925 | N29: =Space!H13/Space!$G$2 -> 0.64826087 | O29: ='Life duration'!H13 -> 0.096153846 | P29: =Slaughter!H13/(365*24) -> 0.00052739726 | Q29: ='No affected'!W13 -> 0.0054505002 | R29: =Ability!D13 -> 0.54320828 | S29: =2*V29+2*W29+X29+2*Y29 -> 1.9678846 | T29: =(2*Z29+2*AA29+AB29+2*AC29)/7 -> 0.42398352 | U29: =(Z29+AA29+AC29)/3 -> 0.4625641 | V29: =Mortality!W13 -> 0.06 | W29: =Disease!W13 -> 0.44 | X29: =Slaughter!W13/24 -> 0.1925 | Y29: =Space!W13/100 -> 0.38769231 | Z29: =Mortality!W13/Mortality!$G$2 -> 0.12 | AA29: =Disease!W13/Disease!$G$2 -> 0.88 | AB29: =Slaughter!W13/Slaughter!$G$2 -> 0.1925 | AC29: =Space!W13/Space!$G$2 -> 0.38769231 | AD29: ='Life duration'!W13 -> 0.0066666667 | AE29: =Slaughter!W13/(365*24) -> 0.00052739726
A30: Rabbit | B30: ='No affected'!H14 -> 1.05 | C30: =Ability!B14 -> 0.67196797 | D30: =2*G30+2*H30+I30+2*J30 -> 1.3838057 | E30: =(2*K30+2*L30+N30+2*M30)/7 -> 0.26538344 | F30: =(K30+L30+N30)/3 -> 0.27443636 | G30: =Mortality!H14 -> 0.15 | H30: =Disease!H14 -> 0.11 | I30: =Slaughter!H14/24 -> 0.2571875 | J30: =Space!H14/100 -> 0.30330909 | K30: =Mortality!H14/Mortality!$G$2 -> 0.3 | L30: =Disease!H14/Disease!$G$2 -> 0.22 | M30: =Slaughter!H14/Slaughter!$G$2 -> 0.2571875 | N30: =Space!H14/Space!$G$2 -> 0.30330909 | O30: ='Life duration'!H14 -> 0.16666667 | P30: =Slaughter!H14/(365*24) -> 0.00070462329
A31: Laying hen | B31: ='No affected'!H15 -> 0.06 | C31: =Ability!B15 -> 0.58534078 | D31: =2*G31+2*H31+I31+2*J31 -> 2.4192733 | E31: =(2*K31+2*L31+N31+2*M31)/7 -> 0.43548381 | F31: =(K31+L31+N31)/3 -> 0.51557333 | G31: =Mortality!H15 -> 0.035 | H31: =Disease!H15 -> 0.44 | I31: =Slaughter!H15/24 -> 0.27583333 | J31: =Space!H15/100 -> 0.59672 | K31: =Mortality!H15/Mortality!$G$2 -> 0.07 | L31: =Disease!H15/Disease!$G$2 -> 0.88 | M31: =Slaughter!H15/Slaughter!$G$2 -> 0.27583333 | N31: =Space!H15/Space!$G$2 -> 0.59672 | O31: ='Life duration'!H15 -> 1.2 | P31: =Slaughter!H15/(365*24) -> 0.00075570776 | Q31: ='No affected'!W15 -> 0.06 | R31: =Ability!D15 -> 0.25562743 | S31: =2*V31+2*W31+X31+2*Y31 -> 0.0069444444 | T31: =(2*Z31+2*AA31+AB31+2*AC31)/7 -> 0.00099206349 | U31: =(Z31+AA31+AC31)/3 -> 0 | V31: =Mortality!W15 -> 0 | W31: =Disease!W15 -> 0 | X31: =Slaughter!W15/24 -> 0.0069444444 | Y31: =Space!W15/100 -> 0 | Z31: =Mortality!W15/Mortality!$G$2 -> 0 | AA31: =Disease!W15/Disease!$G$2 -> 0 | AB31: =Slaughter!W15/Slaughter!$G$2 -> 0.0069444444 | AC31: =Space!W15/Space!$G$2 -> 0 | AD31: ='Life duration'!W15 -> 3.1709792e-07 | AE31: =Slaughter!W15/(365*24) -> 1.9025875e-05

Sheet NL
A2: The Netherlands
B5: Perception Adjusted Animal Lifes Affected (PAALA) | E5: Perception Adjusted Animal Lifes Affected (PAALA) - normalised | H5: Animal Life Years Suffered (ALYS) | K5: Perception Adjusted Animal Life Years Suffered (PAALYS)
B6: Total | C6: Prod. animal | D6: Parent | E6: Total | F6: Prod. animal | G6: Parent | H6: Total | I6: Prod. animal | J6: Parent | K6: Total | L6: Prod. animal | M6: Parent
A7: Beef suckler herds | B7: =C7+D7 -> 0.30624941 | C7: =B22*C22*D22*100 -> 0.26539999 | D7: =Q22*R22*S22*100 -> 0.040849425 | E7: =F7+G7 -> 0.054984893 | F7: =B22*C22*E22*100 -> 0.047734696 | G7: =Q22*R22*T22*100 -> 0.007250197 | H7: =I7+J7 -> 0.0010123131 | I7: =B22*((O22-P22)*F22+P22) -> 0.00092571841 | J7: =Q22*((AD22-AE22)*U22+AE22) -> 8.6594673e-05 | K7: =L7+M7 -> 0.00089498907 | L7: =C22*B22*((O22-P22)*F22+P22) -> 0.00081843046 | M7: =R22*Q22*((AD22-AE22)*U22+AE22) -> 7.6558613e-05
A8: Beef dairy int | B8: =C8+D8 -> 0.67614824 | C8: =B23*C23*D23*100 -> 0.67614824 | E8: =F8+G8 -> 0.14006926 | F8: =B23*C23*E23*100 -> 0.14006926 | H8: =I8+J8 -> 0.0011252925 | I8: =B23*((O23-P23)*F23+P23) -> 0.0011252925 | K8: =L8+M8 -> 0.00092324388 | L8: =C23*B23*((O23-P23)*F23+P23) -> 0.00092324388
A9: Beef dairy ext | B9: =C9+D9 -> 0.40831824 | C9: =B24*C24*D24*100 -> 0.40831824 | E9: =F9+G9 -> 0.076528251 | F9: =B24*C24*E24*100 -> 0.076528251 | H9: =I9+J9 -> 0.0015423795 | I9: =B24*((O24-P24)*F24+P24) -> 0.0015423795 | K9: =L9+M9 -> 0.0013636224 | L9: =C24*B24*((O24-P24)*F24+P24) -> 0.0013636224
A10: Milk | B10: =C10+D10 -> 0.0086814723 | C10: =B25*C25*D25*100 -> 0.0086814723 | E10: =F10+G10 -> 0.0019273146 | F10: =B25*C25*E25*100 -> 0.0019273146 | H10: =I10+J10 -> 0.00014166605 | I10: =B25*((O25-P25)*F25+P25) -> 0.00014166605 | K10: =L10+M10 -> 0.00012524738 | L10: =C25*B25*((O25-P25)*F25+P25) -> 0.00012524738
A11: Horse meat | B11: =C11+D11 -> 0.36920202 | C11: =B26*C26*D26*100 -> 0.36920202 | E11: =F11+G11 -> 0.083829401 | F11: =B26*C26*E26*100 -> 0.083829401 | H11: =I11+J11 -> 0.0015860825 | I11: =B26*((O26-P26)*F26+P26) -> 0.0015860825 | K11: =L11+M11 -> 0.0013943825 | L11: =C26*B26*((O26-P26)*F26+P26) -> 0.0013943825
A12: Lamb meat | B12: =C12+D12 -> 3.3282722 | C12: =B27*C27*D27*100 -> 3.2511771 | D12: =Q27*R27*S27*100 -> 0.077095157 | E12: =F12+G12 -> 0.84264543 | F12: =B27*C27*E27*100 -> 0.82857536 | G12: =Q27*R27*T27*100 -> 0.014070064 | H12: =I12+J12 -> 0.0035744422 | I12: =B27*((O27-P27)*F27+P27) -> 0.0035013307 | J12: =Q27*((AD27-AE27)*U27+AE27) -> 7.3111492e-05 | K12: =L12+M12 -> 0.0029372976 | L12: =C27*B27*((O27-P27)*F27+P27) -> 0.0028726595 | M12: =R27*Q27*((AD27-AE27)*U27+AE27) -> 6.4638091e-05
A13: Pig meat | B13: =C13+D13 -> 3.4403831 | C13: =B28*C28*D28*100 -> 3.3962071 | D13: =Q28*R28*S28*100 -> 0.044176067 | E13: =F13+G13 -> 0.54997059 | F13: =B28*C28*E28*100 -> 0.54206482 | G13: =Q28*R28*T28*100 -> 0.0079057686 | H13: =I13+J13 -> 0.0038046983 | I13: =B28*((O28-P28)*F28+P28) -> 0.0038022365 | J13: =Q28*((AD28-AE28)*U28+AE28) -> 2.4617872e-06 | K13: =L13+M13 -> 0.0033475859 | L13: =C28*B28*((O28-P28)*F28+P28) -> 0.003345252 | M13: =R28*Q28*((AD28-AE28)*U28+AE28) -> 2.3339133e-06
A14: Chicken meat | B14: =C14+D14 -> 75.32463 | C14: =B29*C29*D29*100 -> 74.737793 | D14: =Q29*R29*S29*100 -> 0.58683719 | E14: =F14+G14 -> 10.129936 | F14: =B29*C29*E29*100 -> 10.002113 | G14: =Q29*R29*T29*100 -> 0.12782227 | H14: =I14+J14 -> 0.024697718 | I14: =B29*((O29-P29)*F29+P29) -> 0.024679121 | J14: =Q29*((AD29-AE29)*U29+AE29) -> 1.859692e-05 | K14: =L14+M14 -> 0.013416005 | L14: =C29*B29*((O29-P29)*F29+P29) -> 0.013405903 | M14: =R29*Q29*((AD29-AE29)*U29+AE29) -> 1.0102001e-05
A15: Rabbit meat | B15: =C15+D15 -> 101.91201 | C15: =B30*C30*D30*100 -> 101.91201 | E15: =F15+G15 -> 18.921274 | F15: =B30*C30*E30*100 -> 18.921274 | H15: =I15+J15 -> 0.050517018 | I15: =B30*((O30-P30)*F30+P30) -> 0.050517018 | K15: =L15+M15 -> 0.033945818 | L15: =C30*B30*((O30-P30)*F30+P30) -> 0.033945818
A16: Egg | B16: =C16+D16 -> 8.1404241 | C16: =B31*C31*D31*100 -> 8.1290629 | D16: =Q31*R31*S31*100 -> 0.011361219 | E16: =F16+G16 -> 1.5857117 | F16: =B31*C31*E31*100 -> 1.5840887 | G16: =Q31*R31*T31*100 -> 0.0016230313 | H16: =I16+J16 -> 0.037399208 | I16: =B31*((O31-P31)*F31+P31) -> 0.037397991 | J16: =Q31*((AD31-AE31)*U31+AE31) -> 1.217656e-06 | K16: =L16+M16 -> 0.02189088 | L16: =C31*B31*((O31-P31)*F31+P31) -> 0.021890569 | M16: =R31*Q31*((AD31-AE31)*U31+AE31) -> 3.1126627e-07
A18: Animal data
B20: PRODUCTION ANIMALS | G20: Non-normalised | K20: Normalised | Q20: PARENT ANIMALS (male chicks for hen, in red) | V20: Non-normalised | Z20: Normalised
B21: Number affected | C21: Ability - normalised | D21: Suffering | E21: Suffering - normalised | F21: Suffering norm ex. slaughter | G21: Mortality | H21: Disease | I21: Slaughter | J21: Space | K21: Mortality | L21: Disease | M21: Slaughter | N21: Space | O21: Life duration (years) | P21: Slaughter duration (years) | Q21: Number affected | R21: Ability | S21: Suffering | T21: Suffering norm | U21: Suffering norm ex. slaughter | V21: Mortality | W21: Disease | X21: Slaughter | Y21: Space | Z21: Mortality | AA21: Disease | AB21: Slaughter | AC21: Space | AD21: Life duration (years) | AE21: Slaughter duration (years)
A22: Cattle suckler herds | B22: ='No affected'!I6 -> 0.0035 | C22: =Ability!B6 -> 0.88410303 | D22: =2*G22+2*H22+I22+2*J22 -> 0.85768926 | E22: =(2*K22+2*L22+N22+2*M22)/7 -> 0.15426352 | F22: =(K22+L22+N22)/3 -> 0.13194821 | G22: =Mortality!I6 -> 0.042 | H22: =Disease!I6 -> 0.05 | I22: =Slaughter!I6/24 -> 0.25 | J22: =Space!I6/100 -> 0.21184463 | K22: =Mortality!I6/Mortality!$G$2 -> 0.084 | L22: =Disease!I6/Disease!$G$2 -> 0.1 | M22: =Slaughter!I6/Slaughter!$G$2 -> 0.25 | N22: =Space!I6/Space!$G$2 -> 0.21184463 | O22: ='Life duration'!I6 -> 2 | P22: =Slaughter!I6/(365*24) -> 0.00068493151 | Q22: ='No affected'!X6 -> 0.0008 | R22: =Ability!D6 -> 0.88410303 | S22: =2*V22+2*W22+X22+2*Y22 -> 0.57755465 | T22: =(2*Z22+2*AA22+AB22+2*AC22)/7 -> 0.10250781 | U22: =(Z22+AA22+AC22)/3 -> 0.077925774 | V22: =Mortality!X6 -> 0.03 | W22: =Disease!X6 -> 0.04 | X22: =Slaughter!X6/24 -> 0.25 | Y22: =Space!X6/100 -> 0.093777323 | Z22: =Mortality!X6/Mortality!$G$2 -> 0.06 | AA22: =Disease!X6/Disease!$G$2 -> 0.08 | AB22: =Slaughter!X6/Slaughter!$G$2 -> 0.25 | AC22: =Space!X6/Space!$G$2 -> 0.093777323 | AD22: ='Life duration'!X6 -> 1.3809524 | AE22: =Slaughter!X6/(365*24) -> 0.00068493151
A23: Meat cattle dairy intensive | B23: ='No affected'!I7 -> 0.009 | C23: =Ability!B7 -> 0.82044792 | D23: =2*G23+2*H23+I23+2*J23 -> 0.91568984 | E23: =(2*K23+2*L23+N23+2*M23)/7 -> 0.18969213 | F23: =(K23+L23+N23)/3 -> 0.16594831 | G23: =Mortality!I7 -> 0.065 | H23: =Disease!I7 -> 0.1 | I23: =Slaughter!I7/24 -> 0.25 | J23: =Space!I7/100 -> 0.16784492 | K23: =Mortality!I7/Mortality!$G$2 -> 0.13 | L23: =Disease!I7/Disease!$G$2 -> 0.2 | M23: =Slaughter!I7/Slaughter!$G$2 -> 0.25 | N23: =Space!I7/Space!$G$2 -> 0.16784492 | O23: ='Life duration'!I7 -> 0.75 | P23: =Slaughter!I7/(365*24) -> 0.00068493151
A24: Meat cattle dairy extensive | B24: ='No affected'!I8 -> 0.005 | C24: =Ability!B8 -> 0.88410303 | D24: =2*G24+2*H24+I24+2*J24 -> 0.92368926 | E24: =(2*K24+2*L24+N24+2*M24)/7 -> 0.17312066 | F24: =(K24+L24+N24)/3 -> 0.15394821 | G24: =Mortality!I8 -> 0.075 | H24: =Disease!I8 -> 0.05 | I24: =Slaughter!I8/24 -> 0.25 | J24: =Space!I8/100 -> 0.21184463 | K24: =Mortality!I8/Mortality!$G$2 -> 0.15 | L24: =Disease!I8/Disease!$G$2 -> 0.1 | M24: =Slaughter!I8/Slaughter!$G$2 -> 0.25 | N24: =Space!I8/Space!$G$2 -> 0.21184463 | O24: ='Life duration'!I8 -> 2 | P24: =Slaughter!I8/(365*24) -> 0.00068493151
A25: Dairy cows | B25: ='No affected'!I9 -> 0.0001 | C25: =Ability!B9 -> 0.88410303 | D25: =2*G25+2*H25+I25+2*J25 -> 0.98195255 | E25: =(2*K25+2*L25+N25+2*M25)/7 -> 0.21799661 | F25: =(K25+L25+N25)/3 -> 0.19532543 | G25: =Mortality!I9 -> 0.06 | H25: =Disease!I9 -> 0.16 | I25: =Slaughter!I9/24 -> 0.25 | J25: =Space!I9/100 -> 0.14597628 | K25: =Mortality!I9/Mortality!$G$2 -> 0.12 | L25: =Disease!I9/Disease!$G$2 -> 0.32 | M25: =Slaughter!I9/Slaughter!$G$2 -> 0.25 | N25: =Space!I9/Space!$G$2 -> 0.14597628 | O25: ='Life duration'!I9 -> 7.25 | P25: =Slaughter!I9/(365*24) -> 0.00068493151
A26: Horse | B26: ='No affected'!I10 -> 0.005 | C26: =Ability!B10 -> 0.87913616 | D26: =2*G26+2*H26+I26+2*J26 -> 0.83992 | E26: =(2*K26+2*L26+N26+2*M26)/7 -> 0.19070857 | F26: =(K26+L26+N26)/3 -> 0.15832 | G26: =Mortality!I10 -> 0.03 | H26: =Disease!I10 -> 0.15 | I26: =Slaughter!I10/24 -> 0.25 | J26: =Space!I10/100 -> 0.11496 | K26: =Mortality!I10/Mortality!$G$2 -> 0.06 | L26: =Disease!I10/Disease!$G$2 -> 0.3 | M26: =Slaughter!I10/Slaughter!$G$2 -> 0.25 | N26: =Space!I10/Space!$G$2 -> 0.11496 | O26: ='Life duration'!I10 -> 2 | P26: =Slaughter!I10/(365*24) -> 0.00068493151
A27: Lamb | B27: ='No affected'!I11 -> 0.064 | C27: =Ability!B11 -> 0.82044792 | D27: =2*G27+2*H27+I27+2*J27 -> 0.61916961 | E27: =(2*K27+2*L27+N27+2*M27)/7 -> 0.15779783 | F27: =(K27+L27+N27)/3 -> 0.10819493 | G27: =Mortality!I11 -> 0.08 | H27: =Disease!I11 -> 0.06 | I27: =Slaughter!I11/24 -> 0.25 | J27: =Space!I11/100 -> 0.044584804 | K27: =Mortality!I11/Mortality!$G$2 -> 0.16 | L27: =Disease!I11/Disease!$G$2 -> 0.12 | M27: =Slaughter!I11/Slaughter!$G$2 -> 0.25 | N27: =Space!I11/Space!$G$2 -> 0.044584804 | O27: ='Life duration'!I11 -> 0.5 | P27: =Slaughter!I11/(365*24) -> 0.00068493151 | Q27: ='No affected'!X11 -> 0.0011 | R27: =Ability!D11 -> 0.88410303 | S27: =2*V27+2*W27+X27+2*Y27 -> 0.79274139 | T27: =(2*Z27+2*AA27+AB27+2*AC27)/7 -> 0.14467734 | U27: =(Z27+AA27+AC27)/3 -> 0.12712356 | V27: =Mortality!X11 -> 0.06 | W27: =Disease!X11 -> 0.05 | X27: =Slaughter!X11/24 -> 0.25 | Y27: =Space!X11/100 -> 0.16137069 | Z27: =Mortality!X11/Mortality!$G$2 -> 0.12 | AA27: =Disease!X11/Disease!$G$2 -> 0.1 | AB27: =Slaughter!X11/Slaughter!$G$2 -> 0.25 | AC27: =Space!X11/Space!$G$2 -> 0.16137069 | AD27: ='Life duration'!X11 -> 0.51813472 | AE27: =Slaughter!X11/(365*24) -> 0.00068493151
A28: Pig | B28: ='No affected'!I12 -> 0.017888334 | C28: =Ability!B12 -> 0.87981166 | D28: =2*G28+2*H28+I28+2*J28 -> 2.1579161 | E28: =(2*K28+2*L28+N28+2*M28)/7 -> 0.34442258 | F28: =(K28+L28+N28)/3 -> 0.42431935 | G28: =Mortality!I12 -> 0.169 | H28: =Disease!I12 -> 0.15 | I28: =Slaughter!I12/24 -> 0.25 | J28: =Space!I12/100 -> 0.63495804 | K28: =Mortality!I12/Mortality!$G$2 -> 0.338 | L28: =Disease!I12/Disease!$G$2 -> 0.3 | M28: =Slaughter!I12/Slaughter!$G$2 -> 0.25 | N28: =Space!I12/Space!$G$2 -> 0.63495804 | O28: ='Life duration'!I12 -> 0.5 | P28: =Slaughter!I12/(365*24) -> 0.00068493151 | Q28: ='No affected'!X12 -> 0.00032 | R28: =Ability!D12 -> 0.94805646 | S28: =2*V28+2*W28+X28+2*Y28 -> 1.4561391 | T28: =(2*Z28+2*AA28+AB28+2*AC28)/7 -> 0.2605913 | U28: =(Z28+AA28+AC28)/3 -> 0.26235652 | V28: =Mortality!X12 -> 0.034 | W28: =Disease!X12 -> 0.15 | X28: =Slaughter!X12/24 -> 0.25 | Y28: =Space!X12/100 -> 0.41906956 | Z28: =Mortality!X12/Mortality!$G$2 -> 0.068 | AA28: =Disease!X12/Disease!$G$2 -> 0.3 | AB28: =Slaughter!X12/Slaughter!$G$2 -> 0.25 | AC28: =Space!X12/Space!$G$2 -> 0.41906956 | AD28: ='Life duration'!X12 -> 0.02739726 | AE28: =Slaughter!X12/(365*24) -> 0.00068493151
A29: Chicken | B29: ='No affected'!I13 -> 0.75216903 | C29: =Ability!B13 -> 0.54320828 | D29: =2*G29+2*H29+I29+2*J29 -> 1.8291884 | E29: =(2*K29+2*L29+N29+2*M29)/7 -> 0.24479917 | F29: =(K29+L29+N29)/3 -> 0.33808696 | G29: =Mortality!I13 -> 0.038 | H29: =Disease!I13 -> 0.145 | I29: =Slaughter!I13/24 -> 0.16666667 | J29: =Space!I13/100 -> 0.64826087 | K29: =Mortality!I13/Mortality!$G$2 -> 0.076 | L29: =Disease!I13/Disease!$G$2 -> 0.29 | M29: =Slaughter!I13/Slaughter!$G$2 -> 0.16666667 | N29: =Space!I13/Space!$G$2 -> 0.64826087 | O29: ='Life duration'!I13 -> 0.096153846 | P29: =Slaughter!I13/(365*24) -> 0.000456621 | Q29: ='No affected'!X13 -> 0.0054505002 | R29: =Ability!D13 -> 0.54320828 | S29: =2*V29+2*W29+X29+2*Y29 -> 1.9820513 | T29: =(2*Z29+2*AA29+AB29+2*AC29)/7 -> 0.43172161 | U29: =(Z29+AA29+AC29)/3 -> 0.47589744 | V29: =Mortality!X13 -> 0.06 | W29: =Disease!X13 -> 0.46 | X29: =Slaughter!X13/24 -> 0.16666667 | Y29: =Space!X13/100 -> 0.38769231 | Z29: =Mortality!X13/Mortality!$G$2 -> 0.12 | AA29: =Disease!X13/Disease!$G$2 -> 0.92 | AB29: =Slaughter!X13/Slaughter!$G$2 -> 0.16666667 | AC29: =Space!X13/Space!$G$2 -> 0.38769231 | AD29: ='Life duration'!X13 -> 0.0066666667 | AE29: =Slaughter!X13/(365*24) -> 0.000456621
A30: Rabbit | B30: ='No affected'!I14 -> 1.05 | C30: =Ability!B14 -> 0.67196797 | D30: =2*G30+2*H30+I30+2*J30 -> 1.4444 | E30: =(2*K30+2*L30+N30+2*M30)/7 -> 0.26817143 | F30: =(K30+L30+N30)/3 -> 0.28573333 | G30: =Mortality!I14 -> 0.15 | H30: =Disease!I14 -> 0.11 | I30: =Slaughter!I14/24 -> 0.25 | J30: =Space!I14/100 -> 0.3372 | K30: =Mortality!I14/Mortality!$G$2 -> 0.3 | L30: =Disease!I14/Disease!$G$2 -> 0.22 | M30: =Slaughter!I14/Slaughter!$G$2 -> 0.25 | N30: =Space!I14/Space!$G$2 -> 0.3372 | O30: ='Life duration'!I14 -> 0.16666667 | P30: =Slaughter!I14/(365*24) -> 0.00068493151
A31: Laying hen | B31: ='No affected'!I15 -> 0.064 | C31: =Ability!B15 -> 0.58534078 | D31: =2*G31+2*H31+I31+2*J31 -> 2.16996 | E31: =(2*K31+2*L31+N31+2*M31)/7 -> 0.42285429 | F31: =(K31+L31+N31)/3 -> 0.48666 | G31: =Mortality!I15 -> 0.04 | H31: =Disease!I15 -> 0.46 | I31: =Slaughter!I15/24 -> 0.25 | J31: =Space!I15/100 -> 0.45998 | K31: =Mortality!I15/Mortality!$G$2 -> 0.08 | L31: =Disease!I15/Disease!$G$2 -> 0.92 | M31: =Slaughter!I15/Slaughter!$G$2 -> 0.25 | N31: =Space!I15/Space!$G$2 -> 0.45998 | O31: ='Life duration'!I15 -> 1.2 | P31: =Slaughter!I15/(365*24) -> 0.00068493151 | Q31: ='No affected'!X15 -> 0.064 | R31: =Ability!D15 -> 0.25562743 | S31: =2*V31+2*W31+X31+2*Y31 -> 0.0069444444 | T31: =(2*Z31+2*AA31+AB31+2*AC31)/7 -> 0.00099206349 | U31: =(Z31+AA31+AC31)/3 -> 0 | V31: =Mortality!X15 -> 0 | W31: =Disease!X15 -> 0 | X31: =Slaughter!X15/24 -> 0.0069444444 | Y31: =Space!X15/100 -> 0 | Z31: =Mortality!X15/Mortality!$G$2 -> 0 | AA31: =Disease!X15/Disease!$G$2 -> 0 | AB31: =Slaughter!X15/Slaughter!$G$2 -> 0.0069444444 | AC31: =Space!X15/Space!$G$2 -> 0 | AD31: ='Life duration'!X15 -> 3.1709792e-07 | AE31: =Slaughter!X15/(365*24) -> 1.9025875e-05

Sheet PL
A2: Poland
B5: Perception Adjusted Animal Lifes Affected (PAALA) | E5: Perception Adjusted Animal Lifes Affected (PAALA) - normalised | H5: Animal Life Years Suffered (ALYS) | K5: Perception Adjusted Animal Life Years Suffered (PAALYS)
B6: Total | C6: Prod. animal | D6: Parent | E6: Total | F6: Prod. animal | G6: Parent | H6: Total | I6: Prod. animal | J6: Parent | K6: Total | L6: Prod. animal | M6: Parent
A7: Beef suckler herds | B7: =C7+D7 -> 0.39860416 | C7: =B22*C22*D22*100 -> 0.34725569 | D7: =Q22*R22*S22*100 -> 0.051348473 | E7: =F7+G7 -> 0.068409801 | F7: =B22*C22*E22*100 -> 0.05965974 | G7: =Q22*R22*T22*100 -> 0.008750061 | H7: =I7+J7 -> 0.0012252899 | I7: =B22*((O22-P22)*F22+P22) -> 0.0011280631 | J7: =Q22*((AD22-AE22)*U22+AE22) -> 9.722673e-05 | K7: =L7+M7 -> 0.0010832825 | L7: =C22*B22*((O22-P22)*F22+P22) -> 0.00099732403 | M7: =R22*Q22*((AD22-AE22)*U22+AE22) -> 8.5958447e-05
A8: Beef dairy int | B8: =C8+D8 -> 0.74383519 | C8: =B23*C23*D23*100 -> 0.74383519 | E8: =F8+G8 -> 0.15940839 | F8: =B23*C23*E23*100 -> 0.15940839 | H8: =I8+J8 -> 0.0011271777 | I8: =B23*((O23-P23)*F23+P23) -> 0.0011271777 | K8: =L8+M8 -> 0.00092479057 | L8: =C23*B23*((O23-P23)*F23+P23) -> 0.00092479057
A9: Beef dairy ext | B9: =C9+D9 -> 0.52525496 | C9: =B24*C24*D24*100 -> 0.52525496 | E9: =F9+G9 -> 0.093564029 | F9: =B24*C24*E24*100 -> 0.093564029 | H9: =I9+J9 -> 0.0018314158 | I9: =B24*((O24-P24)*F24+P24) -> 0.0018314158 | K9: =L9+M9 -> 0.0016191602 | L9: =C24*B24*((O24-P24)*F24+P24) -> 0.0016191602
A10: Milk | B10: =C10+D10 -> 0.010503267 | C10: =B25*C25*D25*100 -> 0.010503267 | E10: =F10+G10 -> 0.0022311059 | F10: =B25*C25*E25*100 -> 0.0022311059 | H10: =I10+J10 -> 0.00015550716 | I10: =B25*((O25-P25)*F25+P25) -> 0.00015550716 | K10: =L10+M10 -> 0.00013748435 | L10: =C25*B25*((O25-P25)*F25+P25) -> 0.00013748435
A11: Horse meat | B11: =C11+D11 -> 0.49210526 | C11: =B26*C26*D26*100 -> 0.49210526 | E11: =F11+G11 -> 0.11238877 | F11: =B26*C26*E26*100 -> 0.11238877 | H11: =I11+J11 -> 0.0017044306 | I11: =B26*((O26-P26)*F26+P26) -> 0.0017044306 | K11: =L11+M11 -> 0.0014984266 | L11: =C26*B26*((O26-P26)*F26+P26) -> 0.0014984266
A12: Lamb meat | B12: =C12+D12 -> 6.1975092 | C12: =B27*C27*D27*100 -> 6.091098 | D12: =Q27*R27*S27*100 -> 0.10641121 | E12: =F12+G12 -> 1.1565776 | F12: =B27*C27*E27*100 -> 1.1383195 | G12: =Q27*R27*T27*100 -> 0.018258072 | H12: =I12+J12 -> 0.0059824833 | I12: =B27*((O27-P27)*F27+P27) -> 0.0058895471 | J12: =Q27*((AD27-AE27)*U27+AE27) -> 9.2936239e-05 | K12: =L12+M12 -> 0.0049142319 | L12: =C27*B27*((O27-P27)*F27+P27) -> 0.0048320667 | M12: =R27*Q27*((AD27-AE27)*U27+AE27) -> 8.2165211e-05
A13: Pig meat | B13: =C13+D13 -> 3.6851589 | C13: =B28*C28*D28*100 -> 3.6340761 | D13: =Q28*R28*S28*100 -> 0.051082738 | E13: =F13+G13 -> 0.61724275 | F13: =B28*C28*E28*100 -> 0.6082008 | G13: =Q28*R28*T28*100 -> 0.009041958 | H13: =I13+J13 -> 0.0039970465 | I13: =B28*((O28-P28)*F28+P28) -> 0.0039941551 | J13: =Q28*((AD28-AE28)*U28+AE28) -> 2.8913775e-06 | K13: =L13+M13 -> 0.0035168454 | L13: =C28*B28*((O28-P28)*F28+P28) -> 0.0035141042 | M13: =R28*Q28*((AD28-AE28)*U28+AE28) -> 2.7411891e-06
A14: Chicken meat | B14: =C14+D14 -> 76.364102 | C14: =B29*C29*D29*100 -> 75.793303 | D14: =Q29*R29*S29*100 -> 0.57079976 | E14: =F14+G14 -> 10.425835 | F14: =B29*C29*E29*100 -> 10.303688 | G14: =Q29*R29*T29*100 -> 0.12214749 | H14: =I14+J14 -> 0.024732265 | I14: =B29*((O29-P29)*F29+P29) -> 0.024714358 | J14: =Q29*((AD29-AE29)*U29+AE29) -> 1.7906779e-05 | K14: =L14+M14 -> 0.013434771 | L14: =C29*B29*((O29-P29)*F29+P29) -> 0.013425044 | M14: =R29*Q29*((AD29-AE29)*U29+AE29) -> 9.7271106e-06
A15: Rabbit meat | B15: =C15+D15 -> 101.72645 | C15: =B30*C30*D30*100 -> 101.72645 | E15: =F15+G15 -> 18.965368 | F15: =B30*C30*E30*100 -> 18.965368 | H15: =I15+J15 -> 0.050058766 | I15: =B30*((O30-P30)*F30+P30) -> 0.050058766 | K15: =L15+M15 -> 0.033637887 | L15: =C30*B30*((O30-P30)*F30+P30) -> 0.033637887
A16: Egg | B16: =C16+D16 -> 10.000198 | C16: =B31*C31*D31*100 -> 9.9884821 | D16: =Q31*R31*S31*100 -> 0.011716257 | E16: =F16+G16 -> 1.6885376 | F16: =B31*C31*E31*100 -> 1.6868638 | G16: =Q31*R31*T31*100 -> 0.001673751 | H16: =I16+J16 -> 0.042392227 | I16: =B31*((O31-P31)*F31+P31) -> 0.042390971 | J16: =Q31*((AD31-AE31)*U31+AE31) -> 1.2557078e-06 | K16: =L16+M16 -> 0.024813485 | L16: =C31*B31*((O31-P31)*F31+P31) -> 0.024813164 | M16: =R31*Q31*((AD31-AE31)*U31+AE31) -> 3.2099334e-07
A18: Animal data
B20: PRODUCTION ANIMALS | G20: Non-normalised | K20: Normalised | Q20: PARENT ANIMALS (male chicks for hen) | V20: Non-normalised | Z20: Normalised
B21: Number affected | C21: Ability - normalised | D21: Suffering | E21: Suffering - normalised | F21: Suffering norm ex. slaughter | G21: Mortality | H21: Disease | I21: Slaughter | J21: Space | K21: Mortality | L21: Disease | M21: Slaughter | N21: Space | O21: Life duration (years) | P21: Slaughter duration (years) | Q21: Number affected | R21: Ability | S21: Suffering | T21: Suffering norm | U21: Suffering norm ex. slaughter | V21: Mortality | W21: Disease | X21: Slaughter | Y21: Space | Z21: Mortality | AA21: Disease | AB21: Slaughter | AC21: Space | AD21: Life duration (years) | AE21: Slaughter duration (years)
A22: Cattle suckler herds | B22: ='No affected'!J6 -> 0.0035 | C22: =Ability!B6 -> 0.88410303 | D22: =2*G22+2*H22+I22+2*J22 -> 1.1222211 | E22: =(2*K22+2*L22+N22+2*M22)/7 -> 0.19280151 | F22: =(K22+L22+N22)/3 -> 0.16075908 | G22: =Mortality!J6 -> 0.042 | H22: =Disease!J6 -> 0.05 | I22: =Slaughter!J6/24 -> 0.34166667 | J22: =Space!J6/100 -> 0.29827724 | K22: =Mortality!J6/Mortality!$G$2 -> 0.084 | L22: =Disease!J6/Disease!$G$2 -> 0.1 | M22: =Slaughter!J6/Slaughter!$G$2 -> 0.34166667 | N22: =Space!J6/Space!$G$2 -> 0.29827724 | O22: ='Life duration'!J6 -> 2 | P22: =Slaughter!J6/(365*24) -> 0.00093607306 | Q22: ='No affected'!Y6 -> 0.0008 | R22: =Ability!D6 -> 0.88410303 | S22: =2*V22+2*W22+X22+2*Y22 -> 0.72599673 | T22: =(2*Z22+2*AA22+AB22+2*AC22)/7 -> 0.12371382 | U22: =(Z22+AA22+AC22)/3 -> 0.087388344 | V22: =Mortality!Y6 -> 0.03 | W22: =Disease!Y6 -> 0.04 | X22: =Slaughter!Y6/24 -> 0.34166667 | Y22: =Space!Y6/100 -> 0.12216503 | Z22: =Mortality!Y6/Mortality!$G$2 -> 0.06 | AA22: =Disease!Y6/Disease!$G$2 -> 0.08 | AB22: =Slaughter!Y6/Slaughter!$G$2 -> 0.34166667 | AC22: =Space!Y6/Space!$G$2 -> 0.12216503 | AD22: ='Life duration'!Y6 -> 1.3809524 | AE22: =Slaughter!Y6/(365*24) -> 0.00093607306
A23: Meat cattle dairy intensive | B23: ='No affected'!J7 -> 0.009 | C23: =Ability!B7 -> 0.82044792 | D23: =2*G23+2*H23+I23+2*J23 -> 1.0073565 | E23: =(2*K23+2*L23+N23+2*M23)/7 -> 0.21588261 | F23: =(K23+L23+N23)/3 -> 0.16594831 | G23: =Mortality!J7 -> 0.065 | H23: =Disease!J7 -> 0.1 | I23: =Slaughter!J7/24 -> 0.34166667 | J23: =Space!J7/100 -> 0.16784492 | K23: =Mortality!J7/Mortality!$G$2 -> 0.13 | L23: =Disease!J7/Disease!$G$2 -> 0.2 | M23: =Slaughter!J7/Slaughter!$G$2 -> 0.34166667 | N23: =Space!J7/Space!$G$2 -> 0.16784492 | O23: ='Life duration'!J7 -> 0.75 | P23: =Slaughter!J7/(365*24) -> 0.00093607306
A24: Meat cattle dairy extensive | B24: ='No affected'!J8 -> 0.005 | C24: =Ability!B8 -> 0.88410303 | D24: =2*G24+2*H24+I24+2*J24 -> 1.1882211 | E24: =(2*K24+2*L24+N24+2*M24)/7 -> 0.21165865 | F24: =(K24+L24+N24)/3 -> 0.18275908 | G24: =Mortality!J8 -> 0.075 | H24: =Disease!J8 -> 0.05 | I24: =Slaughter!J8/24 -> 0.34166667 | J24: =Space!J8/100 -> 0.29827724 | K24: =Mortality!J8/Mortality!$G$2 -> 0.15 | L24: =Disease!J8/Disease!$G$2 -> 0.1 | M24: =Slaughter!J8/Slaughter!$G$2 -> 0.34166667 | N24: =Space!J8/Space!$G$2 -> 0.29827724 | O24: ='Life duration'!J8 -> 2 | P24: =Slaughter!J8/(365*24) -> 0.00093607306
A25: Dairy cows | B25: ='No affected'!J9 -> 0.0001 | C25: =Ability!B9 -> 0.88410303 | D25: =2*G25+2*H25+I25+2*J25 -> 1.1880139 | E25: =(2*K25+2*L25+N25+2*M25)/7 -> 0.25235813 | F25: =(K25+L25+N25)/3 -> 0.2143912 | G25: =Mortality!J9 -> 0.06 | H25: =Disease!J9 -> 0.16 | I25: =Slaughter!J9/24 -> 0.34166667 | J25: =Space!J9/100 -> 0.2031736 | K25: =Mortality!J9/Mortality!$G$2 -> 0.12 | L25: =Disease!J9/Disease!$G$2 -> 0.32 | M25: =Slaughter!J9/Slaughter!$G$2 -> 0.34166667 | N25: =Space!J9/Space!$G$2 -> 0.2031736 | O25: ='Life duration'!J9 -> 7.25 | P25: =Slaughter!J9/(365*24) -> 0.00093607306
A26: Horse | B26: ='No affected'!J10 -> 0.005 | C26: =Ability!B10 -> 0.87913616 | D26: =2*G26+2*H26+I26+2*J26 -> 1.11952 | E26: =(2*K26+2*L26+N26+2*M26)/7 -> 0.25568 | F26: =(K26+L26+N26)/3 -> 0.16992 | G26: =Mortality!J10 -> 0.03 | H26: =Disease!J10 -> 0.15 | I26: =Slaughter!J10/24 -> 0.46 | J26: =Space!J10/100 -> 0.14976 | K26: =Mortality!J10/Mortality!$G$2 -> 0.06 | L26: =Disease!J10/Disease!$G$2 -> 0.3 | M26: =Slaughter!J10/Slaughter!$G$2 -> 0.46 | N26: =Space!J10/Space!$G$2 -> 0.14976 | O26: ='Life duration'!J10 -> 2 | P26: =Slaughter!J10/(365*24) -> 0.001260274
A27: Lamb | B27: ='No affected'!J11 -> 0.064 | C27: =Ability!B11 -> 0.82044792 | D27: =2*G27+2*H27+I27+2*J27 -> 1.1600176 | E27: =(2*K27+2*L27+N27+2*M27)/7 -> 0.21678697 | F27: =(K27+L27+N27)/3 -> 0.18250294 | G27: =Mortality!J11 -> 0.08 | H27: =Disease!J11 -> 0.06 | I27: =Slaughter!J11/24 -> 0.345 | J27: =Space!J11/100 -> 0.26750882 | K27: =Mortality!J11/Mortality!$G$2 -> 0.16 | L27: =Disease!J11/Disease!$G$2 -> 0.12 | M27: =Slaughter!J11/Slaughter!$G$2 -> 0.345 | N27: =Space!J11/Space!$G$2 -> 0.26750882 | O27: ='Life duration'!J11 -> 0.5 | P27: =Slaughter!J11/(365*24) -> 0.00094520548 | Q27: ='No affected'!Y11 -> 0.0011 | R27: =Ability!D11 -> 0.88410303 | S27: =2*V27+2*W27+X27+2*Y27 -> 1.0941877 | T27: =(2*Z27+2*AA27+AB27+2*AC27)/7 -> 0.1877411 | U27: =(Z27+AA27+AC27)/3 -> 0.16153128 | V27: =Mortality!Y11 -> 0.06 | W27: =Disease!Y11 -> 0.05 | X27: =Slaughter!Y11/24 -> 0.345 | Y27: =Space!Y11/100 -> 0.26459385 | Z27: =Mortality!Y11/Mortality!$G$2 -> 0.12 | AA27: =Disease!Y11/Disease!$G$2 -> 0.1 | AB27: =Slaughter!Y11/Slaughter!$G$2 -> 0.345 | AC27: =Space!Y11/Space!$G$2 -> 0.26459385 | AD27: ='Life duration'!Y11 -> 0.51813472 | AE27: =Slaughter!Y11/(365*24) -> 0.00094520548
A28: Pig | B28: ='No affected'!J12 -> 0.017964628 | C28: =Ability!B12 -> 0.87981166 | D28: =2*G28+2*H28+I28+2*J28 -> 2.2992494 | E28: =(2*K28+2*L28+N28+2*M28)/7 -> 0.38480353 | F28: =(K28+L28+N28)/3 -> 0.44365268 | G28: =Mortality!J12 -> 0.198 | H28: =Disease!J12 -> 0.15 | I28: =Slaughter!J12/24 -> 0.33333333 | J28: =Space!J12/100 -> 0.63495804 | K28: =Mortality!J12/Mortality!$G$2 -> 0.396 | L28: =Disease!J12/Disease!$G$2 -> 0.3 | M28: =Slaughter!J12/Slaughter!$G$2 -> 0.33333333 | N28: =Space!J12/Space!$G$2 -> 0.63495804 | O28: ='Life duration'!J12 -> 0.5 | P28: =Slaughter!J12/(365*24) -> 0.00091324201 | Q28: ='No affected'!Y12 -> 0.00035 | R28: =Ability!D12 -> 0.94805646 | S28: =2*V28+2*W28+X28+2*Y28 -> 1.5394725 | T28: =(2*Z28+2*AA28+AB28+2*AC28)/7 -> 0.27249607 | U28: =(Z28+AA28+AC28)/3 -> 0.26235652 | V28: =Mortality!Y12 -> 0.034 | W28: =Disease!Y12 -> 0.15 | X28: =Slaughter!Y12/24 -> 0.33333333 | Y28: =Space!Y12/100 -> 0.41906956 | Z28: =Mortality!Y12/Mortality!$G$2 -> 0.068 | AA28: =Disease!Y12/Disease!$G$2 -> 0.3 | AB28: =Slaughter!Y12/Slaughter!$G$2 -> 0.33333333 | AC28: =Space!Y12/Space!$G$2 -> 0.41906956 | AD28: ='Life duration'!Y12 -> 0.028920308 | AE28: =Slaughter!Y12/(365*24) -> 0.00091324201
A29: Chicken | B29: ='No affected'!J13 -> 0.75216903 | C29: =Ability!B13 -> 0.54320828 | D29: =2*G29+2*H29+I29+2*J29 -> 1.8550217 | E29: =(2*K29+2*L29+N29+2*M29)/7 -> 0.25218012 | F29: =(K29+L29+N29)/3 -> 0.33808696 | G29: =Mortality!J13 -> 0.038 | H29: =Disease!J13 -> 0.145 | I29: =Slaughter!J13/24 -> 0.1925 | J29: =Space!J13/100 -> 0.64826087 | K29: =Mortality!J13/Mortality!$G$2 -> 0.076 | L29: =Disease!J13/Disease!$G$2 -> 0.29 | M29: =Slaughter!J13/Slaughter!$G$2 -> 0.1925 | N29: =Space!J13/Space!$G$2 -> 0.64826087 | O29: ='Life duration'!J13 -> 0.096153846 | P29: =Slaughter!J13/(365*24) -> 0.00052739726 | Q29: ='No affected'!Y13 -> 0.0054505002 | R29: =Ability!D13 -> 0.54320828 | S29: =2*V29+2*W29+X29+2*Y29 -> 1.9278846 | T29: =(2*Z29+2*AA29+AB29+2*AC29)/7 -> 0.41255495 | U29: =(Z29+AA29+AC29)/3 -> 0.44923077 | V29: =Mortality!Y13 -> 0.06 | W29: =Disease!Y13 -> 0.42 | X29: =Slaughter!Y13/24 -> 0.1925 | Y29: =Space!Y13/100 -> 0.38769231 | Z29: =Mortality!Y13/Mortality!$G$2 -> 0.12 | AA29: =Disease!Y13/Disease!$G$2 -> 0.84 | AB29: =Slaughter!Y13/Slaughter!$G$2 -> 0.1925 | AC29: =Space!Y13/Space!$G$2 -> 0.38769231 | AD29: ='Life duration'!Y13 -> 0.0066666667 | AE29: =Slaughter!Y13/(365*24) -> 0.00052739726
A30: Rabbit | B30: ='No affected'!J14 -> 1.04 | C30: =Ability!B14 -> 0.67196797 | D30: =2*G30+2*H30+I30+2*J30 -> 1.4556333 | E30: =(2*K30+2*L30+N30+2*M30)/7 -> 0.27138095 | F30: =(K30+L30+N30)/3 -> 0.28573333 | G30: =Mortality!J14 -> 0.15 | H30: =Disease!J14 -> 0.11 | I30: =Slaughter!J14/24 -> 0.26123333 | J30: =Space!J14/100 -> 0.3372 | K30: =Mortality!J14/Mortality!$G$2 -> 0.3 | L30: =Disease!J14/Disease!$G$2 -> 0.22 | M30: =Slaughter!J14/Slaughter!$G$2 -> 0.26123333 | N30: =Space!J14/Space!$G$2 -> 0.3372 | O30: ='Life duration'!J14 -> 0.16666667 | P30: =Slaughter!J14/(365*24) -> 0.00071570776
A31: Laying hen | B31: ='No affected'!J15 -> 0.066 | C31: =Ability!B15 -> 0.58534078 | D31: =2*G31+2*H31+I31+2*J31 -> 2.5855133 | E31: =(2*K31+2*L31+N31+2*M31)/7 -> 0.43664381 | F31: =(K31+L31+N31)/3 -> 0.53494667 | G31: =Mortality!J15 -> 0.03 | H31: =Disease!J15 -> 0.42 | I31: =Slaughter!J15/24 -> 0.27583333 | J31: =Space!J15/100 -> 0.70484 | K31: =Mortality!J15/Mortality!$G$2 -> 0.06 | L31: =Disease!J15/Disease!$G$2 -> 0.84 | M31: =Slaughter!J15/Slaughter!$G$2 -> 0.27583333 | N31: =Space!J15/Space!$G$2 -> 0.70484 | O31: ='Life duration'!J15 -> 1.2 | P31: =Slaughter!J15/(365*24) -> 0.00075570776 | Q31: ='No affected'!Y15 -> 0.066 | R31: =Ability!D15 -> 0.25562743 | S31: =2*V31+2*W31+X31+2*Y31 -> 0.0069444444 | T31: =(2*Z31+2*AA31+AB31+2*AC31)/7 -> 0.00099206349 | U31: =(Z31+AA31+AC31)/3 -> 0 | V31: =Mortality!Y15 -> 0 | W31: =Disease!Y15 -> 0 | X31: =Slaughter!Y15/24 -> 0.0069444444 | Y31: =Space!Y15/100 -> 0 | Z31: =Mortality!Y15/Mortality!$G$2 -> 0 | AA31: =Disease!Y15/Disease!$G$2 -> 0 | AB31: =Slaughter!Y15/Slaughter!$G$2 -> 0.0069444444 | AC31: =Space!Y15/Space!$G$2 -> 0 | AD31: ='Life duration'!Y15 -> 3.1709792e-07 | AE31: =Slaughter!Y15/(365*24) -> 1.9025875e-05

Sheet ES
A2: Spain
B5: Perception Adjusted Animal Lifes Affected (PAALA) | E5: Perception Adjusted Animal Lifes Affected (PAALA) - normalised | H5: Animal Life Years Suffered (ALYS) | K5: Perception Adjusted Animal Life Years Suffered (PAALYS)
B6: Total | C6: Prod. animal | D6: Parent | E6: Total | F6: Prod. animal | G6: Parent | H6: Total | I6: Prod. animal | J6: Parent | K6: Total | L6: Prod. animal | M6: Parent
A7: Beef suckler herds | B7: =C7+D7 -> 0.27762368 | C7: =B22*C22*D22*100 -> 0.23607887 | D7: =Q22*R22*S22*100 -> 0.041544808 | E7: =F7+G7 -> 0.059068076 | F7: =B22*C22*E22*100 -> 0.051718539 | G7: =Q22*R22*T22*100 -> 0.0073495374 | H7: =I7+J7 -> 0.00078081153 | I7: =B22*((O22-P22)*F22+P22) -> 0.0007090894 | J7: =Q22*((AD22-AE22)*U22+AE22) -> 7.1722129e-05 | K7: =L7+M7 -> 0.00069031784 | L7: =C22*B22*((O22-P22)*F22+P22) -> 0.00062690809 | M7: =R22*Q22*((AD22-AE22)*U22+AE22) -> 6.3409752e-05
A8: Beef dairy int | B8: =C8+D8 -> 0.74383519 | C8: =B23*C23*D23*100 -> 0.74383519 | E8: =F8+G8 -> 0.15940839 | F8: =B23*C23*E23*100 -> 0.15940839 | H8: =I8+J8 -> 0.0011271777 | I8: =B23*((O23-P23)*F23+P23) -> 0.0011271777 | K8: =L8+M8 -> 0.00092479057 | L8: =C23*B23*((O23-P23)*F23+P23) -> 0.00092479057
A9: Beef dairy ext | B9: =C9+D9 -> 0.36643094 | C9: =B24*C24*D24*100 -> 0.36643094 | E9: =F9+G9 -> 0.082219456 | F9: =B24*C24*E24*100 -> 0.082219456 | H9: =I9+J9 -> 0.0012328819 | I9: =B24*((O24-P24)*F24+P24) -> 0.0012328819 | K9: =L9+M9 -> 0.0010899946 | L9: =C24*B24*((O24-P24)*F24+P24) -> 0.0010899946
A10: Milk | B10: =C10+D10 -> 0.012379149 | C10: =B25*C25*D25*100 -> 0.012379149 | E10: =F10+G10 -> 0.0023650975 | F10: =B25*C25*E25*100 -> 0.0023650975 | H10: =I10+J10 -> 0.00018114217 | I10: =B25*((O25-P25)*F25+P25) -> 0.00018114217 | K10: =L10+M10 -> 0.00016014834 | L10: =C25*B25*((O25-P25)*F25+P25) -> 0.00016014834
A11: Horse meat | B11: =C11+D11 -> 0.41741385 | C11: =B26*C26*D26*100 -> 0.41741385 | E11: =F11+G11 -> 0.10705367 | F11: =B26*C26*E26*100 -> 0.10705367 | H11: =I11+J11 -> 0.0014214091 | I11: =B26*((O26-P26)*F26+P26) -> 0.0014214091 | K11: =L11+M11 -> 0.0012496121 | L11: =C26*B26*((O26-P26)*F26+P26) -> 0.0012496121
A12: Lamb meat | B12: =C12+D12 -> 4.6222311 | C12: =B27*C27*D27*100 -> 4.5459795 | D12: =Q27*R27*S27*100 -> 0.076251608 | E12: =F12+G12 -> 1.0419035 | F12: =B27*C27*E27*100 -> 1.0279539 | G12: =Q27*R27*T27*100 -> 0.013949557 | H12: =I12+J12 -> 0.00438666 | I12: =B27*((O27-P27)*F27+P27) -> 0.0043231288 | J12: =Q27*((AD27-AE27)*U27+AE27) -> 6.3531237e-05 | K12: =L12+M12 -> 0.0036030702 | L12: =C27*B27*((O27-P27)*F27+P27) -> 0.003546902 | M12: =R27*Q27*((AD27-AE27)*U27+AE27) -> 5.6168159e-05
A13: Pig meat | B13: =C13+D13 -> 3.8727111 | C13: =B28*C28*D28*100 -> 3.8157904 | D13: =Q28*R28*S28*100 -> 0.056920766 | E13: =F13+G13 -> 0.66497079 | F13: =B28*C28*E28*100 -> 0.65489546 | G13: =Q28*R28*T28*100 -> 0.010075325 | H13: =I13+J13 -> 0.0043062101 | I13: =B28*((O28-P28)*F28+P28) -> 0.0043028087 | J13: =Q28*((AD28-AE28)*U28+AE28) -> 3.4013433e-06 | K13: =L13+M13 -> 0.003788886 | L13: =C28*B28*((O28-P28)*F28+P28) -> 0.0037856613 | M13: =R28*Q28*((AD28-AE28)*U28+AE28) -> 3.2246655e-06
A14: Chicken meat | B14: =C14+D14 -> 76.364102 | C14: =B29*C29*D29*100 -> 75.793303 | D14: =Q29*R29*S29*100 -> 0.57079976 | E14: =F14+G14 -> 10.425835 | F14: =B29*C29*E29*100 -> 10.303688 | G14: =Q29*R29*T29*100 -> 0.12214749 | H14: =I14+J14 -> 0.024732265 | I14: =B29*((O29-P29)*F29+P29) -> 0.024714358 | J14: =Q29*((AD29-AE29)*U29+AE29) -> 1.7906779e-05 | K14: =L14+M14 -> 0.013434771 | L14: =C29*B29*((O29-P29)*F29+P29) -> 0.013425044 | M14: =R29*Q29*((AD29-AE29)*U29+AE29) -> 9.7271106e-06
A15: Rabbit meat | B15: =C15+D15 -> 121.28923 | C15: =B30*C30*D30*100 -> 121.28923 | E15: =F15+G15 -> 22.612554 | F15: =B30*C30*E30*100 -> 22.612554 | H15: =I15+J15 -> 0.059685451 | I15: =B30*((O30-P30)*F30+P30) -> 0.059685451 | K15: =L15+M15 -> 0.040106712 | L15: =C30*B30*((O30-P30)*F30+P30) -> 0.040106712
A16: Egg | B16: =C16+D16 -> 8.8453868 | C16: =B31*C31*D31*100 -> 8.8347357 | D16: =Q31*R31*S31*100 -> 0.010651143 | E16: =F16+G16 -> 1.517484 | F16: =B31*C31*E31*100 -> 1.5159624 | G16: =Q31*R31*T31*100 -> 0.0015215918 | H16: =I16+J16 -> 0.037699397 | I16: =B31*((O31-P31)*F31+P31) -> 0.037698255 | J16: =Q31*((AD31-AE31)*U31+AE31) -> 1.1415525e-06 | K16: =L16+M16 -> 0.022066618 | L16: =C31*B31*((O31-P31)*F31+P31) -> 0.022066326 | M16: =R31*Q31*((AD31-AE31)*U31+AE31) -> 2.9181213e-07
A18: Animal data
B20: PRODUCTION ANIMALS | G20: Non-normalised | K20: Normalised | Q20: PARENT ANIMALS (male chicks for hen) | V20: Non-normalised | Z20: Normalised
B21: Number affected | C21: Ability - normalised | D21: Suffering | E21: Suffering - normalised | F21: Suffering norm ex. slaughter | G21: Mortality | H21: Disease | I21: Slaughter | J21: Space | K21: Mortality | L21: Disease | M21: Slaughter | N21: Space | O21: Life duration (years) | P21: Slaughter duration (years) | Q21: Number affected | R21: Ability | S21: Suffering | T21: Suffering norm | U21: Suffering norm ex. slaughter | V21: Mortality | W21: Disease | X21: Slaughter | Y21: Space | Z21: Mortality | AA21: Disease | AB21: Slaughter | AC21: Space | AD21: Life duration (years) | AE21: Slaughter duration (years)
A22: Cattle suckler herds | B22: ='No affected'!K6 -> 0.0035 | C22: =Ability!B6 -> 0.88410303 | D22: =2*G22+2*H22+I22+2*J22 -> 0.76293265 | E22: =(2*K22+2*L22+N22+2*M22)/7 -> 0.16713805 | F22: =(K22+L22+N22)/3 -> 0.10087766 | G22: =Mortality!K6 -> 0.042 | H22: =Disease!K6 -> 0.05 | I22: =Slaughter!K6/24 -> 0.34166667 | J22: =Space!K6/100 -> 0.11863299 | K22: =Mortality!K6/Mortality!$G$2 -> 0.084 | L22: =Disease!K6/Disease!$G$2 -> 0.1 | M22: =Slaughter!K6/Slaughter!$G$2 -> 0.34166667 | N22: =Space!K6/Space!$G$2 -> 0.11863299 | O22: ='Life duration'!K6 -> 2 | P22: =Slaughter!K6/(365*24) -> 0.00093607306 | Q22: ='No affected'!Z6 -> 0.0008 | R22: =Ability!D6 -> 0.88410303 | S22: =2*V22+2*W22+X22+2*Y22 -> 0.5873864 | T22: =(2*Z22+2*AA22+AB22+2*AC22)/7 -> 0.10391234 | U22: =(Z22+AA22+AC22)/3 -> 0.064286623 | V22: =Mortality!Z6 -> 0.03 | W22: =Disease!Z6 -> 0.04 | X22: =Slaughter!Z6/24 -> 0.34166667 | Y22: =Space!Z6/100 -> 0.052859869 | Z22: =Mortality!Z6/Mortality!$G$2 -> 0.06 | AA22: =Disease!Z6/Disease!$G$2 -> 0.08 | AB22: =Slaughter!Z6/Slaughter!$G$2 -> 0.34166667 | AC22: =Space!Z6/Space!$G$2 -> 0.052859869 | AD22: ='Life duration'!Z6 -> 1.3809524 | AE22: =Slaughter!Z6/(365*24) -> 0.00093607306
A23: Meat cattle dairy intensive | B23: ='No affected'!K7 -> 0.009 | C23: =Ability!B7 -> 0.82044792 | D23: =2*G23+2*H23+I23+2*J23 -> 1.0073565 | E23: =(2*K23+2*L23+N23+2*M23)/7 -> 0.21588261 | F23: =(K23+L23+N23)/3 -> 0.16594831 | G23: =Mortality!K7 -> 0.065 | H23: =Disease!K7 -> 0.1 | I23: =Slaughter!K7/24 -> 0.34166667 | J23: =Space!K7/100 -> 0.16784492 | K23: =Mortality!K7/Mortality!$G$2 -> 0.13 | L23: =Disease!K7/Disease!$G$2 -> 0.2 | M23: =Slaughter!K7/Slaughter!$G$2 -> 0.34166667 | N23: =Space!K7/Space!$G$2 -> 0.16784492 | O23: ='Life duration'!K7 -> 0.75 | P23: =Slaughter!K7/(365*24) -> 0.00093607306
A24: Meat cattle dairy extensive | B24: ='No affected'!K8 -> 0.005 | C24: =Ability!B8 -> 0.88410303 | D24: =2*G24+2*H24+I24+2*J24 -> 0.82893265 | E24: =(2*K24+2*L24+N24+2*M24)/7 -> 0.18599519 | F24: =(K24+L24+N24)/3 -> 0.12287766 | G24: =Mortality!K8 -> 0.075 | H24: =Disease!K8 -> 0.05 | I24: =Slaughter!K8/24 -> 0.34166667 | J24: =Space!K8/100 -> 0.11863299 | K24: =Mortality!K8/Mortality!$G$2 -> 0.15 | L24: =Disease!K8/Disease!$G$2 -> 0.1 | M24: =Slaughter!K8/Slaughter!$G$2 -> 0.34166667 | N24: =Space!K8/Space!$G$2 -> 0.11863299 | O24: ='Life duration'!K8 -> 2 | P24: =Slaughter!K8/(365*24) -> 0.00093607306
A25: Dairy cows | B25: ='No affected'!K9 -> 0.0001 | C25: =Ability!B9 -> 0.88410303 | D25: =2*G25+2*H25+I25+2*J25 -> 1.400193 | E25: =(2*K25+2*L25+N25+2*M25)/7 -> 0.26751379 | F25: =(K25+L25+N25)/3 -> 0.2497544 | G25: =Mortality!K9 -> 0.06 | H25: =Disease!K9 -> 0.16 | I25: =Slaughter!K9/24 -> 0.34166667 | J25: =Space!K9/100 -> 0.30926319 | K25: =Mortality!K9/Mortality!$G$2 -> 0.12 | L25: =Disease!K9/Disease!$G$2 -> 0.32 | M25: =Slaughter!K9/Slaughter!$G$2 -> 0.34166667 | N25: =Space!K9/Space!$G$2 -> 0.30926319 | O25: ='Life duration'!K9 -> 7.25 | P25: =Slaughter!K9/(365*24) -> 0.00093607306
A26: Horse | B26: ='No affected'!K10 -> 0.005 | C26: =Ability!B10 -> 0.87913616 | D26: =2*G26+2*H26+I26+2*J26 -> 0.9496 | E26: =(2*K26+2*L26+N26+2*M26)/7 -> 0.24354286 | F26: =(K26+L26+N26)/3 -> 0.1416 | G26: =Mortality!K10 -> 0.03 | H26: =Disease!K10 -> 0.15 | I26: =Slaughter!K10/24 -> 0.46 | J26: =Space!K10/100 -> 0.0648 | K26: =Mortality!K10/Mortality!$G$2 -> 0.06 | L26: =Disease!K10/Disease!$G$2 -> 0.3 | M26: =Slaughter!K10/Slaughter!$G$2 -> 0.46 | N26: =Space!K10/Space!$G$2 -> 0.0648 | O26: ='Life duration'!K10 -> 2 | P26: =Slaughter!K10/(365*24) -> 0.001260274
A27: Lamb | B27: ='No affected'!K11 -> 0.064 | C27: =Ability!B11 -> 0.82044792 | D27: =2*G27+2*H27+I27+2*J27 -> 0.86575794 | E27: =(2*K27+2*L27+N27+2*M27)/7 -> 0.19576842 | F27: =(K27+L27+N27)/3 -> 0.13345966 | G27: =Mortality!K11 -> 0.08 | H27: =Disease!K11 -> 0.06 | I27: =Slaughter!K11/24 -> 0.345 | J27: =Space!K11/100 -> 0.12037897 | K27: =Mortality!K11/Mortality!$G$2 -> 0.16 | L27: =Disease!K11/Disease!$G$2 -> 0.12 | M27: =Slaughter!K11/Slaughter!$G$2 -> 0.345 | N27: =Space!K11/Space!$G$2 -> 0.12037897 | O27: ='Life duration'!K11 -> 0.5 | P27: =Slaughter!K11/(365*24) -> 0.00094520548 | Q27: ='No affected'!Z11 -> 0.0011 | R27: =Ability!D11 -> 0.88410303 | S27: =2*V27+2*W27+X27+2*Y27 -> 0.78406748 | T27: =(2*Z27+2*AA27+AB27+2*AC27)/7 -> 0.14343821 | U27: =(Z27+AA27+AC27)/3 -> 0.10984458 | V27: =Mortality!Z11 -> 0.06 | W27: =Disease!Z11 -> 0.05 | X27: =Slaughter!Z11/24 -> 0.345 | Y27: =Space!Z11/100 -> 0.10953374 | Z27: =Mortality!Z11/Mortality!$G$2 -> 0.12 | AA27: =Disease!Z11/Disease!$G$2 -> 0.1 | AB27: =Slaughter!Z11/Slaughter!$G$2 -> 0.345 | AC27: =Space!Z11/Space!$G$2 -> 0.10953374 | AD27: ='Life duration'!Z11 -> 0.51813472 | AE27: =Slaughter!Z11/(365*24) -> 0.00094520548
A28: Pig | B28: ='No affected'!K12 -> 0.01818281 | C28: =Ability!B12 -> 0.87981166 | D28: =2*G28+2*H28+I28+2*J28 -> 2.3852494 | E28: =(2*K28+2*L28+N28+2*M28)/7 -> 0.40937496 | F28: =(K28+L28+N28)/3 -> 0.47231935 | G28: =Mortality!K12 -> 0.241 | H28: =Disease!K12 -> 0.15 | I28: =Slaughter!K12/24 -> 0.33333333 | J28: =Space!K12/100 -> 0.63495804 | K28: =Mortality!K12/Mortality!$G$2 -> 0.482 | L28: =Disease!K12/Disease!$G$2 -> 0.3 | M28: =Slaughter!K12/Slaughter!$G$2 -> 0.33333333 | N28: =Space!K12/Space!$G$2 -> 0.63495804 | O28: ='Life duration'!K12 -> 0.5 | P28: =Slaughter!K12/(365*24) -> 0.00091324201 | Q28: ='No affected'!Z12 -> 0.00039 | R28: =Ability!D12 -> 0.94805646 | S28: =2*V28+2*W28+X28+2*Y28 -> 1.5394725 | T28: =(2*Z28+2*AA28+AB28+2*AC28)/7 -> 0.27249607 | U28: =(Z28+AA28+AC28)/3 -> 0.26235652 | V28: =Mortality!Z12 -> 0.034 | W28: =Disease!Z12 -> 0.15 | X28: =Slaughter!Z12/24 -> 0.33333333 | Y28: =Space!Z12/100 -> 0.41906956 | Z28: =Mortality!Z12/Mortality!$G$2 -> 0.068 | AA28: =Disease!Z12/Disease!$G$2 -> 0.3 | AB28: =Slaughter!Z12/Slaughter!$G$2 -> 0.33333333 | AC28: =Space!Z12/Space!$G$2 -> 0.41906956 | AD28: ='Life duration'!Z12 -> 0.030674847 | AE28: =Slaughter!Z12/(365*24) -> 0.00091324201
A29: Chicken | B29: ='No affected'!K13 -> 0.75216903 | C29: =Ability!B13 -> 0.54320828 | D29: =2*G29+2*H29+I29+2*J29 -> 1.8550217 | E29: =(2*K29+2*L29+N29+2*M29)/7 -> 0.25218012 | F29: =(K29+L29+N29)/3 -> 0.33808696 | G29: =Mortality!K13 -> 0.038 | H29: =Disease!K13 -> 0.145 | I29: =Slaughter!K13/24 -> 0.1925 | J29: =Space!K13/100 -> 0.64826087 | K29: =Mortality!K13/Mortality!$G$2 -> 0.076 | L29: =Disease!K13/Disease!$G$2 -> 0.29 | M29: =Slaughter!K13/Slaughter!$G$2 -> 0.1925 | N29: =Space!K13/Space!$G$2 -> 0.64826087 | O29: ='Life duration'!K13 -> 0.096153846 | P29: =Slaughter!K13/(365*24) -> 0.00052739726 | Q29: ='No affected'!Z13 -> 0.0054505002 | R29: =Ability!D13 -> 0.54320828 | S29: =2*V29+2*W29+X29+2*Y29 -> 1.9278846 | T29: =(2*Z29+2*AA29+AB29+2*AC29)/7 -> 0.41255495 | U29: =(Z29+AA29+AC29)/3 -> 0.44923077 | V29: =Mortality!Z13 -> 0.06 | W29: =Disease!Z13 -> 0.42 | X29: =Slaughter!Z13/24 -> 0.1925 | Y29: =Space!Z13/100 -> 0.38769231 | Z29: =Mortality!Z13/Mortality!$G$2 -> 0.12 | AA29: =Disease!Z13/Disease!$G$2 -> 0.84 | AB29: =Slaughter!Z13/Slaughter!$G$2 -> 0.1925 | AC29: =Space!Z13/Space!$G$2 -> 0.38769231 | AD29: ='Life duration'!Z13 -> 0.0066666667 | AE29: =Slaughter!Z13/(365*24) -> 0.00052739726
A30: Rabbit | B30: ='No affected'!K14 -> 1.24 | C30: =Ability!B14 -> 0.67196797 | D30: =2*G30+2*H30+I30+2*J30 -> 1.4556333 | E30: =(2*K30+2*L30+N30+2*M30)/7 -> 0.27138095 | F30: =(K30+L30+N30)/3 -> 0.28573333 | G30: =Mortality!K14 -> 0.15 | H30: =Disease!K14 -> 0.11 | I30: =Slaughter!K14/24 -> 0.26123333 | J30: =Space!K14/100 -> 0.3372 | K30: =Mortality!K14/Mortality!$G$2 -> 0.3 | L30: =Disease!K14/Disease!$G$2 -> 0.22 | M30: =Slaughter!K14/Slaughter!$G$2 -> 0.26123333 | N30: =Space!K14/Space!$G$2 -> 0.3372 | O30: ='Life duration'!K14 -> 0.16666667 | P30: =Slaughter!K14/(365*24) -> 0.00071570776
A31: Laying hen | B31: ='No affected'!K15 -> 0.06 | C31: =Ability!B15 -> 0.58534078 | D31: =2*G31+2*H31+I31+2*J31 -> 2.5155533 | E31: =(2*K31+2*L31+N31+2*M31)/7 -> 0.43164667 | F31: =(K31+L31+N31)/3 -> 0.52328667 | G31: =Mortality!K15 -> 0.03 | H31: =Disease!K15 -> 0.42 | I31: =Slaughter!K15/24 -> 0.27583333 | J31: =Space!K15/100 -> 0.66986 | K31: =Mortality!K15/Mortality!$G$2 -> 0.06 | L31: =Disease!K15/Disease!$G$2 -> 0.84 | M31: =Slaughter!K15/Slaughter!$G$2 -> 0.27583333 | N31: =Space!K15/Space!$G$2 -> 0.66986 | O31: ='Life duration'!K15 -> 1.2 | P31: =Slaughter!K15/(365*24) -> 0.00075570776 | Q31: ='No affected'!Z15 -> 0.06 | R31: =Ability!D15 -> 0.25562743 | S31: =2*V31+2*W31+X31+2*Y31 -> 0.0069444444 | T31: =(2*Z31+2*AA31+AB31+2*AC31)/7 -> 0.00099206349 | U31: =(Z31+AA31+AC31)/3 -> 0 | V31: =Mortality!Z15 -> 0 | W31: =Disease!Z15 -> 0 | X31: =Slaughter!Z15/24 -> 0.0069444444 | Y31: =Space!Z15/100 -> 0 | Z31: =Mortality!Z15/Mortality!$G$2 -> 0 | AA31: =Disease!Z15/Disease!$G$2 -> 0 | AB31: =Slaughter!Z15/Slaughter!$G$2 -> 0.0069444444 | AC31: =Space!Z15/Space!$G$2 -> 0 | AD31: ='Life duration'!Z15 -> 3.1709792e-07 | AE31: =Slaughter!Z15/(365*24) -> 1.9025875e-05

Sheet SE
A2: Sweden
B5: Perception Adjusted Animal Lifes Affected (PAALA) | E5: Perception Adjusted Animal Lifes Affected (PAALA) - normalised | H5: Animal Life Years Suffered (ALYS) | K5: Perception Adjusted Animal Life Years Suffered (PAALYS)
B6: Total | C6: Prod. animal | D6: Parent | E6: Total | F6: Prod. animal | G6: Parent | H6: Total | I6: Prod. animal | J6: Parent | K6: Total | L6: Prod. animal | M6: Parent
A7: Beef suckler herds | B7: =C7+D7 -> 0.25558931 | C7: =B22*C22*D22*100 -> 0.21778957 | D7: =Q22*R22*S22*100 -> 0.037799743 | E7: =F7+G7 -> 0.051148479 | F7: =B22*C22*E22*100 -> 0.044333951 | G7: =Q22*R22*T22*100 -> 0.0068145282 | H7: =I7+J7 -> 0.00082493371 | I7: =B22*((O22-P22)*F22+P22) -> 0.00074627434 | J7: =Q22*((AD22-AE22)*U22+AE22) -> 7.8659368e-05 | K7: =L7+M7 -> 0.00072932639 | L7: =C22*B22*((O22-P22)*F22+P22) -> 0.00065978341 | M7: =R22*Q22*((AD22-AE22)*U22+AE22) -> 6.9542986e-05
A8: Beef dairy int | B8: =C8+D8 -> 0.66887782 | C8: =B23*C23*D23*100 -> 0.66887782 | E8: =F8+G8 -> 0.13954995 | F8: =B23*C23*E23*100 -> 0.13954995 | H8: =I8+J8 -> 0.0011142257 | I8: =B23*((O23-P23)*F23+P23) -> 0.0011142257 | K8: =L8+M8 -> 0.00091416415 | L8: =C23*B23*((O23-P23)*F23+P23) -> 0.00091416415
A9: Beef dairy ext | B9: =C9+D9 -> 0.34030335 | C9: =B24*C24*D24*100 -> 0.34030335 | E9: =F9+G9 -> 0.071670045 | F9: =B24*C24*E24*100 -> 0.071670045 | H9: =I9+J9 -> 0.0012860309 | I9: =B24*((O24-P24)*F24+P24) -> 0.0012860309 | K9: =L9+M9 -> 0.0011369838 | L9: =C24*B24*((O24-P24)*F24+P24) -> 0.0011369838
A10: Milk | B10: =C10+D10 -> 0.0080982771 | C10: =B25*C25*D25*100 -> 0.0080982771 | E10: =F10+G10 -> 0.0018856578 | F10: =B25*C25*E25*100 -> 0.0018856578 | H10: =I10+J10 -> 0.00013369608 | I10: =B25*((O25-P25)*F25+P25) -> 0.00013369608 | K10: =L10+M10 -> 0.00011820111 | L10: =C25*B25*((O25-P25)*F25+P25) -> 0.00011820111
A11: Horse | B11: =C11+D11 -> 0.3513869 | C11: =B26*C26*D26*100 -> 0.3513869 | E11: =F11+G11 -> 0.082556892 | F11: =B26*C26*E26*100 -> 0.082556892 | H11: =I11+J11 -> 0.0015185578 | I11: =B26*((O26-P26)*F26+P26) -> 0.0015185578 | K11: =L11+M11 -> 0.0013350191 | L11: =C26*B26*((O26-P26)*F26+P26) -> 0.0013350191
A12: Lamb meat | B12: =C12+D12 -> 3.8345383 | C12: =B27*C27*D27*100 -> 3.7551198 | D12: =Q27*R27*S27*100 -> 0.079418499 | E12: =F12+G12 -> 0.87897324 | F12: =B27*C27*E27*100 -> 0.86457127 | G12: =Q27*R27*T27*100 -> 0.01440197 | H12: =I12+J12 -> 0.0040878647 | I12: =B27*((O27-P27)*F27+P27) -> 0.0040124869 | J12: =Q27*((AD27-AE27)*U27+AE27) -> 7.5377842e-05 | K12: =L12+M12 -> 0.0033586783 | L12: =C27*B27*((O27-P27)*F27+P27) -> 0.0032920365 | M12: =R27*Q27*((AD27-AE27)*U27+AE27) -> 6.6641779e-05
A13: Pig meat | B13: =C13+D13 -> 2.8155573 | C13: =B28*C28*D28*100 -> 2.7714472 | D13: =Q28*R28*S28*100 -> 0.044110025 | E13: =F13+G13 -> 0.52762506 | F13: =B28*C28*E28*100 -> 0.51947952 | G13: =Q28*R28*T28*100 -> 0.0081455374 | H13: =I13+J13 -> 0.0033178875 | I13: =B28*((O28-P28)*F28+P28) -> 0.0033151602 | J13: =Q28*((AD28-AE28)*U28+AE28) -> 2.7273075e-06 | K13: =L13+M13 -> 0.0029193022 | L13: =C28*B28*((O28-P28)*F28+P28) -> 0.0029167166 | M13: =R28*Q28*((AD28-AE28)*U28+AE28) -> 2.5856415e-06
A14: Chicken meat | B14: =C14+D14 -> 60.402416 | C14: =B29*C29*D29*100 -> 59.815578 | D14: =Q29*R29*S29*100 -> 0.58683719 | E14: =F14+G14 -> 7.4880946 | F14: =B29*C29*E29*100 -> 7.3602723 | G14: =Q29*R29*T29*100 -> 0.12782227 | H14: =I14+J14 -> 0.018156882 | I14: =B29*((O29-P29)*F29+P29) -> 0.018138285 | J14: =Q29*((AD29-AE29)*U29+AE29) -> 1.859692e-05 | K14: =L14+M14 -> 0.0098629685 | L14: =C29*B29*((O29-P29)*F29+P29) -> 0.0098528665 | M14: =R29*Q29*((AD29-AE29)*U29+AE29) -> 1.0102001e-05
A15: Rabbit | B15: =C15+D15 -> 41.615201 | C15: =B30*C30*D30*100 -> 41.615201 | E15: =F15+G15 -> 10.40112 | F15: =B30*C30*E30*100 -> 10.40112 | H15: =I15+J15 -> 0.022595427 | I15: =B30*((O30-P30)*F30+P30) -> 0.022595427 | K15: =L15+M15 -> 0.015183403 | L15: =C30*B30*((O30-P30)*F30+P30) -> 0.015183403
A16: Egg | B16: =C16+D16 -> 7.713809 | C16: =B31*C31*D31*100 -> 7.7024478 | D16: =Q31*R31*S31*100 -> 0.011361219 | E16: =F16+G16 -> 1.5552392 | F16: =B31*C31*E31*100 -> 1.5536162 | G16: =Q31*R31*T31*100 -> 0.0016230313 | H16: =I16+J16 -> 0.035942376 | I16: =B31*((O31-P31)*F31+P31) -> 0.035941159 | J16: =Q31*((AD31-AE31)*U31+AE31) -> 1.217656e-06 | K16: =L16+M16 -> 0.021038137 | L16: =C31*B31*((O31-P31)*F31+P31) -> 0.021037826 | M16: =R31*Q31*((AD31-AE31)*U31+AE31) -> 3.1126627e-07
A18: Animal data
B20: PRODUCTION ANIMALS | G20: Non-normalised | K20: Normalised | Q20: PARENT ANIMALS (male chicks for hen) | V20: Non-normalised | Z20: Normalised
B21: Number affected | C21: Ability - normalised | D21: Suffering | E21: Suffering - normalised | F21: Suffering norm ex. slaughter | G21: Mortality | H21: Disease | I21: Slaughter | J21: Space | K21: Mortality | L21: Disease | M21: Slaughter | N21: Space | O21: Life duration (years) | P21: Slaughter duration (years) | Q21: Number affected | R21: Ability | S21: Suffering | T21: Suffering norm | U21: Suffering norm ex. slaughter | V21: Mortality | W21: Disease | X21: Slaughter | Y21: Space | Z21: Mortality | AA21: Disease | AB21: Slaughter | AC21: Space | AD21: Life duration (years) | AE21: Slaughter duration (years)
A22: Cattle suckler herds | B22: ='No affected'!L6 -> 0.0035 | C22: =Ability!B6 -> 0.88410303 | D22: =2*G22+2*H22+I22+2*J22 -> 0.70382736 | E22: =(2*K22+2*L22+N22+2*M22)/7 -> 0.14327338 | F22: =(K22+L22+N22)/3 -> 0.10630456 | G22: =Mortality!L6 -> 0.042 | H22: =Disease!L6 -> 0.05 | I22: =Slaughter!L6/24 -> 0.25 | J22: =Space!L6/100 -> 0.13491368 | K22: =Mortality!L6/Mortality!$G$2 -> 0.084 | L22: =Disease!L6/Disease!$G$2 -> 0.1 | M22: =Slaughter!L6/Slaughter!$G$2 -> 0.25 | N22: =Space!L6/Space!$G$2 -> 0.13491368 | O22: ='Life duration'!L6 -> 2 | P22: =Slaughter!L6/(365*24) -> 0.00068493151 | Q22: ='No affected'!AA6 -> 0.0008 | R22: =Ability!D6 -> 0.88410303 | S22: =2*V22+2*W22+X22+2*Y22 -> 0.53443634 | T22: =(2*Z22+2*AA22+AB22+2*AC22)/7 -> 0.096348049 | U22: =(Z22+AA22+AC22)/3 -> 0.070739391 | V22: =Mortality!AA6 -> 0.03 | W22: =Disease!AA6 -> 0.04 | X22: =Slaughter!AA6/24 -> 0.25 | Y22: =Space!AA6/100 -> 0.072218172 | Z22: =Mortality!AA6/Mortality!$G$2 -> 0.06 | AA22: =Disease!AA6/Disease!$G$2 -> 0.08 | AB22: =Slaughter!AA6/Slaughter!$G$2 -> 0.25 | AC22: =Space!AA6/Space!$G$2 -> 0.072218172 | AD22: ='Life duration'!AA6 -> 1.3809524 | AE22: =Slaughter!AA6/(365*24) -> 0.00068493151
A23: Meat cattle dairy intensive | B23: ='No affected'!L7 -> 0.009 | C23: =Ability!B7 -> 0.82044792 | D23: =2*G23+2*H23+I23+2*J23 -> 0.9058437 | E23: =(2*K23+2*L23+N23+2*M23)/7 -> 0.18898884 | F23: =(K23+L23+N23)/3 -> 0.16430728 | G23: =Mortality!L7 -> 0.065 | H23: =Disease!L7 -> 0.1 | I23: =Slaughter!L7/24 -> 0.25 | J23: =Space!L7/100 -> 0.16292185 | K23: =Mortality!L7/Mortality!$G$2 -> 0.13 | L23: =Disease!L7/Disease!$G$2 -> 0.2 | M23: =Slaughter!L7/Slaughter!$G$2 -> 0.25 | N23: =Space!L7/Space!$G$2 -> 0.16292185 | O23: ='Life duration'!L7 -> 0.75 | P23: =Slaughter!L7/(365*24) -> 0.00068493151
A24: Meat cattle dairy extensive | B24: ='No affected'!L8 -> 0.005 | C24: =Ability!B8 -> 0.88410303 | D24: =2*G24+2*H24+I24+2*J24 -> 0.76982736 | E24: =(2*K24+2*L24+N24+2*M24)/7 -> 0.16213053 | F24: =(K24+L24+N24)/3 -> 0.12830456 | G24: =Mortality!L8 -> 0.075 | H24: =Disease!L8 -> 0.05 | I24: =Slaughter!L8/24 -> 0.25 | J24: =Space!L8/100 -> 0.13491368 | K24: =Mortality!L8/Mortality!$G$2 -> 0.15 | L24: =Disease!L8/Disease!$G$2 -> 0.1 | M24: =Slaughter!L8/Slaughter!$G$2 -> 0.25 | N24: =Space!L8/Space!$G$2 -> 0.13491368 | O24: ='Life duration'!L8 -> 2 | P24: =Slaughter!L8/(365*24) -> 0.00068493151
A25: Dairy cows | B25: ='No affected'!L9 -> 0.0001 | C25: =Ability!B9 -> 0.88410303 | D25: =2*G25+2*H25+I25+2*J25 -> 0.91598793 | E25: =(2*K25+2*L25+N25+2*M25)/7 -> 0.21328485 | F25: =(K25+L25+N25)/3 -> 0.18433132 | G25: =Mortality!L9 -> 0.06 | H25: =Disease!L9 -> 0.16 | I25: =Slaughter!L9/24 -> 0.25 | J25: =Space!L9/100 -> 0.11299396 | K25: =Mortality!L9/Mortality!$G$2 -> 0.12 | L25: =Disease!L9/Disease!$G$2 -> 0.32 | M25: =Slaughter!L9/Slaughter!$G$2 -> 0.25 | N25: =Space!L9/Space!$G$2 -> 0.11299396 | O25: ='Life duration'!L9 -> 7.25 | P25: =Slaughter!L9/(365*24) -> 0.00068493151
A26: Horse | B26: ='No affected'!L10 -> 0.005 | C26: =Ability!B10 -> 0.87913616 | D26: =2*G26+2*H26+I26+2*J26 -> 0.7993913 | E26: =(2*K26+2*L26+N26+2*M26)/7 -> 0.18781366 | F26: =(K26+L26+N26)/3 -> 0.15156522 | G26: =Mortality!L10 -> 0.03 | H26: =Disease!L10 -> 0.15 | I26: =Slaughter!L10/24 -> 0.25 | J26: =Space!L10/100 -> 0.094695652 | K26: =Mortality!L10/Mortality!$G$2 -> 0.06 | L26: =Disease!L10/Disease!$G$2 -> 0.3 | M26: =Slaughter!L10/Slaughter!$G$2 -> 0.25 | N26: =Space!L10/Space!$G$2 -> 0.094695652 | O26: ='Life duration'!L10 -> 2 | P26: =Slaughter!L10/(365*24) -> 0.00068493151
A27: Lamb | B27: ='No affected'!L11 -> 0.064 | C27: =Ability!B11 -> 0.82044792 | D27: =2*G27+2*H27+I27+2*J27 -> 0.71514286 | E27: =(2*K27+2*L27+N27+2*M27)/7 -> 0.16465306 | F27: =(K27+L27+N27)/3 -> 0.12419048 | G27: =Mortality!L11 -> 0.08 | H27: =Disease!L11 -> 0.06 | I27: =Slaughter!L11/24 -> 0.25 | J27: =Space!L11/100 -> 0.092571429 | K27: =Mortality!L11/Mortality!$G$2 -> 0.16 | L27: =Disease!L11/Disease!$G$2 -> 0.12 | M27: =Slaughter!L11/Slaughter!$G$2 -> 0.25 | N27: =Space!L11/Space!$G$2 -> 0.092571429 | O27: ='Life duration'!L11 -> 0.5 | P27: =Slaughter!L11/(365*24) -> 0.00068493151 | Q27: ='No affected'!AA11 -> 0.0011 | R27: =Ability!D11 -> 0.88410303 | S27: =2*V27+2*W27+X27+2*Y27 -> 0.81663146 | T27: =(2*Z27+2*AA27+AB27+2*AC27)/7 -> 0.14809021 | U27: =(Z27+AA27+AC27)/3 -> 0.13110524 | V27: =Mortality!AA11 -> 0.06 | W27: =Disease!AA11 -> 0.05 | X27: =Slaughter!AA11/24 -> 0.25 | Y27: =Space!AA11/100 -> 0.17331573 | Z27: =Mortality!AA11/Mortality!$G$2 -> 0.12 | AA27: =Disease!AA11/Disease!$G$2 -> 0.1 | AB27: =Slaughter!AA11/Slaughter!$G$2 -> 0.25 | AC27: =Space!AA11/Space!$G$2 -> 0.17331573 | AD27: ='Life duration'!AA11 -> 0.51813472 | AE27: =Slaughter!AA11/(365*24) -> 0.00068493151
A28: Pig | B28: ='No affected'!L12 -> 0.017727547 | C28: =Ability!B12 -> 0.87981166 | D28: =2*G28+2*H28+I28+2*J28 -> 1.7769216 | E28: =(2*K28+2*L28+N28+2*M28)/7 -> 0.33306583 | F28: =(K28+L28+N28)/3 -> 0.3731536 | G28: =Mortality!L12 -> 0.206 | H28: =Disease!L12 -> 0.15 | I28: =Slaughter!L12/24 -> 0.25 | J28: =Space!L12/100 -> 0.40746079 | K28: =Mortality!L12/Mortality!$G$2 -> 0.412 | L28: =Disease!L12/Disease!$G$2 -> 0.3 | M28: =Slaughter!L12/Slaughter!$G$2 -> 0.25 | N28: =Space!L12/Space!$G$2 -> 0.40746079 | O28: ='Life duration'!L12 -> 0.5 | P28: =Slaughter!L12/(365*24) -> 0.00068493151 | Q28: ='No affected'!AA12 -> 0.00037 | R28: =Ability!D12 -> 0.94805646 | S28: =2*V28+2*W28+X28+2*Y28 -> 1.2574808 | T28: =(2*Z28+2*AA28+AB28+2*AC28)/7 -> 0.23221155 | U28: =(Z28+AA28+AC28)/3 -> 0.22924681 | V28: =Mortality!AA12 -> 0.034 | W28: =Disease!AA12 -> 0.15 | X28: =Slaughter!AA12/24 -> 0.25 | Y28: =Space!AA12/100 -> 0.31974042 | Z28: =Mortality!AA12/Mortality!$G$2 -> 0.068 | AA28: =Disease!AA12/Disease!$G$2 -> 0.3 | AB28: =Slaughter!AA12/Slaughter!$G$2 -> 0.25 | AC28: =Space!AA12/Space!$G$2 -> 0.31974042 | AD28: ='Life duration'!AA12 -> 0.029850746 | AE28: =Slaughter!AA12/(365*24) -> 0.00068493151
A29: Chicken | B29: ='No affected'!L13 -> 0.75216903 | C29: =Ability!B13 -> 0.54320828 | D29: =2*G29+2*H29+I29+2*J29 -> 1.463971 | E29: =(2*K29+2*L29+N29+2*M29)/7 -> 0.18014079 | F29: =(K29+L29+N29)/3 -> 0.24721739 | G29: =Mortality!L13 -> 0.038 | H29: =Disease!L13 -> 0.055 | I29: =Slaughter!L13/24 -> 0.16666667 | J29: =Space!L13/100 -> 0.55565217 | K29: =Mortality!L13/Mortality!$G$2 -> 0.076 | L29: =Disease!L13/Disease!$G$2 -> 0.11 | M29: =Slaughter!L13/Slaughter!$G$2 -> 0.16666667 | N29: =Space!L13/Space!$G$2 -> 0.55565217 | O29: ='Life duration'!L13 -> 0.096153846 | P29: =Slaughter!L13/(365*24) -> 0.000456621 | Q29: ='No affected'!AA13 -> 0.0054505002 | R29: =Ability!D13 -> 0.54320828 | S29: =2*V29+2*W29+X29+2*Y29 -> 1.9820513 | T29: =(2*Z29+2*AA29+AB29+2*AC29)/7 -> 0.43172161 | U29: =(Z29+AA29+AC29)/3 -> 0.47589744 | V29: =Mortality!AA13 -> 0.06 | W29: =Disease!AA13 -> 0.46 | X29: =Slaughter!AA13/24 -> 0.16666667 | Y29: =Space!AA13/100 -> 0.38769231 | Z29: =Mortality!AA13/Mortality!$G$2 -> 0.12 | AA29: =Disease!AA13/Disease!$G$2 -> 0.92 | AB29: =Slaughter!AA13/Slaughter!$G$2 -> 0.16666667 | AC29: =Space!AA13/Space!$G$2 -> 0.38769231 | AD29: ='Life duration'!AA13 -> 0.0066666667 | AE29: =Slaughter!AA13/(365*24) -> 0.000456621
A30: Rabbit | B30: ='No affected'!L14 -> 0.67 | C30: =Ability!B14 -> 0.67196797 | D30: =2*G30+2*H30+I30+2*J30 -> 0.92433333 | E30: =(2*K30+2*L30+N30+2*M30)/7 -> 0.23102381 | F30: =(K30+L30+N30)/3 -> 0.19905556 | G30: =Mortality!L14 -> 0.15 | H30: =Disease!L14 -> 0.11 | I30: =Slaughter!L14/24 -> 0.25 | J30: =Space!L14/100 -> 0.077166667 | K30: =Mortality!L14/Mortality!$G$2 -> 0.3 | L30: =Disease!L14/Disease!$G$2 -> 0.22 | M30: =Slaughter!L14/Slaughter!$G$2 -> 0.25 | N30: =Space!L14/Space!$G$2 -> 0.077166667 | O30: ='Life duration'!L14 -> 0.16666667 | P30: =Slaughter!L14/(365*24) -> 0.00068493151
A31: Laying hen | B31: ='No affected'!L15 -> 0.064 | C31: =Ability!B15 -> 0.58534078 | D31: =2*G31+2*H31+I31+2*J31 -> 2.05608 | E31: =(2*K31+2*L31+N31+2*M31)/7 -> 0.41472 | F31: =(K31+L31+N31)/3 -> 0.46768 | G31: =Mortality!L15 -> 0.04 | H31: =Disease!L15 -> 0.46 | I31: =Slaughter!L15/24 -> 0.25 | J31: =Space!L15/100 -> 0.40304 | K31: =Mortality!L15/Mortality!$G$2 -> 0.08 | L31: =Disease!L15/Disease!$G$2 -> 0.92 | M31: =Slaughter!L15/Slaughter!$G$2 -> 0.25 | N31: =Space!L15/Space!$G$2 -> 0.40304 | O31: ='Life duration'!L15 -> 1.2 | P31: =Slaughter!L15/(365*24) -> 0.00068493151 | Q31: ='No affected'!AA15 -> 0.064 | R31: =Ability!D15 -> 0.25562743 | S31: =2*V31+2*W31+X31+2*Y31 -> 0.0069444444 | T31: =(2*Z31+2*AA31+AB31+2*AC31)/7 -> 0.00099206349 | U31: =(Z31+AA31+AC31)/3 -> 0 | V31: =Mortality!AA15 -> 0 | W31: =Disease!AA15 -> 0 | X31: =Slaughter!AA15/24 -> 0.0069444444 | Y31: =Space!AA15/100 -> 0 | Z31: =Mortality!AA15/Mortality!$G$2 -> 0 | AA31: =Disease!AA15/Disease!$G$2 -> 0 | AB31: =Slaughter!AA15/Slaughter!$G$2 -> 0.0069444444 | AC31: =Space!AA15/Space!$G$2 -> 0 | AD31: ='Life duration'!AA15 -> 3.1709792e-07 | AE31: =Slaughter!AA15/(365*24) -> 1.9025875e-05

Sheet UK
A2: United Kingdom
B5: Perception Adjusted Animal Lifes Affected (PAALA) | E5: Perception Adjusted Animal Lifes Affected (PAALA) - normalised | H5: Animal Life Years Suffered (ALYS) | K5: Perception Adjusted Animal Life Years Suffered (PAALYS)
B6: Total | C6: Prod. animal | D6: Parent | E6: Total | F6: Prod. animal | G6: Parent | H6: Total | I6: Prod. animal | J6: Parent | K6: Total | L6: Prod. animal | M6: Parent
A7: Beef suckler herds | B7: =C7+D7 -> 0.2861394 | C7: =B22*C22*D22*100 -> 0.24348683 | D7: =Q22*R22*S22*100 -> 0.042652567 | E7: =F7+G7 -> 0.059755467 | F7: =B22*C22*E22*100 -> 0.052247678 | G7: =Q22*R22*T22*100 -> 0.0075077887 | H7: =I7+J7 -> 0.00081161055 | I7: =B22*((O22-P22)*F22+P22) -> 0.00073700654 | J7: =Q22*((AD22-AE22)*U22+AE22) -> 7.4604005e-05 | K7: =L7+M7 -> 0.00071754734 | L7: =C22*B22*((O22-P22)*F22+P22) -> 0.00065158972 | M7: =R22*Q22*((AD22-AE22)*U22+AE22) -> 6.5957627e-05
A8: Beef dairy int | B8: =C8+D8 -> 0.70083407 | C8: =B23*C23*D23*100 -> 0.70083407 | E8: =F8+G8 -> 0.15633688 | F8: =B23*C23*E23*100 -> 0.15633688 | H8: =I8+J8 -> 0.0010617447 | I8: =B23*((O23-P23)*F23+P23) -> 0.0010617447 | K8: =L8+M8 -> 0.00087110625 | L8: =C23*B23*((O23-P23)*F23+P23) -> 0.00087110625
A9: Beef dairy ext | B9: =C9+D9 -> 0.37701373 | C9: =B24*C24*D24*100 -> 0.37701373 | E9: =F9+G9 -> 0.082975369 | F9: =B24*C24*E24*100 -> 0.082975369 | H9: =I9+J9 -> 0.001907102 | I9: =B24*((O24-P24)*F24+P24) -> 0.001907102 | K9: =L9+M9 -> 0.0016860747 | L9: =C24*B24*((O24-P24)*F24+P24) -> 0.0016860747
A10: Milk
A11: Horse meat
A12: Lamb meat | B12: =C12+D12 -> 3.5854013 | C12: =B27*C27*D27*100 -> 3.5159005 | D12: =Q27*R27*S27*100 -> 0.069500766 | E12: =F12+G12 -> 0.96736198 | F12: =B27*C27*E27*100 -> 0.95437682 | G12: =Q27*R27*T27*100 -> 0.012985151 | H12: =I12+J12 -> 0.0033357992 | I12: =B27*((O27-P27)*F27+P27) -> 0.0032788499 | J12: =Q27*((AD27-AE27)*U27+AE27) -> 5.6949303e-05 | K12: =L12+M12 -> 0.0027404746 | L12: =C27*B27*((O27-P27)*F27+P27) -> 0.0026901256 | M12: =R27*Q27*((AD27-AE27)*U27+AE27) -> 5.0349052e-05
A13: Pig meat
A14: Chicken meat
A15: Rabbit meat
A16: Egg
A18: Animal data
B20: PRODUCTION ANIMALS | G20: Non-normalised | K20: Normalised | Q20: PARENT ANIMALS (male chicks for hen) | V20: Non-normalised | Z20: Normalised
B21: Number affected | C21: Ability - normalised | D21: Suffering | E21: Suffering - normalised | F21: Suffering norm ex. slaughter | G21: Mortality | H21: Disease | I21: Slaughter | J21: Space | K21: Mortality | L21: Disease | M21: Slaughter | N21: Space | O21: Life duration (years) | P21: Slaughter duration (years) | Q21: Number affected | R21: Ability | S21: Suffering | T21: Suffering norm | U21: Suffering norm ex. slaughter | V21: Mortality | W21: Disease | X21: Slaughter | Y21: Space | Z21: Mortality | AA21: Disease | AB21: Slaughter | AC21: Space | AD21: Life duration (years) | AE21: Slaughter duration (years)
A22: Cattle suckler herds | B22: ='No affected'!M6 -> 0.0035 | C22: =Ability!B6 -> 0.88410303 | D22: =2*G22+2*H22+I22+2*J22 -> 0.78687283 | E22: =(2*K22+2*L22+N22+2*M22)/7 -> 0.16884806 | F22: =(K22+L22+N22)/3 -> 0.10486769 | G22: =Mortality!M6 -> 0.042 | H22: =Disease!M6 -> 0.05 | I22: =Slaughter!M6/24 -> 0.34166667 | J22: =Space!M6/100 -> 0.13060308 | K22: =Mortality!M6/Mortality!$G$2 -> 0.084 | L22: =Disease!M6/Disease!$G$2 -> 0.1 | M22: =Slaughter!M6/Slaughter!$G$2 -> 0.34166667 | N22: =Space!M6/Space!$G$2 -> 0.13060308 | O22: ='Life duration'!M6 -> 2 | P22: =Slaughter!M6/(365*24) -> 0.00093607306 | Q22: ='No affected'!AB6 -> 0.0008 | R22: =Ability!D6 -> 0.88410303 | S22: =2*V22+2*W22+X22+2*Y22 -> 0.60304859 | T22: =(2*Z22+2*AA22+AB22+2*AC22)/7 -> 0.1061498 | U22: =(Z22+AA22+AC22)/3 -> 0.066896987 | V22: =Mortality!AB6 -> 0.03 | W22: =Disease!AB6 -> 0.04 | X22: =Slaughter!AB6/24 -> 0.34166667 | Y22: =Space!AB6/100 -> 0.060690961 | Z22: =Mortality!AB6/Mortality!$G$2 -> 0.06 | AA22: =Disease!AB6/Disease!$G$2 -> 0.08 | AB22: =Slaughter!AB6/Slaughter!$G$2 -> 0.34166667 | AC22: =Space!AB6/Space!$G$2 -> 0.060690961 | AD22: ='Life duration'!AB6 -> 1.3809524 | AE22: =Slaughter!AB6/(365*24) -> 0.00093607306
A23: Meat cattle dairy intensive | B23: ='No affected'!M7 -> 0.009 | C23: =Ability!B7 -> 0.82044792 | D23: =2*G23+2*H23+I23+2*J23 -> 0.94912121 | E23: =(2*K23+2*L23+N23+2*M23)/7 -> 0.21172294 | F23: =(K23+L23+N23)/3 -> 0.15624242 | G23: =Mortality!M7 -> 0.065 | H23: =Disease!M7 -> 0.1 | I23: =Slaughter!M7/24 -> 0.34166667 | J23: =Space!M7/100 -> 0.13872727 | K23: =Mortality!M7/Mortality!$G$2 -> 0.13 | L23: =Disease!M7/Disease!$G$2 -> 0.2 | M23: =Slaughter!M7/Slaughter!$G$2 -> 0.34166667 | N23: =Space!M7/Space!$G$2 -> 0.13872727 | O23: ='Life duration'!M7 -> 0.75 | P23: =Slaughter!M7/(365*24) -> 0.00093607306
A24: Meat cattle dairy extensive | B24: ='No affected'!M8 -> 0.005 | C24: =Ability!B8 -> 0.88410303 | D24: =2*G24+2*H24+I24+2*J24 -> 0.85287283 | E24: =(2*K24+2*L24+N24+2*M24)/7 -> 0.1877052 | F24: =(K24+L24+N24)/3 -> 0.12686769 | G24: =Mortality!M8 -> 0.075 | H24: =Disease!M8 -> 0.05 | I24: =Slaughter!M8/24 -> 0.34166667 | J24: =Space!M8/100 -> 0.13060308 | K24: =Mortality!M8/Mortality!$G$2 -> 0.15 | L24: =Disease!M8/Disease!$G$2 -> 0.1 | M24: =Slaughter!M8/Slaughter!$G$2 -> 0.34166667 | N24: =Space!M8/Space!$G$2 -> 0.13060308 | O24: ='Life duration'!M8 -> 3 | P24: =Slaughter!M8/(365*24) -> 0.00093607306
A25: Dairy cows
A26: Horse
A27: Lamb | B27: ='No affected'!M11 -> 0.064 | C27: =Ability!B11 -> 0.82044792 | D27: =2*G27+2*H27+I27+2*J27 -> 0.6695848 | E27: =(2*K27+2*L27+N27+2*M27)/7 -> 0.18175606 | F27: =(K27+L27+N27)/3 -> 0.10076413 | G27: =Mortality!M11 -> 0.08 | H27: =Disease!M11 -> 0.06 | I27: =Slaughter!M11/24 -> 0.345 | J27: =Space!M11/100 -> 0.022292402 | K27: =Mortality!M11/Mortality!$G$2 -> 0.16 | L27: =Disease!M11/Disease!$G$2 -> 0.12 | M27: =Slaughter!M11/Slaughter!$G$2 -> 0.345 | N27: =Space!M11/Space!$G$2 -> 0.022292402 | O27: ='Life duration'!M11 -> 0.5 | P27: =Slaughter!M11/(365*24) -> 0.00094520548 | Q27: ='No affected'!AB11 -> 0.0011 | R27: =Ability!D11 -> 0.88410303 | S27: =2*V27+2*W27+X27+2*Y27 -> 0.71465103 | T27: =(2*Z27+2*AA27+AB27+2*AC27)/7 -> 0.13352158 | U27: =(Z27+AA27+AC27)/3 -> 0.098275172 | V27: =Mortality!AB11 -> 0.06 | W27: =Disease!AB11 -> 0.05 | X27: =Slaughter!AB11/24 -> 0.345 | Y27: =Space!AB11/100 -> 0.074825517 | Z27: =Mortality!AB11/Mortality!$G$2 -> 0.12 | AA27: =Disease!AB11/Disease!$G$2 -> 0.1 | AB27: =Slaughter!AB11/Slaughter!$G$2 -> 0.345 | AC27: =Space!AB11/Space!$G$2 -> 0.074825517 | AD27: ='Life duration'!AB11 -> 0.51813472 | AE27: =Slaughter!AB11/(365*24) -> 0.00094520548
A28: Pig
A29: Chicken
A30: Rabbit
A31: Laying hen

Sheet NZ
A2: New Zealand
B5: Perception Adjusted Animal Lifes Affected (PAALA) | E5: Perception Adjusted Animal Lifes Affected (PAALA) - normalised | H5: Animal Life Years Suffered (ALYS) | K5: Perception Adjusted Animal Life Years Suffered (PAALYS)
B6: Total | C6: Prod. animal | D6: Parent | E6: Total | F6: Prod. animal | G6: Parent | H6: Total | I6: Prod. animal | J6: Parent | K6: Total | L6: Prod. animal | M6: Parent
A7: Beef suckler herds
A8: Beef dairy int
A9: Beef dairy ext
A10: Milk
A11: Horse meat
A12: Lamb meat | B12: =C12+D12 -> 3.0615509 | C12: =B27*C27*D27*100 -> 3.0323755 | D12: =Q27*R27*S27*100 -> 0.0291754 | E12: =F12+G12 -> 0.87472883 | F12: =B27*C27*E27*100 -> 0.866393 | G12: =Q27*R27*T27*100 -> 0.0083358286 | H12: =I12+J12 -> 0.00010112861 | I12: =B27*((O27-P27)*F27+P27) -> 2.4739726e-05 | J12: =Q27*((AD27-AE27)*U27+AE27) -> 7.6388889e-05 | K12: =L12+M12 -> 8.7833305e-05 | L12: =C27*B27*((O27-P27)*F27+P27) -> 2.0297657e-05 | M12: =R27*Q27*((AD27-AE27)*U27+AE27) -> 6.7535648e-05
A13: Pig meat
A14: Chicken meat
A15: Rabbit meat
A16: Egg
A18: Animal data
B20: PRODUCTION ANIMALS | G20: Non-normalised | K20: Normalised | Q20: PARENT ANIMALS (male chicks for hen) | V20: Non-normalised | Z20: Normalised
B21: Number affected | C21: Ability - normalised | D21: Suffering | E21: Suffering - normalised | F21: Suffering norm ex. slaughter | G21: Mortality | H21: Disease | I21: Slaughter | J21: Space | K21: Mortality | L21: Disease | M21: Slaughter | N21: Space | O21: Life duration (years) | P21: Slaughter duration (years) | Q21: Number affected | R21: Ability | S21: Suffering | T21: Suffering norm | U21: Suffering norm ex. slaughter | V21: Mortality | W21: Disease | X21: Slaughter | Y21: Space | Z21: Mortality | AA21: Disease | AB21: Slaughter | AC21: Space | AD21: Life duration (years) | AE21: Slaughter duration (years)
A22: Cattle suckler herds
A23: Meat cattle dairy intensive
A24: Meat cattle dairy extensive
A25: Dairy cows
A26: Horse
A27: Lamb | B27: ='No affected'!N11 -> 0.063 | C27: =Ability!B11 -> 0.82044792 | D27: =2*G27+2*H27+I27+2*J27 -> 0.58666667 | E27: =(2*K27+2*L27+N27+2*M27)/7 -> 0.16761905 | F27: =(K27+L27+N27)/3 -> 0.14 | G27: =Mortality!N11 -> 0.15 | H27: =Disease!N11 -> 0.06 | I27: =Slaughter!N11/24 -> 0.16666667 | J27: =Space!N11/100 -> 0 | K27: =Mortality!N11/Mortality!$G$2 -> 0.3 | L27: =Disease!N11/Disease!$G$2 -> 0.12 | M27: =Slaughter!N11/Slaughter!$G$2 -> 0.16666667 | N27: =Space!N11/Space!$G$2 -> 0 | O27: ='Life duration'!N11 -> 0 | P27: =Slaughter!N11/(365*24) -> 0.000456621 | Q27: ='No affected'!AC11 -> 0.0015 | R27: =Ability!D11 -> 0.88410303 | S27: =2*V27+2*W27+X27+2*Y27 -> 0.22 | T27: =(2*Z27+2*AA27+AB27+2*AC27)/7 -> 0.062857143 | U27: =(Z27+AA27+AC27)/3 -> 0.073333333 | V27: =Mortality!AC11 -> 0.06 | W27: =Disease!AC11 -> 0.05 | X27: =Slaughter!AC11/24 -> 0 | Y27: =Space!AC11/100 -> 0 | Z27: =Mortality!AC11/Mortality!$G$2 -> 0.12 | AA27: =Disease!AC11/Disease!$G$2 -> 0.1 | AB27: =Slaughter!AC11/Slaughter!$G$2 -> 0 | AC27: =Space!AC11/Space!$G$2 -> 0 | AD27: ='Life duration'!AC11 -> 0.69444444 | AE27: =Slaughter!AC11/(365*24) -> 0
A28: Pig
A29: Chicken
A30: Rabbit
A31: Laying hen

Sheet NO
A2: Norway
B5: Perception Adjusted Animal Lifes Affected (PAALA) | E5: Perception Adjusted Animal Lifes Affected (PAALA) - normalised | H5: Animal Life Years Suffered (ALYS) | K5: Perception Adjusted Animal Life Years Suffered (PAALYS)
B6: Total | C6: Prod. animal | D6: Parent | E6: Total | F6: Prod. animal | G6: Parent | H6: Total | I6: Prod. animal | J6: Parent | K6: Total | L6: Prod. animal | M6: Parent
A7: Farmed salmon | B7: =C7+D7 -> 11.456842 | C7: =B13*C13*D13*100 -> 11.456842 | E7: =F7+G7 -> 3.1136196 | F7: =B13*C13*E13*100 -> 3.1136196 | H7: =I7+J7 -> 0.26344336 | I7: =B13*((O13-P13)*F13+P13) -> 0.26344336 | K7: =L7+M7 -> 0.079842305 | L7: =C13*B13*((O13-P13)*F13+P13) -> 0.079842305
A9: Animal data
B11: PRODUCTION ANIMALS | G11: Non-normalised | K11: Normalised | Q11: PARENT ANIMALS (male chicks for hen) | V11: Non-normalised | Z11: Normalised
B12: Number affected | C12: Ability - normalised | D12: Suffering | E12: Suffering - normalised | F12: Suffering norm ex. slaughter | G12: Mortality | H12: Disease | I12: Slaughter | J12: Space | K12: Mortality | L12: Disease | M12: Slaughter | N12: Space | O12: Life duration (years) | P12: Slaughter duration (years) | Q12: Number affected | R12: Ability | S12: Suffering | T12: Suffering norm | U12: Suffering norm ex. slaughter | V12: Mortality | W12: Disease | X12: Slaughter | Y12: Space | Z12: Mortality | AA12: Disease | AB12: Slaughter | AC12: Space | AD12: Life duration (years) | AE12: Slaughter duration (years)
A13: Farmed salmon | B13: ='No affected'!O16 -> 0.4100041 | C13: =Ability!B16 -> 0.30307199 | D13: =2*G13+2*H13+I13+2*J13 -> 0.922 | E13: =(2*K13+2*L13+N13+2*M13)/7 -> 0.25057143 | F13: =(K13+L13+N13)/3 -> 0.214 | G13: =Mortality!O16 -> 0.161 | H13: =Disease!O16 -> 0.145 | I13: =Slaughter!O16/24 -> 0.25 | J13: =Space!O16/100 -> 0.03 | K13: =Mortality!O16/Mortality!$G$2 -> 0.322 | L13: =Disease!O16/Disease!$G$2 -> 0.29 | M13: =Slaughter!O16/Slaughter!$G$2 -> 0.25 | N13: =Space!O16/Space!$G$2 -> 0.03 | O13: ='Life duration'!O16 -> 3 | P13: =Slaughter!O16/(365*24) -> 0.00068493151

Sheet Wild
A2: Wild animals, insects and honeybees
B5: Perception Adjusted Animal Lifes Affected (PAALA) | E5: Perception Adjusted Animal Lifes Affected (PAALA) - normalised (inte använt) | H5: Animal Life Years Suffered (ALYS) | K5: Perception Adjusted Animal Life Years Suffered (PAALYS)
B6: Total | C6: Prod. animal | D6: Parent | E6: Total | F6: Prod. animal | G6: Parent | H6: Total | I6: Prod. animal | J6: Parent | K6: Total | L6: Prod. animal | M6: Parent
A7: Wild fish | B7: =C7+D7 -> 1.8647869 | C7: =B21*C21*D21*100 -> 1.8647869 | E7: =F7+G7 -> 0.53279625 | F7: =B21*C21*E21*100 -> 0.53279625 | H7: =I7+J7 -> 0.00015981735 | I7: =B21*((O21-P21)*F21+P21) -> 0.00015981735 | K7: =L7+M7 -> 5.1090051e-05 | L7: =C21*B21*((O21-P21)*F21+P21) -> 5.1090051e-05
A8: Mussels | B8: =C8+D8 -> 3.548324 | C8: =B22*C22*D22*100 -> 3.548324 | E8: =F8+G8 -> 1.0138069 | F8: =B22*C22*E22*100 -> 1.0138069 | H8: =I8+J8 -> 0.0019474886 | I8: =B22*((O22-P22)*F22+P22) -> 0.0019474886 | K8: =L8+M8 -> 9.7214357e-05 | L8: =C22*B22*((O22-P22)*F22+P22) -> 9.7214357e-05
A9: Shrimp | B9: =C9+D9 -> 9.7388299 | C9: =B23*C23*D23*100 -> 9.7388299 | E9: =F9+G9 -> 2.7825228 | F9: =B23*C23*E23*100 -> 2.7825228 | H9: =I9+J9 -> 0.001826484 | I9: =B23*((O23-P23)*F23+P23) -> 0.001826484 | K9: =L9+M9 -> 0.00026681726 | L9: =C23*B23*((O23-P23)*F23+P23) -> 0.00026681726
A10: Octopus | B10: =C10+D10 -> 0.70248667 | C10: =B24*C24*D24*100 -> 0.70248667 | E10: =F10+G10 -> 0.20071048 | F10: =B24*C24*E24*100 -> 0.20071048 | H10: =I10+J10 -> 5.1940639e-05 | I10: =B24*((O24-P24)*F24+P24) -> 5.1940639e-05 | K10: =L10+M10 -> 1.924621e-05 | L10: =C24*B24*((O24-P24)*F24+P24) -> 1.924621e-05
A11: Wild ruminant meat | B11: =C11+D11 -> 0.0032379342 | C11: =B25*C25*D25*100 -> 0.0032379342 | E11: =F11+G11 -> 0.00092512407 | F11: =B25*C25*E25*100 -> 0.00092512407 | H11: =I11+J11 -> 9.5129376e-08 | I11: =B25*((O25-P25)*F25+P25) -> 9.5129376e-08 | K11: =L11+M11 -> 8.8710527e-08 | L11: =C25*B25*((O25-P25)*F25+P25) -> 8.8710527e-08
A12: Wild boar meat | B12: =C12+D12 -> 0.0022222222 | C12: =B26*C26*D26*100 -> 0.0022222222 | E12: =F12+G12 -> 0.00063492063 | F12: =B26*C26*E26*100 -> 0.00063492063 | H12: =I12+J12 -> 6.0882801e-08 | I12: =B26*((O26-P26)*F26+P26) -> 6.0882801e-08 | K12: =L12+M12 -> 6.0882801e-08 | L12: =C26*B26*((O26-P26)*F26+P26) -> 6.0882801e-08
A13: Wild rabbit meat | B13: =C13+D13 -> 0.031305654 | C13: =B27*C27*D27*100 -> 0.031305654 | E13: =F13+G13 -> 0.0089444725 | F13: =B27*C27*E27*100 -> 0.0089444725 | H13: =I13+J13 -> 1.2100457e-06 | I13: =B27*((O27-P27)*F27+P27) -> 1.2100457e-06 | K13: =L13+M13 -> 8.5768914e-07 | L13: =C27*B27*((O27-P27)*F27+P27) -> 8.5768914e-07
A14: Mealworm meat | B14: =C14+D14 -> 0.27459417 | C14: =B28*C28*D28*100 -> 0.27459417 | E14: =F14+G14 -> 0.078455478 | F14: =B28*C28*E28*100 -> 0.078455478 | H14: =I14+J14 -> 0.00019025875 | I14: =B28*((O28-P28)*F28+P28) -> 0.00019025875 | K14: =L14+M14 -> 7.523128e-06 | L14: =C28*B28*((O28-P28)*F28+P28) -> 7.523128e-06
A15: Honey | B15: =C15+D15 -> 0.3698657 | C15: =B29*C29*D29*100 -> 0.3698657 | E15: =F15+G15 -> 0.10567591 | F15: =B29*C29*E29*100 -> 0.10567591 | H15: =I15+J15 -> 0.00011415525 | I15: =B29*((O29-P29)*F29+P29) -> 0.00011415525 | K15: =L15+M15 -> 1.0133307e-05 | L15: =C29*B29*((O29-P29)*F29+P29) -> 1.0133307e-05
A17: Animal data
B19: PRODUCTION ANIMALS | G19: Non-normalised | K19: Normalised | Q19: PARENT ANIMALS (male chicks for hen) | V19: Non-normalised | Z19: Normalised
B20: Number affected | C20: Ability - normalised | D20: Suffering | E20: Suffering - normalised | F20: Suffering norm ex. slaughter | G20: Mortality | H20: Disease | I20: Slaughter | J20: Space | K20: Mortality | L20: Disease | M20: Slaughter | N20: Space | O20: Life duration (years) | P20: Slaughter duration (years) | Q20: Number affected | R20: Ability | S20: Suffering | T20: Suffering norm | U20: Suffering norm ex. slaughter | V20: Mortality | W20: Disease | X20: Slaughter | Y20: Space | Z20: Mortality | AA20: Disease | AB20: Slaughter | AC20: Space | AD20: Life duration (years) | AE20: Slaughter duration (years)
A21: Wild fish | B21: ='No affected'!P17 -> 0.4 | C21: =Ability!B17 -> 0.31967775 | D21: =2*G21+2*H21+I21+2*J21 -> 0.14583333 | E21: =(2*K21+2*L21+N21+2*M21)/7 -> 0.041666667 | F21: =(K21+L21+N21)/3 -> 0 | G21: =Mortality!P17 -> 0 | H21: =Disease!P17 -> 0 | I21: =Slaughter!P17/24 -> 0.14583333 | J21: =Space!P17/100 -> 0 | K21: =Mortality!P17/Mortality!$G$2 -> 0 | L21: =Disease!P17/Disease!$G$2 -> 0 | M21: =Slaughter!P17/Slaughter!$G$2 -> 0.14583333 | N21: =Space!P17/Space!$G$2 -> 0 | O21: ='Life duration'!P17 -> 3 | P21: =Slaughter!P17/(365*24) -> 0.00039954338
A22: Mussels | B22: ='No affected'!P18 -> 8.53 | C22: =Ability!B18 -> 0.049917806 | D22: =2*G22+2*H22+I22+2*J22 -> 0.083333333 | E22: =(2*K22+2*L22+N22+2*M22)/7 -> 0.023809524 | F22: =(K22+L22+N22)/3 -> 0 | G22: =Mortality!P18 -> 0 | H22: =Disease!P18 -> 0 | I22: =Slaughter!P18/24 -> 0.083333333 | J22: =Space!P18/100 -> 0 | K22: =Mortality!P18/Mortality!$G$2 -> 0 | L22: =Disease!P18/Disease!$G$2 -> 0 | M22: =Slaughter!P18/Slaughter!$G$2 -> 0.083333333 | N22: =Space!P18/Space!$G$2 -> 0 | O22: ='Life duration'!P18 -> 1.5 | P22: =Slaughter!P18/(365*24) -> 0.0002283105
A23: Shrimp | B23: ='No affected'!P19 -> 16 | C23: =Ability!B19 -> 0.14608245 | D23: =2*G23+2*H23+I23+2*J23 -> 0.041666667 | E23: =(2*K23+2*L23+N23+2*M23)/7 -> 0.011904762 | F23: =(K23+L23+N23)/3 -> 0 | G23: =Mortality!P19 -> 0 | H23: =Disease!P19 -> 0 | I23: =Slaughter!P19/24 -> 0.041666667 | J23: =Space!P19/100 -> 0 | K23: =Mortality!P19/Mortality!$G$2 -> 0 | L23: =Disease!P19/Disease!$G$2 -> 0 | M23: =Slaughter!P19/Slaughter!$G$2 -> 0.041666667 | N23: =Space!P19/Space!$G$2 -> 0 | O23: ='Life duration'!P19 -> 0.83333333 | P23: =Slaughter!P19/(365*24) -> 0.00011415525
A24: Octopus | B24: ='No affected'!P20 -> 0.13 | C24: =Ability!B20 -> 0.37054242 | D24: =2*G24+2*H24+I24+2*J24 -> 0.14583333 | E24: =(2*K24+2*L24+N24+2*M24)/7 -> 0.041666667 | F24: =(K24+L24+N24)/3 -> 0 | G24: =Mortality!P20 -> 0 | H24: =Disease!P20 -> 0 | I24: =Slaughter!P20/24 -> 0.14583333 | J24: =Space!P20/100 -> 0 | K24: =Mortality!P20/Mortality!$G$2 -> 0 | L24: =Disease!P20/Disease!$G$2 -> 0 | M24: =Slaughter!P20/Slaughter!$G$2 -> 0.14583333 | N24: =Space!P20/Space!$G$2 -> 0 | O24: ='Life duration'!P20 -> 3 | P24: =Slaughter!P20/(365*24) -> 0.00039954338
A25: Wild ruminants | B25: ='No affected'!P21 -> 0.05 | C25: =Ability!B21 -> 0.93252506 | D25: =2*G25+2*H25+I25+2*J25 -> 0.00069444444 | E25: =(2*K25+2*L25+N25+2*M25)/7 -> 0.0001984127 | F25: =(K25+L25+N25)/3 -> 0 | G25: =Mortality!P21 -> 0 | H25: =Disease!P21 -> 0 | I25: =Slaughter!P21/24 -> 0.00069444444 | J25: =Space!P21/100 -> 0 | K25: =Mortality!P21/Mortality!$G$2 -> 0 | L25: =Disease!P21/Disease!$G$2 -> 0 | M25: =Slaughter!P21/Slaughter!$G$2 -> 0.00069444444 | N25: =Space!P21/Space!$G$2 -> 0 | O25: ='Life duration'!P21 -> 2 | P25: =Slaughter!P21/(365*24) -> 1.9025875e-06
A26: Wild boar | B26: ='No affected'!P22 -> 0.032 | C26: =Ability!B22 -> 1 | D26: =2*G26+2*H26+I26+2*J26 -> 0.00069444444 | E26: =(2*K26+2*L26+N26+2*M26)/7 -> 0.0001984127 | F26: =(K26+L26+N26)/3 -> 0 | G26: =Mortality!P22 -> 0 | H26: =Disease!P22 -> 0 | I26: =Slaughter!P22/24 -> 0.00069444444 | J26: =Space!P22/100 -> 0 | K26: =Mortality!P22/Mortality!$G$2 -> 0 | L26: =Disease!P22/Disease!$G$2 -> 0 | M26: =Slaughter!P22/Slaughter!$G$2 -> 0.00069444444 | N26: =Space!P22/Space!$G$2 -> 0 | O26: ='Life duration'!P22 -> 2 | P26: =Slaughter!P22/(365*24) -> 1.9025875e-06
A27: Wild rabbit | B27: ='No affected'!P23 -> 0.636 | C27: =Ability!B23 -> 0.70880726 | D27: =2*G27+2*H27+I27+2*J27 -> 0.00069444444 | E27: =(2*K27+2*L27+N27+2*M27)/7 -> 0.0001984127 | F27: =(K27+L27+N27)/3 -> 0 | G27: =Mortality!P23 -> 0 | H27: =Disease!P23 -> 0 | I27: =Slaughter!P23/24 -> 0.00069444444 | J27: =Space!P23/100 -> 0 | K27: =Mortality!P23/Mortality!$G$2 -> 0 | L27: =Disease!P23/Disease!$G$2 -> 0 | M27: =Slaughter!P23/Slaughter!$G$2 -> 0.00069444444 | N27: =Space!P23/Space!$G$2 -> 0 | O27: ='Life duration'!P23 -> 0.16666667 | P27: =Slaughter!P23/(365*24) -> 1.9025875e-06
A28: Mealworm | B28: ='No affected'!P24 -> 100 | C28: =Ability!B24 -> 0.039541561 | D28: =2*G28+2*H28+I28+2*J28 -> 0.00069444444 | E28: =(2*K28+2*L28+N28+2*M28)/7 -> 0.0001984127 | F28: =(K28+L28+N28)/3 -> 0 | G28: =Mortality!P24 -> 0 | H28: =Disease!P24 -> 0 | I28: =Slaughter!P24/24 -> 0.00069444444 | J28: =Space!P24/100 -> 0 | K28: =Mortality!P24/Mortality!$G$2 -> 0 | L28: =Disease!P24/Disease!$G$2 -> 0 | M28: =Slaughter!P24/Slaughter!$G$2 -> 0.00069444444 | N28: =Space!P24/Space!$G$2 -> 0 | O28: ='Life duration'!P24 -> 0.29166667 | P28: =Slaughter!P24/(365*24) -> 1.9025875e-06
A29: Honeybee | B29: ='No affected'!P25 -> 120 | C29: =Ability!B25 -> 0.088767767 | D29: =2*G29+2*H29+I29+2*J29 -> 0.00034722222 | E29: =(2*K29+2*L29+N29+2*M29)/7 -> 9.9206349e-05 | F29: =(K29+L29+N29)/3 -> 0 | G29: =Mortality!P25 -> 0 | H29: =Disease!P25 -> 0 | I29: =Slaughter!P25/24 -> 0.00034722222 | J29: =Space!P25/100 -> 0 | K29: =Mortality!P25/Mortality!$G$2 -> 0 | L29: =Disease!P25/Disease!$G$2 -> 0 | M29: =Slaughter!P25/Slaughter!$G$2 -> 0.00034722222 | N29: =Space!P25/Space!$G$2 -> 0 | O29: ='Life duration'!P25 -> 0.25 | P29: =Slaughter!P25/(365*24) -> 9.5129376e-07

Sheet Mortality
A2: Mortality | B2: Max | C2: =MAX(B6:N25,Q6:AC25) -> 0.241 | E2: Dystopia | G2: 0.5
B4: PRODUCTION ANIMALS | Q4: PARENT ANIMALS WHERE APPLICABLE
B5: DK | C5: FR | D5: DE | E5: GR | F5: HU | G5: IE | H5: IT | I5: NL | J5: PL | K5: ES | L5: SE | M5: UK | N5: NZ | O5: NO | P5: Wild | Q5: DK | R5: FR | S5: DE | T5: GR | U5: HU | V5: IE | W5: IT | X5: NL | Y5: PL | Z5: ES | AA5: SE | AB5: UK | AC5: NZ
A6: Cattle suckler herds | B6: 0.042 | C6: 0.042 | D6: 0.042 | E6: 0.042 | F6: 0.042 | G6: 0.042 | H6: 0.042 | I6: 0.042 | J6: 0.042 | K6: 0.042 | L6: 0.042 | M6: 0.042 | Q6: 0.03 | R6: 0.03 | S6: 0.03 | T6: 0.03 | U6: 0.03 | V6: 0.03 | W6: 0.03 | X6: 0.03 | Y6: 0.03 | Z6: 0.03 | AA6: 0.03 | AB6: 0.03
A7: Meat cattle dairy intensive | B7: 0.065 | C7: 0.065 | D7: 0.065 | E7: 0.065 | F7: 0.065 | G7: 0.065 | H7: 0.065 | I7: 0.065 | J7: 0.065 | K7: 0.065 | L7: 0.065 | M7: 0.065 | Q7: Not applicable as all impact from the mother animal (the dairy cow) allocated to the milk
A8: Meat cattle dairy extensive | B8: 0.075 | C8: 0.075 | D8: 0.075 | E8: 0.075 | F8: 0.075 | G8: 0.075 | H8: 0.075 | I8: 0.075 | J8: 0.075 | K8: 0.075 | L8: 0.075 | M8: 0.075 | Q8: Not applicable as all impact from the mother animal (the dairy cow) allocated to the milk
A9: Dairy cows | B9: 0.06 | C9: 0.06 | D9: 0.06 | E9: 0.06 | F9: 0.06 | G9: 0.06 | H9: 0.06 | I9: 0.06 | J9: 0.06 | K9: 0.06 | L9: 0.06
A10: Horse | B10: 0.03 | C10: 0.03 | D10: 0.03 | E10: 0.03 | F10: 0.03 | G10: 0.03 | H10: 0.03 | I10: 0.03 | J10: 0.03 | K10: 0.03 | L10: 0.03
A11: Lamb | B11: 0.08 | C11: 0.08 | D11: 0.08 | E11: 0.08 | F11: 0.08 | G11: 0.08 | H11: 0.08 | I11: 0.08 | J11: 0.08 | K11: 0.08 | L11: 0.08 | M11: 0.08 | N11: 0.15 | Q11: 0.06 | R11: 0.06 | S11: 0.06 | T11: 0.06 | U11: 0.06 | V11: 0.06 | W11: 0.06 | X11: 0.06 | Y11: 0.06 | Z11: 0.06 | AA11: 0.06 | AB11: 0.06 | AC11: 0.06
A12: Pig | B12: 0.228 | C12: 0.212 | D12: 0.207 | E12: 0.198 | F12: 0.162 | G12: 0.165 | H12: 0.193 | I12: 0.169 | J12: 0.198 | K12: 0.241 | L12: 0.206 | Q12: 0.034 | R12: 0.034 | S12: 0.034 | T12: 0.034 | U12: 0.034 | V12: 0.034 | W12: 0.034 | X12: 0.034 | Y12: 0.034 | Z12: 0.034 | AA12: 0.034
A13: Chicken | B13: 0.038 | C13: 0.038 | D13: 0.038 | E13: 0.038 | F13: 0.038 | G13: 0.038 | H13: 0.038 | I13: 0.038 | J13: 0.038 | K13: 0.038 | L13: 0.038 | Q13: 0.06 | R13: 0.06 | S13: 0.06 | T13: 0.06 | U13: 0.06 | V13: 0.06 | W13: 0.06 | X13: 0.06 | Y13: 0.06 | Z13: 0.06 | AA13: 0.06
A14: Rabbit | B14: 0.15 | C14: 0.15 | D14: 0.15 | E14: 0.15 | F14: 0.15 | G14: 0.15 | H14: 0.15 | I14: 0.15 | J14: 0.15 | K14: 0.15 | L14: 0.15
A15: Laying hen | B15: 0.04 | C15: 0.035 | D15: 0.04 | E15: 0.035 | F15: 0.03 | G15: 0.035 | H15: 0.035 | I15: 0.04 | J15: 0.03 | K15: 0.03 | L15: 0.04
A16: Farmed salmon | O16: 0.161
A17: Wild fish | P17: 0
A18: Mussels | P18: 0
A19: Shrimp | P19: 0
A20: Octopus | P20: 0
A21: Wild ruminants | P21: 0
A22: Wild boar | P22: 0
A23: Wild rabbit | P23: 0
A24: Mealworm | P24: 0
A25: Honey bee | P25: 0

Sheet Disease
A2: Disease | B2: Max | C2: =MAX(B6:N25,Q6:AC25) -> 0.46 | E2: Dystopia | G2: 0.5
B4: PRODUCTION ANIMALS | Q4: PARENT ANIMALS WHERE APPLICABLE
B5: DK | C5: FR | D5: DE | E5: GR | F5: HU | G5: IE | H5: IT | I5: NL | J5: PL | K5: ES | L5: SE | M5: UK | N5: NZ | O5: NO | P5: Wild | Q5: DK | R5: FR | S5: DE | T5: GR | U5: HU | V5: IE | W5: IT | X5: NL | Y5: PL | Z5: ES | AA5: SE | AB5: UK | AC5: NZ
A6: Cattle suckler herds | B6: 0.05 | C6: 0.05 | D6: 0.05 | E6: 0.05 | F6: 0.05 | G6: 0.05 | H6: 0.05 | I6: 0.05 | J6: 0.05 | K6: 0.05 | L6: 0.05 | M6: 0.05 | Q6: 0.04 | R6: 0.04 | S6: 0.04 | T6: 0.04 | U6: 0.04 | V6: 0.04 | W6: 0.04 | X6: 0.04 | Y6: 0.04 | Z6: 0.04 | AA6: 0.04 | AB6: 0.04
A7: Meat cattle dairy intensive | B7: 0.1 | C7: 0.1 | D7: 0.1 | E7: 0.1 | F7: 0.1 | G7: 0.1 | H7: 0.1 | I7: 0.1 | J7: 0.1 | K7: 0.1 | L7: 0.1 | M7: 0.1 | Q7: Not applicable as all impact from the mother animal (the dairy cow) allocated to the milk
A8: Meat cattle dairy extensive | B8: 0.05 | C8: 0.05 | D8: 0.05 | E8: 0.05 | F8: 0.05 | G8: 0.05 | H8: 0.05 | I8: 0.05 | J8: 0.05 | K8: 0.05 | L8: 0.05 | M8: 0.05 | Q8: Not applicable as all impact from the mother animal (the dairy cow) allocated to the milk
A9: Dairy cows | B9: 0.16 | C9: 0.16 | D9: 0.16 | E9: 0.16 | F9: 0.16 | G9: 0.16 | H9: 0.16 | I9: 0.16 | J9: 0.16 | K9: 0.16 | L9: 0.16 | M9: 0.16
A10: Horse | B10: 0.15 | C10: 0.15 | D10: 0.15 | E10: 0.15 | F10: 0.15 | G10: 0.15 | H10: 0.15 | I10: 0.15 | J10: 0.15 | K10: 0.15 | L10: 0.15
A11: Lamb | B11: 0.06 | C11: 0.06 | D11: 0.06 | E11: 0.06 | F11: 0.06 | G11: 0.06 | H11: 0.06 | I11: 0.06 | J11: 0.06 | K11: 0.06 | L11: 0.06 | M11: 0.06 | N11: 0.06 | Q11: 0.05 | R11: 0.05 | S11: 0.05 | T11: 0.05 | U11: 0.05 | V11: 0.05 | W11: 0.05 | X11: 0.05 | Y11: 0.05 | Z11: 0.05 | AA11: 0.05 | AB11: 0.05 | AC11: 0.05
A12: Pig | B12: 0.15 | C12: 0.15 | D12: 0.15 | E12: 0.15 | F12: 0.15 | G12: 0.15 | H12: 0.15 | I12: 0.15 | J12: 0.15 | K12: 0.15 | L12: 0.15 | Q12: 0.15 | R12: 0.15 | S12: 0.15 | T12: 0.15 | U12: 0.15 | V12: 0.15 | W12: 0.15 | X12: 0.15 | Y12: 0.15 | Z12: 0.15 | AA12: 0.15
A13: Chicken | B13: 0.115 | C13: 0.145 | D13: 0.1 | E13: 0.145 | F13: 0.145 | G13: 0.145 | H13: 0.145 | I13: 0.145 | J13: 0.145 | K13: 0.145 | L13: 0.055 | Q13: 0.44 | R13: 0.44 | S13: 0.46 | T13: 0.44 | U13: 0.42 | V13: 0.44 | W13: 0.44 | X13: 0.46 | Y13: 0.42 | Z13: 0.42 | AA13: 0.46
A14: Rabbit | B14: 0.11 | C14: 0.11 | D14: 0.11 | E14: 0.11 | F14: 0.11 | G14: 0.11 | H14: 0.11 | I14: 0.11 | J14: 0.11 | K14: 0.11 | L14: 0.11
A15: Laying hen | B15: 0.46 | C15: 0.44 | D15: 0.46 | E15: 0.44 | F15: 0.42 | G15: 0.44 | H15: 0.44 | I15: 0.46 | J15: 0.42 | K15: 0.42 | L15: 0.46
A16: Farmed salmon | O16: 0.145
A17: Wild fish | P17: 0
A18: Mussels | P18: 0
A19: Shrimp | P19: 0
A20: Octopus | P20: 0
A21: Wild ruminants | P21: 0
A22: Wild boar | P22: 0
A23: Wild rabbit | P23: 0
A24: Mealworm | P24: 0
A25: Honey bee | P25: 0

Sheet Slaughter
A2: Slaughter | B2: Max | C2: =MAX(B6:N25,Q6:AC25) -> 11.04 | E2: Dystopia | G2: 24
B4: PRODUCTION ANIMALS | Q4: PARENT ANIMALS WHERE APPLICABLE | W4: (discarded male chicks for laying hen)
B5: DK | C5: FR | D5: DE | E5: GR | F5: HU | G5: IE | H5: IT | I5: NL | J5: PL | K5: ES | L5: SE | M5: UK | N5: NZ | O5: NO | P5: Wild | Q5: DK | R5: FR | S5: DE | T5: GR | U5: HU | V5: IE | W5: IT | X5: NL | Y5: PL | Z5: ES | AA5: SE | AB5: UK | AC5: NZ
A6: Cattle suckler herds | B6: 6 | C6: 8.2 | D6: 6 | E6: 8.2 | F6: 8.2 | G6: 8.2 | H6: 8.2 | I6: 6 | J6: 8.2 | K6: 8.2 | L6: 6 | M6: 8.2 | Q6: 6 | R6: 8.2 | S6: 6 | T6: 8.2 | U6: 8.2 | V6: 8.2 | W6: 8.2 | X6: 6 | Y6: 8.2 | Z6: 8.2 | AA6: 6 | AB6: 8.2
A7: Meat cattle dairy intensive | B7: 6 | C7: 8.2 | D7: 6 | E7: 8.2 | F7: 8.2 | G7: 8.2 | H7: 8.2 | I7: 6 | J7: 8.2 | K7: 8.2 | L7: 6 | M7: 8.2 | Q7: Not applicable as all impact from the mother animal (the dairy cow) allocated to the milk
A8: Meat cattle dairy extensive | B8: 6 | C8: 8.2 | D8: 6 | E8: 8.2 | F8: 8.2 | G8: 8.2 | H8: 8.2 | I8: 6 | J8: 8.2 | K8: 8.2 | L8: 6 | M8: 8.2 | Q8: Not applicable as all impact from the mother animal (the dairy cow) allocated to the milk
A9: Dairy cows | B9: 6 | C9: 8.2 | D9: 6 | E9: 8.2 | F9: 8.2 | G9: 8.2 | H9: 8.2 | I9: 6 | J9: 8.2 | K9: 8.2 | L9: 6 | M9: 8.2
A10: Horse | B10: 6 | C10: 11.04 | D10: 6 | E10: 11.04 | F10: 11.04 | G10: 11.04 | H10: 11.04 | I10: 6 | J10: 11.04 | K10: 11.04 | L10: 6
A11: Lamb | B11: 6 | C11: 8.28 | D11: 6 | E11: 8.28 | F11: 8.28 | G11: 8.28 | H11: 8.28 | I11: 6 | J11: 8.28 | K11: 8.28 | L11: 6 | M11: 8.28 | N11: 4 | Q11: 6 | R11: 8.28 | S11: 6 | T11: 8.28 | U11: 8.28 | V11: 8.28 | W11: 8.28 | X11: 6 | Y11: 8.28 | Z11: 8.28 | AA11: 6 | AB11: 8.28
A12: Pig | B12: 6 | C12: 8 | D12: 6 | E12: 8 | F12: 8 | G12: 8 | H12: 8 | I12: 6 | J12: 8 | K12: 8 | L12: 6 | Q12: 6 | R12: 8 | S12: 6 | T12: 8 | U12: 8 | V12: 8 | W12: 8 | X12: 6 | Y12: 8 | Z12: 8 | AA12: 6 | AC12: 4
A13: Chicken | B13: 4 | C13: 4.62 | D13: 4 | E13: 4.62 | F13: 4.62 | G13: 4.62 | H13: 4.62 | I13: 4 | J13: 4.62 | K13: 4.62 | L13: 4 | Q13: 4 | R13: 4.62 | S13: 4 | T13: 4.62 | U13: 4.62 | V13: 4.62 | W13: 4.62 | X13: 4 | Y13: 4.62 | Z13: 4.62 | AA13: 4
A14: Rabbit | B14: 6 | C14: 6.2696 | D14: 6 | E14: 6.2696 | F14: 6.2696 | G14: 6.2696 | H14: 6.1725 | I14: 6 | J14: 6.2696 | K14: 6.2696 | L14: 6
A15: Laying hen / male chicks | B15: 6 | C15: 6.62 | D15: 6 | E15: 6.62 | F15: 6.62 | G15: 6.62 | H15: 6.62 | I15: 6 | J15: 6.62 | K15: 6.62 | L15: 6 | Q15: =10/60 -> 0.16666667 | R15: 0 | S15: 0 | T15: =10/60 -> 0.16666667 | U15: =10/60 -> 0.16666667 | V15: =10/60 -> 0.16666667 | W15: =10/60 -> 0.16666667 | X15: =10/60 -> 0.16666667 | Y15: =10/60 -> 0.16666667 | Z15: =10/60 -> 0.16666667 | AA15: =10/60 -> 0.16666667 | AD15: Male chicks not killed in France and Germany
A16: Farmed salmon | O16: 6
A17: Wild fish | P17: =210/60 -> 3.5
A18: Mussels | P18: 2
A19: Shrimp | P19: 1
A20: Octopus | P20: =210/60 -> 3.5
A21: Wild ruminants | P21: =1/60 -> 0.016666667
A22: Wild boar | P22: =1/60 -> 0.016666667
A23: Wild rabbit | P23: =1/60 -> 0.016666667
A24: Mealworm | P24: =1/60 -> 0.016666667
A25: Honey bee | P25: =0.5/60 -> 0.0083333333

Sheet Space
A2: Space | B2: Max | C2: =MAX(B6:N25,Q6:AC25) -> 70.484 | E2: Dystopia | G2: 100
B4: PRODUCTION ANIMALS | Q4: PARENT ANIMALS WHERE APPLICABLE
B5: DK | C5: FR | D5: DE | E5: GR | F5: HU | G5: IE | H5: IT | I5: NL | J5: PL | K5: ES | L5: SE | M5: UK | N5: NZ | O5: NO | P5: Wild | Q5: DK | R5: FR | S5: DE | T5: GR | U5: HU | V5: IE | W5: IT | X5: NL | Y5: PL | Z5: ES | AA5: SE | AB5: UK | AC5: NZ
A6: Cattle suckler herds | B6: ='Space cattle'!D165 -> 23.809602 | C6: =C8 -> 15.591765 | D6: =D8 -> 26.777161 | E6: =E8 -> 22.709744 | F6: =F8 -> 25.421355 | G6: =G8 -> 16.269668 | H6: =H8 -> 32.878286 | I6: =I8 -> 21.184463 | J6: =J8 -> 29.827724 | ... M6: =M8 -> 13.060308 | Q6: ='Space cattle'!D182 -> 4.6222585 | R6: ='Space cattle'!D183 -> 5.3838756 | S6: ='Space cattle'!D184 -> 8.4771568 | T6: ='Space cattle'!D185 -> 5.4817642 | U6: ='Space cattle'!D186 -> 7.6353144 | V6: ='Space cattle'!D187 -> 7.2241821 | W6: ='Space cattle'!D188 -> 7.8310917 | X6: ='Space cattle'!D189 -> 9.3777323 | Y6: ='Space cattle'!D190 -> 12.216503 | Z6: ='Space cattle'!D191 -> 5.2859869 | AA6: ='Space cattle'!D192 -> 7.2218172 | AB6: ='Space cattle'!D193 -> 6.0690961
A7: Meat cattle dairy intensive | B7: ='Space cattle'!G87 -> 10.158586 | C7: ='Space cattle'!$G$96 -> 16.784492 | D7: ='Space cattle'!$G$96 -> 16.784492 | E7: ='Space cattle'!$G$96 -> 16.784492 | F7: ='Space cattle'!$G$96 -> 16.784492 | G7: ='Space cattle'!$G$96 -> 16.784492 | H7: ='Space cattle'!$G$96 -> 16.784492 | I7: ='Space cattle'!$G$96 -> 16.784492 | J7: ='Space cattle'!$G$96 -> 16.784492 | K7: ='Space cattle'!$G$96 -> 16.784492 | L7: ='Space cattle'!G77 -> 16.292185 | M7: ='Space cattle'!G106 -> 13.872727 | Q7: Not applicable as all impact from the mother animal (the dairy cow) allocated to the milk
A8: Meat cattle dairy extensive | B8: ='Space cattle'!D166 -> 11.76886 | C8: ='Space cattle'!D167 -> 15.591765 | D8: ='Space cattle'!D168 -> 26.777161 | E8: ='Space cattle'!D169 -> 22.709744 | F8: ='Space cattle'!D170 -> 25.421355 | G8: ='Space cattle'!D171 -> 16.269668 | H8: ='Space cattle'!D172 -> 32.878286 | I8: ='Space cattle'!D173 -> 21.184463 | J8: ='Space cattle'!D174 -> 29.827724 | K8: ='Space cattle'!D175 -> 11.863299 | L8: ='Space cattle'!D176 -> 13.491368 | M8: ='Space cattle'!D177 -> 13.060308 | Q8: Not applicable as all impact from the mother animal (the dairy cow) allocated to the milk
A9: Dairy cows | B9: ='Space cattle'!H57 -> 13.786646 | C9: ='Space cattle'!H58 -> 8.4357678 | D9: ='Space cattle'!H59 -> 21.199403 | E9: ='Space cattle'!H60 -> 33.554397 | F9: ='Space cattle'!H61 -> 35.177939 | G9: ='Space cattle'!H62 -> 7.396738 | H9: ='Space cattle'!H63 -> 24.181334 | I9: ='Space cattle'!H64 -> 14.597628 | J9: ='Space cattle'!H65 -> 20.31736 | K9: ='Space cattle'!H66 -> 30.926319 | L9: ='Space cattle'!H67 -> 11.299396
A10: Horse | B10: ='Space horse'!E29*100 -> 8.88 | C10: ='Space horse'!E30*100 -> 6.6 | D10: ='Space horse'!E31*100 -> 10.392 | E10: ='Space horse'!E32*100 -> 6.72 | F10: ='Space horse'!E33*100 -> 9.36 | G10: ='Space horse'!E34*100 -> 8.856 | H10: ='Space horse'!E35*100 -> 9.6 | I10: ='Space horse'!E36*100 -> 11.496 | J10: ='Space horse'!E37*100 -> 14.976 | K10: ='Space horse'!E38*100 -> 6.48 | L10: ='Space horse'!E39*100 -> 9.4695652
A11: Lamb | B11: ='Space lamb'!D23 -> 12.037897 | C11: ='Space lamb'!D24 -> 11.592049 | D11: ='Space lamb'!D25 -> 19.617314 | E11: ='Space lamb'!D26 -> 4.4584804 | F11: ='Space lamb'!D27 -> 24.521642 | G11: ='Space lamb'!D28 -> 1.7833922 | H11: ='Space lamb'!D29 -> 4.4584804 | I11: ='Space lamb'!D30 -> 4.4584804 | J11: ='Space lamb'!D31 -> 26.750882 | K11: ='Space lamb'!D32 -> 12.037897 | L11: ='Space lamb'!D33 -> 9.2571429 | M11: ='Space lamb'!D34 -> 2.2292402 | N11: ='Space lamb'!D35 -> 0 | Q11: ='Space lamb'!D57 -> 15.190481 | R11: ='Space lamb'!D58 -> 10.637845 | S11: ='Space lamb'!D59 -> 13.207154 | T11: ='Space lamb'!D60 -> 12.711323 | U11: ='Space lamb'!D61 -> 19.83327 | V11: ='Space lamb'!D62 -> 12.305642 | W11: ='Space lamb'!D63 -> 14.063591 | X11: ='Space lamb'!D64 -> 16.137069 | Y11: ='Space lamb'!D65 -> 26.459385 | Z11: ='Space lamb'!D66 -> 10.953374 | AA11: ='Space lamb'!D67 -> 17.331573 | AB11: ='Space lamb'!D68 -> 7.4825517 | AC11: ='Space lamb'!D69 -> 0
A12: Pig | B12: ='Space pig'!$I$13 -> 63.495804 | C12: ='Space pig'!$I$13 -> 63.495804 | D12: ='Space pig'!$I$13 -> 63.495804 | E12: ='Space pig'!$I$13 -> 63.495804 | F12: ='Space pig'!$I$13 -> 63.495804 | G12: ='Space pig'!$I$13 -> 63.495804 | H12: ='Space pig'!$I$13 -> 63.495804 | I12: ='Space pig'!$I$13 -> 63.495804 | ... K12: ='Space pig'!$I$13 -> 63.495804 | L12: ='Space pig'!G24 -> 40.746079 | Q12: ='Space pig'!$L$35 -> 41.906956 | R12: ='Space pig'!$L$35 -> 41.906956 | S12: ='Space pig'!$L$35 -> 41.906956 | T12: ='Space pig'!$L$35 -> 41.906956 | U12: ='Space pig'!$L$35 -> 41.906956 | V12: ='Space pig'!$L$35 -> 41.906956 | W12: ='Space pig'!$L$35 -> 41.906956 | X12: ='Space pig'!$L$35 -> 41.906956 | ... Z12: ='Space pig'!$L$35 -> 41.906956 | AA12: ='Space pig'!J46 -> 31.974042
A13: Chicken | B13: ='Space poultry'!G24 -> 61.73913 | C13: ='Space poultry'!$G$14 -> 64.826087 | D13: ='Space poultry'!G34 -> 60.195652 | E13: ='Space poultry'!$G$14 -> 64.826087 | F13: ='Space poultry'!$G$14 -> 64.826087 | G13: ='Space poultry'!$G$14 -> 64.826087 | H13: ='Space poultry'!$G$14 -> 64.826087 | I13: ='Space poultry'!$G$14 -> 64.826087 | J13: ='Space poultry'!$G$14 -> 64.826087 | K13: ='Space poultry'!$G$14 -> 64.826087 | L13: ='Space poultry'!G44 -> 55.565217 | Q13: ='Space poultry'!$H$55 -> 38.769231 | R13: ='Space poultry'!$H$55 -> 38.769231 | S13: ='Space poultry'!$H$55 -> 38.769231 | T13: ='Space poultry'!$H$55 -> 38.769231 | U13: ='Space poultry'!$H$55 -> 38.769231 | V13: ='Space poultry'!$H$55 -> 38.769231 | W13: ='Space poultry'!$H$55 -> 38.769231 | X13: ='Space poultry'!$H$55 -> 38.769231 | ... AA13: ='Space poultry'!$H$55 -> 38.769231
A14: Rabbit | C14: ='Space rabbit'!$E$31 -> 33.72 | D14: ='Space rabbit'!$E$31 -> 33.72 | E14: ='Space rabbit'!$E$31 -> 33.72 | F14: ='Space rabbit'!$E$31 -> 33.72 | H14: ='Space rabbit'!E13 -> 30.330909 | I14: ='Space rabbit'!$E$31 -> 33.72 | J14: ='Space rabbit'!$E$31 -> 33.72 | K14: ='Space rabbit'!$E$31 -> 33.72 | L14: ='Space rabbit'!E22 -> 7.7166667
A15: Laying hen | B15: ='Space poultry'!B105*100 -> 41.608 | C15: ='Space poultry'!C105*100 -> 44.408 | D15: ='Space poultry'!D105*100 -> 44.726 | E15: ='Space poultry'!E105*100 -> 59.672 | F15: ='Space poultry'!F105*100 -> 68.258 | G15: ='Space poultry'!G105*100 -> 59.354 | H15: ='Space poultry'!H105*100 -> 59.672 | I15: ='Space poultry'!I105*100 -> 45.998 | ... L15: ='Space poultry'!L105*100 -> 40.304
A16: Farmed salmon | O16: ='Space salmon'!E14 -> 3
A17: Wild fish
A18: Mussels
A19: Shrimp
A20: Octopus
A21: Wild ruminants
A22: Wild boar
A23: Wild rabbit
A24: Mealworm
A25: Honey bee

Sheet No affected
A2: No of animals affected
B4: PRODUCTION ANIMALS | Q4: PARENT (female) ANIMALS WHERE APPLICABLE
B5: DK | C5: FR | D5: DE | E5: GR | F5: HU | G5: IE | H5: IT | I5: NL | J5: PL | K5: ES | L5: SE | M5: UK | N5: NZ | O5: NO | P5: Wild | Q5: DK | R5: FR | S5: DE | T5: GR | U5: HU | V5: IE | W5: IT | X5: NL | Y5: PL | Z5: ES | AA5: SE | AB5: UK | AC5: NZ
A6: Cattle suckler herds | B6: 0.0035 | C6: 0.0035 | D6: 0.0035 | E6: 0.0035 | F6: 0.0035 | G6: 0.0035 | H6: 0.0035 | I6: 0.0035 | J6: 0.0035 | K6: 0.0035 | L6: 0.0035 | M6: 0.0035 | Q6: 0.0008 | R6: 0.0008 | S6: 0.0008 | T6: 0.0008 | U6: 0.0008 | V6: 0.0008 | W6: 0.0008 | X6: 0.0008 | Y6: 0.0008 | Z6: 0.0008 | AA6: 0.0008 | AB6: 0.0008
A7: Meat cattle dairy intensive | B7: 0.009 | C7: 0.009 | D7: 0.009 | E7: 0.009 | F7: 0.009 | G7: 0.009 | H7: 0.009 | I7: 0.009 | J7: 0.009 | K7: 0.009 | L7: 0.009 | M7: 0.009 | Q7: Not applicable as all impact from the mother animal (the dairy cow) allocated to the milk
A8: Meat cattle dairy extensive | B8: 0.005 | C8: 0.005 | D8: 0.005 | E8: 0.005 | F8: 0.005 | G8: 0.005 | H8: 0.005 | I8: 0.005 | J8: 0.005 | K8: 0.005 | L8: 0.005 | M8: 0.005 | Q8: Not applicable as all impact from the mother animal (the dairy cow) allocated to the milk
A9: Dairy cows* | B9: 0.0001 | C9: 0.0001 | D9: 0.0001 | E9: 0.0001 | F9: 0.0001 | G9: 0.0001 | H9: 0.0001 | I9: 0.0001 | J9: 0.0001 | K9: 0.0001 | L9: 0.0001 | Q9: Not applicable as parent animals (dairy cows) are production animals
A10: Horse | B10: 0.005 | C10: 0.005 | D10: 0.005 | E10: 0.005 | F10: 0.005 | G10: 0.005 | H10: 0.005 | I10: 0.005 | J10: 0.005 | K10: 0.005 | L10: 0.005 | Q10: Not applicable as parent animals (mares) are production animals
A11: Lamb | B11: 0.064 | C11: 0.064 | D11: 0.064 | E11: 0.064 | F11: 0.064 | G11: 0.064 | H11: 0.064 | I11: 0.064 | J11: 0.064 | K11: 0.064 | L11: 0.064 | M11: 0.064 | N11: 0.063 | Q11: 0.0011 | R11: 0.0011 | S11: 0.0011 | T11: 0.0011 | U11: 0.0011 | V11: 0.0011 | W11: 0.0011 | X11: 0.0011 | Y11: 0.0011 | Z11: 0.0011 | AA11: 0.0011 | AB11: 0.0011 | AC11: 0.0015
A12: Pig | B12: 0.018170212 | C12: 0.018116931 | D12: 0.017933553 | E12: 0.017964628 | F12: 0.017999186 | G12: 0.017869436 | H12: 0.013902908 | I12: 0.017888334 | J12: 0.017964628 | K12: 0.01818281 | L12: 0.017727547 | Q12: 0.00031 | R12: 0.00035 | S12: 0.00034 | T12: 0.00035 | U12: 0.00033 | V12: 0.00035 | W12: 0.00032 | X12: 0.00032 | Y12: 0.00035 | Z12: 0.00039 | AA12: 0.00037
A13: Chicken | B13: 0.75216903 | C13: 0.75216903 | D13: 0.75216903 | E13: 0.75216903 | F13: 0.75216903 | G13: 0.75216903 | H13: 0.75216903 | I13: 0.75216903 | J13: 0.75216903 | K13: 0.75216903 | L13: 0.75216903 | Q13: 0.0054505002 | R13: 0.0054820185 | S13: 0.0054505002 | T13: 0.0054505002 | U13: 0.0054505002 | V13: 0.0054505002 | W13: 0.0054505002 | X13: 0.0054505002 | Y13: 0.0054505002 | Z13: 0.0054505002 | AA13: 0.0054505002
A14: Rabbit | C14: 1.24 | D14: 1.05 | E14: 1.05 | F14: 1.05 | H14: 1.05 | I14: 1.05 | J14: 1.04 | K14: 1.24 | L14: 0.67 | Q14: Number of parent animals added to number of production animals; a simplification made because data on suffering were not found for parent animals.
A15: Laying hen | B15: =0.055 -> 0.055 | C15: 0.055 | D15: 0.055 | E15: 0.07 | F15: 0.07 | G15: 0.052 | H15: 0.06 | I15: 0.064 | J15: 0.066 | K15: 0.06 | L15: 0.064 | Q15: 0.055 | R15: 0 | S15: 0 | T15: 0.07 | U15: 0.07 | V15: 0.052 | W15: 0.06 | X15: 0.064 | Y15: 0.066 | Z15: 0.06 | AA15: 0.064 | AD15: Male chicks, laying hen parents contribution negliable
A16: Farmed salmon | O16: 0.4100041 | Q16: Not included since the impact is negliable as each parent animal produces a huge amount of offspring for slaughter.
A17: Wild fish | P17: 0.4 | Q17: Not applicable as only the wild animals caught and used for food are included in the assessment
A18: Mussels** | P18: =85.3/10 -> 8.53 | Q18: Not applicable as only the wild animals caught and used for food are included in the assessment
A19: Shrimp** | P19: =160/10 -> 16 | Q19: Not applicable as only the wild animals caught and used for food are included in the assessment
A20: Octopus | P20: 0.13 | Q20: Not applicable as only the wild animals caught and used for food are included in the assessment
A21: Wild ruminants | P21: 0.05 | Q21: Not applicable as only the wild animals caught and used for food are included in the assessment
A22: Wild boar | P22: 0.032 | Q22: Not applicable as only the wild animals caught and used for food are included in the assessment
A23: Wild rabbit | P23: 0.636 | Q23: Not applicable as only the wild animals caught and used for food are included in the assessment
A24: Mealworm** | P24: =10000/100 -> 100 | Q24: Not included since the impact is negliable as each parent animal produces a huge amount of offspring for slaughter.
A25: Honey bee** | P25: =12000/100 -> 120 | Q25: Not included since the impact is negliable as each parent animal produces a huge amount of offspring for slaughter.
A27: * Ajusted to not downplay the contibution to animal welfare loss of dairy cows
A28: ** Adjusted (divided by 10 for mussels and shrimp and divided by 100 for mealworm and honey bee) to not give too much emphasis on the very large number of animals affected.

Sheet Ability
A2: Ability
B4: PRODUCTION ANIMALS | D4: PARENT ANIMALS
B5: Normalised | C5: Non-normalised | D5: Normalised | E5: Non-normalised
A6: Cattle suckler herds | B6: =C6/$C$22 -> 0.88410303 | C6: 0.178 | D6: =E6/$C$22 -> 0.88410303 | E6: 0.178
A7: Meat cattle dairy intensive | B7: =C7/$C$22 -> 0.82044792 | C7: 0.16518406 | D7: =E7/$C$22 -> 0.88410303 | E7: 0.178
A8: Meat cattle dairy extensive | B8: =C8/$C$22 -> 0.88410303 | C8: 0.178 | D8: =E8/$C$22 -> 0.88410303 | E8: 0.178
A9: Dairy cows | B9: =C9/$C$22 -> 0.88410303 | C9: 0.178
A10: Horse | B10: =C10/$C$22 -> 0.87913616 | C10: 0.177
A11: Lamb | B11: =C11/$C$22 -> 0.82044792 | C11: 0.16518406 | D11: =E11/$C$22 -> 0.88410303 | E11: 0.178
A12: Pig | B12: =C12/$C$22 -> 0.87981166 | C12: 0.177136 | D12: =E12/$C$22 -> 0.94805646 | E12: 0.190876
A13: Chicken | B13: =C13/$C$22 -> 0.54320828 | C13: 0.1093663 | D13: =E13/$C$22 -> 0.54320828 | E13: 0.1093663
A14: Rabbit | B14: =C14/$C$22 -> 0.67196797 | C14: 0.13529
A15: Laying hen | B15: =C15/$C$22 -> 0.58534078 | C15: 0.117849 | D15: =E15/$C$22 -> 0.25562743 | E15: 0.051466492 | F15: Male chicks, not parent, parent assumed same as production animal
A16: Farmed salmon | B16: =C16/$C$22 -> 0.30307199 | C16: 0.061018697
A17: Wild fish | B17: =C17/$C$22 -> 0.31967775 | C17: 0.064362
A18: Mussels | B18: =C18/$C$22 -> 0.049917806 | C18: 0.010050152
A19: Shrimp | B19: =C19/$C$22 -> 0.14608245 | C19: 0.029411364
A20: Octopus | B20: =C20/$C$22 -> 0.37054242 | C20: 0.074602788
