Workbook
Name Ability_to_perceive_handling: 'Parameters, general'!#REF!
Name AF_beef: 'Parameters, general'!#REF!
Name AF_calves: 'Parameters, general'!#REF!
Name AF_milk: 'Parameters, general'!#REF!
Name Boars_per_sow: 'Parameters, country spec'!#REF!
Name CF_GWP_CH4_biog: 'Parameters, general'!$B$25
Name CF_GWP_CH4_biogenic: 'Parameters, general'!$B$25
Name CF_GWP_CH4_fossil: 'Parameters, general'!$B$24
Name CF_GWP_N2O: 'Parameters, general'!$B$26
Name Crop_data: 'Forage crops, CF'!$A$6:$Z$80
Name Crop_data: 'Forage, input data per ha'!#REF!
Name Crop_data: 'Forage crops, footprints'!$A$6:$Z$22
Name Crop_data_codes: 'Forage crops, CF'!$A$71:$A$155
Name Crop_data_codes: 'Forage, input data per ha'!#REF!
Name Crop_data_codes: 'Forage crops, footprints'!$A$23:$A$39
Name EF_biofuel_CH4: 'Parameters, general'!$C$6
Name EF_biofuel_N2O: 'Parameters, general'!$D$6
Name EF_biofuels_CO2: 'Parameters, general'!$B$6
Name EF_capital_goods_CH4: 'Parameters, general'!$C$10
Name EF_capital_goods_CO2: 'Parameters, general'!$B$10
Name EF_capital_goods_N2O: 'Parameters, general'!$D$10
Name EF_diesel_CH4: 'Parameters, general'!$C$7
Name EF_diesel_CO2: 'Parameters, general'!$B$7
Name EF_diesel_N2O: 'Parameters, general'!$D$7
Name EF_el_CH4_DE: 'Parameters, country spec'!$D$68
Name EF_el_CH4_DK: 'Parameters, country spec'!$B$68
Name EF_el_CH4_ES: 'Parameters, country spec'!$K$68
Name EF_el_CH4_FR: 'Parameters, country spec'!$C$68
Name EF_el_CH4_GB: 'Parameters, country spec'!$M$68
Name EF_el_CH4_GR: 'Parameters, country spec'!$E$68
Name EF_el_CH4_HU: 'Parameters, country spec'!$F$68
Name EF_el_CH4_IE: 'Parameters, country spec'!$G$68
Name EF_el_CH4_IT: 'Parameters, country spec'!$H$68
Name EF_el_CH4_NL: 'Parameters, country spec'!$I$68
Name EF_el_CH4_PL: 'Parameters, country spec'!$J$68
Name EF_el_CH4_SE: 'Parameters, country spec'!$L$68
Name EF_el_CO2_DE: 'Parameters, country spec'!$D$67
Name EF_el_CO2_DK: 'Parameters, country spec'!$B$67
Name EF_el_CO2_ES: 'Parameters, country spec'!$K$67
Name EF_el_CO2_FR: 'Parameters, country spec'!$C$67
Name EF_el_CO2_GB: 'Parameters, country spec'!$M$67
Name EF_el_CO2_GR: 'Parameters, country spec'!$E$67
Name EF_el_CO2_HU: 'Parameters, country spec'!$F$67
Name EF_el_CO2_IE: 'Parameters, country spec'!$G$67
Name EF_el_CO2_IT: 'Parameters, country spec'!$H$67
Name EF_el_CO2_NL: 'Parameters, country spec'!$I$67
Name EF_el_CO2_PL: 'Parameters, country spec'!$J$67
Name EF_el_CO2_SE: 'Parameters, country spec'!$L$67
Name EF_el_N2O_DE: 'Parameters, country spec'!$D$69
Name EF_el_N2O_DK: 'Parameters, country spec'!$B$69
Name EF_el_N2O_ES: 'Parameters, country spec'!$K$69
Name EF_el_N2O_FR: 'Parameters, country spec'!$C$69
Name EF_el_N2O_GB: 'Parameters, country spec'!$M$69
Name EF_el_N2O_GR: 'Parameters, country spec'!$E$69
Name EF_el_N2O_HU: 'Parameters, country spec'!$F$69
Name EF_el_N2O_IE: 'Parameters, country spec'!$G$69
Name EF_el_N2O_IT: 'Parameters, country spec'!$H$69
Name EF_el_N2O_NL: 'Parameters, country spec'!$I$69
Name EF_el_N2O_PL: 'Parameters, country spec'!$J$69
Name EF_el_N2O_SE: 'Parameters, country spec'!$L$69

Sheet README
A2: Read me
A4: This is a file that contains the calculations of the footprints for beef from dairy calves slaughtered at 24 months.
A6: Impacts from the dairy production allocated to the calves are copied from Dairy.xlsx into the tab Footprints, mother animals | H6: Needs updating + title that should be per calf, not per kg
A17: Color codes:
B19: Results
B20: Sheets for input
B21: Intermediate calculations

Sheet Figures
A2: Figures
A4: Greenhouse gas emission for bonefree meat across countries, to farmgate, no waste
B6: Production of mineral fertilizer | C6: Production of capital goods | D6: Emissions from soil | E6: Energy use cropping | F6: Energy use for feed processing | G6: Land use change emissions | H6: Feed transports | I6: Enteric fermentation | J6: Manure management | K6: Energy use in stables | L6: Energy use for slaughter | M6: Tot
A7: Poland | B7: ='GHG detailed, results per kg'!H51 -> 3.0702722 | C7: ='GHG detailed, results per kg'!I51 -> 0.66879436 | D7: ='GHG detailed, results per kg'!J51+'GHG detailed, results per kg'!K51 -> 2.6183902 | E7: ='GHG detailed, results per kg'!L51+'GHG detailed, results per kg'!N51 -> 1.3921405 | F7: ='GHG detailed, results per kg'!O51+'GHG detailed, results per kg'!Q51 -> 1.0772879 | G7: ='GHG detailed, results per kg'!P51 -> 0.089109135 | H7: ='GHG detailed, results per kg'!R51 -> 0.12098641 | I7: ='GHG detailed, results per kg'!S51 -> 15.219337 | J7: ='GHG detailed, results per kg'!T51 -> 3.1045855 | K7: ='GHG detailed, results per kg'!W51 -> 1.7536487 | L7: ='GHG detailed, results per kg'!X51 -> 0.062562003 | M7: =SUM(B7:L7) -> 29.177114
A8: Hungary | B8: ='GHG detailed, results per kg'!H31 -> 1.3940171 | C8: ='GHG detailed, results per kg'!I31 -> 0.61010045 | D8: ='GHG detailed, results per kg'!J31+'GHG detailed, results per kg'!K31 -> 2.3067771 | E8: ='GHG detailed, results per kg'!L31+'GHG detailed, results per kg'!N31 -> 0.67851681 | F8: ='GHG detailed, results per kg'!O31+'GHG detailed, results per kg'!Q31 -> 2.4212841 | G8: ='GHG detailed, results per kg'!P31 -> 0.68504229 | H8: ='GHG detailed, results per kg'!R31 -> 0.60689028 | I8: ='GHG detailed, results per kg'!S31 -> 15.223283 | J8: ='GHG detailed, results per kg'!T31 -> 4.9976498 | K8: ='GHG detailed, results per kg'!W31 -> 1.0024766 | L8: ='GHG detailed, results per kg'!X31 -> 0.035059919 | M8: =SUM(B8:L8) -> 29.961097
A9: Italy | B9: ='GHG detailed, results per kg'!H41 -> 0.963341 | C9: ='GHG detailed, results per kg'!I41 -> 0.54631929 | D9: ='GHG detailed, results per kg'!J41+'GHG detailed, results per kg'!K41 -> 2.0040181 | E9: ='GHG detailed, results per kg'!L41+'GHG detailed, results per kg'!N41 -> 0.37373906 | F9: ='GHG detailed, results per kg'!O41+'GHG detailed, results per kg'!Q41 -> 1.4978103 | G9: ='GHG detailed, results per kg'!P41 -> 0.35073115 | H9: ='GHG detailed, results per kg'!R41 -> 0.37411654 | I9: ='GHG detailed, results per kg'!S41 -> 15.100676 | J9: ='GHG detailed, results per kg'!T41 -> 6.079777 | K9: ='GHG detailed, results per kg'!W41 -> 0.94528394 | L9: ='GHG detailed, results per kg'!X41 -> 0.032965968 | M9: =SUM(B9:L9) -> 28.268778
A10: Greece | B10: ='GHG detailed, results per kg'!H26 -> 1.9855106 | C10: ='GHG detailed, results per kg'!I26 -> 0.64087403 | D10: ='GHG detailed, results per kg'!J26+'GHG detailed, results per kg'!K26 -> 2.816655 | E10: ='GHG detailed, results per kg'!L26+'GHG detailed, results per kg'!N26 -> 0.94236473 | F10: ='GHG detailed, results per kg'!O26+'GHG detailed, results per kg'!Q26 -> 1.6243734 | G10: ='GHG detailed, results per kg'!P26 -> 0.46222465 | H10: ='GHG detailed, results per kg'!R26 -> 0.46570444 | I10: ='GHG detailed, results per kg'!S26 -> 15.137826 | J10: ='GHG detailed, results per kg'!T26 -> 3.2451259 | K10: ='GHG detailed, results per kg'!W26 -> 1.2826221 | L10: ='GHG detailed, results per kg'!X26 -> 0.04531667 | M10: =SUM(B10:L10) -> 28.648598
A11: Netherlands | B11: ='GHG detailed, results per kg'!H46 -> 2.8433188 | C11: ='GHG detailed, results per kg'!I46 -> 0.62458307 | D11: ='GHG detailed, results per kg'!J46+'GHG detailed, results per kg'!K46 -> 4.4873289 | E11: ='GHG detailed, results per kg'!L46+'GHG detailed, results per kg'!N46 -> 0.50834828 | F11: ='GHG detailed, results per kg'!O46+'GHG detailed, results per kg'!Q46 -> 1.3380371 | G11: ='GHG detailed, results per kg'!P46 -> 0.51982796 | H11: ='GHG detailed, results per kg'!R46 -> 0.46146342 | I11: ='GHG detailed, results per kg'!S46 -> 15.166478 | J11: ='GHG detailed, results per kg'!T46 -> 0.8746581 | K11: ='GHG detailed, results per kg'!W46 -> 1.0790039 | L11: ='GHG detailed, results per kg'!X46 -> 0.037861753 | M11: =SUM(B11:L11) -> 27.940909
A12: Denmark | B12: ='GHG detailed, results per kg'!H11 -> 0.50401149 | C12: ='GHG detailed, results per kg'!I11 -> 0.65831406 | D12: ='GHG detailed, results per kg'!J11+'GHG detailed, results per kg'!K11 -> 1.7142332 | E12: ='GHG detailed, results per kg'!L11+'GHG detailed, results per kg'!N11 -> 0.35724031 | F12: ='GHG detailed, results per kg'!O11+'GHG detailed, results per kg'!Q11 -> 2.0407575 | G12: ='GHG detailed, results per kg'!P11 -> 0.39669488 | H12: ='GHG detailed, results per kg'!R11 -> 0.54543796 | I12: ='GHG detailed, results per kg'!S11 -> 15.259257 | J12: ='GHG detailed, results per kg'!T11 -> 4.5107129 | K12: ='GHG detailed, results per kg'!W11 -> 0.89120028 | L12: ='GHG detailed, results per kg'!X11 -> 0.030985844 | M12: =SUM(B12:L12) -> 26.908845
A13: Sweden | B13: ='GHG detailed, results per kg'!H61 -> 1.3664806 | C13: ='GHG detailed, results per kg'!I61 -> 0.68612308 | D13: ='GHG detailed, results per kg'!J61+'GHG detailed, results per kg'!K61 -> 3.3922754 | E13: ='GHG detailed, results per kg'!L61+'GHG detailed, results per kg'!N61 -> 0.51912628 | F13: ='GHG detailed, results per kg'!O61+'GHG detailed, results per kg'!Q61 -> 1.6233062 | G13: ='GHG detailed, results per kg'!P61 -> 0.079871101 | H13: ='GHG detailed, results per kg'!R61 -> 0.28072828 | I13: ='GHG detailed, results per kg'!S61 -> 15.214983 | J13: ='GHG detailed, results per kg'!T61 -> 2.1695283 | K13: ='GHG detailed, results per kg'!W61 -> 0.44290797 | L13: ='GHG detailed, results per kg'!X61 -> 0.0016272133 | M13: =SUM(B13:L13) -> 25.776957
A14: Germany | B14: ='GHG detailed, results per kg'!H21 -> 0.78995281 | C14: ='GHG detailed, results per kg'!I21 -> 0.60441002 | D14: ='GHG detailed, results per kg'!J21+'GHG detailed, results per kg'!K21 -> 1.8927154 | E14: ='GHG detailed, results per kg'!L21+'GHG detailed, results per kg'!N21 -> 0.35593281 | F14: ='GHG detailed, results per kg'!O21+'GHG detailed, results per kg'!Q21 -> 1.7043705 | G14: ='GHG detailed, results per kg'!P21 -> 0.23591073 | H14: ='GHG detailed, results per kg'!R21 -> 0.30988502 | I14: ='GHG detailed, results per kg'!S21 -> 15.063616 | J14: ='GHG detailed, results per kg'!T21 -> 3.7995222 | K14: ='GHG detailed, results per kg'!W21 -> 1.0310344 | L14: ='GHG detailed, results per kg'!X21 -> 0.036105482 | M14: =SUM(B14:L14) -> 25.823455
A15: France | B15: ='GHG detailed, results per kg'!H16 -> 1.0745563 | C15: ='GHG detailed, results per kg'!I16 -> 0.61237884 | D15: ='GHG detailed, results per kg'!J16+'GHG detailed, results per kg'!K16 -> 2.6696469 | E15: ='GHG detailed, results per kg'!L16+'GHG detailed, results per kg'!N16 -> 0.45049177 | F15: ='GHG detailed, results per kg'!O16+'GHG detailed, results per kg'!Q16 -> 1.428531 | G15: ='GHG detailed, results per kg'!P16 -> 0.25048528 | H15: ='GHG detailed, results per kg'!R16 -> 0.35746652 | I15: ='GHG detailed, results per kg'!S16 -> 15.177842 | J15: ='GHG detailed, results per kg'!T16 -> 2.9070556 | K15: ='GHG detailed, results per kg'!W16 -> 0.44590589 | L15: ='GHG detailed, results per kg'!X16 -> 0.0016456263 | M15: =SUM(B15:L15) -> 25.376006
A16: Spain | B16: ='GHG detailed, results per kg'!H56 -> 0.56980648 | C16: ='GHG detailed, results per kg'!I56 -> 0.6206311 | D16: ='GHG detailed, results per kg'!J56+'GHG detailed, results per kg'!K56 -> 2.5611694 | E16: ='GHG detailed, results per kg'!L56+'GHG detailed, results per kg'!N56 -> 0.83056979 | F16: ='GHG detailed, results per kg'!O56+'GHG detailed, results per kg'!Q56 -> 1.1322993 | G16: ='GHG detailed, results per kg'!P56 -> 0.55896494 | H16: ='GHG detailed, results per kg'!R56 -> 0.58254605 | I16: ='GHG detailed, results per kg'!S56 -> 15.057932 | J16: ='GHG detailed, results per kg'!T56 -> 2.0788073 | K16: ='GHG detailed, results per kg'!W56 -> 0.76444523 | L16: ='GHG detailed, results per kg'!X56 -> 0.02634506 | M16: =SUM(B16:L16) -> 24.783517
A17: Ireland | B17: ='GHG detailed, results per kg'!H36 -> 1.1484849 | C17: ='GHG detailed, results per kg'!I36 -> 0.62858168 | D17: ='GHG detailed, results per kg'!J36+'GHG detailed, results per kg'!K36 -> 1.7407168 | E17: ='GHG detailed, results per kg'!L36+'GHG detailed, results per kg'!N36 -> 0.36519092 | F17: ='GHG detailed, results per kg'!O36+'GHG detailed, results per kg'!Q36 -> 0.36866263 | G17: ='GHG detailed, results per kg'!P36 -> 0.066050789 | H17: ='GHG detailed, results per kg'!R36 -> 0.065395076 | I17: ='GHG detailed, results per kg'!S36 -> 15.130733 | J17: ='GHG detailed, results per kg'!T36 -> 3.6465072 | K17: ='GHG detailed, results per kg'!W36 -> 0.91448327 | L17: ='GHG detailed, results per kg'!X36 -> 0.031838287 | M17: =SUM(B17:L17) -> 24.106645
A22: Comparison Ahlgren et al 2022
A24: Klimat | D24: Metan | E24: Gödsel | F24: Lustgas, mark | G24: Energi | H24: Övrigt | I24: Summa
A25: Köttrasstut | B25: Gns | C25: CW | D25: 5.9394412 | E25: 2.8821149 | F25: 1.8985379 | G25: 1.8519477 | H25: 0.56060773 | I25: 13.132649
C26: Benfritt | D26: =D25/0.69 -> 8.6078858 | E26: =E25/0.69 -> 4.1769781 | F26: =F25/0.69 -> 2.7515042 | G26: =G25/0.69 -> 2.6839822 | H26: =H25/0.69 -> 0.81247498 | I26: =I25/0.69 -> 19.032825
A27: Our data | D27: =I17 -> 15.130733 | E27: =J17 -> 3.6465072 | F27: =D17 -> 1.7407168 | G27: =B17+E17+F17+K17 -> 2.7968217 | H27: =C17+H17+L17 -> 0.72581504 | I27: =SUM(D27:H27) -> 24.040594
A29: Ammoniak
A30: Köttrasstut | B30: Gns | C30: =0.2/0.695 -> 0.28776978
A31: Our data | C31: ='Footprints, only calves'!R17 -> 0.13602367 | D31: Lower value explained by us using TAN for manure calculations
A33: Cropland
A34: Köttrasstut | B34: Gns | C34: 30
A35: Our data | C35: ='Footprints, only calves'!L17 -> 25.618253

Sheet Footprints, results per kg
A2: Footprints (per kg of meat) - calves + mother animal | T2: **Values inserted directly here, no formula in this excel sheet
A5: Animal products | F5: Climate | L5: Land | M5: Nitrogen | N5: Phosphorus | O5: Water | P5: Pesticides | Q5: Biodiversity | R5: Ammonia | S5: Labour | T5: Animal welfare** | U5: Use of antibiotics**
A6: Code | B6: Name | C6: Category | D6: Country | E6: Country code | F6: Carbon footprint, kg CO2e/kg | G6: Carbon dioxide, kg CO2/kg | H6: Methane, fossil, kg CH4/kg | I6: Methane, biogenic, kg CH4/kg | J6: Nitrous oxide, kg N2O/kg | K6: HFCs, kg HFCs/kg | L6: Cropland use, m2/kg | M6: New N input, kg N/kg | N6: New P input, kg P/kg | O6: Blue freshwater use, m3/kg | P6: Pesticide use, g a.i./kg | Q6: Extinction rate, E/MSY/kg | R6: Ammonia emission, kg NH3/kg | S6: Labour requirements, h/kg | T6: Animal welfare index per kg of bonefree meat | U6: Antibiotics use indicator/kg
A7: 21111.02_dc24 | B7: Bovine meat | C7: Red meat | D7: Denmark | E7: DK | F7: ='GHG detailed, results per kg'!G11 -> 26.908845 | G7: ='GHG detailed, results per kg'!G7 -> 4.1584806 | H7: ='GHG detailed, results per kg'!G8 -> 0.020876964 | I7: ='GHG detailed, results per kg'!G9 -> 0.67527936 | J7: ='GHG detailed, results per kg'!G10 -> 0.014269919 | L7: ='Footprints, only calves'!L7+Production!$B$7*'Footprints, mother animal'!L7/Production!$B$23 -> 22.105225 | M7: ='Footprints, only calves'!M7+Production!$B$7*'Footprints, mother animal'!M7/Production!$B$23 -> 0.25601315 | N7: ='Footprints, only calves'!N7+Production!$B$7*'Footprints, mother animal'!N7/Production!$B$23 -> 0.011609952 | O7: ='Footprints, only calves'!O7+Production!$B$7*'Footprints, mother animal'!O7/Production!$B$23 -> 0.2135412 | P7: ='Footprints, only calves'!P7+Production!$B$7*'Footprints, mother animal'!P7/Production!$B$23 -> 0.69193227 | Q7: ='Footprints, only calves'!Q7+Production!$B$7*'Footprints, mother animal'!Q7/Production!$B$23 -> 6.177992e-10 | R7: ='Footprints, only calves'!R7+Production!$B$7*'Footprints, mother animal'!R7/Production!$B$23 -> 0.15869624 | S7: ='Footprints, only calves'!S7+Production!$B$7*'Footprints, mother animal'!S7/Production!$B$23 -> 0 | T7: 0.32534992 | U7: 5.9802073
A8: 21111.02_dc24 | B8: Bovine meat | C8: Red meat | D8: France | E8: FR | F8: ='GHG detailed, results per kg'!G16 -> 25.376006 | G8: ='GHG detailed, results per kg'!G12 -> 3.4797961 | H8: ='GHG detailed, results per kg'!G13 -> 0.015134033 | I8: ='GHG detailed, results per kg'!G14 -> 0.60767863 | J8: ='GHG detailed, results per kg'!G15 -> 0.018453819 | L8: ='Footprints, only calves'!L8+Production!$C$7*'Footprints, mother animal'!L8/Production!$C$23 -> 20.544328 | M8: ='Footprints, only calves'!M8+Production!$C$7*'Footprints, mother animal'!M8/Production!$C$23 -> 0.30263548 | N8: ='Footprints, only calves'!N8+Production!$C$7*'Footprints, mother animal'!N8/Production!$C$23 -> 0.024382234 | O8: ='Footprints, only calves'!O8+Production!$C$7*'Footprints, mother animal'!O8/Production!$C$23 -> 0.7025304 | P8: ='Footprints, only calves'!P8+Production!$C$7*'Footprints, mother animal'!P8/Production!$C$23 -> 1.3280314 | Q8: ='Footprints, only calves'!Q8+Production!$C$7*'Footprints, mother animal'!Q8/Production!$C$23 -> 1.8609392e-09 | R8: ='Footprints, only calves'!R8+Production!$C$7*'Footprints, mother animal'!R8/Production!$C$23 -> 0.15660255 | S8: ='Footprints, only calves'!S8+Production!$C$7*'Footprints, mother animal'!S8/Production!$C$23 -> 0 | T8: 0.39946722 | U8: 8.7454742
A9: 21111.02_dc24 | B9: Bovine meat | C9: Red meat | D9: Germany | E9: DE | F9: ='GHG detailed, results per kg'!G21 -> 25.823455 | G9: ='GHG detailed, results per kg'!G17 -> 4.0175058 | H9: ='GHG detailed, results per kg'!G18 -> 0.015682521 | I9: ='GHG detailed, results per kg'!G19 -> 0.63692123 | J9: ='GHG detailed, results per kg'!G20 -> 0.015171199 | L9: ='Footprints, only calves'!L9+Production!$D$7*'Footprints, mother animal'!L9/Production!$D$23 -> 14.181147 | M9: ='Footprints, only calves'!M9+Production!$D$7*'Footprints, mother animal'!M9/Production!$D$23 -> 0.23634698 | N9: ='Footprints, only calves'!N9+Production!$D$7*'Footprints, mother animal'!N9/Production!$D$23 -> 0.011812314 | O9: ='Footprints, only calves'!O9+Production!$D$7*'Footprints, mother animal'!O9/Production!$D$23 -> 0.19062819 | P9: ='Footprints, only calves'!P9+Production!$D$7*'Footprints, mother animal'!P9/Production!$D$23 -> 0.76934035 | Q9: ='Footprints, only calves'!Q9+Production!$D$7*'Footprints, mother animal'!Q9/Production!$D$23 -> 4.8386013e-10 | R9: ='Footprints, only calves'!R9+Production!$D$7*'Footprints, mother animal'!R9/Production!$D$23 -> 0.17632361 | S9: ='Footprints, only calves'!S9+Production!$D$7*'Footprints, mother animal'!S9/Production!$D$23 -> 0 | T9: 0.45796537 | U9: 14.65228
A10: 21111.02_dc24 | B10: Bovine meat | C10: Red meat | D10: Greece | E10: GR | F10: ='GHG detailed, results per kg'!G26 -> 28.648598 | G10: ='GHG detailed, results per kg'!G22 -> 6.179929 | H10: ='GHG detailed, results per kg'!G23 -> 0.013306376 | I10: ='GHG detailed, results per kg'!G24 -> 0.60210886 | J10: ='GHG detailed, results per kg'!G25 -> 0.021301096 | L10: ='Footprints, only calves'!L10+Production!$E$7*'Footprints, mother animal'!L10/Production!$E$23 -> 32.559498 | M10: ='Footprints, only calves'!M10+Production!$E$7*'Footprints, mother animal'!M10/Production!$E$23 -> 0.47768109 | N10: ='Footprints, only calves'!N10+Production!$E$7*'Footprints, mother animal'!N10/Production!$E$23 -> 0.054031175 | O10: ='Footprints, only calves'!O10+Production!$E$7*'Footprints, mother animal'!O10/Production!$E$23 -> 1.9214941 | P10: ='Footprints, only calves'!P10+Production!$E$7*'Footprints, mother animal'!P10/Production!$E$23 -> 1.3523146 | Q10: ='Footprints, only calves'!Q10+Production!$E$7*'Footprints, mother animal'!Q10/Production!$E$23 -> 1.5414764e-08 | R10: ='Footprints, only calves'!R10+Production!$E$7*'Footprints, mother animal'!R10/Production!$E$23 -> 0.18602505 | S10: ='Footprints, only calves'!S10+Production!$E$7*'Footprints, mother animal'!S10/Production!$E$23 -> 0 | T10: 0.46223854 | U10: 28.588806
A11: 21111.02_dc24 | B11: Bovine meat | C11: Red meat | D11: Hungary | E11: HU | F11: ='GHG detailed, results per kg'!G31 -> 29.961097 | G11: ='GHG detailed, results per kg'!G27 -> 6.0834424 | H11: ='GHG detailed, results per kg'!G28 -> 0.018408951 | I11: ='GHG detailed, results per kg'!G29 -> 0.66249804 | J11: ='GHG detailed, results per kg'!G30 -> 0.019932678 | L11: ='Footprints, only calves'!L11+Production!$F$7*'Footprints, mother animal'!L11/Production!$F$23 -> 36.386013 | M11: ='Footprints, only calves'!M11+Production!$F$7*'Footprints, mother animal'!M11/Production!$F$23 -> 0.50103554 | N11: ='Footprints, only calves'!N11+Production!$F$7*'Footprints, mother animal'!N11/Production!$F$23 -> 0.043608658 | O11: ='Footprints, only calves'!O11+Production!$F$7*'Footprints, mother animal'!O11/Production!$F$23 -> 0.072651871 | P11: ='Footprints, only calves'!P11+Production!$F$7*'Footprints, mother animal'!P11/Production!$F$23 -> 1.8223897 | Q11: ='Footprints, only calves'!Q11+Production!$F$7*'Footprints, mother animal'!Q11/Production!$F$23 -> 1.1409672e-09 | R11: ='Footprints, only calves'!R11+Production!$F$7*'Footprints, mother animal'!R11/Production!$F$23 -> 0.19064653 | S11: ='Footprints, only calves'!S11+Production!$F$7*'Footprints, mother animal'!S11/Production!$F$23 -> 0 | T11: 0.48610932 | U11: 22.282123
A12: 21111.02_dc24 | B12: Bovine meat | C12: Red meat | D12: Ireland | E12: IE | F12: ='GHG detailed, results per kg'!G36 -> 24.106645 | G12: ='GHG detailed, results per kg'!G32 -> 2.9968111 | H12: ='GHG detailed, results per kg'!G33 -> 0.0048271858 | I12: ='GHG detailed, results per kg'!G34 -> 0.63163289 | J12: ='GHG detailed, results per kg'!G35 -> 0.014329288 | L12: ='Footprints, only calves'!L12+Production!$G$7*'Footprints, mother animal'!L12/Production!$G$23 -> 6.8152461 | M12: ='Footprints, only calves'!M12+Production!$G$7*'Footprints, mother animal'!M12/Production!$G$23 -> 0.35086283 | N12: ='Footprints, only calves'!N12+Production!$G$7*'Footprints, mother animal'!N12/Production!$G$23 -> 0.018066692 | O12: ='Footprints, only calves'!O12+Production!$G$7*'Footprints, mother animal'!O12/Production!$G$23 -> 0.039731243 | P12: ='Footprints, only calves'!P12+Production!$G$7*'Footprints, mother animal'!P12/Production!$G$23 -> 2.0936718 | Q12: ='Footprints, only calves'!Q12+Production!$G$7*'Footprints, mother animal'!Q12/Production!$G$23 -> 2.0749476e-10 | R12: ='Footprints, only calves'!R12+Production!$G$7*'Footprints, mother animal'!R12/Production!$G$23 -> 0.15456516 | S12: ='Footprints, only calves'!S12+Production!$G$7*'Footprints, mother animal'!S12/Production!$G$23 -> 0 | T12: 0.40565594 | U12: 9.7002402
A13: 21111.02_dc24 | B13: Bovine meat | C13: Red meat | D13: Italy | E13: IT | F13: ='GHG detailed, results per kg'!G41 -> 28.268778 | G13: ='GHG detailed, results per kg'!G37 -> 4.0900976 | H13: ='GHG detailed, results per kg'!G38 -> 0.014997212 | I13: ='GHG detailed, results per kg'!G39 -> 0.69299415 | J13: ='GHG detailed, results per kg'!G40 -> 0.018391655 | L13: ='Footprints, only calves'!L13+Production!$H$7*'Footprints, mother animal'!L13/Production!$H$23 -> 18.711976 | M13: ='Footprints, only calves'!M13+Production!$H$7*'Footprints, mother animal'!M13/Production!$H$23 -> 0.36409048 | N13: ='Footprints, only calves'!N13+Production!$H$7*'Footprints, mother animal'!N13/Production!$H$23 -> 0.021748047 | O13: ='Footprints, only calves'!O13+Production!$H$7*'Footprints, mother animal'!O13/Production!$H$23 -> 0.65224429 | P13: ='Footprints, only calves'!P13+Production!$H$7*'Footprints, mother animal'!P13/Production!$H$23 -> 1.3728683 | Q13: ='Footprints, only calves'!Q13+Production!$H$7*'Footprints, mother animal'!Q13/Production!$H$23 -> 5.9321408e-09 | R13: ='Footprints, only calves'!R13+Production!$H$7*'Footprints, mother animal'!R13/Production!$H$23 -> 0.25338963 | S13: ='Footprints, only calves'!S13+Production!$H$7*'Footprints, mother animal'!S13/Production!$H$23 -> 0 | T13: 0.55241704 | U13: 36.046526
A14: 21111.02_dc24 | B14: Bovine meat | C14: Red meat | D14: Netherlands | E14: NL | F14: ='GHG detailed, results per kg'!G46 -> 27.940909 | G14: ='GHG detailed, results per kg'!G42 -> 5.7542313 | H14: ='GHG detailed, results per kg'!G43 -> 0.014434474 | I14: ='GHG detailed, results per kg'!G44 -> 0.56172267 | J14: ='GHG detailed, results per kg'!G45 -> 0.02413926 | L14: ='Footprints, only calves'!L14+Production!$I$7*'Footprints, mother animal'!L14/Production!$I$23 -> 17.350177 | M14: ='Footprints, only calves'!M14+Production!$I$7*'Footprints, mother animal'!M14/Production!$I$23 -> 0.64282028 | N14: ='Footprints, only calves'!N14+Production!$I$7*'Footprints, mother animal'!N14/Production!$I$23 -> 0.016720367 | O14: ='Footprints, only calves'!O14+Production!$I$7*'Footprints, mother animal'!O14/Production!$I$23 -> 0.21910518 | P14: ='Footprints, only calves'!P14+Production!$I$7*'Footprints, mother animal'!P14/Production!$I$23 -> 1.6285781 | Q14: ='Footprints, only calves'!Q14+Production!$I$7*'Footprints, mother animal'!Q14/Production!$I$23 -> 8.688608e-10 | R14: ='Footprints, only calves'!R14+Production!$I$7*'Footprints, mother animal'!R14/Production!$I$23 -> 0.12617766 | S14: ='Footprints, only calves'!S14+Production!$I$7*'Footprints, mother animal'!S14/Production!$I$23 -> 0 | T14: 0.4084556 | U14: 7.3938528
A15: 21111.02_dc24 | B15: Bovine meat | C15: Red meat | D15: Poland | E15: PL | F15: ='GHG detailed, results per kg'!G51 -> 29.177114 | G15: ='GHG detailed, results per kg'!G47 -> 6.6892944 | H15: ='GHG detailed, results per kg'!G48 -> 0.011742448 | I15: ='GHG detailed, results per kg'!G49 -> 0.58237224 | J15: ='GHG detailed, results per kg'!G50 -> 0.023493934 | L15: ='Footprints, only calves'!L15+Production!$J$7*'Footprints, mother animal'!L15/Production!$J$23 -> 24.504847 | M15: ='Footprints, only calves'!M15+Production!$J$7*'Footprints, mother animal'!M15/Production!$J$23 -> 0.39005059 | N15: ='Footprints, only calves'!N15+Production!$J$7*'Footprints, mother animal'!N15/Production!$J$23 -> 0.034351107 | O15: ='Footprints, only calves'!O15+Production!$J$7*'Footprints, mother animal'!O15/Production!$J$23 -> 0.086266021 | P15: ='Footprints, only calves'!P15+Production!$J$7*'Footprints, mother animal'!P15/Production!$J$23 -> 1.8979157 | Q15: ='Footprints, only calves'!Q15+Production!$J$7*'Footprints, mother animal'!Q15/Production!$J$23 -> 8.2321652e-10 | R15: ='Footprints, only calves'!R15+Production!$J$7*'Footprints, mother animal'!R15/Production!$J$23 -> 0.20617376 | S15: ='Footprints, only calves'!S15+Production!$J$7*'Footprints, mother animal'!S15/Production!$J$23 -> 0 | T15: 0.52500985 | U15: 46.317503
A16: 21111.02_dc24 | B16: Bovine meat | C16: Red meat | D16: Spain | E16: ES | F16: ='GHG detailed, results per kg'!G56 -> 24.783517 | G16: ='GHG detailed, results per kg'!G52 -> 4.4752125 | H16: ='GHG detailed, results per kg'!G53 -> 0.0096628073 | I16: ='GHG detailed, results per kg'!G54 -> 0.58698499 | J16: ='GHG detailed, results per kg'!G55 -> 0.015281164 | L16: ='Footprints, only calves'!L16+Production!$K$7*'Footprints, mother animal'!L16/Production!$K$23 -> 26.067195 | M16: ='Footprints, only calves'!M16+Production!$K$7*'Footprints, mother animal'!M16/Production!$K$23 -> 0.42116103 | N16: ='Footprints, only calves'!N16+Production!$K$7*'Footprints, mother animal'!N16/Production!$K$23 -> 0.040764647 | O16: ='Footprints, only calves'!O16+Production!$K$7*'Footprints, mother animal'!O16/Production!$K$23 -> 1.9338384 | P16: ='Footprints, only calves'!P16+Production!$K$7*'Footprints, mother animal'!P16/Production!$K$23 -> 1.7025173 | Q16: ='Footprints, only calves'!Q16+Production!$K$7*'Footprints, mother animal'!Q16/Production!$K$23 -> 5.5044005e-09 | R16: ='Footprints, only calves'!R16+Production!$K$7*'Footprints, mother animal'!R16/Production!$K$23 -> 0.13198399 | S16: ='Footprints, only calves'!S16+Production!$K$7*'Footprints, mother animal'!S16/Production!$K$23 -> 0 | T16: 0.36675541 | U16: 23.956277
A17: 21111.02_dc24 | B17: Bovine meat | C17: Red meat | D17: Sweden | E17: SE | F17: ='GHG detailed, results per kg'!G61 -> 25.776957 | G17: ='GHG detailed, results per kg'!G57 -> 3.6648189 | H17: ='GHG detailed, results per kg'!G58 -> 0.015911472 | I17: ='GHG detailed, results per kg'!G59 -> 0.59984781 | J17: ='GHG detailed, results per kg'!G60 -> 0.019934379 | L17: ='Footprints, only calves'!L17+Production!$L$7*'Footprints, mother animal'!L17/Production!$L$23 -> 32.361607 | M17: ='Footprints, only calves'!M17+Production!$L$7*'Footprints, mother animal'!M17/Production!$L$23 -> 0.38324318 | N17: ='Footprints, only calves'!N17+Production!$L$7*'Footprints, mother animal'!N17/Production!$L$23 -> 0.022362562 | O17: ='Footprints, only calves'!O17+Production!$L$7*'Footprints, mother animal'!O17/Production!$L$23 -> 0.12925758 | P17: ='Footprints, only calves'!P17+Production!$L$7*'Footprints, mother animal'!P17/Production!$L$23 -> 1.0961478 | Q17: ='Footprints, only calves'!Q17+Production!$L$7*'Footprints, mother animal'!Q17/Production!$L$23 -> 6.3403108e-11 | R17: ='Footprints, only calves'!R17+Production!$L$7*'Footprints, mother animal'!R17/Production!$L$23 -> 0.1383655 | S17: ='Footprints, only calves'!S17+Production!$L$7*'Footprints, mother animal'!S17/Production!$L$23 -> 0 | T17: 0.34037967 | U17: 2.8978382
A18: 21111.02_dc24 | B18: Bovine meat | C18: Red meat | D18: UK | E18: GB | F18: ='GHG detailed, results per kg'!G66 -> 24.381452 | G18: ='GHG detailed, results per kg'!G62 -> 3.2154431 | H18: ='GHG detailed, results per kg'!G63 -> 0.0040192299 | I18: ='GHG detailed, results per kg'!G64 -> 0.6189979 | J18: ='GHG detailed, results per kg'!G65 -> 0.015872865 | L18: ='Footprints, only calves'!L18+Production!$M$7*'Footprints, mother animal'!L18/Production!$M$23 -> 24.671055 | M18: ='Footprints, only calves'!M18+Production!$M$7*'Footprints, mother animal'!M18/Production!$M$23 -> 0.66147609 | N18: ='Footprints, only calves'!N18+Production!$M$7*'Footprints, mother animal'!N18/Production!$M$23 -> 0.047761845 | O18: ='Footprints, only calves'!O18+Production!$M$7*'Footprints, mother animal'!O18/Production!$M$23 -> 0.091741307 | P18: ='Footprints, only calves'!P18+Production!$M$7*'Footprints, mother animal'!P18/Production!$M$23 -> 3.9596704 | Q18: ='Footprints, only calves'!Q18+Production!$M$7*'Footprints, mother animal'!Q18/Production!$M$23 -> 2.2351625e-10 | R18: ='Footprints, only calves'!R18+Production!$M$7*'Footprints, mother animal'!R18/Production!$M$23 -> 0.12122597 | S18: ='Footprints, only calves'!S18+Production!$M$7*'Footprints, mother animal'!S18/Production!$M$23 -> 0 | T18: 0.37736464 | U18: 8.1652033

Sheet GHG detailed, results per kg
A2: GHG emissions (per kg of bonefree meat) - calves + mother animal
K3: * Calculated as percentage of direct emissions due to assumption due to data limitations regarding nitrogen leaching and volatilization from soils in different regions.
S4: Animals | W4: Stables | X4: Slaughter | Z4: Control
A5: Animal products | G5: Sum | H5: Inputs | J5: Soil emissions | L5: Energy use | P5: Land use change | Q5: Feed processing | R5: Transports | AA5: Dairy cows
A6: FoodEx code | B6: FoodEx name | C6: Food Ex category (L1) | D6: Country | E6: Country code | F6: Gas | G6: GHG | H6: Production of mineral fertilizer | I6: Production of capital goods | J6: Direct emissions | K6: Indirect emissions* | L6: Diesel use field mach | M6: Energy use in greenhouses | N6: Energy use for irrigation | O6: Energy use for post-harvest proc | P6: LUC emissions | Q6: Feed processing | R6: Feed transports | S6: Enteric fermentation* | T6: Manure management - tot | U6: Manure management - direct | V6: Manure management - indirect | W6: Energy use in stables | X6: Energy use for slaughter | Z6: Total feed, excl LUC | AA6: Feed mix emissions, kg CO2E per kg feed, excl. adjustement manure
A7: A01QV | B7: Bovine muscle | C7: Meat and meat products | D7: Denmark | E7: DK | F7: CO2 | G7: =SUM(H7:X7) -> 4.1584806 | H7: ='GHG detailed, only calves'!H7+Production!$B$7*'GHG detailed, mother animal'!H7/Production!$B$23 -> 0.30911974 | I7: ='GHG detailed, only calves'!I7+Production!$B$7*'GHG detailed, mother animal'!I7/Production!$B$23 -> 0.58985082 | J7: ='GHG detailed, only calves'!J7+Production!$B$7*'GHG detailed, mother animal'!J7/Production!$B$23 -> 0 | K7: ='GHG detailed, only calves'!K7+Production!$B$7*'GHG detailed, mother animal'!K7/Production!$B$23 -> 0 | L7: ='GHG detailed, only calves'!L7+Production!$B$7*'GHG detailed, mother animal'!L7/Production!$B$23 -> 0.33300411 | M7: ='GHG detailed, only calves'!M7+Production!$B$7*'GHG detailed, mother animal'!M7/Production!$B$23 -> 0 | N7: ='GHG detailed, only calves'!N7+Production!$B$7*'GHG detailed, mother animal'!N7/Production!$B$23 -> 0.015580535 | O7: ='GHG detailed, only calves'!O7+Production!$B$7*'GHG detailed, mother animal'!O7/Production!$B$23 -> 0.075015949 | ... X7: ='GHG detailed, only calves'!X7+Production!$B$7*'GHG detailed, mother animal'!X7/Production!$B$23 -> 0.02974226
A8: A01QV | B8: Bovine muscle | C8: Meat and meat products | D8: Denmark | E8: DK | F8: CH4, fossil | G8: =SUM(H8:X8) -> 0.020876964 | H8: ='GHG detailed, only calves'!H8+Production!$B$7*'GHG detailed, mother animal'!H8/Production!$B$23 -> 0.00045988957 | I8: ='GHG detailed, only calves'!I8+Production!$B$7*'GHG detailed, mother animal'!I8/Production!$B$23 -> 0.0020776947 | J8: ='GHG detailed, only calves'!J8+Production!$B$7*'GHG detailed, mother animal'!J8/Production!$B$23 -> 0 | K8: ='GHG detailed, only calves'!K8+Production!$B$7*'GHG detailed, mother animal'!K8/Production!$B$23 -> 0 | L8: ='GHG detailed, only calves'!L8+Production!$B$7*'GHG detailed, mother animal'!L8/Production!$B$23 -> 0.00014948914 | M8: ='GHG detailed, only calves'!M8+Production!$B$7*'GHG detailed, mother animal'!M8/Production!$B$23 -> 0 | N8: ='GHG detailed, only calves'!N8+Production!$B$7*'GHG detailed, mother animal'!N8/Production!$B$23 -> 5.2410402e-05 | O8: ='GHG detailed, only calves'!O8+Production!$B$7*'GHG detailed, mother animal'!O8/Production!$B$23 -> 5.0385501e-05 | ... X8: ='GHG detailed, only calves'!X8+Production!$B$7*'GHG detailed, mother animal'!X8/Production!$B$23 -> 2.941869e-05
A9: A01QV | B9: Bovine muscle | C9: Meat and meat products | D9: Denmark | E9: DK | F9: CH4, biogenic | G9: =SUM(H9:T9) -> 0.67527936 | H9: ='GHG detailed, only calves'!H9+Production!$B$7*'GHG detailed, mother animal'!H9/Production!$B$23 -> 0 | I9: ='GHG detailed, only calves'!I9+Production!$B$7*'GHG detailed, mother animal'!I9/Production!$B$23 -> 0 | J9: ='GHG detailed, only calves'!J9+Production!$B$7*'GHG detailed, mother animal'!J9/Production!$B$23 -> 0 | K9: ='GHG detailed, only calves'!K9+Production!$B$7*'GHG detailed, mother animal'!K9/Production!$B$23 -> 0 | L9: ='GHG detailed, only calves'!L9+Production!$B$7*'GHG detailed, mother animal'!L9/Production!$B$23 -> 0 | M9: ='GHG detailed, only calves'!M9+Production!$B$7*'GHG detailed, mother animal'!M9/Production!$B$23 -> 0 | N9: ='GHG detailed, only calves'!N9+Production!$B$7*'GHG detailed, mother animal'!N9/Production!$B$23 -> 0 | O9: ='GHG detailed, only calves'!O9+Production!$B$7*'GHG detailed, mother animal'!O9/Production!$B$23 -> 0 | ... X9: ='GHG detailed, only calves'!X9+Production!$B$7*'GHG detailed, mother animal'!X9/Production!$B$23 -> 0
A10: A01QV | B10: Bovine muscle | C10: Meat and meat products | D10: Denmark | E10: DK | F10: N2O | G10: =SUM(H10:T10)+W10+X10 -> 0.014269919 | H10: ='GHG detailed, only calves'!H10+Production!$B$7*'GHG detailed, mother animal'!H10/Production!$B$23 -> 0.00066368879 | I10: ='GHG detailed, only calves'!I10+Production!$B$7*'GHG detailed, mother animal'!I10/Production!$B$23 -> 2.3985086e-05 | J10: ='GHG detailed, only calves'!J10+Production!$B$7*'GHG detailed, mother animal'!J10/Production!$B$23 -> 0.0057084022 | K10: ='GHG detailed, only calves'!K10+Production!$B$7*'GHG detailed, mother animal'!K10/Production!$B$23 -> 0.00057084022 | L10: ='GHG detailed, only calves'!L10+Production!$B$7*'GHG detailed, mother animal'!L10/Production!$B$23 -> 9.0219131e-06 | M10: ='GHG detailed, only calves'!M10+Production!$B$7*'GHG detailed, mother animal'!M10/Production!$B$23 -> 0 | N10: ='GHG detailed, only calves'!N10+Production!$B$7*'GHG detailed, mother animal'!N10/Production!$B$23 -> 6.449865e-07 | O10: ='GHG detailed, only calves'!O10+Production!$B$7*'GHG detailed, mother animal'!O10/Production!$B$23 -> 2.7576819e-06 | ... X10: ='GHG detailed, only calves'!X10+Production!$B$7*'GHG detailed, mother animal'!X10/Production!$B$23 -> 1.3439832e-06
A11: A01QV | B11: Bovine muscle | C11: Meat and meat products | D11: Denmark | E11: DK | F11: CO2e | G11: =SUM(H11:X11) -> 26.908845 | H11: =SUMPRODUCT(H7:H10,'Parameters, general'!$B$23:$B$26) -> 0.50401149 | I11: =SUMPRODUCT(I7:I10,'Parameters, general'!$B$23:$B$26) -> 0.65831406 | J11: =SUMPRODUCT(J7:J10,'Parameters, general'!$B$23:$B$26) -> 1.5583938 | K11: =SUMPRODUCT(K7:K10,'Parameters, general'!$B$23:$B$26) -> 0.15583938 | L11: =SUMPRODUCT(L7:L10,'Parameters, general'!$B$23:$B$26) -> 0.33992187 | M11: =SUMPRODUCT(M7:M10,'Parameters, general'!$B$23:$B$26) -> 0 | N11: =SUMPRODUCT(N7:N10,'Parameters, general'!$B$23:$B$26) -> 0.017318446 | O11: =SUMPRODUCT(O7:O10,'Parameters, general'!$B$23:$B$26) -> 0.077270285 | ... T11: =SUMPRODUCT(T7:T10,'Parameters, general'!$B$23:$B$26) -> 4.5107129 | W11: =SUMPRODUCT(W7:W10,'Parameters, general'!$B$23:$B$26) -> 0.89120028 | X11: =SUMPRODUCT(X7:X10,'Parameters, general'!$B$23:$B$26) -> 0.030985844 | Z11: =SUM(H11:R11) -> 6.2166893 | AA11: ='CO2 per kg feed'!F20+'CH4 per kg feed'!F20*CF_GWP_CH4_fossil+'N2O per kg feed'!F20*CF_GWP_N2O -> 0.21046383
A12: A01QV | B12: Bovine muscle | C12: Meat and meat products | D12: France | E12: FR | F12: CO2 | G12: =SUM(H12:X12) -> 3.4797961 | H12: ='GHG detailed, only calves'!H12+Production!$C$7*'GHG detailed, mother animal'!H12/Production!$C$23 -> 0.64811709 | I12: ='GHG detailed, only calves'!I12+Production!$C$7*'GHG detailed, mother animal'!I12/Production!$C$23 -> 0.54854128 | J12: ='GHG detailed, only calves'!J12+Production!$C$7*'GHG detailed, mother animal'!J12/Production!$C$23 -> 0 | K12: ='GHG detailed, only calves'!K12+Production!$C$7*'GHG detailed, mother animal'!K12/Production!$C$23 -> 0 | L12: ='GHG detailed, only calves'!L12+Production!$C$7*'GHG detailed, mother animal'!L12/Production!$C$23 -> 0.38594931 | M12: ='GHG detailed, only calves'!M12+Production!$C$7*'GHG detailed, mother animal'!M12/Production!$C$23 -> 0 | N12: ='GHG detailed, only calves'!N12+Production!$C$7*'GHG detailed, mother animal'!N12/Production!$C$23 -> 0.050827839 | O12: ='GHG detailed, only calves'!O12+Production!$C$7*'GHG detailed, mother animal'!O12/Production!$C$23 -> 0.11977034 | ... X12: ='GHG detailed, only calves'!X12+Production!$C$7*'GHG detailed, mother animal'!X12/Production!$C$23 -> 0.001571707
A13: A01QV | B13: Bovine muscle | C13: Meat and meat products | D13: France | E13: FR | F13: CH4, fossil | G13: =SUM(H13:X13) -> 0.015134033 | H13: ='GHG detailed, only calves'!H13+Production!$C$7*'GHG detailed, mother animal'!H13/Production!$C$23 -> 0.0012151736 | I13: ='GHG detailed, only calves'!I13+Production!$C$7*'GHG detailed, mother animal'!I13/Production!$C$23 -> 0.0019391319 | J13: ='GHG detailed, only calves'!J13+Production!$C$7*'GHG detailed, mother animal'!J13/Production!$C$23 -> 0 | K13: ='GHG detailed, only calves'!K13+Production!$C$7*'GHG detailed, mother animal'!K13/Production!$C$23 -> 0 | L13: ='GHG detailed, only calves'!L13+Production!$C$7*'GHG detailed, mother animal'!L13/Production!$C$23 -> 0.0001731781 | M13: ='GHG detailed, only calves'!M13+Production!$C$7*'GHG detailed, mother animal'!M13/Production!$C$23 -> 0 | N13: ='GHG detailed, only calves'!N13+Production!$C$7*'GHG detailed, mother animal'!N13/Production!$C$23 -> 0.00017062754 | O13: ='GHG detailed, only calves'!O13+Production!$C$7*'GHG detailed, mother animal'!O13/Production!$C$23 -> 6.986607e-05 | ... X13: ='GHG detailed, only calves'!X13+Production!$C$7*'GHG detailed, mother animal'!X13/Production!$C$23 -> 1.7451993e-06
A14: A01QV | B14: Bovine muscle | C14: Meat and meat products | D14: France | E14: FR | F14: CH4, biogenic | G14: =SUM(H14:T14) -> 0.60767863 | H14: ='GHG detailed, only calves'!H14+Production!$C$7*'GHG detailed, mother animal'!H14/Production!$C$23 -> 0 | I14: ='GHG detailed, only calves'!I14+Production!$C$7*'GHG detailed, mother animal'!I14/Production!$C$23 -> 0 | J14: ='GHG detailed, only calves'!J14+Production!$C$7*'GHG detailed, mother animal'!J14/Production!$C$23 -> 0 | K14: ='GHG detailed, only calves'!K14+Production!$C$7*'GHG detailed, mother animal'!K14/Production!$C$23 -> 0 | L14: ='GHG detailed, only calves'!L14+Production!$C$7*'GHG detailed, mother animal'!L14/Production!$C$23 -> 0 | M14: ='GHG detailed, only calves'!M14+Production!$C$7*'GHG detailed, mother animal'!M14/Production!$C$23 -> 0 | N14: ='GHG detailed, only calves'!N14+Production!$C$7*'GHG detailed, mother animal'!N14/Production!$C$23 -> 0 | O14: ='GHG detailed, only calves'!O14+Production!$C$7*'GHG detailed, mother animal'!O14/Production!$C$23 -> 0 | ... X14: ='GHG detailed, only calves'!X14+Production!$C$7*'GHG detailed, mother animal'!X14/Production!$C$23 -> 0
A15: A01QV | B15: Bovine muscle | C15: Meat and meat products | D15: France | E15: FR | F15: N2O | G15: =SUM(H15:T15)+W15+X15 -> 0.018453819 | H15: ='GHG detailed, only calves'!H15+Production!$C$7*'GHG detailed, mother animal'!H15/Production!$C$23 -> 0.0014294031 | I15: ='GHG detailed, only calves'!I15+Production!$C$7*'GHG detailed, mother animal'!I15/Production!$C$23 -> 2.2166393e-05 | J15: ='GHG detailed, only calves'!J15+Production!$C$7*'GHG detailed, mother animal'!J15/Production!$C$23 -> 0.008889933 | K15: ='GHG detailed, only calves'!K15+Production!$C$7*'GHG detailed, mother animal'!K15/Production!$C$23 -> 0.0008889933 | L15: ='GHG detailed, only calves'!L15+Production!$C$7*'GHG detailed, mother animal'!L15/Production!$C$23 -> 1.0607573e-05 | M15: ='GHG detailed, only calves'!M15+Production!$C$7*'GHG detailed, mother animal'!M15/Production!$C$23 -> 0 | N15: ='GHG detailed, only calves'!N15+Production!$C$7*'GHG detailed, mother animal'!N15/Production!$C$23 -> 2.100164e-06 | O15: ='GHG detailed, only calves'!O15+Production!$C$7*'GHG detailed, mother animal'!O15/Production!$C$23 -> 4.4175478e-06 | ... X15: ='GHG detailed, only calves'!X15+Production!$C$7*'GHG detailed, mother animal'!X15/Production!$C$23 -> 8.0264974e-08
A16: A01QV | B16: Bovine muscle | C16: Meat and meat products | D16: France | E16: FR | F16: CO2e | G16: =SUM(H16:X16) -> 25.376006 | H16: =SUMPRODUCT(H12:H15,'Parameters, general'!$B$23:$B$26) -> 1.0745563 | I16: =SUMPRODUCT(I12:I15,'Parameters, general'!$B$23:$B$26) -> 0.61237884 | J16: =SUMPRODUCT(J12:J15,'Parameters, general'!$B$23:$B$26) -> 2.4269517 | K16: =SUMPRODUCT(K12:K15,'Parameters, general'!$B$23:$B$26) -> 0.24269517 | L16: =SUMPRODUCT(L12:L15,'Parameters, general'!$B$23:$B$26) -> 0.39400589 | M16: =SUMPRODUCT(M12:M15,'Parameters, general'!$B$23:$B$26) -> 0 | N16: =SUMPRODUCT(N12:N15,'Parameters, general'!$B$23:$B$26) -> 0.056485885 | O16: =SUMPRODUCT(O12:O15,'Parameters, general'!$B$23:$B$26) -> 0.12305834 | ... T16: =SUMPRODUCT(T12:T15,'Parameters, general'!$B$23:$B$26) -> 2.9070556 | W16: =SUMPRODUCT(W12:W15,'Parameters, general'!$B$23:$B$26) -> 0.44590589 | X16: =SUMPRODUCT(X12:X15,'Parameters, general'!$B$23:$B$26) -> 0.0016456263 | Z16: =SUM(H16:R16) -> 6.8435566 | AA16: ='CO2 per kg feed'!F36+'CH4 per kg feed'!F36*CF_GWP_CH4_fossil+'N2O per kg feed'!F36*CF_GWP_N2O -> 0.24350291
A17: A01QV | B17: Bovine muscle | C17: Meat and meat products | D17: Germany | E17: DE | F17: CO2 | G17: =SUM(H17:X17) -> 4.0175058 | H17: ='GHG detailed, only calves'!H17+Production!$D$7*'GHG detailed, mother animal'!H17/Production!$D$23 -> 0.47677431 | I17: ='GHG detailed, only calves'!I17+Production!$D$7*'GHG detailed, mother animal'!I17/Production!$D$23 -> 0.54157731 | J17: ='GHG detailed, only calves'!J17+Production!$D$7*'GHG detailed, mother animal'!J17/Production!$D$23 -> 0 | K17: ='GHG detailed, only calves'!K17+Production!$D$7*'GHG detailed, mother animal'!K17/Production!$D$23 -> 0 | L17: ='GHG detailed, only calves'!L17+Production!$D$7*'GHG detailed, mother animal'!L17/Production!$D$23 -> 0.33324936 | M17: ='GHG detailed, only calves'!M17+Production!$D$7*'GHG detailed, mother animal'!M17/Production!$D$23 -> 0 | N17: ='GHG detailed, only calves'!N17+Production!$D$7*'GHG detailed, mother animal'!N17/Production!$D$23 -> 0.014075493 | O17: ='GHG detailed, only calves'!O17+Production!$D$7*'GHG detailed, mother animal'!O17/Production!$D$23 -> 0.059263391 | ... X17: ='GHG detailed, only calves'!X17+Production!$D$7*'GHG detailed, mother animal'!X17/Production!$D$23 -> 0.034291614
A18: A01QV | B18: Bovine muscle | C18: Meat and meat products | D18: Germany | E18: DE | F18: CH4, fossil | G18: =SUM(H18:X18) -> 0.015682521 | H18: ='GHG detailed, only calves'!H18+Production!$D$7*'GHG detailed, mother animal'!H18/Production!$D$23 -> 0.00088939653 | I18: ='GHG detailed, only calves'!I18+Production!$D$7*'GHG detailed, mother animal'!I18/Production!$D$23 -> 0.0019065272 | J18: ='GHG detailed, only calves'!J18+Production!$D$7*'GHG detailed, mother animal'!J18/Production!$D$23 -> 0 | K18: ='GHG detailed, only calves'!K18+Production!$D$7*'GHG detailed, mother animal'!K18/Production!$D$23 -> 0 | L18: ='GHG detailed, only calves'!L18+Production!$D$7*'GHG detailed, mother animal'!L18/Production!$D$23 -> 0.00015272784 | M18: ='GHG detailed, only calves'!M18+Production!$D$7*'GHG detailed, mother animal'!M18/Production!$D$23 -> 0 | N18: ='GHG detailed, only calves'!N18+Production!$D$7*'GHG detailed, mother animal'!N18/Production!$D$23 -> 4.7044461e-05 | O18: ='GHG detailed, only calves'!O18+Production!$D$7*'GHG detailed, mother animal'!O18/Production!$D$23 -> 3.9986716e-05 | ... X18: ='GHG detailed, only calves'!X18+Production!$D$7*'GHG detailed, mother animal'!X18/Production!$D$23 -> 4.7795748e-05
A19: A01QV | B19: Bovine muscle | C19: Meat and meat products | D19: Germany | E19: DE | F19: CH4, biogenic | G19: =SUM(H19:T19) -> 0.63692123 | H19: ='GHG detailed, only calves'!H19+Production!$D$7*'GHG detailed, mother animal'!H19/Production!$D$23 -> 0 | I19: ='GHG detailed, only calves'!I19+Production!$D$7*'GHG detailed, mother animal'!I19/Production!$D$23 -> 0 | J19: ='GHG detailed, only calves'!J19+Production!$D$7*'GHG detailed, mother animal'!J19/Production!$D$23 -> 0 | K19: ='GHG detailed, only calves'!K19+Production!$D$7*'GHG detailed, mother animal'!K19/Production!$D$23 -> 0 | L19: ='GHG detailed, only calves'!L19+Production!$D$7*'GHG detailed, mother animal'!L19/Production!$D$23 -> 0 | M19: ='GHG detailed, only calves'!M19+Production!$D$7*'GHG detailed, mother animal'!M19/Production!$D$23 -> 0 | N19: ='GHG detailed, only calves'!N19+Production!$D$7*'GHG detailed, mother animal'!N19/Production!$D$23 -> 0 | O19: ='GHG detailed, only calves'!O19+Production!$D$7*'GHG detailed, mother animal'!O19/Production!$D$23 -> 0 | ... X19: ='GHG detailed, only calves'!X19+Production!$D$7*'GHG detailed, mother animal'!X19/Production!$D$23 -> 0
A20: A01QV | B20: Bovine muscle | C20: Meat and meat products | D20: Germany | E20: DE | F20: N2O | G20: =SUM(H20:T20)+W20+X20 -> 0.015171199 | H20: ='GHG detailed, only calves'!H20+Production!$D$7*'GHG detailed, mother animal'!H20/Production!$D$23 -> 0.0010500897 | I20: ='GHG detailed, only calves'!I20+Production!$D$7*'GHG detailed, mother animal'!I20/Production!$D$23 -> 2.2044712e-05 | J20: ='GHG detailed, only calves'!J20+Production!$D$7*'GHG detailed, mother animal'!J20/Production!$D$23 -> 0.0063027485 | K20: ='GHG detailed, only calves'!K20+Production!$D$7*'GHG detailed, mother animal'!K20/Production!$D$23 -> 0.00063027485 | L20: ='GHG detailed, only calves'!L20+Production!$D$7*'GHG detailed, mother animal'!L20/Production!$D$23 -> 9.1453572e-06 | M20: ='GHG detailed, only calves'!M20+Production!$D$7*'GHG detailed, mother animal'!M20/Production!$D$23 -> 0 | N20: ='GHG detailed, only calves'!N20+Production!$D$7*'GHG detailed, mother animal'!N20/Production!$D$23 -> 5.7896905e-07 | O20: ='GHG detailed, only calves'!O20+Production!$D$7*'GHG detailed, mother animal'!O20/Production!$D$23 -> 2.1290793e-06 | ... X20: ='GHG detailed, only calves'!X20+Production!$D$7*'GHG detailed, mother animal'!X20/Production!$D$23 -> 1.4269408e-06
A21: A01QV | B21: Bovine muscle | C21: Meat and meat products | D21: Germany | E21: DE | F21: CO2e | G21: =SUM(H21:X21) -> 25.823455 | H21: =SUMPRODUCT(H17:H20,'Parameters, general'!$B$23:$B$26) -> 0.78995281 | I21: =SUMPRODUCT(I17:I20,'Parameters, general'!$B$23:$B$26) -> 0.60441002 | J21: =SUMPRODUCT(J17:J20,'Parameters, general'!$B$23:$B$26) -> 1.7206503 | K21: =SUMPRODUCT(K17:K20,'Parameters, general'!$B$23:$B$26) -> 0.17206503 | L21: =SUMPRODUCT(L17:L20,'Parameters, general'!$B$23:$B$26) -> 0.34029733 | M21: =SUMPRODUCT(M17:M20,'Parameters, general'!$B$23:$B$26) -> 0 | N21: =SUMPRODUCT(N17:N20,'Parameters, general'!$B$23:$B$26) -> 0.015635477 | O21: =SUMPRODUCT(O17:O20,'Parameters, general'!$B$23:$B$26) -> 0.061036234 | ... T21: =SUMPRODUCT(T17:T20,'Parameters, general'!$B$23:$B$26) -> 3.7995222 | W21: =SUMPRODUCT(W17:W20,'Parameters, general'!$B$23:$B$26) -> 1.0310344 | X21: =SUMPRODUCT(X17:X20,'Parameters, general'!$B$23:$B$26) -> 0.036105482 | Z21: =SUM(H21:R21) -> 5.8931773 | AA21: ='CO2 per kg feed'!F52+'CH4 per kg feed'!F52*CF_GWP_CH4_fossil+'N2O per kg feed'!F52*CF_GWP_N2O -> 0.23743924
A22: A01QV | B22: Bovine muscle | C22: Meat and meat products | D22: Greece | E22: GR | F22: CO2 | G22: =SUM(H22:X22) -> 6.179929 | H22: ='GHG detailed, only calves'!H22+Production!$E$7*'GHG detailed, mother animal'!H22/Production!$E$23 -> 1.1962923 | I22: ='GHG detailed, only calves'!I22+Production!$E$7*'GHG detailed, mother animal'!I22/Production!$E$23 -> 0.57340166 | J22: ='GHG detailed, only calves'!J22+Production!$E$7*'GHG detailed, mother animal'!J22/Production!$E$23 -> 0 | K22: ='GHG detailed, only calves'!K22+Production!$E$7*'GHG detailed, mother animal'!K22/Production!$E$23 -> 0 | L22: ='GHG detailed, only calves'!L22+Production!$E$7*'GHG detailed, mother animal'!L22/Production!$E$23 -> 0.77868266 | M22: ='GHG detailed, only calves'!M22+Production!$E$7*'GHG detailed, mother animal'!M22/Production!$E$23 -> 0 | N22: ='GHG detailed, only calves'!N22+Production!$E$7*'GHG detailed, mother animal'!N22/Production!$E$23 -> 0.1324875 | O22: ='GHG detailed, only calves'!O22+Production!$E$7*'GHG detailed, mother animal'!O22/Production!$E$23 -> 0.41223113 | ... X22: ='GHG detailed, only calves'!X22+Production!$E$7*'GHG detailed, mother animal'!X22/Production!$E$23 -> 0.042926284
A23: A01QV | B23: Bovine muscle | C23: Meat and meat products | D23: Greece | E23: GR | F23: CH4, fossil | G23: =SUM(H23:X23) -> 0.013306376 | H23: ='GHG detailed, only calves'!H23+Production!$E$7*'GHG detailed, mother animal'!H23/Production!$E$23 -> 0.0022597077 | I23: ='GHG detailed, only calves'!I23+Production!$E$7*'GHG detailed, mother animal'!I23/Production!$E$23 -> 0.002057485 | J23: ='GHG detailed, only calves'!J23+Production!$E$7*'GHG detailed, mother animal'!J23/Production!$E$23 -> 0 | K23: ='GHG detailed, only calves'!K23+Production!$E$7*'GHG detailed, mother animal'!K23/Production!$E$23 -> 0 | L23: ='GHG detailed, only calves'!L23+Production!$E$7*'GHG detailed, mother animal'!L23/Production!$E$23 -> 0.00035381287 | M23: ='GHG detailed, only calves'!M23+Production!$E$7*'GHG detailed, mother animal'!M23/Production!$E$23 -> 0 | N23: ='GHG detailed, only calves'!N23+Production!$E$7*'GHG detailed, mother animal'!N23/Production!$E$23 -> 0.00044896669 | O23: ='GHG detailed, only calves'!O23+Production!$E$7*'GHG detailed, mother animal'!O23/Production!$E$23 -> 0.00033747672 | ... X23: ='GHG detailed, only calves'!X23+Production!$E$7*'GHG detailed, mother animal'!X23/Production!$E$23 -> 6.6575449e-05
A24: A01QV | B24: Bovine muscle | C24: Meat and meat products | D24: Greece | E24: GR | F24: CH4, biogenic | G24: =SUM(H24:T24) -> 0.60210886 | H24: ='GHG detailed, only calves'!H24+Production!$E$7*'GHG detailed, mother animal'!H24/Production!$E$23 -> 0 | I24: ='GHG detailed, only calves'!I24+Production!$E$7*'GHG detailed, mother animal'!I24/Production!$E$23 -> 0 | J24: ='GHG detailed, only calves'!J24+Production!$E$7*'GHG detailed, mother animal'!J24/Production!$E$23 -> 0 | K24: ='GHG detailed, only calves'!K24+Production!$E$7*'GHG detailed, mother animal'!K24/Production!$E$23 -> 0 | L24: ='GHG detailed, only calves'!L24+Production!$E$7*'GHG detailed, mother animal'!L24/Production!$E$23 -> 0 | M24: ='GHG detailed, only calves'!M24+Production!$E$7*'GHG detailed, mother animal'!M24/Production!$E$23 -> 0 | N24: ='GHG detailed, only calves'!N24+Production!$E$7*'GHG detailed, mother animal'!N24/Production!$E$23 -> 0 | O24: ='GHG detailed, only calves'!O24+Production!$E$7*'GHG detailed, mother animal'!O24/Production!$E$23 -> 0 | ... X24: ='GHG detailed, only calves'!X24+Production!$E$7*'GHG detailed, mother animal'!X24/Production!$E$23 -> 0
A25: A01QV | B25: Bovine muscle | C25: Meat and meat products | D25: Greece | E25: GR | F25: N2O | G25: =SUM(H25:T25)+W25+X25 -> 0.021301096 | H25: ='GHG detailed, only calves'!H25+Production!$E$7*'GHG detailed, mother animal'!H25/Production!$E$23 -> 0.0026442454 | I25: ='GHG detailed, only calves'!I25+Production!$E$7*'GHG detailed, mother animal'!I25/Production!$E$23 -> 2.2561595e-05 | J25: ='GHG detailed, only calves'!J25+Production!$E$7*'GHG detailed, mother animal'!J25/Production!$E$23 -> 0.0093794707 | K25: ='GHG detailed, only calves'!K25+Production!$E$7*'GHG detailed, mother animal'!K25/Production!$E$23 -> 0.00093794707 | L25: ='GHG detailed, only calves'!L25+Production!$E$7*'GHG detailed, mother animal'!L25/Production!$E$23 -> 2.1112366e-05 | M25: ='GHG detailed, only calves'!M25+Production!$E$7*'GHG detailed, mother animal'!M25/Production!$E$23 -> 0 | N25: ='GHG detailed, only calves'!N25+Production!$E$7*'GHG detailed, mother animal'!N25/Production!$E$23 -> 5.5240098e-06 | O25: ='GHG detailed, only calves'!O25+Production!$E$7*'GHG detailed, mother animal'!O25/Production!$E$23 -> 1.4507165e-05 | ... X25: ='GHG detailed, only calves'!X25+Production!$E$7*'GHG detailed, mother animal'!X25/Production!$E$23 -> 1.4887804e-06
A26: A01QV | B26: Bovine muscle | C26: Meat and meat products | D26: Greece | E26: GR | F26: CO2e | G26: =SUM(H26:X26) -> 28.648598 | H26: =SUMPRODUCT(H22:H25,'Parameters, general'!$B$23:$B$26) -> 1.9855106 | I26: =SUMPRODUCT(I22:I25,'Parameters, general'!$B$23:$B$26) -> 0.64087403 | J26: =SUMPRODUCT(J22:J25,'Parameters, general'!$B$23:$B$26) -> 2.5605955 | K26: =SUMPRODUCT(K22:K25,'Parameters, general'!$B$23:$B$26) -> 0.25605955 | L26: =SUMPRODUCT(L22:L25,'Parameters, general'!$B$23:$B$26) -> 0.79498996 | M26: =SUMPRODUCT(M22:M25,'Parameters, general'!$B$23:$B$26) -> 0 | N26: =SUMPRODUCT(N22:N25,'Parameters, general'!$B$23:$B$26) -> 0.14737477 | O26: =SUMPRODUCT(O22:O25,'Parameters, general'!$B$23:$B$26) -> 0.42624839 | ... T26: =SUMPRODUCT(T22:T25,'Parameters, general'!$B$23:$B$26) -> 3.2451259 | W26: =SUMPRODUCT(W22:W25,'Parameters, general'!$B$23:$B$26) -> 1.2826221 | X26: =SUMPRODUCT(X22:X25,'Parameters, general'!$B$23:$B$26) -> 0.04531667 | Z26: =SUM(H26:R26) -> 8.9377069 | AA26: ='CO2 per kg feed'!F68+'CH4 per kg feed'!F68*CF_GWP_CH4_fossil+'N2O per kg feed'!F68*CF_GWP_N2O -> 0.35845796
A27: A01QV | B27: Bovine muscle | C27: Meat and meat products | D27: Hungary | E27: HU | F27: CO2 | G27: =SUM(H27:X27) -> 6.0834424 | H27: ='GHG detailed, only calves'!H27+Production!$F$7*'GHG detailed, mother animal'!H27/Production!$F$23 -> 0.84074066 | I27: ='GHG detailed, only calves'!I27+Production!$F$7*'GHG detailed, mother animal'!I27/Production!$F$23 -> 0.54625597 | J27: ='GHG detailed, only calves'!J27+Production!$F$7*'GHG detailed, mother animal'!J27/Production!$F$23 -> 0 | K27: ='GHG detailed, only calves'!K27+Production!$F$7*'GHG detailed, mother animal'!K27/Production!$F$23 -> 0 | L27: ='GHG detailed, only calves'!L27+Production!$F$7*'GHG detailed, mother animal'!L27/Production!$F$23 -> 0.66200433 | M27: ='GHG detailed, only calves'!M27+Production!$F$7*'GHG detailed, mother animal'!M27/Production!$F$23 -> 0 | N27: ='GHG detailed, only calves'!N27+Production!$F$7*'GHG detailed, mother animal'!N27/Production!$F$23 -> 0.0020448259 | O27: ='GHG detailed, only calves'!O27+Production!$F$7*'GHG detailed, mother animal'!O27/Production!$F$23 -> 0.23618093 | ... X27: ='GHG detailed, only calves'!X27+Production!$F$7*'GHG detailed, mother animal'!X27/Production!$F$23 -> 0.033002157
A28: A01QV | B28: Bovine muscle | C28: Meat and meat products | D28: Hungary | E28: HU | F28: CH4, fossil | G28: =SUM(H28:X28) -> 0.018408951 | H28: ='GHG detailed, only calves'!H28+Production!$F$7*'GHG detailed, mother animal'!H28/Production!$F$23 -> 0.0015828993 | I28: ='GHG detailed, only calves'!I28+Production!$F$7*'GHG detailed, mother animal'!I28/Production!$F$23 -> 0.0019422648 | J28: ='GHG detailed, only calves'!J28+Production!$F$7*'GHG detailed, mother animal'!J28/Production!$F$23 -> 0 | K28: ='GHG detailed, only calves'!K28+Production!$F$7*'GHG detailed, mother animal'!K28/Production!$F$23 -> 0 | L28: ='GHG detailed, only calves'!L28+Production!$F$7*'GHG detailed, mother animal'!L28/Production!$F$23 -> 0.00030988835 | M28: ='GHG detailed, only calves'!M28+Production!$F$7*'GHG detailed, mother animal'!M28/Production!$F$23 -> 0 | N28: ='GHG detailed, only calves'!N28+Production!$F$7*'GHG detailed, mother animal'!N28/Production!$F$23 -> 8.2646964e-06 | O28: ='GHG detailed, only calves'!O28+Production!$F$7*'GHG detailed, mother animal'!O28/Production!$F$23 -> 0.00019018833 | ... X28: ='GHG detailed, only calves'!X28+Production!$F$7*'GHG detailed, mother animal'!X28/Production!$F$23 -> 5.8419995e-05
A29: A01QV | B29: Bovine muscle | C29: Meat and meat products | D29: Hungary | E29: HU | F29: CH4, biogenic | G29: =SUM(H29:T29) -> 0.66249804 | H29: ='GHG detailed, only calves'!H29+Production!$F$7*'GHG detailed, mother animal'!H29/Production!$F$23 -> 0 | I29: ='GHG detailed, only calves'!I29+Production!$F$7*'GHG detailed, mother animal'!I29/Production!$F$23 -> 0 | J29: ='GHG detailed, only calves'!J29+Production!$F$7*'GHG detailed, mother animal'!J29/Production!$F$23 -> 0 | K29: ='GHG detailed, only calves'!K29+Production!$F$7*'GHG detailed, mother animal'!K29/Production!$F$23 -> 0 | L29: ='GHG detailed, only calves'!L29+Production!$F$7*'GHG detailed, mother animal'!L29/Production!$F$23 -> 0 | M29: ='GHG detailed, only calves'!M29+Production!$F$7*'GHG detailed, mother animal'!M29/Production!$F$23 -> 0 | N29: ='GHG detailed, only calves'!N29+Production!$F$7*'GHG detailed, mother animal'!N29/Production!$F$23 -> 0 | O29: ='GHG detailed, only calves'!O29+Production!$F$7*'GHG detailed, mother animal'!O29/Production!$F$23 -> 0 | ... X29: ='GHG detailed, only calves'!X29+Production!$F$7*'GHG detailed, mother animal'!X29/Production!$F$23 -> 0
A30: A01QV | B30: Bovine muscle | C30: Meat and meat products | D30: Hungary | E30: HU | F30: N2O | G30: =SUM(H30:T30)+W30+X30 -> 0.019932678 | H30: ='GHG detailed, only calves'!H30+Production!$F$7*'GHG detailed, mother animal'!H30/Production!$F$23 -> 0.0018538684 | I30: ='GHG detailed, only calves'!I30+Production!$F$7*'GHG detailed, mother animal'!I30/Production!$F$23 -> 2.1849811e-05 | J30: ='GHG detailed, only calves'!J30+Production!$F$7*'GHG detailed, mother animal'!J30/Production!$F$23 -> 0.0076815756 | K30: ='GHG detailed, only calves'!K30+Production!$F$7*'GHG detailed, mother animal'!K30/Production!$F$23 -> 0.00076815756 | L30: ='GHG detailed, only calves'!L30+Production!$F$7*'GHG detailed, mother animal'!L30/Production!$F$23 -> 1.8164591e-05 | M30: ='GHG detailed, only calves'!M30+Production!$F$7*'GHG detailed, mother animal'!M30/Production!$F$23 -> 0 | N30: ='GHG detailed, only calves'!N30+Production!$F$7*'GHG detailed, mother animal'!N30/Production!$F$23 -> 1.01713e-07 | O30: ='GHG detailed, only calves'!O30+Production!$F$7*'GHG detailed, mother animal'!O30/Production!$F$23 -> 8.4240407e-06 | ... X30: ='GHG detailed, only calves'!X30+Production!$F$7*'GHG detailed, mother animal'!X30/Production!$F$23 -> 1.1606078e-06
A31: A01QV | B31: Bovine muscle | C31: Meat and meat products | D31: Hungary | E31: HU | F31: CO2e | G31: =SUM(H31:X31) -> 29.961097 | H31: =SUMPRODUCT(H27:H30,'Parameters, general'!$B$23:$B$26) -> 1.3940171 | I31: =SUMPRODUCT(I27:I30,'Parameters, general'!$B$23:$B$26) -> 0.61010045 | J31: =SUMPRODUCT(J27:J30,'Parameters, general'!$B$23:$B$26) -> 2.0970701 | K31: =SUMPRODUCT(K27:K30,'Parameters, general'!$B$23:$B$26) -> 0.20970701 | L31: =SUMPRODUCT(L27:L30,'Parameters, general'!$B$23:$B$26) -> 0.67619793 | M31: =SUMPRODUCT(M27:M30,'Parameters, general'!$B$23:$B$26) -> 0 | N31: =SUMPRODUCT(N27:N30,'Parameters, general'!$B$23:$B$26) -> 0.0023188815 | O31: =SUMPRODUCT(O27:O30,'Parameters, general'!$B$23:$B$26) -> 0.2441483 | ... T31: =SUMPRODUCT(T27:T30,'Parameters, general'!$B$23:$B$26) -> 4.9976498 | W31: =SUMPRODUCT(W27:W30,'Parameters, general'!$B$23:$B$26) -> 1.0024766 | X31: =SUMPRODUCT(X27:X30,'Parameters, general'!$B$23:$B$26) -> 0.035059919 | Z31: =SUM(H31:R31) -> 8.7026282 | AA31: ='CO2 per kg feed'!F84+'CH4 per kg feed'!F84*CF_GWP_CH4_fossil+'N2O per kg feed'!F84*CF_GWP_N2O -> 0.35762232
A32: A01QV | B32: Bovine muscle | C32: Meat and meat products | D32: Ireland | E32: IE | F32: CO2 | G32: =SUM(H32:X32) -> 2.9968111 | H32: ='GHG detailed, only calves'!H32+Production!$G$7*'GHG detailed, mother animal'!H32/Production!$G$23 -> 0.6913999 | I32: ='GHG detailed, only calves'!I32+Production!$G$7*'GHG detailed, mother animal'!I32/Production!$G$23 -> 0.5628832 | J32: ='GHG detailed, only calves'!J32+Production!$G$7*'GHG detailed, mother animal'!J32/Production!$G$23 -> 0 | K32: ='GHG detailed, only calves'!K32+Production!$G$7*'GHG detailed, mother animal'!K32/Production!$G$23 -> 0 | L32: ='GHG detailed, only calves'!L32+Production!$G$7*'GHG detailed, mother animal'!L32/Production!$G$23 -> 0.35516197 | M32: ='GHG detailed, only calves'!M32+Production!$G$7*'GHG detailed, mother animal'!M32/Production!$G$23 -> 0 | N32: ='GHG detailed, only calves'!N32+Production!$G$7*'GHG detailed, mother animal'!N32/Production!$G$23 -> 0.0023807098 | O32: ='GHG detailed, only calves'!O32+Production!$G$7*'GHG detailed, mother animal'!O32/Production!$G$23 -> 0.15138025 | ... X32: ='GHG detailed, only calves'!X32+Production!$G$7*'GHG detailed, mother animal'!X32/Production!$G$23 -> 0.030786486
A33: A01QV | B33: Bovine muscle | C33: Meat and meat products | D33: Ireland | E33: IE | F33: CH4, fossil | G33: =SUM(H33:X33) -> 0.0048271858 | H33: ='GHG detailed, only calves'!H33+Production!$G$7*'GHG detailed, mother animal'!H33/Production!$G$23 -> 0.0012858877 | I33: ='GHG detailed, only calves'!I33+Production!$G$7*'GHG detailed, mother animal'!I33/Production!$G$23 -> 0.0019977137 | J33: ='GHG detailed, only calves'!J33+Production!$G$7*'GHG detailed, mother animal'!J33/Production!$G$23 -> 0 | K33: ='GHG detailed, only calves'!K33+Production!$G$7*'GHG detailed, mother animal'!K33/Production!$G$23 -> 0 | L33: ='GHG detailed, only calves'!L33+Production!$G$7*'GHG detailed, mother animal'!L33/Production!$G$23 -> 0.00015787779 | M33: ='GHG detailed, only calves'!M33+Production!$G$7*'GHG detailed, mother animal'!M33/Production!$G$23 -> 0 | N33: ='GHG detailed, only calves'!N33+Production!$G$7*'GHG detailed, mother animal'!N33/Production!$G$23 -> 9.9476518e-06 | O33: ='GHG detailed, only calves'!O33+Production!$G$7*'GHG detailed, mother animal'!O33/Production!$G$23 -> 7.942695e-05 | ... X33: ='GHG detailed, only calves'!X33+Production!$G$7*'GHG detailed, mother animal'!X33/Production!$G$23 -> 2.5075392e-05
A34: A01QV | B34: Bovine muscle | C34: Meat and meat products | D34: Ireland | E34: IE | F34: CH4, biogenic | G34: =SUM(H34:T34) -> 0.63163289 | H34: ='GHG detailed, only calves'!H34+Production!$G$7*'GHG detailed, mother animal'!H34/Production!$G$23 -> 0 | I34: ='GHG detailed, only calves'!I34+Production!$G$7*'GHG detailed, mother animal'!I34/Production!$G$23 -> 0 | J34: ='GHG detailed, only calves'!J34+Production!$G$7*'GHG detailed, mother animal'!J34/Production!$G$23 -> 0 | K34: ='GHG detailed, only calves'!K34+Production!$G$7*'GHG detailed, mother animal'!K34/Production!$G$23 -> 0 | L34: ='GHG detailed, only calves'!L34+Production!$G$7*'GHG detailed, mother animal'!L34/Production!$G$23 -> 0 | M34: ='GHG detailed, only calves'!M34+Production!$G$7*'GHG detailed, mother animal'!M34/Production!$G$23 -> 0 | N34: ='GHG detailed, only calves'!N34+Production!$G$7*'GHG detailed, mother animal'!N34/Production!$G$23 -> 0 | O34: ='GHG detailed, only calves'!O34+Production!$G$7*'GHG detailed, mother animal'!O34/Production!$G$23 -> 0 | ... X34: ='GHG detailed, only calves'!X34+Production!$G$7*'GHG detailed, mother animal'!X34/Production!$G$23 -> 0
A35: A01QV | B35: Bovine muscle | C35: Meat and meat products | D35: Ireland | E35: IE | F35: N2O | G35: =SUM(H35:T35)+W35+X35 -> 0.014329288 | H35: ='GHG detailed, only calves'!H35+Production!$G$7*'GHG detailed, mother animal'!H35/Production!$G$23 -> 0.0015339398 | I35: ='GHG detailed, only calves'!I35+Production!$G$7*'GHG detailed, mother animal'!I35/Production!$G$23 -> 2.2588304e-05 | J35: ='GHG detailed, only calves'!J35+Production!$G$7*'GHG detailed, mother animal'!J35/Production!$G$23 -> 0.0057965928 | K35: ='GHG detailed, only calves'!K35+Production!$G$7*'GHG detailed, mother animal'!K35/Production!$G$23 -> 0.00057965928 | L35: ='GHG detailed, only calves'!L35+Production!$G$7*'GHG detailed, mother animal'!L35/Production!$G$23 -> 9.5736964e-06 | M35: ='GHG detailed, only calves'!M35+Production!$G$7*'GHG detailed, mother animal'!M35/Production!$G$23 -> 0 | N35: ='GHG detailed, only calves'!N35+Production!$G$7*'GHG detailed, mother animal'!N35/Production!$G$23 -> 1.2240911e-07 | O35: ='GHG detailed, only calves'!O35+Production!$G$7*'GHG detailed, mother animal'!O35/Production!$G$23 -> 5.3946177e-06 | ... X35: ='GHG detailed, only calves'!X35+Production!$G$7*'GHG detailed, mother animal'!X35/Production!$G$23 -> 1.1155826e-06
A36: A01QV | B36: Bovine muscle | C36: Meat and meat products | D36: Ireland | E36: IE | F36: CO2e | G36: =SUM(H36:X36) -> 24.106645 | H36: =SUMPRODUCT(H32:H35,'Parameters, general'!$B$23:$B$26) -> 1.1484849 | I36: =SUMPRODUCT(I32:I35,'Parameters, general'!$B$23:$B$26) -> 0.62858168 | J36: =SUMPRODUCT(J32:J35,'Parameters, general'!$B$23:$B$26) -> 1.5824698 | K36: =SUMPRODUCT(K32:K35,'Parameters, general'!$B$23:$B$26) -> 0.15824698 | L36: =SUMPRODUCT(L32:L35,'Parameters, general'!$B$23:$B$26) -> 0.36248035 | M36: =SUMPRODUCT(M32:M35,'Parameters, general'!$B$23:$B$26) -> 0 | N36: =SUMPRODUCT(N32:N35,'Parameters, general'!$B$23:$B$26) -> 0.0027105675 | O36: =SUMPRODUCT(O32:O35,'Parameters, general'!$B$23:$B$26) -> 0.15521991 | ... T36: =SUMPRODUCT(T32:T35,'Parameters, general'!$B$23:$B$26) -> 3.6465072 | W36: =SUMPRODUCT(W32:W35,'Parameters, general'!$B$23:$B$26) -> 0.91448327 | X36: =SUMPRODUCT(X32:X35,'Parameters, general'!$B$23:$B$26) -> 0.031838287 | Z36: =SUM(H36:R36) -> 4.3830828 | AA36: ='CO2 per kg feed'!F100+'CH4 per kg feed'!F100*CF_GWP_CH4_fossil+'N2O per kg feed'!F100*CF_GWP_N2O -> 0.20313261
A37: A01QV | B37: Bovine muscle | C37: Meat and meat products | D37: Italy | E37: IT | F37: CO2 | G37: =SUM(H37:X37) -> 4.0900976 | H37: ='GHG detailed, only calves'!H37+Production!$H$7*'GHG detailed, mother animal'!H37/Production!$H$23 -> 0.5816841 | I37: ='GHG detailed, only calves'!I37+Production!$H$7*'GHG detailed, mother animal'!I37/Production!$H$23 -> 0.48946356 | J37: ='GHG detailed, only calves'!J37+Production!$H$7*'GHG detailed, mother animal'!J37/Production!$H$23 -> 0 | K37: ='GHG detailed, only calves'!K37+Production!$H$7*'GHG detailed, mother animal'!K37/Production!$H$23 -> 0 | L37: ='GHG detailed, only calves'!L37+Production!$H$7*'GHG detailed, mother animal'!L37/Production!$H$23 -> 0.31900529 | M37: ='GHG detailed, only calves'!M37+Production!$H$7*'GHG detailed, mother animal'!M37/Production!$H$23 -> 0 | N37: ='GHG detailed, only calves'!N37+Production!$H$7*'GHG detailed, mother animal'!N37/Production!$H$23 -> 0.04287115 | O37: ='GHG detailed, only calves'!O37+Production!$H$7*'GHG detailed, mother animal'!O37/Production!$H$23 -> 0.065789458 | ... X37: ='GHG detailed, only calves'!X37+Production!$H$7*'GHG detailed, mother animal'!X37/Production!$H$23 -> 0.030106531
A38: A01QV | B38: Bovine muscle | C38: Meat and meat products | D38: Italy | E38: IT | F38: CH4, fossil | G38: =SUM(H38:X38) -> 0.014997212 | H38: ='GHG detailed, only calves'!H38+Production!$H$7*'GHG detailed, mother animal'!H38/Production!$H$23 -> 0.0010796832 | I38: ='GHG detailed, only calves'!I38+Production!$H$7*'GHG detailed, mother animal'!I38/Production!$H$23 -> 0.0017259107 | J38: ='GHG detailed, only calves'!J38+Production!$H$7*'GHG detailed, mother animal'!J38/Production!$H$23 -> 0 | K38: ='GHG detailed, only calves'!K38+Production!$H$7*'GHG detailed, mother animal'!K38/Production!$H$23 -> 0 | L38: ='GHG detailed, only calves'!L38+Production!$H$7*'GHG detailed, mother animal'!L38/Production!$H$23 -> 0.00015811397 | M38: ='GHG detailed, only calves'!M38+Production!$H$7*'GHG detailed, mother animal'!M38/Production!$H$23 -> 0 | N38: ='GHG detailed, only calves'!N38+Production!$H$7*'GHG detailed, mother animal'!N38/Production!$H$23 -> 0.00014249887 | O38: ='GHG detailed, only calves'!O38+Production!$H$7*'GHG detailed, mother animal'!O38/Production!$H$23 -> 6.0284807e-05 | ... X38: ='GHG detailed, only calves'!X38+Production!$H$7*'GHG detailed, mother animal'!X38/Production!$H$23 -> 8.4814299e-05
A39: A01QV | B39: Bovine muscle | C39: Meat and meat products | D39: Italy | E39: IT | F39: CH4, biogenic | G39: =SUM(H39:T39) -> 0.69299415 | H39: ='GHG detailed, only calves'!H39+Production!$H$7*'GHG detailed, mother animal'!H39/Production!$H$23 -> 0 | I39: ='GHG detailed, only calves'!I39+Production!$H$7*'GHG detailed, mother animal'!I39/Production!$H$23 -> 0 | J39: ='GHG detailed, only calves'!J39+Production!$H$7*'GHG detailed, mother animal'!J39/Production!$H$23 -> 0 | K39: ='GHG detailed, only calves'!K39+Production!$H$7*'GHG detailed, mother animal'!K39/Production!$H$23 -> 0 | L39: ='GHG detailed, only calves'!L39+Production!$H$7*'GHG detailed, mother animal'!L39/Production!$H$23 -> 0 | M39: ='GHG detailed, only calves'!M39+Production!$H$7*'GHG detailed, mother animal'!M39/Production!$H$23 -> 0 | N39: ='GHG detailed, only calves'!N39+Production!$H$7*'GHG detailed, mother animal'!N39/Production!$H$23 -> 0 | O39: ='GHG detailed, only calves'!O39+Production!$H$7*'GHG detailed, mother animal'!O39/Production!$H$23 -> 0 | ... X39: ='GHG detailed, only calves'!X39+Production!$H$7*'GHG detailed, mother animal'!X39/Production!$H$23 -> 0
A40: A01QV | B40: Bovine muscle | C40: Meat and meat products | D40: Italy | E40: IT | F40: N2O | G40: =SUM(H40:T40)+W40+X40 -> 0.018391655 | H40: ='GHG detailed, only calves'!H40+Production!$H$7*'GHG detailed, mother animal'!H40/Production!$H$23 -> 0.0012801551 | I40: ='GHG detailed, only calves'!I40+Production!$H$7*'GHG detailed, mother animal'!I40/Production!$H$23 -> 1.9866627e-05 | J40: ='GHG detailed, only calves'!J40+Production!$H$7*'GHG detailed, mother animal'!J40/Production!$H$23 -> 0.0066733868 | K40: ='GHG detailed, only calves'!K40+Production!$H$7*'GHG detailed, mother animal'!K40/Production!$H$23 -> 0.00066733868 | L40: ='GHG detailed, only calves'!L40+Production!$H$7*'GHG detailed, mother animal'!L40/Production!$H$23 -> 8.8849094e-06 | M40: ='GHG detailed, only calves'!M40+Production!$H$7*'GHG detailed, mother animal'!M40/Production!$H$23 -> 0 | N40: ='GHG detailed, only calves'!N40+Production!$H$7*'GHG detailed, mother animal'!N40/Production!$H$23 -> 1.7537651e-06 | O40: ='GHG detailed, only calves'!O40+Production!$H$7*'GHG detailed, mother animal'!O40/Production!$H$23 -> 2.4106949e-06 | ... X40: ='GHG detailed, only calves'!X40+Production!$H$7*'GHG detailed, mother animal'!X40/Production!$H$23 -> 1.2160107e-06
A41: A01QV | B41: Bovine muscle | C41: Meat and meat products | D41: Italy | E41: IT | F41: CO2e | G41: =SUM(H41:X41) -> 28.268778 | H41: =SUMPRODUCT(H37:H40,'Parameters, general'!$B$23:$B$26) -> 0.963341 | I41: =SUMPRODUCT(I37:I40,'Parameters, general'!$B$23:$B$26) -> 0.54631929 | J41: =SUMPRODUCT(J37:J40,'Parameters, general'!$B$23:$B$26) -> 1.8218346 | K41: =SUMPRODUCT(K37:K40,'Parameters, general'!$B$23:$B$26) -> 0.18218346 | L41: =SUMPRODUCT(L37:L40,'Parameters, general'!$B$23:$B$26) -> 0.32614266 | M41: =SUMPRODUCT(M37:M40,'Parameters, general'!$B$23:$B$26) -> 0 | N41: =SUMPRODUCT(N37:N40,'Parameters, general'!$B$23:$B$26) -> 0.047596394 | O41: =SUMPRODUCT(O37:O40,'Parameters, general'!$B$23:$B$26) -> 0.068244065 | ... T41: =SUMPRODUCT(T37:T40,'Parameters, general'!$B$23:$B$26) -> 6.079777 | W41: =SUMPRODUCT(W37:W40,'Parameters, general'!$B$23:$B$26) -> 0.94528394 | X41: =SUMPRODUCT(X37:X40,'Parameters, general'!$B$23:$B$26) -> 0.032965968 | Z41: =SUM(H41:R41) -> 6.1100754 | AA41: ='CO2 per kg feed'!F116+'CH4 per kg feed'!F116*CF_GWP_CH4_fossil+'N2O per kg feed'!F116*CF_GWP_N2O -> 0.25136897
A42: A01QV | B42: Bovine muscle | C42: Meat and meat products | D42: Netherland | E42: NL | F42: CO2 | G42: =SUM(H42:X42) -> 5.7542313 | H42: ='GHG detailed, only calves'!H42+Production!$I$7*'GHG detailed, mother animal'!H42/Production!$I$23 -> 1.715674 | I42: ='GHG detailed, only calves'!I42+Production!$I$7*'GHG detailed, mother animal'!I42/Production!$I$23 -> 0.55956513 | J42: ='GHG detailed, only calves'!J42+Production!$I$7*'GHG detailed, mother animal'!J42/Production!$I$23 -> 0 | K42: ='GHG detailed, only calves'!K42+Production!$I$7*'GHG detailed, mother animal'!K42/Production!$I$23 -> 0 | L42: ='GHG detailed, only calves'!L42+Production!$I$7*'GHG detailed, mother animal'!L42/Production!$I$23 -> 0.47947845 | M42: ='GHG detailed, only calves'!M42+Production!$I$7*'GHG detailed, mother animal'!M42/Production!$I$23 -> 0 | N42: ='GHG detailed, only calves'!N42+Production!$I$7*'GHG detailed, mother animal'!N42/Production!$I$23 -> 0.016960086 | O42: ='GHG detailed, only calves'!O42+Production!$I$7*'GHG detailed, mother animal'!O42/Production!$I$23 -> 0.13987067 | ... X42: ='GHG detailed, only calves'!X42+Production!$I$7*'GHG detailed, mother animal'!X42/Production!$I$23 -> 0.035917579
A43: A01QV | B43: Bovine muscle | C43: Meat and meat products | D43: Netherland | E43: NL | F43: CH4, fossil | G43: =SUM(H43:X43) -> 0.014434474 | H43: ='GHG detailed, only calves'!H43+Production!$I$7*'GHG detailed, mother animal'!H43/Production!$I$23 -> 0.003182188 | I43: ='GHG detailed, only calves'!I43+Production!$I$7*'GHG detailed, mother animal'!I43/Production!$I$23 -> 0.0019738893 | J43: ='GHG detailed, only calves'!J43+Production!$I$7*'GHG detailed, mother animal'!J43/Production!$I$23 -> 0 | K43: ='GHG detailed, only calves'!K43+Production!$I$7*'GHG detailed, mother animal'!K43/Production!$I$23 -> 0 | L43: ='GHG detailed, only calves'!L43+Production!$I$7*'GHG detailed, mother animal'!L43/Production!$I$23 -> 0.0002171862 | M43: ='GHG detailed, only calves'!M43+Production!$I$7*'GHG detailed, mother animal'!M43/Production!$I$23 -> 0 | N43: ='GHG detailed, only calves'!N43+Production!$I$7*'GHG detailed, mother animal'!N43/Production!$I$23 -> 5.644388e-05 | O43: ='GHG detailed, only calves'!O43+Production!$I$7*'GHG detailed, mother animal'!O43/Production!$I$23 -> 9.8032696e-05 | ... X43: ='GHG detailed, only calves'!X43+Production!$I$7*'GHG detailed, mother animal'!X43/Production!$I$23 -> 5.2534473e-05
A44: A01QV | B44: Bovine muscle | C44: Meat and meat products | D44: Netherland | E44: NL | F44: CH4, biogenic | G44: =SUM(H44:T44) -> 0.56172267 | H44: ='GHG detailed, only calves'!H44+Production!$I$7*'GHG detailed, mother animal'!H44/Production!$I$23 -> 0 | I44: ='GHG detailed, only calves'!I44+Production!$I$7*'GHG detailed, mother animal'!I44/Production!$I$23 -> 0 | J44: ='GHG detailed, only calves'!J44+Production!$I$7*'GHG detailed, mother animal'!J44/Production!$I$23 -> 0 | K44: ='GHG detailed, only calves'!K44+Production!$I$7*'GHG detailed, mother animal'!K44/Production!$I$23 -> 0 | L44: ='GHG detailed, only calves'!L44+Production!$I$7*'GHG detailed, mother animal'!L44/Production!$I$23 -> 0 | M44: ='GHG detailed, only calves'!M44+Production!$I$7*'GHG detailed, mother animal'!M44/Production!$I$23 -> 0 | N44: ='GHG detailed, only calves'!N44+Production!$I$7*'GHG detailed, mother animal'!N44/Production!$I$23 -> 0 | O44: ='GHG detailed, only calves'!O44+Production!$I$7*'GHG detailed, mother animal'!O44/Production!$I$23 -> 0 | ... X44: ='GHG detailed, only calves'!X44+Production!$I$7*'GHG detailed, mother animal'!X44/Production!$I$23 -> 0
A45: A01QV | B45: Bovine muscle | C45: Meat and meat products | D45: Netherland | E45: NL | F45: N2O | G45: =SUM(H45:T45)+W45+X45 -> 0.02413926 | H45: ='GHG detailed, only calves'!H45+Production!$I$7*'GHG detailed, mother animal'!H45/Production!$I$23 -> 0.003783207 | I45: ='GHG detailed, only calves'!I45+Production!$I$7*'GHG detailed, mother animal'!I45/Production!$I$23 -> 2.2696116e-05 | J45: ='GHG detailed, only calves'!J45+Production!$I$7*'GHG detailed, mother animal'!J45/Production!$I$23 -> 0.01494282 | K45: ='GHG detailed, only calves'!K45+Production!$I$7*'GHG detailed, mother animal'!K45/Production!$I$23 -> 0.001494282 | L45: ='GHG detailed, only calves'!L45+Production!$I$7*'GHG detailed, mother animal'!L45/Production!$I$23 -> 1.3062074e-05 | M45: ='GHG detailed, only calves'!M45+Production!$I$7*'GHG detailed, mother animal'!M45/Production!$I$23 -> 0 | N45: ='GHG detailed, only calves'!N45+Production!$I$7*'GHG detailed, mother animal'!N45/Production!$I$23 -> 6.9459509e-07 | O45: ='GHG detailed, only calves'!O45+Production!$I$7*'GHG detailed, mother animal'!O45/Production!$I$23 -> 5.038585e-06 | ... X45: ='GHG detailed, only calves'!X45+Production!$I$7*'GHG detailed, mother animal'!X45/Production!$I$23 -> 1.3869838e-06
A46: A01QV | B46: Bovine muscle | C46: Meat and meat products | D46: Netherland | E46: NL | F46: CO2e | G46: =SUM(H46:X46) -> 27.940909 | H46: =SUMPRODUCT(H42:H45,'Parameters, general'!$B$23:$B$26) -> 2.8433188 | I46: =SUMPRODUCT(I42:I45,'Parameters, general'!$B$23:$B$26) -> 0.62458307 | J46: =SUMPRODUCT(J42:J45,'Parameters, general'!$B$23:$B$26) -> 4.0793899 | K46: =SUMPRODUCT(K42:K45,'Parameters, general'!$B$23:$B$26) -> 0.40793899 | L46: =SUMPRODUCT(L42:L45,'Parameters, general'!$B$23:$B$26) -> 0.48951654 | M46: =SUMPRODUCT(M42:M45,'Parameters, general'!$B$23:$B$26) -> 0 | N46: =SUMPRODUCT(N42:N45,'Parameters, general'!$B$23:$B$26) -> 0.018831738 | O46: =SUMPRODUCT(O42:O45,'Parameters, general'!$B$23:$B$26) -> 0.14416757 | ... T46: =SUMPRODUCT(T42:T45,'Parameters, general'!$B$23:$B$26) -> 0.8746581 | W46: =SUMPRODUCT(W42:W45,'Parameters, general'!$B$23:$B$26) -> 1.0790039 | X46: =SUMPRODUCT(X42:X45,'Parameters, general'!$B$23:$B$26) -> 0.037861753 | Z46: =SUM(H46:R46) -> 10.782908 | AA46: ='CO2 per kg feed'!F132+'CH4 per kg feed'!F132*CF_GWP_CH4_fossil+'N2O per kg feed'!F132*CF_GWP_N2O -> 0.4588994
A47: A01QV | B47: Bovine muscle | C47: Meat and meat products | D47: Poland | E47: PL | F47: CO2 | G47: =SUM(H47:X47) -> 6.6892944 | H47: ='GHG detailed, only calves'!H47+Production!$J$7*'GHG detailed, mother animal'!H47/Production!$J$23 -> 1.8540312 | I47: ='GHG detailed, only calves'!I47+Production!$J$7*'GHG detailed, mother animal'!I47/Production!$J$23 -> 0.59714249 | J47: ='GHG detailed, only calves'!J47+Production!$J$7*'GHG detailed, mother animal'!J47/Production!$J$23 -> 0 | K47: ='GHG detailed, only calves'!K47+Production!$J$7*'GHG detailed, mother animal'!K47/Production!$J$23 -> 0 | L47: ='GHG detailed, only calves'!L47+Production!$J$7*'GHG detailed, mother animal'!L47/Production!$J$23 -> 1.3228515 | M47: ='GHG detailed, only calves'!M47+Production!$J$7*'GHG detailed, mother animal'!M47/Production!$J$23 -> 0 | N47: ='GHG detailed, only calves'!N47+Production!$J$7*'GHG detailed, mother animal'!N47/Production!$J$23 -> 0.037948758 | O47: ='GHG detailed, only calves'!O47+Production!$J$7*'GHG detailed, mother animal'!O47/Production!$J$23 -> 0.92464855 | ... X47: ='GHG detailed, only calves'!X47+Production!$J$7*'GHG detailed, mother animal'!X47/Production!$J$23 -> 0.059342672
A48: A01QV | B48: Bovine muscle | C48: Meat and meat products | D48: Poland | E48: PL | F48: CH4, fossil | G48: =SUM(H48:X48) -> 0.011742448 | H48: ='GHG detailed, only calves'!H48+Production!$J$7*'GHG detailed, mother animal'!H48/Production!$J$23 -> 0.0034653799 | I48: ='GHG detailed, only calves'!I48+Production!$J$7*'GHG detailed, mother animal'!I48/Production!$J$23 -> 0.0021996116 | J48: ='GHG detailed, only calves'!J48+Production!$J$7*'GHG detailed, mother animal'!J48/Production!$J$23 -> 0 | K48: ='GHG detailed, only calves'!K48+Production!$J$7*'GHG detailed, mother animal'!K48/Production!$J$23 -> 0 | L48: ='GHG detailed, only calves'!L48+Production!$J$7*'GHG detailed, mother animal'!L48/Production!$J$23 -> 0.00058717852 | M48: ='GHG detailed, only calves'!M48+Production!$J$7*'GHG detailed, mother animal'!M48/Production!$J$23 -> 0 | N48: ='GHG detailed, only calves'!N48+Production!$J$7*'GHG detailed, mother animal'!N48/Production!$J$23 -> 0.00012378429 | O48: ='GHG detailed, only calves'!O48+Production!$J$7*'GHG detailed, mother animal'!O48/Production!$J$23 -> 0.00076839708 | ... X48: ='GHG detailed, only calves'!X48+Production!$J$7*'GHG detailed, mother animal'!X48/Production!$J$23 -> 9.6374801e-05
A49: A01QV | B49: Bovine muscle | C49: Meat and meat products | D49: Poland | E49: PL | F49: CH4, biogenic | G49: =SUM(H49:T49) -> 0.58237224 | H49: ='GHG detailed, only calves'!H49+Production!$J$7*'GHG detailed, mother animal'!H49/Production!$J$23 -> 0 | I49: ='GHG detailed, only calves'!I49+Production!$J$7*'GHG detailed, mother animal'!I49/Production!$J$23 -> 0 | J49: ='GHG detailed, only calves'!J49+Production!$J$7*'GHG detailed, mother animal'!J49/Production!$J$23 -> 0 | K49: ='GHG detailed, only calves'!K49+Production!$J$7*'GHG detailed, mother animal'!K49/Production!$J$23 -> 0 | L49: ='GHG detailed, only calves'!L49+Production!$J$7*'GHG detailed, mother animal'!L49/Production!$J$23 -> 0 | M49: ='GHG detailed, only calves'!M49+Production!$J$7*'GHG detailed, mother animal'!M49/Production!$J$23 -> 0 | N49: ='GHG detailed, only calves'!N49+Production!$J$7*'GHG detailed, mother animal'!N49/Production!$J$23 -> 0 | O49: ='GHG detailed, only calves'!O49+Production!$J$7*'GHG detailed, mother animal'!O49/Production!$J$23 -> 0 | ... X49: ='GHG detailed, only calves'!X49+Production!$J$7*'GHG detailed, mother animal'!X49/Production!$J$23 -> 0
A50: A01QV | B50: Bovine muscle | C50: Meat and meat products | D50: Poland | E50: PL | F50: N2O | G50: =SUM(H50:T50)+W50+X50 -> 0.023493934 | H50: ='GHG detailed, only calves'!H50+Production!$J$7*'GHG detailed, mother animal'!H50/Production!$J$23 -> 0.0040768233 | I50: ='GHG detailed, only calves'!I50+Production!$J$7*'GHG detailed, mother animal'!I50/Production!$J$23 -> 2.2356935e-05 | J50: ='GHG detailed, only calves'!J50+Production!$J$7*'GHG detailed, mother animal'!J50/Production!$J$23 -> 0.0087192479 | K50: ='GHG detailed, only calves'!K50+Production!$J$7*'GHG detailed, mother animal'!K50/Production!$J$23 -> 0.00087192479 | L50: ='GHG detailed, only calves'!L50+Production!$J$7*'GHG detailed, mother animal'!L50/Production!$J$23 -> 3.5668042e-05 | M50: ='GHG detailed, only calves'!M50+Production!$J$7*'GHG detailed, mother animal'!M50/Production!$J$23 -> 0 | N50: ='GHG detailed, only calves'!N50+Production!$J$7*'GHG detailed, mother animal'!N50/Production!$J$23 -> 1.5245261e-06 | O50: ='GHG detailed, only calves'!O50+Production!$J$7*'GHG detailed, mother animal'!O50/Production!$J$23 -> 3.2068665e-05 | ... X50: ='GHG detailed, only calves'!X50+Production!$J$7*'GHG detailed, mother animal'!X50/Production!$J$23 -> 1.2723861e-06
A51: A01QV | B51: Bovine muscle | C51: Meat and meat products | D51: Poland | E51: PL | F51: CO2e | G51: =SUM(H51:X51) -> 29.177114 | H51: =SUMPRODUCT(H47:H50,'Parameters, general'!$B$23:$B$26) -> 3.0702722 | I51: =SUMPRODUCT(I47:I50,'Parameters, general'!$B$23:$B$26) -> 0.66879436 | J51: =SUMPRODUCT(J47:J50,'Parameters, general'!$B$23:$B$26) -> 2.3803547 | K51: =SUMPRODUCT(K47:K50,'Parameters, general'!$B$23:$B$26) -> 0.23803547 | L51: =SUMPRODUCT(L47:L50,'Parameters, general'!$B$23:$B$26) -> 1.3500868 | M51: =SUMPRODUCT(M47:M50,'Parameters, general'!$B$23:$B$26) -> 0 | N51: =SUMPRODUCT(N47:N50,'Parameters, general'!$B$23:$B$26) -> 0.042053725 | O51: =SUMPRODUCT(O47:O50,'Parameters, general'!$B$23:$B$26) -> 0.95630153 | ... T51: =SUMPRODUCT(T47:T50,'Parameters, general'!$B$23:$B$26) -> 3.1045855 | W51: =SUMPRODUCT(W47:W50,'Parameters, general'!$B$23:$B$26) -> 1.7536487 | X51: =SUMPRODUCT(X47:X50,'Parameters, general'!$B$23:$B$26) -> 0.062562003 | Z51: =SUM(H51:R51) -> 9.0369808 | AA51: ='CO2 per kg feed'!F148+'CH4 per kg feed'!F148*CF_GWP_CH4_fossil+'N2O per kg feed'!F148*CF_GWP_N2O -> 0.33599905
A52: A01QV | B52: Bovine muscle | C52: Meat and meat products | D52: Spain | E52: ES | F52: CO2 | G52: =SUM(H52:X52) -> 4.4752125 | H52: ='GHG detailed, only calves'!H52+Production!$K$7*'GHG detailed, mother animal'!H52/Production!$K$23 -> 0.34392628 | I52: ='GHG detailed, only calves'!I52+Production!$K$7*'GHG detailed, mother animal'!I52/Production!$K$23 -> 0.55540965 | J52: ='GHG detailed, only calves'!J52+Production!$K$7*'GHG detailed, mother animal'!J52/Production!$K$23 -> 0 | K52: ='GHG detailed, only calves'!K52+Production!$K$7*'GHG detailed, mother animal'!K52/Production!$K$23 -> 0 | L52: ='GHG detailed, only calves'!L52+Production!$K$7*'GHG detailed, mother animal'!L52/Production!$K$23 -> 0.6699904 | M52: ='GHG detailed, only calves'!M52+Production!$K$7*'GHG detailed, mother animal'!M52/Production!$K$23 -> 0 | N52: ='GHG detailed, only calves'!N52+Production!$K$7*'GHG detailed, mother animal'!N52/Production!$K$23 -> 0.13199051 | O52: ='GHG detailed, only calves'!O52+Production!$K$7*'GHG detailed, mother animal'!O52/Production!$K$23 -> 0.31353079 | ... X52: ='GHG detailed, only calves'!X52+Production!$K$7*'GHG detailed, mother animal'!X52/Production!$K$23 -> 0.024730707
A53: A01QV | B53: Bovine muscle | C53: Meat and meat products | D53: Spain | E53: ES | F53: CH4, fossil | G53: =SUM(H53:X53) -> 0.0096628073 | H53: ='GHG detailed, only calves'!H53+Production!$K$7*'GHG detailed, mother animal'!H53/Production!$K$23 -> 0.00064139754 | I53: ='GHG detailed, only calves'!I53+Production!$K$7*'GHG detailed, mother animal'!I53/Production!$K$23 -> 0.0019874291 | J53: ='GHG detailed, only calves'!J53+Production!$K$7*'GHG detailed, mother animal'!J53/Production!$K$23 -> 0 | K53: ='GHG detailed, only calves'!K53+Production!$K$7*'GHG detailed, mother animal'!K53/Production!$K$23 -> 0 | L53: ='GHG detailed, only calves'!L53+Production!$K$7*'GHG detailed, mother animal'!L53/Production!$K$23 -> 0.00030746596 | M53: ='GHG detailed, only calves'!M53+Production!$K$7*'GHG detailed, mother animal'!M53/Production!$K$23 -> 0 | N53: ='GHG detailed, only calves'!N53+Production!$K$7*'GHG detailed, mother animal'!N53/Production!$K$23 -> 0.00043516452 | O53: ='GHG detailed, only calves'!O53+Production!$K$7*'GHG detailed, mother animal'!O53/Production!$K$23 -> 0.00023841358 | ... X53: ='GHG detailed, only calves'!X53+Production!$K$7*'GHG detailed, mother animal'!X53/Production!$K$23 -> 4.4965166e-05
A54: A01QV | B54: Bovine muscle | C54: Meat and meat products | D54: Spain | E54: ES | F54: CH4, biogenic | G54: =SUM(H54:T54) -> 0.58698499 | H54: ='GHG detailed, only calves'!H54+Production!$K$7*'GHG detailed, mother animal'!H54/Production!$K$23 -> 0 | I54: ='GHG detailed, only calves'!I54+Production!$K$7*'GHG detailed, mother animal'!I54/Production!$K$23 -> 0 | J54: ='GHG detailed, only calves'!J54+Production!$K$7*'GHG detailed, mother animal'!J54/Production!$K$23 -> 0 | K54: ='GHG detailed, only calves'!K54+Production!$K$7*'GHG detailed, mother animal'!K54/Production!$K$23 -> 0 | L54: ='GHG detailed, only calves'!L54+Production!$K$7*'GHG detailed, mother animal'!L54/Production!$K$23 -> 0 | M54: ='GHG detailed, only calves'!M54+Production!$K$7*'GHG detailed, mother animal'!M54/Production!$K$23 -> 0 | N54: ='GHG detailed, only calves'!N54+Production!$K$7*'GHG detailed, mother animal'!N54/Production!$K$23 -> 0 | O54: ='GHG detailed, only calves'!O54+Production!$K$7*'GHG detailed, mother animal'!O54/Production!$K$23 -> 0 | ... X54: ='GHG detailed, only calves'!X54+Production!$K$7*'GHG detailed, mother animal'!X54/Production!$K$23 -> 0
A55: A01QV | B55: Bovine muscle | C55: Meat and meat products | D55: Spain | E55: ES | F55: N2O | G55: =SUM(H55:T55)+W55+X55 -> 0.015281164 | H55: ='GHG detailed, only calves'!H55+Production!$K$7*'GHG detailed, mother animal'!H55/Production!$K$23 -> 0.00075738664 | I55: ='GHG detailed, only calves'!I55+Production!$K$7*'GHG detailed, mother animal'!I55/Production!$K$23 -> 2.1963601e-05 | J55: ='GHG detailed, only calves'!J55+Production!$K$7*'GHG detailed, mother animal'!J55/Production!$K$23 -> 0.0085287025 | K55: ='GHG detailed, only calves'!K55+Production!$K$7*'GHG detailed, mother animal'!K55/Production!$K$23 -> 0.00085287025 | L55: ='GHG detailed, only calves'!L55+Production!$K$7*'GHG detailed, mother animal'!L55/Production!$K$23 -> 1.8302088e-05 | M55: ='GHG detailed, only calves'!M55+Production!$K$7*'GHG detailed, mother animal'!M55/Production!$K$23 -> 0 | N55: ='GHG detailed, only calves'!N55+Production!$K$7*'GHG detailed, mother animal'!N55/Production!$K$23 -> 5.3553961e-06 | O55: ='GHG detailed, only calves'!O55+Production!$K$7*'GHG detailed, mother animal'!O55/Production!$K$23 -> 1.1598778e-05 | ... X55: ='GHG detailed, only calves'!X55+Production!$K$7*'GHG detailed, mother animal'!X55/Production!$K$23 -> 1.0050952e-06
A56: A01QV | B56: Bovine muscle | C56: Meat and meat products | D56: Spain | E56: ES | F56: CO2e | G56: =SUM(H56:X56) -> 24.783517 | H56: =SUMPRODUCT(H52:H55,'Parameters, general'!$B$23:$B$26) -> 0.56980648 | I56: =SUMPRODUCT(I52:I55,'Parameters, general'!$B$23:$B$26) -> 0.6206311 | J56: =SUMPRODUCT(J52:J55,'Parameters, general'!$B$23:$B$26) -> 2.3283358 | K56: =SUMPRODUCT(K52:K55,'Parameters, general'!$B$23:$B$26) -> 0.23283358 | L56: =SUMPRODUCT(L52:L55,'Parameters, general'!$B$23:$B$26) -> 0.68414935 | M56: =SUMPRODUCT(M52:M55,'Parameters, general'!$B$23:$B$26) -> 0 | N56: =SUMPRODUCT(N52:N55,'Parameters, general'!$B$23:$B$26) -> 0.14642044 | O56: =SUMPRODUCT(O52:O55,'Parameters, general'!$B$23:$B$26) -> 0.32380198 | ... T56: =SUMPRODUCT(T52:T55,'Parameters, general'!$B$23:$B$26) -> 2.0788073 | W56: =SUMPRODUCT(W52:W55,'Parameters, general'!$B$23:$B$26) -> 0.76444523 | X56: =SUMPRODUCT(X52:X55,'Parameters, general'!$B$23:$B$26) -> 0.02634506 | Z56: =SUM(H56:R56) -> 6.855987 | AA56: ='CO2 per kg feed'!F164+'CH4 per kg feed'!F164*CF_GWP_CH4_fossil+'N2O per kg feed'!F164*CF_GWP_N2O -> 0.26798788
A57: A01QV | B57: Bovine muscle | C57: Meat and meat products | D57: Sweden | E57: SE | F57: CO2 | G57: =SUM(H57:X57) -> 3.6648189 | H57: ='GHG detailed, only calves'!H57+Production!$L$7*'GHG detailed, mother animal'!H57/Production!$L$23 -> 0.85748132 | I57: ='GHG detailed, only calves'!I57+Production!$L$7*'GHG detailed, mother animal'!I57/Production!$L$23 -> 0.61499256 | J57: ='GHG detailed, only calves'!J57+Production!$L$7*'GHG detailed, mother animal'!J57/Production!$L$23 -> 0 | K57: ='GHG detailed, only calves'!K57+Production!$L$7*'GHG detailed, mother animal'!K57/Production!$L$23 -> 0 | L57: ='GHG detailed, only calves'!L57+Production!$L$7*'GHG detailed, mother animal'!L57/Production!$L$23 -> 0.49903534 | M57: ='GHG detailed, only calves'!M57+Production!$L$7*'GHG detailed, mother animal'!M57/Production!$L$23 -> 0 | N57: ='GHG detailed, only calves'!N57+Production!$L$7*'GHG detailed, mother animal'!N57/Production!$L$23 -> 0.0088335224 | O57: ='GHG detailed, only calves'!O57+Production!$L$7*'GHG detailed, mother animal'!O57/Production!$L$23 -> 0.27827384 | ... X57: ='GHG detailed, only calves'!X57+Production!$L$7*'GHG detailed, mother animal'!X57/Production!$L$23 -> 0.0015780907
A58: A01QV | B58: Bovine muscle | C58: Meat and meat products | D58: Sweden | E58: SE | F58: CH4, fossil | G58: =SUM(H58:X58) -> 0.015911472 | H58: ='GHG detailed, only calves'!H58+Production!$L$7*'GHG detailed, mother animal'!H58/Production!$L$23 -> 0.00018890205 | I58: ='GHG detailed, only calves'!I58+Production!$L$7*'GHG detailed, mother animal'!I58/Production!$L$23 -> 0.0021638627 | J58: ='GHG detailed, only calves'!J58+Production!$L$7*'GHG detailed, mother animal'!J58/Production!$L$23 -> 0 | K58: ='GHG detailed, only calves'!K58+Production!$L$7*'GHG detailed, mother animal'!K58/Production!$L$23 -> 0 | L58: ='GHG detailed, only calves'!L58+Production!$L$7*'GHG detailed, mother animal'!L58/Production!$L$23 -> 0.00022150143 | M58: ='GHG detailed, only calves'!M58+Production!$L$7*'GHG detailed, mother animal'!M58/Production!$L$23 -> 0 | N58: ='GHG detailed, only calves'!N58+Production!$L$7*'GHG detailed, mother animal'!N58/Production!$L$23 -> 2.9485575e-05 | O58: ='GHG detailed, only calves'!O58+Production!$L$7*'GHG detailed, mother animal'!O58/Production!$L$23 -> 0.00010838727 | ... X58: ='GHG detailed, only calves'!X58+Production!$L$7*'GHG detailed, mother animal'!X58/Production!$L$23 -> 9.1278541e-07
A59: A01QV | B59: Bovine muscle | C59: Meat and meat products | D59: Sweden | E59: SE | F59: CH4, biogenic | G59: =SUM(H59:T59) -> 0.59984781 | H59: ='GHG detailed, only calves'!H59+Production!$L$7*'GHG detailed, mother animal'!H59/Production!$L$23 -> 0 | I59: ='GHG detailed, only calves'!I59+Production!$L$7*'GHG detailed, mother animal'!I59/Production!$L$23 -> 0 | J59: ='GHG detailed, only calves'!J59+Production!$L$7*'GHG detailed, mother animal'!J59/Production!$L$23 -> 0 | K59: ='GHG detailed, only calves'!K59+Production!$L$7*'GHG detailed, mother animal'!K59/Production!$L$23 -> 0 | L59: ='GHG detailed, only calves'!L59+Production!$L$7*'GHG detailed, mother animal'!L59/Production!$L$23 -> 0 | M59: ='GHG detailed, only calves'!M59+Production!$L$7*'GHG detailed, mother animal'!M59/Production!$L$23 -> 0 | N59: ='GHG detailed, only calves'!N59+Production!$L$7*'GHG detailed, mother animal'!N59/Production!$L$23 -> 0 | O59: ='GHG detailed, only calves'!O59+Production!$L$7*'GHG detailed, mother animal'!O59/Production!$L$23 -> 0 | ... X59: ='GHG detailed, only calves'!X59+Production!$L$7*'GHG detailed, mother animal'!X59/Production!$L$23 -> 0
A60: A01QV | B60: Bovine muscle | C60: Meat and meat products | D60: Sweden | E60: SE | F60: N2O | G60: =SUM(H60:T60)+W60+X60 -> 0.019934379 | H60: ='GHG detailed, only calves'!H60+Production!$L$7*'GHG detailed, mother animal'!H60/Production!$L$23 -> 0.0018438463 | I60: ='GHG detailed, only calves'!I60+Production!$L$7*'GHG detailed, mother animal'!I60/Production!$L$23 -> 2.4349501e-05 | J60: ='GHG detailed, only calves'!J60+Production!$L$7*'GHG detailed, mother animal'!J60/Production!$L$23 -> 0.011296288 | K60: ='GHG detailed, only calves'!K60+Production!$L$7*'GHG detailed, mother animal'!K60/Production!$L$23 -> 0.0011296288 | L60: ='GHG detailed, only calves'!L60+Production!$L$7*'GHG detailed, mother animal'!L60/Production!$L$23 -> 1.3433808e-05 | M60: ='GHG detailed, only calves'!M60+Production!$L$7*'GHG detailed, mother animal'!M60/Production!$L$23 -> 0 | N60: ='GHG detailed, only calves'!N60+Production!$L$7*'GHG detailed, mother animal'!N60/Production!$L$23 -> 4.0505137e-07 | O60: ='GHG detailed, only calves'!O60+Production!$L$7*'GHG detailed, mother animal'!O60/Production!$L$23 -> 1.0488459e-05 | ... X60: ='GHG detailed, only calves'!X60+Production!$L$7*'GHG detailed, mother animal'!X60/Production!$L$23 -> 8.029882e-08
A61: A01QV | B61: Bovine muscle | C61: Meat and meat products | D61: Sweden | E61: SE | F61: CO2e | G61: =SUM(H61:X61) -> 25.776957 | H61: =SUMPRODUCT(H57:H60,'Parameters, general'!$B$23:$B$26) -> 1.3664806 | I61: =SUMPRODUCT(I57:I60,'Parameters, general'!$B$23:$B$26) -> 0.68612308 | J61: =SUMPRODUCT(J57:J60,'Parameters, general'!$B$23:$B$26) -> 3.0838867 | K61: =SUMPRODUCT(K57:K60,'Parameters, general'!$B$23:$B$26) -> 0.30838867 | L61: =SUMPRODUCT(L57:L60,'Parameters, general'!$B$23:$B$26) -> 0.50930351 | M61: =SUMPRODUCT(M57:M60,'Parameters, general'!$B$23:$B$26) -> 0 | N61: =SUMPRODUCT(N57:N60,'Parameters, general'!$B$23:$B$26) -> 0.0098227716 | O61: =SUMPRODUCT(O57:O60,'Parameters, general'!$B$23:$B$26) -> 0.28436713 | ... T61: =SUMPRODUCT(T57:T60,'Parameters, general'!$B$23:$B$26) -> 2.1695283 | W61: =SUMPRODUCT(W57:W60,'Parameters, general'!$B$23:$B$26) -> 0.44290797 | X61: =SUMPRODUCT(X57:X60,'Parameters, general'!$B$23:$B$26) -> 0.0016272133 | Z61: =SUM(H61:R61) -> 7.9479109 | AA61: ='CO2 per kg feed'!F180+'CH4 per kg feed'!F180*CF_GWP_CH4_fossil+'N2O per kg feed'!F180*CF_GWP_N2O -> 0.1396542
A62: A01QV | B62: Bovine muscle | C62: Meat and meat products | D62: UK | E62: GB | F62: CO2 | G62: =SUM(H62:X62) -> 3.2154431 | H62: ='GHG detailed, only calves'!H62+Production!$M$7*'GHG detailed, mother animal'!H62/Production!$M$23 -> 0.96444624 | I62: ='GHG detailed, only calves'!I62+Production!$M$7*'GHG detailed, mother animal'!I62/Production!$M$23 -> 0.59835238 | J62: ='GHG detailed, only calves'!J62+Production!$M$7*'GHG detailed, mother animal'!J62/Production!$M$23 -> 0 | K62: ='GHG detailed, only calves'!K62+Production!$M$7*'GHG detailed, mother animal'!K62/Production!$M$23 -> 0 | L62: ='GHG detailed, only calves'!L62+Production!$M$7*'GHG detailed, mother animal'!L62/Production!$M$23 -> 0.39923573 | M62: ='GHG detailed, only calves'!M62+Production!$M$7*'GHG detailed, mother animal'!M62/Production!$M$23 -> 0 | N62: ='GHG detailed, only calves'!N62+Production!$M$7*'GHG detailed, mother animal'!N62/Production!$M$23 -> 0.015606374 | O62: ='GHG detailed, only calves'!O62+Production!$M$7*'GHG detailed, mother animal'!O62/Production!$M$23 -> 0.29272267 | ... X62: ='GHG detailed, only calves'!X62+Production!$M$7*'GHG detailed, mother animal'!X62/Production!$M$23 -> 0.029317455
A63: A01QV | B63: Bovine muscle | C63: Meat and meat products | D63: UK | E63: GB | F63: CH4, fossil | G63: =SUM(H63:X63) -> 0.0040192299 | H63: ='GHG detailed, only calves'!H63+Production!$M$7*'GHG detailed, mother animal'!H63/Production!$M$23 -> 0.00017772864 | I63: ='GHG detailed, only calves'!I63+Production!$M$7*'GHG detailed, mother animal'!I63/Production!$M$23 -> 0.0025764808 | J63: ='GHG detailed, only calves'!J63+Production!$M$7*'GHG detailed, mother animal'!J63/Production!$M$23 -> 0 | K63: ='GHG detailed, only calves'!K63+Production!$M$7*'GHG detailed, mother animal'!K63/Production!$M$23 -> 0 | L63: ='GHG detailed, only calves'!L63+Production!$M$7*'GHG detailed, mother animal'!L63/Production!$M$23 -> 0.00010745141 | M63: ='GHG detailed, only calves'!M63+Production!$M$7*'GHG detailed, mother animal'!M63/Production!$M$23 -> 0 | N63: ='GHG detailed, only calves'!N63+Production!$M$7*'GHG detailed, mother animal'!N63/Production!$M$23 -> 5.0848757e-05 | O63: ='GHG detailed, only calves'!O63+Production!$M$7*'GHG detailed, mother animal'!O63/Production!$M$23 -> 1.9892684e-05 | ... X63: ='GHG detailed, only calves'!X63+Production!$M$7*'GHG detailed, mother animal'!X63/Production!$M$23 -> 2.3506559e-05
A64: A01QV | B64: Bovine muscle | C64: Meat and meat products | D64: UK | E64: GB | F64: CH4, biogenic | G64: =SUM(H64:T64) -> 0.6189979 | H64: ='GHG detailed, only calves'!H64+Production!$M$7*'GHG detailed, mother animal'!H64/Production!$M$23 -> 0 | I64: ='GHG detailed, only calves'!I64+Production!$M$7*'GHG detailed, mother animal'!I64/Production!$M$23 -> 0 | J64: ='GHG detailed, only calves'!J64+Production!$M$7*'GHG detailed, mother animal'!J64/Production!$M$23 -> 0 | K64: ='GHG detailed, only calves'!K64+Production!$M$7*'GHG detailed, mother animal'!K64/Production!$M$23 -> 0 | L64: ='GHG detailed, only calves'!L64+Production!$M$7*'GHG detailed, mother animal'!L64/Production!$M$23 -> 0 | M64: ='GHG detailed, only calves'!M64+Production!$M$7*'GHG detailed, mother animal'!M64/Production!$M$23 -> 0 | N64: ='GHG detailed, only calves'!N64+Production!$M$7*'GHG detailed, mother animal'!N64/Production!$M$23 -> 0 | O64: ='GHG detailed, only calves'!O64+Production!$M$7*'GHG detailed, mother animal'!O64/Production!$M$23 -> 0 | ... X64: ='GHG detailed, only calves'!X64+Production!$M$7*'GHG detailed, mother animal'!X64/Production!$M$23 -> 0
A65: A01QV | B65: Bovine muscle | C65: Meat and meat products | D65: UK | E65: GB | F65: N2O | G65: =SUM(H65:T65)+W65+X65 -> 0.015872865 | H65: ='GHG detailed, only calves'!H65+Production!$M$7*'GHG detailed, mother animal'!H65/Production!$M$23 -> 0.0068732226 | I65: ='GHG detailed, only calves'!I65+Production!$M$7*'GHG detailed, mother animal'!I65/Production!$M$23 -> 0.0012576902 | J65: ='GHG detailed, only calves'!J65+Production!$M$7*'GHG detailed, mother animal'!J65/Production!$M$23 -> 0.0035701277 | K65: ='GHG detailed, only calves'!K65+Production!$M$7*'GHG detailed, mother animal'!K65/Production!$M$23 -> 0.00035701277 | L65: ='GHG detailed, only calves'!L65+Production!$M$7*'GHG detailed, mother animal'!L65/Production!$M$23 -> 0.00043598271 | M65: ='GHG detailed, only calves'!M65+Production!$M$7*'GHG detailed, mother animal'!M65/Production!$M$23 -> 0 | N65: ='GHG detailed, only calves'!N65+Production!$M$7*'GHG detailed, mother animal'!N65/Production!$M$23 -> 6.2578843e-07 | O65: ='GHG detailed, only calves'!O65+Production!$M$7*'GHG detailed, mother animal'!O65/Production!$M$23 -> 1.1680803e-06 | ... X65: ='GHG detailed, only calves'!X65+Production!$M$7*'GHG detailed, mother animal'!X65/Production!$M$23 -> 1.0854506e-06
A66: A01QV | B66: Bovine muscle | C66: Meat and meat products | D66: UK | E66: GB | F66: CO2e | G66: =SUM(H66:X66) -> 24.381452 | H66: =SUMPRODUCT(H62:H65,'Parameters, general'!$B$23:$B$26) -> 2.8461323 | I66: =SUMPRODUCT(I62:I65,'Parameters, general'!$B$23:$B$26) -> 1.0184809 | J66: =SUMPRODUCT(J62:J65,'Parameters, general'!$B$23:$B$26) -> 0.97464486 | K66: =SUMPRODUCT(K62:K65,'Parameters, general'!$B$23:$B$26) -> 0.097464486 | L66: =SUMPRODUCT(L62:L65,'Parameters, general'!$B$23:$B$26) -> 0.52146106 | M66: =SUMPRODUCT(M62:M65,'Parameters, general'!$B$23:$B$26) -> 0 | N66: =SUMPRODUCT(N62:N65,'Parameters, general'!$B$23:$B$26) -> 0.017292507 | O66: =SUMPRODUCT(O62:O65,'Parameters, general'!$B$23:$B$26) -> 0.29363436 | ... T66: =SUMPRODUCT(T62:T65,'Parameters, general'!$B$23:$B$26) -> 2.4919016 | W66: =SUMPRODUCT(W62:W65,'Parameters, general'!$B$23:$B$26) -> 0.91944655 | X66: =SUMPRODUCT(X62:X65,'Parameters, general'!$B$23:$B$26) -> 0.030314278 | Z66: =SUM(H66:R66) -> 5.8090561 | AA66: ='CO2 per kg feed'!F185+'CH4 per kg feed'!F185*CF_GWP_CH4_fossil+'N2O per kg feed'!F185*CF_GWP_N2O -> 0.65557038

Sheet Footprints, only calves
A2: Footprints (per kg of meat) - only calves | T2: **Values inserted directly here, no formula in this excel sheet
A5: Animal products | F5: Climate | L5: Land | M5: Nitrogen | N5: Phosphorus | O5: Water | P5: Pesticides | Q5: Biodiversity | R5: Ammonia | S5: Labour | T5: Animal welfare** | U5: Use of antibiotics**
A6: Code | B6: Name | C6: Category | D6: Country | E6: Country code | F6: Carbon footprint, kg CO2e/kg | G6: Carbon dioxide, kg CO2/kg | H6: Methane, fossil, kg CH4/kg | I6: Methane, biogenic, kg CH4/kg | J6: Nitrous oxide, kg N2O/kg | K6: HFCs, kg HFCs/kg | L6: Cropland use, m2/kg | M6: New N input, kg N/kg | N6: New P input, kg P/kg | O6: Blue freshwater use, m3/kg | P6: Pesticide use, g a.i./kg | Q6: Extinction rate, E/MSY/kg | R6: Ammonia emission, kg NH3/kg | S6: Labour requirements, h/kg | T6: Animal welfare index per kg of bonefree meat | U6: Antibiotics use indicator/kg
A7: 21111.02_dc24 | B7: Bovine meat | C7: Red meat | D7: Denmark | E7: DK | F7: ='GHG detailed, only calves'!G11 -> 23.272929 | G7: ='GHG detailed, only calves'!G7 -> 3.1189919 | H7: ='GHG detailed, only calves'!G8 -> 0.014875792 | I7: ='GHG detailed, only calves'!G9 -> 0.60498101 | J7: ='GHG detailed, only calves'!G10 -> 0.012366855 | L7: =(Production!$B$5*'Parameters, country spec'!$B$51*'EFP per kg feed'!F20+(Production!$B$6+Production!$B$7)*'Parameters, country spec'!$B$52*'EFP per kg feed'!F21)/Production!$B$23 -> 17.264741 | M7: =(Production!$B$5*'Parameters, country spec'!$B$51*'EFP per kg feed'!G20+(Production!$B$6+Production!$B$7)*'Parameters, country spec'!$B$52*'EFP per kg feed'!G21-Excreted_N_after_losses_DK*Manure_repl_factor_DK)/Production!$B$23 -> 0.19833871 | N7: =(Production!$B$5*'Parameters, country spec'!$B$51*'EFP per kg feed'!H20+(Production!$B$6+Production!$B$7)*'Parameters, country spec'!$B$52*'EFP per kg feed'!H21)/Production!$B$23 -> 0.0075945249 | O7: =(Production!$B$5*'Parameters, country spec'!$B$51*'EFP per kg feed'!I20+(Production!$B$6+Production!$B$7)*'Parameters, country spec'!$B$52*'EFP per kg feed'!I21)/Production!$B$23 -> 0.211217 | P7: =(Production!$B$5*'Parameters, country spec'!$B$51*'EFP per kg feed'!J20+(Production!$B$6+Production!$B$7)*'Parameters, country spec'!$B$52*'EFP per kg feed'!J21)/Production!$B$23 -> 0.45051551 | Q7: =(Production!$B$5*'Parameters, country spec'!$B$51*'EFP per kg feed'!K20+(Production!$B$6+Production!$B$7)*'Parameters, country spec'!$B$52*'EFP per kg feed'!K21)/Production!$B$23 -> 1.6488047e-10 | R7: =(Production!$B$5*'Parameters, country spec'!$B$51*'EFP per kg feed'!L20+(Production!$B$6+Production!$B$7)*'Parameters, country spec'!$B$52*'EFP per kg feed'!L21+Manure!C160)/Production!$B$23 -> 0.15722852 | T7: 0.27753208 | U7: 38.8
A8: 21111.02_dc24 | B8: Bovine meat | C8: Red meat | D8: France | E8: FR | F8: ='GHG detailed, only calves'!G16 -> 22.288374 | G8: ='GHG detailed, only calves'!G12 -> 2.8766622 | H8: ='GHG detailed, only calves'!G13 -> 0.011645547 | I8: ='GHG detailed, only calves'!G14 -> 0.54039674 | J8: ='GHG detailed, only calves'!G15 -> 0.016388139 | L8: =(Production!$C$5*'Parameters, country spec'!$C$51*'EFP per kg feed'!F36+(Production!$C$6+Production!$C$7)*'Parameters, country spec'!$C$52*'EFP per kg feed'!F37)/Production!$C$23 -> 16.73342 | M8: =(Production!$C$5*'Parameters, country spec'!$C$51*'EFP per kg feed'!G36+(Production!$C$6+Production!$C$7)*'Parameters, country spec'!$C$52*'EFP per kg feed'!G37-Excreted_N_after_losses_FR*Manure_repl_factor_FR)/Production!C23 -> 0.24198969 | N8: =(Production!$C$5*'Parameters, country spec'!$C$51*'EFP per kg feed'!H36+(Production!$C$6+Production!$C$7)*'Parameters, country spec'!$C$52*'EFP per kg feed'!H37)/Production!C23 -> 0.018761316 | O8: =(Production!$C$5*'Parameters, country spec'!$C$51*'EFP per kg feed'!I36+(Production!$C$6+Production!$C$7)*'Parameters, country spec'!$C$52*'EFP per kg feed'!I37)/Production!C23 -> 0.66911345 | P8: =(Production!$C$5*'Parameters, country spec'!$C$51*'EFP per kg feed'!J36+(Production!$C$6+Production!$C$7)*'Parameters, country spec'!$C$52*'EFP per kg feed'!J37)/Production!C23 -> 1.0360471 | Q8: =(Production!$C$5*'Parameters, country spec'!$C$51*'EFP per kg feed'!K36+(Production!$C$6+Production!$C$7)*'Parameters, country spec'!$C$52*'EFP per kg feed'!K37)/Production!C23 -> 3.5683128e-10 | R8: =(Production!$C$5*'Parameters, country spec'!$C$51*'EFP per kg feed'!L36+(Production!$C$6+Production!$C$7)*'Parameters, country spec'!$C$52*'EFP per kg feed'!L37+Manure!E160)/Production!C23 -> 0.15435213 | T8: 0.2641407 | U8: 76.2
A9: 21111.02_dc24 | B9: Bovine meat | C9: Red meat | D9: Germany | E9: DE | F9: ='GHG detailed, only calves'!G21 -> 22.935657 | G9: ='GHG detailed, only calves'!G17 -> 3.3019663 | H9: ='GHG detailed, only calves'!G18 -> 0.012507142 | I9: ='GHG detailed, only calves'!G19 -> 0.57386905 | J9: ='GHG detailed, only calves'!G20 -> 0.013796754 | L9: =(Production!$D$5*'Parameters, country spec'!$D$51*'EFP per kg feed'!F52+(Production!$D$6+Production!$D$7)*'Parameters, country spec'!$D$52*'EFP per kg feed'!F53)/Production!$D$23 -> 12.290669 | M9: =(Production!$D$5*'Parameters, country spec'!$D$51*'EFP per kg feed'!G52+(Production!$D$6+Production!$D$7)*'Parameters, country spec'!$D$52*'EFP per kg feed'!G53-Excreted_N_after_losses_DE*Manure_repl_factor_DE)/Production!$D$23 -> 0.19891929 | N9: =(Production!$D$5*'Parameters, country spec'!$D$51*'EFP per kg feed'!H52+(Production!$D$6+Production!$D$7)*'Parameters, country spec'!$D$52*'EFP per kg feed'!H53)/Production!$D$23 -> 0.0096815618 | O9: =(Production!$D$5*'Parameters, country spec'!$D$51*'EFP per kg feed'!I52+(Production!$D$6+Production!$D$7)*'Parameters, country spec'!$D$52*'EFP per kg feed'!I53)/Production!$D$23 -> 0.18947726 | P9: =(Production!$D$5*'Parameters, country spec'!$D$51*'EFP per kg feed'!J52+(Production!$D$6+Production!$D$7)*'Parameters, country spec'!$D$52*'EFP per kg feed'!J53)/Production!$D$23 -> 0.64401201 | Q9: =(Production!$D$5*'Parameters, country spec'!$D$51*'EFP per kg feed'!K52+(Production!$D$6+Production!$D$7)*'Parameters, country spec'!$D$52*'EFP per kg feed'!K53)/Production!$D$23 -> 2.3339518e-10 | R9: =(Production!$D$5*'Parameters, country spec'!$D$51*'EFP per kg feed'!L52+(Production!$D$6+Production!$D$7)*'Parameters, country spec'!$D$52*'EFP per kg feed'!L53+Manure!G160)/Production!$D$23 -> 0.17513554 | T9: 0.29846858 | U9: 100.7
A10: 21111.02_dc24 | B10: Bovine meat | C10: Red meat | D10: Greece | E10: GR | F10: ='GHG detailed, only calves'!G26 -> 24.90845 | G10: ='GHG detailed, only calves'!G22 -> 5.0097411 | H10: ='GHG detailed, only calves'!G23 -> 0.0096734056 | I10: ='GHG detailed, only calves'!G24 -> 0.53630914 | J10: ='GHG detailed, only calves'!G25 -> 0.018791554 | L10: =(Production!$E$5*'Parameters, country spec'!$E$51*'EFP per kg feed'!F68+(Production!$E$6+Production!$E$7)*'Parameters, country spec'!$E$52*'EFP per kg feed'!F69)/Production!$E$23 -> 26.320585 | M10: =(Production!$E$5*'Parameters, country spec'!$E$51*'EFP per kg feed'!G68+(Production!$E$6+Production!$E$7)*'Parameters, country spec'!$E$52*'EFP per kg feed'!G69-Excreted_N_after_losses_GR*Manure_repl_factor_GR)/Production!$E$23 -> 0.39161315 | N10: =(Production!$E$5*'Parameters, country spec'!$E$51*'EFP per kg feed'!H68+(Production!$E$6+Production!$E$7)*'Parameters, country spec'!$E$52*'EFP per kg feed'!H69)/Production!$E$23 -> 0.043815426 | O10: =(Production!$E$5*'Parameters, country spec'!$E$51*'EFP per kg feed'!I68+(Production!$E$6+Production!$E$7)*'Parameters, country spec'!$E$52*'EFP per kg feed'!I69)/Production!$E$23 -> 1.5717131 | P10: =(Production!$E$5*'Parameters, country spec'!$E$51*'EFP per kg feed'!J68+(Production!$E$6+Production!$E$7)*'Parameters, country spec'!$E$52*'EFP per kg feed'!J69)/Production!$E$23 -> 1.1321354 | Q10: =(Production!$E$5*'Parameters, country spec'!$E$51*'EFP per kg feed'!K68+(Production!$E$6+Production!$E$7)*'Parameters, country spec'!$E$52*'EFP per kg feed'!K69)/Production!$E$23 -> 2.3405985e-09 | R10: =(Production!$E$5*'Parameters, country spec'!$E$51*'EFP per kg feed'!L68+(Production!$E$6+Production!$E$7)*'Parameters, country spec'!$E$52*'EFP per kg feed'!L69+Manure!I160)/Production!$E$23 -> 0.18204295 | T10: 0.3029637 | U10: 223.3
A11: 21111.02_dc24 | B11: Bovine meat | C11: Red meat | D11: Hungary | E11: HU | F11: ='GHG detailed, only calves'!G31 -> 26.415989 | G11: ='GHG detailed, only calves'!G27 -> 5.0315745 | H11: ='GHG detailed, only calves'!G28 -> 0.014552856 | I11: ='GHG detailed, only calves'!G29 -> 0.59353299 | J11: ='GHG detailed, only calves'!G30 -> 0.018041569 | L11: =(Production!$F$5*'Parameters, country spec'!$F$51*'EFP per kg feed'!F84+(Production!$F$6+Production!$F$7)*'Parameters, country spec'!$F$52*'EFP per kg feed'!F85)/Production!$F$23 -> 29.882725 | M11: =(Production!$F$5*'Parameters, country spec'!$F$51*'EFP per kg feed'!G84+(Production!$F$6+Production!$F$7)*'Parameters, country spec'!$F$52*'EFP per kg feed'!G85-Excreted_N_after_losses_HU*Manure_repl_factor_HU)/Production!$F$23 -> 0.41202391 | N11: =(Production!$F$5*'Parameters, country spec'!$F$51*'EFP per kg feed'!H84+(Production!$F$6+Production!$F$7)*'Parameters, country spec'!$F$52*'EFP per kg feed'!H85)/Production!$F$23 -> 0.033662337 | O11: =(Production!$F$5*'Parameters, country spec'!$F$51*'EFP per kg feed'!I84+(Production!$F$6+Production!$F$7)*'Parameters, country spec'!$F$52*'EFP per kg feed'!I85)/Production!$F$23 -> 0.060260318 | P11: =(Production!$F$5*'Parameters, country spec'!$F$51*'EFP per kg feed'!J84+(Production!$F$6+Production!$F$7)*'Parameters, country spec'!$F$52*'EFP per kg feed'!J85)/Production!$F$23 -> 1.4308316 | Q11: =(Production!$F$5*'Parameters, country spec'!$F$51*'EFP per kg feed'!K84+(Production!$F$6+Production!$F$7)*'Parameters, country spec'!$F$52*'EFP per kg feed'!K85)/Production!$F$23 -> 5.881463e-10 | R11: =(Production!$F$5*'Parameters, country spec'!$F$51*'EFP per kg feed'!L84+(Production!$F$6+Production!$F$7)*'Parameters, country spec'!$F$52*'EFP per kg feed'!L85+Manure!K160)/Production!$F$23 -> 0.18777468 | T11: 0.32014997 | U11: 204.9
A12: 21111.02_dc24 | B12: Bovine meat | C12: Red meat | D12: Ireland | E12: IE | F12: ='GHG detailed, only calves'!G36 -> 21.389364 | G12: ='GHG detailed, only calves'!G32 -> 2.4911118 | H12: ='GHG detailed, only calves'!G33 -> 0.0040071913 | I12: ='GHG detailed, only calves'!G34 -> 0.56609577 | J12: ='GHG detailed, only calves'!G35 -> 0.012799458 | L12: =(Production!$G$5*'Parameters, country spec'!$G$51*'EFP per kg feed'!F100+(Production!$G$6+Production!$G$7)*'Parameters, country spec'!$G$52*'EFP per kg feed'!F101)/Production!$G$23 -> 6.138276 | M12: =(Production!$G$5*'Parameters, country spec'!$G$51*'EFP per kg feed'!G100+(Production!$G$6+Production!$G$7)*'Parameters, country spec'!$G$52*'EFP per kg feed'!G101-Excreted_N_after_losses_IE*Manure_repl_factor_IE)/Production!$G$23 -> 0.2967373 | N12: =(Production!$G$5*'Parameters, country spec'!$G$51*'EFP per kg feed'!H100+(Production!$G$6+Production!$G$7)*'Parameters, country spec'!$G$52*'EFP per kg feed'!H101)/Production!$G$23 -> 0.015703042 | O12: =(Production!$G$5*'Parameters, country spec'!$G$51*'EFP per kg feed'!I100+(Production!$G$6+Production!$G$7)*'Parameters, country spec'!$G$52*'EFP per kg feed'!I101)/Production!$G$23 -> 0.03963315 | P12: =(Production!$G$5*'Parameters, country spec'!$G$51*'EFP per kg feed'!J100+(Production!$G$6+Production!$G$7)*'Parameters, country spec'!$G$52*'EFP per kg feed'!J101)/Production!$G$23 -> 1.9115171 | Q12: =(Production!$G$5*'Parameters, country spec'!$G$51*'EFP per kg feed'!K100+(Production!$G$6+Production!$G$7)*'Parameters, country spec'!$G$52*'EFP per kg feed'!K101)/Production!$G$23 -> 1.0833857e-10 | R12: =(Production!$G$5*'Parameters, country spec'!$G$51*'EFP per kg feed'!L100+(Production!$G$6+Production!$G$7)*'Parameters, country spec'!$G$52*'EFP per kg feed'!L101+Manure!M160)/Production!$G$23 -> 0.15290313 | T12: 0.27007153 | U12: 81.1
A13: 21111.02_dc24 | B13: Bovine meat | C13: Red meat | D13: Italy | E13: IT | F13: ='GHG detailed, only calves'!G41 -> 25.435257 | G13: ='GHG detailed, only calves'!G37 -> 3.4155077 | H13: ='GHG detailed, only calves'!G38 -> 0.011777784 | I13: ='GHG detailed, only calves'!G39 -> 0.62856931 | J13: ='GHG detailed, only calves'!G40 -> 0.017206593 | L13: =(Production!$H$5*'Parameters, country spec'!$H$51*'EFP per kg feed'!F116+(Production!$H$6+Production!$H$7)*'Parameters, country spec'!$H$52*'EFP per kg feed'!F117)/Production!$H$23 -> 15.524859 | M13: =(Production!$H$5*'Parameters, country spec'!$H$51*'EFP per kg feed'!G116+(Production!$H$6+Production!$H$7)*'Parameters, country spec'!$H$52*'EFP per kg feed'!G117-Excreted_N_after_losses_IT*Manure_repl_factor_IT)/Production!$H$23 -> 0.31166697 | N13: =(Production!$H$5*'Parameters, country spec'!$H$51*'EFP per kg feed'!H116+(Production!$H$6+Production!$H$7)*'Parameters, country spec'!$H$52*'EFP per kg feed'!H117)/Production!$H$23 -> 0.018147996 | O13: =(Production!$H$5*'Parameters, country spec'!$H$51*'EFP per kg feed'!I116+(Production!$H$6+Production!$H$7)*'Parameters, country spec'!$H$52*'EFP per kg feed'!I117)/Production!$H$23 -> 0.62733808 | P13: =(Production!$H$5*'Parameters, country spec'!$H$51*'EFP per kg feed'!J116+(Production!$H$6+Production!$H$7)*'Parameters, country spec'!$H$52*'EFP per kg feed'!J117)/Production!$H$23 -> 1.1208462 | Q13: =(Production!$H$5*'Parameters, country spec'!$H$51*'EFP per kg feed'!K116+(Production!$H$6+Production!$H$7)*'Parameters, country spec'!$H$52*'EFP per kg feed'!K117)/Production!$H$23 -> 1.3369539e-09 | R13: =(Production!$H$5*'Parameters, country spec'!$H$51*'EFP per kg feed'!L116+(Production!$H$6+Production!$H$7)*'Parameters, country spec'!$H$52*'EFP per kg feed'!L117+Manure!O160)/Production!$H$23 -> 0.25189002 | T13: 0.36127105 | U13: 258.2
A14: 21111.02_dc24 | B14: Bovine meat | C14: Red meat | D14: Netherlands | E14: NL | F14: ='GHG detailed, only calves'!G46 -> 24.077422 | G14: ='GHG detailed, only calves'!G42 -> 4.6720093 | H14: ='GHG detailed, only calves'!G43 -> 0.011187242 | I14: ='GHG detailed, only calves'!G44 -> 0.49486106 | J14: ='GHG detailed, only calves'!G45 -> 0.020918623 | L14: =(Production!$I$5*'Parameters, country spec'!$I$51*'EFP per kg feed'!F132+(Production!$I$6+Production!$I$7)*'Parameters, country spec'!$I$52*'EFP per kg feed'!F133)/Production!$I$23 -> 14.079045 | M14: =(Production!$I$5*'Parameters, country spec'!$I$51*'EFP per kg feed'!G132+(Production!$I$6+Production!$I$7)*'Parameters, country spec'!$I$52*'EFP per kg feed'!G133-Excreted_N_after_losses_NL*Manure_repl_factor_NL)/Production!$I$23 -> 0.53999558 | N14: =(Production!$I$5*'Parameters, country spec'!$I$51*'EFP per kg feed'!H132+(Production!$I$6+Production!$I$7)*'Parameters, country spec'!$I$52*'EFP per kg feed'!H133)/Production!$I$23 -> 0.011844767 | O14: =(Production!$I$5*'Parameters, country spec'!$I$51*'EFP per kg feed'!I132+(Production!$I$6+Production!$I$7)*'Parameters, country spec'!$I$52*'EFP per kg feed'!I133)/Production!$I$23 -> 0.21345716 | P14: =(Production!$I$5*'Parameters, country spec'!$I$51*'EFP per kg feed'!J132+(Production!$I$6+Production!$I$7)*'Parameters, country spec'!$I$52*'EFP per kg feed'!J133)/Production!$I$23 -> 1.1643015 | Q14: =(Production!$I$5*'Parameters, country spec'!$I$51*'EFP per kg feed'!K132+(Production!$I$6+Production!$I$7)*'Parameters, country spec'!$I$52*'EFP per kg feed'!K133)/Production!$I$23 -> 3.6607098e-10 | R14: =(Production!$I$5*'Parameters, country spec'!$I$51*'EFP per kg feed'!L132+(Production!$I$6+Production!$I$7)*'Parameters, country spec'!$I$52*'EFP per kg feed'!L133+Manure!Q160)/Production!$I$23 -> 0.12201983 | T14: 0.26899769 | U14: 64.2
A15: 21111.02_dc24 | B15: Bovine meat | C15: Red meat | D15: Poland | E15: PL | F15: ='GHG detailed, only calves'!G51 -> 25.238545 | G15: ='GHG detailed, only calves'!G47 -> 5.3466365 | H15: ='GHG detailed, only calves'!G48 -> 0.007893137 | I15: ='GHG detailed, only calves'!G49 -> 0.51355381 | J15: ='GHG detailed, only calves'!G50 -> 0.021211503 | L15: =(Production!$J$5*'Parameters, country spec'!$J$51*'EFP per kg feed'!F148+(Production!$J$6+Production!$J$7)*'Parameters, country spec'!$J$52*'EFP per kg feed'!F149)/Production!$J$23 -> 19.741507 | M15: =(Production!$J$5*'Parameters, country spec'!$J$51*'EFP per kg feed'!G148+(Production!$J$6+Production!$J$7)*'Parameters, country spec'!$J$52*'EFP per kg feed'!G149-Excreted_N_after_losses_PL*Manure_repl_factor_PL)/Production!$J$23 -> 0.31764 | N15: =(Production!$J$5*'Parameters, country spec'!$J$51*'EFP per kg feed'!H148+(Production!$J$6+Production!$J$7)*'Parameters, country spec'!$J$52*'EFP per kg feed'!H149)/Production!$J$23 -> 0.026756964 | O15: =(Production!$J$5*'Parameters, country spec'!$J$51*'EFP per kg feed'!I148+(Production!$J$6+Production!$J$7)*'Parameters, country spec'!$J$52*'EFP per kg feed'!I149)/Production!$J$23 -> 0.083466178 | P15: =(Production!$J$5*'Parameters, country spec'!$J$51*'EFP per kg feed'!J148+(Production!$J$6+Production!$J$7)*'Parameters, country spec'!$J$52*'EFP per kg feed'!J149)/Production!$J$23 -> 1.504587 | Q15: =(Production!$J$5*'Parameters, country spec'!$J$51*'EFP per kg feed'!K148+(Production!$J$6+Production!$J$7)*'Parameters, country spec'!$J$52*'EFP per kg feed'!K149)/Production!$J$23 -> 3.1436721e-10 | R15: =(Production!$J$5*'Parameters, country spec'!$J$51*'EFP per kg feed'!L148+(Production!$J$6+Production!$J$7)*'Parameters, country spec'!$J$52*'EFP per kg feed'!L149+Manure!S160)/Production!$J$23 -> 0.20343891 | T15: 0.34954097 | U15: 269.4
A16: 21111.02_dc24 | B16: Bovine meat | C16: Red meat | D16: Spain | E16: ES | F16: ='GHG detailed, only calves'!G56 -> 22.084605 | G16: ='GHG detailed, only calves'!G52 -> 3.8530168 | H16: ='GHG detailed, only calves'!G53 -> 0.007687402 | I16: ='GHG detailed, only calves'!G54 -> 0.52414334 | J16: ='GHG detailed, only calves'!G55 -> 0.014104885 | L16: =(Production!$K$5*'Parameters, country spec'!$K$51*'EFP per kg feed'!F164+(Production!$K$6+Production!$K$7)*'Parameters, country spec'!$K$52*'EFP per kg feed'!F165)/Production!$K$23 -> 22.869849 | M16: =(Production!$K$5*'Parameters, country spec'!$K$51*'EFP per kg feed'!G164+(Production!$K$6+Production!$K$7)*'Parameters, country spec'!$K$52*'EFP per kg feed'!G165-Excreted_N_after_losses_ES*Manure_repl_factor_ES)/Production!$K$23 -> 0.35779741 | N16: =(Production!$K$5*'Parameters, country spec'!$K$51*'EFP per kg feed'!H164+(Production!$K$6+Production!$K$7)*'Parameters, country spec'!$K$52*'EFP per kg feed'!H165)/Production!$K$23 -> 0.033946194 | O16: =(Production!$K$5*'Parameters, country spec'!$K$51*'EFP per kg feed'!I164+(Production!$K$6+Production!$K$7)*'Parameters, country spec'!$K$52*'EFP per kg feed'!I165)/Production!$K$23 -> 1.6255644 | P16: =(Production!$K$5*'Parameters, country spec'!$K$51*'EFP per kg feed'!J164+(Production!$K$6+Production!$K$7)*'Parameters, country spec'!$K$52*'EFP per kg feed'!J165)/Production!$K$23 -> 1.4419705 | Q16: =(Production!$K$5*'Parameters, country spec'!$K$51*'EFP per kg feed'!K164+(Production!$K$6+Production!$K$7)*'Parameters, country spec'!$K$52*'EFP per kg feed'!K165)/Production!$K$23 -> 2.2592773e-09 | R16: =(Production!$K$5*'Parameters, country spec'!$K$51*'EFP per kg feed'!L164+(Production!$K$6+Production!$K$7)*'Parameters, country spec'!$K$52*'EFP per kg feed'!L165+Manure!U160)/Production!$K$23 -> 0.1308225 | T16: 0.24385273 | U16: 191.4
A17: 21111.02_dc24 | B17: Bovine meat | C17: Red meat | D17: Sweden | E17: SE | F17: ='GHG detailed, only calves'!G61 -> 22.314777 | G17: ='GHG detailed, only calves'!G57 -> 2.8923879 | H17: ='GHG detailed, only calves'!G58 -> 0.01097909 | I17: ='GHG detailed, only calves'!G59 -> 0.53119065 | J17: ='GHG detailed, only calves'!G60 -> 0.017410495 | L17: =(Production!$L$5*'Parameters, country spec'!$L$51*'EFP per kg feed'!F180+(Production!$L$6+Production!$L$7)*'Parameters, country spec'!$L$52*'EFP per kg feed'!F181)/Production!$L$23 -> 25.618253 | M17: =(Production!$L$5*'Parameters, country spec'!$L$51*'EFP per kg feed'!G180+(Production!$L$6+Production!$L$7)*'Parameters, country spec'!$L$52*'EFP per kg feed'!G181-Excreted_N_after_losses_SE*Manure_repl_factor_SE)/Production!$L$23 -> 0.30540066 | N17: =(Production!$L$5*'Parameters, country spec'!$L$51*'EFP per kg feed'!H180+(Production!$L$6+Production!$L$7)*'Parameters, country spec'!$L$52*'EFP per kg feed'!H181)/Production!$L$23 -> 0.018202259 | O17: =(Production!$L$5*'Parameters, country spec'!$L$51*'EFP per kg feed'!I180+(Production!$L$6+Production!$L$7)*'Parameters, country spec'!$L$52*'EFP per kg feed'!I181)/Production!$L$23 -> 0.12816404 | P17: =(Production!$L$5*'Parameters, country spec'!$L$51*'EFP per kg feed'!J180+(Production!$L$6+Production!$L$7)*'Parameters, country spec'!$L$52*'EFP per kg feed'!J181)/Production!$L$23 -> 0.87942008 | Q17: =(Production!$L$5*'Parameters, country spec'!$L$51*'EFP per kg feed'!K180+(Production!$L$6+Production!$L$7)*'Parameters, country spec'!$L$52*'EFP per kg feed'!K181)/Production!$L$23 -> 5.0087119e-11 | R17: =(Production!$L$5*'Parameters, country spec'!$L$51*'EFP per kg feed'!L180+(Production!$L$6+Production!$L$7)*'Parameters, country spec'!$L$52*'EFP per kg feed'!L181+Manure!W160)/Production!$L$23 -> 0.13602367 | T17: 0.22443653 | U17: 20.2
A18: 21111.02_dc24 | B18: Bovine meat | C18: Red meat | D18: UK | E18: GB | F18: ='GHG detailed, only calves'!G66 -> 21.664171 | G18: ='GHG detailed, only calves'!G62 -> 2.7097438 | H18: ='GHG detailed, only calves'!G63 -> 0.0031992354 | I18: ='GHG detailed, only calves'!G64 -> 0.55346078 | J18: ='GHG detailed, only calves'!G65 -> 0.014343036 | L18: =(Production!$M$5*'Parameters, country spec'!$M$51*'EFP per kg feed'!F196+(Production!$M$6+Production!$M$7)*'Parameters, country spec'!$M$52*'EFP per kg feed'!F197)/Production!$M$23 -> 23.994085 | M18: {=(Production!$M$5*'Parameters, country spec'!$M$51*'EFP per kg feed'!G196+(Production!$M$6+Production!$M$7)*'Parameters, country spec'!$M$52*'EFP per kg feed'!G197-Excreted_N_after_losses_GB*Manure_repl_factor_GB)/Production!$M$23} -> 0.60735055 | N18: =(Production!$M$5*'Parameters, country spec'!$M$51*'EFP per kg feed'!H196+(Production!$M$6+Production!$M$7)*'Parameters, country spec'!$M$52*'EFP per kg feed'!H197)/Production!$M$23 -> 0.045398195 | O18: =(Production!$M$5*'Parameters, country spec'!$M$51*'EFP per kg feed'!I196+(Production!$M$6+Production!$M$7)*'Parameters, country spec'!$M$52*'EFP per kg feed'!I197)/Production!$M$23 -> 0.091643215 | P18: =(Production!$M$5*'Parameters, country spec'!$M$51*'EFP per kg feed'!J196+(Production!$M$6+Production!$M$7)*'Parameters, country spec'!$M$52*'EFP per kg feed'!J197)/Production!$M$23 -> 3.7775157 | Q18: =(Production!$M$5*'Parameters, country spec'!$M$51*'EFP per kg feed'!K196+(Production!$M$6+Production!$M$7)*'Parameters, country spec'!$M$52*'EFP per kg feed'!K197)/Production!$M$23 -> 1.2436006e-10 | R18: =(Production!$M$5*'Parameters, country spec'!$M$51*'EFP per kg feed'!L196+(Production!$M$6+Production!$M$7)*'Parameters, country spec'!$M$52*'EFP per kg feed'!L197+Manure!Y160)/Production!$M$23 -> 0.11956395 | T18: 0.25133442

Sheet GHG detailed, only calves
A2: GHG emissions (per kg of bonefree meat)
K3: * Calculated as percentage of direct emissions due to assumption due to data limitations regarding nitrogen leaching and volatilization from soils in different regions.
S4: Animals | W4: Stables | X4: Slaughter | Z4: Control
A5: Animal products | G5: Sum | H5: Inputs | J5: Soil emissions | L5: Energy use | P5: Land use change | Q5: Feed processing | R5: Transports | AA5: Dairy cows
A6: FoodEx code | B6: FoodEx name | C6: Food Ex category (L1) | D6: Country | E6: Country code | F6: Gas | G6: GHG | H6: Production of mineral fertilizer | I6: Production of capital goods | J6: Direct emissions | K6: Indirect emissions* | L6: Diesel use field mach | M6: Energy use in greenhouses | N6: Energy use for irrigation | O6: Energy use for post-harvest proc | P6: LUC emissions | Q6: Feed processing | R6: Feed transports | S6: Enteric fermentation* | T6: Manure management - tot | U6: Manure management - direct | V6: Manure management - indirect | W6: Energy use in stables | X6: Energy use for slaughter | Z6: Total feed, excl LUC | AA6: Feed mix emissions, kg CO2E per kg feed, excl. adjustement manure
A7: A01QV | B7: Bovine muscle | C7: Meat and meat products | D7: Denmark | E7: DK | F7: CO2 | G7: =SUM(H7:X7) -> 3.1189919 | H7: =(Production!$B$5*'Parameters, country spec'!$B$51*'CO2 per kg feed'!G20+(Production!$B$6+Production!$B$7)*'Parameters, country spec'!$B$52*'CO2 per kg feed'!G21)/Production!B23 -> 0.23225853 | I7: =(Production!$B$5*'Parameters, country spec'!$B$51*'CO2 per kg feed'!H20+(Production!$B$6+Production!$B$7)*'Parameters, country spec'!$B$52*'CO2 per kg feed'!H21)/Production!B23 -> 0.47553365 | L7: =(Production!$B$5*'Parameters, country spec'!$B$51*'CO2 per kg feed'!K20+(Production!$B$6+Production!$B$7)*'Parameters, country spec'!$B$52*'CO2 per kg feed'!K21)/Production!B23 -> 0.25589269 | N7: =(Production!$B$5*'Parameters, country spec'!$B$51*'CO2 per kg feed'!M20+(Production!$B$6+Production!$B$7)*'Parameters, country spec'!$B$52*'CO2 per kg feed'!M21)/Production!B23 -> 0.015414628 | O7: =(Production!$B$5*'Parameters, country spec'!$B$51*'CO2 per kg feed'!N20+(Production!$B$6+Production!$B$7)*'Parameters, country spec'!$B$52*'CO2 per kg feed'!N21)/Production!B23 -> 0.045823207 | P7: =(Production!$B$5*'Parameters, country spec'!$B$51*'CO2 per kg feed'!O20+(Production!$B$6+Production!$B$7)*'Parameters, country spec'!$B$52*'CO2 per kg feed'!O21)/Production!B23 -> 0.25312464 | Q7: =(Production!$B$5*'Parameters, country spec'!$B$51*'CO2 per kg feed'!P20+(Production!$B$6+Production!$B$7)*'Parameters, country spec'!$B$52*'CO2 per kg feed'!P21)/Production!B23 -> 0.97355127 | R7: =(Production!$B$5*'Parameters, country spec'!$B$51*'CO2 per kg feed'!Q20+(Production!$B$6+Production!$B$7)*'Parameters, country spec'!$B$52*'CO2 per kg feed'!Q21)/Production!B23 -> 0.20935274 | W7: =(Production!$B$8*'Parameters, country spec'!$B$58*EF_el_CO2_DK+Production!$B$8*'Parameters, country spec'!$B$59*EF_diesel_CO2)/Production!B23 -> 0.65509773 | X7: =Production!$B$12*(Energy_slaughter_el_DK*EF_el_CO2_DK+Energy_slaughter_oil_DK*EF_oil_CO2)/Production!B23 -> 0.0029427801
A8: A01QV | B8: Bovine muscle | C8: Meat and meat products | D8: Denmark | E8: DK | F8: CH4, fossil | G8: =SUM(H8:X8) -> 0.014875792 | H8: =(Production!$B$5*'Parameters, country spec'!$B$51*'CH4 per kg feed'!G20+(Production!$B$6+Production!$B$7)*'Parameters, country spec'!$B$52*'CH4 per kg feed'!G21)/Production!B23 -> 0.00034113658 | I8: =(Production!$B$5*'Parameters, country spec'!$B$51*'CH4 per kg feed'!H20+(Production!$B$6+Production!$B$7)*'Parameters, country spec'!$B$52*'CH4 per kg feed'!H21)/Production!B23 -> 0.0016743821 | L8: =(Production!$B$5*'Parameters, country spec'!$B$51*'CH4 per kg feed'!K20+(Production!$B$6+Production!$B$7)*'Parameters, country spec'!$B$52*'CH4 per kg feed'!K21)/Production!B23 -> 0.00011535122 | N8: =(Production!$B$5*'Parameters, country spec'!$B$51*'CH4 per kg feed'!M20+(Production!$B$6+Production!$B$7)*'Parameters, country spec'!$B$52*'CH4 per kg feed'!M21)/Production!B23 -> 5.1710302e-05 | O8: =(Production!$B$5*'Parameters, country spec'!$B$51*'CH4 per kg feed'!N20+(Production!$B$6+Production!$B$7)*'Parameters, country spec'!$B$52*'CH4 per kg feed'!N21)/Production!B23 -> 3.0985518e-05 | P8: =(Production!$B$5*'Parameters, country spec'!$B$51*'CH4 per kg feed'!O20+(Production!$B$6+Production!$B$7)*'Parameters, country spec'!$B$52*'CH4 per kg feed'!O21)/Production!B23 -> 0 | Q8: =(Production!$B$5*'Parameters, country spec'!$B$51*'CH4 per kg feed'!P20+(Production!$B$6+Production!$B$7)*'Parameters, country spec'!$B$52*'CH4 per kg feed'!P21)/Production!B23 -> 0.01191517 | R8: =(Production!$B$5*'Parameters, country spec'!$B$51*'CH4 per kg feed'!Q20+(Production!$B$6+Production!$B$7)*'Parameters, country spec'!$B$52*'CH4 per kg feed'!Q21)/Production!B23 -> 0.00017881934 | W8: =(Production!$B$8*'Parameters, country spec'!$B$58*EF_el_CH4_DK+Production!$B$8*'Parameters, country spec'!$B$59*EF_diesel_CH4)/Production!B23 -> 0.00056532675 | X8: =Production!$B$12*(Energy_slaughter_el_DK*EF_el_CH4_DK+Energy_slaughter_oil_DK*EF_oil_CH4)/Production!B23 -> 2.9107652e-06
A9: A01QV | B9: Bovine muscle | C9: Meat and meat products | D9: Denmark | E9: DK | F9: CH4, biogenic | G9: =SUM(H9:T9) -> 0.60498101 | S9: =(Production!$B$5*EF_ent_ferm_DK+(Production!$B$6+Production!$B$7)*EF_ent_ferm_DK)/Production!B23 -> 0.49486106 | T9: =SUM(U9:V9) -> 0.11011996 | U9: =Manure!$C$34/Production!B23 -> 0.11011996
A10: A01QV | B10: Bovine muscle | C10: Meat and meat products | D10: Denmark | E10: DK | F10: N2O | G10: =SUM(H10:T10)+W10+X10 -> 0.012366855 | H10: =(Production!$B$5*'Parameters, country spec'!$B$51*'N2O per kg feed'!G20+(Production!$B$6+Production!$B$7)*'Parameters, country spec'!$B$52*'N2O per kg feed'!G21)/Production!B23 -> 0.00049747573 | I10: =(Production!$B$5*'Parameters, country spec'!$B$51*'N2O per kg feed'!H20+(Production!$B$6+Production!$B$7)*'Parameters, country spec'!$B$52*'N2O per kg feed'!H21)/Production!B23 -> 1.934943e-05 | J10: =(Production!$B$5*'Parameters, country spec'!$B$51*'N2O per kg feed'!I20+(Production!$B$6+Production!$B$7)*'Parameters, country spec'!$B$52*'N2O per kg feed'!I21+Manure!C157)/Production!B23 -> 0.0045955016 | K10: =J10*EF_indirect_N2O_DK -> 0.00045955016 | L10: =(Production!$B$5*'Parameters, country spec'!$B$51*'N2O per kg feed'!K20+(Production!$B$6+Production!$B$7)*'Parameters, country spec'!$B$52*'N2O per kg feed'!K21)/Production!B23 -> 6.9506575e-06 | N10: =(Production!$B$5*'Parameters, country spec'!$B$51*'N2O per kg feed'!M20+(Production!$B$6+Production!$B$7)*'Parameters, country spec'!$B$52*'N2O per kg feed'!M21)/Production!B23 -> 6.363812e-07 | O10: =(Production!$B$5*'Parameters, country spec'!$B$51*'N2O per kg feed'!N20+(Production!$B$6+Production!$B$7)*'Parameters, country spec'!$B$52*'N2O per kg feed'!N21)/Production!B23 -> 1.680456e-06 | P10: =(Production!$B$5*'Parameters, country spec'!$B$51*'N2O per kg feed'!O20+(Production!$B$6+Production!$B$7)*'Parameters, country spec'!$B$52*'N2O per kg feed'!O21)/Production!B23 -> 0 | Q10: =(Production!$B$5*'Parameters, country spec'!$B$51*'N2O per kg feed'!P20+(Production!$B$6+Production!$B$7)*'Parameters, country spec'!$B$52*'N2O per kg feed'!P21)/Production!B23 -> 0.0011215856 | R10: =(Production!$B$5*'Parameters, country spec'!$B$51*'N2O per kg feed'!Q20+(Production!$B$6+Production!$B$7)*'Parameters, country spec'!$B$52*'N2O per kg feed'!Q21)/Production!B23 -> 7.6388515e-06 | T10: =SUM(U10:V10) -> 0.0056315275 | U10: =Manure!$C$92*44/28/Production!B23 -> 0.0037718271 | V10: =Manure!$C$160*17/14*Manure!$B$122/Production!B23 -> 0.0018597004 | W10: =(Production!$B$8*'Parameters, country spec'!$B$58*EF_el_N2O_DK+Production!$B$8*'Parameters, country spec'!$B$59*EF_diesel_N2O)/Production!B23 -> 2.4825263e-05 | X10: =Production!$B$12*(Energy_slaughter_el_DK*EF_el_N2O_DK+Energy_slaughter_oil_DK*EF_oil_N2O)/Production!B23 -> 1.3297735e-07
A11: A01QV | B11: Bovine muscle | C11: Meat and meat products | D11: Denmark | E11: DK | F11: CO2e | G11: =SUM(H11:X11) -> 23.272929 | H11: =SUMPRODUCT(H7:H10,'Parameters, general'!$B$23:$B$26) -> 0.37823527 | I11: =SUMPRODUCT(I7:I10,'Parameters, general'!$B$23:$B$26) -> 0.53071263 | J11: =SUMPRODUCT(J7:J10,'Parameters, general'!$B$23:$B$26) -> 1.2545719 | K11: =SUMPRODUCT(K7:K10,'Parameters, general'!$B$23:$B$26) -> 0.12545719 | L11: =SUMPRODUCT(L7:L10,'Parameters, general'!$B$23:$B$26) -> 0.26122768 | M11: =SUMPRODUCT(M7:M10,'Parameters, general'!$B$23:$B$26) -> 0 | N11: =SUMPRODUCT(N7:N10,'Parameters, general'!$B$23:$B$26) -> 0.017129327 | O11: =SUMPRODUCT(O7:O10,'Parameters, general'!$B$23:$B$26) -> 0.04720534 | ... T11: =SUMPRODUCT(T7:T10,'Parameters, general'!$B$23:$B$26) -> 4.5106458 | W11: =SUMPRODUCT(W7:W10,'Parameters, general'!$B$23:$B$26) -> 0.67872177 | X11: =SUMPRODUCT(X7:X10,'Parameters, general'!$B$23:$B$26) -> 0.0030658237 | Z11: =SUM(H11:R11) -> 4.7192472 | AA11: ='CO2 per kg feed'!F20+'CH4 per kg feed'!F20*CF_GWP_CH4_fossil+'N2O per kg feed'!F20*CF_GWP_N2O -> 0.21046383
A12: A01QV | B12: Bovine muscle | C12: Meat and meat products | D12: France | E12: FR | F12: CO2 | G12: =SUM(H12:X12) -> 2.8766622 | H12: =(Production!$C$5*'Parameters, country spec'!$C$51*'CO2 per kg feed'!G36+(Production!$C$6+Production!$C$7)*'Parameters, country spec'!$C$52*'CO2 per kg feed'!G37)/Production!C23 -> 0.51097141 | I12: =(Production!$C$5*'Parameters, country spec'!$C$51*'CO2 per kg feed'!H36+(Production!$C$6+Production!$C$7)*'Parameters, country spec'!$C$52*'CO2 per kg feed'!H37)/Production!C23 -> 0.45476921 | L12: =(Production!$C$5*'Parameters, country spec'!$C$51*'CO2 per kg feed'!K36+(Production!$C$6+Production!$C$7)*'Parameters, country spec'!$C$52*'CO2 per kg feed'!K37)/Production!C23 -> 0.31817253 | N12: =(Production!$C$5*'Parameters, country spec'!$C$51*'CO2 per kg feed'!M36+(Production!$C$6+Production!$C$7)*'Parameters, country spec'!$C$52*'CO2 per kg feed'!M37)/Production!C23 -> 0.048542138 | O12: =(Production!$C$5*'Parameters, country spec'!$C$51*'CO2 per kg feed'!N36+(Production!$C$6+Production!$C$7)*'Parameters, country spec'!$C$52*'CO2 per kg feed'!N37)/Production!C23 -> 0.0819965 | P12: =(Production!$C$5*'Parameters, country spec'!$C$51*'CO2 per kg feed'!O36+(Production!$C$6+Production!$C$7)*'Parameters, country spec'!$C$52*'CO2 per kg feed'!O37)/Production!C23 -> 0.19221608 | Q12: =(Production!$C$5*'Parameters, country spec'!$C$51*'CO2 per kg feed'!P36+(Production!$C$6+Production!$C$7)*'Parameters, country spec'!$C$52*'CO2 per kg feed'!P37)/Production!C23 -> 0.66934724 | R12: =(Production!$C$5*'Parameters, country spec'!$C$51*'CO2 per kg feed'!Q36+(Production!$C$6+Production!$C$7)*'Parameters, country spec'!$C$52*'CO2 per kg feed'!Q37)/Production!C23 -> 0.16874354 | W12: =Production!C8*('Parameters, country spec'!C58*EF_el_CO2_FR+'Parameters, country spec'!C59*EF_diesel_CO2)/Production!C23 -> 0.430333 | X12: =Production!C12*(Energy_slaughter_el_FR*EF_el_CO2_FR+Energy_slaughter_oil_FR*EF_oil_CO2)/Production!C23 -> 0.0015705914
A13: A01QV | B13: Bovine muscle | C13: Meat and meat products | D13: France | E13: FR | F13: CH4, fossil | G13: =SUM(H13:X13) -> 0.011645547 | H13: =(Production!$C$5*'Parameters, country spec'!$C$51*'CH4 per kg feed'!G36+(Production!$C$6+Production!$C$7)*'Parameters, country spec'!$C$52*'CH4 per kg feed'!G37)/Production!C23 -> 0.00095695966 | I13: =(Production!$C$5*'Parameters, country spec'!$C$51*'CH4 per kg feed'!H36+(Production!$C$6+Production!$C$7)*'Parameters, country spec'!$C$52*'CH4 per kg feed'!H37)/Production!C23 -> 0.0016056651 | L13: =(Production!$C$5*'Parameters, country spec'!$C$51*'CH4 per kg feed'!K36+(Production!$C$6+Production!$C$7)*'Parameters, country spec'!$C$52*'CH4 per kg feed'!K37)/Production!C23 -> 0.0001431529 | N13: =(Production!$C$5*'Parameters, country spec'!$C$51*'CH4 per kg feed'!M36+(Production!$C$6+Production!$C$7)*'Parameters, country spec'!$C$52*'CH4 per kg feed'!M37)/Production!C23 -> 0.00016273605 | O13: =(Production!$C$5*'Parameters, country spec'!$C$51*'CH4 per kg feed'!N36+(Production!$C$6+Production!$C$7)*'Parameters, country spec'!$C$52*'CH4 per kg feed'!N37)/Production!C23 -> 4.8544056e-05 | P13: =(Production!$C$5*'Parameters, country spec'!$C$51*'CH4 per kg feed'!O36+(Production!$C$6+Production!$C$7)*'Parameters, country spec'!$C$52*'CH4 per kg feed'!O37)/Production!C23 -> 0 | Q13: =(Production!$C$5*'Parameters, country spec'!$C$51*'CH4 per kg feed'!P36+(Production!$C$6+Production!$C$7)*'Parameters, country spec'!$C$52*'CH4 per kg feed'!P37)/Production!C23 -> 0.0082038873 | R13: =(Production!$C$5*'Parameters, country spec'!$C$51*'CH4 per kg feed'!Q36+(Production!$C$6+Production!$C$7)*'Parameters, country spec'!$C$52*'CH4 per kg feed'!Q37)/Production!C23 -> 0.0001486543 | W13: =Production!C8*('Parameters, country spec'!C58*EF_el_CH4_FR+'Parameters, country spec'!C59*EF_diesel_CH4)/Production!C23 -> 0.00037420395 | X13: =Production!C12*(Energy_slaughter_el_FR*EF_el_CH4_FR+Energy_slaughter_oil_FR*EF_oil_CH4)/Production!C23 -> 1.7439605e-06
A14: A01QV | B14: Bovine muscle | C14: Meat and meat products | D14: France | E14: FR | F14: CH4, biogenic | G14: =SUM(H14:T14) -> 0.54039674 | S14: =(Production!$C$5*EF_ent_ferm_FR+(Production!$C$6+Production!$C$7)*EF_ent_ferm_FR)/Production!C23 -> 0.49486106 | T14: =SUM(U14:V14) -> 0.045535683 | U14: =Manure!$E$34/Production!C23 -> 0.045535683
A15: A01QV | B15: Bovine muscle | C15: Meat and meat products | D15: France | E15: FR | F15: N2O | G15: =SUM(H15:T15)+W15+X15 -> 0.016388139 | H15: =(Production!$C$5*'Parameters, country spec'!$C$51*'N2O per kg feed'!G36+(Production!$C$6+Production!$C$7)*'Parameters, country spec'!$C$52*'N2O per kg feed'!G37)/Production!C23 -> 0.0011265663 | I15: =(Production!$C$5*'Parameters, country spec'!$C$51*'N2O per kg feed'!H36+(Production!$C$6+Production!$C$7)*'Parameters, country spec'!$C$52*'N2O per kg feed'!H37)/Production!C23 -> 1.8416611e-05 | J15: =(Production!$C$5*'Parameters, country spec'!$C$51*'N2O per kg feed'!I36+(Production!$C$6+Production!$C$7)*'Parameters, country spec'!$C$52*'N2O per kg feed'!I37+Manure!E157)/Production!C23 -> 0.0075420672 | K15: =J15*EF_indirect_N2O_FR -> 0.00075420672 | L15: =(Production!$C$5*'Parameters, country spec'!$C$51*'N2O per kg feed'!K36+(Production!$C$6+Production!$C$7)*'Parameters, country spec'!$C$52*'N2O per kg feed'!K37)/Production!C23 -> 8.7863191e-06 | N15: =(Production!$C$5*'Parameters, country spec'!$C$51*'N2O per kg feed'!M36+(Production!$C$6+Production!$C$7)*'Parameters, country spec'!$C$52*'N2O per kg feed'!M37)/Production!C23 -> 2.0029395e-06 | O15: =(Production!$C$5*'Parameters, country spec'!$C$51*'N2O per kg feed'!N36+(Production!$C$6+Production!$C$7)*'Parameters, country spec'!$C$52*'N2O per kg feed'!N37)/Production!C23 -> 3.0132496e-06 | P15: =(Production!$C$5*'Parameters, country spec'!$C$51*'N2O per kg feed'!O36+(Production!$C$6+Production!$C$7)*'Parameters, country spec'!$C$52*'N2O per kg feed'!O37)/Production!C23 -> 0 | Q15: =(Production!$C$5*'Parameters, country spec'!$C$51*'N2O per kg feed'!P36+(Production!$C$6+Production!$C$7)*'Parameters, country spec'!$C$52*'N2O per kg feed'!P37)/Production!C23 -> 0.00076573134 | R15: =(Production!$C$5*'Parameters, country spec'!$C$51*'N2O per kg feed'!Q36+(Production!$C$6+Production!$C$7)*'Parameters, country spec'!$C$52*'N2O per kg feed'!Q37)/Production!C23 -> 6.1838924e-06 | T15: =SUM(U15:V15) -> 0.0061449027 | U15: =Manure!$E$92*44/28/Production!C23 -> 0.0043676876 | V15: =Manure!$E$160*17/14*Manure!$D$122/Production!C23 -> 0.0017772151 | W15: =Production!C8*('Parameters, country spec'!C58*EF_el_N2O_FR+'Parameters, country spec'!C59*EF_diesel_N2O)/Production!C23 -> 1.6181635e-05 | X15: =Production!C12*(Energy_slaughter_el_FR*EF_el_N2O_FR+Energy_slaughter_oil_FR*EF_oil_N2O)/Production!C23 -> 8.0207999e-08
A16: A01QV | B16: Bovine muscle | C16: Meat and meat products | D16: France | E16: FR | F16: CO2e | G16: =SUM(H16:X16) -> 22.288374 | H16: =SUMPRODUCT(H12:H15,'Parameters, general'!$B$23:$B$26) -> 0.84704142 | I16: =SUMPRODUCT(I12:I15,'Parameters, general'!$B$23:$B$26) -> 0.50764577 | J16: =SUMPRODUCT(J12:J15,'Parameters, general'!$B$23:$B$26) -> 2.0589844 | K16: =SUMPRODUCT(K12:K15,'Parameters, general'!$B$23:$B$26) -> 0.20589844 | L16: =SUMPRODUCT(L12:L15,'Parameters, general'!$B$23:$B$26) -> 0.32483715 | M16: =SUMPRODUCT(M12:M15,'Parameters, general'!$B$23:$B$26) -> 0 | N16: =SUMPRODUCT(N12:N15,'Parameters, general'!$B$23:$B$26) -> 0.053938475 | O16: =SUMPRODUCT(O12:O15,'Parameters, general'!$B$23:$B$26) -> 0.08426573 | ... T16: =SUMPRODUCT(T12:T15,'Parameters, general'!$B$23:$B$26) -> 2.9070219 | W16: =SUMPRODUCT(W12:W15,'Parameters, general'!$B$23:$B$26) -> 0.44590186 | X16: =SUMPRODUCT(X12:X15,'Parameters, general'!$B$23:$B$26) -> 0.0016444582 | Z16: =SUM(H16:R16) -> 5.5725568 | AA16: ='CO2 per kg feed'!F36+'CH4 per kg feed'!F36*CF_GWP_CH4_fossil+'N2O per kg feed'!F36*CF_GWP_N2O -> 0.24350291
A17: A01QV | B17: Bovine muscle | C17: Meat and meat products | D17: Germany | E17: DE | F17: CO2 | G17: =SUM(H17:X17) -> 3.3019663 | H17: =(Production!$D$5*'Parameters, country spec'!$D$51*'CO2 per kg feed'!G52+(Production!$D$6+Production!$D$7)*'Parameters, country spec'!$D$52*'CO2 per kg feed'!G53)/Production!D23 -> 0.40320291 | I17: =(Production!$D$5*'Parameters, country spec'!$D$51*'CO2 per kg feed'!H52+(Production!$D$6+Production!$D$7)*'Parameters, country spec'!$D$52*'CO2 per kg feed'!H53)/Production!D23 -> 0.46732353 | L17: =(Production!$D$5*'Parameters, country spec'!$D$51*'CO2 per kg feed'!K52+(Production!$D$6+Production!$D$7)*'Parameters, country spec'!$D$52*'CO2 per kg feed'!K53)/Production!D23 -> 0.28667962 | N17: =(Production!$D$5*'Parameters, country spec'!$D$51*'CO2 per kg feed'!M52+(Production!$D$6+Production!$D$7)*'Parameters, country spec'!$D$52*'CO2 per kg feed'!M53)/Production!D23 -> 0.013971808 | O17: =(Production!$D$5*'Parameters, country spec'!$D$51*'CO2 per kg feed'!N52+(Production!$D$6+Production!$D$7)*'Parameters, country spec'!$D$52*'CO2 per kg feed'!N53)/Production!D23 -> 0.045596964 | P17: =(Production!$D$5*'Parameters, country spec'!$D$51*'CO2 per kg feed'!O52+(Production!$D$6+Production!$D$7)*'Parameters, country spec'!$D$52*'CO2 per kg feed'!O53)/Production!D23 -> 0.17655055 | Q17: =(Production!$D$5*'Parameters, country spec'!$D$51*'CO2 per kg feed'!P52+(Production!$D$6+Production!$D$7)*'Parameters, country spec'!$D$52*'CO2 per kg feed'!P53)/Production!D23 -> 1.0172093 | R17: =(Production!$D$5*'Parameters, country spec'!$D$51*'CO2 per kg feed'!Q52+(Production!$D$6+Production!$D$7)*'Parameters, country spec'!$D$52*'CO2 per kg feed'!Q53)/Production!D23 -> 0.15921037 | W17: =Production!D8*('Parameters, country spec'!D58*EF_el_CO2_DE+'Parameters, country spec'!D59*EF_diesel_CO2)/Production!D23 -> 0.72882835 | X17: =Production!$D$12*(Energy_slaughter_el_DE*EF_el_CO2_DE+Energy_slaughter_oil_DE*EF_oil_CO2)/Production!D23 -> 0.0033929055
A18: A01QV | B18: Bovine muscle | C18: Meat and meat products | D18: Germany | E18: DE | F18: CH4, fossil | G18: =SUM(H18:X18) -> 0.012507142 | H18: =(Production!$D$5*'Parameters, country spec'!$D$51*'CH4 per kg feed'!G52+(Production!$D$6+Production!$D$7)*'Parameters, country spec'!$D$52*'CH4 per kg feed'!G53)/Production!D23 -> 0.00075151993 | I18: =(Production!$D$5*'Parameters, country spec'!$D$51*'CH4 per kg feed'!H52+(Production!$D$6+Production!$D$7)*'Parameters, country spec'!$D$52*'CH4 per kg feed'!H53)/Production!D23 -> 0.0016451663 | L18: =(Production!$D$5*'Parameters, country spec'!$D$51*'CH4 per kg feed'!K52+(Production!$D$6+Production!$D$7)*'Parameters, country spec'!$D$52*'CH4 per kg feed'!K53)/Production!D23 -> 0.0001320997 | N18: =(Production!$D$5*'Parameters, country spec'!$D$51*'CH4 per kg feed'!M52+(Production!$D$6+Production!$D$7)*'Parameters, country spec'!$D$52*'CH4 per kg feed'!M53)/Production!D23 -> 4.669906e-05 | O18: =(Production!$D$5*'Parameters, country spec'!$D$51*'CH4 per kg feed'!N52+(Production!$D$6+Production!$D$7)*'Parameters, country spec'!$D$52*'CH4 per kg feed'!N53)/Production!D23 -> 3.0823749e-05 | P18: =(Production!$D$5*'Parameters, country spec'!$D$51*'CH4 per kg feed'!O52+(Production!$D$6+Production!$D$7)*'Parameters, country spec'!$D$52*'CH4 per kg feed'!O53)/Production!D23 -> 0 | Q18: =(Production!$D$5*'Parameters, country spec'!$D$51*'CH4 per kg feed'!P52+(Production!$D$6+Production!$D$7)*'Parameters, country spec'!$D$52*'CH4 per kg feed'!P53)/Production!D23 -> 0.0088930175 | R18: =(Production!$D$5*'Parameters, country spec'!$D$51*'CH4 per kg feed'!Q52+(Production!$D$6+Production!$D$7)*'Parameters, country spec'!$D$52*'CH4 per kg feed'!Q53)/Production!D23 -> 0.00013992599 | W18: =Production!D8*('Parameters, country spec'!D58*EF_el_CH4_DE+'Parameters, country spec'!D59*EF_diesel_CH4)/Production!D23 -> 0.00086316066 | X18: =Production!$D$12*(Energy_slaughter_el_DE*EF_el_CH4_DE+Energy_slaughter_oil_DE*EF_oil_CH4)/Production!D23 -> 4.7290413e-06
A19: A01QV | B19: Bovine muscle | C19: Meat and meat products | D19: Germany | E19: DE | F19: CH4, biogenic | G19: =SUM(H19:T19) -> 0.57386905 | S19: =(Production!$D$5*EF_ent_ferm_DE+(Production!$D$6+Production!$D$7)*EF_ent_ferm_DE)/Production!D23 -> 0.49486106 | T19: =SUM(U19:V19) -> 0.079007988 | U19: =Manure!$G$34/Production!D23 -> 0.079007988
A20: A01QV | B20: Bovine muscle | C20: Meat and meat products | D20: Germany | E20: DE | F20: N2O | G20: =SUM(H20:T20)+W20+X20 -> 0.013796754 | H20: =(Production!$D$5*'Parameters, country spec'!$D$51*'N2O per kg feed'!G52+(Production!$D$6+Production!$D$7)*'Parameters, country spec'!$D$52*'N2O per kg feed'!G53)/Production!D23 -> 0.00088795336 | I20: =(Production!$D$5*'Parameters, country spec'!$D$51*'N2O per kg feed'!H52+(Production!$D$6+Production!$D$7)*'Parameters, country spec'!$D$52*'N2O per kg feed'!H53)/Production!D23 -> 1.9021512e-05 | J20: =(Production!$D$5*'Parameters, country spec'!$D$51*'N2O per kg feed'!I52+(Production!$D$6+Production!$D$7)*'Parameters, country spec'!$D$52*'N2O per kg feed'!I53++Manure!G157)/Production!D23 -> 0.0054108453 | K20: =J20*EF_indirect_N2O_DK -> 0.00054108453 | L20: =(Production!$D$5*'Parameters, country spec'!$D$51*'N2O per kg feed'!K52+(Production!$D$6+Production!$D$7)*'Parameters, country spec'!$D$52*'N2O per kg feed'!K53)/Production!D23 -> 7.8940457e-06 | N20: =(Production!$D$5*'Parameters, country spec'!$D$51*'N2O per kg feed'!M52+(Production!$D$6+Production!$D$7)*'Parameters, country spec'!$D$52*'N2O per kg feed'!M53)/Production!D23 -> 5.7471905e-07 | O20: =(Production!$D$5*'Parameters, country spec'!$D$51*'N2O per kg feed'!N52+(Production!$D$6+Production!$D$7)*'Parameters, country spec'!$D$52*'N2O per kg feed'!N53)/Production!D23 -> 1.6402123e-06 | P20: =(Production!$D$5*'Parameters, country spec'!$D$51*'N2O per kg feed'!O52+(Production!$D$6+Production!$D$7)*'Parameters, country spec'!$D$52*'N2O per kg feed'!O53)/Production!D23 -> 0 | Q20: =(Production!$D$5*'Parameters, country spec'!$D$51*'N2O per kg feed'!P52+(Production!$D$6+Production!$D$7)*'Parameters, country spec'!$D$52*'N2O per kg feed'!P53)/Production!D23 -> 0.00079205248 | R20: =(Production!$D$5*'Parameters, country spec'!$D$51*'N2O per kg feed'!Q52+(Production!$D$6+Production!$D$7)*'Parameters, country spec'!$D$52*'N2O per kg feed'!Q53)/Production!D23 -> 5.9417098e-06 | T20: =SUM(U20:V20) -> 0.0061034353 | U20: =Manure!$G$92*44/28/Production!D23 -> 0.0040500803 | V20: =Manure!$G$160*17/14*Manure!$F$122/Production!D23 -> 0.0020533551 | W20: =Production!D8*('Parameters, country spec'!D58*EF_el_N2O_DE+'Parameters, country spec'!D59*EF_diesel_N2O)/Production!D23 -> 2.6169744e-05 | X20: =Production!$D$12*(Energy_slaughter_el_DE*EF_el_N2O_DE+Energy_slaughter_oil_DE*EF_oil_N2O)/Production!D23 -> 1.4118541e-07
A21: A01QV | B21: Bovine muscle | C21: Meat and meat products | D21: Germany | E21: DE | F21: CO2e | G21: =SUM(H21:X21) -> 22.935657 | H21: =SUMPRODUCT(H17:H20,'Parameters, general'!$B$23:$B$26) -> 0.66800948 | I21: =SUMPRODUCT(I17:I20,'Parameters, general'!$B$23:$B$26) -> 0.52154236 | J21: =SUMPRODUCT(J17:J20,'Parameters, general'!$B$23:$B$26) -> 1.4771608 | K21: =SUMPRODUCT(K17:K20,'Parameters, general'!$B$23:$B$26) -> 0.14771608 | L21: =SUMPRODUCT(L17:L20,'Parameters, general'!$B$23:$B$26) -> 0.29277126 | M21: =SUMPRODUCT(M17:M20,'Parameters, general'!$B$23:$B$26) -> 0 | N21: =SUMPRODUCT(N17:N20,'Parameters, general'!$B$23:$B$26) -> 0.015520339 | O21: =SUMPRODUCT(O17:O20,'Parameters, general'!$B$23:$B$26) -> 0.04696329 | ... T21: =SUMPRODUCT(T17:T20,'Parameters, general'!$B$23:$B$26) -> 3.7994535 | W21: =SUMPRODUCT(W17:W20,'Parameters, general'!$B$23:$B$26) -> 0.76169488 | X21: =SUMPRODUCT(X17:X20,'Parameters, general'!$B$23:$B$26) -> 0.0035723746 | Z21: =SUM(H21:R21) -> 5.0096879 | AA21: ='CO2 per kg feed'!F52+'CH4 per kg feed'!F52*CF_GWP_CH4_fossil+'N2O per kg feed'!F52*CF_GWP_N2O -> 0.23743924
A22: A01QV | B22: Bovine muscle | C22: Meat and meat products | D22: Greece | E22: GR | F22: CO2 | G22: =SUM(H22:X22) -> 5.0097411 | H22: =(Production!$E$5*'Parameters, country spec'!$E$51*'CO2 per kg feed'!G68+(Production!$E$6+Production!$E$7)*'Parameters, country spec'!$E$52*'CO2 per kg feed'!G69)/Production!E23 -> 0.95211303 | I22: =(Production!$E$5*'Parameters, country spec'!$E$51*'CO2 per kg feed'!H68+(Production!$E$6+Production!$E$7)*'Parameters, country spec'!$E$52*'CO2 per kg feed'!H69)/Production!E23 -> 0.47975464 | L22: =(Production!$E$5*'Parameters, country spec'!$E$51*'CO2 per kg feed'!K68+(Production!$E$6+Production!$E$7)*'Parameters, country spec'!$E$52*'CO2 per kg feed'!K69)/Production!E23 -> 0.65630453 | N22: =(Production!$E$5*'Parameters, country spec'!$E$51*'CO2 per kg feed'!M68+(Production!$E$6+Production!$E$7)*'Parameters, country spec'!$E$52*'CO2 per kg feed'!M69)/Production!E23 -> 0.11206311 | O22: =(Production!$E$5*'Parameters, country spec'!$E$51*'CO2 per kg feed'!N68+(Production!$E$6+Production!$E$7)*'Parameters, country spec'!$E$52*'CO2 per kg feed'!N69)/Production!E23 -> 0.33604259 | P22: =(Production!$E$5*'Parameters, country spec'!$E$51*'CO2 per kg feed'!O68+(Production!$E$6+Production!$E$7)*'Parameters, country spec'!$E$52*'CO2 per kg feed'!O69)/Production!E23 -> 0.37532341 | Q22: =(Production!$E$5*'Parameters, country spec'!$E$51*'CO2 per kg feed'!P68+(Production!$E$6+Production!$E$7)*'Parameters, country spec'!$E$52*'CO2 per kg feed'!P69)/Production!E23 -> 0.89455795 | R22: =(Production!$E$5*'Parameters, country spec'!$E$51*'CO2 per kg feed'!Q68+(Production!$E$6+Production!$E$7)*'Parameters, country spec'!$E$52*'CO2 per kg feed'!Q69)/Production!E23 -> 0.33056554 | W22: =Production!E8*('Parameters, country spec'!E58*EF_el_CO2_GR+'Parameters, country spec'!E59*EF_diesel_CO2)/Production!E23 -> 0.86876902 | X22: =Production!$E$12*(Energy_slaughter_el_GR*EF_el_CO2_GR+Energy_slaughter_oil_GR*EF_oil_CO2)/Production!E23 -> 0.0042472433
A23: A01QV | B23: Bovine muscle | C23: Meat and meat products | D23: Greece | E23: GR | F23: CH4, fossil | G23: =SUM(H23:X23) -> 0.0096734056 | H23: =(Production!$E$5*'Parameters, country spec'!$E$51*'CH4 per kg feed'!G68+(Production!$E$6+Production!$E$7)*'Parameters, country spec'!$E$52*'CH4 per kg feed'!G69)/Production!E23 -> 0.0018002853 | I23: =(Production!$E$5*'Parameters, country spec'!$E$51*'CH4 per kg feed'!H68+(Production!$E$6+Production!$E$7)*'Parameters, country spec'!$E$52*'CH4 per kg feed'!H69)/Production!E23 -> 0.0017206162 | L23: =(Production!$E$5*'Parameters, country spec'!$E$51*'CH4 per kg feed'!K68+(Production!$E$6+Production!$E$7)*'Parameters, country spec'!$E$52*'CH4 per kg feed'!K69)/Production!E23 -> 0.00029958882 | N23: =(Production!$E$5*'Parameters, country spec'!$E$51*'CH4 per kg feed'!M68+(Production!$E$6+Production!$E$7)*'Parameters, country spec'!$E$52*'CH4 per kg feed'!M69)/Production!E23 -> 0.00037957603 | O23: =(Production!$E$5*'Parameters, country spec'!$E$51*'CH4 per kg feed'!N68+(Production!$E$6+Production!$E$7)*'Parameters, country spec'!$E$52*'CH4 per kg feed'!N69)/Production!E23 -> 0.00027511404 | P23: =(Production!$E$5*'Parameters, country spec'!$E$51*'CH4 per kg feed'!O68+(Production!$E$6+Production!$E$7)*'Parameters, country spec'!$E$52*'CH4 per kg feed'!O69)/Production!E23 -> 0 | Q23: =(Production!$E$5*'Parameters, country spec'!$E$51*'CH4 per kg feed'!P68+(Production!$E$6+Production!$E$7)*'Parameters, country spec'!$E$52*'CH4 per kg feed'!P69)/Production!E23 -> 0.0037456382 | R23: =(Production!$E$5*'Parameters, country spec'!$E$51*'CH4 per kg feed'!Q68+(Production!$E$6+Production!$E$7)*'Parameters, country spec'!$E$52*'CH4 per kg feed'!Q69)/Production!E23 -> 0.00027847968 | W23: =Production!E8*('Parameters, country spec'!E58*EF_el_CH4_GR+'Parameters, country spec'!E59*EF_diesel_CH4)/Production!E23 -> 0.0011675202 | X23: =Production!$E$12*(Energy_slaughter_el_GR*EF_el_CH4_GR+Energy_slaughter_oil_GR*EF_oil_CH4)/Production!E23 -> 6.587156e-06
A24: A01QV | B24: Bovine muscle | C24: Meat and meat products | D24: Greece | E24: GR | F24: CH4, biogenic | G24: =SUM(H24:T24) -> 0.53630914 | S24: =(Production!$E$5*EF_ent_ferm_GR+(Production!$E$6+Production!$E$7)*EF_ent_ferm_GR)/Production!E23 -> 0.49486106 | T24: =SUM(U24:V24) -> 0.041448083 | U24: =Manure!$I$34/Production!E23 -> 0.041448083
A25: A01QV | B25: Bovine muscle | C25: Meat and meat products | D25: Greece | E25: GR | F25: N2O | G25: =SUM(H25:T25)+W25+X25 -> 0.018791554 | H25: =(Production!$E$5*'Parameters, country spec'!$E$51*'N2O per kg feed'!G68+(Production!$E$6+Production!$E$7)*'Parameters, country spec'!$E$52*'N2O per kg feed'!G69)/Production!E23 -> 0.002104917 | I25: =(Production!$E$5*'Parameters, country spec'!$E$51*'N2O per kg feed'!H68+(Production!$E$6+Production!$E$7)*'Parameters, country spec'!$E$52*'N2O per kg feed'!H69)/Production!E23 -> 1.8893748e-05 | J25: =(Production!$E$5*'Parameters, country spec'!$E$51*'N2O per kg feed'!I68+(Production!$E$6+Production!$E$7)*'Parameters, country spec'!$E$52*'N2O per kg feed'!I69+Manure!I157)/Production!E23 -> 0.0077767669 | K25: =J25*EF_indirect_N2O_DK -> 0.00077767669 | L25: =(Production!$E$5*'Parameters, country spec'!$E$51*'N2O per kg feed'!K68+(Production!$E$6+Production!$E$7)*'Parameters, country spec'!$E$52*'N2O per kg feed'!K69)/Production!E23 -> 1.7823086e-05 | N25: =(Production!$E$5*'Parameters, country spec'!$E$51*'N2O per kg feed'!M68+(Production!$E$6+Production!$E$7)*'Parameters, country spec'!$E$52*'N2O per kg feed'!M69)/Production!E23 -> 4.6702799e-06 | O25: =(Production!$E$5*'Parameters, country spec'!$E$51*'N2O per kg feed'!N68+(Production!$E$6+Production!$E$7)*'Parameters, country spec'!$E$52*'N2O per kg feed'!N69)/Production!E23 -> 1.1825699e-05 | P25: =(Production!$E$5*'Parameters, country spec'!$E$51*'N2O per kg feed'!O68+(Production!$E$6+Production!$E$7)*'Parameters, country spec'!$E$52*'N2O per kg feed'!O69)/Production!E23 -> 0 | Q25: =(Production!$E$5*'Parameters, country spec'!$E$51*'N2O per kg feed'!P68+(Production!$E$6+Production!$E$7)*'Parameters, country spec'!$E$52*'N2O per kg feed'!P69)/Production!E23 -> 0.00025133021 | R25: =(Production!$E$5*'Parameters, country spec'!$E$51*'N2O per kg feed'!Q68+(Production!$E$6+Production!$E$7)*'Parameters, country spec'!$E$52*'N2O per kg feed'!Q69)/Production!E23 -> 1.2843503e-05 | T25: =SUM(U25:V25) -> 0.0077874877 | U25: =Manure!$I$92*44/28/Production!E23 -> 0.0057655298 | V25: =Manure!$I$160*17/14*Manure!$H$122/Production!E23 -> 0.0020219579 | W25: =Production!E8*('Parameters, country spec'!E58*EF_el_N2O_GR+'Parameters, country spec'!E59*EF_diesel_N2O)/Production!E23 -> 2.7171968e-05 | X25: =Production!$E$12*(Energy_slaughter_el_GR*EF_el_N2O_GR+Energy_slaughter_oil_GR*EF_oil_N2O)/Production!E23 -> 1.4730398e-07
A26: A01QV | B26: Bovine muscle | C26: Meat and meat products | D26: Greece | E26: GR | F26: CO2e | G26: =SUM(H26:X26) -> 24.90845 | H26: =SUMPRODUCT(H22:H25,'Parameters, general'!$B$23:$B$26) -> 1.5804039 | I26: =SUMPRODUCT(I22:I25,'Parameters, general'!$B$23:$B$26) -> 0.536187 | J26: =SUMPRODUCT(J22:J25,'Parameters, general'!$B$23:$B$26) -> 2.1230574 | K26: =SUMPRODUCT(K22:K25,'Parameters, general'!$B$23:$B$26) -> 0.21230574 | L26: =SUMPRODUCT(L22:L25,'Parameters, general'!$B$23:$B$26) -> 0.67009798 | M26: =SUMPRODUCT(M22:M25,'Parameters, general'!$B$23:$B$26) -> 0 | N26: =SUMPRODUCT(N22:N25,'Parameters, general'!$B$23:$B$26) -> 0.12464946 | O26: =SUMPRODUCT(O22:O25,'Parameters, general'!$B$23:$B$26) -> 0.3474694 | ... T26: =SUMPRODUCT(T22:T25,'Parameters, general'!$B$23:$B$26) -> 3.2450824 | W26: =SUMPRODUCT(W22:W25,'Parameters, general'!$B$23:$B$26) -> 0.91097907 | X26: =SUMPRODUCT(X22:X25,'Parameters, general'!$B$23:$B$26) -> 0.0044837545 | Z26: =SUM(H26:R26) -> 7.3866559 | AA26: ='CO2 per kg feed'!F68+'CH4 per kg feed'!F68*CF_GWP_CH4_fossil+'N2O per kg feed'!F68*CF_GWP_N2O -> 0.35845796
A27: A01QV | B27: Bovine muscle | C27: Meat and meat products | D27: Hungary | E27: HU | F27: CO2 | G27: =SUM(H27:X27) -> 5.0315745 | H27: =(Production!$F$5*'Parameters, country spec'!$F$51*'CO2 per kg feed'!G84+(Production!$F$6+Production!$F$7)*'Parameters, country spec'!$F$52*'CO2 per kg feed'!G85)/Production!F23 -> 0.67074375 | I27: =(Production!$F$5*'Parameters, country spec'!$F$51*'CO2 per kg feed'!H84+(Production!$F$6+Production!$F$7)*'Parameters, country spec'!$F$52*'CO2 per kg feed'!H85)/Production!F23 -> 0.44881867 | L27: =(Production!$F$5*'Parameters, country spec'!$F$51*'CO2 per kg feed'!K84+(Production!$F$6+Production!$F$7)*'Parameters, country spec'!$F$52*'CO2 per kg feed'!K85)/Production!F23 -> 0.54954524 | N27: =(Production!$F$5*'Parameters, country spec'!$F$51*'CO2 per kg feed'!M84+(Production!$F$6+Production!$F$7)*'Parameters, country spec'!$F$52*'CO2 per kg feed'!M85)/Production!F23 -> 0.0017884175 | O27: =(Production!$F$5*'Parameters, country spec'!$F$51*'CO2 per kg feed'!N84+(Production!$F$6+Production!$F$7)*'Parameters, country spec'!$F$52*'CO2 per kg feed'!N85)/Production!F23 -> 0.1643999 | P27: =(Production!$F$5*'Parameters, country spec'!$F$51*'CO2 per kg feed'!O84+(Production!$F$6+Production!$F$7)*'Parameters, country spec'!$F$52*'CO2 per kg feed'!O85)/Production!F23 -> 0.53708494 | Q27: =(Production!$F$5*'Parameters, country spec'!$F$51*'CO2 per kg feed'!P84+(Production!$F$6+Production!$F$7)*'Parameters, country spec'!$F$52*'CO2 per kg feed'!P85)/Production!F23 -> 1.51653 | R27: =(Production!$F$5*'Parameters, country spec'!$F$51*'CO2 per kg feed'!Q84+(Production!$F$6+Production!$F$7)*'Parameters, country spec'!$F$52*'CO2 per kg feed'!Q85)/Production!F23 -> 0.4314679 | W27: =Production!F8*('Parameters, country spec'!F58*EF_el_CO2_HU+'Parameters, country spec'!F59*EF_diesel_CO2)/Production!F23 -> 0.70793034 | X27: =Production!$F$12*(Energy_slaughter_el_HU*EF_el_CO2_HU+Energy_slaughter_oil_HU*EF_oil_CO2)/Production!F23 -> 0.0032653232
A28: A01QV | B28: Bovine muscle | C28: Meat and meat products | D28: Hungary | E28: HU | F28: CH4, fossil | G28: =SUM(H28:X28) -> 0.014552856 | H28: =(Production!$F$5*'Parameters, country spec'!$F$51*'CH4 per kg feed'!G84+(Production!$F$6+Production!$F$7)*'Parameters, country spec'!$F$52*'CH4 per kg feed'!G85)/Production!F23 -> 0.0012601792 | I28: =(Production!$F$5*'Parameters, country spec'!$F$51*'CH4 per kg feed'!H84+(Production!$F$6+Production!$F$7)*'Parameters, country spec'!$F$52*'CH4 per kg feed'!H85)/Production!F23 -> 0.0015925829 | L28: =(Production!$F$5*'Parameters, country spec'!$F$51*'CH4 per kg feed'!K84+(Production!$F$6+Production!$F$7)*'Parameters, country spec'!$F$52*'CH4 per kg feed'!K85)/Production!F23 -> 0.00025992267 | N28: =(Production!$F$5*'Parameters, country spec'!$F$51*'CH4 per kg feed'!M84+(Production!$F$6+Production!$F$7)*'Parameters, country spec'!$F$52*'CH4 per kg feed'!M85)/Production!F23 -> 6.9201467e-06 | O28: =(Production!$F$5*'Parameters, country spec'!$F$51*'CH4 per kg feed'!N84+(Production!$F$6+Production!$F$7)*'Parameters, country spec'!$F$52*'CH4 per kg feed'!N85)/Production!F23 -> 0.00013200038 | P28: =(Production!$F$5*'Parameters, country spec'!$F$51*'CH4 per kg feed'!O84+(Production!$F$6+Production!$F$7)*'Parameters, country spec'!$F$52*'CH4 per kg feed'!O85)/Production!F23 -> 0 | Q28: =(Production!$F$5*'Parameters, country spec'!$F$51*'CH4 per kg feed'!P84+(Production!$F$6+Production!$F$7)*'Parameters, country spec'!$F$52*'CH4 per kg feed'!P85)/Production!F23 -> 0.0098986538 | R28: =(Production!$F$5*'Parameters, country spec'!$F$51*'CH4 per kg feed'!Q84+(Production!$F$6+Production!$F$7)*'Parameters, country spec'!$F$52*'CH4 per kg feed'!Q85)/Production!F23 -> 0.00036147037 | W28: =Production!F8*('Parameters, country spec'!F58*EF_el_CH4_HU+'Parameters, country spec'!F59*EF_diesel_CH4)/Production!F23 -> 0.0010353461 | X28: =Production!$F$12*(Energy_slaughter_el_HU*EF_el_CH4_HU+Energy_slaughter_oil_HU*EF_oil_CH4)/Production!F23 -> 5.7802332e-06
A29: A01QV | B29: Bovine muscle | C29: Meat and meat products | D29: Hungary | E29: HU | F29: CH4, biogenic | G29: =SUM(H29:T29) -> 0.59353299 | S29: =(Production!$F$5*EF_ent_ferm_HU+(Production!$F$6+Production!$F$7)*EF_ent_ferm_HU)/Production!F23 -> 0.49486106 | T29: =SUM(U29:V29) -> 0.098671933 | U29: =Manure!$K$34/Production!F23 -> 0.098671933
A30: A01QV | B30: Bovine muscle | C30: Meat and meat products | D30: Hungary | E30: HU | F30: N2O | G30: =SUM(H30:T30)+W30+X30 -> 0.018041569 | H30: =(Production!$F$5*'Parameters, country spec'!$F$51*'N2O per kg feed'!G84+(Production!$F$6+Production!$F$7)*'Parameters, country spec'!$F$52*'N2O per kg feed'!G85)/Production!F23 -> 0.001478588 | I30: =(Production!$F$5*'Parameters, country spec'!$F$51*'N2O per kg feed'!H84+(Production!$F$6+Production!$F$7)*'Parameters, country spec'!$F$52*'N2O per kg feed'!H85)/Production!F23 -> 1.8017082e-05 | J30: =(Production!$F$5*'Parameters, country spec'!$F$51*'N2O per kg feed'!I84+(Production!$F$6+Production!$F$7)*'Parameters, country spec'!$F$52*'N2O per kg feed'!I85+Manure!K157)/Production!F23 -> 0.0065333371 | K30: =J30*EF_indirect_N2O_DK -> 0.00065333371 | L30: =(Production!$F$5*'Parameters, country spec'!$F$51*'N2O per kg feed'!K84+(Production!$F$6+Production!$F$7)*'Parameters, country spec'!$F$52*'N2O per kg feed'!K85)/Production!F23 -> 1.5134795e-05 | N30: =(Production!$F$5*'Parameters, country spec'!$F$51*'N2O per kg feed'!M84+(Production!$F$6+Production!$F$7)*'Parameters, country spec'!$F$52*'N2O per kg feed'!M85)/Production!F23 -> 8.5165309e-08 | O30: =(Production!$F$5*'Parameters, country spec'!$F$51*'N2O per kg feed'!N84+(Production!$F$6+Production!$F$7)*'Parameters, country spec'!$F$52*'N2O per kg feed'!N85)/Production!F23 -> 5.872697e-06 | P30: =(Production!$F$5*'Parameters, country spec'!$F$51*'N2O per kg feed'!O84+(Production!$F$6+Production!$F$7)*'Parameters, country spec'!$F$52*'N2O per kg feed'!O85)/Production!F23 -> 0 | Q30: =(Production!$F$5*'Parameters, country spec'!$F$51*'N2O per kg feed'!P84+(Production!$F$6+Production!$F$7)*'Parameters, country spec'!$F$52*'N2O per kg feed'!P85)/Production!F23 -> 0.00075196598 | R30: =(Production!$F$5*'Parameters, country spec'!$F$51*'N2O per kg feed'!Q84+(Production!$F$6+Production!$F$7)*'Parameters, country spec'!$F$52*'N2O per kg feed'!Q85)/Production!F23 -> 1.5792451e-05 | T30: =SUM(U30:V30) -> 0.0085474743 | U30: =Manure!$K$92*44/28/Production!F23 -> 0.006408098 | V30: =Manure!$K$160*17/14*Manure!$J$122/Production!F23 -> 0.0021393764 | W30: =Production!F8*('Parameters, country spec'!F58*EF_el_N2O_HU+'Parameters, country spec'!F59*EF_diesel_N2O)/Production!F23 -> 2.1853329e-05 | X30: =Production!$F$12*(Energy_slaughter_el_HU*EF_el_N2O_HU+Energy_slaughter_oil_HU*EF_oil_N2O)/Production!F23 -> 1.1483369e-07
A31: A01QV | B31: Bovine muscle | C31: Meat and meat products | D31: Hungary | E31: HU | F31: CO2e | G31: =SUM(H31:X31) -> 26.415989 | H31: =SUMPRODUCT(H27:H30,'Parameters, general'!$B$23:$B$26) -> 1.1119516 | I31: =SUMPRODUCT(I27:I30,'Parameters, general'!$B$23:$B$26) -> 0.5011963 | J31: =SUMPRODUCT(J27:J30,'Parameters, general'!$B$23:$B$26) -> 1.783601 | K31: =SUMPRODUCT(K27:K30,'Parameters, general'!$B$23:$B$26) -> 0.1783601 | L31: =SUMPRODUCT(L27:L30,'Parameters, general'!$B$23:$B$26) -> 0.56142273 | M31: =SUMPRODUCT(M27:M30,'Parameters, general'!$B$23:$B$26) -> 0 | N31: =SUMPRODUCT(N27:N30,'Parameters, general'!$B$23:$B$26) -> 0.002017888 | O31: =SUMPRODUCT(O27:O30,'Parameters, general'!$B$23:$B$26) -> 0.16993675 | ... T31: =SUMPRODUCT(T27:T30,'Parameters, general'!$B$23:$B$26) -> 4.9976027 | W31: =SUMPRODUCT(W27:W30,'Parameters, general'!$B$23:$B$26) -> 0.74474962 | X31: =SUMPRODUCT(X27:X30,'Parameters, general'!$B$23:$B$26) -> 0.0034689238 | Z31: =SUM(H31:R31) -> 7.308919 | AA31: ='CO2 per kg feed'!F84+'CH4 per kg feed'!F84*CF_GWP_CH4_fossil+'N2O per kg feed'!F84*CF_GWP_N2O -> 0.35762232
A32: A01QV | B32: Bovine muscle | C32: Meat and meat products | D32: Ireland | E32: IE | F32: CO2 | G32: =SUM(H32:X32) -> 2.4911118 | H32: =(Production!$G$5*'Parameters, country spec'!$G$51*'CO2 per kg feed'!G100+(Production!$G$6+Production!$G$7)*'Parameters, country spec'!$G$52*'CO2 per kg feed'!G101)/Production!G23 -> 0.59541727 | I32: =(Production!$G$5*'Parameters, country spec'!$G$51*'CO2 per kg feed'!H100+(Production!$G$6+Production!$G$7)*'Parameters, country spec'!$G$52*'CO2 per kg feed'!H101)/Production!G23 -> 0.47130693 | L32: =(Production!$G$5*'Parameters, country spec'!$G$51*'CO2 per kg feed'!K100+(Production!$G$6+Production!$G$7)*'Parameters, country spec'!$G$52*'CO2 per kg feed'!K101)/Production!G23 -> 0.30147731 | N32: =(Production!$G$5*'Parameters, country spec'!$G$51*'CO2 per kg feed'!M100+(Production!$G$6+Production!$G$7)*'Parameters, country spec'!$G$52*'CO2 per kg feed'!M101)/Production!G23 -> 0.0023759709 | O32: =(Production!$G$5*'Parameters, country spec'!$G$51*'CO2 per kg feed'!N100+(Production!$G$6+Production!$G$7)*'Parameters, country spec'!$G$52*'CO2 per kg feed'!N101)/Production!G23 -> 0.13636396 | P32: =(Production!$G$5*'Parameters, country spec'!$G$51*'CO2 per kg feed'!O100+(Production!$G$6+Production!$G$7)*'Parameters, country spec'!$G$52*'CO2 per kg feed'!O101)/Production!G23 -> 0.06085628 | Q32: =(Production!$G$5*'Parameters, country spec'!$G$51*'CO2 per kg feed'!P100+(Production!$G$6+Production!$G$7)*'Parameters, country spec'!$G$52*'CO2 per kg feed'!P101)/Production!G23 -> 0.18779845 | R32: =(Production!$G$5*'Parameters, country spec'!$G$51*'CO2 per kg feed'!Q100+(Production!$G$6+Production!$G$7)*'Parameters, country spec'!$G$52*'CO2 per kg feed'!Q101)/Production!G23 -> 0.060448228 | W32: =Production!G8*('Parameters, country spec'!G58*EF_el_CO2_IE+'Parameters, country spec'!G59*EF_diesel_CO2)/Production!G23 -> 0.67202133 | X32: =Production!$G$12*(Energy_slaughter_el_IE*EF_el_CO2_IE+Energy_slaughter_oil_IE*EF_oil_CO2)/Production!G23 -> 0.0030460986
A33: A01QV | B33: Bovine muscle | C33: Meat and meat products | D33: Ireland | E33: IE | F33: CH4, fossil | G33: =SUM(H33:X33) -> 0.0040071913 | H33: =(Production!$G$5*'Parameters, country spec'!$G$51*'CH4 per kg feed'!G100+(Production!$G$6+Production!$G$7)*'Parameters, country spec'!$G$52*'CH4 per kg feed'!G101)/Production!G23 -> 0.001108159 | I33: =(Production!$G$5*'Parameters, country spec'!$G$51*'CH4 per kg feed'!H100+(Production!$G$6+Production!$G$7)*'Parameters, country spec'!$G$52*'CH4 per kg feed'!H101)/Production!G23 -> 0.0016737689 | L33: =(Production!$G$5*'Parameters, country spec'!$G$51*'CH4 per kg feed'!K100+(Production!$G$6+Production!$G$7)*'Parameters, country spec'!$G$52*'CH4 per kg feed'!K101)/Production!G23 -> 0.00013415048 | N33: =(Production!$G$5*'Parameters, country spec'!$G$51*'CH4 per kg feed'!M100+(Production!$G$6+Production!$G$7)*'Parameters, country spec'!$G$52*'CH4 per kg feed'!M101)/Production!G23 -> 9.7317357e-06 | O33: =(Production!$G$5*'Parameters, country spec'!$G$51*'CH4 per kg feed'!N100+(Production!$G$6+Production!$G$7)*'Parameters, country spec'!$G$52*'CH4 per kg feed'!N101)/Production!G23 -> 7.1586981e-05 | P33: =(Production!$G$5*'Parameters, country spec'!$G$51*'CH4 per kg feed'!O100+(Production!$G$6+Production!$G$7)*'Parameters, country spec'!$G$52*'CH4 per kg feed'!O101)/Production!G23 -> 0 | Q33: =(Production!$G$5*'Parameters, country spec'!$G$51*'CH4 per kg feed'!P100+(Production!$G$6+Production!$G$7)*'Parameters, country spec'!$G$52*'CH4 per kg feed'!P101)/Production!G23 -> 0.00046015093 | R33: =(Production!$G$5*'Parameters, country spec'!$G$51*'CH4 per kg feed'!Q100+(Production!$G$6+Production!$G$7)*'Parameters, country spec'!$G$52*'CH4 per kg feed'!Q101)/Production!G23 -> 5.2226607e-05 | W33: =Production!G8*('Parameters, country spec'!G58*EF_el_CH4_IE+'Parameters, country spec'!G59*EF_diesel_CH4)/Production!G23 -> 0.00049493564 | X33: =Production!$G$12*(Energy_slaughter_el_IE*EF_el_CH4_IE+Energy_slaughter_oil_IE*EF_oil_CH4)/Production!G23 -> 2.4810275e-06
A34: A01QV | B34: Bovine muscle | C34: Meat and meat products | D34: Ireland | E34: IE | F34: CH4, biogenic | G34: =SUM(H34:T34) -> 0.56609577 | S34: =(Production!$G$5*EF_ent_ferm_IE+(Production!$G$6+Production!$G$7)*EF_ent_ferm_IE)/Production!G23 -> 0.49486106 | T34: =SUM(U34:V34) -> 0.071234707 | U34: =Manure!$M$34/Production!G23 -> 0.071234707
A35: A01QV | B35: Bovine muscle | C35: Meat and meat products | D35: Ireland | E35: IE | F35: N2O | G35: =SUM(H35:T35)+W35+X35 -> 0.012799458 | H35: =(Production!$G$5*'Parameters, country spec'!$G$51*'N2O per kg feed'!G100+(Production!$G$6+Production!$G$7)*'Parameters, country spec'!$G$52*'N2O per kg feed'!G101)/Production!G23 -> 0.0013215755 | I35: =(Production!$G$5*'Parameters, country spec'!$G$51*'N2O per kg feed'!H100+(Production!$G$6+Production!$G$7)*'Parameters, country spec'!$G$52*'N2O per kg feed'!H101)/Production!G23 -> 1.8892059e-05 | J35: =(Production!$G$5*'Parameters, country spec'!$G$51*'N2O per kg feed'!I100+(Production!$G$6+Production!$G$7)*'Parameters, country spec'!$G$52*'N2O per kg feed'!I101+Manure!ME157)/Production!G23 -> 0.0046151544 | K35: =J35*EF_indirect_N2O_DK -> 0.00046151544 | L35: =(Production!$G$5*'Parameters, country spec'!$G$51*'N2O per kg feed'!K100+(Production!$G$6+Production!$G$7)*'Parameters, country spec'!$G$52*'N2O per kg feed'!K101)/Production!G23 -> 8.1348913e-06 | N35: =(Production!$G$5*'Parameters, country spec'!$G$51*'N2O per kg feed'!M100+(Production!$G$6+Production!$G$7)*'Parameters, country spec'!$G$52*'N2O per kg feed'!M101)/Production!G23 -> 1.1975342e-07 | O35: =(Production!$G$5*'Parameters, country spec'!$G$51*'N2O per kg feed'!N100+(Production!$G$6+Production!$G$7)*'Parameters, country spec'!$G$52*'N2O per kg feed'!N101)/Production!G23 -> 4.8595762e-06 | P35: =(Production!$G$5*'Parameters, country spec'!$G$51*'N2O per kg feed'!O100+(Production!$G$6+Production!$G$7)*'Parameters, country spec'!$G$52*'N2O per kg feed'!O101)/Production!G23 -> 0 | Q35: =(Production!$G$5*'Parameters, country spec'!$G$51*'N2O per kg feed'!P100+(Production!$G$6+Production!$G$7)*'Parameters, country spec'!$G$52*'N2O per kg feed'!P101)/Production!G23 -> 3.3696455e-05 | R35: =(Production!$G$5*'Parameters, country spec'!$G$51*'N2O per kg feed'!Q100+(Production!$G$6+Production!$G$7)*'Parameters, country spec'!$G$52*'N2O per kg feed'!Q101)/Production!G23 -> 2.4096993e-06 | T35: =SUM(U35:V35) -> 0.0063118667 | U35: =Manure!$M$92*44/28/Production!G23 -> 0.0045794062 | V35: =Manure!$M$160*17/14*Manure!$L$122/Production!G23 -> 0.0017324605 | W35: =Production!G8*('Parameters, country spec'!G58*EF_el_N2O_IE+'Parameters, country spec'!G59*EF_diesel_N2O)/Production!G23 -> 2.1123613e-05 | X35: =Production!$G$12*(Energy_slaughter_el_IE*EF_el_N2O_IE+Energy_slaughter_oil_IE*EF_oil_N2O)/Production!G23 -> 1.1037878e-07
A36: A01QV | B36: Bovine muscle | C36: Meat and meat products | D36: Ireland | E36: IE | F36: CO2e | G36: =SUM(H36:X36) -> 21.389364 | H36: =SUMPRODUCT(H32:H35,'Parameters, general'!$B$23:$B$26) -> 0.98923051 | I36: =SUMPRODUCT(I32:I35,'Parameters, general'!$B$23:$B$26) -> 0.52634277 | J36: =SUMPRODUCT(J32:J35,'Parameters, general'!$B$23:$B$26) -> 1.2599371 | K36: =SUMPRODUCT(K32:K35,'Parameters, general'!$B$23:$B$26) -> 0.12599371 | L36: =SUMPRODUCT(L32:L35,'Parameters, general'!$B$23:$B$26) -> 0.30769582 | M36: =SUMPRODUCT(M32:M35,'Parameters, general'!$B$23:$B$26) -> 0 | N36: =SUMPRODUCT(N32:N35,'Parameters, general'!$B$23:$B$26) -> 0.0026986693 | O36: =SUMPRODUCT(O32:O35,'Parameters, general'!$B$23:$B$26) -> 0.13982391 | ... T36: =SUMPRODUCT(T32:T35,'Parameters, general'!$B$23:$B$26) -> 3.6464767 | W36: =SUMPRODUCT(W32:W35,'Parameters, general'!$B$23:$B$26) -> 0.69253715 | X36: =SUMPRODUCT(X32:X35,'Parameters, general'!$B$23:$B$26) -> 0.0031501667 | Z36: =SUM(H36:R36) -> 3.6859513 | AA36: ='CO2 per kg feed'!F100+'CH4 per kg feed'!F100*CF_GWP_CH4_fossil+'N2O per kg feed'!F100*CF_GWP_N2O -> 0.20313261
A37: A01QV | B37: Bovine muscle | C37: Meat and meat products | D37: Italy | E37: IT | F37: CO2 | G37: =SUM(H37:X37) -> 3.4155077 | H37: =(Production!$H$5*'Parameters, country spec'!$H$51*'CO2 per kg feed'!G116+(Production!$H$6+Production!$H$7)*'Parameters, country spec'!$H$52*'CO2 per kg feed'!G117)/Production!H23 -> 0.51791943 | I37: =(Production!$H$5*'Parameters, country spec'!$H$51*'CO2 per kg feed'!H116+(Production!$H$6+Production!$H$7)*'Parameters, country spec'!$H$52*'CO2 per kg feed'!H117)/Production!H23 -> 0.42214377 | L37: =(Production!$H$5*'Parameters, country spec'!$H$51*'CO2 per kg feed'!K116+(Production!$H$6+Production!$H$7)*'Parameters, country spec'!$H$52*'CO2 per kg feed'!K117)/Production!H23 -> 0.27601222 | N37: =(Production!$H$5*'Parameters, country spec'!$H$51*'CO2 per kg feed'!M116+(Production!$H$6+Production!$H$7)*'Parameters, country spec'!$H$52*'CO2 per kg feed'!M117)/Production!H23 -> 0.041804052 | O37: =(Production!$H$5*'Parameters, country spec'!$H$51*'CO2 per kg feed'!N116+(Production!$H$6+Production!$H$7)*'Parameters, country spec'!$H$52*'CO2 per kg feed'!N117)/Production!H23 -> 0.050644868 | P37: =(Production!$H$5*'Parameters, country spec'!$H$51*'CO2 per kg feed'!O116+(Production!$H$6+Production!$H$7)*'Parameters, country spec'!$H$52*'CO2 per kg feed'!O117)/Production!H23 -> 0.24067269 | Q37: =(Production!$H$5*'Parameters, country spec'!$H$51*'CO2 per kg feed'!P116+(Production!$H$6+Production!$H$7)*'Parameters, country spec'!$H$52*'CO2 per kg feed'!P117)/Production!H23 -> 0.9601239 | R37: =(Production!$H$5*'Parameters, country spec'!$H$51*'CO2 per kg feed'!Q116+(Production!$H$6+Production!$H$7)*'Parameters, country spec'!$H$52*'CO2 per kg feed'!Q117)/Production!H23 -> 0.24220652 | W37: =Production!H8*('Parameters, country spec'!H58*EF_el_CO2_IT+'Parameters, country spec'!H59*EF_diesel_CO2)/Production!H23 -> 0.66100141 | X37: =Production!$H$12*(Energy_slaughter_el_IT*EF_el_CO2_IT+Energy_slaughter_oil_IT*EF_oil_CO2)/Production!H23 -> 0.002978822
A38: A01QV | B38: Bovine muscle | C38: Meat and meat products | D38: Italy | E38: IT | F38: CH4, fossil | G38: =SUM(H38:X38) -> 0.011777784 | H38: =(Production!$H$5*'Parameters, country spec'!$H$51*'CH4 per kg feed'!G116+(Production!$H$6+Production!$H$7)*'Parameters, country spec'!$H$52*'CH4 per kg feed'!G117)/Production!H23 -> 0.00096111933 | I38: =(Production!$H$5*'Parameters, country spec'!$H$51*'CH4 per kg feed'!H116+(Production!$H$6+Production!$H$7)*'Parameters, country spec'!$H$52*'CH4 per kg feed'!H117)/Production!H23 -> 0.0014885469 | L38: =(Production!$H$5*'Parameters, country spec'!$H$51*'CH4 per kg feed'!K116+(Production!$H$6+Production!$H$7)*'Parameters, country spec'!$H$52*'CH4 per kg feed'!K117)/Production!H23 -> 0.0001390733 | N38: =(Production!$H$5*'Parameters, country spec'!$H$51*'CH4 per kg feed'!M116+(Production!$H$6+Production!$H$7)*'Parameters, country spec'!$H$52*'CH4 per kg feed'!M117)/Production!H23 -> 0.00013903122 | O38: =(Production!$H$5*'Parameters, country spec'!$H$51*'CH4 per kg feed'!N116+(Production!$H$6+Production!$H$7)*'Parameters, country spec'!$H$52*'CH4 per kg feed'!N117)/Production!H23 -> 4.7457801e-05 | P38: =(Production!$H$5*'Parameters, country spec'!$H$51*'CH4 per kg feed'!O116+(Production!$H$6+Production!$H$7)*'Parameters, country spec'!$H$52*'CH4 per kg feed'!O117)/Production!H23 -> 0 | Q38: =(Production!$H$5*'Parameters, country spec'!$H$51*'CH4 per kg feed'!P116+(Production!$H$6+Production!$H$7)*'Parameters, country spec'!$H$52*'CH4 per kg feed'!P117)/Production!H23 -> 0.0073251749 | R38: =(Production!$H$5*'Parameters, country spec'!$H$51*'CH4 per kg feed'!Q116+(Production!$H$6+Production!$H$7)*'Parameters, country spec'!$H$52*'CH4 per kg feed'!Q117)/Production!H23 -> 0.00020587463 | W38: =Production!H8*('Parameters, country spec'!H58*EF_el_CH4_IT+'Parameters, country spec'!H59*EF_diesel_CH4)/Production!H23 -> 0.0014631142 | X38: =Production!$H$12*(Energy_slaughter_el_IT*EF_el_CH4_IT+Energy_slaughter_oil_IT*EF_oil_CH4)/Production!H23 -> 8.3917574e-06
A39: A01QV | B39: Bovine muscle | C39: Meat and meat products | D39: Italy | E39: IT | F39: CH4, biogenic | G39: =SUM(H39:T39) -> 0.62856931 | S39: =(Production!$H$5*EF_ent_ferm_IT+(Production!$H$6+Production!$H$7)*EF_ent_ferm_IT)/Production!H23 -> 0.49486106 | T39: =SUM(U39:V39) -> 0.13370826 | U39: =Manure!$O$34/Production!H23 -> 0.13370826
A40: A01QV | B40: Bovine muscle | C40: Meat and meat products | D40: Italy | E40: IT | F40: N2O | G40: =SUM(H40:T40)+W40+X40 -> 0.017206593 | H40: =(Production!$H$5*'Parameters, country spec'!$H$51*'N2O per kg feed'!G116+(Production!$H$6+Production!$H$7)*'Parameters, country spec'!$H$52*'N2O per kg feed'!G117)/Production!H23 -> 0.0011397903 | I40: =(Production!$H$5*'Parameters, country spec'!$H$51*'N2O per kg feed'!H116+(Production!$H$6+Production!$H$7)*'Parameters, country spec'!$H$52*'N2O per kg feed'!H117)/Production!H23 -> 1.7133926e-05 | J40: =(Production!$H$5*'Parameters, country spec'!$H$51*'N2O per kg feed'!I116+(Production!$H$6+Production!$H$7)*'Parameters, country spec'!$H$52*'N2O per kg feed'!I117+Manure!O157)/Production!H23 -> 0.0059001071 | K40: =J40*EF_indirect_N2O_DK -> 0.00059001071 | L40: =(Production!$H$5*'Parameters, country spec'!$H$51*'N2O per kg feed'!K116+(Production!$H$6+Production!$H$7)*'Parameters, country spec'!$H$52*'N2O per kg feed'!K117)/Production!H23 -> 7.7299025e-06 | N40: =(Production!$H$5*'Parameters, country spec'!$H$51*'N2O per kg feed'!M116+(Production!$H$6+Production!$H$7)*'Parameters, country spec'!$H$52*'N2O per kg feed'!M117)/Production!H23 -> 1.7110831e-06 | O40: =(Production!$H$5*'Parameters, country spec'!$H$51*'N2O per kg feed'!N116+(Production!$H$6+Production!$H$7)*'Parameters, country spec'!$H$52*'N2O per kg feed'!N117)/Production!H23 -> 1.8554436e-06 | P40: =(Production!$H$5*'Parameters, country spec'!$H$51*'N2O per kg feed'!O116+(Production!$H$6+Production!$H$7)*'Parameters, country spec'!$H$52*'N2O per kg feed'!O117)/Production!H23 -> 0 | Q40: =(Production!$H$5*'Parameters, country spec'!$H$51*'N2O per kg feed'!P116+(Production!$H$6+Production!$H$7)*'Parameters, country spec'!$H$52*'N2O per kg feed'!P117)/Production!H23 -> 0.00046927233 | R40: =(Production!$H$5*'Parameters, country spec'!$H$51*'N2O per kg feed'!Q116+(Production!$H$6+Production!$H$7)*'Parameters, country spec'!$H$52*'N2O per kg feed'!Q117)/Production!H23 -> 1.0015406e-05 | T40: =SUM(U40:V40) -> 0.0090460948 | U40: =Manure!$O$92*44/28/Production!H23 -> 0.0061113881 | V40: =Manure!$O$160*17/14*Manure!$N$122/Production!H23 -> 0.0029347067 | W40: =Production!H8*('Parameters, country spec'!H58*EF_el_N2O_IT+'Parameters, country spec'!H59*EF_diesel_N2O)/Production!H23 -> 2.2751234e-05 | X40: =Production!$H$12*(Energy_slaughter_el_IT*EF_el_N2O_IT+Energy_slaughter_oil_IT*EF_oil_N2O)/Production!H23 -> 1.203154e-07
A41: A01QV | B41: Bovine muscle | C41: Meat and meat products | D41: Italy | E41: IT | F41: CO2e | G41: =SUM(H41:X41) -> 25.435257 | H41: =SUMPRODUCT(H37:H40,'Parameters, general'!$B$23:$B$26) -> 0.85772353 | I41: =SUMPRODUCT(I37:I40,'Parameters, general'!$B$23:$B$26) -> 0.47118003 | J41: =SUMPRODUCT(J37:J40,'Parameters, general'!$B$23:$B$26) -> 1.6107292 | K41: =SUMPRODUCT(K37:K40,'Parameters, general'!$B$23:$B$26) -> 0.16107292 | L41: =SUMPRODUCT(L37:L40,'Parameters, general'!$B$23:$B$26) -> 0.28226687 | M41: =SUMPRODUCT(M37:M40,'Parameters, general'!$B$23:$B$26) -> 0 | N41: =SUMPRODUCT(N37:N40,'Parameters, general'!$B$23:$B$26) -> 0.046414308 | O41: =SUMPRODUCT(O37:O40,'Parameters, general'!$B$23:$B$26) -> 0.052565646 | ... T41: =SUMPRODUCT(T37:T40,'Parameters, general'!$B$23:$B$26) -> 6.0797068 | W41: =SUMPRODUCT(W37:W40,'Parameters, general'!$B$23:$B$26) -> 0.7108133 | X41: =SUMPRODUCT(X37:X40,'Parameters, general'!$B$23:$B$26) -> 0.0032617425 | Z41: =SUM(H41:R41) -> 5.2802265 | AA41: ='CO2 per kg feed'!F116+'CH4 per kg feed'!F116*CF_GWP_CH4_fossil+'N2O per kg feed'!F116*CF_GWP_N2O -> 0.25136897
A42: A01QV | B42: Bovine muscle | C42: Meat and meat products | D42: Netherland | E42: NL | F42: CO2 | G42: =SUM(H42:X42) -> 4.6720093 | H42: =(Production!$I$5*'Parameters, country spec'!$I$51*'CO2 per kg feed'!G132+(Production!$I$6+Production!$I$7)*'Parameters, country spec'!$I$52*'CO2 per kg feed'!G132)/Production!I23 -> 1.4621807 | I42: =(Production!$I$5*'Parameters, country spec'!$I$51*'CO2 per kg feed'!H132+(Production!$I$6+Production!$I$7)*'Parameters, country spec'!$I$52*'CO2 per kg feed'!H133)/Production!I23 -> 0.46336271 | L42: =(Production!$I$5*'Parameters, country spec'!$I$51*'CO2 per kg feed'!K132+(Production!$I$6+Production!$I$7)*'Parameters, country spec'!$I$52*'CO2 per kg feed'!K133)/Production!I23 -> 0.39524306 | N42: =(Production!$I$5*'Parameters, country spec'!$I$51*'CO2 per kg feed'!M132+(Production!$I$6+Production!$I$7)*'Parameters, country spec'!$I$52*'CO2 per kg feed'!M133)/Production!I23 -> 0.015690797 | O42: =(Production!$I$5*'Parameters, country spec'!$I$51*'CO2 per kg feed'!N132+(Production!$I$6+Production!$I$7)*'Parameters, country spec'!$I$52*'CO2 per kg feed'!N133)/Production!I23 -> 0.095699114 | P42: =(Production!$I$5*'Parameters, country spec'!$I$51*'CO2 per kg feed'!O132+(Production!$I$6+Production!$I$7)*'Parameters, country spec'!$I$52*'CO2 per kg feed'!O133)/Production!I23 -> 0.37608481 | Q42: =(Production!$I$5*'Parameters, country spec'!$I$51*'CO2 per kg feed'!P132+(Production!$I$6+Production!$I$7)*'Parameters, country spec'!$I$52*'CO2 per kg feed'!P133)/Production!I23 -> 0.78322908 | R42: =(Production!$I$5*'Parameters, country spec'!$I$51*'CO2 per kg feed'!Q132+(Production!$I$6+Production!$I$7)*'Parameters, country spec'!$I$52*'CO2 per kg feed'!Q133)/Production!I23 -> 0.32178516 | W42: =Production!I8*('Parameters, country spec'!I58*EF_el_CO2_NL+'Parameters, country spec'!I59*EF_diesel_CO2)/Production!I23 -> 0.7551801 | X42: =Production!$I$12*(Energy_slaughter_el_NL*EF_el_CO2_NL+Energy_slaughter_oil_NL*EF_oil_CO2)/Production!I23 -> 0.0035537829
A43: A01QV | B43: Bovine muscle | C43: Meat and meat products | D43: Netherland | E43: NL | F43: CH4, fossil | G43: =SUM(H43:X43) -> 0.011187242 | H43: =(Production!$I$5*'Parameters, country spec'!$I$51*'CH4 per kg feed'!G132+(Production!$I$6+Production!$I$7)*'Parameters, country spec'!$I$52*'CH4 per kg feed'!G133)/Production!I23 -> 0.0027022285 | I43: =(Production!$I$5*'Parameters, country spec'!$I$51*'CH4 per kg feed'!H132+(Production!$I$6+Production!$I$7)*'Parameters, country spec'!$I$52*'CH4 per kg feed'!H133)/Production!I23 -> 0.0016333643 | L43: =(Production!$I$5*'Parameters, country spec'!$I$51*'CH4 per kg feed'!K132+(Production!$I$6+Production!$I$7)*'Parameters, country spec'!$I$52*'CH4 per kg feed'!K133)/Production!I23 -> 0.00017988441 | N43: =(Production!$I$5*'Parameters, country spec'!$I$51*'CH4 per kg feed'!M132+(Production!$I$6+Production!$I$7)*'Parameters, country spec'!$I$52*'CH4 per kg feed'!M133)/Production!I23 -> 5.2311038e-05 | O43: =(Production!$I$5*'Parameters, country spec'!$I$51*'CH4 per kg feed'!N132+(Production!$I$6+Production!$I$7)*'Parameters, country spec'!$I$52*'CH4 per kg feed'!N133)/Production!I23 -> 6.6810201e-05 | P43: =(Production!$I$5*'Parameters, country spec'!$I$51*'CH4 per kg feed'!O132+(Production!$I$6+Production!$I$7)*'Parameters, country spec'!$I$52*'CH4 per kg feed'!O133)/Production!I23 -> 0 | Q43: =(Production!$I$5*'Parameters, country spec'!$I$51*'CH4 per kg feed'!P132+(Production!$I$6+Production!$I$7)*'Parameters, country spec'!$I$52*'CH4 per kg feed'!P133)/Production!I23 -> 0.0053279799 | R43: =(Production!$I$5*'Parameters, country spec'!$I$51*'CH4 per kg feed'!Q132+(Production!$I$6+Production!$I$7)*'Parameters, country spec'!$I$52*'CH4 per kg feed'!Q133)/Production!I23 -> 0.00027950496 | W43: =Production!I8*('Parameters, country spec'!I58*EF_el_CH4_NL+'Parameters, country spec'!I59*EF_diesel_CH4)/Production!I23 -> 0.00093996039 | X43: =Production!$I$12*(Energy_slaughter_el_NL*EF_el_CH4_NL+Energy_slaughter_oil_NL*EF_oil_CH4)/Production!I23 -> 5.1979036e-06
A44: A01QV | B44: Bovine muscle | C44: Meat and meat products | D44: Netherland | E44: NL | F44: CH4, biogenic | G44: =SUM(H44:T44) -> 0.49486106 | S44: =(Production!$I$5*EF_ent_ferm_NL+(Production!$I$6+Production!$I$7)*EF_ent_ferm_NL)/Production!I23 -> 0.49486106 | T44: =SUM(U44:V44) -> 0 | U44: =Manure!$Q$34/Production!I23 -> 0
A45: A01QV | B45: Bovine muscle | C45: Meat and meat products | D45: Netherland | E45: NL | F45: N2O | G45: =SUM(H45:T45)+W45+X45 -> 0.020918623 | H45: =(Production!$I$5*'Parameters, country spec'!$I$51*'N2O per kg feed'!G132+(Production!$I$6+Production!$I$7)*'Parameters, country spec'!$I$52*'N2O per kg feed'!G133)/Production!I23 -> 0.0032161411 | I45: =(Production!$I$5*'Parameters, country spec'!$I$51*'N2O per kg feed'!H132+(Production!$I$6+Production!$I$7)*'Parameters, country spec'!$I$52*'N2O per kg feed'!H133)/Production!I23 -> 1.8817459e-05 | J45: =(Production!$I$5*'Parameters, country spec'!$I$51*'N2O per kg feed'!I132+(Production!$I$6+Production!$I$7)*'Parameters, country spec'!$I$52*'N2O per kg feed'!I133+Manure!Q157)/Production!I23 -> 0.01270403 | K45: =J45*EF_indirect_N2O_NL -> 0.001270403 | L45: =(Production!$I$5*'Parameters, country spec'!$I$51*'N2O per kg feed'!K132+(Production!$I$6+Production!$I$7)*'Parameters, country spec'!$I$52*'N2O per kg feed'!K133)/Production!I23 -> 1.0799409e-05 | N45: =(Production!$I$5*'Parameters, country spec'!$I$51*'N2O per kg feed'!M132+(Production!$I$6+Production!$I$7)*'Parameters, country spec'!$I$52*'N2O per kg feed'!M133)/Production!I23 -> 6.4375421e-07 | O45: =(Production!$I$5*'Parameters, country spec'!$I$51*'N2O per kg feed'!N132+(Production!$I$6+Production!$I$7)*'Parameters, country spec'!$I$52*'N2O per kg feed'!N133)/Production!I23 -> 3.4447018e-06 | P45: =(Production!$I$5*'Parameters, country spec'!$I$51*'N2O per kg feed'!O132+(Production!$I$6+Production!$I$7)*'Parameters, country spec'!$I$52*'N2O per kg feed'!O133)/Production!I23 -> 0 | Q45: =(Production!$I$5*'Parameters, country spec'!$I$51*'N2O per kg feed'!P132+(Production!$I$6+Production!$I$7)*'Parameters, country spec'!$I$52*'N2O per kg feed'!P133)/Production!I23 -> 0.00045323101 | R45: =(Production!$I$5*'Parameters, country spec'!$I$51*'N2O per kg feed'!Q132+(Production!$I$6+Production!$I$7)*'Parameters, country spec'!$I$52*'N2O per kg feed'!Q133)/Production!I23 -> 1.1774312e-05 | T45: =SUM(U45:V45) -> 0.0032036783 | U45: =Manure!$Q$92*44/28/Production!I23 -> 0.0019981906 | V45: =Manure!$Q$160*17/14*Manure!$P$122/Production!I23 -> 0.0012054878 | W45: =Production!I8*('Parameters, country spec'!I58*EF_el_N2O_NL+'Parameters, country spec'!I59*EF_diesel_N2O)/Production!I23 -> 2.5522167e-05 | X45: =Production!$I$12*(Energy_slaughter_el_NL*EF_el_N2O_NL+Energy_slaughter_oil_NL*EF_oil_N2O)/Production!I23 -> 1.3723195e-07
A46: A01QV | B46: Bovine muscle | C46: Meat and meat products | D46: Netherland | E46: NL | F46: CO2e | G46: =SUM(H46:X46) -> 24.077422 | H46: =SUMPRODUCT(H42:H45,'Parameters, general'!$B$23:$B$26) -> 2.4207136 | I46: =SUMPRODUCT(I42:I45,'Parameters, general'!$B$23:$B$26) -> 0.51717413 | J46: =SUMPRODUCT(J42:J45,'Parameters, general'!$B$23:$B$26) -> 3.4682003 | K46: =SUMPRODUCT(K42:K45,'Parameters, general'!$B$23:$B$26) -> 0.34682003 | L46: =SUMPRODUCT(L42:L45,'Parameters, general'!$B$23:$B$26) -> 0.40355185 | M46: =SUMPRODUCT(M42:M45,'Parameters, general'!$B$23:$B$26) -> 0 | N46: =SUMPRODUCT(N42:N45,'Parameters, general'!$B$23:$B$26) -> 0.017425411 | O46: =SUMPRODUCT(O42:O45,'Parameters, general'!$B$23:$B$26) -> 0.098630461 | ... T46: =SUMPRODUCT(T42:T45,'Parameters, general'!$B$23:$B$26) -> 0.87460418 | W46: =SUMPRODUCT(W42:W45,'Parameters, general'!$B$23:$B$26) -> 0.79015847 | X46: =SUMPRODUCT(X42:X45,'Parameters, general'!$B$23:$B$26) -> 0.0037461448 | Z46: =SUM(H46:R46) -> 9.0476644 | AA46: ='CO2 per kg feed'!F132+'CH4 per kg feed'!F132*CF_GWP_CH4_fossil+'N2O per kg feed'!F132*CF_GWP_N2O -> 0.4588994
A47: A01QV | B47: Bovine muscle | C47: Meat and meat products | D47: Poland | E47: PL | F47: CO2 | G47: =SUM(H47:X47) -> 5.3466365 | H47: =(Production!$J$5*'Parameters, country spec'!$J$51*'CO2 per kg feed'!G148+(Production!$J$6+Production!$J$7)*'Parameters, country spec'!$J$52*'CO2 per kg feed'!G61)/Production!J23 -> 1.6497431 | I47: =(Production!$J$5*'Parameters, country spec'!$J$51*'CO2 per kg feed'!H148+(Production!$J$6+Production!$J$7)*'Parameters, country spec'!$J$52*'CO2 per kg feed'!H61)/Production!J23 -> 0.4894842 | L47: =(Production!$J$5*'Parameters, country spec'!$J$51*'CO2 per kg feed'!K148+(Production!$J$6+Production!$J$7)*'Parameters, country spec'!$J$52*'CO2 per kg feed'!K61)/Production!J23 -> 1.1965169 | N47: =(Production!$J$5*'Parameters, country spec'!$J$51*'CO2 per kg feed'!M148+(Production!$J$6+Production!$J$7)*'Parameters, country spec'!$J$52*'CO2 per kg feed'!M61)/Production!J23 -> 0.036258089 | O47: =(Production!$J$5*'Parameters, country spec'!$J$51*'CO2 per kg feed'!N148+(Production!$J$6+Production!$J$7)*'Parameters, country spec'!$J$52*'CO2 per kg feed'!N61)/Production!J23 -> 0.83393605 | P47: =(Production!$J$5*'Parameters, country spec'!$J$51*'CO2 per kg feed'!O148+(Production!$J$6+Production!$J$7)*'Parameters, country spec'!$J$52*'CO2 per kg feed'!O61)/Production!J23 -> 0 | Q47: =(Production!$J$5*'Parameters, country spec'!$J$51*'CO2 per kg feed'!P148+(Production!$J$6+Production!$J$7)*'Parameters, country spec'!$J$52*'CO2 per kg feed'!P61)/Production!J23 -> 0 | R47: =(Production!$J$5*'Parameters, country spec'!$J$51*'CO2 per kg feed'!Q148+(Production!$J$6+Production!$J$7)*'Parameters, country spec'!$J$52*'CO2 per kg feed'!Q61)/Production!J23 -> 0 | W47: =Production!J8*('Parameters, country spec'!J58*EF_el_CO2_PL+'Parameters, country spec'!J59*EF_diesel_CO2)/Production!J23 -> 1.1348267 | X47: =Production!$J$12*(Energy_slaughter_el_PL*EF_el_CO2_PL+Energy_slaughter_oil_PL*EF_oil_CO2)/Production!J23 -> 0.0058715254
A48: A01QV | B48: Bovine muscle | C48: Meat and meat products | D48: Poland | E48: PL | F48: CH4, fossil | G48: =SUM(H48:X48) -> 0.007893137 | H48: =(Production!$J$5*'Parameters, country spec'!$J$51*'CH4 per kg feed'!G148+(Production!$J$6+Production!$J$7)*'Parameters, country spec'!$J$52*'CH4 per kg feed'!G61)/Production!J23 -> 0.0030819376 | I48: =(Production!$J$5*'Parameters, country spec'!$J$51*'CH4 per kg feed'!H148+(Production!$J$6+Production!$J$7)*'Parameters, country spec'!$J$52*'CH4 per kg feed'!H61)/Production!J23 -> 0.0018129045 | L48: =(Production!$J$5*'Parameters, country spec'!$J$51*'CH4 per kg feed'!K148+(Production!$J$6+Production!$J$7)*'Parameters, country spec'!$J$52*'CH4 per kg feed'!K61)/Production!J23 -> 0.000531181 | N48: =(Production!$J$5*'Parameters, country spec'!$J$51*'CH4 per kg feed'!M148+(Production!$J$6+Production!$J$7)*'Parameters, country spec'!$J$52*'CH4 per kg feed'!M61)/Production!J23 -> 0.00011820137 | O48: =(Production!$J$5*'Parameters, country spec'!$J$51*'CH4 per kg feed'!N148+(Production!$J$6+Production!$J$7)*'Parameters, country spec'!$J$52*'CH4 per kg feed'!N61)/Production!J23 -> 0.00068890369 | P48: =(Production!$J$5*'Parameters, country spec'!$J$51*'CH4 per kg feed'!O148+(Production!$J$6+Production!$J$7)*'Parameters, country spec'!$J$52*'CH4 per kg feed'!O61)/Production!J23 -> 0 | Q48: =(Production!$J$5*'Parameters, country spec'!$J$51*'CH4 per kg feed'!P148+(Production!$J$6+Production!$J$7)*'Parameters, country spec'!$J$52*'CH4 per kg feed'!P61)/Production!J23 -> 0 | R48: =(Production!$J$5*'Parameters, country spec'!$J$51*'CH4 per kg feed'!Q148+(Production!$J$6+Production!$J$7)*'Parameters, country spec'!$J$52*'CH4 per kg feed'!Q61)/Production!J23 -> 0 | W48: =Production!J8*('Parameters, country spec'!J58*EF_el_CH4_PL+'Parameters, country spec'!J59*EF_diesel_CH4)/Production!J23 -> 0.0016504733 | X48: =Production!$J$12*(Energy_slaughter_el_PL*EF_el_CH4_PL+Energy_slaughter_oil_PL*EF_oil_CH4)/Production!J23 -> 9.5355849e-06
A49: A01QV | B49: Bovine muscle | C49: Meat and meat products | D49: Poland | E49: PL | F49: CH4, biogenic | G49: =SUM(H49:T49) -> 0.51355381 | S49: =(Production!$J$5*EF_ent_ferm_PL+(Production!$J$6+Production!$J$7)*EF_ent_ferm_PL)/Production!J23 -> 0.49486106 | T49: =SUM(U49:V49) -> 0.018692754 | U49: =Manure!$S$34/Production!J23 -> 0.018692754
A50: A01QV | B50: Bovine muscle | C50: Meat and meat products | D50: Poland | E50: PL | F50: N2O | G50: =SUM(H50:T50)+W50+X50 -> 0.021211503 | H50: =(Production!$J$5*'Parameters, country spec'!$J$51*'N2O per kg feed'!G148+(Production!$J$6+Production!$J$7)*'Parameters, country spec'!$J$52*'N2O per kg feed'!G61)/Production!J23 -> 0.0036258089 | I50: =(Production!$J$5*'Parameters, country spec'!$J$51*'N2O per kg feed'!H148+(Production!$J$6+Production!$J$7)*'Parameters, country spec'!$J$52*'N2O per kg feed'!H61)/Production!J23 -> 1.8129045e-05 | J50: =(Production!$J$5*'Parameters, country spec'!$J$51*'N2O per kg feed'!I148+(Production!$J$6+Production!$J$7)*'Parameters, country spec'!$J$52*'N2O per kg feed'!I61+Manure!S157)/Production!J23 -> 0.0072341877 | K50: =J50*EF_indirect_N2O_DK -> 0.00072341877 | L50: =(Production!$J$5*'Parameters, country spec'!$J$51*'N2O per kg feed'!K148+(Production!$J$6+Production!$J$7)*'Parameters, country spec'!$J$52*'N2O per kg feed'!K61)/Production!J23 -> 3.2269699e-05 | N50: =(Production!$J$5*'Parameters, country spec'!$J$51*'N2O per kg feed'!M148+(Production!$J$6+Production!$J$7)*'Parameters, country spec'!$J$52*'N2O per kg feed'!M61)/Production!J23 -> 1.4557623e-06 | O50: =(Production!$J$5*'Parameters, country spec'!$J$51*'N2O per kg feed'!N148+(Production!$J$6+Production!$J$7)*'Parameters, country spec'!$J$52*'N2O per kg feed'!N61)/Production!J23 -> 2.9187762e-05 | P50: =(Production!$J$5*'Parameters, country spec'!$J$51*'N2O per kg feed'!O148+(Production!$J$6+Production!$J$7)*'Parameters, country spec'!$J$52*'N2O per kg feed'!O61)/Production!J23 -> 0 | Q50: =(Production!$J$5*'Parameters, country spec'!$J$51*'N2O per kg feed'!P148+(Production!$J$6+Production!$J$7)*'Parameters, country spec'!$J$52*'N2O per kg feed'!P61)/Production!J23 -> 0 | R50: =(Production!$J$5*'Parameters, country spec'!$J$51*'N2O per kg feed'!Q148+(Production!$J$6+Production!$J$7)*'Parameters, country spec'!$J$52*'N2O per kg feed'!Q61)/Production!J23 -> 0 | T50: =SUM(U50:V50) -> 0.0095232549 | U50: =Manure!$S$92*44/28/Production!J23 -> 0.0071697826 | V50: =Manure!$S$160*17/14*Manure!$R$122/Production!J23 -> 0.0023534724 | W50: =Production!J8*('Parameters, country spec'!J58*EF_el_N2O_PL+'Parameters, country spec'!J59*EF_diesel_N2O)/Production!J23 -> 2.3664901e-05 | X50: =Production!$J$12*(Energy_slaughter_el_PL*EF_el_N2O_PL+Energy_slaughter_oil_PL*EF_oil_N2O)/Production!J23 -> 1.2589334e-07
A51: A01QV | B51: Bovine muscle | C51: Meat and meat products | D51: Poland | E51: PL | F51: CO2e | G51: =SUM(H51:X51) -> 25.238545 | H51: =SUMPRODUCT(H47:H50,'Parameters, general'!$B$23:$B$26) -> 2.7314306 | I51: =SUMPRODUCT(I47:I50,'Parameters, general'!$B$23:$B$26) -> 0.54845798 | J51: =SUMPRODUCT(J47:J50,'Parameters, general'!$B$23:$B$26) -> 1.9749332 | K51: =SUMPRODUCT(K47:K50,'Parameters, general'!$B$23:$B$26) -> 0.19749332 | L51: =SUMPRODUCT(L47:L50,'Parameters, general'!$B$23:$B$26) -> 1.2211558 | M51: =SUMPRODUCT(M47:M50,'Parameters, general'!$B$23:$B$26) -> 0 | N51: =SUMPRODUCT(N47:N50,'Parameters, general'!$B$23:$B$26) -> 0.040177913 | O51: =SUMPRODUCT(O47:O50,'Parameters, general'!$B$23:$B$26) -> 0.86243364 | ... T51: =SUMPRODUCT(T47:T50,'Parameters, general'!$B$23:$B$26) -> 3.104553 | W51: =SUMPRODUCT(W47:W50,'Parameters, general'!$B$23:$B$26) -> 1.1904713 | X51: =SUMPRODUCT(X47:X50,'Parameters, general'!$B$23:$B$26) -> 0.0061900547 | Z51: =SUM(H51:R51) -> 7.5760825 | AA51: ='CO2 per kg feed'!F148+'CH4 per kg feed'!F148*CF_GWP_CH4_fossil+'N2O per kg feed'!F148*CF_GWP_N2O -> 0.33599905
