Workbook
Name Ability_to_perceive_handling: 'Parameters, general'!#REF!
Name AF_beef: 'Parameters, general'!#REF!
Name AF_calves: 'Parameters, general'!#REF!
Name AF_milk: 'Parameters, general'!#REF!
Name Boars_per_sow: 'Parameters, country spec'!#REF!
Name CF_GWP_CH4_biog: 'Parameters, general'!$B$25
Name CF_GWP_CH4_biogenic: 'Parameters, general'!$B$25
Name CF_GWP_CH4_fossil: 'Parameters, general'!$B$24
Name CF_GWP_N2O: 'Parameters, general'!$B$26
Name Crop_data: 'Forage crops, CF'!$A$6:$Z$60
Name Crop_data: 'Forage, input data per ha'!#REF!
Name Crop_data: 'Forage crops, footprints'!$A$6:$Z$19
Name Crop_data_codes: 'Forage crops, CF'!$A$56:$A$120
Name Crop_data_codes: 'Forage, input data per ha'!#REF!
Name Crop_data_codes: 'Forage crops, footprints'!$A$20:$A$33
Name EF_biofuel_CH4: 'Parameters, general'!$C$6
Name EF_biofuel_N2O: 'Parameters, general'!$D$6
Name EF_biofuels_CO2: 'Parameters, general'!$B$6
Name EF_capital_goods_CH4: 'Parameters, general'!$C$10
Name EF_capital_goods_CO2: 'Parameters, general'!$B$10
Name EF_capital_goods_N2O: 'Parameters, general'!$D$10
Name EF_diesel_CH4: 'Parameters, general'!$C$7
Name EF_diesel_CO2: 'Parameters, general'!$B$7
Name EF_diesel_N2O: 'Parameters, general'!$D$7
Name EF_el_CH4_DE: 'Parameters, country spec'!$C$70
Name EF_el_CH4_DK: 'Parameters, country spec'!#REF!
Name EF_el_CH4_ES: 'Parameters, country spec'!$I$70
Name EF_el_CH4_FR: 'Parameters, country spec'!$B$70
Name EF_el_CH4_GB: 'Parameters, country spec'!#REF!
Name EF_el_CH4_GR: 'Parameters, country spec'!$D$70
Name EF_el_CH4_HU: 'Parameters, country spec'!$E$70
Name EF_el_CH4_IE: 'Parameters, country spec'!#REF!
Name EF_el_CH4_IT: 'Parameters, country spec'!$F$70
Name EF_el_CH4_NL: 'Parameters, country spec'!$G$70
Name EF_el_CH4_PL: 'Parameters, country spec'!$H$70
Name EF_el_CH4_SE: 'Parameters, country spec'!$J$70
Name EF_el_CO2_DE: 'Parameters, country spec'!$C$69
Name EF_el_CO2_DK: 'Parameters, country spec'!#REF!
Name EF_el_CO2_ES: 'Parameters, country spec'!$I$69
Name EF_el_CO2_FR: 'Parameters, country spec'!$B$69
Name EF_el_CO2_GB: 'Parameters, country spec'!#REF!
Name EF_el_CO2_GR: 'Parameters, country spec'!$D$69
Name EF_el_CO2_HU: 'Parameters, country spec'!$E$69
Name EF_el_CO2_IE: 'Parameters, country spec'!#REF!
Name EF_el_CO2_IT: 'Parameters, country spec'!$F$69
Name EF_el_CO2_NL: 'Parameters, country spec'!$G$69
Name EF_el_CO2_PL: 'Parameters, country spec'!$H$69
Name EF_el_CO2_SE: 'Parameters, country spec'!$J$69
Name EF_el_N2O_DE: 'Parameters, country spec'!$C$71
Name EF_el_N2O_DK: 'Parameters, country spec'!#REF!
Name EF_el_N2O_ES: 'Parameters, country spec'!$I$71
Name EF_el_N2O_FR: 'Parameters, country spec'!$B$71
Name EF_el_N2O_GB: 'Parameters, country spec'!#REF!
Name EF_el_N2O_GR: 'Parameters, country spec'!$D$71
Name EF_el_N2O_HU: 'Parameters, country spec'!$E$71
Name EF_el_N2O_IE: 'Parameters, country spec'!#REF!
Name EF_el_N2O_IT: 'Parameters, country spec'!$F$71
Name EF_el_N2O_NL: 'Parameters, country spec'!$G$71
Name EF_el_N2O_PL: 'Parameters, country spec'!$H$71
Name EF_el_N2O_SE: 'Parameters, country spec'!$J$71

Sheet README
A2: Read me
A4: This is a file that contains the calculations of the footprints for rabbit meat
A17: Color codes:
B19: Results
B20: Sheets for input
B21: Intermediate calculations

Sheet Figures
A2: Figures
A4: Greenhouse gas emission for bonefree meat across countries, to farmgate, no waste
B6: Production of mineral fertilizer | C6: Production of capital goods | D6: Emissions from soil | E6: Energy use cropping | F6: Energy use for feed processing | G6: Land use change emissions | H6: Feed transports | I6: Enteric fermentation | J6: Manure management | K6: Energy use in stables | L6: Energy use for slaughter | M6: Tot
A7: Netherlands | B7: ='GHG detailed, results per kg'!H36 -> 1.3786109 | C7: ='GHG detailed, results per kg'!I36 -> 0.2800545 | D7: ='GHG detailed, results per kg'!J36+'GHG detailed, results per kg'!K36 -> 3.7802391 | E7: ='GHG detailed, results per kg'!L36+'GHG detailed, results per kg'!N36 -> 0.28901413 | F7: ='GHG detailed, results per kg'!O36+'GHG detailed, results per kg'!Q36 -> 1.417578 | G7: ='GHG detailed, results per kg'!P36 -> 0.2695554 | H7: ='GHG detailed, results per kg'!R36 -> 0.25166401 | I7: ='GHG detailed, results per kg'!S36 -> 0.0088703821 | J7: ='GHG detailed, results per kg'!T36 -> 2.0048728 | K7: ='GHG detailed, results per kg'!W36 -> 0.36526823 | L7: ='GHG detailed, results per kg'!X36 -> 0.21851551 | M7: =SUM(B7:L7) -> 10.264243
A8: Greece | B8: ='GHG detailed, results per kg'!H21 -> 1.013219 | C8: ='GHG detailed, results per kg'!I21 -> 0.2800545 | D8: ='GHG detailed, results per kg'!J21+'GHG detailed, results per kg'!K21 -> 2.811564 | E8: ='GHG detailed, results per kg'!L21+'GHG detailed, results per kg'!N21 -> 0.53655303 | F8: ='GHG detailed, results per kg'!O21+'GHG detailed, results per kg'!Q21 -> 1.7526364 | G8: ='GHG detailed, results per kg'!P21 -> 0.2695554 | H8: ='GHG detailed, results per kg'!R21 -> 0.28775674 | I8: ='GHG detailed, results per kg'!S21 -> 0.0088703821 | J8: ='GHG detailed, results per kg'!T21 -> 1.2827539 | K8: ='GHG detailed, results per kg'!W21 -> 0.49740052 | L8: ='GHG detailed, results per kg'!X21 -> 0.27945549 | M8: =SUM(B8:L8) -> 9.0198193
A9: Poland | B9: ='GHG detailed, results per kg'!H41 -> 1.4259348 | C9: ='GHG detailed, results per kg'!I41 -> 0.29216091 | D9: ='GHG detailed, results per kg'!J41+'GHG detailed, results per kg'!K41 -> 2.7909977 | E9: ='GHG detailed, results per kg'!L41+'GHG detailed, results per kg'!N41 -> 0.64444664 | F9: ='GHG detailed, results per kg'!O41+'GHG detailed, results per kg'!Q41 -> 0.60734224 | G9: ='GHG detailed, results per kg'!P41 -> 0.036971466 | H9: ='GHG detailed, results per kg'!R41 -> 0.032589551 | I9: ='GHG detailed, results per kg'!S41 -> 0.0087708149 | J9: ='GHG detailed, results per kg'!T41 -> 1.9124623 | K9: ='GHG detailed, results per kg'!W41 -> 0.71301047 | L9: ='GHG detailed, results per kg'!X41 -> 0.4204269 | M9: =SUM(B9:L9) -> 8.8851138
A10: Italy | B10: ='GHG detailed, results per kg'!H31 -> 1.0309718 | C10: ='GHG detailed, results per kg'!I31 -> 0.28110267 | D10: ='GHG detailed, results per kg'!J31+'GHG detailed, results per kg'!K31 -> 2.8051144 | E10: ='GHG detailed, results per kg'!L31+'GHG detailed, results per kg'!N31 -> 0.38730264 | F10: ='GHG detailed, results per kg'!O31+'GHG detailed, results per kg'!Q31 -> 1.300791 | G10: ='GHG detailed, results per kg'!P31 -> 0.2695154 | H10: ='GHG detailed, results per kg'!R31 -> 0.28790061 | I10: ='GHG detailed, results per kg'!S31 -> 0.0088592076 | J10: ='GHG detailed, results per kg'!T31 -> 2.0023472 | K10: ='GHG detailed, results per kg'!W31 -> 0.31381141 | L10: ='GHG detailed, results per kg'!X31 -> 0.17849507 | M10: =SUM(B10:L10) -> 8.8662114
A11: Hungary | B11: ='GHG detailed, results per kg'!H26 -> 0.98678155 | C11: ='GHG detailed, results per kg'!I26 -> 0.2800545 | D11: ='GHG detailed, results per kg'!J26+'GHG detailed, results per kg'!K26 -> 2.7167329 | E11: ='GHG detailed, results per kg'!L26+'GHG detailed, results per kg'!N26 -> 0.36990656 | F11: ='GHG detailed, results per kg'!O26+'GHG detailed, results per kg'!Q26 -> 1.3768317 | G11: ='GHG detailed, results per kg'!P26 -> 0.2695554 | H11: ='GHG detailed, results per kg'!R26 -> 0.2385663 | I11: ='GHG detailed, results per kg'!S26 -> 0.0088703821 | J11: ='GHG detailed, results per kg'!T26 -> 2.0048728 | K11: ='GHG detailed, results per kg'!W26 -> 0.3449373 | L11: ='GHG detailed, results per kg'!X26 -> 0.19561201 | M11: =SUM(B11:L11) -> 8.7927215
A12: Germany | B12: ='GHG detailed, results per kg'!H16 -> 1.0568745 | C12: ='GHG detailed, results per kg'!I16 -> 0.28002654 | D12: ='GHG detailed, results per kg'!J16+'GHG detailed, results per kg'!K16 -> 2.8012606 | E12: ='GHG detailed, results per kg'!L16+'GHG detailed, results per kg'!N16 -> 0.2793115 | F12: ='GHG detailed, results per kg'!O16+'GHG detailed, results per kg'!Q16 -> 1.4126299 | G12: ='GHG detailed, results per kg'!P16 -> 0.2695154 | H12: ='GHG detailed, results per kg'!R16 -> 0.25162806 | I12: ='GHG detailed, results per kg'!S16 -> 0.0088592076 | J12: ='GHG detailed, results per kg'!T16 -> 1.3291598 | K12: ='GHG detailed, results per kg'!W16 -> 0.36047925 | L12: ='GHG detailed, results per kg'!X16 -> 0.20415893 | M12: =SUM(B12:L12) -> 8.2539037
A13: Spain | B13: ='GHG detailed, results per kg'!H46 -> 0.38065762 | C13: ='GHG detailed, results per kg'!I46 -> 0.28387813 | D13: ='GHG detailed, results per kg'!J46+'GHG detailed, results per kg'!K46 -> 3.1672048 | E13: ='GHG detailed, results per kg'!L46+'GHG detailed, results per kg'!N46 -> 0.46081835 | F13: ='GHG detailed, results per kg'!O46+'GHG detailed, results per kg'!Q46 -> 1.0668966 | G13: ='GHG detailed, results per kg'!P46 -> 0.27502473 | H13: ='GHG detailed, results per kg'!R46 -> 0.39276949 | I13: ='GHG detailed, results per kg'!S46 -> 0.01039839 | J13: ='GHG detailed, results per kg'!T46 -> 2.4846062 | K13: ='GHG detailed, results per kg'!W46 -> 0.19742934 | L13: ='GHG detailed, results per kg'!X46 -> 0.12437267 | M13: =SUM(B13:L13) -> 8.8440563
A14: Sweden | B14: ='GHG detailed, results per kg'!H51 -> 1.1417187 | C14: ='GHG detailed, results per kg'!I51 -> 0.37488252 | D14: ='GHG detailed, results per kg'!J51+'GHG detailed, results per kg'!K51 -> 1.8938197 | E14: ='GHG detailed, results per kg'!L51+'GHG detailed, results per kg'!N51 -> 0.40498319 | F14: ='GHG detailed, results per kg'!O51+'GHG detailed, results per kg'!Q51 -> 0.92505124 | G14: ='GHG detailed, results per kg'!P51 -> 0.32262099 | H14: ='GHG detailed, results per kg'!R51 -> 0.31609243 | I14: ='GHG detailed, results per kg'!S51 -> 0.0056941381 | J14: ='GHG detailed, results per kg'!T51 -> 2.4443686 | K14: ='GHG detailed, results per kg'!W51 -> 0.03153598 | L14: ='GHG detailed, results per kg'!X51 -> 0.043366088 | M14: =SUM(B14:L14) -> 7.9041335
A15: France | B15: ='GHG detailed, results per kg'!H11 -> 1.0635128 | C15: ='GHG detailed, results per kg'!I11 -> 0.28387813 | D15: ='GHG detailed, results per kg'!J11+'GHG detailed, results per kg'!K11 -> 2.9575837 | E15: ='GHG detailed, results per kg'!L11+'GHG detailed, results per kg'!N11 -> 0.28102947 | F15: ='GHG detailed, results per kg'!O11+'GHG detailed, results per kg'!Q11 -> 0.71005917 | G15: ='GHG detailed, results per kg'!P11 -> 0.27502473 | H15: ='GHG detailed, results per kg'!R11 -> 0.24589056 | I15: ='GHG detailed, results per kg'!S11 -> 0.01039839 | J15: ='GHG detailed, results per kg'!T11 -> 1.0740251 | K15: ='GHG detailed, results per kg'!W11 -> 0.07083852 | L15: ='GHG detailed, results per kg'!X11 -> 0.044877985 | M15: =SUM(B15:L15) -> 7.0171185
A18: Cesari et al

Sheet Footprints, results per kg
A2: Footprints (per kg of meat) | T2: **Values inserted directly here, no formula in this excel sheet
A5: Animal products | F5: Climate | L5: Land | M5: Nitrogen | N5: Phosphorus | O5: Water | P5: Pesticides | Q5: Biodiversity | R5: Ammonia | S5: Labour | T5: Animal welfare** | U5: Use of antibiotics**
A6: Code | B6: Name | C6: Category | D6: Country | E6: Country code | F6: Carbon footprint, kg CO2e/kg | G6: Carbon dioxide, kg CO2/kg | H6: Methane, fossil, kg CH4/kg | I6: Methane, biogenic, kg CH4/kg | J6: Nitrous oxide, kg N2O/kg | K6: HFCs, kg HFCs/kg | L6: Cropland use, m2/kg | M6: New N input, kg N/kg | N6: New P input, kg P/kg | O6: Blue freshwater use, m3/kg | P6: Pesticide use, g a.i./kg | Q6: Extinction rate, E/MSY/kg | R6: Ammonia emission, kg NH3/kg | S6: Labour requirements, h/kg | T6: Animal welfare index per kg of bonefree meat | U6: Antibiotics use indicator/kg
A7: 21114 | B7: Rabbit meat | C7: Red meat | D7: France | E7: FR | F7: ='GHG detailed, results per kg'!G11 -> 7.0171185 | G7: ='GHG detailed, results per kg'!G7 -> 2.3456337 | H7: ='GHG detailed, results per kg'!G8 -> 0.0055894578 | I7: ='GHG detailed, results per kg'!G9 -> 0.016603948 | J7: ='GHG detailed, results per kg'!G10 -> 0.014859386 | L7: =(Production!$B$5*'Parameters, country spec'!$B$52*'EFP per kg feed'!F20+(Production!$B$6+Production!$B$7)*'Parameters, country spec'!$B$53*'EFP per kg feed'!F21)/Production!$B$23 -> 14.898766 | M7: =(Production!$B$5*'Parameters, country spec'!$B$52*'EFP per kg feed'!G20+(Production!$B$6+Production!$B$7)*'Parameters, country spec'!$B$53*'EFP per kg feed'!G21-Excreted_N_after_losses_FR*Manure_repl_factor_FR)/Production!B23 -> 0.22204242 | N7: =(Production!$B$5*'Parameters, country spec'!$B$52*'EFP per kg feed'!H20+(Production!$B$6+Production!$B$7)*'Parameters, country spec'!$B$53*'EFP per kg feed'!H21)/Production!B23 -> 0.02009215 | O7: =(Production!$B$5*'Parameters, country spec'!$B$52*'EFP per kg feed'!I20+(Production!$B$6+Production!$B$7)*'Parameters, country spec'!$B$53*'EFP per kg feed'!I21)/Production!B23 -> 0.029030357 | P7: =(Production!$B$5*'Parameters, country spec'!$B$52*'EFP per kg feed'!J20+(Production!$B$6+Production!$B$7)*'Parameters, country spec'!$B$53*'EFP per kg feed'!J21)/Production!B23 -> 2.0218759 | Q7: =(Production!$B$5*'Parameters, country spec'!$B$52*'EFP per kg feed'!K20+(Production!$B$6+Production!$B$7)*'Parameters, country spec'!$B$53*'EFP per kg feed'!K21)/Production!B23 -> 2.4893953e-10 | R7: =(Production!$B$5*'Parameters, country spec'!$B$52*'EFP per kg feed'!L20+(Production!$B$6+Production!$B$7)*'Parameters, country spec'!$B$53*'EFP per kg feed'!L21+Manure!C156)/Production!B23 -> 0.19626361 | T7: 121.2559 | U7: 757.9411
A8: 21114 | B8: Rabbit meat | C8: Red meat | D8: Germany | E8: DE | F8: ='GHG detailed, results per kg'!G16 -> 8.2539037 | G8: ='GHG detailed, results per kg'!G12 -> 3.4261773 | H8: ='GHG detailed, results per kg'!G13 -> 0.0073404684 | I8: ='GHG detailed, results per kg'!G14 -> 0.027964304 | J8: ='GHG detailed, results per kg'!G15 -> 0.014117012 | L8: =(Production!$C$5*'Parameters, country spec'!$C$52*'EFP per kg feed'!F36+(Production!$C$6+Production!$C$7)*'Parameters, country spec'!$C$53*'EFP per kg feed'!F37)/Production!$C$23 -> 14.49535 | M8: =(Production!$C$5*'Parameters, country spec'!$C$52*'EFP per kg feed'!G36+(Production!$C$6+Production!$C$7)*'Parameters, country spec'!$C$53*'EFP per kg feed'!G37-Excreted_N_after_losses_DE*Manure_repl_factor_DE)/Production!$C$23 -> 0.22454163 | N8: =(Production!$C$5*'Parameters, country spec'!$C$52*'EFP per kg feed'!H36+(Production!$C$6+Production!$C$7)*'Parameters, country spec'!$C$53*'EFP per kg feed'!H37)/Production!$C$23 -> 0.019789972 | O8: =(Production!$C$5*'Parameters, country spec'!$C$52*'EFP per kg feed'!I36+(Production!$C$6+Production!$C$7)*'Parameters, country spec'!$C$53*'EFP per kg feed'!I37)/Production!$C$23 -> 0.010788415 | P8: =(Production!$C$5*'Parameters, country spec'!$C$52*'EFP per kg feed'!J36+(Production!$C$6+Production!$C$7)*'Parameters, country spec'!$C$53*'EFP per kg feed'!J37)/Production!$C$23 -> 1.9767378 | Q8: =(Production!$C$5*'Parameters, country spec'!$C$52*'EFP per kg feed'!K36+(Production!$C$6+Production!$C$7)*'Parameters, country spec'!$C$53*'EFP per kg feed'!K37)/Production!$C$23 -> 2.1621626e-10 | R8: =(Production!$C$5*'Parameters, country spec'!$C$52*'EFP per kg feed'!L36+(Production!$C$6+Production!$C$7)*'Parameters, country spec'!$C$53*'EFP per kg feed'!L37+Manure!E156)/Production!$C$23 -> 0.18057984 | T8: 101.88378 | U8: 1269.8643
A9: 21114 | B9: Rabbit meat | C9: Red meat | D9: Greece | E9: GR | F9: ='GHG detailed, results per kg'!G21 -> 9.0198193 | G9: ='GHG detailed, results per kg'!G17 -> 4.2036425 | H9: ='GHG detailed, results per kg'!G18 -> 0.0085784067 | I9: ='GHG detailed, results per kg'!G19 -> 0.0012544322 | J9: ='GHG detailed, results per kg'!G20 -> 0.016581211 | L9: =(Production!$D$5*'Parameters, country spec'!$D$52*'EFP per kg feed'!F52+(Production!$D$6+Production!$D$7)*'Parameters, country spec'!$D$53*'EFP per kg feed'!F53)/Production!$D$23 -> 28.746278 | M9: =(Production!$D$5*'Parameters, country spec'!$D$52*'EFP per kg feed'!G52+(Production!$D$6+Production!$D$7)*'Parameters, country spec'!$D$53*'EFP per kg feed'!G53-Excreted_N_after_losses_GR*Manure_repl_factor_GR)/Production!$D$23 -> 0.26640592 | N9: =(Production!$D$5*'Parameters, country spec'!$D$52*'EFP per kg feed'!H52+(Production!$D$6+Production!$D$7)*'Parameters, country spec'!$D$53*'EFP per kg feed'!H53)/Production!$D$23 -> 0.024037419 | O9: =(Production!$D$5*'Parameters, country spec'!$D$52*'EFP per kg feed'!I52+(Production!$D$6+Production!$D$7)*'Parameters, country spec'!$D$53*'EFP per kg feed'!I53)/Production!$D$23 -> 0.12704871 | P9: =(Production!$D$5*'Parameters, country spec'!$D$52*'EFP per kg feed'!J52+(Production!$D$6+Production!$D$7)*'Parameters, country spec'!$D$53*'EFP per kg feed'!J53)/Production!$D$23 -> 1.1644736 | Q9: =(Production!$D$5*'Parameters, country spec'!$D$52*'EFP per kg feed'!K52+(Production!$D$6+Production!$D$7)*'Parameters, country spec'!$D$53*'EFP per kg feed'!K53)/Production!$D$23 -> 1.1193561e-09 | R9: =(Production!$D$5*'Parameters, country spec'!$D$52*'EFP per kg feed'!L52+(Production!$D$6+Production!$D$7)*'Parameters, country spec'!$D$53*'EFP per kg feed'!L53+Manure!G156)/Production!$D$23 -> 0.18036992 | T9: 102.67637 | U9: 2477.6965
A10: 21114 | B10: Rabbit meat | C10: Red meat | D10: Hungary | E10: HU | F10: ='GHG detailed, results per kg'!G26 -> 8.7927215 | G10: ='GHG detailed, results per kg'!G22 -> 3.3854858 | H10: ='GHG detailed, results per kg'!G23 -> 0.007930952 | I10: ='GHG detailed, results per kg'!G24 -> 0.027999577 | J10: ='GHG detailed, results per kg'!G25 -> 0.016171812 | L10: =(Production!$E$5*'Parameters, country spec'!$E$52*'EFP per kg feed'!F68+(Production!$E$6+Production!$E$7)*'Parameters, country spec'!$E$53*'EFP per kg feed'!F69)/Production!$E$23 -> 21.111353 | M10: =(Production!$E$5*'Parameters, country spec'!$E$52*'EFP per kg feed'!G68+(Production!$E$6+Production!$E$7)*'Parameters, country spec'!$E$53*'EFP per kg feed'!G69-Excreted_N_after_losses_HU*Manure_repl_factor_HU)/Production!$E$23 -> 0.28947878 | N10: =(Production!$E$5*'Parameters, country spec'!$E$52*'EFP per kg feed'!H68+(Production!$E$6+Production!$E$7)*'Parameters, country spec'!$E$53*'EFP per kg feed'!H69)/Production!$E$23 -> 0.026366738 | O10: =(Production!$E$5*'Parameters, country spec'!$E$52*'EFP per kg feed'!I68+(Production!$E$6+Production!$E$7)*'Parameters, country spec'!$E$53*'EFP per kg feed'!I69)/Production!$E$23 -> 0.0195214 | P10: =(Production!$E$5*'Parameters, country spec'!$E$52*'EFP per kg feed'!J68+(Production!$E$6+Production!$E$7)*'Parameters, country spec'!$E$53*'EFP per kg feed'!J69)/Production!$E$23 -> 1.3864312 | Q10: =(Production!$E$5*'Parameters, country spec'!$E$52*'EFP per kg feed'!K68+(Production!$E$6+Production!$E$7)*'Parameters, country spec'!$E$53*'EFP per kg feed'!K69)/Production!$E$23 -> 3.0965469e-10 | R10: =(Production!$E$5*'Parameters, country spec'!$E$52*'EFP per kg feed'!L68+(Production!$E$6+Production!$E$7)*'Parameters, country spec'!$E$53*'EFP per kg feed'!L69+Manure!I156)/Production!$E$23 -> 0.18010799 | T10: 102.67637 | U10: 1931.1173
A11: 21114 | B11: Rabbit meat | C11: Red meat | D11: Italy | E11: IT | F11: ='GHG detailed, results per kg'!G31 -> 8.8662114 | G11: ='GHG detailed, results per kg'!G27 -> 3.3048845 | H11: ='GHG detailed, results per kg'!G28 -> 0.0096225463 | I11: ='GHG detailed, results per kg'!G29 -> 0.027964304 | J11: ='GHG detailed, results per kg'!G30 -> 0.016555087 | L11: =(Production!$F$5*'Parameters, country spec'!$F$52*'EFP per kg feed'!F84+(Production!$F$6+Production!$F$7)*'Parameters, country spec'!$F$53*'EFP per kg feed'!F85)/Production!$F$23 -> 19.821785 | M11: =(Production!$F$5*'Parameters, country spec'!$F$52*'EFP per kg feed'!G84+(Production!$F$6+Production!$F$7)*'Parameters, country spec'!$F$53*'EFP per kg feed'!G85-Excreted_N_after_losses_IT*Manure_repl_factor_IT)/Production!$F$23 -> 0.25546919 | N11: =(Production!$F$5*'Parameters, country spec'!$F$52*'EFP per kg feed'!H84+(Production!$F$6+Production!$F$7)*'Parameters, country spec'!$F$53*'EFP per kg feed'!H85)/Production!$F$23 -> 0.023006827 | O11: =(Production!$F$5*'Parameters, country spec'!$F$52*'EFP per kg feed'!I84+(Production!$F$6+Production!$F$7)*'Parameters, country spec'!$F$53*'EFP per kg feed'!I85)/Production!$F$23 -> 0.073460273 | P11: =(Production!$F$5*'Parameters, country spec'!$F$52*'EFP per kg feed'!J84+(Production!$F$6+Production!$F$7)*'Parameters, country spec'!$F$53*'EFP per kg feed'!J85)/Production!$F$23 -> 1.196096 | Q11: =(Production!$F$5*'Parameters, country spec'!$F$52*'EFP per kg feed'!K84+(Production!$F$6+Production!$F$7)*'Parameters, country spec'!$F$53*'EFP per kg feed'!K85)/Production!$F$23 -> 8.6899546e-10 | R11: =(Production!$F$5*'Parameters, country spec'!$F$52*'EFP per kg feed'!L84+(Production!$F$6+Production!$F$7)*'Parameters, country spec'!$F$53*'EFP per kg feed'!L85+Manure!K156)/Production!$F$23 -> 0.18032777 | T11: 97.593059 | U11: 3113.7036
A12: 21114 | B12: Rabbit meat | C12: Red meat | D12: Netherlands | E12: NL | F12: ='GHG detailed, results per kg'!G36 -> 10.264243 | G12: ='GHG detailed, results per kg'!G32 -> 3.6744386 | H12: ='GHG detailed, results per kg'!G33 -> 0.0071085321 | I12: ='GHG detailed, results per kg'!G34 -> 0.027999577 | J12: ='GHG detailed, results per kg'!G35 -> 0.020593339 | L12: =(Production!$G$5*'Parameters, country spec'!$G$52*'EFP per kg feed'!F100+(Production!$G$6+Production!$G$7)*'Parameters, country spec'!$G$53*'EFP per kg feed'!F101)/Production!$G$23 -> 15.90749 | M12: =(Production!$G$5*'Parameters, country spec'!$G$52*'EFP per kg feed'!G100+(Production!$G$6+Production!$G$7)*'Parameters, country spec'!$G$53*'EFP per kg feed'!G101-Excreted_N_after_losses_NL*Manure_repl_factor_NL)/Production!$G$23 -> 0.27482316 | N12: =(Production!$G$5*'Parameters, country spec'!$G$52*'EFP per kg feed'!H100+(Production!$G$6+Production!$G$7)*'Parameters, country spec'!$G$53*'EFP per kg feed'!H101)/Production!$G$23 -> 0.019416007 | O12: =(Production!$G$5*'Parameters, country spec'!$G$52*'EFP per kg feed'!I100+(Production!$G$6+Production!$G$7)*'Parameters, country spec'!$G$53*'EFP per kg feed'!I101)/Production!$G$23 -> 0.057456983 | P12: =(Production!$G$5*'Parameters, country spec'!$G$52*'EFP per kg feed'!J100+(Production!$G$6+Production!$G$7)*'Parameters, country spec'!$G$53*'EFP per kg feed'!J101)/Production!$G$23 -> 1.9808828 | Q12: =(Production!$G$5*'Parameters, country spec'!$G$52*'EFP per kg feed'!K100+(Production!$G$6+Production!$G$7)*'Parameters, country spec'!$G$53*'EFP per kg feed'!K101)/Production!$G$23 -> 2.0876014e-10 | R12: =(Production!$G$5*'Parameters, country spec'!$G$52*'EFP per kg feed'!L100+(Production!$G$6+Production!$G$7)*'Parameters, country spec'!$G$53*'EFP per kg feed'!L101+Manure!M156)/Production!$G$23 -> 0.18387731 | T12: 101.88378 | U12: 640.80058
A13: 21114 | B13: Rabbit meat | C13: Red meat | D13: Poland | E13: PL | F13: ='GHG detailed, results per kg'!G41 -> 8.8851138 | G13: ='GHG detailed, results per kg'!G37 -> 3.4984234 | H13: ='GHG detailed, results per kg'!G38 -> 0.0044924811 | I13: ='GHG detailed, results per kg'!G39 -> 0.025096163 | J13: ='GHG detailed, results per kg'!G40 -> 0.01675904 | L13: =(Production!$H$5*'Parameters, country spec'!$H$52*'EFP per kg feed'!F116+(Production!$H$6+Production!$H$7)*'Parameters, country spec'!$H$53*'EFP per kg feed'!F117)/Production!$H$23 -> 19.383332 | M13: =(Production!$H$5*'Parameters, country spec'!$H$52*'EFP per kg feed'!G116+(Production!$H$6+Production!$H$7)*'Parameters, country spec'!$H$53*'EFP per kg feed'!G117-Excreted_N_after_losses_PL*Manure_repl_factor_PL)/Production!$H$23 -> 0.23231555 | N13: =(Production!$H$5*'Parameters, country spec'!$H$52*'EFP per kg feed'!H116+(Production!$H$6+Production!$H$7)*'Parameters, country spec'!$H$53*'EFP per kg feed'!H117)/Production!$H$23 -> 0.020686904 | O13: =(Production!$H$5*'Parameters, country spec'!$H$52*'EFP per kg feed'!I116+(Production!$H$6+Production!$H$7)*'Parameters, country spec'!$H$53*'EFP per kg feed'!I117)/Production!$H$23 -> 0.013280843 | P13: =(Production!$H$5*'Parameters, country spec'!$H$52*'EFP per kg feed'!J116+(Production!$H$6+Production!$H$7)*'Parameters, country spec'!$H$53*'EFP per kg feed'!J117)/Production!$H$23 -> 1.7542435 | Q13: =(Production!$H$5*'Parameters, country spec'!$H$52*'EFP per kg feed'!K116+(Production!$H$6+Production!$H$7)*'Parameters, country spec'!$H$53*'EFP per kg feed'!K117)/Production!$H$23 -> 1.8800247e-10 | R13: =(Production!$H$5*'Parameters, country spec'!$H$52*'EFP per kg feed'!L116+(Production!$H$6+Production!$H$7)*'Parameters, country spec'!$H$53*'EFP per kg feed'!L117+Manure!O156)/Production!$H$23 -> 0.17880685 | T13: 101.6985 | U13: 4014.1836
A14: 21114 | B14: Rabbit meat | C14: Red meat | D14: Spain | E14: ES | F14: ='GHG detailed, results per kg'!G46 -> 8.8440563 | G14: ='GHG detailed, results per kg'!G42 -> 2.7795669 | H14: ='GHG detailed, results per kg'!G43 -> 0.0061204156 | I14: ='GHG detailed, results per kg'!G44 -> 0.03779962 | J14: ='GHG detailed, results per kg'!G45 -> 0.017807734 | L14: =(Production!$I$5*'Parameters, country spec'!$I$52*'EFP per kg feed'!F132+(Production!$I$6+Production!$I$7)*'Parameters, country spec'!$I$53*'EFP per kg feed'!F133)/Production!$I$23 -> 23.437522 | M14: =(Production!$I$5*'Parameters, country spec'!$I$52*'EFP per kg feed'!G132+(Production!$I$6+Production!$I$7)*'Parameters, country spec'!$I$53*'EFP per kg feed'!G133-Excreted_N_after_losses_ES*Manure_repl_factor_ES)/Production!$I$23 -> 0.26168195 | N14: =(Production!$I$5*'Parameters, country spec'!$I$52*'EFP per kg feed'!H132+(Production!$I$6+Production!$I$7)*'Parameters, country spec'!$I$53*'EFP per kg feed'!H133)/Production!$I$23 -> 0.023475304 | O14: =(Production!$I$5*'Parameters, country spec'!$I$52*'EFP per kg feed'!I132+(Production!$I$6+Production!$I$7)*'Parameters, country spec'!$I$53*'EFP per kg feed'!I133)/Production!$I$23 -> 0.33808759 | P14: =(Production!$I$5*'Parameters, country spec'!$I$52*'EFP per kg feed'!J132+(Production!$I$6+Production!$I$7)*'Parameters, country spec'!$I$53*'EFP per kg feed'!J133)/Production!$I$23 -> 1.5290634 | Q14: =(Production!$I$5*'Parameters, country spec'!$I$52*'EFP per kg feed'!K132+(Production!$I$6+Production!$I$7)*'Parameters, country spec'!$I$53*'EFP per kg feed'!K133)/Production!$I$23 -> 1.2778619e-09 | R14: =(Production!$I$5*'Parameters, country spec'!$I$52*'EFP per kg feed'!L132+(Production!$I$6+Production!$I$7)*'Parameters, country spec'!$I$53*'EFP per kg feed'!L133+Manure!Q156)/Production!$I$23 -> 0.21020262 | T14: 121.2559 | U14: 2076.2107
A15: 21114 | B15: Rabbit meat | C15: Red meat | D15: Sweden | E15: SE | F15: ='GHG detailed, results per kg'!G51 -> 7.9041335 | G15: ='GHG detailed, results per kg'!G47 -> 2.8587919 | H15: ='GHG detailed, results per kg'!G48 -> 0.0061866075 | I15: ='GHG detailed, results per kg'!G49 -> 0.033947813 | J15: ='GHG detailed, results per kg'!G50 -> 0.014448314 | L15: =(Production!$J$5*'Parameters, country spec'!$J$52*'EFP per kg feed'!F148+(Production!$J$6+Production!$J$7)*'Parameters, country spec'!$J$53*'EFP per kg feed'!F149)/Production!$J$23 -> 22.09519 | M15: =(Production!$J$5*'Parameters, country spec'!$J$52*'EFP per kg feed'!G148+(Production!$J$6+Production!$J$7)*'Parameters, country spec'!$J$53*'EFP per kg feed'!G149-Excreted_N_after_losses_SE*Manure_repl_factor_SE)/Production!$J$23 -> 0.27904073 | N15: =(Production!$J$5*'Parameters, country spec'!$J$52*'EFP per kg feed'!H148+(Production!$J$6+Production!$J$7)*'Parameters, country spec'!$J$53*'EFP per kg feed'!H149)/Production!$J$23 -> 0.020585372 | O15: =(Production!$J$5*'Parameters, country spec'!$J$52*'EFP per kg feed'!I148+(Production!$J$6+Production!$J$7)*'Parameters, country spec'!$J$53*'EFP per kg feed'!I149)/Production!$J$23 -> 0.014250394 | P15: =(Production!$J$5*'Parameters, country spec'!$J$52*'EFP per kg feed'!J148+(Production!$J$6+Production!$J$7)*'Parameters, country spec'!$J$53*'EFP per kg feed'!J149)/Production!$J$23 -> 1.3989178 | Q15: =(Production!$J$5*'Parameters, country spec'!$J$52*'EFP per kg feed'!K148+(Production!$J$6+Production!$J$7)*'Parameters, country spec'!$J$53*'EFP per kg feed'!K149)/Production!$J$23 -> 2.080784e-10 | R15: =(Production!$J$5*'Parameters, country spec'!$J$52*'EFP per kg feed'!L148+(Production!$J$6+Production!$J$7)*'Parameters, country spec'!$J$53*'EFP per kg feed'!L149+Manure!Q156)/Production!$J$23 -> 0.22138482 | T15: 41.600193 | U15: 251.14598

Sheet GHG detailed, results per kg
K1: * Calculated as percentage of direct emissions due to assumption due to data limitations regarding nitrogen leaching and volatilization from soils in different regions.
A2: GHG emissions (per kg of bonefree meat)
S4: Animals | W4: Stables | X4: Slaughter | Z4: Control
A5: Animal products | G5: Sum | H5: Inputs | J5: Soil emissions | L5: Energy use | P5: Land use change | Q5: Feed processing | R5: Transports | AA5: Dairy cows
A6: FoodEx code | B6: FoodEx name | C6: Food Ex category (L1) | D6: Country | E6: Country code | F6: Gas | G6: GHG | H6: Production of mineral fertilizer | I6: Production of capital goods | J6: Direct emissions | K6: Indirect emissions* | L6: Diesel use field mach | M6: Energy use in greenhouses | N6: Energy use for irrigation | O6: Energy use for post-harvest proc | P6: LUC emissions | Q6: Feed processing | R6: Feed transports | S6: Enteric fermentation | T6: Manure management - tot | U6: Manure management - direct | V6: Manure management - indirect | W6: Energy use in stables | X6: Energy use for slaughter | Z6: Total feed, excl LUC | AA6: Feed mix emissions, kg CO2E per kg feed, excl. adjustement manure
A7: A01RQ | B7: Rabbit meat | C7: Meat and meat products | D7: France | E7: FR | F7: CO2 | G7: =SUM(H7:X7) -> 2.3456337 | H7: =(Production!$B$5*'Parameters, country spec'!$B$52*'CO2 per kg feed'!G20+(Production!$B$6+Production!$B$7)*'Parameters, country spec'!$B$53*'CO2 per kg feed'!G21)/Production!B23 -> 0.63927309 | I7: =(Production!$B$5*'Parameters, country spec'!$B$52*'CO2 per kg feed'!H20+(Production!$B$6+Production!$B$7)*'Parameters, country spec'!$B$53*'CO2 per kg feed'!H21)/Production!B23 -> 0.25387018 | L7: =(Production!$B$5*'Parameters, country spec'!$B$52*'CO2 per kg feed'!K20+(Production!$B$6+Production!$B$7)*'Parameters, country spec'!$B$53*'CO2 per kg feed'!K21)/Production!B23 -> 0.27471693 | N7: =(Production!$B$5*'Parameters, country spec'!$B$52*'CO2 per kg feed'!M20+(Production!$B$6+Production!$B$7)*'Parameters, country spec'!$B$53*'CO2 per kg feed'!M21)/Production!B23 -> 0.0003445696 | O7: =(Production!$B$5*'Parameters, country spec'!$B$52*'CO2 per kg feed'!N20+(Production!$B$6+Production!$B$7)*'Parameters, country spec'!$B$53*'CO2 per kg feed'!N21)/Production!B23 -> 0.21688222 | P7: =(Production!$B$5*'Parameters, country spec'!$B$52*'CO2 per kg feed'!O20+(Production!$B$6+Production!$B$7)*'Parameters, country spec'!$B$53*'CO2 per kg feed'!O21)/Production!B23 -> 0.27502473 | Q7: =(Production!$B$5*'Parameters, country spec'!$B$52*'CO2 per kg feed'!P20+(Production!$B$6+Production!$B$7)*'Parameters, country spec'!$B$53*'CO2 per kg feed'!P21)/Production!B23 -> 0.34416916 | R7: =(Production!$B$5*'Parameters, country spec'!$B$52*'CO2 per kg feed'!Q20+(Production!$B$6+Production!$B$7)*'Parameters, country spec'!$B$53*'CO2 per kg feed'!Q21)/Production!B23 -> 0.23734423 | W7: ='Parameters, country spec'!B61*EF_el_CO2_FR -> 0.063363221 | X7: =Energy_slaughter_el_FR*EF_el_CO2_FR+Energy_slaughter_oil_FR*EF_oil_CO2 -> 0.040645398
A8: A01RQ | B8: Rabbit meat | C8: Meat and meat products | D8: France | E8: FR | F8: CH4, fossil | G8: =SUM(H8:X8) -> 0.0055894578 | H8: =(Production!$B$5*'Parameters, country spec'!$B$52*'CH4 per kg feed'!G20+(Production!$B$6+Production!$B$7)*'Parameters, country spec'!$B$53*'CH4 per kg feed'!G21)/Production!B23 -> 0.0012082375 | I8: =(Production!$B$5*'Parameters, country spec'!$B$52*'CH4 per kg feed'!H20+(Production!$B$6+Production!$B$7)*'Parameters, country spec'!$B$53*'CH4 per kg feed'!H21)/Production!B23 -> 0.00091648438 | L8: =(Production!$B$5*'Parameters, country spec'!$B$52*'CH4 per kg feed'!K20+(Production!$B$6+Production!$B$7)*'Parameters, country spec'!$B$53*'CH4 per kg feed'!K21)/Production!B23 -> 0.00012421389 | N8: =(Production!$B$5*'Parameters, country spec'!$B$52*'CH4 per kg feed'!M20+(Production!$B$6+Production!$B$7)*'Parameters, country spec'!$B$53*'CH4 per kg feed'!M21)/Production!B23 -> 5.2074278e-06 | O8: =(Production!$B$5*'Parameters, country spec'!$B$52*'CH4 per kg feed'!N20+(Production!$B$6+Production!$B$7)*'Parameters, country spec'!$B$53*'CH4 per kg feed'!N21)/Production!B23 -> 0.00011975109 | P8: =(Production!$B$5*'Parameters, country spec'!$B$52*'CH4 per kg feed'!O20+(Production!$B$6+Production!$B$7)*'Parameters, country spec'!$B$53*'CH4 per kg feed'!O21)/Production!B23 -> 0 | Q8: =(Production!$B$5*'Parameters, country spec'!$B$52*'CH4 per kg feed'!P20+(Production!$B$6+Production!$B$7)*'Parameters, country spec'!$B$53*'CH4 per kg feed'!P21)/Production!B23 -> 0.0027018255 | R8: =(Production!$B$5*'Parameters, country spec'!$B$52*'CH4 per kg feed'!Q20+(Production!$B$6+Production!$B$7)*'Parameters, country spec'!$B$53*'CH4 per kg feed'!Q21)/Production!B23 -> 0.00020705889 | W8: ='Parameters, country spec'!B61*EF_el_CH4_FR -> 0.00019644552 | X8: =Energy_slaughter_el_FR*EF_el_CH4_FR+Energy_slaughter_oil_FR*EF_oil_CH4 -> 0.00011023369
A9: A01RQ | B9: Rabbit meat | C9: Meat and meat products | D9: France | E9: FR | F9: CH4, biogenic | G9: =SUM(H9:T9) -> 0.016603948 | S9: =(Production!B5*'Parameters, country spec'!B57+(Production!B6+Production!B7)*'Parameters, country spec'!B57)/Production!B23 -> 0.00038512555 | T9: =SUM(U9:V9) -> 0.016218823 | U9: =Manure!C35 -> 0.016218823
A10: A01RQ | B10: Rabbit meat | C10: Meat and meat products | D10: France | E10: FR | F10: N2O | G10: =SUM(H10:T10)+W10+X10 -> 0.014859386 | H10: =(Production!$B$5*'Parameters, country spec'!$B$52*'N2O per kg feed'!G20+(Production!$B$6+Production!$B$7)*'Parameters, country spec'!$B$53*'N2O per kg feed'!G21)/Production!B23 -> 0.0014221033 | I10: =(Production!$B$5*'Parameters, country spec'!$B$52*'N2O per kg feed'!H20+(Production!$B$6+Production!$B$7)*'Parameters, country spec'!$B$53*'N2O per kg feed'!H21)/Production!B23 -> 9.8781097e-06 | J10: =(Production!$B$5*'Parameters, country spec'!$B$52*'N2O per kg feed'!I20+(Production!$B$6+Production!$B$7)*'Parameters, country spec'!$B$53*'N2O per kg feed'!I21+Manure!C150)/Production!B23 -> 0.0098487636 | K10: =J10*EF_indirect_N2O_FR -> 0.00098487636 | L10: =(Production!$B$5*'Parameters, country spec'!$B$52*'N2O per kg feed'!K20+(Production!$B$6+Production!$B$7)*'Parameters, country spec'!$B$53*'N2O per kg feed'!K21)/Production!B23 -> 7.669112e-06 | N10: =(Production!$B$5*'Parameters, country spec'!$B$52*'N2O per kg feed'!M20+(Production!$B$6+Production!$B$7)*'Parameters, country spec'!$B$53*'N2O per kg feed'!M21)/Production!B23 -> 6.4284479e-08 | O10: =(Production!$B$5*'Parameters, country spec'!$B$52*'N2O per kg feed'!N20+(Production!$B$6+Production!$B$7)*'Parameters, country spec'!$B$53*'N2O per kg feed'!N21)/Production!B23 -> 8.1190634e-06 | P10: =(Production!$B$5*'Parameters, country spec'!$B$52*'N2O per kg feed'!O20+(Production!$B$6+Production!$B$7)*'Parameters, country spec'!$B$53*'N2O per kg feed'!O21)/Production!B23 -> 0 | Q10: =(Production!$B$5*'Parameters, country spec'!$B$52*'N2O per kg feed'!P20+(Production!$B$6+Production!$B$7)*'Parameters, country spec'!$B$53*'N2O per kg feed'!P21)/Production!B23 -> 0.00022970076 | R10: =(Production!$B$5*'Parameters, country spec'!$B$52*'N2O per kg feed'!Q20+(Production!$B$6+Production!$B$7)*'Parameters, country spec'!$B$53*'N2O per kg feed'!Q21)/Production!B23 -> 8.7031844e-06 | T10: =SUM(U10:V10) -> 0.0023300985 | U10: =Manure!$C$92*44/28 -> 5.6054857e-05 | V10: =Manure!$C$157*17/14*Manure!$B$120 -> 0.0022740436 | W10: ='Parameters, country spec'!B61*EF_el_N2O_FR -> 5.9385409e-06 | X10: =Energy_slaughter_el_FR*EF_el_N2O_FR+Energy_slaughter_oil_FR*EF_oil_N2O -> 3.4711448e-06
A11: A01RQ | B11: Rabbit meat | C11: Meat and meat products | D11: France | E11: FR | F11: CO2e | G11: =SUM(H11:X11) -> 7.0171185 | H11: =SUMPRODUCT(H7:H10,'Parameters, general'!$B$23:$B$26) -> 1.0635128 | I11: =SUMPRODUCT(I7:I10,'Parameters, general'!$B$23:$B$26) -> 0.28387813 | J11: =SUMPRODUCT(J7:J10,'Parameters, general'!$B$23:$B$26) -> 2.6887125 | K11: =SUMPRODUCT(K7:K10,'Parameters, general'!$B$23:$B$26) -> 0.26887125 | L11: =SUMPRODUCT(L7:L10,'Parameters, general'!$B$23:$B$26) -> 0.28051217 | M11: =SUMPRODUCT(M7:M10,'Parameters, general'!$B$23:$B$26) -> 0 | N11: =SUMPRODUCT(N7:N10,'Parameters, general'!$B$23:$B$26) -> 0.00051730061 | O11: =SUMPRODUCT(O7:O10,'Parameters, general'!$B$23:$B$26) -> 0.22266731 | ... T11: =SUMPRODUCT(T7:T10,'Parameters, general'!$B$23:$B$26) -> 1.0740251 | W11: =SUMPRODUCT(W7:W10,'Parameters, general'!$B$23:$B$26) -> 0.07083852 | X11: =SUMPRODUCT(X7:X10,'Parameters, general'!$B$23:$B$26) -> 0.044877985 | Z11: =SUM(H11:R11) -> 5.8169785 | AA11: ='CO2 per kg feed'!F20+'CH4 per kg feed'!F20*CF_GWP_CH4_fossil+'N2O per kg feed'!F20*CF_GWP_N2O -> 0.43484316
A12: A01RQ | B12: Rabbit meat | C12: Meat and meat products | D12: Germany | E12: DE | F12: CO2 | G12: =SUM(H12:X12) -> 3.4261773 | H12: =(Production!$C$5*'Parameters, country spec'!$C$52*'CO2 per kg feed'!G36+(Production!$C$6+Production!$C$7)*'Parameters, country spec'!$C$53*'CO2 per kg feed'!G37)/Production!C23 -> 0.63533979 | I12: =(Production!$C$5*'Parameters, country spec'!$C$52*'CO2 per kg feed'!H36+(Production!$C$6+Production!$C$7)*'Parameters, country spec'!$C$53*'CO2 per kg feed'!H37)/Production!C23 -> 0.25042553 | L12: =(Production!$C$5*'Parameters, country spec'!$C$52*'CO2 per kg feed'!K36+(Production!$C$6+Production!$C$7)*'Parameters, country spec'!$C$53*'CO2 per kg feed'!K37)/Production!C23 -> 0.27300672 | N12: =(Production!$C$5*'Parameters, country spec'!$C$52*'CO2 per kg feed'!M36+(Production!$C$6+Production!$C$7)*'Parameters, country spec'!$C$53*'CO2 per kg feed'!M37)/Production!C23 -> 0.00031828528 | O12: =(Production!$C$5*'Parameters, country spec'!$C$52*'CO2 per kg feed'!N36+(Production!$C$6+Production!$C$7)*'Parameters, country spec'!$C$53*'CO2 per kg feed'!N37)/Production!C23 -> 0.2456991 | P12: =(Production!$C$5*'Parameters, country spec'!$C$52*'CO2 per kg feed'!O36+(Production!$C$6+Production!$C$7)*'Parameters, country spec'!$C$53*'CO2 per kg feed'!O37)/Production!C23 -> 0.2695154 | Q12: =(Production!$C$5*'Parameters, country spec'!$C$52*'CO2 per kg feed'!P36+(Production!$C$6+Production!$C$7)*'Parameters, country spec'!$C$53*'CO2 per kg feed'!P37)/Production!C23 -> 0.98071415 | R12: =(Production!$C$5*'Parameters, country spec'!$C$52*'CO2 per kg feed'!Q36+(Production!$C$6+Production!$C$7)*'Parameters, country spec'!$C$53*'CO2 per kg feed'!Q37)/Production!C23 -> 0.24281788 | W12: ='Parameters, country spec'!C61*EF_el_CO2_DE -> 0.33713879 | X12: =Energy_slaughter_el_DE*EF_el_CO2_DE+Energy_slaughter_oil_DE*EF_oil_CO2 -> 0.19120168
A13: A01RQ | B13: Rabbit meat | C13: Meat and meat products | D13: Germany | E13: DE | F13: CH4, fossil | G13: =SUM(H13:X13) -> 0.0073404684 | H13: =(Production!$C$5*'Parameters, country spec'!$C$52*'CH4 per kg feed'!G36+(Production!$C$6+Production!$C$7)*'Parameters, country spec'!$C$53*'CH4 per kg feed'!G37)/Production!C23 -> 0.0011997383 | I13: =(Production!$C$5*'Parameters, country spec'!$C$52*'CH4 per kg feed'!H36+(Production!$C$6+Production!$C$7)*'Parameters, country spec'!$C$53*'CH4 per kg feed'!H37)/Production!C23 -> 0.000904058 | L13: =(Production!$C$5*'Parameters, country spec'!$C$52*'CH4 per kg feed'!K36+(Production!$C$6+Production!$C$7)*'Parameters, country spec'!$C$53*'CH4 per kg feed'!K37)/Production!C23 -> 0.00012917718 | N13: =(Production!$C$5*'Parameters, country spec'!$C$52*'CH4 per kg feed'!M36+(Production!$C$6+Production!$C$7)*'Parameters, country spec'!$C$53*'CH4 per kg feed'!M37)/Production!C23 -> 1.64618e-06 | O13: =(Production!$C$5*'Parameters, country spec'!$C$52*'CH4 per kg feed'!N36+(Production!$C$6+Production!$C$7)*'Parameters, country spec'!$C$53*'CH4 per kg feed'!N37)/Production!C23 -> 0.00017475781 | P13: =(Production!$C$5*'Parameters, country spec'!$C$52*'CH4 per kg feed'!O36+(Production!$C$6+Production!$C$7)*'Parameters, country spec'!$C$53*'CH4 per kg feed'!O37)/Production!C23 -> 0 | Q13: =(Production!$C$5*'Parameters, country spec'!$C$52*'CH4 per kg feed'!P36+(Production!$C$6+Production!$C$7)*'Parameters, country spec'!$C$53*'CH4 per kg feed'!P37)/Production!C23 -> 0.0037173075 | R13: =(Production!$C$5*'Parameters, country spec'!$C$52*'CH4 per kg feed'!Q36+(Production!$C$6+Production!$C$7)*'Parameters, country spec'!$C$53*'CH4 per kg feed'!Q37)/Production!C23 -> 0.00021201845 | W13: ='Parameters, country spec'!C61*EF_el_CH4_DE -> 0.00064490945 | X13: =Energy_slaughter_el_DE*EF_el_CH4_DE+Energy_slaughter_oil_DE*EF_oil_CH4 -> 0.00035685563
A14: A01RQ | B14: Rabbit meat | C14: Meat and meat products | D14: Germany | E14: DE | F14: CH4, biogenic | G14: =SUM(H14:T14) -> 0.027964304 | S14: =(Production!C5*'Parameters, country spec'!C57+(Production!C6+Production!C7)*'Parameters, country spec'!C57)/Production!C23 -> 0.0003281188 | T14: =SUM(U14:V14) -> 0.027636186 | U14: =Manure!E35 -> 0.027636186
A15: A01RQ | B15: Rabbit meat | C15: Meat and meat products | D15: Germany | E15: DE | F15: N2O | G15: =SUM(H15:T15)+W15+X15 -> 0.014117012 | H15: =(Production!$C$5*'Parameters, country spec'!$C$52*'N2O per kg feed'!G36+(Production!$C$6+Production!$C$7)*'Parameters, country spec'!$C$53*'N2O per kg feed'!G37)/Production!C23 -> 0.0014131227 | I15: =(Production!$C$5*'Parameters, country spec'!$C$52*'N2O per kg feed'!H36+(Production!$C$6+Production!$C$7)*'Parameters, country spec'!$C$53*'N2O per kg feed'!H37)/Production!C23 -> 9.7438985e-06 | J15: =(Production!$C$5*'Parameters, country spec'!$C$52*'N2O per kg feed'!I36+(Production!$C$6+Production!$C$7)*'Parameters, country spec'!$C$53*'N2O per kg feed'!I37++Manure!E150)/Production!C23 -> 0.0093282071 | K15: =J15*EF_indirect_N2O_DE -> 0.00093282071 | L15: =(Production!$C$5*'Parameters, country spec'!$C$52*'N2O per kg feed'!K36+(Production!$C$6+Production!$C$7)*'Parameters, country spec'!$C$53*'N2O per kg feed'!K37)/Production!C23 -> 7.627923e-06 | N15: =(Production!$C$5*'Parameters, country spec'!$C$52*'N2O per kg feed'!M36+(Production!$C$6+Production!$C$7)*'Parameters, country spec'!$C$53*'N2O per kg feed'!M37)/Production!C23 -> 2.0260414e-08 | O15: =(Production!$C$5*'Parameters, country spec'!$C$52*'N2O per kg feed'!N36+(Production!$C$6+Production!$C$7)*'Parameters, country spec'!$C$53*'N2O per kg feed'!N37)/Production!C23 -> 9.1433612e-06 | P15: =(Production!$C$5*'Parameters, country spec'!$C$52*'N2O per kg feed'!O36+(Production!$C$6+Production!$C$7)*'Parameters, country spec'!$C$53*'N2O per kg feed'!O37)/Production!C23 -> 0 | Q15: =(Production!$C$5*'Parameters, country spec'!$C$52*'N2O per kg feed'!P36+(Production!$C$6+Production!$C$7)*'Parameters, country spec'!$C$53*'N2O per kg feed'!P37)/Production!C23 -> 0.00024812089 | R15: =(Production!$C$5*'Parameters, country spec'!$C$52*'N2O per kg feed'!Q36+(Production!$C$6+Production!$C$7)*'Parameters, country spec'!$C$53*'N2O per kg feed'!Q37)/Production!C23 -> 9.1283283e-06 | T15: =SUM(U15:V15) -> 0.0021354681 | U15: =Manure!$E$92*44/28 -> 5.1372662e-05 | V15: =Manure!$E$157*17/14*Manure!$D$120 -> 0.0020840955 | W15: ='Parameters, country spec'!C61*EF_el_N2O_DE -> 1.5099488e-05 | X15: =Energy_slaughter_el_DE*EF_el_N2O_DE+Energy_slaughter_oil_DE*EF_oil_N2O -> 8.5089873e-06
A16: A01RQ | B16: Rabbit meat | C16: Meat and meat products | D16: Germany | E16: DE | F16: CO2e | G16: =SUM(H16:X16) -> 8.2539037 | H16: =SUMPRODUCT(H12:H15,'Parameters, general'!$B$23:$B$26) -> 1.0568745 | I16: =SUMPRODUCT(I12:I15,'Parameters, general'!$B$23:$B$26) -> 0.28002654 | J16: =SUMPRODUCT(J12:J15,'Parameters, general'!$B$23:$B$26) -> 2.5466005 | K16: =SUMPRODUCT(K12:K15,'Parameters, general'!$B$23:$B$26) -> 0.25466005 | L16: =SUMPRODUCT(L12:L15,'Parameters, general'!$B$23:$B$26) -> 0.27893862 | M16: =SUMPRODUCT(M12:M15,'Parameters, general'!$B$23:$B$26) -> 0 | N16: =SUMPRODUCT(N12:N15,'Parameters, general'!$B$23:$B$26) -> 0.00037287254 | O16: =SUMPRODUCT(O12:O15,'Parameters, general'!$B$23:$B$26) -> 0.25340302 | ... T16: =SUMPRODUCT(T12:T15,'Parameters, general'!$B$23:$B$26) -> 1.3291598 | W16: =SUMPRODUCT(W12:W15,'Parameters, general'!$B$23:$B$26) -> 0.36047925 | X16: =SUMPRODUCT(X12:X15,'Parameters, general'!$B$23:$B$26) -> 0.20415893 | Z16: =SUM(H16:R16) -> 6.3512465 | AA16: ='CO2 per kg feed'!F36+'CH4 per kg feed'!F36*CF_GWP_CH4_fossil+'N2O per kg feed'!F36*CF_GWP_N2O -> 0.48937945
A17: A01RQ | B17: Rabbit meat | C17: Meat and meat products | D17: Greece | E17: GR | F17: CO2 | G17: =SUM(H17:X17) -> 4.2036425 | H17: =(Production!$D$5*'Parameters, country spec'!$D$52*'CO2 per kg feed'!G52+(Production!$D$6+Production!$D$7)*'Parameters, country spec'!$D$53*'CO2 per kg feed'!G53)/Production!D23 -> 0.60895208 | I17: =(Production!$D$5*'Parameters, country spec'!$D$52*'CO2 per kg feed'!H52+(Production!$D$6+Production!$D$7)*'Parameters, country spec'!$D$53*'CO2 per kg feed'!H53)/Production!D23 -> 0.25045053 | L17: =(Production!$D$5*'Parameters, country spec'!$D$52*'CO2 per kg feed'!K52+(Production!$D$6+Production!$D$7)*'Parameters, country spec'!$D$53*'CO2 per kg feed'!K53)/Production!D23 -> 0.51738875 | N17: =(Production!$D$5*'Parameters, country spec'!$D$52*'CO2 per kg feed'!M52+(Production!$D$6+Production!$D$7)*'Parameters, country spec'!$D$53*'CO2 per kg feed'!M53)/Production!D23 -> 0.0073320326 | O17: =(Production!$D$5*'Parameters, country spec'!$D$52*'CO2 per kg feed'!N52+(Production!$D$6+Production!$D$7)*'Parameters, country spec'!$D$53*'CO2 per kg feed'!N53)/Production!D23 -> 0.26407277 | P17: =(Production!$D$5*'Parameters, country spec'!$D$52*'CO2 per kg feed'!O52+(Production!$D$6+Production!$D$7)*'Parameters, country spec'!$D$53*'CO2 per kg feed'!O53)/Production!D23 -> 0.2695554 | Q17: =(Production!$D$5*'Parameters, country spec'!$D$52*'CO2 per kg feed'!P52+(Production!$D$6+Production!$D$7)*'Parameters, country spec'!$D$53*'CO2 per kg feed'!P53)/Production!D23 -> 1.2811834 | R17: =(Production!$D$5*'Parameters, country spec'!$D$52*'CO2 per kg feed'!Q52+(Production!$D$6+Production!$D$7)*'Parameters, country spec'!$D$53*'CO2 per kg feed'!Q53)/Production!D23 -> 0.27743171 | W17: ='Parameters, country spec'!D61*EF_el_CO2_GR -> 0.46549031 | X17: =Energy_slaughter_el_GR*EF_el_CO2_GR+Energy_slaughter_oil_GR*EF_oil_CO2 -> 0.26178551
A18: A01RQ | B18: Rabbit meat | C18: Meat and meat products | D18: Greece | E18: GR | F18: CH4, fossil | G18: =SUM(H18:X18) -> 0.0085784067 | H18: =(Production!$D$5*'Parameters, country spec'!$D$52*'CH4 per kg feed'!G52+(Production!$D$6+Production!$D$7)*'Parameters, country spec'!$D$53*'CH4 per kg feed'!G53)/Production!D23 -> 0.0011513669 | I18: =(Production!$D$5*'Parameters, country spec'!$D$52*'CH4 per kg feed'!H52+(Production!$D$6+Production!$D$7)*'Parameters, country spec'!$D$53*'CH4 per kg feed'!H53)/Production!D23 -> 0.00090414821 | L18: =(Production!$D$5*'Parameters, country spec'!$D$52*'CH4 per kg feed'!K52+(Production!$D$6+Production!$D$7)*'Parameters, country spec'!$D$53*'CH4 per kg feed'!K53)/Production!D23 -> 0.00024288501 | N18: =(Production!$D$5*'Parameters, country spec'!$D$52*'CH4 per kg feed'!M52+(Production!$D$6+Production!$D$7)*'Parameters, country spec'!$D$53*'CH4 per kg feed'!M53)/Production!D23 -> 2.1687265e-05 | O18: =(Production!$D$5*'Parameters, country spec'!$D$52*'CH4 per kg feed'!N52+(Production!$D$6+Production!$D$7)*'Parameters, country spec'!$D$53*'CH4 per kg feed'!N53)/Production!D23 -> 0.00021009424 | P18: =(Production!$D$5*'Parameters, country spec'!$D$52*'CH4 per kg feed'!O52+(Production!$D$6+Production!$D$7)*'Parameters, country spec'!$D$53*'CH4 per kg feed'!O53)/Production!D23 -> 0 | Q18: =(Production!$D$5*'Parameters, country spec'!$D$52*'CH4 per kg feed'!P52+(Production!$D$6+Production!$D$7)*'Parameters, country spec'!$D$53*'CH4 per kg feed'!P53)/Production!D23 -> 0.0043709632 | R18: =(Production!$D$5*'Parameters, country spec'!$D$52*'CH4 per kg feed'!Q52+(Production!$D$6+Production!$D$7)*'Parameters, country spec'!$D$53*'CH4 per kg feed'!Q53)/Production!D23 -> 0.00024282857 | W18: ='Parameters, country spec'!D61*EF_el_CH4_GR -> 0.00092406353 | X18: =Energy_slaughter_el_GR*EF_el_CH4_GR+Energy_slaughter_oil_GR*EF_oil_CH4 -> 0.00051036969
A19: A01RQ | B19: Rabbit meat | C19: Meat and meat products | D19: Greece | E19: GR | F19: CH4, biogenic | G19: =SUM(H19:T19) -> 0.0012544322 | S19: =(Production!D5*'Parameters, country spec'!D57+(Production!D6+Production!D7)*'Parameters, country spec'!D57)/Production!D23 -> 0.00032853267 | T19: =SUM(U19:V19) -> 0.0009258995 | U19: =Manure!G35 -> 0.0009258995
A20: A01RQ | B20: Rabbit meat | C20: Meat and meat products | D20: Greece | E20: GR | F20: N2O | G20: =SUM(H20:T20)+W20+X20 -> 0.016581211 | H20: =(Production!$D$5*'Parameters, country spec'!$D$52*'N2O per kg feed'!G52+(Production!$D$6+Production!$D$7)*'Parameters, country spec'!$D$53*'N2O per kg feed'!G53)/Production!D23 -> 0.0013551508 | I20: =(Production!$D$5*'Parameters, country spec'!$D$52*'N2O per kg feed'!H52+(Production!$D$6+Production!$D$7)*'Parameters, country spec'!$D$53*'N2O per kg feed'!H53)/Production!D23 -> 9.7448728e-06 | J20: =(Production!$D$5*'Parameters, country spec'!$D$52*'N2O per kg feed'!I52+(Production!$D$6+Production!$D$7)*'Parameters, country spec'!$D$53*'N2O per kg feed'!I53+Manure!G150)/Production!D23 -> 0.0093625176 | K20: =J20*EF_indirect_N2O_GR -> 0.00093625176 | L20: =(Production!$D$5*'Parameters, country spec'!$D$52*'N2O per kg feed'!K52+(Production!$D$6+Production!$D$7)*'Parameters, country spec'!$D$53*'N2O per kg feed'!K53)/Production!D23 -> 1.4194504e-05 | N20: =(Production!$D$5*'Parameters, country spec'!$D$52*'N2O per kg feed'!M52+(Production!$D$6+Production!$D$7)*'Parameters, country spec'!$D$53*'N2O per kg feed'!M53)/Production!D23 -> 2.6701162e-07 | O20: =(Production!$D$5*'Parameters, country spec'!$D$52*'N2O per kg feed'!N52+(Production!$D$6+Production!$D$7)*'Parameters, country spec'!$D$53*'N2O per kg feed'!N53)/Production!D23 -> 9.2819603e-06 | P20: =(Production!$D$5*'Parameters, country spec'!$D$52*'N2O per kg feed'!O52+(Production!$D$6+Production!$D$7)*'Parameters, country spec'!$D$53*'N2O per kg feed'!O53)/Production!D23 -> 0 | Q20: =(Production!$D$5*'Parameters, country spec'!$D$52*'N2O per kg feed'!P52+(Production!$D$6+Production!$D$7)*'Parameters, country spec'!$D$53*'N2O per kg feed'!P53)/Production!D23 -> 0.00025029554 | R20: =(Production!$D$5*'Parameters, country spec'!$D$52*'N2O per kg feed'!Q52+(Production!$D$6+Production!$D$7)*'Parameters, country spec'!$D$53*'N2O per kg feed'!Q53)/Production!D23 -> 1.1314073e-05 | T20: =SUM(U20:V20) -> 0.0046071598 | U20: =Manure!$G$92*44/28 -> 0.0025204355 | V20: =Manure!$G$157*17/14*Manure!$F$120 -> 0.0020867242 | W20: ='Parameters, country spec'!D61*EF_el_N2O_GR -> 1.6018713e-05 | X20: =Energy_slaughter_el_GR*EF_el_N2O_GR+Energy_slaughter_oil_GR*EF_oil_N2O -> 9.0144929e-06
A21: A01RQ | B21: Rabbit meat | C21: Meat and meat products | D21: Greece | E21: GR | F21: CO2e | G21: =SUM(H21:X21) -> 9.0198193 | H21: =SUMPRODUCT(H17:H20,'Parameters, general'!$B$23:$B$26) -> 1.013219 | I21: =SUMPRODUCT(I17:I20,'Parameters, general'!$B$23:$B$26) -> 0.2800545 | J21: =SUMPRODUCT(J17:J20,'Parameters, general'!$B$23:$B$26) -> 2.5559673 | K21: =SUMPRODUCT(K17:K20,'Parameters, general'!$B$23:$B$26) -> 0.25559673 | L21: =SUMPRODUCT(L17:L20,'Parameters, general'!$B$23:$B$26) -> 0.52850183 | M21: =SUMPRODUCT(M17:M20,'Parameters, general'!$B$23:$B$26) -> 0 | N21: =SUMPRODUCT(N17:N20,'Parameters, general'!$B$23:$B$26) -> 0.0080512073 | O21: =SUMPRODUCT(O17:O20,'Parameters, general'!$B$23:$B$26) -> 0.27286755 | ... T21: =SUMPRODUCT(T17:T20,'Parameters, general'!$B$23:$B$26) -> 1.2827539 | W21: =SUMPRODUCT(W17:W20,'Parameters, general'!$B$23:$B$26) -> 0.49740052 | X21: =SUMPRODUCT(X17:X20,'Parameters, general'!$B$23:$B$26) -> 0.27945549 | Z21: =SUM(H21:R21) -> 6.951339 | AA21: ='CO2 per kg feed'!F52+'CH4 per kg feed'!F52*CF_GWP_CH4_fossil+'N2O per kg feed'!F52*CF_GWP_N2O -> 0.50027097
A22: A01RQ | B22: Rabbit meat | C22: Meat and meat products | D22: Hungary | E22: HU | F22: CO2 | G22: =SUM(H22:X22) -> 3.3854858 | H22: =(Production!$E$5*'Parameters, country spec'!$E$52*'CO2 per kg feed'!G68+(Production!$E$6+Production!$E$7)*'Parameters, country spec'!$E$53*'CO2 per kg feed'!G69)/Production!E23 -> 0.59294522 | I22: =(Production!$E$5*'Parameters, country spec'!$E$52*'CO2 per kg feed'!H68+(Production!$E$6+Production!$E$7)*'Parameters, country spec'!$E$53*'CO2 per kg feed'!H69)/Production!E23 -> 0.25045053 | L22: =(Production!$E$5*'Parameters, country spec'!$E$52*'CO2 per kg feed'!K68+(Production!$E$6+Production!$E$7)*'Parameters, country spec'!$E$53*'CO2 per kg feed'!K69)/Production!E23 -> 0.3616237 | N22: =(Production!$E$5*'Parameters, country spec'!$E$52*'CO2 per kg feed'!M68+(Production!$E$6+Production!$E$7)*'Parameters, country spec'!$E$53*'CO2 per kg feed'!M69)/Production!E23 -> 0.0003346279 | O22: =(Production!$E$5*'Parameters, country spec'!$E$52*'CO2 per kg feed'!N68+(Production!$E$6+Production!$E$7)*'Parameters, country spec'!$E$53*'CO2 per kg feed'!N69)/Production!E23 -> 0.24572607 | P22: =(Production!$E$5*'Parameters, country spec'!$E$52*'CO2 per kg feed'!O68+(Production!$E$6+Production!$E$7)*'Parameters, country spec'!$E$53*'CO2 per kg feed'!O69)/Production!E23 -> 0.2695554 | Q22: =(Production!$E$5*'Parameters, country spec'!$E$52*'CO2 per kg feed'!P68+(Production!$E$6+Production!$E$7)*'Parameters, country spec'!$E$53*'CO2 per kg feed'!P69)/Production!E23 -> 0.93592491 | R22: =(Production!$E$5*'Parameters, country spec'!$E$52*'CO2 per kg feed'!Q68+(Production!$E$6+Production!$E$7)*'Parameters, country spec'!$E$53*'CO2 per kg feed'!Q69)/Production!E23 -> 0.2302928 | W22: ='Parameters, country spec'!E61*EF_el_CO2_HU -> 0.31797144 | X22: =Energy_slaughter_el_HU*EF_el_CO2_HU+Energy_slaughter_oil_HU*EF_oil_CO2 -> 0.18066106
A23: A01RQ | B23: Rabbit meat | C23: Meat and meat products | D23: Hungary | E23: HU | F23: CH4, fossil | G23: =SUM(H23:X23) -> 0.007930952 | H23: =(Production!$E$5*'Parameters, country spec'!$E$52*'CH4 per kg feed'!G68+(Production!$E$6+Production!$E$7)*'Parameters, country spec'!$E$53*'CH4 per kg feed'!G69)/Production!E23 -> 0.001122619 | I23: =(Production!$E$5*'Parameters, country spec'!$E$52*'CH4 per kg feed'!H68+(Production!$E$6+Production!$E$7)*'Parameters, country spec'!$E$53*'CH4 per kg feed'!H69)/Production!E23 -> 0.00090414821 | L23: =(Production!$E$5*'Parameters, country spec'!$E$52*'CH4 per kg feed'!K68+(Production!$E$6+Production!$E$7)*'Parameters, country spec'!$E$53*'CH4 per kg feed'!K69)/Production!E23 -> 0.00017222351 | N23: =(Production!$E$5*'Parameters, country spec'!$E$52*'CH4 per kg feed'!M68+(Production!$E$6+Production!$E$7)*'Parameters, country spec'!$E$53*'CH4 per kg feed'!M69)/Production!E23 -> 2.8489815e-06 | O23: =(Production!$E$5*'Parameters, country spec'!$E$52*'CH4 per kg feed'!N68+(Production!$E$6+Production!$E$7)*'Parameters, country spec'!$E$53*'CH4 per kg feed'!N69)/Production!E23 -> 0.00019449954 | P23: =(Production!$E$5*'Parameters, country spec'!$E$52*'CH4 per kg feed'!O68+(Production!$E$6+Production!$E$7)*'Parameters, country spec'!$E$53*'CH4 per kg feed'!O69)/Production!E23 -> 0 | Q23: =(Production!$E$5*'Parameters, country spec'!$E$52*'CH4 per kg feed'!P68+(Production!$E$6+Production!$E$7)*'Parameters, country spec'!$E$53*'CH4 per kg feed'!P69)/Production!E23 -> 0.0040872365 | R23: =(Production!$E$5*'Parameters, country spec'!$E$52*'CH4 per kg feed'!Q68+(Production!$E$6+Production!$E$7)*'Parameters, country spec'!$E$53*'CH4 per kg feed'!Q69)/Production!E23 -> 0.00020083772 | W23: ='Parameters, country spec'!E61*EF_el_CH4_HU -> 0.00080283539 | X23: =Energy_slaughter_el_HU*EF_el_CH4_HU+Energy_slaughter_oil_HU*EF_oil_CH4 -> 0.0004437032
A24: A01RQ | B24: Rabbit meat | C24: Meat and meat products | D24: Hungary | E24: HU | F24: CH4, biogenic | G24: =SUM(H24:T24) -> 0.027999577 | S24: =(Production!E5*'Parameters, country spec'!E57+(Production!E6+Production!E7)*'Parameters, country spec'!E57)/Production!E23 -> 0.00032853267 | T24: =SUM(U24:V24) -> 0.027671044 | U24: =Manure!I35 -> 0.027671044
A25: A01RQ | B25: Rabbit meat | C25: Meat and meat products | D25: Hungary | E25: HU | F25: N2O | G25: =SUM(H25:T25)+W25+X25 -> 0.016171812 | H25: =(Production!$E$5*'Parameters, country spec'!$E$52*'N2O per kg feed'!G68+(Production!$E$6+Production!$E$7)*'Parameters, country spec'!$E$53*'N2O per kg feed'!G69)/Production!E23 -> 0.0013200816 | I25: =(Production!$E$5*'Parameters, country spec'!$E$52*'N2O per kg feed'!H68+(Production!$E$6+Production!$E$7)*'Parameters, country spec'!$E$53*'N2O per kg feed'!H69)/Production!E23 -> 9.7448728e-06 | J25: =(Production!$E$5*'Parameters, country spec'!$E$52*'N2O per kg feed'!I68+(Production!$E$6+Production!$E$7)*'Parameters, country spec'!$E$53*'N2O per kg feed'!I69+Manure!I150)/Production!E23 -> 0.0090467297 | K25: =J25*EF_indirect_N2O_HU -> 0.00090467297 | L25: =(Production!$E$5*'Parameters, country spec'!$E$52*'N2O per kg feed'!K68+(Production!$E$6+Production!$E$7)*'Parameters, country spec'!$E$53*'N2O per kg feed'!K69)/Production!E23 -> 9.9688638e-06 | N25: =(Production!$E$5*'Parameters, country spec'!$E$52*'N2O per kg feed'!M68+(Production!$E$6+Production!$E$7)*'Parameters, country spec'!$E$53*'N2O per kg feed'!M69)/Production!E23 -> 3.506847e-08 | O25: =(Production!$E$5*'Parameters, country spec'!$E$52*'N2O per kg feed'!N68+(Production!$E$6+Production!$E$7)*'Parameters, country spec'!$E$53*'N2O per kg feed'!N69)/Production!E23 -> 8.6856926e-06 | P25: =(Production!$E$5*'Parameters, country spec'!$E$52*'N2O per kg feed'!O68+(Production!$E$6+Production!$E$7)*'Parameters, country spec'!$E$53*'N2O per kg feed'!O69)/Production!E23 -> 0 | Q25: =(Production!$E$5*'Parameters, country spec'!$E$52*'N2O per kg feed'!P68+(Production!$E$6+Production!$E$7)*'Parameters, country spec'!$E$53*'N2O per kg feed'!P69)/Production!E23 -> 0.00023887848 | R25: =(Production!$E$5*'Parameters, country spec'!$E$52*'N2O per kg feed'!Q68+(Production!$E$6+Production!$E$7)*'Parameters, country spec'!$E$53*'N2O per kg feed'!Q69)/Production!E23 -> 8.3829157e-06 | T25: =SUM(U25:V25) -> 0.0046071598 | U25: =Manure!$I$92*44/28 -> 0.0025204355 | V25: =Manure!$I$157*17/14*Manure!$H$120 -> 0.0020867242 | W25: ='Parameters, country spec'!E61*EF_el_N2O_HU -> 1.1140536e-05 | X25: =Energy_slaughter_el_HU*EF_el_N2O_HU+Energy_slaughter_oil_HU*EF_oil_N2O -> 6.3318568e-06
A26: A01RQ | B26: Rabbit meat | C26: Meat and meat products | D26: Hungary | E26: HU | F26: CO2e | G26: =SUM(H26:X26) -> 8.7927215 | H26: =SUMPRODUCT(H22:H25,'Parameters, general'!$B$23:$B$26) -> 0.98678155 | I26: =SUMPRODUCT(I22:I25,'Parameters, general'!$B$23:$B$26) -> 0.2800545 | J26: =SUMPRODUCT(J22:J25,'Parameters, general'!$B$23:$B$26) -> 2.4697572 | K26: =SUMPRODUCT(K22:K25,'Parameters, general'!$B$23:$B$26) -> 0.24697572 | L26: =SUMPRODUCT(L22:L25,'Parameters, general'!$B$23:$B$26) -> 0.36947746 | M26: =SUMPRODUCT(M22:M25,'Parameters, general'!$B$23:$B$26) -> 0 | N26: =SUMPRODUCT(N22:N25,'Parameters, general'!$B$23:$B$26) -> 0.00042910124 | O26: =SUMPRODUCT(O22:O25,'Parameters, general'!$B$23:$B$26) -> 0.25389335 | ... T26: =SUMPRODUCT(T22:T25,'Parameters, general'!$B$23:$B$26) -> 2.0048728 | W26: =SUMPRODUCT(W22:W25,'Parameters, general'!$B$23:$B$26) -> 0.3449373 | X26: =SUMPRODUCT(X22:X25,'Parameters, general'!$B$23:$B$26) -> 0.19561201 | Z26: =SUM(H26:R26) -> 6.238429 | AA26: ='CO2 per kg feed'!F68+'CH4 per kg feed'!F68*CF_GWP_CH4_fossil+'N2O per kg feed'!F68*CF_GWP_N2O -> 0.44231563
A27: A01RQ | B27: Rabbit meat | C27: Meat and meat products | D27: Italy | E27: IT | F27: CO2 | G27: =SUM(H27:X27) -> 3.3048845 | H27: =(Production!$F$5*'Parameters, country spec'!$F$52*'CO2 per kg feed'!G84+(Production!$F$6+Production!$F$7)*'Parameters, country spec'!$F$53*'CO2 per kg feed'!G85)/Production!F23 -> 0.61968911 | I27: =(Production!$F$5*'Parameters, country spec'!$F$52*'CO2 per kg feed'!H84+(Production!$F$6+Production!$F$7)*'Parameters, country spec'!$F$53*'CO2 per kg feed'!H85)/Production!F23 -> 0.25138982 | L27: =(Production!$F$5*'Parameters, country spec'!$F$52*'CO2 per kg feed'!K84+(Production!$F$6+Production!$F$7)*'Parameters, country spec'!$F$53*'CO2 per kg feed'!K85)/Production!F23 -> 0.37356539 | N27: =(Production!$F$5*'Parameters, country spec'!$F$52*'CO2 per kg feed'!M84+(Production!$F$6+Production!$F$7)*'Parameters, country spec'!$F$53*'CO2 per kg feed'!M85)/Production!F23 -> 0.0049786265 | O27: =(Production!$F$5*'Parameters, country spec'!$F$52*'CO2 per kg feed'!N84+(Production!$F$6+Production!$F$7)*'Parameters, country spec'!$F$53*'CO2 per kg feed'!N85)/Production!F23 -> 0.24111287 | P27: =(Production!$F$5*'Parameters, country spec'!$F$52*'CO2 per kg feed'!O84+(Production!$F$6+Production!$F$7)*'Parameters, country spec'!$F$53*'CO2 per kg feed'!O85)/Production!F23 -> 0.2695154 | Q27: =(Production!$F$5*'Parameters, country spec'!$F$52*'CO2 per kg feed'!P84+(Production!$F$6+Production!$F$7)*'Parameters, country spec'!$F$53*'CO2 per kg feed'!P85)/Production!F23 -> 0.83512509 | R27: =(Production!$F$5*'Parameters, country spec'!$F$52*'CO2 per kg feed'!Q84+(Production!$F$6+Production!$F$7)*'Parameters, country spec'!$F$53*'CO2 per kg feed'!Q85)/Production!F23 -> 0.27758843 | W27: ='Parameters, country spec'!F61*EF_el_CO2_IT -> 0.27492891 | X27: =Energy_slaughter_el_IT*EF_el_CO2_IT+Energy_slaughter_oil_IT*EF_oil_CO2 -> 0.15699085
A28: A01RQ | B28: Rabbit meat | C28: Meat and meat products | D28: Italy | E28: IT | F28: CH4, fossil | G28: =SUM(H28:X28) -> 0.0096225463 | H28: =(Production!$F$5*'Parameters, country spec'!$F$52*'CH4 per kg feed'!G84+(Production!$F$6+Production!$F$7)*'Parameters, country spec'!$F$53*'CH4 per kg feed'!G85)/Production!F23 -> 0.0011709114 | I28: =(Production!$F$5*'Parameters, country spec'!$F$52*'CH4 per kg feed'!H84+(Production!$F$6+Production!$F$7)*'Parameters, country spec'!$F$53*'CH4 per kg feed'!H85)/Production!F23 -> 0.00090745089 | L28: =(Production!$F$5*'Parameters, country spec'!$F$52*'CH4 per kg feed'!K84+(Production!$F$6+Production!$F$7)*'Parameters, country spec'!$F$53*'CH4 per kg feed'!K85)/Production!F23 -> 0.00018289181 | N28: =(Production!$F$5*'Parameters, country spec'!$F$52*'CH4 per kg feed'!M84+(Production!$F$6+Production!$F$7)*'Parameters, country spec'!$F$53*'CH4 per kg feed'!M85)/Production!F23 -> 1.4470119e-05 | O28: =(Production!$F$5*'Parameters, country spec'!$F$52*'CH4 per kg feed'!N84+(Production!$F$6+Production!$F$7)*'Parameters, country spec'!$F$53*'CH4 per kg feed'!N85)/Production!F23 -> 0.00024400987 | P28: =(Production!$F$5*'Parameters, country spec'!$F$52*'CH4 per kg feed'!O84+(Production!$F$6+Production!$F$7)*'Parameters, country spec'!$F$53*'CH4 per kg feed'!O85)/Production!F23 -> 0 | Q28: =(Production!$F$5*'Parameters, country spec'!$F$52*'CH4 per kg feed'!P84+(Production!$F$6+Production!$F$7)*'Parameters, country spec'!$F$53*'CH4 per kg feed'!P85)/Production!F23 -> 0.0050050946 | R28: =(Production!$F$5*'Parameters, country spec'!$F$52*'CH4 per kg feed'!Q84+(Production!$F$6+Production!$F$7)*'Parameters, country spec'!$F$53*'CH4 per kg feed'!Q85)/Production!F23 -> 0.00024307707 | W28: ='Parameters, country spec'!F61*EF_el_CH4_IT -> 0.001195178 | X28: =Energy_slaughter_el_IT*EF_el_CH4_IT+Energy_slaughter_oil_IT*EF_oil_CH4 -> 0.00065946258
A29: A01RQ | B29: Rabbit meat | C29: Meat and meat products | D29: Italy | E29: IT | F29: CH4, biogenic | G29: =SUM(H29:T29) -> 0.027964304 | S29: =(Production!F5*'Parameters, country spec'!F57+(Production!F6+Production!F7)*'Parameters, country spec'!F57)/Production!F23 -> 0.0003281188 | T29: =SUM(U29:V29) -> 0.027636186 | U29: =Manure!K35 -> 0.027636186
A30: A01RQ | B30: Rabbit meat | C30: Meat and meat products | D30: Italy | E30: IT | F30: N2O | G30: =SUM(H30:T30)+W30+X30 -> 0.016555087 | H30: =(Production!$F$5*'Parameters, country spec'!$F$52*'N2O per kg feed'!G84+(Production!$F$6+Production!$F$7)*'Parameters, country spec'!$F$53*'N2O per kg feed'!G85)/Production!F23 -> 0.0013787162 | I30: =(Production!$F$5*'Parameters, country spec'!$F$52*'N2O per kg feed'!H84+(Production!$F$6+Production!$F$7)*'Parameters, country spec'!$F$53*'N2O per kg feed'!H85)/Production!F23 -> 9.7831845e-06 | J30: =(Production!$F$5*'Parameters, country spec'!$F$52*'N2O per kg feed'!I84+(Production!$F$6+Production!$F$7)*'Parameters, country spec'!$F$53*'N2O per kg feed'!I85+Manure!K150)/Production!F23 -> 0.0093410402 | K30: =J30*EF_indirect_N2O_IT -> 0.00093410402 | L30: =(Production!$F$5*'Parameters, country spec'!$F$52*'N2O per kg feed'!K84+(Production!$F$6+Production!$F$7)*'Parameters, country spec'!$F$53*'N2O per kg feed'!K85)/Production!F23 -> 1.0361198e-05 | N30: =(Production!$F$5*'Parameters, country spec'!$F$52*'N2O per kg feed'!M84+(Production!$F$6+Production!$F$7)*'Parameters, country spec'!$F$53*'N2O per kg feed'!M85)/Production!F23 -> 1.7811153e-07 | O30: =(Production!$F$5*'Parameters, country spec'!$F$52*'N2O per kg feed'!N84+(Production!$F$6+Production!$F$7)*'Parameters, country spec'!$F$53*'N2O per kg feed'!N85)/Production!F23 -> 8.7764629e-06 | P30: =(Production!$F$5*'Parameters, country spec'!$F$52*'N2O per kg feed'!O84+(Production!$F$6+Production!$F$7)*'Parameters, country spec'!$F$53*'N2O per kg feed'!O85)/Production!F23 -> 0 | Q30: =(Production!$F$5*'Parameters, country spec'!$F$52*'N2O per kg feed'!P84+(Production!$F$6+Production!$F$7)*'Parameters, country spec'!$F$53*'N2O per kg feed'!P85)/Production!F23 -> 0.00024078313 | R30: =(Production!$F$5*'Parameters, country spec'!$F$52*'N2O per kg feed'!Q84+(Production!$F$6+Production!$F$7)*'Parameters, country spec'!$F$53*'N2O per kg feed'!Q85)/Production!F23 -> 1.1239857e-05 | T30: =SUM(U30:V30) -> 0.0046013559 | U30: =Manure!$K$92*44/28 -> 0.0025172604 | V30: =Manure!$K$157*17/14*Manure!$J$120 -> 0.0020840955 | W30: ='Parameters, country spec'!F61*EF_el_N2O_IT -> 1.1964081e-05 | X30: =Energy_slaughter_el_IT*EF_el_N2O_IT+Energy_slaughter_oil_IT*EF_oil_N2O -> 6.7847454e-06
A31: A01RQ | B31: Rabbit meat | C31: Meat and meat products | D31: Italy | E31: IT | F31: CO2e | G31: =SUM(H31:X31) -> 8.8662114 | H31: =SUMPRODUCT(H27:H30,'Parameters, general'!$B$23:$B$26) -> 1.0309718 | I31: =SUMPRODUCT(I27:I30,'Parameters, general'!$B$23:$B$26) -> 0.28110267 | J31: =SUMPRODUCT(J27:J30,'Parameters, general'!$B$23:$B$26) -> 2.550104 | K31: =SUMPRODUCT(K27:K30,'Parameters, general'!$B$23:$B$26) -> 0.2550104 | L31: =SUMPRODUCT(L27:L30,'Parameters, general'!$B$23:$B$26) -> 0.38184418 | M31: =SUMPRODUCT(M27:M30,'Parameters, general'!$B$23:$B$26) -> 0 | N31: =SUMPRODUCT(N27:N30,'Parameters, general'!$B$23:$B$26) -> 0.0054584605 | O31: =SUMPRODUCT(O27:O30,'Parameters, general'!$B$23:$B$26) -> 0.25078033 | ... T31: =SUMPRODUCT(T27:T30,'Parameters, general'!$B$23:$B$26) -> 2.0023472 | W31: =SUMPRODUCT(W27:W30,'Parameters, general'!$B$23:$B$26) -> 0.31381141 | X31: =SUMPRODUCT(X27:X30,'Parameters, general'!$B$23:$B$26) -> 0.17849507 | Z31: =SUM(H31:R31) -> 6.3626985 | AA31: ='CO2 per kg feed'!F84+'CH4 per kg feed'!F84*CF_GWP_CH4_fossil+'N2O per kg feed'!F84*CF_GWP_N2O -> 0.45410437
A32: A01RQ | B32: Rabbit meat | C32: Meat and meat products | D32: Netherland | E32: NL | F32: CO2 | G32: =SUM(H32:X32) -> 3.6744386 | H32: =(Production!$G$5*'Parameters, country spec'!$G$52*'CO2 per kg feed'!G100+(Production!$G$6+Production!$G$7)*'Parameters, country spec'!$G$53*'CO2 per kg feed'!G100)/Production!G23 -> 0.83218941 | I32: =(Production!$G$5*'Parameters, country spec'!$G$52*'CO2 per kg feed'!H100+(Production!$G$6+Production!$G$7)*'Parameters, country spec'!$G$53*'CO2 per kg feed'!H101)/Production!G23 -> 0.25045053 | L32: =(Production!$G$5*'Parameters, country spec'!$G$52*'CO2 per kg feed'!K100+(Production!$G$6+Production!$G$7)*'Parameters, country spec'!$G$53*'CO2 per kg feed'!K101)/Production!G23 -> 0.27759491 | N32: =(Production!$G$5*'Parameters, country spec'!$G$52*'CO2 per kg feed'!M100+(Production!$G$6+Production!$G$7)*'Parameters, country spec'!$G$53*'CO2 per kg feed'!M101)/Production!G23 -> 0.0048968427 | O32: =(Production!$G$5*'Parameters, country spec'!$G$52*'CO2 per kg feed'!N100+(Production!$G$6+Production!$G$7)*'Parameters, country spec'!$G$53*'CO2 per kg feed'!N101)/Production!G23 -> 0.25031275 | P32: =(Production!$G$5*'Parameters, country spec'!$G$52*'CO2 per kg feed'!O100+(Production!$G$6+Production!$G$7)*'Parameters, country spec'!$G$53*'CO2 per kg feed'!O101)/Production!G23 -> 0.2695554 | Q32: =(Production!$G$5*'Parameters, country spec'!$G$52*'CO2 per kg feed'!P100+(Production!$G$6+Production!$G$7)*'Parameters, country spec'!$G$53*'CO2 per kg feed'!P101)/Production!G23 -> 0.98078486 | R32: =(Production!$G$5*'Parameters, country spec'!$G$52*'CO2 per kg feed'!Q100+(Production!$G$6+Production!$G$7)*'Parameters, country spec'!$G$53*'CO2 per kg feed'!Q101)/Production!G23 -> 0.24285257 | W32: ='Parameters, country spec'!G61*EF_el_CO2_NL -> 0.36130822 | X32: =Energy_slaughter_el_NL*EF_el_CO2_NL+Energy_slaughter_oil_NL*EF_oil_CO2 -> 0.20449308
A33: A01RQ | B33: Rabbit meat | C33: Meat and meat products | D33: Netherland | E33: NL | F33: CH4, fossil | G33: =SUM(H33:X33) -> 0.0071085321 | H33: =(Production!$G$5*'Parameters, country spec'!$G$52*'CH4 per kg feed'!G100+(Production!$G$6+Production!$G$7)*'Parameters, country spec'!$G$53*'CH4 per kg feed'!G101)/Production!G23 -> 0.0015497775 | I33: =(Production!$G$5*'Parameters, country spec'!$G$52*'CH4 per kg feed'!H100+(Production!$G$6+Production!$G$7)*'Parameters, country spec'!$G$53*'CH4 per kg feed'!H101)/Production!G23 -> 0.00090414821 | L33: =(Production!$G$5*'Parameters, country spec'!$G$52*'CH4 per kg feed'!K100+(Production!$G$6+Production!$G$7)*'Parameters, country spec'!$G$53*'CH4 per kg feed'!K101)/Production!G23 -> 0.00013208289 | N33: =(Production!$G$5*'Parameters, country spec'!$G$52*'CH4 per kg feed'!M100+(Production!$G$6+Production!$G$7)*'Parameters, country spec'!$G$53*'CH4 per kg feed'!M101)/Production!G23 -> 1.3770035e-05 | O33: =(Production!$G$5*'Parameters, country spec'!$G$52*'CH4 per kg feed'!N100+(Production!$G$6+Production!$G$7)*'Parameters, country spec'!$G$53*'CH4 per kg feed'!N101)/Production!G23 -> 0.00018349152 | P33: =(Production!$G$5*'Parameters, country spec'!$G$52*'CH4 per kg feed'!O100+(Production!$G$6+Production!$G$7)*'Parameters, country spec'!$G$53*'CH4 per kg feed'!O101)/Production!G23 -> 0 | Q33: =(Production!$G$5*'Parameters, country spec'!$G$52*'CH4 per kg feed'!P100+(Production!$G$6+Production!$G$7)*'Parameters, country spec'!$G$53*'CH4 per kg feed'!P101)/Production!G23 -> 0.0037176209 | R33: =(Production!$G$5*'Parameters, country spec'!$G$52*'CH4 per kg feed'!Q100+(Production!$G$6+Production!$G$7)*'Parameters, country spec'!$G$53*'CH4 per kg feed'!Q101)/Production!G23 -> 0.00021204883 | W33: ='Parameters, country spec'!G66*EF_el_CH4_NL -> 0 | X33: =Energy_slaughter_el_NL*EF_el_CH4_NL+Energy_slaughter_oil_NL*EF_oil_CH4 -> 0.00039559218
A34: A01RQ | B34: Rabbit meat | C34: Meat and meat products | D34: Netherland | E34: NL | F34: CH4, biogenic | G34: =SUM(H34:T34) -> 0.027999577 | S34: =(Production!G5*'Parameters, country spec'!G57+(Production!G6+Production!G7)*'Parameters, country spec'!G57)/Production!G23 -> 0.00032853267 | T34: =SUM(U34:V34) -> 0.027671044 | U34: =Manure!M35 -> 0.027671044
A35: A01RQ | B35: Rabbit meat | C35: Meat and meat products | D35: Netherland | E35: NL | F35: N2O | G35: =SUM(H35:T35)+W35+X35 -> 0.020593339 | H35: =(Production!$G$5*'Parameters, country spec'!$G$52*'N2O per kg feed'!G100+(Production!$G$6+Production!$G$7)*'Parameters, country spec'!$G$53*'N2O per kg feed'!G101)/Production!G23 -> 0.0018323739 | I35: =(Production!$G$5*'Parameters, country spec'!$G$52*'N2O per kg feed'!H100+(Production!$G$6+Production!$G$7)*'Parameters, country spec'!$G$53*'N2O per kg feed'!H101)/Production!G23 -> 9.7448728e-06 | J35: =(Production!$G$5*'Parameters, country spec'!$G$52*'N2O per kg feed'!I100+(Production!$G$6+Production!$G$7)*'Parameters, country spec'!$G$53*'N2O per kg feed'!I101+Manure!M150)/Production!G23 -> 0.012588209 | K35: =J35*EF_indirect_N2O_NL -> 0.0012588209 | L35: =(Production!$G$5*'Parameters, country spec'!$G$52*'N2O per kg feed'!K100+(Production!$G$6+Production!$G$7)*'Parameters, country spec'!$G$53*'N2O per kg feed'!K101)/Production!G23 -> 7.8011782e-06 | N35: =(Production!$G$5*'Parameters, country spec'!$G$52*'N2O per kg feed'!M100+(Production!$G$6+Production!$G$7)*'Parameters, country spec'!$G$53*'N2O per kg feed'!M101)/Production!G23 -> 1.6939074e-07 | O35: =(Production!$G$5*'Parameters, country spec'!$G$52*'N2O per kg feed'!N100+(Production!$G$6+Production!$G$7)*'Parameters, country spec'!$G$53*'N2O per kg feed'!N101)/Production!G23 -> 9.0984933e-06 | P35: =(Production!$G$5*'Parameters, country spec'!$G$52*'N2O per kg feed'!O100+(Production!$G$6+Production!$G$7)*'Parameters, country spec'!$G$53*'N2O per kg feed'!O101)/Production!G23 -> 0 | Q35: =(Production!$G$5*'Parameters, country spec'!$G$52*'N2O per kg feed'!P100+(Production!$G$6+Production!$G$7)*'Parameters, country spec'!$G$53*'N2O per kg feed'!P101)/Production!G23 -> 0.00024814416 | R35: =(Production!$G$5*'Parameters, country spec'!$G$52*'N2O per kg feed'!Q100+(Production!$G$6+Production!$G$7)*'Parameters, country spec'!$G$53*'N2O per kg feed'!Q101)/Production!G23 -> 9.1295972e-06 | T35: =SUM(U35:V35) -> 0.0046071598 | U35: =Manure!$M$92*44/28 -> 0.0025204355 | V35: =Manure!$M$157*17/14*Manure!$L$120 -> 0.0020867242 | W35: ='Parameters, country spec'!G61*EF_el_N2O_NL -> 1.4505541e-05 | X35: =Energy_slaughter_el_NL*EF_el_N2O_NL+Energy_slaughter_oil_NL*EF_oil_N2O -> 8.18236e-06
A36: A01RQ | B36: Rabbit meat | C36: Meat and meat products | D36: Netherland | E36: NL | F36: CO2e | G36: =SUM(H36:X36) -> 10.264243 | H36: =SUMPRODUCT(H32:H35,'Parameters, general'!$B$23:$B$26) -> 1.3786109 | I36: =SUMPRODUCT(I32:I35,'Parameters, general'!$B$23:$B$26) -> 0.2800545 | J36: =SUMPRODUCT(J32:J35,'Parameters, general'!$B$23:$B$26) -> 3.436581 | K36: =SUMPRODUCT(K32:K35,'Parameters, general'!$B$23:$B$26) -> 0.3436581 | L36: =SUMPRODUCT(L32:L35,'Parameters, general'!$B$23:$B$26) -> 0.2836607 | M36: =SUMPRODUCT(M32:M35,'Parameters, general'!$B$23:$B$26) -> 0 | N36: =SUMPRODUCT(N32:N35,'Parameters, general'!$B$23:$B$26) -> 0.0053534334 | O36: =SUMPRODUCT(O32:O35,'Parameters, general'!$B$23:$B$26) -> 0.25826468 | ... T36: =SUMPRODUCT(T32:T35,'Parameters, general'!$B$23:$B$26) -> 2.0048728 | W36: =SUMPRODUCT(W32:W35,'Parameters, general'!$B$23:$B$26) -> 0.36526823 | X36: =SUMPRODUCT(X32:X35,'Parameters, general'!$B$23:$B$26) -> 0.21851551 | Z36: =SUM(H36:R36) -> 7.666716 | AA36: ='CO2 per kg feed'!F100+'CH4 per kg feed'!F100*CF_GWP_CH4_fossil+'N2O per kg feed'!F100*CF_GWP_N2O -> 0.57775914
A37: A01RQ | B37: Rabbit meat | C37: Meat and meat products | D37: Poland | E37: PL | F37: CO2 | G37: =SUM(H37:X37) -> 3.4984234 | H37: =(Production!$H$5*'Parameters, country spec'!$H$52*'CO2 per kg feed'!G116+(Production!$H$6+Production!$H$7)*'Parameters, country spec'!$H$53*'CO2 per kg feed'!G45)/Production!H23 -> 0.86097533 | I37: =(Production!$H$5*'Parameters, country spec'!$H$52*'CO2 per kg feed'!H116+(Production!$H$6+Production!$H$7)*'Parameters, country spec'!$H$53*'CO2 per kg feed'!H45)/Production!H23 -> 0.26079787 | L37: =(Production!$H$5*'Parameters, country spec'!$H$52*'CO2 per kg feed'!K116+(Production!$H$6+Production!$H$7)*'Parameters, country spec'!$H$53*'CO2 per kg feed'!K45)/Production!H23 -> 0.61240901 | N37: =(Production!$H$5*'Parameters, country spec'!$H$52*'CO2 per kg feed'!M116+(Production!$H$6+Production!$H$7)*'Parameters, country spec'!$H$53*'CO2 per kg feed'!M45)/Production!H23 -> 0.017506207 | O37: =(Production!$H$5*'Parameters, country spec'!$H$52*'CO2 per kg feed'!N116+(Production!$H$6+Production!$H$7)*'Parameters, country spec'!$H$53*'CO2 per kg feed'!N45)/Production!H23 -> 0.43303231 | P37: =(Production!$H$5*'Parameters, country spec'!$H$52*'CO2 per kg feed'!O116+(Production!$H$6+Production!$H$7)*'Parameters, country spec'!$H$53*'CO2 per kg feed'!O45)/Production!H23 -> 0.036971466 | Q37: =(Production!$H$5*'Parameters, country spec'!$H$52*'CO2 per kg feed'!P116+(Production!$H$6+Production!$H$7)*'Parameters, country spec'!$H$53*'CO2 per kg feed'!P45)/Production!H23 -> 0.13977706 | R37: =(Production!$H$5*'Parameters, country spec'!$H$52*'CO2 per kg feed'!Q116+(Production!$H$6+Production!$H$7)*'Parameters, country spec'!$H$53*'CO2 per kg feed'!Q45)/Production!H23 -> 0.031458935 | W37: ='Parameters, country spec'!H61*EF_el_CO2_PL -> 0.70951451 | X37: =Energy_slaughter_el_PL*EF_el_CO2_PL+Energy_slaughter_oil_PL*EF_oil_CO2 -> 0.39598074
A38: A01RQ | B38: Rabbit meat | C38: Meat and meat products | D38: Poland | E38: PL | F38: CH4, fossil | G38: =SUM(H38:X38) -> 0.0044924811 | H38: =(Production!$H$5*'Parameters, country spec'!$H$52*'CH4 per kg feed'!G116+(Production!$H$6+Production!$H$7)*'Parameters, country spec'!$H$53*'CH4 per kg feed'!G45)/Production!H23 -> 0.0016095721 | I38: =(Production!$H$5*'Parameters, country spec'!$H$52*'CH4 per kg feed'!H116+(Production!$H$6+Production!$H$7)*'Parameters, country spec'!$H$53*'CH4 per kg feed'!H45)/Production!H23 -> 0.00096352352 | L38: =(Production!$H$5*'Parameters, country spec'!$H$52*'CH4 per kg feed'!K116+(Production!$H$6+Production!$H$7)*'Parameters, country spec'!$H$53*'CH4 per kg feed'!K45)/Production!H23 -> 0.00027253551 | N38: =(Production!$H$5*'Parameters, country spec'!$H$52*'CH4 per kg feed'!M116+(Production!$H$6+Production!$H$7)*'Parameters, country spec'!$H$53*'CH4 per kg feed'!M45)/Production!H23 -> 5.7185977e-05 | O38: =(Production!$H$5*'Parameters, country spec'!$H$52*'CH4 per kg feed'!N116+(Production!$H$6+Production!$H$7)*'Parameters, country spec'!$H$53*'CH4 per kg feed'!N45)/Production!H23 -> 0.0003593765 | P38: =(Production!$H$5*'Parameters, country spec'!$H$52*'CH4 per kg feed'!O116+(Production!$H$6+Production!$H$7)*'Parameters, country spec'!$H$53*'CH4 per kg feed'!O45)/Production!H23 -> 0 | Q38: =(Production!$H$5*'Parameters, country spec'!$H$52*'CH4 per kg feed'!P116+(Production!$H$6+Production!$H$7)*'Parameters, country spec'!$H$53*'CH4 per kg feed'!P45)/Production!H23 -> 0.00044877742 | R38: =(Production!$H$5*'Parameters, country spec'!$H$52*'CH4 per kg feed'!Q116+(Production!$H$6+Production!$H$7)*'Parameters, country spec'!$H$53*'CH4 per kg feed'!Q45)/Production!H23 -> 2.751346e-05 | W38: ='Parameters, country spec'!H71*EF_el_CH4_PL -> 3.3078381e-08 | X38: =Energy_slaughter_el_PL*EF_el_CH4_PL+Energy_slaughter_oil_PL*EF_oil_CH4 -> 0.00075396353
A39: A01RQ | B39: Rabbit meat | C39: Meat and meat products | D39: Poland | E39: PL | F39: CH4, biogenic | G39: =SUM(H39:T39) -> 0.025096163 | S39: =(Production!H5*'Parameters, country spec'!H57+(Production!H6+Production!H7)*'Parameters, country spec'!H57)/Production!H23 -> 0.000324845 | T39: =SUM(U39:V39) -> 0.024771318 | U39: =Manure!O35 -> 0.024771318
A40: A01RQ | B40: Rabbit meat | C40: Meat and meat products | D40: Poland | E40: PL | F40: N2O | G40: =SUM(H40:T40)+W40+X40 -> 0.01675904 | H40: =(Production!$H$5*'Parameters, country spec'!$H$52*'N2O per kg feed'!G116+(Production!$H$6+Production!$H$7)*'Parameters, country spec'!$H$53*'N2O per kg feed'!G45)/Production!H23 -> 0.0018937517 | I40: =(Production!$H$5*'Parameters, country spec'!$H$52*'N2O per kg feed'!H116+(Production!$H$6+Production!$H$7)*'Parameters, country spec'!$H$53*'N2O per kg feed'!H45)/Production!H23 -> 9.7070713e-06 | J40: =(Production!$H$5*'Parameters, country spec'!$H$52*'N2O per kg feed'!I116+(Production!$H$6+Production!$H$7)*'Parameters, country spec'!$H$53*'N2O per kg feed'!I45+Manure!O150)/Production!H23 -> 0.0092940317 | K40: =J40*EF_indirect_N2O_PL -> 0.00092940317 | L40: =(Production!$H$5*'Parameters, country spec'!$H$52*'N2O per kg feed'!K116+(Production!$H$6+Production!$H$7)*'Parameters, country spec'!$H$53*'N2O per kg feed'!K45)/Production!H23 -> 1.6532775e-05 | N40: =(Production!$H$5*'Parameters, country spec'!$H$52*'N2O per kg feed'!M116+(Production!$H$6+Production!$H$7)*'Parameters, country spec'!$H$53*'N2O per kg feed'!M45)/Production!H23 -> 7.0429784e-07 | O40: =(Production!$H$5*'Parameters, country spec'!$H$52*'N2O per kg feed'!N116+(Production!$H$6+Production!$H$7)*'Parameters, country spec'!$H$53*'N2O per kg feed'!N45)/Production!H23 -> 1.5011245e-05 | P40: =(Production!$H$5*'Parameters, country spec'!$H$52*'N2O per kg feed'!O116+(Production!$H$6+Production!$H$7)*'Parameters, country spec'!$H$53*'N2O per kg feed'!O45)/Production!H23 -> 0 | Q40: =(Production!$H$5*'Parameters, country spec'!$H$52*'N2O per kg feed'!P116+(Production!$H$6+Production!$H$7)*'Parameters, country spec'!$H$53*'N2O per kg feed'!P45)/Production!H23 -> 2.3266687e-05 | R40: =(Production!$H$5*'Parameters, country spec'!$H$52*'N2O per kg feed'!Q116+(Production!$H$6+Production!$H$7)*'Parameters, country spec'!$H$53*'N2O per kg feed'!Q45)/Production!H23 -> 1.138148e-06 | T40: =SUM(U40:V40) -> 0.0045554459 | U40: =Manure!$O$92*44/28 -> 0.0024921445 | V40: =Manure!$O$157*17/14*Manure!$N$120 -> 0.0020633014 | W40: ='Parameters, country spec'!H61*EF_el_N2O_PL -> 1.2802083e-05 | X40: =Energy_slaughter_el_PL*EF_el_N2O_PL+Energy_slaughter_oil_PL*EF_oil_N2O -> 7.2455844e-06
A41: A01RQ | B41: Rabbit meat | C41: Meat and meat products | D41: Poland | E41: PL | F41: CO2e | G41: =SUM(H41:X41) -> 8.8851138 | H41: =SUMPRODUCT(H37:H40,'Parameters, general'!$B$23:$B$26) -> 1.4259348 | I41: =SUMPRODUCT(I37:I40,'Parameters, general'!$B$23:$B$26) -> 0.29216091 | J41: =SUMPRODUCT(J37:J40,'Parameters, general'!$B$23:$B$26) -> 2.5372707 | K41: =SUMPRODUCT(K37:K40,'Parameters, general'!$B$23:$B$26) -> 0.25372707 | L41: =SUMPRODUCT(L37:L40,'Parameters, general'!$B$23:$B$26) -> 0.62504401 | M41: =SUMPRODUCT(M37:M40,'Parameters, general'!$B$23:$B$26) -> 0 | N41: =SUMPRODUCT(N37:N40,'Parameters, general'!$B$23:$B$26) -> 0.019402623 | O41: =SUMPRODUCT(O37:O40,'Parameters, general'!$B$23:$B$26) -> 0.4478398 | ... T41: =SUMPRODUCT(T37:T40,'Parameters, general'!$B$23:$B$26) -> 1.9124623 | W41: =SUMPRODUCT(W37:W40,'Parameters, general'!$B$23:$B$26) -> 0.71301047 | X41: =SUMPRODUCT(X37:X40,'Parameters, general'!$B$23:$B$26) -> 0.4204269 | Z41: =SUM(H41:R41) -> 5.8304433 | AA41: ='CO2 per kg feed'!F116+'CH4 per kg feed'!F116*CF_GWP_CH4_fossil+'N2O per kg feed'!F116*CF_GWP_N2O -> 0.57279437
A42: A01RQ | B42: Rabbit meat | C42: Meat and meat products | D42: Spain | E42: ES | F42: CO2 | G42: =SUM(H42:X42) -> 2.7795669 | H42: =(Production!$I$5*'Parameters, country spec'!$I$52*'CO2 per kg feed'!G132+(Production!$I$6+Production!$I$7)*'Parameters, country spec'!$I$53*'CO2 per kg feed'!G133)/Production!I23 -> 0.22935597 | I42: =(Production!$I$5*'Parameters, country spec'!$I$52*'CO2 per kg feed'!H132+(Production!$I$6+Production!$I$7)*'Parameters, country spec'!$I$53*'CO2 per kg feed'!H133)/Production!I23 -> 0.25387018 | L42: =(Production!$I$5*'Parameters, country spec'!$I$52*'CO2 per kg feed'!K132+(Production!$I$6+Production!$I$7)*'Parameters, country spec'!$I$53*'CO2 per kg feed'!K133)/Production!I23 -> 0.42810473 | N42: =(Production!$I$5*'Parameters, country spec'!$I$52*'CO2 per kg feed'!M132+(Production!$I$6+Production!$I$7)*'Parameters, country spec'!$I$53*'CO2 per kg feed'!M133)/Production!I23 -> 0.021247504 | O42: =(Production!$I$5*'Parameters, country spec'!$I$52*'CO2 per kg feed'!N132+(Production!$I$6+Production!$I$7)*'Parameters, country spec'!$I$53*'CO2 per kg feed'!N133)/Production!I23 -> 0.2308247 | P42: =(Production!$I$5*'Parameters, country spec'!$I$52*'CO2 per kg feed'!O132+(Production!$I$6+Production!$I$7)*'Parameters, country spec'!$I$53*'CO2 per kg feed'!O133)/Production!I23 -> 0.27502473 | Q42: =(Production!$I$5*'Parameters, country spec'!$I$52*'CO2 per kg feed'!P132+(Production!$I$6+Production!$I$7)*'Parameters, country spec'!$I$53*'CO2 per kg feed'!P133)/Production!I23 -> 0.65496063 | R42: =(Production!$I$5*'Parameters, country spec'!$I$52*'CO2 per kg feed'!Q132+(Production!$I$6+Production!$I$7)*'Parameters, country spec'!$I$53*'CO2 per kg feed'!Q133)/Production!I23 -> 0.37811308 | W42: ='Parameters, country spec'!I61*EF_el_CO2_ES -> 0.19501905 | X42: =Energy_slaughter_el_ES*EF_el_CO2_ES+Energy_slaughter_oil_ES*EF_oil_CO2 -> 0.11304635
A43: A01RQ | B43: Rabbit meat | C43: Meat and meat products | D43: Spain | E43: ES | F43: CH4, fossil | G43: =SUM(H43:X43) -> 0.0061204156 | H43: =(Production!$I$5*'Parameters, country spec'!$I$52*'CH4 per kg feed'!G132+(Production!$I$6+Production!$I$7)*'Parameters, country spec'!$I$53*'CH4 per kg feed'!G133)/Production!I23 -> 0.00043669257 | I43: =(Production!$I$5*'Parameters, country spec'!$I$52*'CH4 per kg feed'!H132+(Production!$I$6+Production!$I$7)*'Parameters, country spec'!$I$53*'CH4 per kg feed'!H133)/Production!I23 -> 0.00091648438 | L43: =(Production!$I$5*'Parameters, country spec'!$I$52*'CH4 per kg feed'!K132+(Production!$I$6+Production!$I$7)*'Parameters, country spec'!$I$53*'CH4 per kg feed'!K133)/Production!I23 -> 0.00020186047 | N43: =(Production!$I$5*'Parameters, country spec'!$I$52*'CH4 per kg feed'!M132+(Production!$I$6+Production!$I$7)*'Parameters, country spec'!$I$53*'CH4 per kg feed'!M133)/Production!I23 -> 6.694574e-05 | O43: =(Production!$I$5*'Parameters, country spec'!$I$52*'CH4 per kg feed'!N132+(Production!$I$6+Production!$I$7)*'Parameters, country spec'!$I$53*'CH4 per kg feed'!N133)/Production!I23 -> 0.00017180301 | P43: =(Production!$I$5*'Parameters, country spec'!$I$52*'CH4 per kg feed'!O132+(Production!$I$6+Production!$I$7)*'Parameters, country spec'!$I$53*'CH4 per kg feed'!O133)/Production!I23 -> 0 | Q43: =(Production!$I$5*'Parameters, country spec'!$I$52*'CH4 per kg feed'!P132+(Production!$I$6+Production!$I$7)*'Parameters, country spec'!$I$53*'CH4 per kg feed'!P133)/Production!I23 -> 0.0036611602 | R43: =(Production!$I$5*'Parameters, country spec'!$I$52*'CH4 per kg feed'!Q132+(Production!$I$6+Production!$I$7)*'Parameters, country spec'!$I$53*'CH4 per kg feed'!Q133)/Production!I23 -> 0.00033175211 | W43: ='Parameters, country spec'!I76*EF_el_CH4_ES -> 0 | X43: =Energy_slaughter_el_ES*EF_el_CH4_ES+Energy_slaughter_oil_ES*EF_oil_CH4 -> 0.00033371713
A44: A01RQ | B44: Rabbit meat | C44: Meat and meat products | D44: Spain | E44: ES | F44: CH4, biogenic | G44: =SUM(H44:T44) -> 0.03779962 | S44: =(Production!I5*'Parameters, country spec'!I57+(Production!I6+Production!I7)*'Parameters, country spec'!I57)/Production!I23 -> 0.00038512555 | T44: =SUM(U44:V44) -> 0.037414495 | U44: =Manure!Q35 -> 0.037414495
A45: A01RQ | B45: Rabbit meat | C45: Meat and meat products | D45: Spain | E45: ES | F45: N2O | G45: =SUM(H45:T45)+W45+X45 -> 0.017807734 | H45: =(Production!$I$5*'Parameters, country spec'!$I$52*'N2O per kg feed'!G132+(Production!$I$6+Production!$I$7)*'Parameters, country spec'!$I$53*'N2O per kg feed'!G133)/Production!I23 -> 0.00050655021 | I45: =(Production!$I$5*'Parameters, country spec'!$I$52*'N2O per kg feed'!H132+(Production!$I$6+Production!$I$7)*'Parameters, country spec'!$I$53*'N2O per kg feed'!H133)/Production!I23 -> 9.8781097e-06 | J45: =(Production!$I$5*'Parameters, country spec'!$I$52*'N2O per kg feed'!I132+(Production!$I$6+Production!$I$7)*'Parameters, country spec'!$I$53*'N2O per kg feed'!I133+Manure!Q150)/Production!I23 -> 0.010546802 | K45: =J45*EF_indirect_N2O_ES -> 0.0010546802 | L45: =(Production!$I$5*'Parameters, country spec'!$I$52*'N2O per kg feed'!K132+(Production!$I$6+Production!$I$7)*'Parameters, country spec'!$I$53*'N2O per kg feed'!K133)/Production!I23 -> 1.1833526e-05 | N45: =(Production!$I$5*'Parameters, country spec'!$I$52*'N2O per kg feed'!M132+(Production!$I$6+Production!$I$7)*'Parameters, country spec'!$I$53*'N2O per kg feed'!M133)/Production!I23 -> 8.2467165e-07 | O45: =(Production!$I$5*'Parameters, country spec'!$I$52*'N2O per kg feed'!N132+(Production!$I$6+Production!$I$7)*'Parameters, country spec'!$I$53*'N2O per kg feed'!N133)/Production!I23 -> 8.4908629e-06 | P45: =(Production!$I$5*'Parameters, country spec'!$I$52*'N2O per kg feed'!O132+(Production!$I$6+Production!$I$7)*'Parameters, country spec'!$I$53*'N2O per kg feed'!O133)/Production!I23 -> 0 | Q45: =(Production!$I$5*'Parameters, country spec'!$I$52*'N2O per kg feed'!P132+(Production!$I$6+Production!$I$7)*'Parameters, country spec'!$I$53*'N2O per kg feed'!P133)/Production!I23 -> 0.00023652383 | R45: =(Production!$I$5*'Parameters, country spec'!$I$52*'N2O per kg feed'!Q132+(Production!$I$6+Production!$I$7)*'Parameters, country spec'!$I$53*'N2O per kg feed'!Q133)/Production!I23 -> 1.7473225e-05 | T45: =SUM(U45:V45) -> 0.005400787 | U45: =Manure!$Q$92*44/28 -> 0.0029546046 | V45: =Manure!$Q$157*17/14*Manure!$P$120 -> 0.0024461824 | W45: ='Parameters, country spec'!I61*EF_el_N2O_ES -> 8.8288923e-06 | X45: =Energy_slaughter_el_ES*EF_el_N2O_ES+Energy_slaughter_oil_ES*EF_oil_N2O -> 5.060624e-06
A46: A01RQ | B46: Rabbit meat | C46: Meat and meat products | D46: Spain | E46: ES | F46: CO2e | G46: =SUM(H46:X46) -> 8.8440563 | H46: =SUMPRODUCT(H42:H45,'Parameters, general'!$B$23:$B$26) -> 0.38065762 | I46: =SUMPRODUCT(I42:I45,'Parameters, general'!$B$23:$B$26) -> 0.28387813 | J46: =SUMPRODUCT(J42:J45,'Parameters, general'!$B$23:$B$26) -> 2.8792771 | K46: =SUMPRODUCT(K42:K45,'Parameters, general'!$B$23:$B$26) -> 0.28792771 | L46: =SUMPRODUCT(L42:L45,'Parameters, general'!$B$23:$B$26) -> 0.43735072 | M46: =SUMPRODUCT(M42:M45,'Parameters, general'!$B$23:$B$26) -> 0 | N46: =SUMPRODUCT(N42:N45,'Parameters, general'!$B$23:$B$26) -> 0.023467622 | O46: =SUMPRODUCT(O42:O45,'Parameters, general'!$B$23:$B$26) -> 0.23826243 | ... T46: =SUMPRODUCT(T42:T45,'Parameters, general'!$B$23:$B$26) -> 2.4846062 | W46: =SUMPRODUCT(W42:W45,'Parameters, general'!$B$23:$B$26) -> 0.19742934 | X46: =SUMPRODUCT(X42:X45,'Parameters, general'!$B$23:$B$26) -> 0.12437267 | Z46: =SUM(H46:R46) -> 6.0272497 | AA46: ='CO2 per kg feed'!F132+'CH4 per kg feed'!F132*CF_GWP_CH4_fossil+'N2O per kg feed'!F132*CF_GWP_N2O -> 0.38525041
A47: A01RQ | B47: Rabbit meat | C47: Meat and meat products | D47: Sweden | E47: SE | F47: CO2 | G47: =SUM(H47:X47) -> 2.8587919 | H47: =(Production!$J$5*'Parameters, country spec'!$J$52*'CO2 per kg feed'!G148+(Production!$J$6+Production!$J$7)*'Parameters, country spec'!$J$53*'CO2 per kg feed'!G149)/Production!$J$23 -> 0.69851218 | I47: =(Production!$J$5*'Parameters, country spec'!$J$52*'CO2 per kg feed'!H148+(Production!$J$6+Production!$J$7)*'Parameters, country spec'!$J$53*'CO2 per kg feed'!H149)/Production!$J$23 -> 0.33607103 | L47: =(Production!$J$5*'Parameters, country spec'!$J$52*'CO2 per kg feed'!K148+(Production!$J$6+Production!$J$7)*'Parameters, country spec'!$J$53*'CO2 per kg feed'!K149)/Production!$J$23 -> 0.39626611 | N47: =(Production!$J$5*'Parameters, country spec'!$J$52*'CO2 per kg feed'!M148+(Production!$J$6+Production!$J$7)*'Parameters, country spec'!$J$53*'CO2 per kg feed'!M149)/Production!$J$23 -> 0.00036815686 | O47: =(Production!$J$5*'Parameters, country spec'!$J$52*'CO2 per kg feed'!N148+(Production!$J$6+Production!$J$7)*'Parameters, country spec'!$J$53*'CO2 per kg feed'!N149)/Production!$J$23 -> 0.27363327 | P47: =(Production!$J$5*'Parameters, country spec'!$J$52*'CO2 per kg feed'!O148+(Production!$J$6+Production!$J$7)*'Parameters, country spec'!$J$53*'CO2 per kg feed'!O149)/Production!$J$23 -> 0.32262099 | Q47: =(Production!$J$5*'Parameters, country spec'!$J$52*'CO2 per kg feed'!P148+(Production!$J$6+Production!$J$7)*'Parameters, country spec'!$J$53*'CO2 per kg feed'!P149)/Production!$J$23 -> 0.45450673 | R47: =(Production!$J$5*'Parameters, country spec'!$J$52*'CO2 per kg feed'!Q148+(Production!$J$6+Production!$J$7)*'Parameters, country spec'!$J$53*'CO2 per kg feed'!Q149)/Production!$J$23 -> 0.30491857 | W47: ='Parameters, country spec'!J61*EF_el_CO2_SE -> 0.030714384 | X47: =Energy_slaughter_el_SE*EF_el_CO2_SE+Energy_slaughter_oil_SE*EF_oil_CO2 -> 0.041180456
A48: A01RQ | B48: Rabbit meat | C48: Meat and meat products | D48: Sweden | E48: SE | F48: CH4, fossil | G48: =SUM(H48:X48) -> 0.0061866075 | H48: =(Production!$J$5*'Parameters, country spec'!$J$52*'CH4 per kg feed'!G148+(Production!$J$6+Production!$J$7)*'Parameters, country spec'!$J$53*'CH4 per kg feed'!G149)/Production!$J$23 -> 0.00098716498 | I48: =(Production!$J$5*'Parameters, country spec'!$J$52*'CH4 per kg feed'!H148+(Production!$J$6+Production!$J$7)*'Parameters, country spec'!$J$53*'CH4 per kg feed'!H149)/Production!$J$23 -> 0.0011824722 | L48: =(Production!$J$5*'Parameters, country spec'!$J$52*'CH4 per kg feed'!K148+(Production!$J$6+Production!$J$7)*'Parameters, country spec'!$J$53*'CH4 per kg feed'!K149)/Production!$J$23 -> 0.00017757305 | N48: =(Production!$J$5*'Parameters, country spec'!$J$52*'CH4 per kg feed'!M148+(Production!$J$6+Production!$J$7)*'Parameters, country spec'!$J$53*'CH4 per kg feed'!M149)/Production!$J$23 -> 1.1751435e-06 | O48: =(Production!$J$5*'Parameters, country spec'!$J$52*'CH4 per kg feed'!N148+(Production!$J$6+Production!$J$7)*'Parameters, country spec'!$J$53*'CH4 per kg feed'!N149)/Production!$J$23 -> 0.00011810929 | P48: =(Production!$J$5*'Parameters, country spec'!$J$52*'CH4 per kg feed'!O148+(Production!$J$6+Production!$J$7)*'Parameters, country spec'!$J$53*'CH4 per kg feed'!O149)/Production!$J$23 -> 0 | Q48: =(Production!$J$5*'Parameters, country spec'!$J$52*'CH4 per kg feed'!P148+(Production!$J$6+Production!$J$7)*'Parameters, country spec'!$J$53*'CH4 per kg feed'!P149)/Production!$J$23 -> 0.0034107506 | R48: =(Production!$J$5*'Parameters, country spec'!$J$52*'CH4 per kg feed'!Q148+(Production!$J$6+Production!$J$7)*'Parameters, country spec'!$J$53*'CH4 per kg feed'!Q149)/Production!$J$23 -> 0.0002662752 | W48: ='Parameters, country spec'!J81*EF_el_CH4_SE -> 1.5724568e-06 | X48: =Energy_slaughter_el_SE*EF_el_CH4_SE+Energy_slaughter_oil_SE*EF_oil_CH4 -> 4.1514619e-05
A49: A01RQ | B49: Rabbit meat | C49: Meat and meat products | D49: Sweden | E49: SE | F49: CH4, biogenic | G49: =SUM(H49:T49) -> 0.033947813 | S49: =(Production!J5*'Parameters, country spec'!J57+(Production!J6+Production!J7)*'Parameters, country spec'!J57)/Production!J23 -> 0.000210894 | T49: =SUM(U49:V49) -> 0.033736919 | U49: =Manure!S35 -> 0.033736919
A50: A01RQ | B50: Rabbit meat | C50: Meat and meat products | D50: Sweden | E50: SE | F50: N2O | G50: =SUM(H50:T50)+W50+X50 -> 0.014448314 | H50: =(Production!$J$5*'Parameters, country spec'!$J$52*'N2O per kg feed'!G148+(Production!$J$6+Production!$J$7)*'Parameters, country spec'!$J$53*'N2O per kg feed'!G149)/Production!$J$23 -> 0.0015157106 | I50: =(Production!$J$5*'Parameters, country spec'!$J$52*'N2O per kg feed'!H148+(Production!$J$6+Production!$J$7)*'Parameters, country spec'!$J$53*'N2O per kg feed'!H149)/Production!$J$23 -> 1.3090903e-05 | J50: =(Production!$J$5*'Parameters, country spec'!$J$52*'N2O per kg feed'!I148+(Production!$J$6+Production!$J$7)*'Parameters, country spec'!$J$53*'N2O per kg feed'!I149)/Production!$J$23 -> 0.0063679972 | K50: =(Production!$J$5*'Parameters, country spec'!$J$52*'N2O per kg feed'!J148+(Production!$J$6+Production!$J$7)*'Parameters, country spec'!$J$53*'N2O per kg feed'!J149)/Production!$J$23 -> 0.00056907114 | L50: =(Production!$J$5*'Parameters, country spec'!$J$52*'N2O per kg feed'!K148+(Production!$J$6+Production!$J$7)*'Parameters, country spec'!$J$53*'N2O per kg feed'!K149)/Production!$J$23 -> 1.1035116e-05 | N50: =(Production!$J$5*'Parameters, country spec'!$J$52*'N2O per kg feed'!M148+(Production!$J$6+Production!$J$7)*'Parameters, country spec'!$J$53*'N2O per kg feed'!M149)/Production!$J$23 -> 3.530331e-08 | O50: =(Production!$J$5*'Parameters, country spec'!$J$52*'N2O per kg feed'!N148+(Production!$J$6+Production!$J$7)*'Parameters, country spec'!$J$53*'N2O per kg feed'!N149)/Production!$J$23 -> 1.0255313e-05 | P50: =(Production!$J$5*'Parameters, country spec'!$J$52*'N2O per kg feed'!O148+(Production!$J$6+Production!$J$7)*'Parameters, country spec'!$J$53*'N2O per kg feed'!O149)/Production!$J$23 -> 0 | Q50: =(Production!$J$5*'Parameters, country spec'!$J$52*'N2O per kg feed'!P148+(Production!$J$6+Production!$J$7)*'Parameters, country spec'!$J$53*'N2O per kg feed'!P149)/Production!$J$23 -> 0.00032582972 | R50: =(Production!$J$5*'Parameters, country spec'!$J$52*'N2O per kg feed'!Q148+(Production!$J$6+Production!$J$7)*'Parameters, country spec'!$J$53*'N2O per kg feed'!Q149)/Production!$J$23 -> 1.1863958e-05 | T50: =SUM(U50:V50) -> 0.0056171127 | U50: =Manure!$S$92*44/28 -> 0.0030729498 | V50: =Manure!$S$157*17/14*Manure!$R$120 -> 0.0025441629 | W50: ='Parameters, country spec'!J61*EF_el_N2O_SE -> 2.8378665e-06 | X50: =Energy_slaughter_el_SE*EF_el_N2O_SE+Energy_slaughter_oil_SE*EF_oil_N2O -> 3.4743475e-06
A51: A01RQ | B51: Rabbit meat | C51: Meat and meat products | D51: Sweden | E51: SE | F51: CO2e | G51: =SUM(H51:X51) -> 7.9041335 | H51: =SUMPRODUCT(H47:H50,'Parameters, general'!$B$23:$B$26) -> 1.1417187 | I51: =SUMPRODUCT(I47:I50,'Parameters, general'!$B$23:$B$26) -> 0.37488252 | J51: =SUMPRODUCT(J47:J50,'Parameters, general'!$B$23:$B$26) -> 1.7384632 | K51: =SUMPRODUCT(K47:K50,'Parameters, general'!$B$23:$B$26) -> 0.15535642 | L51: =SUMPRODUCT(L47:L50,'Parameters, general'!$B$23:$B$26) -> 0.40457037 | M51: =SUMPRODUCT(M47:M50,'Parameters, general'!$B$23:$B$26) -> 0 | N51: =SUMPRODUCT(N47:N50,'Parameters, general'!$B$23:$B$26) -> 0.00041281394 | O51: =SUMPRODUCT(O47:O50,'Parameters, general'!$B$23:$B$26) -> 0.27995262 | ... T51: =SUMPRODUCT(T47:T50,'Parameters, general'!$B$23:$B$26) -> 2.4443686 | W51: =SUMPRODUCT(W47:W50,'Parameters, general'!$B$23:$B$26) -> 0.03153598 | X51: =SUMPRODUCT(X47:X50,'Parameters, general'!$B$23:$B$26) -> 0.043366088 | Z51: =SUM(H51:R51) -> 5.3791687 | AA51: ='CO2 per kg feed'!F137+'CH4 per kg feed'!F137*CF_GWP_CH4_fossil+'N2O per kg feed'!F137*CF_GWP_N2O -> 0.40300219

Sheet Production
A2: Production system | B2: FR | C2: DE | D2: GR | E2: HU | F2: IT | G2: NL | H2: PL | I2: ES | J2: SE
B3: France | C3: Germany | D3: Greece | E3: Hungary | F3: Italy | G3: Netherlands | H3: Poland | I3: Spain | J3: Sweden
A4: Animals in production per year (no)
A5: Roes | B5: 1 | C5: 1 | D5: 1 | E5: 1 | F5: 1 | G5: 1 | H5: 1 | I5: 1 | J5: 1 | K5: Number of roes (any number can be used here)
A6: Recruitment roes, per year | B6: =B5*'Parameters, country spec'!B5/100*'Parameters, country spec'!B6/365 -> 0.35917808 | C6: =C5*'Parameters, country spec'!C5/100*'Parameters, country spec'!C6/365 -> 0.35917808 | D6: =D5*'Parameters, country spec'!D5/100*'Parameters, country spec'!D6/365 -> 0.35917808 | E6: =E5*'Parameters, country spec'!E5/100*'Parameters, country spec'!E6/365 -> 0.35917808 | F6: =F5*'Parameters, country spec'!F5/100*'Parameters, country spec'!F6/365 -> 0.35917808 | G6: =G5*'Parameters, country spec'!G5/100*'Parameters, country spec'!G6/365 -> 0.35917808 | H6: =H5*'Parameters, country spec'!H5/100*'Parameters, country spec'!H6/365 -> 0.35917808 | I6: =I5*'Parameters, country spec'!I5/100*'Parameters, country spec'!I6/365 -> 0.35917808 | J6: =J5*'Parameters, country spec'!J5/100*'Parameters, country spec'!J6/365 -> 0.35917808 | K6: Number of does* recruitment rate*age at first litter in days/365
A7: Rabbits for meat | B7: =B5*'Parameters, country spec'!B10 -> 62 | C7: =C5*'Parameters, country spec'!C10 -> 62 | D7: =D5*'Parameters, country spec'!D10 -> 62 | E7: =E5*'Parameters, country spec'!E10 -> 62 | F7: =F5*'Parameters, country spec'!F10 -> 62 | G7: =G5*'Parameters, country spec'!G10 -> 62 | H7: =H5*'Parameters, country spec'!H10 -> 62 | I7: =I5*'Parameters, country spec'!I10 -> 62 | J7: =J5*'Parameters, country spec'!J10 -> 32
A8: Total | B8: =SUM(B5:B7) -> 63.359178 | C8: =SUM(C5:C7) -> 63.359178 | D8: =SUM(D5:D7) -> 63.359178 | E8: =SUM(E5:E7) -> 63.359178 | F8: =SUM(F5:F7) -> 63.359178 | G8: =SUM(G5:G7) -> 63.359178 | H8: =SUM(H5:H7) -> 63.359178 | I8: =SUM(I5:I7) -> 63.359178 | J8: =SUM(J5:J7) -> 33.359178
A9: Animals slaughtered per year (no)
A10: Roes | B10: =B5*'Parameters, country spec'!B5/100*(100-'Parameters, country spec'!B13)/100 -> 0.8303 | C10: =C5*'Parameters, country spec'!C5/100*(100-'Parameters, country spec'!C13)/100 -> 0.8303 | D10: =D5*'Parameters, country spec'!D5/100*(100-'Parameters, country spec'!D13)/100 -> 0.8303 | E10: =E5*'Parameters, country spec'!E5/100*(100-'Parameters, country spec'!E13)/100 -> 0.8303 | F10: =F5*'Parameters, country spec'!F5/100*(100-'Parameters, country spec'!F13)/100 -> 0.8303 | G10: =G5*'Parameters, country spec'!G5/100*(100-'Parameters, country spec'!G13)/100 -> 0.8303 | H10: =H5*'Parameters, country spec'!H5/100*(100-'Parameters, country spec'!H13)/100 -> 0.8303 | I10: =I5*'Parameters, country spec'!I5/100*(100-'Parameters, country spec'!I13)/100 -> 0.8303 | J10: =J5*'Parameters, country spec'!J5/100*(100-'Parameters, country spec'!J13)/100 -> 0.8303 | K10: Number of does culled (ie replaced by recruitment heifers) * mortality does
A11: Rabbits for meat | B11: =B7*(100-'Parameters, country spec'!B13)/100 -> 58.9 | C11: =C7*(100-'Parameters, country spec'!C13)/100 -> 58.9 | D11: =D7*(100-'Parameters, country spec'!D13)/100 -> 58.9 | E11: =E7*(100-'Parameters, country spec'!E13)/100 -> 58.9 | F11: =F7*(100-'Parameters, country spec'!F13)/100 -> 58.9 | G11: =G7*(100-'Parameters, country spec'!G13)/100 -> 58.9 | H11: =H7*(100-'Parameters, country spec'!H13)/100 -> 58.9 | I11: =I7*(100-'Parameters, country spec'!I13)/100 -> 58.9 | J11: =J7*(100-'Parameters, country spec'!J13)/100 -> 30.4 | K11: Rabbits * mortality
A12: Total | B12: =SUM(B10:B11) -> 59.7303 | C12: =SUM(C10:C11) -> 59.7303 | D12: =SUM(D10:D11) -> 59.7303 | E12: =SUM(E10:E11) -> 59.7303 | F12: =SUM(F10:F11) -> 59.7303 | G12: =SUM(G10:G11) -> 59.7303 | H12: =SUM(H10:H11) -> 59.7303 | I12: =SUM(I10:I11) -> 59.7303 | J12: =SUM(J10:J11) -> 31.2303
A13: Meat produced (kg CW)
A14: Roes | B14: =B10*'Parameters, country spec'!B9 -> 2.2152404 | C14: =C10*'Parameters, country spec'!C9 -> 2.2152404 | D14: =D10*'Parameters, country spec'!D9 -> 2.2152404 | E14: =E10*'Parameters, country spec'!E9 -> 2.2152404 | F14: =F10*'Parameters, country spec'!F9 -> 2.2152404 | G14: =G10*'Parameters, country spec'!G9 -> 2.2152404 | H14: =H10*'Parameters, country spec'!H9 -> 2.2152404 | I14: =I10*'Parameters, country spec'!I9 -> 2.2152404 | J14: =J10*'Parameters, country spec'!J9 -> 2.2152404
A15: Rabbits for meat | B15: =B11*'Parameters, country spec'!B8 -> 77.4535 | C15: =C11*'Parameters, country spec'!C8 -> 91.295 | D15: =D11*'Parameters, country spec'!D8 -> 91.1772 | E15: =E11*'Parameters, country spec'!E8 -> 91.1772 | F15: =F11*'Parameters, country spec'!F8 -> 91.295 | G15: =G11*'Parameters, country spec'!G8 -> 91.1772 | H15: =H11*'Parameters, country spec'!H8 -> 92.2374 | I15: =I11*'Parameters, country spec'!I8 -> 77.4535 | J15: =J11*'Parameters, country spec'!J8 -> 61.041984
A16: Meat produced (kg bonefree)
A17: Roes | B17: =B14*'Parameters, country spec'!B7 -> 1.4177539 | C17: =C14*'Parameters, country spec'!C7 -> 1.4177539 | D17: =D14*'Parameters, country spec'!D7 -> 1.4177539 | E17: =E14*'Parameters, country spec'!E7 -> 1.4177539 | F17: =F14*'Parameters, country spec'!F7 -> 1.4177539 | G17: =G14*'Parameters, country spec'!G7 -> 1.4177539 | H17: =H14*'Parameters, country spec'!H7 -> 1.4177539 | I17: =I14*'Parameters, country spec'!I7 -> 1.4177539 | J17: =J14*'Parameters, country spec'!J7 -> 1.7168113
A18: Rabbits for meat | B18: =B15*'Parameters, country spec'!B7 -> 49.57024 | C18: =C15*'Parameters, country spec'!C7 -> 58.4288 | D18: =D15*'Parameters, country spec'!D7 -> 58.353408 | E18: =E15*'Parameters, country spec'!E7 -> 58.353408 | F18: =F15*'Parameters, country spec'!F7 -> 58.4288 | G18: =G15*'Parameters, country spec'!G7 -> 58.353408 | H18: =H15*'Parameters, country spec'!H7 -> 59.031936 | I18: =I15*'Parameters, country spec'!I7 -> 49.57024 | J18: =J15*'Parameters, country spec'!J7 -> 47.307538
A19: Offal produced (kg edible) - included in meat
A20: Roes | B20: 0 | C20: 0 | D20: 0 | E20: 0 | F20: 0 | G20: 0 | H20: 0 | I20: 0 | J20: 0
A21: Rabbits for meat | B21: 0 | C21: 0 | D21: 0 | E21: 0 | F21: 0 | G21: 0 | H21: 0 | I21: 0 | J21: 0
A22: Meat and offal produced (kg bonefree)
A23: Total | B23: =SUM(B17:B21) -> 50.987994 | C23: =SUM(C17:C21) -> 59.846554 | D23: =SUM(D17:D21) -> 59.771162 | E23: =SUM(E17:E21) -> 59.771162 | F23: =SUM(F17:F21) -> 59.846554 | G23: =SUM(G17:G21) -> 59.771162 | H23: =SUM(H17:H21) -> 60.44969 | I23: =SUM(I17:I21) -> 50.987994 | J23: =SUM(J17:J21) -> 49.024349
A24: Number of animals affected
A25: Roes and rabbits | B25: =(B7+B5)/B23 -> 1.235585 | C25: =(C7+C5)/C23 -> 1.0526922 | D25: =(D7+D5)/D23 -> 1.05402 | E25: =(E7+E5)/E23 -> 1.05402 | F25: =(F7+F5)/F23 -> 1.0526922 | G25: =(G7+G5)/G23 -> 1.05402 | H25: =(H7+H5)/H23 -> 1.042189 | I25: =(I7+I5)/I23 -> 1.235585 | J25: =(J7+J5)/J23 -> 0.6731349

Sheet Parameters, country spec
A2: Production parameters and emission factors, country specific
B3: FR | C3: DE | D3: GR | E3: HU | F3: IT | G3: NL | H3: PL | I3: ES | J3: SE
A4: Production parameters | B4: France | C4: Germany | D4: Greece | E4: Hungary | F4: Italy | G4: Netherlands | H4: Poland | I4: Spain | J4: Sweden | L4: Sources:
A5: Replacement rate, % | B5: 87.4 | C5: 87.4 | D5: 87.4 | E5: 87.4 | F5: 87.4 | G5: 87.4 | H5: 87.4 | I5: 87.4 | J5: 87.4 | L5: Cesari et al, 2018
A6: Age of first litter, days | B6: =150 -> 150 | C6: =150 -> 150 | D6: =150 -> 150 | E6: =150 -> 150 | F6: =150 -> 150 | G6: =150 -> 150 | H6: =150 -> 150 | I6: =150 -> 150 | J6: =150 -> 150 | L6: https://www.msdvetmanual.com/all-other-pets/rabbits/breeding-and-reproduction-of-rabbits
A7: Meat yield, kg bonefree meat per CW (including offal) | B7: =AVERAGE(0.58,0.7) -> 0.64 | C7: =AVERAGE(0.58,0.7) -> 0.64 | D7: =AVERAGE(0.58,0.7) -> 0.64 | E7: =AVERAGE(0.58,0.7) -> 0.64 | F7: =AVERAGE(0.58,0.7) -> 0.64 | G7: =AVERAGE(0.58,0.7) -> 0.64 | H7: =AVERAGE(0.58,0.7) -> 0.64 | I7: =AVERAGE(0.58,0.7) -> 0.64 | J7: =0.775 -> 0.775 | L7: Cesari et al, 2018, Nilsson 2017 for Sweden
A8: Meat yield, kg CW per rabbit | B8: =AVERAGE(1.21,1.42) -> 1.315 | C8: =AVERAGE(1.5,1.6) -> 1.55 | D8: =AVERAGE(1.5,1.6,1.21,1.42, 2.01) -> 1.548 | E8: =AVERAGE(1.5,1.6,1.21,1.42, 2.01) -> 1.548 | F8: =AVERAGE(1.5,1.6) -> 1.55 | G8: =AVERAGE(1.5,1.6,1.21,1.42, 2.01) -> 1.548 | H8: =2.7*0.58 -> 1.566 | I8: =AVERAGE(1.21,1.42) -> 1.315 | J8: =W66 -> 2.00796 | L8: Cesari et al, 2018, Table 2
A9: Meat yield, kg CW per doe | B9: =4.6*0.58 -> 2.668 | C9: =4.6*0.58 -> 2.668 | D9: =4.6*0.58 -> 2.668 | E9: =4.6*0.58 -> 2.668 | F9: =4.6*0.58 -> 2.668 | G9: =4.6*0.58 -> 2.668 | H9: =4.6*0.58 -> 2.668 | I9: =4.6*0.58 -> 2.668 | J9: =4.6*0.58 -> 2.668 | L9: Cesari et al, 2018
A10: Number of weaned rabbits per doe per year | B10: 62 | C10: 62 | D10: 62 | E10: 62 | F10: 62 | G10: 62 | H10: 62 | I10: 62 | J10: 32 | L10: Cesari et al, 2018, Nilsson 2017 for Sweden (Table 1)
A11: Slaughtering age, days | B11: =16*7 -> 112 | C11: =16*7 -> 112 | D11: =16*7 -> 112 | E11: =16*7 -> 112 | F11: =16*7 -> 112 | G11: =16*7 -> 112 | H11: =16*7 -> 112 | I11: =16*7 -> 112 | J11: =16*7 -> 112 | L11: Nilsson, 2017
A12: Mortality after weaning, % | B12: 10 | C12: 10 | D12: 10 | E12: 10 | F12: 10 | G12: 10 | H12: 10 | I12: 10 | J12: 10 | L12: Cesari et al, 2018, Table 2
A13: Mortality does, % | B13: 5 | C13: 5 | D13: 5 | E13: 5 | F13: 5 | G13: 5 | H13: 5 | I13: 5 | J13: 5 | L13: Cesari et al, 2018
A15: Share of feed ingredients for does (% based on DM) | B15: France | C15: Germany | D15: Greece | E15: Hungary | F15: Italy | G15: Netherlands | H15: Poland | I15: Spain | J15: Sweden
A16: Pasture | B16: 0 | C16: 0 | D16: 0 | E16: 0 | F16: 0 | G16: 0 | H16: 0 | I16: 0 | J16: 0 | L16: Cesari et al, 2018, Table 3, approximating sunflower meal with rape seed meal
A17: Maize (fodder) | B17: 0 | C17: 0 | D17: 0 | E17: 0 | F17: 0 | G17: 0 | H17: 0 | I17: 0 | J17: 0 | L17: From Nilsson et al (2017) for Sweden, Table 3
A18: Other forage crops (alfalfa) | B18: =AVERAGE(0.22, 0.34) -> 0.28 | C18: =AVERAGE(0.22, 0.34) -> 0.28 | D18: =AVERAGE(0.22, 0.34) -> 0.28 | E18: =AVERAGE(0.22, 0.34) -> 0.28 | F18: =AVERAGE(0.22, 0.34) -> 0.28 | G18: =AVERAGE(0.22, 0.34) -> 0.28 | H18: =AVERAGE(0.22, 0.34) -> 0.28 | I18: =AVERAGE(0.22, 0.34) -> 0.28 | J18: 0.6 | N18: kg/rabbit | O18: %
A19: Barley, average | B19: =AVERAGE(0.22,0.1) -> 0.16 | C19: =AVERAGE(0.22,0.1) -> 0.16 | D19: =AVERAGE(0.22,0.1) -> 0.16 | E19: =AVERAGE(0.22,0.1) -> 0.16 | F19: =AVERAGE(0.22,0.1) -> 0.16 | G19: =AVERAGE(0.22,0.1) -> 0.16 | H19: =AVERAGE(0.22,0.1) -> 0.16 | I19: =AVERAGE(0.22,0.1) -> 0.16 | J19: =O20/100 -> 0.016853933 | M19: Concentrates | N19: 6.9 | O19: =N19/$N$22*100 -> 38.764045
A20: Maize (corn) | B20: 0.0003107597 | C20: 0.0003107597 | D20: 0.0003107597 | E20: 0.0003107597 | F20: 0.0003107597 | G20: 0.0003107597 | H20: 0.0003107597 | I20: 0.0003107597 | J20: 0 | M20: Barley | N20: 0.3 | O20: =N20/$N$22*100 -> 1.6853933
A21: Oats | B21: 8.6733359e-05 | C21: 8.6733359e-05 | D21: 8.6733359e-05 | E21: 8.6733359e-05 | F21: 8.6733359e-05 | G21: 8.6733359e-05 | H21: 8.6733359e-05 | I21: 8.6733359e-05 | J21: 0 | M21: Forage | N21: =5.8+1.8+3 -> 10.6 | O21: =N21/$N$22*100 -> 59.550562
A22: Rye | B22: 6.2924072e-05 | C22: 6.2924072e-05 | D22: 6.2924072e-05 | E22: 6.2924072e-05 | F22: 6.2924072e-05 | G22: 6.2924072e-05 | H22: 6.2924072e-05 | I22: 6.2924072e-05 | J22: 0 | M22: Total: | N22: =N19+N20+N21 -> 17.8
A23: Wheat, average | B23: =AVERAGE(0.18,0.23) -> 0.205 | C23: =AVERAGE(0.18,0.23) -> 0.205 | D23: =AVERAGE(0.18,0.23) -> 0.205 | E23: =AVERAGE(0.18,0.23) -> 0.205 | F23: =AVERAGE(0.18,0.23) -> 0.205 | G23: =AVERAGE(0.18,0.23) -> 0.205 | H23: =AVERAGE(0.18,0.23) -> 0.205 | I23: =AVERAGE(0.18,0.23) -> 0.205 | J23: =0.8*O19/100 -> 0.31011236
A24: Peas, dry | B24: 0.00024390156 | C24: 0.00024390156 | D24: 0.00024390156 | E24: 0.00024390156 | F24: 0.00024390156 | G24: 0.00024390156 | H24: 0.00024390156 | I24: 0.00024390156 | J24: 0 | M24: Det här kan göras noggrannare utifrån Nilsson
A25: Broad beans and horse beans, dry | B25: 0.00023959171 | C25: 0.00023959171 | D25: 0.00023959171 | E25: 0.00023959171 | F25: 0.00023959171 | G25: 0.00023959171 | H25: 0.00023959171 | I25: 0.00023959171 | J25: 0
A26: Rape seed cake | B26: =AVERAGE(0.11,0.07) -> 0.09 | C26: =AVERAGE(0.11,0.07) -> 0.09 | D26: =AVERAGE(0.11,0.07) -> 0.09 | E26: =AVERAGE(0.11,0.07) -> 0.09 | F26: =AVERAGE(0.11,0.07) -> 0.09 | G26: =AVERAGE(0.11,0.07) -> 0.09 | H26: =AVERAGE(0.11,0.07) -> 0.09 | I26: =AVERAGE(0.11,0.07) -> 0.09 | J26: =0.1*O19/100 -> 0.038764045
A27: Soy cake | B27: =AVERAGE(0.13,0.06) -> 0.095 | C27: =AVERAGE(0.13,0.06) -> 0.095 | D27: =AVERAGE(0.13,0.06) -> 0.095 | E27: =AVERAGE(0.13,0.06) -> 0.095 | F27: =AVERAGE(0.13,0.06) -> 0.095 | G27: =AVERAGE(0.13,0.06) -> 0.095 | H27: =AVERAGE(0.13,0.06) -> 0.095 | I27: =AVERAGE(0.13,0.06) -> 0.095 | J27: =0.1*O19/100 -> 0.038764045
A28: By-products | B28: =AVERAGE(0.09,0.1) -> 0.095 | C28: =AVERAGE(0.09,0.1) -> 0.095 | D28: =AVERAGE(0.09,0.1) -> 0.095 | E28: =AVERAGE(0.09,0.1) -> 0.095 | F28: =AVERAGE(0.09,0.1) -> 0.095 | G28: =AVERAGE(0.09,0.1) -> 0.095 | H28: =AVERAGE(0.09,0.1) -> 0.095 | I28: =AVERAGE(0.09,0.1) -> 0.095 | J28: 0
A29: Other | B29: 0.07 | C29: 0.07 | D29: 0.07 | E29: 0.07 | F29: 0.07 | G29: 0.07 | H29: 0.07 | I29: 0.07 | J29: 0
A31: Share forage crops | B31: =SUM(B16:B18) -> 0.28 | C31: =SUM(C16:C18) -> 0.28 | D31: =SUM(D16:D18) -> 0.28 | E31: =SUM(E16:E18) -> 0.28 | F31: =SUM(F16:F18) -> 0.28 | G31: =SUM(G16:G18) -> 0.28 | H31: =SUM(H16:H18) -> 0.28 | I31: =SUM(I16:I18) -> 0.28 | J31: =SUM(J16:J18) -> 0.6
A33: Share of feed ingredients for rabbits (% based on DM) | B33: France | C33: Germany | D33: Greece | E33: Hungary | F33: Italy | G33: Netherlands | H33: Poland | I33: Spain | J33: Sweden
A34: Pasture | B34: 0 | C34: 0 | D34: 0 | E34: 0 | F34: 0 | G34: 0 | H34: 0 | I34: 0 | J34: 0 | L34: Cesari et al, 2018, Table 3, approximating sunflower meal with rape seed meal
A35: Maize (fodder) | B35: 0 | C35: 0 | D35: 0 | E35: 0 | F35: 0 | G35: 0 | H35: 0 | I35: 0 | J35: 0
A36: Other forage crops (including ley) | B36: 0.3 | C36: 0.3 | D36: 0.3 | E36: 0.3 | F36: 0.3 | G36: 0.3 | H36: 0.3 | I36: 0.3 | J36: 0.3
A37: Barley, average | B37: 0.2 | C37: 0.2 | D37: 0.2 | E37: 0.2 | F37: 0.2 | G37: 0.2 | H37: 0.2 | I37: 0.2 | J37: 0.2
A38: Maize (corn) | B38: 0.0003107597 | C38: 0.0003107597 | D38: 0.0003107597 | E38: 0.0003107597 | F38: 0.0003107597 | G38: 0.0003107597 | H38: 0.0003107597 | I38: 0.0003107597 | J38: 0.0003107597
A39: Oats | B39: 8.6733359e-05 | C39: 8.6733359e-05 | D39: 8.6733359e-05 | E39: 8.6733359e-05 | F39: 8.6733359e-05 | G39: 8.6733359e-05 | H39: 8.6733359e-05 | I39: 8.6733359e-05 | J39: 8.6733359e-05
A40: Rye | B40: 6.2924072e-05 | C40: 6.2924072e-05 | D40: 6.2924072e-05 | E40: 6.2924072e-05 | F40: 6.2924072e-05 | G40: 6.2924072e-05 | H40: 6.2924072e-05 | I40: 6.2924072e-05 | J40: 6.2924072e-05
A41: Wheat, average | B41: 0.2 | C41: 0.2 | D41: 0.2 | E41: 0.2 | F41: 0.2 | G41: 0.2 | H41: 0.2 | I41: 0.2 | J41: 0.2
A42: Peas, dry | B42: 0.00024390156 | C42: 0.00024390156 | D42: 0.00024390156 | E42: 0.00024390156 | F42: 0.00024390156 | G42: 0.00024390156 | H42: 0.00024390156 | I42: 0.00024390156 | J42: 0.00024390156
A43: Broad beans and horse beans, dry | B43: 0.00023959171 | C43: 0.00023959171 | D43: 0.00023959171 | E43: 0.00023959171 | F43: 0.00023959171 | G43: 0.00023959171 | H43: 0.00023959171 | I43: 0.00023959171 | J43: 0.00023959171
A44: Rape seed cake | B44: 0.06 | C44: 0.06 | D44: 0.06 | E44: 0.06 | F44: 0.06 | G44: 0.06 | H44: 0.06 | I44: 0.06 | J44: 0.06
A45: Soy cake | B45: 0.07 | C45: 0.07 | D45: 0.07 | E45: 0.07 | F45: 0.07 | G45: 0.07 | H45: 0.07 | I45: 0.07 | J45: 0.07
A46: By-products | B46: 0.14 | C46: 0.14 | D46: 0.14 | E46: 0.14 | F46: 0.14 | G46: 0.14 | H46: 0.14 | I46: 0.14 | J46: 0.14
A47: Other | B47: 0.03 | C47: 0.03 | D47: 0.03 | E47: 0.03 | F47: 0.03 | G47: 0.03 | H47: 0.03 | I47: 0.03 | J47: 0.03
A49: Share forage crops | B49: =SUM(B34:B36) -> 0.3 | C49: =SUM(C34:C36) -> 0.3 | D49: =SUM(D34:D36) -> 0.3 | E49: =SUM(E34:E36) -> 0.3 | F49: =SUM(F34:F36) -> 0.3 | G49: =SUM(G34:G36) -> 0.3 | H49: =SUM(H34:H36) -> 0.3 | I49: =SUM(I34:I36) -> 0.3 | J49: =SUM(J34:J36) -> 0.3
A51: Feed requirements | L51: Source: | M51: Comment:
A52: Feed intake, roes, kg/year | B52: =0.15*365*1.1 -> 60.225 | C52: =0.15*365*1.1 -> 60.225 | D52: =0.15*365*1.1 -> 60.225 | E52: =0.15*365*1.1 -> 60.225 | F52: =0.15*365*1.1 -> 60.225 | G52: =0.15*365*1.1 -> 60.225 | H52: =0.15*365*1.1 -> 60.225 | I52: =0.15*365*1.1 -> 60.225 | J52: =0.15*365*1.1 -> 60.225 | L52: Cesari et al, 2018, Table 1 | M52: Including losses in a gross way based on Ahlgren et al, we set overall losses to 10% as a lot is ley/grass
A53: FCR fattener | B53: =2.85*B8/0.58*1.1 -> 7.1078017 | C53: =2.85*C8/0.58*1.1 -> 8.3780172 | D53: =2.85*D8/0.58*1.1 -> 8.3672069 | E53: =2.85*E8/0.58*1.1 -> 8.3672069 | F53: =2.85*F8/0.58*1.1 -> 8.3780172 | G53: =2.85*G8/0.58*1.1 -> 8.3672069 | H53: =2.85*H8/0.58*1.1 -> 8.4645 | I53: =2.85*I8/0.58*1.1 -> 7.1078017 | J53: =N22 -> 17.8 | L53: Cesari et al, 2018, Table 1 | M53: Including losses in a gross way based on Ahlgren et al, we set overall losses to 10% as a lot is ley/grass
L54: Nilsson et al (2017) for Sweden, see above
A55: Enteric fermentation
A56: Methane enteric fermentation, L per day | B56: =0.18*2.7^0.97 -> 0.47173202 | C56: =0.18*2.7^0.97 -> 0.47173202 | D56: =0.18*2.7^0.97 -> 0.47173202 | E56: =0.18*2.7^0.97 -> 0.47173202 | F56: =0.18*2.7^0.97 -> 0.47173202 | G56: =0.18*2.7^0.97 -> 0.47173202 | H56: =0.18*2.7^0.97 -> 0.47173202 | I56: =0.18*2.7^0.97 -> 0.47173202 | J56: =0.18*2.7^0.97 -> 0.47173202 | L56: Franz et al, 2011. Section 3.2, BM from Cesari et al | N56: From Franz et al, 2011:
A57: Methane enteric fermentation, kg per day | B57: =EF_ent_ferm_FR/1000*0.657 -> 0.00030992794 | C57: =EF_ent_ferm_FR/1000*0.657 -> 0.00030992794 | D57: =EF_ent_ferm_FR/1000*0.657 -> 0.00030992794 | E57: =EF_ent_ferm_FR/1000*0.657 -> 0.00030992794 | F57: =EF_ent_ferm_FR/1000*0.657 -> 0.00030992794 | G57: =EF_ent_ferm_FR/1000*0.657 -> 0.00030992794 | H57: =EF_ent_ferm_FR/1000*0.657 -> 0.00030992794 | I57: =EF_ent_ferm_FR/1000*0.657 -> 0.00030992794 | J57: =EF_ent_ferm_FR/1000*0.657 -> 0.00030992794
A59: Energy use in stables
A60: Electricity use in stables, kWh per tonne liveweight | B60: 270 | C60: 270 | D60: 270 | E60: 270 | F60: 270 | G60: 270 | H60: 270 | I60: 270 | J60: 270 | L60: Cesari et al, 2018, Table 1, Nilsson et al (2017) for Sweden, see calculation cell N63
A61: Electricity use in stables, kWh per kg bonefree | B61: =B60/0.58/B7/1000 -> 0.72737069 | C61: =C60/0.58/C7/1000 -> 0.72737069 | D61: =D60/0.58/D7/1000 -> 0.72737069 | E61: =E60/0.58/E7/1000 -> 0.72737069 | F61: =F60/0.58/F7/1000 -> 0.72737069 | G61: =G60/0.58/G7/1000 -> 0.72737069 | H61: =H60/0.58/H7/1000 -> 0.72737069 | I61: =I60/0.58/I7/1000 -> 0.72737069 | J61: =V69 -> 0.34725004 | L61: LW->CW from Cesari et al, 2018, Table 2
A63: Energy use at slaughter | L63: Approx with chicken: | N63: Electricity use in stables from Nilsson et al. (2017):
A64: Electricity, kWh/kg CW | B64: 0.4 | C64: 0.4 | D64: 0.4 | E64: 0.4 | F64: 0.4 | G64: 0.4 | H64: 0.4 | I64: 0.4 | J64: 0.4 | L64: Edman et al. 2022 | Q64: Farm 1 | R64: Farm 2 | S64: Farrm 3 | T64: Farrm 4 | U64: Farrm 5 | V64: Average LW | W64: Average CW
A65: Heating oil, kWh/kg CW | B65: 0.02 | C65: 0.02 | D65: 0.02 | E65: 0.02 | F65: 0.02 | G65: 0.02 | H65: 0.02 | I65: 0.02 | J65: 0.02 | L65: https://svenskfagel.se/wp-content/uploads/2022/11/klimatavtryck-sv-kyckling-foder-information-november-2022-publik.pdf | N65: El. use, kWh/year (Table 5) | Q65: 237 | R65: 2000 | S65: 458 | T65: 500 | U65: 529
N66: LW at slaughter, kg (Table 1) | Q66: 4 | R66: 4 | S66: 3.11 | T66: 2.7 | U66: 3.5 | V66: =AVERAGE(Q66:U66) -> 3.462 | W66: =V66*0.58 -> 2.00796
A67: Emission factors electricity | N67: No slaughtered per year (Table 1) | Q67: 4200 | R67: 2362.5 | S67: 1944 | T67: 576 | U67: 960
A68: Electricity, kg CO2e/kWh | B68: =SUMPRODUCT(B69:B71,'Parameters, general'!$B$23:$B$25) -> 0.095381405 | C68: =SUMPRODUCT(C69:C71,'Parameters, general'!$B$23:$B$25) -> 0.4904855 | D68: =SUMPRODUCT(D69:D71,'Parameters, general'!$B$23:$B$25) -> 0.678416 | E68: =SUMPRODUCT(E69:E71,'Parameters, general'!$B$23:$B$25) -> 0.47045713 | F68: =SUMPRODUCT(F69:F71,'Parameters, general'!$B$23:$B$25) -> 0.42738626 | G68: =SUMPRODUCT(G69:G71,'Parameters, general'!$B$23:$B$25) -> 0.52657782 | H68: =SUMPRODUCT(H69:H71,'Parameters, general'!$B$23:$B$25) -> 1.0319324 | I68: =SUMPRODUCT(I69:I71,'Parameters, general'!$B$23:$B$25) -> 0.2931406 | J68: =SUMPRODUCT(J69:J71,'Parameters, general'!$B$23:$B$25) -> 0.091599695 | L68: ecoinvent; market for electricity, low voltage | N68: El. use, kWh/LW | Q68: =Q65/(Q66*Q67) -> 0.014107143 | R68: =R65/(R66*R67) -> 0.21164021 | S68: =S65/(S66*S67) -> 0.075754568 | T68: =T65/(T66*T67) -> 0.32150206 | U68: =U65/(U66*U67) -> 0.15744048 | V68: =AVERAGE(Q68:U68) -> 0.15608889
A69: Electricity, kg CO2/kWh | B69: 0.087112695 | C69: 0.4635034 | D69: 0.63996298 | E69: 0.43715185 | F69: 0.37797633 | G69: 0.49673189 | H69: 0.97545106 | I69: 0.26811508 | J69: 0.08845034 | N69: El.use, kWh/bonefree | V69: =V68/J7/0.58 -> 0.34725004
A70: Electricity, kg CH4/kWh | B70: 0.00027007621 | C70: 0.00088663107 | D70: 0.0012704162 | E70: 0.00110375 | F70: 0.0016431484 | G70: 0.00098347245 | H70: 0.0018794008 | I70: 0.00082878482 | J70: 9.8278549e-05
A71: Electricity, kg N2O/kWh | B71: 8.1643941e-06 | C71: 2.0759e-05 | D71: 2.2022764e-05 | E71: 1.5316174e-05 | F71: 1.6448396e-05 | G71: 1.9942432e-05 | H71: 1.7600493e-05 | I71: 1.2138092e-05 | J71: 8.1724008e-06
A73: Emission factors changes in SOC and LUC
A74: Soil carbon loss, kg CO2e/feed | B74: 0.19 | C74: 0.19 | D74: 0.19 | E74: 0.19 | F74: 0.19 | G74: 0.19 | H74: 0.19 | I74: 0.19 | J74: 0.19 | L74: Moberg et al. 2019
A76: Emission from the production of mineral fertilisers (kg)
A77: Fraction BAT | B77: 0.3 | C77: 0.3 | D77: 0.3 | E77: 0.3 | F77: 0.3 | G77: 0.3 | H77: 0.3 | I77: 0.3 | J77: 0.6 | L77: Moberg et al. 2019
A78: Fraction AN | B78: 0.7 | C78: 0.7 | D78: 0.7 | E78: 0.7 | F78: 0.7 | G78: 0.7 | H78: 0.7 | I78: 0.7 | J78: 0.4
A80: Emission factors N2O from soil
A81: Direct emissions from mineral fertiliser | B81: 0.016 | C81: 0.016 | D81: 0.016 | E81: 0.016 | F81: 0.016 | G81: 0.016 | H81: 0.016 | I81: 0.016 | J81: 0.016
A82: Direct emissions from manure and crop residues | B82: 0.006 | C82: 0.006 | D82: 0.006 | E82: 0.006 | F82: 0.006 | G82: 0.006 | H82: 0.006 | I82: 0.006 | J82: 0.006
A83: Difference in emission factor min. fert - manure | B83: =B81-B82 -> 0.01 | C83: =C81-C82 -> 0.01 | D83: =D81-D82 -> 0.01 | E83: =E81-E82 -> 0.01 | F83: =F81-F82 -> 0.01 | G83: =G81-G82 -> 0.01 | H83: =H81-H82 -> 0.01 | I83: =I81-I82 -> 0.01 | J83: =J81-J82 -> 0.01
A84: Indirect emissions, share of direct emissions | B84: 0.1 | C84: 0.1 | D84: 0.1 | E84: 0.1 | F84: 0.1 | G84: 0.1 | H84: 0.1 | I84: 0.1 | J84: 0.1
O85: https://www2.jordbruksverket.se/download/18.23e68dd418d7c649d1721e97/1707728297575/jo23_17v3.pdf
A86: Manure
A87: Manure replacement factor | B87: 0 | C87: 0 | D87: 0 | E87: 0 | F87: 0 | G87: 0 | H87: 0 | I87: 0 | J87: 0 | L87: For grass eaters we do not adjust manure because the N in fertilisers on forage crops is only mineral fertiliser
A89: Water use
A90: Water use for housing and drinking in stables, m3 per kg head and year | B90: 33.6 | C90: 33.6 | D90: 33.6 | E90: 33.6 | F90: 33.6 | G90: 33.6 | H90: 33.6 | I90: 33.6 | J90: 33.6 | L90: Mekonnen and Hoekstra (2012), collected from Moberg et al. 2019
A91: Water use during grazing, m3 per kg head and year | B91: 16.4 | C91: 16.4 | D91: 16.4 | E91: 16.4 | F91: 16.4 | G91: 16.4 | H91: 16.4 | I91: 16.4 | J91: 16.4
A93: Labour requirements
A94: Labour requirements, h tot in production

Sheet Manure
B1: This tab includes a calculation following the EMAP/EEA guidelines as for the other livestock species, approximating rabbit with laying hens. This however resulted in very high ammonia emissions and (hence also indirect N20 emissions), therefore the simpler IPCC approach was used (12% of N excreted lost as ammonia).
A2: Manure emissions
B3: FR | D3: DE | F3: GR | H3: HU | J3: IT | L3: NL | N3: PL | P3: ES | R3: SE | V3: Sources: | AE3: NIR / CRF reports:
B4: France | D4: Germany | F4: Greece | H4: Hungary | J4: Italy | L4: Netherlands | N4: Poland | P4: Spain | R4: Sweden | V4: France | W4: Germany | X4: Greece | Y4: Hungary | Z4: Italy | AA4: Netherlands | AB4: Poland | AC4: Spain | AE4: https://unfccc.int/ghg-inventories-annex-i-parties/2023
B5: Does | C5: Rabbits | D5: Does | E5: Rabbits | F5: Does | G5: Rabbits | H5: Does | I5: Rabbits | J5: Does | K5: Rabbits | L5: Does | M5: Rabbits | N5: Does | O5: Rabbits | P5: Does | Q5: Rabbits | R5: Does | S5: Rabbits
A6: Share solid | B6: 0.020408163 | C6: 0.020408163 | D6: 0.020408163 | E6: 0.020408163 | F6: 1 | G6: 1 | H6: 1 | I6: 1 | J6: 1 | K6: 1 | L6: 1 | M6: 1 | N6: 1 | O6: 0 | P6: 1 | Q6: 1 | R6: 1 | S6: 1 | U6: Step 3 | V6: CRF 2023, Table 3B(a)s2 Allocation. Only shares for liquid, solid, pasture and other (deep litter) were considered and adjusted to 100% | W6: approx France | X6: CRF 2023, Table 3B(a)s2 Allocation. Only shares for liquid, solid, pasture and other (deep litter) were considered and adjusted to 100% | Y6: CRF 2023, Table 3B(a)s2 Allocation. Only shares for liquid, solid, pasture and other (deep litter) were considered and adjusted to 100% | Z6: CRF 2023, Table 3B(a)s2 Allocation. Only shares for liquid, solid, pasture and other (deep litter) were considered and adjusted to 100% | AA6: CRF 2023, Table 3B(a)s2 Allocation. Only shares for liquid, solid, pasture and other (deep litter) were considered and adjusted to 100% | AB6: CRF 2023, Table 3B(a)s2 Allocation. Only shares for liquid, solid, pasture and other (deep litter) were considered and adjusted to 100% | AC6: CRF 2023, Table 3B(a)s2 Allocation. Only shares for liquid, solid, pasture and other (deep litter) were considered and adjusted to 100% | AD6: https://unfccc.int/ghg-inventories-annex-i-parties/2023
A7: Share liquid | B7: 0.97959184 | C7: 0.97959184 | D7: 0.97959184 | E7: 0.97959184 | F7: 0 | G7: 0 | H7: 0 | I7: 0 | J7: 0 | K7: 0 | L7: 0 | M7: 0 | N7: 0 | O7: 0 | P7: 0 | Q7: 0 | R7: 0 | S7: 0 | V7: CRF 2023, Table 3B(a)s2 Allocation. Only shares for liquid, solid, pasture and other (deep litter) were considered and adjusted to 100% | W7: approx France | X7: CRF 2023, Table 3B(a)s2 Allocation. Only shares for liquid, solid, pasture and other (deep litter) were considered and adjusted to 100% | Y7: CRF 2023, Table 3B(a)s2 Allocation. Only shares for liquid, solid, pasture and other (deep litter) were considered and adjusted to 100% | Z7: CRF 2023, Table 3B(a)s2 Allocation. Only shares for liquid, solid, pasture and other (deep litter) were considered and adjusted to 100% | AA7: CRF 2023, Table 3B(a)s2 Allocation. Only shares for liquid, solid, pasture and other (deep litter) were considered and adjusted to 100% | AB7: CRF 2023, Table 3B(a)s2 Allocation. Only shares for liquid, solid, pasture and other (deep litter) were considered and adjusted to 100% | AC7: CRF 2023, Table 3B(a)s2 Allocation. Only shares for liquid, solid, pasture and other (deep litter) were considered and adjusted to 100%
A8: Share deep litter | B8: 0 | C8: 0 | D8: 0 | E8: 0 | F8: 0 | G8: 0 | H8: 0 | I8: 0 | J8: 0 | K8: 0 | L8: 0 | M8: 0 | N8: 0 | O8: 1 | P8: 0 | Q8: 0 | R8: 0 | S8: 0 | V8: CRF 2023, Table 3B(a)s2 Allocation. Only shares for liquid, solid, pasture and other (deep litter) were considered and adjusted to 100% | W8: approx France | X8: CRF 2023, Table 3B(a)s2 Allocation. Only shares for liquid, solid, pasture and other (deep litter) were considered and adjusted to 100% | Y8: CRF 2023, Table 3B(a)s2 Allocation. Only shares for liquid, solid, pasture and other (deep litter) were considered and adjusted to 100% | Z8: CRF 2023, Table 3B(a)s2 Allocation. Only shares for liquid, solid, pasture and other (deep litter) were considered and adjusted to 100% | AA8: CRF 2023, Table 3B(a)s2 Allocation. Only shares for liquid, solid, pasture and other (deep litter) were considered and adjusted to 100% | AB8: CRF 2023, Table 3B(a)s2 Allocation. Only shares for liquid, solid, pasture and other (deep litter) were considered and adjusted to 100% | AC8: CRF 2023, Table 3B(a)s2 Allocation. Only shares for liquid, solid, pasture and other (deep litter) were considered and adjusted to 100%
A9: Share pasture | B9: 0 | C9: 0 | D9: 0 | E9: 0 | F9: 0 | G9: 0 | H9: 0 | I9: 0 | J9: 0 | K9: 0 | L9: 0 | M9: 0 | N9: 0 | O9: 0 | P9: 0 | Q9: 0 | R9: 0 | S9: 0 | V9: CRF 2023, Table 3B(a)s2 Allocation. Only shares for liquid, solid, pasture and other (deep litter) were considered and adjusted to 100% | W9: approx France | X9: CRF 2023, Table 3B(a)s2 Allocation. Only shares for liquid, solid, pasture and other (deep litter) were considered and adjusted to 100% | Y9: CRF 2023, Table 3B(a)s2 Allocation. Only shares for liquid, solid, pasture and other (deep litter) were considered and adjusted to 100% | Z9: CRF 2023, Table 3B(a)s2 Allocation. Only shares for liquid, solid, pasture and other (deep litter) were considered and adjusted to 100% | AA9: CRF 2023, Table 3B(a)s2 Allocation. Only shares for liquid, solid, pasture and other (deep litter) were considered and adjusted to 100% | AB9: CRF 2023, Table 3B(a)s2 Allocation. Only shares for liquid, solid, pasture and other (deep litter) were considered and adjusted to 100% | AC9: CRF 2023, Table 3B(a)s2 Allocation. Only shares for liquid, solid, pasture and other (deep litter) were considered and adjusted to 100%
A11: METHANE EMISSIONS
A12: Emission factors methane emissions
A13: MCF solid manure | B13: 0.01 | D13: 0.02 | F13: 0.04 | H13: 0.02 | J13: 0.02 | L13: 0.02 | P13: 0.023068564 | R13: 0.02 | V13: CRF 2023, Table 3B(a)s2 MCF. Only shares for liquid, solid, pasture and other (deep litter) were considered and adjusted to 100%. Weighted average between cool / temperate per type of manure | W13: IPCC 2019 Table 10.17 | X13: IPCC 2019 Table 10.17 | Y13: IPCC 2019 Table 10.17 | Z13: IPCC 2019 Table 10.17 | AA13: IPCC 2019 Table 10.17 | AC13: CRF 2023, Table 3B(a)s2 MCF. Only shares for liquid, solid, pasture and other (deep litter) were considered and adjusted to 100%. Weighted average between cool / temperate per type of manure
A14: MCF liquid manure | B14: 0.01 | D14: 0.02 | V14: CRF 2023, Table 3B(a)s2 MCF. Only shares for liquid, solid, pasture and other (deep litter) were considered and adjusted to 100%. Weighted average between cool / temperate per type of manure | W14: IPCC 2019 Table 10.17, approx solid
A15: MCF deep litter | N15: 0.02 | W15: CRF 2023, Table 3B(a)s2 MCF. Only shares for liquid, solid, pasture and other (deep litter) were considered and adjusted to 100%. Weighted average between cool / temperate per type of manure | AB15: IPCC 2019 Table 10.17, approx Solid
A16: MCF pasture | W16: CRF 2023, Table 3B(a)s2 MCF. Only shares for liquid, solid, pasture and other (deep litter) were considered and adjusted to 100%. Weighted average between cool / temperate per type of manure | AC16: CRF 2023, Table 3B(a)s2 MCF. Only shares for liquid, solid, pasture and other (deep litter) were considered and adjusted to 100%. Weighted average between cool / temperate per type of manure
A17: Volatile solids (VS), fraction of manure | B17: 0.87 | D17: 0.87 | F17: 0.87 | H17: 0.87 | J17: 0.87 | L17: 0.87 | N17: 0.87 | P17: 0.87 | R17: 0.87 | V17: approx sweden | W17: approx sweden | X17: approx sweden | Y17: approx sweden | Z17: CRF 2023, Table 3B(a)s2 MCF. Only shares for liquid, solid, pasture and other (deep litter) were considered and adjusted to 100%. Weighted average between cool / temperate per type of manure | AA17: approx sweden | AB17: approx sweden | AC17: approx sweden
A18: Bo, m3 CH4/kg VS | B18: 0.32 | C18: 0.32 | D18: 0.32 | E18: 0.32 | F18: 0.32 | G18: 0.32 | H18: 0.32 | I18: 0.32 | J18: 0.32 | K18: 0.32 | L18: 0.32 | M18: 0.32 | N18: 0.32 | O18: 0.32 | P18: 0.32 | Q18: 0.32 | R18: 0.32 | S18: 0.32 | V18: CRF 2023, Table 3B(a)s1 | W18: CRF 2023, Table 3B(a)s1 | X18: IPCC 2019 Table 10.17 | Y18: CRF 2023, Table 3B(a)s1 | Z18: CRF 2023, Table 3B(a)s1 | AA18: IPCC 2019 Table 10.17 | AB18: IPCC 2019 Table 10.17, approx Solid | AC18: CRF 2023, Table 3B(a)s1
A20: Manure production, kg DM VS per day | B20: 0.1 | C20: 0.1 | D20: 0.1 | E20: 0.1 | F20: 0.1 | G20: 0.1 | H20: 0.1 | I20: 0.1 | J20: 0.1 | K20: 0.1 | L20: 0.1 | M20: 0.1 | N20: 0.1 | O20: 0.1 | P20: 0.1 | Q20: 0.1 | R20: 0.1 | S20: 0.1 | V20: CRF 2023, Table 3B(a)s1 | W20: CRF 2023, Table 3B(a)s1 | X20: IPCC 2019 Table 10.17 | Y20: CRF 2023, Table 3B(a)s1 | Z20: CRF 2023, Table 3B(a)s1 | AA20: CRF 2023, Table 3B(a)s1 | AB20: IPCC 2019 Table 10.17, approx Solid | AC20: CRF 2023, Table 3B(a)s1
A22: Total amount of DM VS produced, kg per animal | V22: Following Nilsson et al (2017) assuming less manure during first 2 month (therefore divided slaughtering age by 2)
A23: Solid | B23: =Production!$B$5*B6*$B$20*365 -> 0.74489796 | C23: =(Production!$B$6+Production!$B$7)*C6*$C$20*'Parameters, country spec'!$B$11/2 -> 7.1267632 | D23: =Production!$C$5*D6*$D$20*365 -> 0.74489796 | E23: =(Production!$C$6+Production!$C$7)*E6*$E$20*'Parameters, country spec'!$C$11/2 -> 7.1267632 | F23: =Production!$D$5*F6*$F$20*365 -> 36.5 | G23: =(Production!$D$6+Production!$D$7)*G6*$G$20*'Parameters, country spec'!$D$11/2 -> 349.2114 | H23: =Production!$E$5*H6*$H$20*365 -> 36.5 | I23: =(Production!$E$6+Production!$E$7)*I6*$I$20*'Parameters, country spec'!$E$11/2 -> 349.2114 | J23: =Production!$F$5*J6*$J$20*365 -> 36.5 | K23: =(Production!$F$6+Production!$F$7)*K6*$K$20*'Parameters, country spec'!$F$11/2 -> 349.2114 | L23: =Production!$G$5*L6*$L$20*365 -> 36.5 | M23: =(Production!$G$6+Production!$G$7)*M6*$M$20*'Parameters, country spec'!$G$11/2 -> 349.2114 | N23: =Production!$H$5*N6*$N$20*365 -> 36.5 | O23: =(Production!$H$6+Production!$H$7)*O6*$O$20*'Parameters, country spec'!$H$11/2 -> 0 | P23: =Production!$I$5*P6*$P$20*365 -> 36.5 | Q23: =(Production!$I$6+Production!$I$7)*Q6*$Q$20*'Parameters, country spec'!$I$11/2 -> 349.2114 | R23: =Production!$I$5*R6*$P$20*365 -> 36.5 | S23: =(Production!$I$6+Production!$I$7)*S6*$Q$20*'Parameters, country spec'!$J$11/2 -> 349.2114
A24: Liquid | B24: =Production!$B$5*B7*$B$20*365 -> 35.755102 | C24: =(Production!$B$6+Production!$B$7)*C7*$C$20*'Parameters, country spec'!$B$11/2 -> 342.08463 | D24: =Production!$C$5*D7*$D$20*365 -> 35.755102 | E24: =(Production!$C$6+Production!$C$7)*E7*$E$20*'Parameters, country spec'!$C$11/2 -> 342.08463 | F24: =Production!$D$5*F7*$F$20*365 -> 0 | G24: =(Production!$D$6+Production!$D$7)*G7*$G$20*'Parameters, country spec'!$D$11/2 -> 0 | H24: =Production!$E$5*H7*$H$20*365 -> 0 | I24: =(Production!$E$6+Production!$E$7)*I7*$I$20*'Parameters, country spec'!$E$11/2 -> 0 | J24: =Production!$F$5*J7*$J$20*365 -> 0 | K24: =(Production!$F$6+Production!$F$7)*K7*$K$20*'Parameters, country spec'!$F$11/2 -> 0 | L24: =Production!$G$5*L7*$L$20*365 -> 0 | M24: =(Production!$G$6+Production!$G$7)*M7*$M$20*'Parameters, country spec'!$G$11/2 -> 0 | N24: =Production!$H$5*N7*$N$20*365 -> 0 | O24: =(Production!$H$6+Production!$H$7)*O7*$O$20*'Parameters, country spec'!$H$11/2 -> 0 | P24: =Production!$I$5*P7*$P$20*365 -> 0 | Q24: =(Production!$I$6+Production!$I$7)*Q7*$Q$20*'Parameters, country spec'!$I$11/2 -> 0 | R24: =Production!$I$5*R7*$P$20*365 -> 0 | S24: =(Production!$I$6+Production!$I$7)*S7*$Q$20*'Parameters, country spec'!$J$11/2 -> 0
A25: Deep litter | B25: =Production!$B$5*B8*$B$20*365 -> 0 | C25: =(Production!$B$6+Production!$B$7)*C8*$C$20*'Parameters, country spec'!$B$11/2 -> 0 | D25: =Production!$C$5*D8*$D$20*365 -> 0 | E25: =(Production!$C$6+Production!$C$7)*E8*$E$20*'Parameters, country spec'!$C$11/2 -> 0 | F25: =Production!$D$5*F8*$F$20*365 -> 0 | G25: =(Production!$D$6+Production!$D$7)*G8*$G$20*'Parameters, country spec'!$D$11/2 -> 0 | H25: =Production!$E$5*H8*$H$20*365 -> 0 | I25: =(Production!$E$6+Production!$E$7)*I8*$I$20*'Parameters, country spec'!$E$11/2 -> 0 | J25: =Production!$F$5*J8*$J$20*365 -> 0 | K25: =(Production!$F$6+Production!$F$7)*K8*$K$20*'Parameters, country spec'!$F$11/2 -> 0 | L25: =Production!$G$5*L8*$L$20*365 -> 0 | M25: =(Production!$G$6+Production!$G$7)*M8*$M$20*'Parameters, country spec'!$G$11/2 -> 0 | N25: =Production!$H$5*N8*$N$20*365 -> 0 | O25: =(Production!$H$6+Production!$H$7)*O8*$O$20*'Parameters, country spec'!$H$11/2 -> 349.2114 | P25: =Production!$I$5*P8*$P$20*365 -> 0 | Q25: =(Production!$I$6+Production!$I$7)*Q8*$Q$20*'Parameters, country spec'!$I$11/2 -> 0 | R25: =Production!$I$5*R8*$P$20*365 -> 0 | S25: =(Production!$I$6+Production!$I$7)*S8*$Q$20*'Parameters, country spec'!$J$11/2 -> 0
A26: Pasture | B26: =Production!$B$5*B9*$B$20*365 -> 0 | C26: =(Production!$B$6+Production!$B$7)*C9*$C$20*'Parameters, country spec'!$B$11/2 -> 0 | D26: =Production!$C$5*D9*$D$20*365 -> 0 | E26: =(Production!$C$6+Production!$C$7)*E9*$E$20*'Parameters, country spec'!$C$11/2 -> 0 | F26: =Production!$D$5*F9*$F$20*365 -> 0 | G26: =(Production!$D$6+Production!$D$7)*G9*$G$20*'Parameters, country spec'!$D$11/2 -> 0 | H26: =Production!$E$5*H9*$H$20*365 -> 0 | I26: =(Production!$E$6+Production!$E$7)*I9*$I$20*'Parameters, country spec'!$E$11/2 -> 0 | J26: =Production!$F$5*J9*$J$20*365 -> 0 | K26: =(Production!$F$6+Production!$F$7)*K9*$K$20*'Parameters, country spec'!$F$11/2 -> 0 | L26: =Production!$G$5*L9*$L$20*365 -> 0 | M26: =(Production!$G$6+Production!$G$7)*M9*$M$20*'Parameters, country spec'!$G$11/2 -> 0 | N26: =Production!$H$5*N9*$N$20*365 -> 0 | O26: =(Production!$H$6+Production!$H$7)*O9*$O$20*'Parameters, country spec'!$H$11/2 -> 0 | P26: =Production!$I$5*P9*$P$20*365 -> 0 | Q26: =(Production!$I$6+Production!$I$7)*Q9*$Q$20*'Parameters, country spec'!$I$11/2 -> 0 | R26: =Production!$I$5*R9*$P$20*365 -> 0 | S26: =(Production!$I$6+Production!$I$7)*S9*$Q$20*'Parameters, country spec'!$J$11/2 -> 0
A28: Methane emissions, kg CH4 per year
A29: Solid | B29: =B23*$B$18*0.67*B13 -> 0.0015970612 | C29: =C23*$C$18*0.67*B13 -> 0.01527978 | D29: =D23*$D$18*0.67*D13 -> 0.0031941224 | E29: =E23*$E$18*0.67*D13 -> 0.030559561 | F29: =F23*$F$18*0.67*F13 -> 0.313024 | G29: =G23*$G$18*0.67*F13 -> 2.9948369 | H29: =H23*$H$18*0.67*H13 -> 0.156512 | I29: =I23*$I$18*0.67*H13 -> 1.4974185 | J29: =J23*$J$18*0.67*J13 -> 0.156512 | K29: =K23*$K$18*0.67*J13 -> 1.4974185 | L29: =L23*$L$18*0.67*L13 -> 0.156512 | M29: =M23*$M$18*0.67*L13 -> 1.4974185 | N29: =N23*$N$18*0.67*N13 -> 0 | O29: =O23*$O$18*0.67*N13 -> 0 | P29: =P23*$P$18*0.67*P13 -> 0.18052535 | Q29: =Q23*$Q$18*0.67*P13 -> 1.7271647 | R29: =R23*$P$18*0.67*R13 -> 0.156512 | S29: =S23*$Q$18*0.67*R13 -> 1.4974185
A30: Liquid | B30: =B24*$B$18*0.67*B14 -> 0.076658939 | C30: =C24*$C$18*0.67*B14 -> 0.73342946 | D30: =D24*$D$18*0.67*D14 -> 0.15331788 | E30: =E24*$E$18*0.67*D14 -> 1.4668589 | F30: =F24*$F$18*0.67*F14 -> 0 | G30: =G24*$G$18*0.67*F14 -> 0 | H30: =H24*$H$18*0.67*H14 -> 0 | I30: =I24*$I$18*0.67*H14 -> 0 | J30: =J24*$J$18*0.67*J14 -> 0 | K30: =K24*$K$18*0.67*J14 -> 0 | L30: =L24*$L$18*0.67*L14 -> 0 | M30: =M24*$M$18*0.67*L14 -> 0 | N30: =N24*$N$18*0.67*N14 -> 0 | O30: =O24*$O$18*0.67*N14 -> 0 | P30: =P24*$P$18*0.67*P14 -> 0 | Q30: =Q24*$Q$18*0.67*P14 -> 0 | R30: =R24*$P$18*0.67*R14 -> 0 | S30: =S24*$Q$18*0.67*R14 -> 0
A31: Deep litter | B31: =B25*$B$18*0.67*B15 -> 0 | C31: =C25*$C$18*0.67*B15 -> 0 | D31: =D25*$D$18*0.67*D15 -> 0 | E31: =E25*$E$18*0.67*D15 -> 0 | F31: =F25*$F$18*0.67*F15 -> 0 | G31: =G25*$G$18*0.67*F15 -> 0 | H31: =H25*$H$18*0.67*H15 -> 0 | I31: =I25*$I$18*0.67*H15 -> 0 | J31: =J25*$J$18*0.67*J15 -> 0 | K31: =K25*$K$18*0.67*J15 -> 0 | L31: =L25*$L$18*0.67*L15 -> 0 | M31: =M25*$M$18*0.67*L16 -> 0 | N31: =N25*$N$18*0.67*N15 -> 0 | O31: =O25*$O$18*0.67*N15 -> 1.4974185 | P31: =P25*$P$18*0.67*P15 -> 0 | Q31: =Q25*$Q$18*0.67*P15 -> 0 | R31: =R25*$P$18*0.67*R15 -> 0 | S31: =S25*$Q$18*0.67*R15 -> 0
A32: Pasture | B32: =B26*$B$18*0.67*B16 -> 0 | C32: =C26*$B$18*0.67*B16 -> 0 | D32: =D26*$D$18*0.67*D16 -> 0 | E32: =E26*$E$18*0.67*D16 -> 0 | F32: =F26*$F$18*0.67*F16 -> 0 | G32: =G26*$G$18*0.67*F16 -> 0 | H32: =H26*$H$18*0.67*H16 -> 0 | I32: =I26*$I$18*0.67*H16 -> 0 | J32: =J26*$J$18*0.67*J16 -> 0 | K32: =K26*$K$18*0.67*J16 -> 0 | L32: =L26*$L$18*0.67*L16 -> 0 | M32: =M26*$M$18*0.67*L16 -> 0 | N32: =N26*$N$18*0.67*N16 -> 0 | O32: =O26*$O$18*0.67*N16 -> 0 | P32: =P26*$P$18*0.67*P16 -> 0 | Q32: =Q26*$Q$18*0.67*P16 -> 0 | R32: =R26*$P$18*0.67*R16 -> 0 | S32: =S26*$Q$18*0.67*R16 -> 0
A33: Total | C33: =SUM(B29:C32) -> 0.82696524 | E33: =SUM(D29:E32) -> 1.6539305 | G33: =SUM(F29:G32) -> 3.3078609 | I33: =SUM(H29:I32) -> 1.6539305 | K33: =SUM(J29:K32) -> 1.6539305 | M33: =SUM(L29:M32) -> 1.6539305 | O33: =SUM(N29:O32) -> 1.4974185 | Q33: =SUM(P29:Q32) -> 1.90769 | S33: =SUM(R29:S32) -> 1.6539305
A34: Per animal, kg CH4 | C34: =C33/Production!B8 -> 0.01305202 | E34: =E33/Production!C23 -> 0.027636186 | G34: =G33/Production!D23 -> 0.055342089 | I34: =I33/Production!E23 -> 0.027671044 | K34: =K33/Production!F23 -> 0.027636186 | M34: =M33/Production!G23 -> 0.027671044 | O34: =O33/Production!H23 -> 0.024771318 | Q34: =Q33/Production!I23 -> 0.037414495 | S34: =S33/Production!J23 -> 0.033736919 | U34: Emission factor according to IPCC is 0.08 kg CH4 per animal and year, which gives 0.08/(112/365)=0.025 per animal
A35: Per kg meat and offal, kg CH4 | C35: =C33/Production!B23 -> 0.016218823 | E35: =E33/Production!C23 -> 0.027636186 | G35: =G34/Production!D23 -> 0.0009258995 | I35: =I33/Production!E23 -> 0.027671044 | K35: =K33/Production!F23 -> 0.027636186 | M35: =M33/Production!G23 -> 0.027671044 | O35: =O33/Production!H23 -> 0.024771318 | Q35: =Q33/Production!I23 -> 0.037414495 | S35: =S33/Production!J23 -> 0.033736919
A37: NITROGEN EMISSIONS
A38: N excreted per animal | U38: Step 2
A39: N excreted, kg per head per year | B39: 7.53 | C39: =B39/365*'Parameters, country spec'!B11/2 -> 1.1552877 | D39: 8.1 | E39: =D39/365*'Parameters, country spec'!C11/2 -> 1.2427397 | F39: 8.1 | G39: =F39/365*'Parameters, country spec'!D11/2 -> 1.2427397 | H39: 8.1 | I39: =H39/365*'Parameters, country spec'!E11/2 -> 1.2427397 | J39: 8.1 | K39: =J39/365*'Parameters, country spec'!F11/2 -> 1.2427397 | L39: 8.1 | M39: =L39/365*'Parameters, country spec'!G11/2 -> 1.2427397 | N39: 8.1 | O39: =N39/365*'Parameters, country spec'!H11/2 -> 1.2427397 | P39: 8.1 | Q39: =P39/365*'Parameters, country spec'!I11/2 -> 1.2427397 | R39: 8.1 | S39: =R39/365*'Parameters, country spec'!J11/2 -> 1.2427397 | U39: National CRF reports, 2023, Table 3.B(b) | Y39: Germany, Netherlands, Italy, approx. 8.1
A40: Proportion of TAN | B40: 0.7 | C40: 0.7 | D40: 0.7 | E40: 0.7 | F40: 0.7 | G40: 0.7 | H40: 0.7 | I40: 0.7 | J40: 0.7 | K40: 0.7 | L40: 0.7 | M40: 0.7 | N40: 0.7 | O40: 0.7 | P40: 0.7 | Q40: 0.7 | R40: 0.7 | S40: 0.7 | U40: EMEP/EEA 2019. Table 3.9. | X40: Approxing with laying hens from here and on. A more similar weight and production cycle to rabbits than pigs / cows, no value for rabbits. Laying hen instead of broiler, because no value is available for broiler manure stored as slurry
U41: Following Nilsson et al (2017) assuming less manure during first 2 month (therefore divided slaughtering age by 2)
A42: N excreted in different systems, kg per year
A43: Solid | B43: =Production!$B$5*B6*$B$39 -> 0.15367347 | C43: =(Production!$B$6+Production!$B$7)*C6*$C$39 -> 1.470261 | D43: =Production!$C$5*D6*$D$39 -> 0.16530612 | E43: =(Production!$C$6+Production!$C$7)*E6*$E$39 -> 1.5815557 | F43: =Production!$D$5*F6*$F$39 -> 8.1 | G43: =(Production!$D$6+Production!$D$7)*G6*$G$39 -> 77.496228 | H43: =Production!$E$5*H6*$H$39 -> 8.1 | I43: =(Production!$E$6+Production!$E$7)*I6*$I$39 -> 77.496228 | J43: =Production!$F$5*J6*$J$39 -> 8.1 | K43: =(Production!$F$6+Production!$F$7)*K6*$K$39 -> 77.496228 | L43: =Production!$G$5*L6*$L$39 -> 8.1 | M43: =(Production!$G$6+Production!$G$7)*M6*$M$39 -> 77.496228 | N43: =Production!$H$5*N6*$N$39 -> 8.1 | O43: =(Production!$H$6+Production!$H$7)*O6*$O$39 -> 0 | P43: =Production!$I$5*P6*$P$39 -> 8.1 | Q43: =(Production!$I$6+Production!$I$7)*Q6*$Q$39 -> 77.496228 | R43: =Production!$I$5*R6*$P$39 -> 8.1 | S43: =(Production!$I$6+Production!$I$7)*S6*$Q$39 -> 77.496228
A44: Liquid | B44: =Production!$B$5*B7*$B$39 -> 7.3763265 | C44: =(Production!$B$6+Production!$B$7)*C7*$C$39 -> 70.572529 | D44: =Production!$C$5*D7*$D$39 -> 7.9346939 | E44: =(Production!$C$6+Production!$C$7)*E7*$E$39 -> 75.914672 | F44: =Production!$D$5*F7*$F$39 -> 0 | G44: =(Production!$D$6+Production!$D$7)*G7*$G$39 -> 0 | H44: =Production!$E$5*H7*$H$39 -> 0 | I44: =(Production!$E$6+Production!$E$7)*I7*$I$39 -> 0 | J44: =Production!$F$5*J7*$J$39 -> 0 | K44: =(Production!$F$6+Production!$F$7)*K7*$K$39 -> 0 | L44: =Production!$G$5*L7*$L$39 -> 0 | M44: =(Production!$G$6+Production!$G$7)*M7*$M$39 -> 0 | N44: =Production!$H$5*N7*$N$39 -> 0 | O44: =(Production!$H$6+Production!$H$7)*O7*$O$39 -> 0 | P44: =Production!$I$5*P7*$P$39 -> 0 | Q44: =(Production!$I$6+Production!$I$7)*Q7*$Q$39 -> 0 | R44: =Production!$I$5*R7*$P$39 -> 0 | S44: =(Production!$I$6+Production!$I$7)*S7*$Q$39 -> 0
A45: Deep litter | B45: =Production!$B$5*B8*$B$39 -> 0 | C45: =(Production!$B$6+Production!$B$7)*C8*$C$39 -> 0 | D45: =Production!$C$5*D8*$D$39 -> 0 | E45: =(Production!$C$6+Production!$C$7)*E8*$E$39 -> 0 | F45: =Production!$D$5*F8*$F$39 -> 0 | G45: =(Production!$D$6+Production!$D$7)*G8*$G$39 -> 0 | H45: =Production!$E$5*H8*$H$39 -> 0 | I45: =(Production!$E$6+Production!$E$7)*I8*$I$39 -> 0 | J45: =Production!$F$5*J8*$J$39 -> 0 | K45: =(Production!$F$6+Production!$F$7)*K8*$K$39 -> 0 | L45: =Production!$G$5*L8*$L$39 -> 0 | M45: =(Production!$G$6+Production!$G$7)*M8*$M$39 -> 0 | N45: =Production!$H$5*N8*$N$39 -> 0 | O45: =(Production!$H$6+Production!$H$7)*O8*$O$39 -> 77.496228 | P45: =Production!$I$5*P8*$P$39 -> 0 | Q45: =(Production!$I$6+Production!$I$7)*Q8*$Q$39 -> 0 | R45: =Production!$I$5*R8*$P$39 -> 0 | S45: =(Production!$I$6+Production!$I$7)*S8*$Q$39 -> 0
A46: Pasture | B46: =Production!$B$5*B9*$B$39 -> 0 | C46: =(Production!$B$6+Production!$B$7)*C9*$C$39 -> 0 | D46: =Production!$C$5*D9*$D$39 -> 0 | E46: =(Production!$C$6+Production!$C$7)*E9*$E$39 -> 0 | F46: =Production!$D$5*F9*$F$39 -> 0 | G46: =(Production!$D$6+Production!$D$7)*G9*$G$39 -> 0 | H46: =Production!$E$5*H9*$H$39 -> 0 | I46: =(Production!$E$6+Production!$E$7)*I9*$I$39 -> 0 | J46: =Production!$F$5*J9*$J$39 -> 0 | K46: =(Production!$F$6+Production!$F$7)*K9*$K$39 -> 0 | L46: =Production!$G$5*L9*$L$39 -> 0 | M46: =(Production!$G$6+Production!$G$7)*M9*$M$39 -> 0 | N46: =Production!$H$5*N9*$N$39 -> 0 | O46: =(Production!$H$6+Production!$H$7)*O9*$O$39 -> 0 | P46: =Production!$I$5*P9*$P$39 -> 0 | Q46: =(Production!$I$6+Production!$I$7)*Q9*$Q$39 -> 0 | R46: =Production!$I$5*R9*$P$39 -> 0 | S46: =(Production!$I$6+Production!$I$7)*S9*$Q$39 -> 0
A47: Total: | C47: =SUM(B43:C46) -> 79.57279 | E47: =SUM(D43:E46) -> 85.596228 | G47: =SUM(F43:G46) -> 85.596228 | I47: =SUM(H43:I46) -> 85.596228 | K47: =SUM(J43:K46) -> 85.596228 | M47: =SUM(L43:M46) -> 85.596228 | O47: =SUM(N43:O46) -> 85.596228 | Q47: =SUM(P43:Q46) -> 85.596228 | S47: =SUM(R43:S46) -> 85.596228
A48: Per kg meat and offal, kg N per year | C48: =C47/Production!B23 -> 1.5606182 | E48: =E47/Production!C23 -> 1.4302616 | G48: =G47/Production!D23 -> 1.4320657 | I48: =I47/Production!E23 -> 1.4320657 | K48: =K47/Production!F23 -> 1.4302616 | M48: =M47/Production!G23 -> 1.4320657 | O48: =O47/Production!H23 -> 1.4159912 | Q48: =Q47/Production!I23 -> 1.6787526 | S48: =S47/Production!J23 -> 1.7459942
A50: TAN excreted in different systems, kg per year, m_house, TAN | U50: Step 4
A51: Solid | B51: =B43*$B$40 -> 0.10757143 | C51: =C43*$C$40 -> 1.0291827 | D51: =D43*$D$40 -> 0.11571429 | E51: =E43*$E$40 -> 1.107089 | F51: =F43*$F$40 -> 5.67 | G51: =G43*$G$40 -> 54.24736 | H51: =H43*$H$40 -> 5.67 | I51: =I43*$I$40 -> 54.24736 | J51: =J43*$J$40 -> 5.67 | K51: =K43*$K$40 -> 54.24736 | L51: =L43*$L$40 -> 5.67 | M51: =M43*$M$40 -> 54.24736 | N51: =N43*$N$40 -> 5.67 | O51: =O43*$O$40 -> 0 | P51: =P43*$P$40 -> 5.67 | Q51: =Q43*$Q$40 -> 54.24736 | R51: =R43*$P$40 -> 5.67 | S51: =S43*$Q$40 -> 54.24736
A52: Liquid | B52: =B44*$B$40 -> 5.1634286 | C52: =C44*$C$40 -> 49.40077 | D52: =D44*$D$40 -> 5.5542857 | E52: =E44*$E$40 -> 53.140271 | F52: =F44*$F$40 -> 0 | G52: =G44*$G$40 -> 0 | H52: =H44*$H$40 -> 0 | I52: =I44*$I$40 -> 0 | J52: =J44*$J$40 -> 0 | K52: =K44*$K$40 -> 0 | L52: =L44*$L$40 -> 0 | M52: =M44*$M$40 -> 0 | N52: =N44*$N$40 -> 0 | O52: =O44*$O$40 -> 0 | P52: =P44*$P$40 -> 0 | Q52: =Q44*$Q$40 -> 0 | R52: =R44*$P$40 -> 0 | S52: =S44*$Q$40 -> 0
A53: Deep litter | B53: =B45*$B$40 -> 0 | C53: =C45*$C$40 -> 0 | D53: =D45*$D$40 -> 0 | E53: =E45*$E$40 -> 0 | F53: =F45*$F$40 -> 0 | G53: =G45*$G$40 -> 0 | H53: =H45*$H$40 -> 0 | I53: =I45*$I$40 -> 0 | J53: =J45*$J$40 -> 0 | K53: =K45*$K$40 -> 0 | L53: =L45*$L$40 -> 0 | M53: =M45*$M$40 -> 0 | N53: =N45*$N$40 -> 0 | O53: =O45*$O$40 -> 54.24736 | P53: =P45*$P$40 -> 0 | Q53: =Q45*$Q$40 -> 0 | R53: =R45*$P$40 -> 0 | S53: =S45*$Q$40 -> 0
A54: Pasture | B54: =B46*$B$40 -> 0 | C54: =C46*$C$40 -> 0 | D54: =D46*$D$40 -> 0 | E54: =E46*$E$40 -> 0 | F54: =F46*$F$40 -> 0 | G54: =G46*$G$40 -> 0 | H54: =H46*$H$40 -> 0 | I54: =I46*$I$40 -> 0 | J54: =J46*$J$40 -> 0 | K54: =K46*$K$40 -> 0 | L54: =L46*$L$40 -> 0 | M54: =M46*$M$40 -> 0 | N54: =N46*$N$40 -> 0 | O54: =O46*$O$40 -> 0 | P54: =P46*$P$40 -> 0 | Q54: =Q46*$Q$40 -> 0 | R54: =R46*$P$40 -> 0 | S54: =S46*$Q$40 -> 0
A56: Emissions from housing, kg NH3-N per year, E_house | U56: Step 6
A57: Solid | B57: =B51*B62 -> 0.021514286 | C57: =C51*C62 -> 0.20583654 | D57: =D51*D62 -> 0.023142857 | E57: =E51*E62 -> 0.22141779 | F57: =F51*F62 -> 1.134 | G57: =G51*G62 -> 10.849472 | H57: =H51*H62 -> 1.134 | I57: =I51*I62 -> 10.849472 | ... S57: =S51*S62 -> 10.849472
A58: Liquid | B58: =B52*B63 -> 2.1170057 | C58: =C52*C63 -> 20.254316 | D58: =D52*D63 -> 2.2772571 | E58: =E52*E63 -> 21.787511 | F58: =F52*F63 -> 0 | G58: =G52*G63 -> 0 | H58: =H52*H63 -> 0 | I58: =I52*I63 -> 0 | ... S58: =S52*S63 -> 0
A59: Deep litter | B59: =B53*B62 -> 0 | C59: =C53*C62 -> 0 | D59: =D53*D62 -> 0 | E59: =E53*E62 -> 0 | F59: =F53*F62 -> 0 | G59: =G53*G62 -> 0 | H59: =H53*H62 -> 0 | I59: =I53*I62 -> 0 | ... S59: =S53*S62 -> 0 | U59: Using EF for solid manure
A60: Total | C60: =SUM(B57:C59) -> 22.598672 | E60: =SUM(D57:E59) -> 24.309329 | G60: =SUM(F57:G59) -> 11.983472 | I60: =SUM(H57:I59) -> 11.983472 | K60: =SUM(J57:K59) -> 11.983472 | M60: =SUM(L57:M59) -> 11.983472 | O60: =SUM(N57:O59) -> 11.983472 | Q60: =SUM(P57:Q59) -> 11.983472 | S60: =SUM(R57:S59) -> 11.983472
A62: EF NH3-N housing solid | B62: 0.2 | C62: 0.2 | D62: 0.2 | E62: 0.2 | F62: 0.2 | G62: 0.2 | H62: 0.2 | I62: 0.2 | J62: 0.2 | K62: 0.2 | L62: 0.2 | M62: 0.2 | N62: 0.2 | O62: 0.2 | P62: 0.2 | Q62: 0.2 | R62: 0.2 | S62: 0.2 | U62: EMEP/EEA 2019. Table 3.9 | X62: approx laying hens
A63: EF NH3-N housing slurry | B63: 0.41 | C63: 0.41 | D63: 0.41 | E63: 0.41 | F63: 0.41 | G63: 0.41 | H63: 0.41 | I63: 0.41 | J63: 0.41 | K63: 0.41 | L63: 0.41 | M63: 0.41 | N63: 0.41 | O63: 0.41 | P63: 0.41 | Q63: 0.41 | R63: 0.41 | S63: 0.41
A65: Remaining TAN after housing losses, kg per year, m_storage, TAN
A66: Solid | B66: =B51-B57 -> 0.086057143 | C66: =C51-C57 -> 0.82334617 | D66: =D51-D57 -> 0.092571429 | E66: =E51-E57 -> 0.88567118 | F66: =F51-F57 -> 4.536 | G66: =G51-G57 -> 43.397888 | H66: =H51-H57 -> 4.536 | I66: =I51-I57 -> 43.397888 | ... S66: =S51-S57 -> 43.397888
A67: Liquid | B67: =B52-B58 -> 3.0464229 | C67: =C52-C58 -> 29.146454 | D67: =D52-D58 -> 3.2770286 | E67: =E52-E58 -> 31.35276 | F67: =F52-F58 -> 0 | G67: =G52-G58 -> 0 | H67: =H52-H58 -> 0 | I67: =I52-I58 -> 0 | ... S67: =S52-S58 -> 0
A68: Deep litter | B68: =B53-B59 -> 0 | C68: =C53-C59 -> 0 | D68: =D53-D59 -> 0 | E68: =E53-E59 -> 0 | F68: =F53-F59 -> 0 | G68: =G53-G59 -> 0 | H68: =H53-H59 -> 0 | I68: =I53-I59 -> 0 | ... S68: =S53-S59 -> 0
A70: Modified TAN to account for org N mineralisation (liquid) and TAN immobilisation (solid/deep litter) | U70: Step 9
A71: Solid | B71: =B66 -> 0.086057143 | C71: =C66 -> 0.82334617 | D71: =D66 -> 0.092571429 | E71: =E66 -> 0.88567118 | F71: =F66 -> 4.536 | G71: =G66 -> 43.397888 | H71: =H66 -> 4.536 | I71: =I66 -> 43.397888 | ... S71: =S66 -> 43.397888
A72: Liquid | B72: =B67+((B44-B52)*B75) -> 3.2677127 | C72: =C67+((C44-C52)*C75) -> 31.26363 | D72: =D67+((D44-D52)*D75) -> 3.5150694 | E72: =E67+((E44-E52)*E75) -> 33.6302 | F72: =F67+((F44-F52)*F75) -> 0 | G72: =G67+((G44-G52)*G75) -> 0 | H72: =H67+((H44-H52)*H75) -> 0 | I72: =I67+((I44-I52)*I75) -> 0 | ... S72: =S67+((S44-S52)*S75) -> 0
A73: Deep litter | B73: =B68 -> 0 | C73: =C68 -> 0 | D73: =D68 -> 0 | E73: =E68 -> 0 | F73: =F68 -> 0 | G73: =G68 -> 0 | H73: =H68 -> 0 | I73: =I68 -> 0 | ... S73: =S68 -> 0
A75: f min | B75: 0.1 | C75: 0.1 | D75: 0.1 | E75: 0.1 | F75: 0.1 | G75: 0.1 | H75: 0.1 | I75: 0.1 | J75: 0.1 | K75: 0.1 | L75: 0.1 | M75: 0.1 | N75: 0.1 | O75: 0.1 | P75: 0.1 | Q75: 0.1 | R75: 0.1 | S75: 0.1 | U75: EMEP/EEA 2019, just below equ. 32
A76: f imm, kg N per kg straw
A78: Emission of NH3-N from storage, kg per year, E_storage_ammonia | U78: Step 10
A79: Solid | B79: =B71*B84 -> 0.0068845714 | C79: =C71*C84 -> 0.065867693 | D79: =D71*D84 -> 0.0074057143 | E79: =E71*E84 -> 0.070853694 | F79: =F71*F84 -> 0.36288 | G79: =G71*G84 -> 3.471831 | H79: =H71*H84 -> 0.36288 | I79: =I71*I84 -> 3.471831 | ... S79: =S71*S84 -> 3.471831
A80: Liquid | B80: =B72*B85 -> 0.45747977 | C80: =C72*C85 -> 4.3769082 | D80: =D72*D85 -> 0.49210971 | E80: =E72*E85 -> 4.708228 | F80: =F72*F85 -> 0 | G80: =G72*G85 -> 0 | H80: =H72*H85 -> 0 | I80: =I72*I85 -> 0 | ... S80: =S72*S85 -> 0
A81: Deep litter | B81: =B73*B84 -> 0 | C81: =C73*C84 -> 0 | D81: =D73*D84 -> 0 | E81: =E73*E84 -> 0 | F81: =F73*F84 -> 0 | G81: =G73*G84 -> 0 | H81: =H73*H84 -> 0 | I81: =I73*I84 -> 0 | ... S81: =S73*S84 -> 0 | U81: Using EF for solid manure
A82: Total | C82: =SUM(B79:C81) -> 4.9071403 | E82: =SUM(D79:E81) -> 5.2785971 | G82: =SUM(F79:G81) -> 3.834711 | I82: =SUM(H79:I81) -> 3.834711 | K82: =SUM(J79:K81) -> 3.834711 | M82: =SUM(L79:M81) -> 3.834711 | O82: =SUM(N79:O81) -> 3.834711 | Q82: =SUM(P79:Q81) -> 3.834711 | S82: =SUM(R79:S81) -> 3.834711
A84: EF NH3-N storage solid | B84: 0.08 | C84: 0.08 | D84: 0.08 | E84: 0.08 | F84: 0.08 | G84: 0.08 | H84: 0.08 | I84: 0.08 | J84: 0.08 | K84: 0.08 | L84: 0.08 | M84: 0.08 | N84: 0.08 | O84: 0.08 | P84: 0.08 | Q84: 0.08 | R84: 0.08 | S84: 0.08 | U84: EMEP/EEA 2019. Table 3.9 | X84: approx laying hens
A85: EF NH3-N storage slurry | B85: 0.14 | C85: 0.14 | D85: 0.14 | E85: 0.14 | F85: 0.14 | G85: 0.14 | H85: 0.14 | I85: 0.14 | J85: 0.14 | K85: 0.14 | L85: 0.14 | M85: 0.14 | N85: 0.14 | O85: 0.14 | P85: 0.14 | Q85: 0.14 | R85: 0.14 | S85: 0.14 | U85: EMEP/EEA 2019. Table 3.9
A87: Emission of N2O-N from storage, kg per year, E_storage_N2O
A88: Solid | B88: =B71*B94 -> 0.00017211429 | C88: =C71*C94 -> 0.0016466923 | D88: =D71*D94 -> 0.00018514286 | E88: =E71*E94 -> 0.0017713424 | F88: =F71*F94 -> 0.009072 | G88: =G71*G94 -> 0.086795775 | H88: =H71*H94 -> 0.009072 | I88: =I71*I94 -> 0.086795775 | ... S88: =S71*S94 -> 0.086795775
A89: Liquid | B89: =B72*B95 -> 0 | C89: =C72*C95 -> 0 | D89: =D72*D95 -> 0 | E89: =E72*E95 -> 0 | F89: =F72*F95 -> 0 | G89: =G72*G95 -> 0 | H89: =H72*H95 -> 0 | I89: =I72*I95 -> 0 | ... S89: =S72*S95 -> 0
A90: Deep litter | B90: =B73*B94 -> 0 | C90: =C73*C94 -> 0 | D90: =D73*D94 -> 0 | E90: =E73*E94 -> 0 | F90: =F73*F94 -> 0 | G90: =G73*G94 -> 0 | H90: =H73*H94 -> 0 | I90: =I73*I94 -> 0 | ... S90: =S73*S94 -> 0 | U90: Using EF for solid manure
A91: Total | C91: =SUM(B88:C90) -> 0.0018188066 | E91: =SUM(D88:E90) -> 0.0019564852 | G91: =SUM(F88:G90) -> 0.095867775 | I91: =SUM(H88:I90) -> 0.095867775 | K91: =SUM(J88:K90) -> 0.095867775 | M91: =SUM(L88:M90) -> 0.095867775 | O91: =SUM(N88:O90) -> 0.095867775 | Q91: =SUM(P88:Q90) -> 0.095867775 | S91: =SUM(R88:S90) -> 0.095867775
A92: Per kg meat and offal, kg N2O-N | C92: =C91/Production!B23 -> 3.5671272e-05 | E92: =E91/Production!C23 -> 3.2691694e-05 | G92: =G91/Production!D23 -> 0.0016039135 | I92: =I91/Production!E23 -> 0.0016039135 | K92: =K91/Production!F23 -> 0.001601893 | M92: =M91/Production!G23 -> 0.0016039135 | O92: =O91/Production!H23 -> 0.0015859101 | Q92: =Q91/Production!I23 -> 0.0018802029 | S92: =S91/Production!J23 -> 0.0019555135
A94: EF N2O-N storage solid | B94: 0.002 | C94: 0.002 | D94: 0.002 | E94: 0.002 | F94: 0.002 | G94: 0.002 | H94: 0.002 | I94: 0.002 | J94: 0.002 | K94: 0.002 | L94: 0.002 | M94: 0.002 | N94: 0.002 | O94: 0.002 | P94: 0.002 | Q94: 0.002 | R94: 0.002 | S94: 0.002 | U94: EMEP/EEA 2019. Table 3.8, Laying hens | Y94: Här verkar alla använda litet olika och det slår ganska mycket
A95: EF N2O-N storage slurry | B95: 0 | C95: 0 | D95: 0 | E95: 0 | F95: 0 | G95: 0 | H95: 0 | I95: 0 | J95: 0 | K95: 0 | L95: 0 | M95: 0 | N95: 0 | O95: 0 | P95: 0 | Q95: 0 | R95: 0 | S95: 0 | U95: EMEP/EEA 2019. Table 3.8, Pig slurry without natural crust
A97: Emission of NO and N2 from storage, kg per year, E_storage_NO and N2
A98: Solid | B98: =B71*(B102+B104) -> 0.026677714 | C98: =C71*(C102+C104) -> 0.25523731 | D98: =D71*(D102+D104) -> 0.028697143 | E98: =E71*(E102+E104) -> 0.27455806 | F98: =F71*(F102+F104) -> 1.40616 | G98: =G71*(G102+G104) -> 13.453345 | H98: =H71*(H102+H104) -> 1.40616 | I98: =I71*(I102+I104) -> 13.453345 | ... S98: =S71*(S102+S104) -> 13.453345
A99: Liquid | B99: =B72*(B103+B105) -> 0.010129909 | C99: =C72*(C103+C105) -> 0.096917254 | D99: =D72*(D103+D105) -> 0.010896715 | E99: =E72*(E103+E105) -> 0.10425362 | F99: =F72*(F103+F105) -> 0 | G99: =G72*(G103+G105) -> 0 | H99: =H72*(H103+H105) -> 0 | I99: =I72*(I103+I105) -> 0 | ... S99: =S72*(S103+S105) -> 0
A100: Deep litter | B100: =B73*(B102+B104) -> 0 | C100: =C73*(C102+C104) -> 0 | D100: =D73*(D102+D104) -> 0 | E100: =E73*(E102+E104) -> 0 | F100: =F73*(F102+F104) -> 0 | G100: =G73*(G102+G104) -> 0 | H100: =H73*(H102+H104) -> 0 | I100: =I73*(I102+I104) -> 0 | ... S100: =S73*(S102+S104) -> 0 | U100: Using EF for solid manure
A102: EF NO storage solid | B102: 0.01 | C102: 0.01 | D102: 0.01 | E102: 0.01 | F102: 0.01 | G102: 0.01 | H102: 0.01 | I102: 0.01 | J102: 0.01 | K102: 0.01 | L102: 0.01 | M102: 0.01 | N102: 0.01 | O102: 0.01 | P102: 0.01 | Q102: 0.01 | R102: 0.01 | S102: 0.01 | U102: EMEP/EEA 2019. Table 3.10
A103: EF NO storage slurry | B103: 0.0001 | C103: 0.0001 | D103: 0.0001 | E103: 0.0001 | F103: 0.0001 | G103: 0.0001 | H103: 0.0001 | I103: 0.0001 | J103: 0.0001 | K103: 0.0001 | L103: 0.0001 | M103: 0.0001 | N103: 0.0001 | O103: 0.0001 | P103: 0.0001 | Q103: 0.0001 | R103: 0.0001 | S103: 0.0001 | U103: EMEP/EEA 2019. Table 3.10
A104: EF N2 storage solid | B104: 0.3 | C104: 0.3 | D104: 0.3 | E104: 0.3 | F104: 0.3 | G104: 0.3 | H104: 0.3 | I104: 0.3 | J104: 0.3 | K104: 0.3 | L104: 0.3 | M104: 0.3 | N104: 0.3 | O104: 0.3 | P104: 0.3 | Q104: 0.3 | R104: 0.3 | S104: 0.3 | U104: EMEP/EEA 2019. Table 3.10
A105: EF N2 storage slurry | B105: 0.003 | C105: 0.003 | D105: 0.003 | E105: 0.003 | F105: 0.003 | G105: 0.003 | H105: 0.003 | I105: 0.003 | J105: 0.003 | K105: 0.003 | L105: 0.003 | M105: 0.003 | N105: 0.003 | O105: 0.003 | P105: 0.003 | Q105: 0.003 | R105: 0.003 | S105: 0.003 | U105: EMEP/EEA 2019. Table 3.10
A107: Remaining TAN after storage losses, kg per year, m_applic, TAN
A108: Solid | B108: =B71-B79-B88-B98 -> 0.052322743 | C108: =C71-C79-C88-C98 -> 0.50059447 | D108: =D71-D79-D88-D98 -> 0.056283429 | E108: =E71-E79-E88-E98 -> 0.53848807 | F108: =F71-F79-F88-F98 -> 2.757888 | G108: =G71-G79-G88-G98 -> 26.385916 | H108: =H71-H79-H88-H98 -> 2.757888 | I108: =I71-I79-I88-I98 -> 26.385916 | ... S108: =S71-S79-S88-S98 -> 26.385916
A109: Liquid | B109: =B72-B80-B89-B99 -> 2.800103 | C109: =C72-C80-C89-C99 -> 26.789805 | D109: =D72-D80-D89-D99 -> 3.012063 | E109: =E72-E80-E89-E99 -> 28.817718 | F109: =F72-F80-F89-F99 -> 0 | G109: =G72-G80-G89-G99 -> 0 | H109: =H72-H80-H89-H99 -> 0 | I109: =I72-I80-I89-I99 -> 0 | ... S109: =S72-S80-S89-S99 -> 0
A110: Deep litter | B110: =B73-B81-B90-B100 -> 0 | C110: =C73-C81-C90-C100 -> 0 | D110: =D73-D81-D90-D100 -> 0 | E110: =E73-E81-E90-E100 -> 0 | F110: =F73-F81-F90-F100 -> 0 | G110: =G73-G81-G90-G100 -> 0 | H110: =H73-H81-H90-H100 -> 0 | I110: =I73-I81-I90-I100 -> 0 | ... S110: =S73-S81-S90-S100 -> 0
A112: Emission of NH3-N from application, kg per year, E_application_ammonia | U112: Step 12
A113: Solid | B113: =B108*B118 -> 0.023545234 | C113: =C108*C118 -> 0.22526751 | D113: =D108*D118 -> 0.025327543 | E113: =E108*E118 -> 0.24231963 | F113: =F108*F118 -> 1.2410496 | G113: =G108*G118 -> 11.873662 | H113: =H108*H118 -> 1.2410496 | I113: =I108*I118 -> 11.873662 | ... S113: =S108*S118 -> 11.873662
A114: Liquid | B114: =B109*B119 -> 1.9320711 | C114: =C109*C119 -> 18.484965 | D114: =D109*D119 -> 2.0783234 | E114: =E109*E119 -> 19.884226 | F114: =F109*F119 -> 0 | G114: =G109*G119 -> 0 | H114: =H109*H119 -> 0 | I114: =I109*I119 -> 0 | ... S114: =S109*S119 -> 0
A115: Deep litter | B115: =B110*B118 -> 0 | C115: =C110*C118 -> 0 | D115: =D110*D118 -> 0 | E115: =E110*E118 -> 0 | F115: =F110*F118 -> 0 | G115: =G110*G118 -> 0 | H115: =H110*H118 -> 0 | I115: =I110*I118 -> 0 | ... S115: =S110*S118 -> 0
A116: Total | C116: =SUM(B113:C115) -> 20.665849 | E116: =SUM(D113:E115) -> 22.230196 | G116: =SUM(F113:G115) -> 13.114712 | I116: =SUM(H113:I115) -> 13.114712 | K116: =SUM(J113:K115) -> 13.114712 | M116: =SUM(L113:M115) -> 13.114712 | O116: =SUM(N113:O115) -> 13.114712 | Q116: =SUM(P113:Q115) -> 13.114712 | S116: =SUM(R113:S115) -> 13.114712
A118: EF NH3-N application solid | B118: 0.45 | C118: 0.45 | D118: 0.45 | E118: 0.45 | F118: 0.45 | G118: 0.45 | H118: 0.45 | I118: 0.45 | J118: 0.45 | K118: 0.45 | L118: 0.45 | M118: 0.45 | N118: 0.45 | O118: 0.45 | P118: 0.45 | Q118: 0.45 | R118: 0.45 | S118: 0.45 | U118: EMEP/EEA 2019. Table 3.9 | X118: approx. with laying hens
A119: EF NH3-N application slurry | B119: 0.69 | C119: 0.69 | D119: 0.69 | E119: 0.69 | F119: 0.69 | G119: 0.69 | H119: 0.69 | I119: 0.69 | J119: 0.69 | K119: 0.69 | L119: 0.69 | M119: 0.69 | N119: 0.69 | O119: 0.69 | P119: 0.69 | Q119: 0.69 | R119: 0.69 | S119: 0.69 | U119: EMEP/EEA 2019. Table 3.9 | X119: approx. with laying hens
A120: EF N2O volatilization | B120: 0.01 | D120: 0.01 | F120: 0.01 | H120: 0.01 | J120: 0.01 | L120: 0.01 | N120: 0.01 | P120: 0.01 | R120: 0.01 | U120: IPCC, 2019
...

Sheet CO2 per kg feed
A2: Emissions of CO2 from feed crops (per kg of crop) | G2: Columns F-L copied straight from RPC filerna except for forage crops that are calculated here
A4: Crops | F4: Sum | G4: Inputs | I4: Soil emissions | K4: Energy use | O4: Land use change | P4: Feed processing | Q4: Transports | R4: Share | S4: Share
A5: Code | B5: Crops | C5: Categories | D5: Country | E5: Country code | G5: Production of mineral fertilizer | H5: Production of capital goods | I5: Direct emissions | J5: Indirect emissions | K5: Diesel use field mach | L5: Energy use in greenhouses | M5: Energy use for irrigation | N5: Energy use for post-harvest proc | O5: LUC emissions | P5: Feed processing | Q5: Transports of feed | R5: Roes | S5: Rabbit
B6: Pasture | C6: Feed, forage | D6: France | E6: FR | F6: =SUM(G6:Q6) -> 0.058137944 | G6: ='Forage crops, CF'!F8 -> 0.018033196 | H6: ='Forage crops, CF'!G8 -> 0.027 | I6: ='Forage crops, CF'!H8 -> 0 | J6: ='Forage crops, CF'!I8 -> 0 | K6: ='Forage crops, CF'!J8 -> 0.013104747 | L6: ='Forage crops, CF'!K8 -> 0 | M6: ='Forage crops, CF'!L8 -> 0 | N6: ='Forage crops, CF'!M8 -> 0 | ... Q6: ='Forage crops, CF'!P8 -> 0 | R6: ='Parameters, country spec'!B16 -> 0 | S6: ='Parameters, country spec'!B34 -> 0
B7: Maize (fodder) | C7: Feed, forage | D7: France | E7: FR | F7: =SUM(G7:Q7) -> 0.11525525 | G7: ='Forage crops, CF'!F58 -> 0.018290245 | H7: ='Forage crops, CF'!G58 -> 0.027 | I7: ='Forage crops, CF'!H58 -> 0 | J7: ='Forage crops, CF'!I58 -> 0 | K7: ='Forage crops, CF'!J58 -> 0.016437443 | L7: ='Forage crops, CF'!K58 -> 0 | M7: ='Forage crops, CF'!L58 -> 0.0068275618 | N7: ='Forage crops, CF'!M58 -> 0 | ... Q7: ='Forage crops, CF'!P58 -> 0 | R7: ='Parameters, country spec'!B17 -> 0 | S7: ='Parameters, country spec'!B35 -> 0
B8: Other forage crops | C8: Feed, forage | D8: France | E8: FR | F8: =SUM(G8:Q8) -> 0.10311929 | G8: ='Forage crops, CF'!F108*'Forage, input data per ha'!$E$67+'Forage crops, CF'!F158*'Forage, input data per ha'!$G$67 -> 0.016340525 | H8: ='Forage crops, CF'!G108*'Forage, input data per ha'!$E$67+'Forage crops, CF'!G158*'Forage, input data per ha'!$G$67 -> 0.027 | I8: ='Forage crops, CF'!H108*'Forage, input data per ha'!$E$67+'Forage crops, CF'!H158*'Forage, input data per ha'!$G$67 -> 0 | J8: ='Forage crops, CF'!I108*'Forage, input data per ha'!$E$67+'Forage crops, CF'!I158*'Forage, input data per ha'!$G$67 -> 0 | K8: ='Forage crops, CF'!J108*'Forage, input data per ha'!$E$67+'Forage crops, CF'!J158*'Forage, input data per ha'!$G$67 -> 0.013078763 | L8: ='Forage crops, CF'!K108*'Forage, input data per ha'!$E$67+'Forage crops, CF'!K158*'Forage, input data per ha'!$G$67 -> 0 | M8: ='Forage crops, CF'!L108*'Forage, input data per ha'!$E$67+'Forage crops, CF'!L158*'Forage, input data per ha'!$G$67 -> 0 | N8: ='Forage crops, CF'!M108*'Forage, input data per ha'!$E$67+'Forage crops, CF'!M158*'Forage, input data per ha'!$G$67 -> 0 | ... Q8: ='Forage crops, CF'!P108*'Forage, input data per ha'!$E$67+'Forage crops, CF'!P158*'Forage, input data per ha'!$G$67 -> 0 | R8: ='Parameters, country spec'!B18 -> 0.28 | S8: ='Parameters, country spec'!B36 -> 0.3
A9: 0115 | B9: Barley, average | C9: Cereals, incl feed | D9: France | E9: FR | F9: =SUM(G9:Q9) -> 0.171 | G9: 0.079 | H9: 0.027 | I9: 0 | K9: 0.03 | M9: 0 | N9: 0.035 | R9: ='Parameters, country spec'!B19 -> 0.16 | S9: ='Parameters, country spec'!B37 -> 0.2
A10: 0112 | B10: Maize (corn) | C10: Cereals, incl feed | D10: France | E10: FR | F10: =SUM(G10:Q10) -> 0.166 | G10: 0.077 | H10: 0.027 | I10: 0 | K10: 0.02 | M10: 0.007 | N10: 0.035 | R10: ='Parameters, country spec'!B20 -> 0.0003107597 | S10: ='Parameters, country spec'!B38 -> 0.0003107597
A11: 0117 | B11: Oats | C11: Cereals, incl feed | D11: France | E11: FR | F11: =SUM(G11:Q11) -> 0.177 | G11: 0.07 | H11: 0.027 | I11: 0 | K11: 0.041 | M11: 0.004 | N11: 0.035 | R11: ='Parameters, country spec'!B21 -> 8.6733359e-05 | S11: ='Parameters, country spec'!B39 -> 8.6733359e-05
A12: 0116 | B12: Rye | C12: Cereals, incl feed | D12: France | E12: FR | F12: =SUM(G12:Q12) -> 0.165 | G12: 0.062 | H12: 0.027 | I12: 0 | K12: 0.041 | M12: 0 | N12: 0.035 | R12: ='Parameters, country spec'!B22 -> 6.2924072e-05 | S12: ='Parameters, country spec'!B40 -> 6.2924072e-05
A13: 0111 | B13: Wheat, average | C13: Cereals, incl feed | D13: France | E13: FR | F13: =SUM(G13:Q13) -> 0.18 | G13: 0.091 | H13: 0.027 | I13: 0 | K13: 0.027 | M13: 0 | N13: 0.035 | R13: ='Parameters, country spec'!B23 -> 0.205 | S13: ='Parameters, country spec'!B41 -> 0.2
A14: 01705 | B14: Peas, dry | C14: Pulses, incl feed | D14: France | E14: FR | F14: =SUM(G14:Q14) -> 0.115 | G14: 0 | H14: 0.027 | I14: 0 | K14: 0.051 | M14: 0.002 | N14: 0.035 | R14: ='Parameters, country spec'!B24 -> 0.00024390156 | S14: ='Parameters, country spec'!B42 -> 0.00024390156
A15: 01702 | B15: Broad beans and horse beans, dry | C15: Pulses, incl feed | D15: France | E15: FR | F15: =SUM(G15:Q15) -> 0.138 | G15: 0.004 | H15: 0.027 | I15: 0 | K15: 0.069 | M15: 0.003 | N15: 0.035 | R15: ='Parameters, country spec'!B25 -> 0.00023959171 | S15: ='Parameters, country spec'!B43 -> 0.00023959171
B16: Rape seed cake | C16: Protein feed | D16: France | E16: FR | F16: =SUM(G16:Q16) -> 0.27628756 | G16: ='Off-farm feed'!$F$74 -> 0.15910157 | H16: ='Off-farm feed'!$G$74 -> 0.013034483 | I16: ='Off-farm feed'!$H$74 -> 0 | K16: ='Off-farm feed'!$J$74 -> 0.02468874 | M16: ='Off-farm feed'!$L$74 -> 0.00019317593 | N16: ='Off-farm feed'!$M$74 -> 0.036802129 | O16: ='Off-farm feed'!$N$74 -> 0 | P16: ='Off-farm feed'!$O$74 -> 0.026267464 | Q16: ='Off-farm feed'!$P$74 -> 0.0162 | R16: ='Parameters, country spec'!B26 -> 0.09 | S16: ='Parameters, country spec'!B44 -> 0.06
B17: Soy bean meal | C17: Protein feed | D17: France | E17: FR | F17: =SUM(G17:Q17) -> 0.70611717 | G17: ='Off-farm feed'!$F$23 -> 0.0072632671 | H17: ='Off-farm feed'!$G$23 -> 0.021402439 | I17: ='Off-farm feed'!$H$23 -> 0 | K17: ='Off-farm feed'!$J$23 -> 0.04308362 | M17: ='Off-farm feed'!$L$23 -> 0.0001784206 | N17: ='Off-farm feed'!$M$23 -> 0.030432605 | O17: ='Off-farm feed'!$N$23 -> 0.3176112 | P17: ='Off-farm feed'!$O$23 -> 0.035145617 | Q17: ='Off-farm feed'!$P$23 -> 0.251 | R17: ='Parameters, country spec'!B27 -> 0.095 | S17: ='Parameters, country spec'!B45 -> 0.07
B18: By-products | C18: By-product | D18: France | E18: FR | F18: =SUM(G18:Q18) -> 0.1978435 | G18: 0.045495933 | H18: 0.0135108 | K18: 0.031270773 | P18: 0.10250525 | Q18: 0.0050607419 | R18: ='Parameters, country spec'!B28 -> 0.095 | S18: ='Parameters, country spec'!B46 -> 0.14
B19: Other, feed | C19: Feed, other | D19: France | E19: FR | F19: =SUM(G19:Q19) -> 0.15634544 | G19: =SUMPRODUCT(G9:G17,$R9:$R17) -> 0.046339011 | H19: =SUMPRODUCT(H9:H17,$R9:$R17) -> 0.013086821 | I19: =SUMPRODUCT(I9:I17,$R9:$R17) -> 0 | J19: =SUMPRODUCT(J9:J17,$R9:$R17) -> 0 | K19: =SUMPRODUCT(K9:K17,$R9:$R17) -> 0.016691252 | L19: =SUMPRODUCT(L9:L17,$R9:$R17) -> 0 | M19: =SUMPRODUCT(M9:M17,$R9:$R17) -> 3.8064621e-05 | N19: =SUMPRODUCT(N9:N17,$R9:$R17) -> 0.019011326 | ... Q19: =SUMPRODUCT(Q9:Q17,$R9:$R17) -> 0.025303 | R19: ='Parameters, country spec'!B29 -> 0.07 | S19: ='Parameters, country spec'!B47 -> 0.03
B20: Total for the feed mix, roes: | F20: =SUMPRODUCT(F6:F8,R6:R8)+SUMPRODUCT(F9:F19,R9:R19)/0.87 -> 0.24276393 | G20: =SUMPRODUCT(G6:G8,R6:R8)+SUMPRODUCT(G9:G19,R9:R19)/0.87 -> 0.066534951 | H20: =SUMPRODUCT(H6:H8,R6:R8)+SUMPRODUCT(H9:H19,R9:R19)/0.87 -> 0.025130603 | I20: =SUMPRODUCT(I6:I8,R6:R8)+SUMPRODUCT(I9:I19,R9:R19)/0.87 -> 0 | J20: =SUMPRODUCT(J6:J8,R6:R8)+SUMPRODUCT(J9:J19,R9:R19)/0.87 -> 0 | K20: =SUMPRODUCT(K6:K8,R6:R8)+SUMPRODUCT(K9:K19,R9:R19)/0.87 -> 0.027605 | L20: =SUMPRODUCT(L6:L8,R6:R8)+SUMPRODUCT(L9:L19,R9:R19)/0.87 -> 0 | M20: =SUMPRODUCT(M6:M8,R6:R8)+SUMPRODUCT(M9:M19,R9:R19)/0.87 -> 4.6815108e-05 | N20: =SUMPRODUCT(N6:N8,R6:R8)+SUMPRODUCT(N9:N19,R9:R19)/0.87 -> 0.023381746 | O20: =SUMPRODUCT(O6:O8,R6:R8)+SUMPRODUCT(O9:O19,R9:R19)/0.87 -> 0.037109401 | P20: =SUMPRODUCT(P6:P8,R6:R8)+SUMPRODUCT(P9:P19,R9:R19)/0.87 -> 0.03128302 | Q20: =SUMPRODUCT(Q6:Q8,R6:R8)+SUMPRODUCT(Q9:Q19,R9:R19)/0.87 -> 0.031672391
B21: Total for the feed mix, rabbit: | F21: =SUMPRODUCT(F6:F8,S6:S8)+SUMPRODUCT(F9:F19,S9:S19)/0.87 -> 0.22488101 | G21: =SUMPRODUCT(G6:G8,S6:S8)+SUMPRODUCT(G9:G19,S9:S19)/0.87 -> 0.06449869 | H21: =SUMPRODUCT(H6:H8,S6:S8)+SUMPRODUCT(H9:H19,S9:S19)/0.87 -> 0.025789473 | I21: =SUMPRODUCT(I6:I8,S6:S8)+SUMPRODUCT(I9:I19,S9:S19)/0.87 -> 0 | J21: =SUMPRODUCT(J6:J8,S6:S8)+SUMPRODUCT(J9:J19,S9:S19)/0.87 -> 0 | K21: =SUMPRODUCT(K6:K8,S6:S8)+SUMPRODUCT(K9:K19,S9:S19)/0.87 -> 0.027851382 | L21: =SUMPRODUCT(L6:L8,S6:S8)+SUMPRODUCT(L9:L19,S9:S19)/0.87 -> 0 | M21: =SUMPRODUCT(M6:M8,S6:S8)+SUMPRODUCT(M9:M19,S9:S19)/0.87 -> 3.3276743e-05 | N21: =SUMPRODUCT(N6:N8,S6:S8)+SUMPRODUCT(N9:N19,S9:S19)/0.87 -> 0.021772169 | O21: =SUMPRODUCT(O6:O8,S6:S8)+SUMPRODUCT(O9:O19,S9:S19)/0.87 -> 0.026595375 | P21: =SUMPRODUCT(P6:P8,S6:S8)+SUMPRODUCT(P9:P19,S9:S19)/0.87 -> 0.035341107 | Q21: =SUMPRODUCT(Q6:Q8,S6:S8)+SUMPRODUCT(Q9:Q19,S9:S19)/0.87 -> 0.022999533
B22: Pasture | C22: Feed, forage | D22: Germany | E22: DE | F22: =SUM(G22:Q22) -> 0.061295514 | G22: ='Forage crops, CF'!F13 -> 0.021132412 | H22: ='Forage crops, CF'!G13 -> 0.027 | I22: ='Forage crops, CF'!H13 -> 0 | J22: ='Forage crops, CF'!I13 -> 0 | K22: ='Forage crops, CF'!J13 -> 0.013163101 | L22: ='Forage crops, CF'!K13 -> 0 | M22: ='Forage crops, CF'!L13 -> 0 | N22: ='Forage crops, CF'!M13 -> 0 | ... Q22: ='Forage crops, CF'!P13 -> 0 | R22: ='Parameters, country spec'!C16 -> 0 | S22: ='Parameters, country spec'!C34 -> 0
B23: Maize (fodder) | C23: Feed, forage | D23: Germany | E23: DE | F23: =SUM(G23:Q23) -> 0.10091146 | G23: ='Forage crops, CF'!F63 -> 0.012251094 | H23: ='Forage crops, CF'!G63 -> 0.027 | I23: ='Forage crops, CF'!H63 -> 0 | J23: ='Forage crops, CF'!I63 -> 0 | K23: ='Forage crops, CF'!J63 -> 0.013384777 | L23: ='Forage crops, CF'!K63 -> 0 | M23: ='Forage crops, CF'!L63 -> 0.0015755912 | N23: ='Forage crops, CF'!M63 -> 0 | ... Q23: ='Forage crops, CF'!P63 -> 0 | R23: ='Parameters, country spec'!C17 -> 0 | S23: ='Parameters, country spec'!C35 -> 0
B24: Other forage crops | C24: Feed, forage | D24: Germany | E24: DE | F24: =SUM(G24:Q24) -> 0.10563617 | G24: ='Forage crops, CF'!F113*'Forage, input data per ha'!$E$68+'Forage crops, CF'!F163*'Forage, input data per ha'!$G$68 -> 0.018266539 | H24: ='Forage crops, CF'!G113*'Forage, input data per ha'!$E$68+'Forage crops, CF'!G163*'Forage, input data per ha'!$G$68 -> 0.027 | I24: ='Forage crops, CF'!H113*'Forage, input data per ha'!$E$68+'Forage crops, CF'!H163*'Forage, input data per ha'!$G$68 -> 0 | J24: ='Forage crops, CF'!I113*'Forage, input data per ha'!$E$68+'Forage crops, CF'!I163*'Forage, input data per ha'!$G$68 -> 0 | K24: ='Forage crops, CF'!J113*'Forage, input data per ha'!$E$68+'Forage crops, CF'!J163*'Forage, input data per ha'!$G$68 -> 0.01366963 | L24: ='Forage crops, CF'!K113*'Forage, input data per ha'!$E$68+'Forage crops, CF'!K163*'Forage, input data per ha'!$G$68 -> 0 | M24: ='Forage crops, CF'!L113*'Forage, input data per ha'!$E$68+'Forage crops, CF'!L163*'Forage, input data per ha'!$G$68 -> 0 | N24: ='Forage crops, CF'!M113*'Forage, input data per ha'!$E$68+'Forage crops, CF'!M163*'Forage, input data per ha'!$G$68 -> 0 | ... Q24: ='Forage crops, CF'!P113*'Forage, input data per ha'!$E$68+'Forage crops, CF'!P163*'Forage, input data per ha'!$G$68 -> 0 | R24: ='Parameters, country spec'!C18 -> 0.28 | S24: ='Parameters, country spec'!C36 -> 0.3
A25: 0115 | B25: Barley, average | C25: Cereals, incl feed | D25: Germany | E25: DE | F25: =SUM(G25:Q25) -> 0.177 | G25: 0.079 | H25: 0.027 | I25: 0 | K25: 0.029 | M25: 0 | N25: 0.042 | R25: ='Parameters, country spec'!C19 -> 0.16 | S25: ='Parameters, country spec'!C37 -> 0.2
A26: 0112 | B26: Maize (corn) | C26: Cereals, incl feed | D26: Germany | E26: DE | F26: =SUM(G26:Q26) -> 0.167 | G26: 0.077 | H26: 0.027 | I26: 0 | K26: 0.019 | M26: 0.002 | N26: 0.042 | R26: ='Parameters, country spec'!C20 -> 0.0003107597 | S26: ='Parameters, country spec'!C38 -> 0.0003107597
A27: 0117 | B27: Oats | C27: Cereals, incl feed | D27: Germany | E27: DE | F27: =SUM(G27:Q27) -> 0.181 | G27: 0.07 | H27: 0.027 | I27: 0 | K27: 0.042 | M27: 0 | N27: 0.042 | R27: ='Parameters, country spec'!C21 -> 8.6733359e-05 | S27: ='Parameters, country spec'!C39 -> 8.6733359e-05
A28: 0116 | B28: Rye | C28: Cereals, incl feed | D28: Germany | E28: DE | F28: =SUM(G28:Q28) -> 0.167 | G28: 0.062 | H28: 0.027 | I28: 0 | K28: 0.036 | M28: 0 | N28: 0.042 | R28: ='Parameters, country spec'!C22 -> 6.2924072e-05 | S28: ='Parameters, country spec'!C40 -> 6.2924072e-05
A29: 0111 | B29: Wheat, average | C29: Cereals, incl feed | D29: Germany | E29: DE | F29: =SUM(G29:Q29) -> 0.186 | G29: 0.091 | H29: 0.027 | I29: 0 | K29: 0.026 | M29: 0 | N29: 0.042 | R29: ='Parameters, country spec'!C23 -> 0.205 | S29: ='Parameters, country spec'!C41 -> 0.2
A30: 01705 | B30: Peas, dry | C30: Pulses, incl feed | D30: Germany | E30: DE | F30: =SUM(G30:Q30) -> 0.122 | G30: 0 | H30: 0.027 | I30: 0 | K30: 0.053 | M30: 0 | N30: 0.042 | R30: ='Parameters, country spec'!C24 -> 0.00024390156 | S30: ='Parameters, country spec'!C42 -> 0.00024390156
A31: 01702 | B31: Broad beans and horse beans, dry | C31: Pulses, incl feed | D31: Germany | E31: DE | F31: =SUM(G31:Q31) -> 0.125 | G31: 0.004 | H31: 0.027 | I31: 0 | K31: 0.046 | M31: 0.006 | N31: 0.042 | R31: ='Parameters, country spec'!C25 -> 0.00023959171 | S31: ='Parameters, country spec'!C43 -> 0.00023959171
B32: Rape seed cake | C32: Protein feed | D32: Germany | E32: DE | F32: =SUM(G32:Q32) -> 0.27628756 | G32: ='Off-farm feed'!$F$74 -> 0.15910157 | H32: ='Off-farm feed'!$G$74 -> 0.013034483 | I32: ='Off-farm feed'!$H$74 -> 0 | K32: ='Off-farm feed'!$J$74 -> 0.02468874 | M32: ='Off-farm feed'!$L$74 -> 0.00019317593 | N32: ='Off-farm feed'!$M$74 -> 0.036802129 | O32: ='Off-farm feed'!$N$74 -> 0 | P32: ='Off-farm feed'!$O$74 -> 0.026267464 | Q32: ='Off-farm feed'!$P$74 -> 0.0162 | R32: ='Parameters, country spec'!C26 -> 0.09 | S32: ='Parameters, country spec'!C44 -> 0.06
B33: Soy bean meal | C33: Protein feed | D33: Germany | E33: DE | F33: =SUM(G33:Q33) -> 0.70611717 | G33: ='Off-farm feed'!$F$23 -> 0.0072632671 | H33: ='Off-farm feed'!$G$23 -> 0.021402439 | I33: ='Off-farm feed'!$H$23 -> 0 | K33: ='Off-farm feed'!$J$23 -> 0.04308362 | M33: ='Off-farm feed'!$L$23 -> 0.0001784206 | N33: ='Off-farm feed'!$M$23 -> 0.030432605 | O33: ='Off-farm feed'!$N$23 -> 0.3176112 | P33: ='Off-farm feed'!$O$23 -> 0.035145617 | Q33: ='Off-farm feed'!$P$23 -> 0.251 | R33: ='Parameters, country spec'!C27 -> 0.095 | S33: ='Parameters, country spec'!C45 -> 0.07
B34: By-products | C34: By-product | D34: Germany | E34: DE | F34: =SUM(G34:Q34) -> 0.63069822 | G34: 0.045323618 | H34: 0.0135108 | K34: 0.034582977 | P34: 0.52550926 | Q34: 0.011771561 | R34: ='Parameters, country spec'!C28 -> 0.095 | S34: ='Parameters, country spec'!C46 -> 0.14
B35: Other, feed | C35: Feed, other | D35: Germany | E35: DE | F35: =SUM(G35:Q35) -> 0.15853482 | G35: =SUMPRODUCT(G25:G33,$R25:$R33) -> 0.046339011 | H35: =SUMPRODUCT(H25:H33,$R25:$R33) -> 0.013086821 | I35: =SUMPRODUCT(I25:I33,$R25:$R33) -> 0 | J35: =SUMPRODUCT(J25:J33,$R25:$R33) -> 0 | K35: =SUMPRODUCT(K25:K33,$R25:$R33) -> 0.016320691 | L35: =SUMPRODUCT(L25:L33,$R25:$R33) -> 0 | M35: =SUMPRODUCT(M25:M33,$R25:$R33) -> 3.6394861e-05 | N35: =SUMPRODUCT(N25:N33,$R25:$R33) -> 0.021572933 | ... Q35: =SUMPRODUCT(Q25:Q33,$R25:$R33) -> 0.025303 | R35: ='Parameters, country spec'!C29 -> 0.07 | S35: ='Parameters, country spec'!C47 -> 0.03
B36: Total for the feed mix, roes: | F36: =SUMPRODUCT(F22:F24,R22:R24)+SUMPRODUCT(F25:F35,R25:R35)/0.87 -> 0.29342708 | G36: =SUMPRODUCT(G22:G24,R22:R24)+SUMPRODUCT(G25:G35,R25:R35)/0.87 -> 0.067055419 | H36: =SUMPRODUCT(H22:H24,R22:R24)+SUMPRODUCT(H25:H35,R25:R35)/0.87 -> 0.025130603 | I36: =SUMPRODUCT(I22:I24,R22:R24)+SUMPRODUCT(I25:I35,R25:R35)/0.87 -> 0 | J36: =SUMPRODUCT(J22:J24,R22:R24)+SUMPRODUCT(J25:J35,R25:R35)/0.87 -> 0 | K36: =SUMPRODUCT(K22:K24,R22:R24)+SUMPRODUCT(K25:K35,R25:R35)/0.87 -> 0.027676372 | L36: =SUMPRODUCT(L22:L24,R22:R24)+SUMPRODUCT(L25:L35,R25:R35)/0.87 -> 0 | M36: =SUMPRODUCT(M22:M24,R22:R24)+SUMPRODUCT(M25:M35,R25:R35)/0.87 -> 4.4761495e-05 | N36: =SUMPRODUCT(N22:N24,R22:R24)+SUMPRODUCT(N25:N35,R25:R35)/0.87 -> 0.026532228 | O36: =SUMPRODUCT(O22:O24,R22:R24)+SUMPRODUCT(O25:O35,R25:R35)/0.87 -> 0.037109401 | P36: =SUMPRODUCT(P22:P24,R22:R24)+SUMPRODUCT(P25:P35,R25:R35)/0.87 -> 0.077473113 | Q36: =SUMPRODUCT(Q22:Q24,R22:R24)+SUMPRODUCT(Q25:Q35,R25:R35)/0.87 -> 0.032405182
B37: Total for the feed mix, rabbit: | F37: =SUMPRODUCT(F22:F24,S22:S24)+SUMPRODUCT(F25:F35,S25:S35)/0.87 -> 0.29812425 | G37: =SUMPRODUCT(G22:G24,S22:S24)+SUMPRODUCT(G25:G35,S25:S35)/0.87 -> 0.065048765 | H37: =SUMPRODUCT(H22:H24,S22:S24)+SUMPRODUCT(H25:H35,S25:S35)/0.87 -> 0.025789473 | I37: =SUMPRODUCT(I22:I24,S22:S24)+SUMPRODUCT(I25:I35,S25:S35)/0.87 -> 0 | J37: =SUMPRODUCT(J22:J24,S22:S24)+SUMPRODUCT(J25:J35,S25:S35)/0.87 -> 0 | K37: =SUMPRODUCT(K22:K24,S22:S24)+SUMPRODUCT(K25:K35,S25:S35)/0.87 -> 0.0280827 | L37: =SUMPRODUCT(L22:L24,S22:S24)+SUMPRODUCT(L25:L35,S25:S35)/0.87 -> 0 | M37: =SUMPRODUCT(M22:M24,S22:S24)+SUMPRODUCT(M25:M35,S25:S35)/0.87 -> 3.1299901e-05 | N37: =SUMPRODUCT(N22:N24,S22:S24)+SUMPRODUCT(N25:N35,S25:S35)/0.87 -> 0.025086485 | O37: =SUMPRODUCT(O22:O24,S22:S24)+SUMPRODUCT(O25:O35,S25:S35)/0.87 -> 0.026595375 | P37: =SUMPRODUCT(P22:P24,S22:S24)+SUMPRODUCT(P25:P35,S25:S35)/0.87 -> 0.10341072 | Q37: =SUMPRODUCT(Q22:Q24,S22:S24)+SUMPRODUCT(Q25:Q35,S25:S35)/0.87 -> 0.024079435
B38: Pasture | C38: Feed, forage | D38: Greece | E38: GR | F38: =SUM(G38:Q38) -> 0.081168083 | G38: ='Forage crops, CF'!F18 -> 0.021751094 | H38: ='Forage crops, CF'!G18 -> 0.027 | I38: ='Forage crops, CF'!H18 -> 0 | J38: ='Forage crops, CF'!I18 -> 0 | K38: ='Forage crops, CF'!J18 -> 0.032416989 | L38: ='Forage crops, CF'!K18 -> 0 | M38: ='Forage crops, CF'!L18 -> 0 | N38: ='Forage crops, CF'!M18 -> 0 | ... Q38: ='Forage crops, CF'!P18 -> 0 | R38: ='Parameters, country spec'!D16 -> 0 | S38: ='Parameters, country spec'!D34 -> 0
B39: Maize (fodder) | C39: Feed, forage | D39: Greece | E39: GR | F39: =SUM(G39:Q39) -> 0.22000119 | G39: ='Forage crops, CF'!F68 -> 0.099916129 | H39: ='Forage crops, CF'!G68 -> 0.027 | I39: ='Forage crops, CF'!H68 -> 0 | J39: ='Forage crops, CF'!I68 -> 0 | K39: ='Forage crops, CF'!J68 -> 0.03092926 | L39: ='Forage crops, CF'!K68 -> 0 | M39: ='Forage crops, CF'!L68 -> 0.015455799 | N39: ='Forage crops, CF'!M68 -> 0 | ... Q39: ='Forage crops, CF'!P68 -> 0 | R39: ='Parameters, country spec'!D17 -> 0 | S39: ='Parameters, country spec'!D35 -> 0
B40: Other forage crops | C40: Feed, forage | D40: Greece | E40: GR | F40: =SUM(G40:Q40) -> 0.11175128 | G40: ='Forage crops, CF'!F118*'Forage, input data per ha'!$E$69+'Forage crops, CF'!F168*'Forage, input data per ha'!$G$69 -> 0.0091432299 | H40: ='Forage crops, CF'!G118*'Forage, input data per ha'!$E$69+'Forage crops, CF'!G168*'Forage, input data per ha'!$G$69 -> 0.027 | I40: ='Forage crops, CF'!H118*'Forage, input data per ha'!$E$69+'Forage crops, CF'!H168*'Forage, input data per ha'!$G$69 -> 0 | J40: ='Forage crops, CF'!I118*'Forage, input data per ha'!$E$69+'Forage crops, CF'!I168*'Forage, input data per ha'!$G$69 -> 0 | K40: ='Forage crops, CF'!J118*'Forage, input data per ha'!$E$69+'Forage crops, CF'!J168*'Forage, input data per ha'!$G$69 -> 0.028908055 | L40: ='Forage crops, CF'!K118*'Forage, input data per ha'!$E$69+'Forage crops, CF'!K168*'Forage, input data per ha'!$G$69 -> 0 | M40: ='Forage crops, CF'!L118*'Forage, input data per ha'!$E$69+'Forage crops, CF'!L168*'Forage, input data per ha'!$G$69 -> 0 | N40: ='Forage crops, CF'!M118*'Forage, input data per ha'!$E$69+'Forage crops, CF'!M168*'Forage, input data per ha'!$G$69 -> 0 | ... Q40: ='Forage crops, CF'!P118*'Forage, input data per ha'!$E$69+'Forage crops, CF'!P168*'Forage, input data per ha'!$G$69 -> 0 | R40: ='Parameters, country spec'!D18 -> 0.28 | S40: ='Parameters, country spec'!D36 -> 0.3
A41: 0115 | B41: Barley, average | C41: Cereals, incl feed | D41: Greece | E41: GR | F41: =SUM(G41:Q41) -> 0.219 | G41: 0.079 | H41: 0.027 | I41: 0 | K41: 0.066 | M41: 0.001 | N41: 0.046 | R41: ='Parameters, country spec'!D19 -> 0.16 | S41: ='Parameters, country spec'!D37 -> 0.2
A42: 0112 | B42: Maize (corn) | C42: Cereals, incl feed | D42: Greece | E42: GR | F42: =SUM(G42:Q42) -> 0.182 | G42: 0.077 | H42: 0.027 | I42: 0 | K42: 0.017 | M42: 0.015 | N42: 0.046 | R42: ='Parameters, country spec'!D20 -> 0.0003107597 | S42: ='Parameters, country spec'!D38 -> 0.0003107597
A43: 0117 | B43: Oats | C43: Cereals, incl feed | D43: Greece | E43: GR | F43: =SUM(G43:Q43) -> 0.295 | G43: 0.07 | H43: 0.027 | I43: 0 | K43: 0.139 | M43: 0.013 | N43: 0.046 | R43: ='Parameters, country spec'!D21 -> 8.6733359e-05 | S43: ='Parameters, country spec'!D39 -> 8.6733359e-05
A44: 0116 | B44: Rye | C44: Cereals, incl feed | D44: Greece | E44: GR | F44: =SUM(G44:Q44) -> 0.225 | G44: 0.062 | H44: 0.027 | I44: 0 | K44: 0.09 | M44: 0 | N44: 0.046 | R44: ='Parameters, country spec'!D22 -> 6.2924072e-05 | S44: ='Parameters, country spec'!D40 -> 6.2924072e-05
A45: 0111 | B45: Wheat, average | C45: Cereals, incl feed | D45: Greece | E45: GR | F45: =SUM(G45:Q45) -> 0.232 | G45: 0.091 | H45: 0.027 | I45: 0 | K45: 0.066 | M45: 0.002 | N45: 0.046 | R45: ='Parameters, country spec'!D23 -> 0.205 | S45: ='Parameters, country spec'!D41 -> 0.2
A46: 01705 | B46: Peas, dry | C46: Pulses, incl feed | D46: Greece | E46: GR | F46: =SUM(G46:Q46) -> 0.18 | G46: 0 | H46: 0.027 | I46: 0 | K46: 0.104 | M46: 0.003 | N46: 0.046 | R46: ='Parameters, country spec'!D24 -> 0.00024390156 | S46: ='Parameters, country spec'!D42 -> 0.00024390156
A47: 01702 | B47: Broad beans and horse beans, dry | C47: Pulses, incl feed | D47: Greece | E47: GR | F47: =SUM(G47:Q47) -> 0.165 | G47: 0.004 | H47: 0.027 | I47: 0 | K47: 0.065 | M47: 0.023 | N47: 0.046 | R47: ='Parameters, country spec'!D25 -> 0.00023959171 | S47: ='Parameters, country spec'!D43 -> 0.00023959171
B48: Rape seed cake | C48: Protein feed | D48: Greece | E48: GR | F48: =SUM(G48:Q48) -> 0.27628756 | G48: ='Off-farm feed'!$F$74 -> 0.15910157 | H48: ='Off-farm feed'!$G$74 -> 0.013034483 | I48: ='Off-farm feed'!$H$74 -> 0 | K48: ='Off-farm feed'!$J$74 -> 0.02468874 | M48: ='Off-farm feed'!$L$74 -> 0.00019317593 | N48: ='Off-farm feed'!$M$74 -> 0.036802129 | O48: ='Off-farm feed'!$N$74 -> 0 | P48: ='Off-farm feed'!$O$74 -> 0.026267464 | Q48: ='Off-farm feed'!$P$74 -> 0.0162 | R48: ='Parameters, country spec'!D26 -> 0.09 | S48: ='Parameters, country spec'!D44 -> 0.06
B49: Soy bean meal | C49: Protein feed | D49: Greece | E49: GR | F49: =SUM(G49:Q49) -> 0.70611717 | G49: ='Off-farm feed'!$F$23 -> 0.0072632671 | H49: ='Off-farm feed'!$G$23 -> 0.021402439 | I49: ='Off-farm feed'!$H$23 -> 0 | K49: ='Off-farm feed'!$J$23 -> 0.04308362 | M49: ='Off-farm feed'!$L$23 -> 0.0001784206 | N49: ='Off-farm feed'!$M$23 -> 0.030432605 | O49: ='Off-farm feed'!$N$23 -> 0.3176112 | P49: ='Off-farm feed'!$O$23 -> 0.035145617 | Q49: ='Off-farm feed'!$P$23 -> 0.251 | R49: ='Parameters, country spec'!D27 -> 0.095 | S49: ='Parameters, country spec'!D45 -> 0.07
B50: By-products | C50: By-product | D50: Greece | E50: GR | F50: =SUM(G50:Q50) -> 0.86739429 | G50: 0.045330908 | H50: 0.0135108 | K50: 0.050130956 | P50: 0.72382211 | Q50: 0.034599522 | R50: ='Parameters, country spec'!D28 -> 0.095 | S50: ='Parameters, country spec'!D46 -> 0.14
B51: Other, feed | C51: Feed, other | D51: Greece | E51: GR | F51: =SUM(G51:Q51) -> 0.17472675 | G51: =SUMPRODUCT(G41:G49,$R41:$R49) -> 0.046339011 | H51: =SUMPRODUCT(H41:H49,$R41:$R49) -> 0.013086821 | I51: =SUMPRODUCT(I41:I49,$R41:$R49) -> 0 | J51: =SUMPRODUCT(J41:J49,$R41:$R49) -> 0 | K51: =SUMPRODUCT(K41:K49,$R41:$R49) -> 0.030468872 | L51: =SUMPRODUCT(L41:L49,$R41:$R49) -> 0 | M51: =SUMPRODUCT(M41:M49,$R41:$R49) -> 0.00061636703 | N51: =SUMPRODUCT(N41:N49,$R41:$R49) -> 0.023036709 | ... Q51: =SUMPRODUCT(Q41:Q49,$R41:$R49) -> 0.025303 | R51: ='Parameters, country spec'!D29 -> 0.07 | S51: ='Parameters, country spec'!D47 -> 0.03
B52: Total for the feed mix, roes: | F52: =SUMPRODUCT(F38:F40,R38:R40)+SUMPRODUCT(F41:F51,R41:R51)/0.87 -> 0.34089965 | G52: =SUMPRODUCT(G38:G40,R38:R40)+SUMPRODUCT(G41:G51,R41:R51)/0.87 -> 0.064501688 | H52: =SUMPRODUCT(H38:H40,R38:R40)+SUMPRODUCT(H41:H51,R41:R51)/0.87 -> 0.025130603 | I52: =SUMPRODUCT(I38:I40,R38:R40)+SUMPRODUCT(I41:I51,R41:R51)/0.87 -> 0 | J52: =SUMPRODUCT(J38:J40,R38:R40)+SUMPRODUCT(J41:J51,R41:R51)/0.87 -> 0 | K52: =SUMPRODUCT(K38:K40,R38:R40)+SUMPRODUCT(K41:K51,R41:R51)/0.87 -> 0.051041535 | L52: =SUMPRODUCT(L38:L40,R38:R40)+SUMPRODUCT(L41:L51,R41:R51)/0.87 -> 0 | M52: =SUMPRODUCT(M38:M40,R38:R40)+SUMPRODUCT(M41:M51,R41:R51)/0.87 -> 0.00075806061 | N52: =SUMPRODUCT(N38:N40,R38:R40)+SUMPRODUCT(N41:N51,R41:R51)/0.87 -> 0.028332504 | O52: =SUMPRODUCT(O38:O40,R38:R40)+SUMPRODUCT(O41:O51,R41:R51)/0.87 -> 0.037109401 | P52: =SUMPRODUCT(P38:P40,R38:R40)+SUMPRODUCT(P41:P51,R41:R51)/0.87 -> 0.099127964 | Q52: =SUMPRODUCT(Q38:Q40,R38:R40)+SUMPRODUCT(Q41:Q51,R41:R51)/0.87 -> 0.03489789
B53: Total for the feed mix, rabbit: | F53: =SUMPRODUCT(F38:F40,S38:S40)+SUMPRODUCT(F41:F51,S41:S51)/0.87 -> 0.35888423 | G53: =SUMPRODUCT(G38:G40,S38:S40)+SUMPRODUCT(G41:G51,S41:S51)/0.87 -> 0.062312946 | H53: =SUMPRODUCT(H38:H40,S38:S40)+SUMPRODUCT(H41:H51,S41:S51)/0.87 -> 0.025789473 | I53: =SUMPRODUCT(I38:I40,S38:S40)+SUMPRODUCT(I41:I51,S41:S51)/0.87 -> 0 | J53: =SUMPRODUCT(J38:J40,S38:S40)+SUMPRODUCT(J41:J51,S41:S51)/0.87 -> 0 | K53: =SUMPRODUCT(K38:K40,S38:S40)+SUMPRODUCT(K41:K51,S41:S51)/0.87 -> 0.053377611 | L53: =SUMPRODUCT(L38:L40,S38:S40)+SUMPRODUCT(L41:L51,S41:S51)/0.87 -> 0 | M53: =SUMPRODUCT(M38:M40,S38:S40)+SUMPRODUCT(M41:M51,S41:S51)/0.87 -> 0.00075241638 | N53: =SUMPRODUCT(N38:N40,S38:S40)+SUMPRODUCT(N41:N51,S41:S51)/0.87 -> 0.026980381 | O53: =SUMPRODUCT(O38:O40,S38:S40)+SUMPRODUCT(O41:O51,S41:S51)/0.87 -> 0.026595375 | P53: =SUMPRODUCT(P38:P40,S38:S40)+SUMPRODUCT(P41:P51,S41:S51)/0.87 -> 0.13532313 | Q53: =SUMPRODUCT(Q38:Q40,S38:S40)+SUMPRODUCT(Q41:Q51,S41:S51)/0.87 -> 0.0277529
B54: Pasture | C54: Feed, forage | D54: Hungary | E54: HU | F54: =SUM(G54:Q54) -> 0.097449277 | G54: ='Forage crops, CF'!F23 -> 0.021751094 | H54: ='Forage crops, CF'!G23 -> 0.027 | I54: ='Forage crops, CF'!H23 -> 0 | J54: ='Forage crops, CF'!I23 -> 0 | K54: ='Forage crops, CF'!J23 -> 0.048698183 | L54: ='Forage crops, CF'!K23 -> 0 | M54: ='Forage crops, CF'!L23 -> 0 | N54: ='Forage crops, CF'!M23 -> 0 | ... Q54: ='Forage crops, CF'!P23 -> 0 | R54: ='Parameters, country spec'!E16 -> 0 | S54: ='Parameters, country spec'!E34 -> 0
B55: Maize (fodder) | C55: Feed, forage | D55: Hungary | E55: HU | F55: =SUM(G55:Q55) -> 0.14156111 | G55: ='Forage crops, CF'!F73 -> 0.046200864 | H55: ='Forage crops, CF'!G73 -> 0.027 | I55: ='Forage crops, CF'!H73 -> 0 | J55: ='Forage crops, CF'!I73 -> 0 | K55: ='Forage crops, CF'!J73 -> 0.021510193 | L55: ='Forage crops, CF'!K73 -> 0 | M55: ='Forage crops, CF'!L73 -> 0.0001500563 | N55: ='Forage crops, CF'!M73 -> 0 | ... Q55: ='Forage crops, CF'!P73 -> 0 | R55: ='Parameters, country spec'!E17 -> 0 | S55: ='Parameters, country spec'!E35 -> 0
B56: Other forage crops | C56: Feed, forage | D56: Hungary | E56: HU | F56: =SUM(G56:Q56) -> 0.10831145 | G56: ='Forage crops, CF'!F123*'Forage, input data per ha'!$E$70+'Forage crops, CF'!F173*'Forage, input data per ha'!$G$70 -> 0.0035517652 | H56: ='Forage crops, CF'!G123*'Forage, input data per ha'!$E$70+'Forage crops, CF'!G173*'Forage, input data per ha'!$G$70 -> 0.027 | I56: ='Forage crops, CF'!H123*'Forage, input data per ha'!$E$70+'Forage crops, CF'!H173*'Forage, input data per ha'!$G$70 -> 0 | J56: ='Forage crops, CF'!I123*'Forage, input data per ha'!$E$70+'Forage crops, CF'!I173*'Forage, input data per ha'!$G$70 -> 0 | K56: ='Forage crops, CF'!J123*'Forage, input data per ha'!$E$70+'Forage crops, CF'!J173*'Forage, input data per ha'!$G$70 -> 0.031059686 | L56: ='Forage crops, CF'!K123*'Forage, input data per ha'!$E$70+'Forage crops, CF'!K173*'Forage, input data per ha'!$G$70 -> 0 | M56: ='Forage crops, CF'!L123*'Forage, input data per ha'!$E$70+'Forage crops, CF'!L173*'Forage, input data per ha'!$G$70 -> 0 | N56: ='Forage crops, CF'!M123*'Forage, input data per ha'!$E$70+'Forage crops, CF'!M173*'Forage, input data per ha'!$G$70 -> 0 | ... Q56: ='Forage crops, CF'!P123*'Forage, input data per ha'!$E$70+'Forage crops, CF'!P173*'Forage, input data per ha'!$G$70 -> 0 | R56: ='Parameters, country spec'!E18 -> 0.28 | S56: ='Parameters, country spec'!E36 -> 0.3
A57: 0115 | B57: Barley, average | C57: Cereals, incl feed | D57: Hungary | E57: HU | F57: =SUM(G57:Q57) -> 0.182 | G57: 0.079 | H57: 0.027 | I57: 0 | K57: 0.034 | M57: 0 | N57: 0.042 | R57: ='Parameters, country spec'!E19 -> 0.16 | S57: ='Parameters, country spec'!E37 -> 0.2
A58: 0112 | B58: Maize (corn) | C58: Cereals, incl feed | D58: Hungary | E58: HU | F58: =SUM(G58:Q58) -> 0.17 | G58: 0.077 | H58: 0.027 | I58: 0 | K58: 0.024 | M58: 0 | N58: 0.042 | R58: ='Parameters, country spec'!E20 -> 0.0003107597 | S58: ='Parameters, country spec'!E38 -> 0.0003107597
A59: 0117 | B59: Oats | C59: Cereals, incl feed | D59: Hungary | E59: HU | F59: =SUM(G59:Q59) -> 0.203 | G59: 0.07 | H59: 0.027 | I59: 0 | K59: 0.063 | M59: 0.001 | N59: 0.042 | R59: ='Parameters, country spec'!E21 -> 8.6733359e-05 | S59: ='Parameters, country spec'!E39 -> 8.6733359e-05
A60: 0116 | B60: Rye | C60: Cereals, incl feed | D60: Hungary | E60: HU | F60: =SUM(G60:Q60) -> 0.186 | G60: 0.062 | H60: 0.027 | I60: 0 | K60: 0.055 | M60: 0 | N60: 0.042 | R60: ='Parameters, country spec'!E22 -> 6.2924072e-05 | S60: ='Parameters, country spec'!E40 -> 6.2924072e-05
A61: 0111 | B61: Wheat, average | C61: Cereals, incl feed | D61: Hungary | E61: HU | F61: =SUM(G61:Q61) -> 0.195 | G61: 0.091 | H61: 0.027 | I61: 0 | K61: 0.035 | M61: 0 | N61: 0.042 | R61: ='Parameters, country spec'!E23 -> 0.205 | S61: ='Parameters, country spec'!E41 -> 0.2
A62: 01705 | B62: Peas, dry | C62: Pulses, incl feed | D62: Hungary | E62: HU | F62: =SUM(G62:Q62) -> 0.146 | G62: 0 | H62: 0.027 | I62: 0 | K62: 0.071 | M62: 0.006 | N62: 0.042 | R62: ='Parameters, country spec'!E24 -> 0.00024390156 | S62: ='Parameters, country spec'!E42 -> 0.00024390156
A63: 01702 | B63: Broad beans and horse beans, dry | C63: Pulses, incl feed | D63: Hungary | E63: HU | F63: =SUM(G63:Q63) -> 0.17 | G63: 0.004 | H63: 0.027 | I63: 0 | K63: 0.089 | M63: 0.008 | N63: 0.042 | R63: ='Parameters, country spec'!E25 -> 0.00023959171 | S63: ='Parameters, country spec'!E43 -> 0.00023959171
B64: Rape seed cake | C64: Protein feed | D64: Hungary | E64: HU | F64: =SUM(G64:Q64) -> 0.27628756 | G64: ='Off-farm feed'!$F$74 -> 0.15910157 | H64: ='Off-farm feed'!$G$74 -> 0.013034483 | I64: ='Off-farm feed'!$H$74 -> 0 | K64: ='Off-farm feed'!$J$74 -> 0.02468874 | M64: ='Off-farm feed'!$L$74 -> 0.00019317593 | N64: ='Off-farm feed'!$M$74 -> 0.036802129 | O64: ='Off-farm feed'!$N$74 -> 0 | P64: ='Off-farm feed'!$O$74 -> 0.026267464 | Q64: ='Off-farm feed'!$P$74 -> 0.0162 | R64: ='Parameters, country spec'!E26 -> 0.09 | S64: ='Parameters, country spec'!E44 -> 0.06
B65: Soy bean meal | C65: Protein feed | D65: Hungary | E65: HU | F65: =SUM(G65:Q65) -> 0.70611717 | G65: ='Off-farm feed'!$F$23 -> 0.0072632671 | H65: ='Off-farm feed'!$G$23 -> 0.021402439 | I65: ='Off-farm feed'!$H$23 -> 0 | K65: ='Off-farm feed'!$J$23 -> 0.04308362 | M65: ='Off-farm feed'!$L$23 -> 0.0001784206 | N65: ='Off-farm feed'!$M$23 -> 0.030432605 | O65: ='Off-farm feed'!$N$23 -> 0.3176112 | P65: ='Off-farm feed'!$O$23 -> 0.035145617 | Q65: ='Off-farm feed'!$P$23 -> 0.251 | R65: ='Parameters, country spec'!E27 -> 0.095 | S65: ='Parameters, country spec'!E45 -> 0.07
B66: By-products | C66: By-product | D66: Hungary | E66: HU | F66: =SUM(G66:Q66) -> 0.5967357 | G66: 0.045472074 | H66: 0.0135108 | K66: 0.03837854 | P66: 0.49589426 | Q66: 0.0034800248 | R66: ='Parameters, country spec'!E28 -> 0.095 | S66: ='Parameters, country spec'!E46 -> 0.14
B67: Other, feed | C67: Feed, other | D67: Hungary | E67: HU | F67: =SUM(G67:Q67) -> 0.16120049 | G67: =SUMPRODUCT(G57:G65,$R57:$R65) -> 0.046339011 | H67: =SUMPRODUCT(H57:H65,$R57:$R65) -> 0.013086821 | I67: =SUMPRODUCT(I57:I65,$R57:$R65) -> 0 | J67: =SUMPRODUCT(J57:J65,$R57:$R65) -> 0 | K67: =SUMPRODUCT(K57:K65,$R57:$R65) -> 0.018984954 | L67: =SUMPRODUCT(L57:L65,$R57:$R65) -> 0 | M67: =SUMPRODUCT(M57:M65,$R57:$R65) -> 3.7802668e-05 | N67: =SUMPRODUCT(N57:N65,$R57:$R65) -> 0.021572933 | ... Q67: =SUMPRODUCT(Q57:Q65,$R57:$R65) -> 0.025303 | R67: ='Parameters, country spec'!E29 -> 0.07 | S67: ='Parameters, country spec'!E47 -> 0.03
B68: Total for the feed mix, roes: | F68: =SUMPRODUCT(F54:F56,R54:R56)+SUMPRODUCT(F57:F67,R57:R67)/0.87 -> 0.29374608 | G68: =SUMPRODUCT(G54:G56,R54:R56)+SUMPRODUCT(G57:G67,R57:R67)/0.87 -> 0.062951493 | H68: =SUMPRODUCT(H54:H56,R54:R56)+SUMPRODUCT(H57:H67,R57:R67)/0.87 -> 0.025130603 | I68: =SUMPRODUCT(I54:I56,R54:R56)+SUMPRODUCT(I57:I67,R57:R67)/0.87 -> 0 | J68: =SUMPRODUCT(J54:J56,R54:R56)+SUMPRODUCT(J57:J67,R57:R67)/0.87 -> 0 | K68: =SUMPRODUCT(K54:K56,R54:R56)+SUMPRODUCT(K57:K67,R57:R67)/0.87 -> 0.036236784 | L68: =SUMPRODUCT(L54:L56,R54:R56)+SUMPRODUCT(L57:L67,R57:R67)/0.87 -> 0 | M68: =SUMPRODUCT(M54:M56,R54:R56)+SUMPRODUCT(M57:M67,R57:R67)/0.87 -> 4.6492936e-05 | N68: =SUMPRODUCT(N54:N56,R54:R56)+SUMPRODUCT(N57:N67,R57:R67)/0.87 -> 0.026532228 | O68: =SUMPRODUCT(O54:O56,R54:R56)+SUMPRODUCT(O57:O67,R57:R67)/0.87 -> 0.037109401 | P68: =SUMPRODUCT(P54:P56,R54:R56)+SUMPRODUCT(P57:P67,R57:R67)/0.87 -> 0.074239291 | Q68: =SUMPRODUCT(Q54:Q56,R54:R56)+SUMPRODUCT(Q57:Q67,R57:R67)/0.87 -> 0.031499784
B69: Total for the feed mix, rabbit: | F69: =SUMPRODUCT(F54:F56,S54:S56)+SUMPRODUCT(F57:F67,S57:S67)/0.87 -> 0.29679567 | G69: =SUMPRODUCT(G54:G56,S54:S56)+SUMPRODUCT(G57:G67,S57:S67)/0.87 -> 0.060658222 | H69: =SUMPRODUCT(H54:H56,S54:S56)+SUMPRODUCT(H57:H67,S57:S67)/0.87 -> 0.025789473 | I69: =SUMPRODUCT(I54:I56,S54:S56)+SUMPRODUCT(I57:I67,S57:S67)/0.87 -> 0 | J69: =SUMPRODUCT(J54:J56,S54:S56)+SUMPRODUCT(J57:J67,S57:S67)/0.87 -> 0 | K69: =SUMPRODUCT(K54:K56,S54:S56)+SUMPRODUCT(K57:K67,S57:S67)/0.87 -> 0.037242901 | L69: =SUMPRODUCT(L54:L56,S54:S56)+SUMPRODUCT(L57:L67,S57:S67)/0.87 -> 0 | M69: =SUMPRODUCT(M54:M56,S54:S56)+SUMPRODUCT(M57:M67,S57:S67)/0.87 -> 3.2966614e-05 | N69: =SUMPRODUCT(N54:N56,S54:S56)+SUMPRODUCT(N57:N67,S57:S67)/0.87 -> 0.025086485 | O69: =SUMPRODUCT(O54:O56,S54:S56)+SUMPRODUCT(O57:O67,S57:S67)/0.87 -> 0.026595375 | P69: =SUMPRODUCT(P54:P56,S54:S56)+SUMPRODUCT(P57:P67,S57:S67)/0.87 -> 0.098645086 | Q69: =SUMPRODUCT(Q54:Q56,S54:S56)+SUMPRODUCT(Q57:Q67,S57:S67)/0.87 -> 0.022745165
B70: Pasture | C70: Feed, forage | D70: Italy | E70: IT | F70: =SUM(G70:Q70) -> 0.060876697 | G70: ='Forage crops, CF'!F28 -> 0.021751094 | H70: ='Forage crops, CF'!G28 -> 0.027 | I70: ='Forage crops, CF'!H28 -> 0 | J70: ='Forage crops, CF'!I28 -> 0 | K70: ='Forage crops, CF'!J28 -> 0.012125603 | L70: ='Forage crops, CF'!K28 -> 0 | M70: ='Forage crops, CF'!L28 -> 0 | N70: ='Forage crops, CF'!M28 -> 0 | ... Q70: ='Forage crops, CF'!P28 -> 0 | R70: ='Parameters, country spec'!F16 -> 0 | S70: ='Parameters, country spec'!F34 -> 0
B71: Maize (fodder) | C71: Feed, forage | D71: Italy | E71: IT | F71: =SUM(G71:Q71) -> 0.12087962 | G71: ='Forage crops, CF'!F78 -> 0.028884518 | H71: ='Forage crops, CF'!G78 -> 0.027 | I71: ='Forage crops, CF'!H78 -> 0 | J71: ='Forage crops, CF'!I78 -> 0 | K71: ='Forage crops, CF'!J78 -> 0.010792284 | L71: ='Forage crops, CF'!K78 -> 0 | M71: ='Forage crops, CF'!L78 -> 0.0075028152 | N71: ='Forage crops, CF'!M78 -> 0 | ... Q71: ='Forage crops, CF'!P78 -> 0 | R71: ='Parameters, country spec'!F17 -> 0 | S71: ='Parameters, country spec'!F35 -> 0
B72: Other forage crops | C72: Feed, forage | D72: Italy | E72: IT | F72: =SUM(G72:Q72) -> 0.099309433 | G72: ='Forage crops, CF'!F128*'Forage, input data per ha'!$E$72+'Forage crops, CF'!F178*'Forage, input data per ha'!$G$72 -> 0.011795357 | H72: ='Forage crops, CF'!G128*'Forage, input data per ha'!$E$72+'Forage crops, CF'!G178*'Forage, input data per ha'!$G$72 -> 0.027 | I72: ='Forage crops, CF'!H128*'Forage, input data per ha'!$E$72+'Forage crops, CF'!H178*'Forage, input data per ha'!$G$72 -> 0 | J72: ='Forage crops, CF'!I128*'Forage, input data per ha'!$E$72+'Forage crops, CF'!I178*'Forage, input data per ha'!$G$72 -> 0 | K72: ='Forage crops, CF'!J128*'Forage, input data per ha'!$E$72+'Forage crops, CF'!J178*'Forage, input data per ha'!$G$72 -> 0.013814076 | L72: ='Forage crops, CF'!K128*'Forage, input data per ha'!$E$72+'Forage crops, CF'!K178*'Forage, input data per ha'!$G$72 -> 0 | M72: ='Forage crops, CF'!L128*'Forage, input data per ha'!$E$72+'Forage crops, CF'!L178*'Forage, input data per ha'!$G$72 -> 0 | N72: ='Forage crops, CF'!M128*'Forage, input data per ha'!$E$72+'Forage crops, CF'!M178*'Forage, input data per ha'!$G$72 -> 0 | ... Q72: ='Forage crops, CF'!P128*'Forage, input data per ha'!$E$72+'Forage crops, CF'!P178*'Forage, input data per ha'!$G$72 -> 0 | R72: ='Parameters, country spec'!F18 -> 0.28 | S72: ='Parameters, country spec'!F36 -> 0.3
A73: 0115 | B73: Barley, average | C73: Cereals, incl feed | D73: Italy | E73: IT | F73: =SUM(G73:Q73) -> 0.192 | G73: 0.079 | H73: 0.027 | I73: 0 | K73: 0.045 | M73: 0 | N73: 0.041 | R73: ='Parameters, country spec'!F19 -> 0.16 | S73: ='Parameters, country spec'!F37 -> 0.2
A74: 0112 | B74: Maize (corn) | C74: Cereals, incl feed | D74: Italy | E74: IT | F74: =SUM(G74:Q74) -> 0.171 | G74: 0.077 | H74: 0.027 | I74: 0 | K74: 0.018 | M74: 0.008 | N74: 0.041 | R74: ='Parameters, country spec'!F20 -> 0.0003107597 | S74: ='Parameters, country spec'!F38 -> 0.0003107597
A75: 0117 | B75: Oats | C75: Cereals, incl feed | D75: Italy | E75: IT | F75: =SUM(G75:Q75) -> 0.225 | G75: 0.07 | H75: 0.027 | I75: 0 | K75: 0.079 | M75: 0.008 | N75: 0.041 | R75: ='Parameters, country spec'!F21 -> 8.6733359e-05 | S75: ='Parameters, country spec'!F39 -> 8.6733359e-05
A76: 0116 | B76: Rye | C76: Cereals, incl feed | D76: Italy | E76: IT | F76: =SUM(G76:Q76) -> 0.187 | G76: 0.062 | H76: 0.027 | I76: 0 | K76: 0.057 | M76: 0 | N76: 0.041 | R76: ='Parameters, country spec'!F22 -> 6.2924072e-05 | S76: ='Parameters, country spec'!F40 -> 6.2924072e-05
A77: 0111 | B77: Wheat, average | C77: Cereals, incl feed | D77: Italy | E77: IT | F77: =SUM(G77:Q77) -> 0.209 | G77: 0.091 | H77: 0.027 | I77: 0 | K77: 0.048 | M77: 0.002 | N77: 0.041 | R77: ='Parameters, country spec'!F23 -> 0.205 | S77: ='Parameters, country spec'!F41 -> 0.2
A78: 01705 | B78: Peas, dry | C78: Pulses, incl feed | D78: Italy | E78: IT | F78: =SUM(G78:Q78) -> 0.127 | G78: 0 | H78: 0.027 | I78: 0 | K78: 0.058 | M78: 0.001 | N78: 0.041 | R78: ='Parameters, country spec'!F24 -> 0.00024390156 | S78: ='Parameters, country spec'!F42 -> 0.00024390156
