Workbook
Name Ability_to_perceive_handling: 'Parameters, general'!$B$20
Name Bonefree_outof_CW_DE: 'Parameters, country spec'!$D$10
Name Bonefree_outof_CW_DK: 'Parameters, country spec'!$B$10
Name Bonefree_outof_CW_ES: 'Parameters, country spec'!$K$10
Name Bonefree_outof_CW_FR: 'Parameters, country spec'!$C$10
Name Bonefree_outof_CW_GR: 'Parameters, country spec'!$E$10
Name Bonefree_outof_CW_HU: 'Parameters, country spec'!$F$10
Name Bonefree_outof_CW_IE: 'Parameters, country spec'!$G$10
Name Bonefree_outof_CW_IT: 'Parameters, country spec'!$H$10
Name Bonefree_outof_CW_NL: 'Parameters, country spec'!$I$10
Name Bonefree_outof_CW_PL: 'Parameters, country spec'!$J$10
Name Bonefree_outof_CW_SE: 'Parameters, country spec'!$L$10
Name CF_GWP_CH4_fossil: 'Parameters, general'!$B$15
Name CF_GWP_N2O: 'Parameters, general'!$B$17
Name EF_biofuel_CH4: 'Parameters, general'!$C$7
Name EF_biofuel_N2O: 'Parameters, general'!$D$7
Name EF_biofuels_CO2: 'Parameters, general'!$B$7
Name EF_el_CH4_BR: 'Parameters, general'!$B$32
Name EF_el_CH4_DE: 'Parameters, country spec'!$D$44
Name EF_el_CH4_DK: 'Parameters, country spec'!$B$44
Name EF_el_CH4_ES: 'Parameters, country spec'!$K$44
Name EF_el_CH4_FR: 'Parameters, country spec'!$C$44
Name EF_el_CH4_GR: 'Parameters, country spec'!$E$44
Name EF_el_CH4_HU: 'Parameters, country spec'!$F$44
Name EF_el_CH4_IE: 'Parameters, country spec'!$G$44
Name EF_el_CH4_IT: 'Parameters, country spec'!$H$44
Name EF_el_CH4_NL: 'Parameters, country spec'!$I$44
Name EF_el_CH4_PL: 'Parameters, country spec'!$J$44
Name EF_el_CH4_SE: 'Parameters, country spec'!$L$44
Name EF_el_CO2_BR: 'Parameters, general'!$B$31
Name EF_el_CO2_DE: 'Parameters, country spec'!$D$43
Name EF_el_CO2_DK: 'Parameters, country spec'!$B$43
Name EF_el_CO2_ES: 'Parameters, country spec'!$K$43
Name EF_el_CO2_FR: 'Parameters, country spec'!$C$43
Name EF_el_CO2_GR: 'Parameters, country spec'!$E$43
Name EF_el_CO2_HU: 'Parameters, country spec'!$F$43
Name EF_el_CO2_IE: 'Parameters, country spec'!$G$43
Name EF_el_CO2_IT: 'Parameters, country spec'!$H$43
Name EF_el_CO2_NL: 'Parameters, country spec'!$I$43
Name EF_el_CO2_PL: 'Parameters, country spec'!$J$43
Name EF_el_CO2_SE: 'Parameters, country spec'!$L$43
Name EF_el_N2O_BR: 'Parameters, general'!$B$33
Name EF_el_N2O_DE: 'Parameters, country spec'!$D$46
Name EF_el_N2O_DK: 'Parameters, country spec'!$B$46
Name EF_el_N2O_ES: 'Parameters, country spec'!$K$46
Name EF_el_N2O_FR: 'Parameters, country spec'!$C$46
Name EF_el_N2O_GR: 'Parameters, country spec'!$E$46
Name EF_el_N2O_HU: 'Parameters, country spec'!$F$46
Name EF_el_N2O_IE: 'Parameters, country spec'!$G$46
Name EF_el_N2O_IT: 'Parameters, country spec'!$H$46
Name EF_el_N2O_NL: 'Parameters, country spec'!$I$46
Name EF_el_N2O_PL: 'Parameters, country spec'!$J$46
Name EF_el_N2O_SE: 'Parameters, country spec'!$L$46
Name EF_electricity: 'Parameters, country spec'!$L$42
Name EF_gas_CH4: 'Parameters, general'!$C$6
Name EF_gas_CO2: 'Parameters, general'!$B$6
Name EF_gas_N2O: 'Parameters, general'!$D$6
Name EF_GWP_CH4_biog: 'Parameters, general'!#REF!
Name EF_indirect_N2O_DE: 'Parameters, country spec'!$D$57
Name EF_indirect_N2O_DK: 'Parameters, country spec'!$B$57

Sheet README
A2: Read me
A4: This is a file that contains the calculations of the footprints from egg production.
E5: 1 | F5: Mj/kg
E6: =E5/3.6 -> 0.27777778
A7: Assumptions:
A8: - All hens are also eaten
A9: - Impacts are allocated equally across egg and hen meat
A17: Color codes:
B19: Results
B20: Sheets for input
B21: Intermediate calculations
B22: Figures
A26: Att göra:
A27: Fyll i olika gödselsystem från NIR-rapporterna - ev. gjort? Kolla med Ludvig
A28: Lägg in landspecifika foderstater, åtminstonde Sverige efter återkoppling med Svenska Ägg
A29: Noggrannare energiförbrukning i stallar - låg prio

Sheet Figures
A2: Figures
A4: Greenhouse gas emission for egg across countries, to farmgate
B6: Production of mineral fertilizer | C6: Production of capital goods | D6: Emissions from soil | E6: Diesel use field machinary | F6: Energy use for feed processing | G6: Land use change emissions | H6: Feed transports | I6: Enteric fermentation | J6: Manure management | K6: Energy use in stables | L6: Energy use for slaughter | M6: Tot | P6: Order this study: | R6: Order Lesschen:
A7: Poland | B7: ='GHG det, per kg egg'!H51 -> 0.19317539 | C7: ='GHG det, per kg egg'!I51 -> 0.071839061 | D7: ='GHG det, per kg egg'!J51+'GHG det, per kg egg'!K51 -> 0.49394546 | E7: ='GHG det, per kg egg'!L51 -> 0.089413877 | F7: ='GHG det, per kg egg'!O51 -> 0.12938673 | G7: ='GHG det, per kg egg'!P51 -> 0.065591671 | H7: ='GHG det, per kg egg'!R51 -> 0.014379837 | I7: ='GHG det, per kg egg'!S51 -> 0 | J7: ='GHG det, per kg egg'!T51 -> 0.054156647 | K7: ='GHG det, per kg egg'!W51 -> 0.10362621 | L7: ='GHG det, per kg egg'!X51 -> 0.33544575 | M7: =SUM(B7:L7) -> 1.5509606
A8: Netherlands | B8: ='GHG det, per kg egg'!H46 -> 0.14373342 | C8: ='GHG det, per kg egg'!I46 -> 0.068740876 | D8: ='GHG det, per kg egg'!J46+'GHG det, per kg egg'!K46 -> 0.33152278 | E8: ='GHG det, per kg egg'!L46 -> 0.06429864 | F8: ='GHG det, per kg egg'!O46 -> 0.10282131 | G8: ='GHG det, per kg egg'!P46 -> 0.052232875 | H8: ='GHG det, per kg egg'!R46 -> 0.051383575 | I8: ='GHG det, per kg egg'!S46 -> 0 | J8: ='GHG det, per kg egg'!T46 -> 0.050489022 | K8: ='GHG det, per kg egg'!W46 -> 0.053148366 | L8: ='GHG det, per kg egg'!X46 -> 0.20433446 | M8: =SUM(B8:L8) -> 1.1227053 | P8: Poland | R8: Greece
A9: Germany | B9: ='GHG det, per kg egg'!H21 -> 0.15738442 | C9: ='GHG det, per kg egg'!I21 -> 0.06902848 | D9: ='GHG det, per kg egg'!J21+'GHG det, per kg egg'!K21 -> 0.36644985 | E9: ='GHG det, per kg egg'!L21 -> 0.06272089 | F9: ='GHG det, per kg egg'!O21 -> 0.10206319 | G9: ='GHG det, per kg egg'!P21 -> 0.052704928 | H9: ='GHG det, per kg egg'!R21 -> 0.048481418 | I9: ='GHG det, per kg egg'!S21 -> 0 | J9: ='GHG det, per kg egg'!T21 -> 0.045352891 | K9: ='GHG det, per kg egg'!W21 -> 0.049559221 | L9: ='GHG det, per kg egg'!X21 -> 0.195012 | M9: =SUM(B9:L9) -> 1.1487573 | P9: Netherlands | R9: Netherlands
A10: Sweden | B10: ='GHG det, per kg egg'!H61 -> 0.18180101 | C10: ='GHG det, per kg egg'!I61 -> 0.069714784 | D10: ='GHG det, per kg egg'!J61+'GHG det, per kg egg'!K61 -> 0.44795079 | E10: ='GHG det, per kg egg'!L61 -> 0.085329483 | F10: ='GHG det, per kg egg'!O61 -> 0.083956516 | G10: ='GHG det, per kg egg'!P61 -> 0.074353186 | H10: ='GHG det, per kg egg'!R61 -> 0.026366678 | I10: ='GHG det, per kg egg'!S61 -> 0 | J10: ='GHG det, per kg egg'!T61 -> 0.05254583 | K10: ='GHG det, per kg egg'!W61 -> 0.0093610106 | L10: ='GHG det, per kg egg'!X61 -> 0.046084425 | M10: =SUM(B10:L10) -> 1.0774637 | P10: Germany | R10: Poland
A11: Denmark | B11: ='GHG det, per kg egg'!H11 -> 0.17108129 | C11: ='GHG det, per kg egg'!I11 -> 0.068319832 | D11: ='GHG det, per kg egg'!J11+'GHG det, per kg egg'!K11 -> 0.40468265 | E11: ='GHG det, per kg egg'!L11 -> 0.066030462 | F11: ='GHG det, per kg egg'!O11 -> 0.096049676 | G11: ='GHG det, per kg egg'!P11 -> 0.038249404 | H11: ='GHG det, per kg egg'!R11 -> 0.032433879 | I11: ='GHG det, per kg egg'!S11 -> 0 | J11: ='GHG det, per kg egg'!T11 -> 0.030299277 | K11: ='GHG det, per kg egg'!W11 -> 0.0097389846 | L11: ='GHG det, per kg egg'!X11 -> 0.091582817 | M11: =SUM(B11:L11) -> 1.0084683 | P11: Sweden | R11: Hungary
A12: Greece | B12: ='GHG det, per kg egg'!H26 -> 0.15871438 | C12: ='GHG det, per kg egg'!I26 -> 0.066967213 | D12: ='GHG det, per kg egg'!J26+'GHG det, per kg egg'!K26 -> 0.30572191 | E12: ='GHG det, per kg egg'!L26 -> 0.095449884 | F12: ='GHG det, per kg egg'!O26 -> 0.10401129 | G12: ='GHG det, per kg egg'!P26 -> 0.095424384 | H12: ='GHG det, per kg egg'!R26 -> 0.070067523 | I12: ='GHG det, per kg egg'!S26 -> 0 | J12: ='GHG det, per kg egg'!T26 -> 0.056401489 | K12: ='GHG det, per kg egg'!W26 -> 0.06838336 | L12: ='GHG det, per kg egg'!X26 -> 0.24390587 | M12: =SUM(B12:L12) -> 1.2650473 | P12: Denmark | R12: Ireland
A13: France | B13: ='GHG det, per kg egg'!H16 -> 0.15699805 | C13: ='GHG det, per kg egg'!I16 -> 0.068319832 | D13: ='GHG det, per kg egg'!J16+'GHG det, per kg egg'!K16 -> 0.37978256 | E13: ='GHG det, per kg egg'!L16 -> 0.065536275 | F13: ='GHG det, per kg egg'!O16 -> 0.08353621 | G13: ='GHG det, per kg egg'!P16 -> 0.037452199 | H13: ='GHG det, per kg egg'!R16 -> 0.032433879 | I13: ='GHG det, per kg egg'!S16 -> 0 | J13: ='GHG det, per kg egg'!T16 -> 0.030127457 | K13: ='GHG det, per kg egg'!W16 -> 0.0097389846 | L13: ='GHG det, per kg egg'!X16 -> 0.091582817 | M13: =SUM(B13:L13) -> 0.95550826 | P13: Greece | R13: Italy
A14: Spain | B14: ='GHG det, per kg egg'!H56 -> 0.20616949 | C14: ='GHG det, per kg egg'!I56 -> 0.070512407 | D14: ='GHG det, per kg egg'!J56+'GHG det, per kg egg'!K56 -> 0.38418544 | E14: ='GHG det, per kg egg'!L56 -> 0.10732139 | F14: ='GHG det, per kg egg'!O56 -> 0.093303903 | G14: ='GHG det, per kg egg'!P56 -> 0.070871921 | H14: ='GHG det, per kg egg'!R56 -> 0.058458755 | I14: ='GHG det, per kg egg'!S56 -> 0 | J14: ='GHG det, per kg egg'!T56 -> 0.044388544 | K14: ='GHG det, per kg egg'!W56 -> 0.029612657 | L14: ='GHG det, per kg egg'!X56 -> 0.14320275 | M14: =SUM(B14:L14) -> 1.2080273 | P14: France | R14: Germany
A15: Italy | B15: ='GHG det, per kg egg'!H41 -> 0.13100937 | C15: ='GHG det, per kg egg'!I41 -> 0.065787258 | D15: ='GHG det, per kg egg'!J41+'GHG det, per kg egg'!K41 -> 0.32874755 | E15: ='GHG det, per kg egg'!L41 -> 0.065325241 | F15: ='GHG det, per kg egg'!O41 -> 0.092453677 | G15: ='GHG det, per kg egg'!P41 -> 0.067969851 | H15: ='GHG det, per kg egg'!R41 -> 0.059190212 | I15: ='GHG det, per kg egg'!S41 -> 0 | J15: ='GHG det, per kg egg'!T41 -> 0.048798559 | K15: ='GHG det, per kg egg'!W41 -> 0.043143257 | L15: ='GHG det, per kg egg'!X41 -> 0.17834716 | M15: =SUM(B15:L15) -> 1.0807721 | P15: Spain | R15: France
A16: Hungary | B16: ='GHG det, per kg egg'!H31 -> 0.15956254 | C16: ='GHG det, per kg egg'!I31 -> 0.067789637 | D16: ='GHG det, per kg egg'!J31+'GHG det, per kg egg'!K31 -> 0.3972062 | E16: ='GHG det, per kg egg'!L31 -> 0.077263825 | F16: ='GHG det, per kg egg'!O31 -> 0.096902579 | G16: ='GHG det, per kg egg'!P31 -> 0.074700237 | H16: ='GHG det, per kg egg'!R31 -> 0.047563307 | I16: ='GHG det, per kg egg'!S31 -> 0 | J16: ='GHG det, per kg egg'!T31 -> 0.038177355 | K16: ='GHG det, per kg egg'!W31 -> 0.047422491 | L16: ='GHG det, per kg egg'!X31 -> 0.18946206 | M16: =SUM(B16:L16) -> 1.1960502 | P16: Italy | R16: Spain
A17: Ireland | B17: ='GHG det, per kg egg'!H36 -> 0.12039667 | C17: ='GHG det, per kg egg'!I36 -> 0.065670826 | D17: ='GHG det, per kg egg'!J36+'GHG det, per kg egg'!K36 -> 0.26684665 | E17: ='GHG det, per kg egg'!L36 -> 0.075167475 | F17: ='GHG det, per kg egg'!O36 -> 0.092436648 | G17: ='GHG det, per kg egg'!P36 -> 0.016189852 | H17: ='GHG det, per kg egg'!R36 -> 0.016006186 | I17: ='GHG det, per kg egg'!S36 -> 0 | J17: ='GHG det, per kg egg'!T36 -> 0.029703521 | K17: ='GHG det, per kg egg'!W36 -> 0.040838709 | L17: ='GHG det, per kg egg'!X36 -> 0.17236132 | M17: =SUM(B17:L17) -> 0.89561785 | P17: Hungary | R17: Denmark
P18: Ireland | R18: Sweden
A23: Comment:
A24: - Hungary and Italy low feed emissions because of lower N2O emission factors
A25: - Ireland has a high egg yield
A30: Water use - have not checked!!
A33: Denmark | B33: 0.34945447
A34: France | B34: 0.47801159
A35: Germany | B35: 0.35489833
A36: Greece | B36: 0.38101452
A37: Hungary | B37: 0.34634088
A38: Ireland | B38: 0.33400348
A39: Italy | B39: 0.68514744
A40: Netherlands | B40: 0.47153366
A41: Poland | B41: 0.34636616
A42: Spain | B42: 1.2637786
A43: Sweden | B43: 0.33340769

Sheet Footprints, per kg egg
A2: Footprints (per kg of egg) | M2: * Adjusted for manure
A5: Animal products | F5: Climate | L5: Land | M5: Nitrogen* | N5: Phosphorus | O5: Water | P5: Pesticides | Q5: Biodiversity | R5: Ammonia | S5: Labour | T5: Animal welfare | U5: Use of antibiotics
A6: Code | B6: Name | C6: Category | D6: Country | E6: Country code | F6: Carbon footprint, kg CO2e/kg | G6: Carbon dioxide, kg CO2/kg | H6: Methane, fossil, kg CH4/kg | I6: Methane, biogenic, kg CH4/kg | J6: Nitrous oxide, kg N2O/kg | K6: HFCs, kg HFCs/kg | L6: Cropland use, m2/kg | M6: New N input, kg N/kg | N6: New P input, kg P/kg | O6: Blue freshwater use, m3/kg | P6: Pesticide use, g a.i./kg | Q6: Extinction rate, E/MSY/kg | R6: Ammonia emission, kg NH3/kg | S6: Labour requirements, h/kg | T6: Animal welfare index per kg of egg | U6: Antibiotica use indicator
A7: 0231 | B7: Hen eggs in shell | C7: Egg | D7: Denmark | E7: DK | F7: ='GHG det, per kg egg'!G11 -> 1.0255664 | G7: ='GHG det, per kg egg'!G7 -> 0.54071427 | H7: ='GHG det, per kg egg'!G8 -> 0.00075243675 | I7: ='GHG det, per kg egg'!G9 -> 0.0011044964 | J7: ='GHG det, per kg egg'!G10 -> 0.0015846449 | L7: ='EFP per kg feed'!F28*FCR_bonefree_incl_parents_DK -> 5.616688 | M7: ='EFP per kg feed'!G28*FCR_bonefree_incl_parents_DK-Manure_repl_factor_DK*Excreted_N_after_losses_DK -> 0.063176073 | N7: ='EFP per kg feed'!H28*FCR_bonefree_incl_parents_DK -> 0.0059161783 | O7: ='EFP per kg feed'!I28*FCR_bonefree_incl_parents_DK+(Production!B5*(Water_drinking_hens_DK+Water_service_hens_DK)*365+Production!B6*(Water_drinking_recruit_DK+Water_service_recruit_DK)*365)/1000/Production!B14 -> 0.056879173 | P7: ='EFP per kg feed'!J28*FCR_bonefree_incl_parents_DK -> 0.94916172 | Q7: ='EFP per kg feed'!K28*FCR_bonefree_incl_parents_DK -> 9.690024e-11 | R7: ='EFP per kg feed'!L28*FCR_bonefree_incl_parents_DK+NH3_per_kg_DK -> 0.0029654015 | S7: ='Parameters, country spec'!#REF!*Production!C15 -> #REF! | T7: 6.7130159 | U7: 0.24294592
A8: 0231 | B8: Hen eggs in shell | C8: Egg | D8: France | E8: FR | F8: ='GHG det, per kg egg'!G16 -> 0.97468591 | G8: ='GHG det, per kg egg'!G12 -> 0.52147342 | H8: ='GHG det, per kg egg'!G13 -> 0.0007475364 | I8: ='GHG det, per kg egg'!G14 -> 0.0010990286 | J8: ='GHG det, per kg egg'!G15 -> 0.0014698247 | L8: ='EFP per kg feed'!F29*FCR_bonefree_incl_parents_FR -> 3.5335154 | M8: ='EFP per kg feed'!G29*FCR_bonefree_incl_parents_FR-Manure_repl_factor_FR*Excreted_N_after_losses_FR -> 0.047190605 | N8: ='EFP per kg feed'!H29*FCR_bonefree_incl_parents_FR -> 0.0061376396 | O8: ='EFP per kg feed'!I29*FCR_bonefree_incl_parents_FR+(Production!C5*(Water_drinking_hens_FR+Water_service_hens_FR)*365+Production!C6*(Water_drinking_recruit_FR+Water_service_recruit_FR)*365)/1000/Production!C14 -> 0.035796233 | P8: ='EFP per kg feed'!J29*FCR_bonefree_incl_parents_FR -> 0.75523228 | Q8: ='EFP per kg feed'!K29*FCR_bonefree_incl_parents_FR -> 5.3612845e-11 | R8: ='EFP per kg feed'!L29*FCR_bonefree_incl_parents_FR+NH3_per_kg_FR -> 0.0040961694 | S8: ='Parameters, country spec'!#REF!*Production!C16 -> #REF! | T8: 6.8052207 | U8: 0.35528489
A9: 0231 | B9: Hen eggs in shell | C9: Egg | D9: Germany | E9: DE | F9: ='GHG det, per kg egg'!G21 -> 1.1753967 | G9: ='GHG det, per kg egg'!G17 -> 0.70744124 | H9: ='GHG det, per kg egg'!G18 -> 0.0010247774 | I9: ='GHG det, per kg egg'!G19 -> 0.0016549103 | J9: ='GHG det, per kg egg'!G20 -> 0.0014385879 | L9: ='EFP per kg feed'!F41*FCR_bonefree_incl_parents_DE -> 3.3708652 | M9: ='EFP per kg feed'!G41*FCR_bonefree_incl_parents_DE-Manure_repl_factor_DE*Excreted_N_after_losses_DE -> 0.046972314 | N9: ='EFP per kg feed'!H41*FCR_bonefree_incl_parents_DE -> 0.0055151775 | O9: ='EFP per kg feed'!I41*FCR_bonefree_incl_parents_DE+(Production!D5*(Water_drinking_hens_DE+Water_service_hens_DE)*365+Production!D6*(Water_drinking_recruit_DE+Water_service_recruit_DE)*365)/1000/Production!D14 -> 0.011097036 | P9: ='EFP per kg feed'!J41*FCR_bonefree_incl_parents_DE -> 0.60904943 | Q9: ='EFP per kg feed'!K41*FCR_bonefree_incl_parents_DE -> 4.8671923e-11 | R9: ='EFP per kg feed'!L41*FCR_bonefree_incl_parents_DE+NH3_per_kg_DE -> 0.0034408338 | S9: ='Parameters, country spec'!#REF!*Production!D16 -> #REF! | T9: 6.9023384 | U9: 0.59524888
A10: 0231 | B10: Hen eggs in shell | C10: Egg | D10: Greece | E10: GR | F10: ='GHG det, per kg egg'!G26 -> 1.4138091 | G10: ='GHG det, per kg egg'!G22 -> 0.99482438 | H10: ='GHG det, per kg egg'!G23 -> 0.0014439606 | I10: ='GHG det, per kg egg'!G24 -> 0.0020715452 | J10: ='GHG det, per kg egg'!G25 -> 0.0011722453 | L10: ='EFP per kg feed'!F42*FCR_bonefree_incl_parents_GR -> 8.5177177 | M10: ='EFP per kg feed'!G42*FCR_bonefree_incl_parents_GR-Manure_repl_factor_GR*Excreted_N_after_losses_GR -> 0.079982431 | N10: ='EFP per kg feed'!H42*FCR_bonefree_incl_parents_GR -> 0.0059624024 | O10: ='EFP per kg feed'!I42*FCR_bonefree_incl_parents_GR+(Production!E5*(Water_drinking_hens_GR+Water_service_hens_GR)*365+Production!E6*(Water_drinking_recruit_GR+Water_service_recruit_GR)*365)/1000/Production!E14 -> 0.0084280637 | P10: ='EFP per kg feed'!J42*FCR_bonefree_incl_parents_GR -> 0.89997865 | Q10: ='EFP per kg feed'!K42*FCR_bonefree_incl_parents_GR -> 4.0102462e-10 | R10: ='EFP per kg feed'!L53*FCR_bonefree_incl_parents_GR+NH3_per_kg_GR -> 0.0059379151 | S10: ='Parameters, country spec'!#REF!*Production!E16 -> #REF! | T10: 9.9243984 | U10: 1.1614202
A11: 0231 | B11: Hen eggs in shell | C11: Egg | D11: Hungary | E11: HU | F11: ='GHG det, per kg egg'!G31 -> 1.2816417 | G11: ='GHG det, per kg egg'!G27 -> 0.78711453 | H11: ='GHG det, per kg egg'!G28 -> 0.0012309277 | I11: ='GHG det, per kg egg'!G29 -> 0.0013810301 | J11: ='GHG det, per kg egg'!G30 -> 0.0015405045 | L11: ='EFP per kg feed'!F65*FCR_bonefree_incl_parents_HU -> 4.3933215 | M11: ='EFP per kg feed'!G65*FCR_bonefree_incl_parents_HU-Manure_repl_factor_HU*Excreted_N_after_losses_HU -> 0.054141474 | N11: ='EFP per kg feed'!H65*FCR_bonefree_incl_parents_HU -> 0.010468686 | O11: ='EFP per kg feed'!I65*FCR_bonefree_incl_parents_HU+(Production!F5*(Water_drinking_hens_HU+Water_service_hens_HU)*365+Production!F6*(Water_drinking_recruit_HU+Water_service_recruit_HU)*365)/1000/Production!F14 -> 0.021804263 | P11: ='EFP per kg feed'!J65*FCR_bonefree_incl_parents_HU -> 0.51569057 | Q11: ='EFP per kg feed'!K65*FCR_bonefree_incl_parents_HU -> 7.7125061e-11 | R11: ='EFP per kg feed'!L65*FCR_bonefree_incl_parents_HU+NH3_per_kg_HU -> 0.0034455066 | S11: ='Parameters, country spec'!#REF!*Production!F16 -> #REF! | T11: 10.424279 | U11: 0.90521123
A12: 0231 | B12: Hen eggs in shell | C12: Egg | D12: Ireland | E12: IE | F12: ='GHG det, per kg egg'!G36 -> 0.9219189 | G12: ='GHG det, per kg egg'!G32 -> 0.57527213 | H12: ='GHG det, per kg egg'!G33 -> 0.0008010737 | I12: ='GHG det, per kg egg'!G34 -> 0.001080483 | J12: ='GHG det, per kg egg'!G35 -> 0.0010754642 | L12: ='EFP per kg feed'!F77*FCR_bonefree_incl_parents_IE -> 4.1427031 | M12: ='EFP per kg feed'!G77*FCR_bonefree_incl_parents_IE-Manure_repl_factor_IE*Excreted_N_after_losses_IE -> 0.057635783 | N12: ='EFP per kg feed'!H77*FCR_bonefree_incl_parents_IE -> 0.0048210898 | O12: ='EFP per kg feed'!I77*FCR_bonefree_incl_parents_IE+(Production!G5*(Water_drinking_hens_IE+Water_service_hens_IE)*365+Production!G6*(Water_drinking_recruit_IE+Water_service_recruit_IE)*365)/1000/Production!G14 -> 0.017817802 | P12: ='EFP per kg feed'!J77*FCR_bonefree_incl_parents_IE -> 0.84458898 | Q12: ='EFP per kg feed'!K77*FCR_bonefree_incl_parents_IE -> 6.663768e-11 | R12: ='EFP per kg feed'!L77*FCR_bonefree_incl_parents_IE+NH3_per_kg_IE -> 0.0023084452 | S12: ='Parameters, country spec'!#REF!*Production!G16 -> #REF! | T12: 7.3565669 | U12: 0.39407226
A13: 0231 | B13: Hen eggs in shell | C13: Egg | D13: Italy | E13: IT | F13: ='GHG det, per kg egg'!G41 -> 1.1943313 | G13: ='GHG det, per kg egg'!G37 -> 0.75633566 | H13: ='GHG det, per kg egg'!G38 -> 0.0016813686 | I13: ='GHG det, per kg egg'!G39 -> 0.0017878153 | J13: ='GHG det, per kg egg'!G40 -> 0.0012440286 | L13: ='EFP per kg feed'!F89*FCR_bonefree_incl_parents_IT -> 3.6595185 | M13: ='EFP per kg feed'!G89*FCR_bonefree_incl_parents_IT-Manure_repl_factor_IT*Excreted_N_after_losses_IT -> 0.046694889 | N13: ='EFP per kg feed'!H89*FCR_bonefree_incl_parents_IT -> 0.0076833135 | O13: ='EFP per kg feed'!I89*FCR_bonefree_incl_parents_IT+(Production!H5*(Water_drinking_hens_IT+Water_service_hens_IT)*365+Production!H6*(Water_drinking_recruit_IT+Water_service_recruit_IT)*365)/1000/Production!H14 -> 0.059517312 | P13: ='EFP per kg feed'!J89*FCR_bonefree_incl_parents_IT -> 0.46710206 | Q13: ='EFP per kg feed'!K89*FCR_bonefree_incl_parents_IT -> 1.9689925e-10 | R13: ='EFP per kg feed'!L89*FCR_bonefree_incl_parents_IT+NH3_per_kg_IT -> 0.0056661516 | S13: ='Parameters, country spec'!#REF!*Production!H16 -> #REF! | T13: 8.5079713 | U13: 1.4643901
A14: 0231 | B14: Hen eggs in shell | C14: Egg | D14: Netherlands | E14: NL | F14: ='GHG det, per kg egg'!G46 -> 1.1437212 | G14: ='GHG det, per kg egg'!G42 -> 0.70349586 | H14: ='GHG det, per kg egg'!G43 -> 0.0010587777 | I14: ='GHG det, per kg egg'!G44 -> 0.0018438079 | J14: ='GHG det, per kg egg'!G45 -> 0.001314619 | L14: ='EFP per kg feed'!F101*FCR_bonefree_incl_parents_NL -> 3.5412689 | M14: ='EFP per kg feed'!G101*FCR_bonefree_incl_parents_NL-Manure_repl_factor_NL*Excreted_N_after_losses_NL -> 0.047811607 | N14: ='EFP per kg feed'!H101*FCR_bonefree_incl_parents_NL -> 0.0061450559 | O14: ='EFP per kg feed'!I101*FCR_bonefree_incl_parents_NL+(Production!I5*(Water_drinking_hens_NL+Water_service_hens_NL)*365+Production!I6*(Water_drinking_recruit_NL+Water_service_recruit_NL)*365)/1000/Production!I14 -> 0.018275486 | P14: ='EFP per kg feed'!J101*FCR_bonefree_incl_parents_NL -> 0.48265267 | Q14: ='EFP per kg feed'!K101*FCR_bonefree_incl_parents_NL -> 5.4888891e-11 | R14: ='EFP per kg feed'!L101*FCR_bonefree_incl_parents_NL+NH3_per_kg_NL -> 0.0023889134 | S14: ='Parameters, country spec'!#REF!*Production!I16 -> #REF! | T14: 8.1386212 | U14: 0.30037527
A15: 0231 | B15: Hen eggs in shell | C15: Egg | D15: Poland | E15: PL | F15: ='GHG det, per kg egg'!G51 -> 1.5825569 | G15: ='GHG det, per kg egg'!G47 -> 0.96791835 | H15: ='GHG det, per kg egg'!G48 -> 0.0014022256 | I15: ='GHG det, per kg egg'!G49 -> 0.001975437 | J15: ='GHG det, per kg egg'!G50 -> 0.0019029867 | L15: ='EFP per kg feed'!F113*FCR_bonefree_incl_parents_PL -> 4.7509534 | M15: ='EFP per kg feed'!G113*FCR_bonefree_incl_parents_PL-Manure_repl_factor_PL*Excreted_N_after_losses_PL -> 0.058982852 | N15: ='EFP per kg feed'!H113*FCR_bonefree_incl_parents_PL -> 0.0076481331 | O15: ='EFP per kg feed'!I113*FCR_bonefree_incl_parents_PL+(Production!J5*(Water_drinking_hens_PL+Water_service_hens_PL)*365+Production!J6*(Water_drinking_recruit_PL+Water_service_recruit_PL)*365)/1000/Production!J14 -> 0.0089062694 | P15: ='EFP per kg feed'!J113*FCR_bonefree_incl_parents_PL -> 0.45792901 | Q15: ='EFP per kg feed'!K113*FCR_bonefree_incl_parents_PL -> 2.6371719e-11 | R15: ='EFP per kg feed'!L113*FCR_bonefree_incl_parents_PL+NH3_per_kg_PL -> 0.0042752691 | S15: ='Parameters, country spec'!#REF!*Production!J16 -> #REF! | T15: 9.9991269 | U15: 1.8816486
A16: 0231 | B16: Hen eggs in shell | C16: Egg | D16: Spain | E16: ES | F16: ='GHG det, per kg egg'!G56 -> 1.2511572 | G16: ='GHG det, per kg egg'!G52 -> 0.77371719 | H16: ='GHG det, per kg egg'!G53 -> 0.0010727959 | I16: ='GHG det, per kg egg'!G54 -> 0.001618406 | J16: ='GHG det, per kg egg'!G55 -> 0.0014716987 | L16: ='EFP per kg feed'!F125*FCR_bonefree_incl_parents_ES -> 5.6926673 | M16: ='EFP per kg feed'!G125*FCR_bonefree_incl_parents_ES-Manure_repl_factor_ES*Excreted_N_after_losses_ES -> 0.067539253 | N16: ='EFP per kg feed'!H125*FCR_bonefree_incl_parents_ES -> 0.0078670928 | O16: ='EFP per kg feed'!I125*FCR_bonefree_incl_parents_ES+(Production!K5*(Water_drinking_hens_ES+Water_service_hens_ES)*365+Production!K6*(Water_drinking_recruit_ES+Water_service_recruit_ES)*365)/1000/Production!K14 -> 0.2725496 | P16: ='EFP per kg feed'!J125*FCR_bonefree_incl_parents_ES -> 0.41329672 | Q16: ='EFP per kg feed'!K125*FCR_bonefree_incl_parents_ES -> 3.8029224e-10 | R16: ='EFP per kg feed'!L125*FCR_bonefree_incl_parents_ES+NH3_per_kg_ES -> 0.0066204288 | S16: ='Parameters, country spec'!#REF!*Production!K16 -> #REF! | T16: 8.8451275 | U16: 0.97322377
A17: 0231 | B17: Hen eggs in shell | C17: Egg | D17: Sweden | E17: SE | F17: ='GHG det, per kg egg'!G61 -> 1.0898619 | G17: ='GHG det, per kg egg'!G57 -> 0.54734417 | H17: ='GHG det, per kg egg'!G58 -> 0.00042443778 | I17: ='GHG det, per kg egg'!G59 -> 0.0019210431 | J17: ='GHG det, per kg egg'!G60 -> 0.0017509205 | L17: ='EFP per kg feed'!F137*FCR_bonefree_incl_parents_SE -> 4.4530699 | M17: ='EFP per kg feed'!G137*FCR_bonefree_incl_parents_SE-Manure_repl_factor_SE*Excreted_N_after_losses_SE -> 0.055344767 | N17: ='EFP per kg feed'!H137*FCR_bonefree_incl_parents_SE -> 0.0057137865 | O17: ='EFP per kg feed'!I137*FCR_bonefree_incl_parents_SE+(Production!L5*(Water_drinking_hens_SE+Water_service_hens_SE)*365+Production!L6*(Water_drinking_recruit_SE+Water_service_recruit_SE)*365)/1000/Production!L14 -> 0.0095730765 | P17: ='EFP per kg feed'!J137*FCR_bonefree_incl_parents_SE -> 0.23700609 | Q17: ='EFP per kg feed'!K137*FCR_bonefree_incl_parents_SE -> 2.2731494e-11 | R17: ='EFP per kg feed'!L137*FCR_bonefree_incl_parents_SE+NH3_per_kg_SE -> 0.0027464937 | S17: ='Parameters, country spec'!#REF!*Production!L16 -> #REF! | T17: 7.7115566 | U17: 0.11772468

Sheet GHG det, per kg egg
H1: * Production of mineral fertiliser is adjusted to account for the N supplied by manure.
A2: GHG emissions (per kg of egg) | E2: ='CH4 per kg feed'!G17*FCR_bonefree_incl_parents_DK -> 2.0698117e-05 | H2: ** Adjusted for use of manure instead of mineral fertiliser (lower emission factor for manure)
E3: ='CH4 per kg feed'!G29*FCR_bonefree_incl_parents_FR -> 2.0698117e-05 | H3: *** Calculated as percentage of direct emissions due to assumption due to data limitations regarding nitrogen leaching and volatilization from soils in different regions.
S4: Animals | W4: Stables | X4: Slaughter | Z4: Control
A5: Animal products | G5: Sum | H5: Inputs | J5: Soil emissions | L5: Energy use | P5: Land use change | Q5: Feed processing | R5: Transports
A6: FoodEx code | B6: FoodEx name | C6: Food Ex category (L1) | D6: Country | E6: Country code | F6: Gas | G6: GHG | H6: Production of mineral fertilizer* | I6: Production of capital goods | J6: Direct emissions** | K6: Indirect emissions*** | L6: Diesel use field mach | M6: Energy use in greenhouses | N6: Energy use for irrigation | O6: Energy use for post-harvest proc | P6: LUC emissions | Q6: Feed processing | R6: Feed transports | S6: Enteric fermentation* | T6: Manure management - tot | U6: Manure management - direct | V6: Manure management - indirect | W6: Energy use in stables | X6: Energy use for slaughter | Z6: Total feed, excl LUC | AA6: Feed mix emissions, kg CO2 per kg feed, excl. adjustement manure
A7: A031G | B7: Hen eggs | D7: Denmark | E7: DK | F7: CO2 | G7: =SUM(H7:X7) -> 0.54071427 | H7: ='CO2 per kg feed'!G17*FCR_bonefree_incl_parents_DK-Excreted_N_after_losses_DK*Manure_repl_factor_DK*EF_min_fert_CO2_DK -> 0.14745118 | I7: ='CO2 per kg feed'!H17*FCR_bonefree_incl_parents_DK -> 0.06121991 | J7: ='CO2 per kg feed'!I17*FCR_bonefree_incl_parents_DK -> 0 | L7: ='CO2 per kg feed'!K17*FCR_bonefree_incl_parents_DK -> 0.064701746 | N7: ='CO2 per kg feed'!M17*FCR_bonefree_incl_parents_DK -> 0.00041975752 | O7: ='CO2 per kg feed'!N17*FCR_bonefree_incl_parents_DK -> 0.093485789 | P7: ='CO2 per kg feed'!O17*FCR_bonefree_incl_parents_DK -> 0.038249404 | Q7: ='CO2 per kg feed'!P17*FCR_bonefree_incl_parents_DK -> 0.014632478 | R7: ='CO2 per kg feed'!Q17*FCR_bonefree_incl_parents_DK -> 0.031242032 | W7: {=Energy_stables_DK*(Share_heating_DK*(Share_biofuels_DK*EF_biofuels_CO2+(1-Share_biofuels_DK)*EF_oil_CO2)+(1-Share_heating_DK)*EF_el_CO2_DK)} -> 0.0087112695 | X7: =(Energy_slaughter_el_DK*EF_el_CO2_DK+Energy_slaughter_heat_DK*EF_gas_CO2)/'Parameters, country spec'!B$10 -> 0.0806007
A8: A031G | B8: Hen eggs | D8: Denmark | E8: DK | F8: CH4, fossil | G8: =SUM(H8:X8) -> 0.00075243675 | H8: ='CH4 per kg feed'!G17*FCR_bonefree_incl_parents_DK-Excreted_N_after_losses_DK*Manure_repl_factor_DK*EF_min_fert_CH4_DK -> 2.0698117e-05 | I8: ='CH4 per kg feed'!H17*FCR_bonefree_incl_parents_DK -> 0.00021540339 | L8: ='CH4 per kg feed'!K17*FCR_bonefree_incl_parents_DK -> 2.8660692e-05 | N8: ='CH4 per kg feed'!M17*FCR_bonefree_incl_parents_DK -> 1.2558276e-06 | O8: ='CH4 per kg feed'!N17*FCR_bonefree_incl_parents_DK -> 5.3375455e-05 | P8: ='CH4 per kg feed'!O17*FCR_bonefree_incl_parents_DK -> 0 | Q8: ='CH4 per kg feed'!P17*FCR_bonefree_incl_parents_DK -> 4.4091052e-05 | R8: ='CH4 per kg feed'!Q17*FCR_bonefree_incl_parents_DK -> 2.9976756e-05 | W8: {=Energy_stables_DK*(Share_heating_DK*(Share_biofuels_DK*EF_biofuel_CH4+(1-Share_biofuels_DK)*EF_oil_CH4)+(1-Share_heating_DK)*EF_el_CH4_DK)} -> 2.7007621e-05 | X8: =(Energy_slaughter_el_DK*EF_el_CH4_DK+Energy_slaughter_heat_DK*EF_gas_CH4)/'Parameters, country spec'!B$10 -> 0.00033196785
A9: A031G | B9: Hen eggs | D9: Denmark | E9: DK | F9: CH4, biogenic | G9: =SUM(H9:T9)+SUM(W9:X9) -> 0.0011044964 | T9: =SUM(U9:V9) -> 0.0011044964 | U9: =Manure!B12*Production!B16 -> 0.0011044964
A10: A031G | B10: Hen eggs | D10: Denmark | E10: DK | F10: N2O | G10: =SUM(H10:T10)+SUM(W10:X10) -> 0.0015846449 | H10: ='N2O per kg feed'!G17*FCR_bonefree_incl_parents_DK-Excreted_N_after_losses_DK*Manure_repl_factor_DK*EF_min_fert_N2O_DK -> 8.4297809e-05 | I10: ='N2O per kg feed'!H17*FCR_bonefree_incl_parents_DK -> 2.4941445e-06 | J10: ='N2O per kg feed'!I17*FCR_bonefree_incl_parents_DK-Excreted_N_after_losses_DK*Manure_repl_factor_DK*EF_N2O_diff_DK -> 0.0013475946 | K10: {=J10*EF_indirect_N2O_DK} -> 0.00013475946 | L10: ='N2O per kg feed'!K17*FCR_bonefree_incl_parents_DK -> 1.7385612e-06 | N10: ='N2O per kg feed'!M17*FCR_bonefree_incl_parents_DK -> 1.7970159e-08 | O10: ='N2O per kg feed'!N17*FCR_bonefree_incl_parents_DK -> 3.5651927e-06 | P10: ='N2O per kg feed'!O17*FCR_bonefree_incl_parents_DK -> 0 | Q10: ='N2O per kg feed'!P17*FCR_bonefree_incl_parents_DK -> 2.5260185e-06 | R10: ='N2O per kg feed'!Q17*FCR_bonefree_incl_parents_DK -> 1.0935534e-06 | T10: =SUM(U10:V10) -> 1.750453e-06 | U10: =Manure!B68*44/28 -> 4.5681971e-07 | V10: =NH3_per_kg_DK*17/14*Manure!B97 -> 1.2936333e-06 | W10: {=Energy_stables_DK*(Share_heating_DK*(Share_biofuels_DK*EF_biofuel_N2O+(1-Share_biofuels_DK)*EF_oil_N2O)+(1-Share_heating_DK)*EF_el_N2O_DK)} -> 8.1643941e-07 | X10: =(Energy_slaughter_el_DK*EF_el_N2O_DK+Energy_slaughter_heat_DK*EF_gas_N2O)/'Parameters, country spec'!B$10 -> 3.9907517e-06
A11: A031G | B11: Hen eggs | D11: Denmark | E11: DK | F11: CO2e | G11: =SUM(H11:X11) -> 1.0255664 | H11: =SUMPRODUCT(H7:H10,'Parameters, general'!$B$14:$B$17) -> 0.17108129 | I11: =SUMPRODUCT(I7:I10,'Parameters, general'!$B$14:$B$17) -> 0.068319832 | J11: =SUMPRODUCT(J7:J10,'Parameters, general'!$B$14:$B$17) -> 0.36789332 | K11: =SUMPRODUCT(K7:K10,'Parameters, general'!$B$14:$B$17) -> 0.036789332 | L11: =SUMPRODUCT(L7:L10,'Parameters, general'!$B$14:$B$17) -> 0.066030462 | M11: =SUMPRODUCT(M7:M10,'Parameters, general'!$B$14:$B$17) -> 0 | N11: =SUMPRODUCT(N7:N10,'Parameters, general'!$B$14:$B$17) -> 0.00046208704 | O11: =SUMPRODUCT(O7:O10,'Parameters, general'!$B$14:$B$17) -> 0.096049676 | ... R11: =SUMPRODUCT(R7:R10,'Parameters, general'!$B$14:$B$17) -> 0.032433879 | T11: =SUMPRODUCT(T7:T10,'Parameters, general'!$B$14:$B$17) -> 0.030299277 | W11: =SUMPRODUCT(W7:W10,'Parameters, general'!$B$14:$B$17) -> 0.0097389846 | X11: =SUMPRODUCT(X7:X10,'Parameters, general'!$B$14:$B$17) -> 0.091582817 | Z11: =SUM(H11:R11) -> 0.89394527 | AA11: ='CO2 per kg feed'!F24+'CH4 per kg feed'!F24*CF_GWP_CH4_fossil+'N2O per kg feed'!F24*CF_GWP_N2O -> 0.24668394
A12: A031G | B12: Hen eggs | D12: France | E12: FR | F12: CO2 | G12: =SUM(H12:X12) -> 0.52147342 | H12: ='CO2 per kg feed'!G29*FCR_bonefree_incl_parents_FR-Excreted_N_after_losses_FR*Manure_repl_factor_FR*EF_min_fert_CO2_FR -> 0.1396814 | I12: ='CO2 per kg feed'!H29*FCR_bonefree_incl_parents_FR -> 0.06121991 | J12: ='CO2 per kg feed'!I29*FCR_bonefree_incl_parents_FR -> 0 | L12: ='CO2 per kg feed'!K29*FCR_bonefree_incl_parents_FR -> 0.064217504 | N12: ='CO2 per kg feed'!M29*FCR_bonefree_incl_parents_FR -> 0.0023106644 | O12: ='CO2 per kg feed'!N29*FCR_bonefree_incl_parents_FR -> 0.081405268 | P12: ='CO2 per kg feed'!O29*FCR_bonefree_incl_parents_FR -> 0.037452199 | Q12: ='CO2 per kg feed'!P29*FCR_bonefree_incl_parents_FR -> 0.014632478 | R12: ='CO2 per kg feed'!Q29*FCR_bonefree_incl_parents_FR -> 0.031242032 | W12: =Energy_stables_FR*(Share_heating_FR*(Share_biofuels_FR*EF_biofuels_CO2+(1-Share_biofuels_FR)*EF_oil_CO2)+(1-Share_heating_FR)*EF_el_CO2_FR) -> 0.0087112695 | X12: =(Energy_slaughter_el_FR*EF_el_CO2_FR+Energy_slaughter_heat_FR*EF_gas_CO2)/'Parameters, country spec'!C$10 -> 0.0806007
A13: A031G | B13: Hen eggs | D13: France | E13: FR | F13: CH4, fossil | G13: =SUM(H13:X13) -> 0.0007475364 | H13: ='CH4 per kg feed'!G29*FCR_bonefree_incl_parents_FR-Excreted_N_after_losses_FR*Manure_repl_factor_FR*EF_min_fert_CH4_FR -> 2.0698117e-05 | I13: ='CH4 per kg feed'!H29*FCR_bonefree_incl_parents_FR -> 0.00021540339 | L13: ='CH4 per kg feed'!K29*FCR_bonefree_incl_parents_FR -> 2.8446189e-05 | N13: ='CH4 per kg feed'!M29*FCR_bonefree_incl_parents_FR -> 6.8423345e-06 | O13: ='CH4 per kg feed'!N29*FCR_bonefree_incl_parents_FR -> 4.31031e-05 | P13: ='CH4 per kg feed'!O29*FCR_bonefree_incl_parents_FR -> 0 | Q13: ='CH4 per kg feed'!P29*FCR_bonefree_incl_parents_FR -> 4.4091052e-05 | R13: ='CH4 per kg feed'!Q29*FCR_bonefree_incl_parents_FR -> 2.9976756e-05 | W13: =Energy_stables_FR*(Share_heating_FR*(Share_biofuels_FR*EF_biofuel_CH4+(1-Share_biofuels_FR)*EF_oil_CH4)+(1-Share_heating_FR)*EF_el_CH4_FR) -> 2.7007621e-05 | X13: =(Energy_slaughter_el_FR*EF_el_CH4_FR+Energy_slaughter_heat_FR*EF_gas_CH4)/'Parameters, country spec'!C$10 -> 0.00033196785
A14: A031G | B14: Hen eggs | D14: France | E14: FR | F14: CH4, biogenic | G14: =SUM(H14:T14)+SUM(W14:X14) -> 0.0010990286 | T14: =SUM(U14:V14) -> 0.0010990286 | U14: =Manure!C12*Production!C16 -> 0.0010990286
A15: A031G | B15: Hen eggs | D15: France | E15: FR | F15: N2O | G15: =SUM(H15:T15)+SUM(W15:X15) -> 0.0014698247 | H15: ='N2O per kg feed'!G29*FCR_bonefree_incl_parents_FR-Excreted_N_after_losses_FR*Manure_repl_factor_FR*EF_min_fert_N2O_FR -> 6.1171595e-05 | I15: ='N2O per kg feed'!H29*FCR_bonefree_incl_parents_FR -> 2.4941445e-06 | J15: ='N2O per kg feed'!I29*FCR_bonefree_incl_parents_FR-Excreted_N_after_losses_FR*Manure_repl_factor_FR*EF_N2O_diff_FR -> 0.0012646772 | K15: =J15*EF_indirect_N2O_FR -> 0.00012646772 | L15: ='N2O per kg feed'!K29*FCR_bonefree_incl_parents_FR -> 1.7255494e-06 | N15: ='N2O per kg feed'!M29*FCR_bonefree_incl_parents_FR -> 9.925234e-08 | O15: ='N2O per kg feed'!N29*FCR_bonefree_incl_parents_FR -> 3.1006201e-06 | P15: ='N2O per kg feed'!O29*FCR_bonefree_incl_parents_FR -> 0 | Q15: ='N2O per kg feed'!P29*FCR_bonefree_incl_parents_FR -> 2.5260185e-06 | R15: ='N2O per kg feed'!Q29*FCR_bonefree_incl_parents_FR -> 1.0935534e-06 | T15: =SUM(U15:V15) -> 1.6618532e-06 | U15: =Manure!C68*44/28 -> 4.3369761e-07 | V15: =NH3_per_kg_FR*17/14*Manure!C97 -> 1.2281556e-06 | W15: =Energy_stables_FR*(Share_heating_FR*(Share_biofuels_FR*EF_biofuel_N2O+(1-Share_biofuels_FR)*EF_oil_N2O)+(1-Share_heating_FR)*EF_el_N2O_FR) -> 8.1643941e-07 | X15: =(Energy_slaughter_el_FR*EF_el_N2O_FR+Energy_slaughter_heat_FR*EF_gas_N2O)/'Parameters, country spec'!C$10 -> 3.9907517e-06
A16: A031G | B16: Hen eggs | D16: France | E16: FR | F16: CO2e | G16: =SUM(H16:X16) -> 0.97468591 | H16: =SUMPRODUCT(H12:H15,'Parameters, general'!$B$14:$B$17) -> 0.15699805 | I16: =SUMPRODUCT(I12:I15,'Parameters, general'!$B$14:$B$17) -> 0.068319832 | J16: =SUMPRODUCT(J12:J15,'Parameters, general'!$B$14:$B$17) -> 0.34525687 | K16: =SUMPRODUCT(K12:K15,'Parameters, general'!$B$14:$B$17) -> 0.034525687 | L16: =SUMPRODUCT(L12:L15,'Parameters, general'!$B$14:$B$17) -> 0.065536275 | M16: =SUMPRODUCT(M12:M15,'Parameters, general'!$B$14:$B$17) -> 0 | N16: =SUMPRODUCT(N12:N15,'Parameters, general'!$B$14:$B$17) -> 0.0025416619 | O16: =SUMPRODUCT(O12:O15,'Parameters, general'!$B$14:$B$17) -> 0.08353621 | ... R16: =SUMPRODUCT(R12:R15,'Parameters, general'!$B$14:$B$17) -> 0.032433879 | T16: =SUMPRODUCT(T12:T15,'Parameters, general'!$B$14:$B$17) -> 0.030127457 | W16: =SUMPRODUCT(W12:W15,'Parameters, general'!$B$14:$B$17) -> 0.0097389846 | X16: =SUMPRODUCT(X12:X15,'Parameters, general'!$B$14:$B$17) -> 0.091582817 | Z16: =SUM(H16:R16) -> 0.84323665 | AA16: ='CO2 per kg feed'!F29+'CH4 per kg feed'!F29*CF_GWP_CH4_fossil+'N2O per kg feed'!F29*CF_GWP_N2O -> 0.34743476
A17: A031G | B17: Hen eggs | D17: Germany | E17: DE | F17: CO2 | G17: =SUM(H17:X17) -> 0.70744124 | H17: ='CO2 per kg feed'!G41*FCR_bonefree_incl_parents_DE-Excreted_N_after_losses_DE*Manure_repl_factor_DE*EF_min_fert_CO2_DE -> 0.13696325 | I17: ='CO2 per kg feed'!H41*FCR_bonefree_incl_parents_DE -> 0.061854914 | J17: ='CO2 per kg feed'!I41*FCR_bonefree_incl_parents_DE -> 0 | L17: ='CO2 per kg feed'!K41*FCR_bonefree_incl_parents_DE -> 0.061458772 | N17: ='CO2 per kg feed'!M41*FCR_bonefree_incl_parents_DE -> 0.00036241286 | O17: ='CO2 per kg feed'!N41*FCR_bonefree_incl_parents_DE -> 0.098959777 | P17: ='CO2 per kg feed'!O41*FCR_bonefree_incl_parents_DE -> 0.052704928 | Q17: ='CO2 per kg feed'!P41*FCR_bonefree_incl_parents_DE -> 0.023713405 | R17: ='CO2 per kg feed'!Q41*FCR_bonefree_incl_parents_DE -> 0.046708923 | W17: =Energy_stables_DE*(Share_heating_DE*(Share_biofuels_DE*EF_biofuels_CO2+(1-Share_biofuels_DE)*EF_oil_CO2)+(1-Share_heating_DE)*EF_el_CO2_DE) -> 0.04635034 | X17: =(Energy_slaughter_el_DE*EF_el_CO2_DE+Energy_slaughter_heat_DE*EF_gas_CO2)/'Parameters, country spec'!D$10 -> 0.17836452
A18: A031G | B18: Hen eggs | D18: Germany | E18: DE | F18: CH4, fossil | G18: =SUM(H18:X18) -> 0.0010247774 | H18: ='CH4 per kg feed'!G41*FCR_bonefree_incl_parents_DE-Excreted_N_after_losses_DE*Manure_repl_factor_DE*EF_min_fert_CH4_DE -> 2.8121109e-05 | I18: ='CH4 per kg feed'!H41*FCR_bonefree_incl_parents_DE -> 0.00021763766 | L18: ='CH4 per kg feed'!K41*FCR_bonefree_incl_parents_DE -> 2.7224164e-05 | N18: ='CH4 per kg feed'!M41*FCR_bonefree_incl_parents_DE -> 1.0925154e-06 | O18: ='CH4 per kg feed'!N41*FCR_bonefree_incl_parents_DE -> 7.034478e-05 | P18: ='CH4 per kg feed'!O41*FCR_bonefree_incl_parents_DE -> 0 | Q18: ='CH4 per kg feed'!P41*FCR_bonefree_incl_parents_DE -> 5.5027348e-05 | R18: ='CH4 per kg feed'!Q41*FCR_bonefree_incl_parents_DE -> 4.4554728e-05 | W18: =Energy_stables_DE*(Share_heating_DE*(Share_biofuels_DE*EF_biofuel_CH4+(1-Share_biofuels_DE)*EF_oil_CH4)+(1-Share_heating_DE)*EF_el_CH4_DE) -> 8.8663107e-05 | X18: =(Energy_slaughter_el_DE*EF_el_CH4_DE+Energy_slaughter_heat_DE*EF_gas_CH4)/'Parameters, country spec'!D$10 -> 0.00049211197
A19: A031G | B19: Hen eggs | D19: Germany | E19: DE | F19: CH4, biogenic | G19: =SUM(H19:T19)+SUM(W19:X19) -> 0.0016549103 | T19: =SUM(U19:V19) -> 0.0016549103 | U19: =Manure!D12*Production!D16 -> 0.0016549103
A20: A031G | B20: Hen eggs | D20: Germany | E20: DE | F20: N2O | G20: =SUM(H20:T20)+SUM(W20:X20) -> 0.0014385879 | H20: ='N2O per kg feed'!G41*FCR_bonefree_incl_parents_DE-Excreted_N_after_losses_DE*Manure_repl_factor_DE*EF_min_fert_N2O_DE -> 7.1733196e-05 | I20: ='N2O per kg feed'!H41*FCR_bonefree_incl_parents_DE -> 2.520015e-06 | J20: ='N2O per kg feed'!I41*FCR_bonefree_incl_parents_DE-Excreted_N_after_losses_DE*Manure_repl_factor_DE*EF_N2O_diff_DE -> 0.0012202792 | K20: =J20*EF_indirect_N2O_DE -> 0.00012202792 | L20: ='N2O per kg feed'!K41*FCR_bonefree_incl_parents_DE -> 1.6514212e-06 | N20: ='N2O per kg feed'!M41*FCR_bonefree_incl_parents_DE -> 1.5476563e-08 | O20: ='N2O per kg feed'!N41*FCR_bonefree_incl_parents_DE -> 3.689166e-06 | P20: ='N2O per kg feed'!O41*FCR_bonefree_incl_parents_DE -> 0 | Q20: ='N2O per kg feed'!P41*FCR_bonefree_incl_parents_DE -> 3.2489205e-06 | R20: ='N2O per kg feed'!Q41*FCR_bonefree_incl_parents_DE -> 1.6291739e-06 | T20: =SUM(U20:V20) -> 2.4553614e-06 | U20: =Manure!D68*44/28 -> 6.4078126e-07 | V20: =NH3_per_kg_DE*17/14*Manure!D97 -> 1.8145802e-06 | W20: =Energy_stables_DE*(Share_heating_DE*(Share_biofuels_DE*EF_biofuel_N2O+(1-Share_biofuels_DE)*EF_oil_N2O)+(1-Share_heating_DE)*EF_el_N2O_DE) -> 2.0759e-06 | X20: =(Energy_slaughter_el_DE*EF_el_N2O_DE+Energy_slaughter_heat_DE*EF_gas_N2O)/'Parameters, country spec'!D$10 -> 7.262078e-06
A21: A031G | B21: Hen eggs | D21: Germany | E21: DE | F21: CO2e | G21: =SUM(H21:X21) -> 1.1753967 | H21: =SUMPRODUCT(H17:H20,'Parameters, general'!$B$14:$B$17) -> 0.15738442 | I21: =SUMPRODUCT(I17:I20,'Parameters, general'!$B$14:$B$17) -> 0.06902848 | J21: =SUMPRODUCT(J17:J20,'Parameters, general'!$B$14:$B$17) -> 0.33313623 | K21: =SUMPRODUCT(K17:K20,'Parameters, general'!$B$14:$B$17) -> 0.033313623 | L21: =SUMPRODUCT(L17:L20,'Parameters, general'!$B$14:$B$17) -> 0.06272089 | M21: =SUMPRODUCT(M17:M20,'Parameters, general'!$B$14:$B$17) -> 0 | N21: =SUMPRODUCT(N17:N20,'Parameters, general'!$B$14:$B$17) -> 0.00039919492 | O21: =SUMPRODUCT(O17:O20,'Parameters, general'!$B$14:$B$17) -> 0.10206319 | ... R21: =SUMPRODUCT(R17:R20,'Parameters, general'!$B$14:$B$17) -> 0.048481418 | T21: =SUMPRODUCT(T17:T20,'Parameters, general'!$B$14:$B$17) -> 0.045352891 | W21: =SUMPRODUCT(W17:W20,'Parameters, general'!$B$14:$B$17) -> 0.049559221 | X21: =SUMPRODUCT(X17:X20,'Parameters, general'!$B$14:$B$17) -> 0.195012 | Z21: =SUM(H21:R21) -> 0.88547255 | AA21: ='CO2 per kg feed'!F41+'CH4 per kg feed'!F41*CF_GWP_CH4_fossil+'N2O per kg feed'!F41*CF_GWP_N2O -> 0.36485235
A22: A031G | B22: Hen eggs | D22: Greece | E22: GR | F22: CO2 | G22: =SUM(H22:X22) -> 0.99482438 | H22: ='CO2 per kg feed'!G53*FCR_bonefree_incl_parents_GR-Excreted_N_after_losses_GR*Manure_repl_factor_GR*EF_min_fert_CO2_GR -> 0.15251312 | I22: ='CO2 per kg feed'!H53*FCR_bonefree_incl_parents_GR -> 0.060007857 | J22: ='CO2 per kg feed'!I53*FCR_bonefree_incl_parents_GR -> 0 | L22: ='CO2 per kg feed'!K53*FCR_bonefree_incl_parents_GR -> 0.093529167 | N22: ='CO2 per kg feed'!M53*FCR_bonefree_incl_parents_GR -> 0.01703541 | O22: ='CO2 per kg feed'!N53*FCR_bonefree_incl_parents_GR -> 0.10058213 | P22: ='CO2 per kg feed'!O53*FCR_bonefree_incl_parents_GR -> 0.095424384 | Q22: ='CO2 per kg feed'!P53*FCR_bonefree_incl_parents_GR -> 0.12054472 | R22: ='CO2 per kg feed'!Q53*FCR_bonefree_incl_parents_GR -> 0.066993108 | W22: =Energy_stables_GR*(Share_heating_GR*(Share_biofuels_GR*EF_biofuels_CO2+(1-Share_biofuels_GR)*EF_oil_CO2)+(1-Share_heating_GR)*EF_el_CO2_GR) -> 0.063996298 | X22: =(Energy_slaughter_el_GR*EF_el_CO2_GR+Energy_slaughter_heat_GR*EF_gas_CO2)/'Parameters, country spec'!E$10 -> 0.22419818
A23: A031G | B23: Hen eggs | D23: Greece | E23: GR | F23: CH4, fossil | G23: =SUM(H23:X23) -> 0.0014439606 | H23: ='CH4 per kg feed'!G53*FCR_bonefree_incl_parents_GR-Excreted_N_after_losses_GR*Manure_repl_factor_GR*EF_min_fert_CH4_GR -> 7.2514506e-06 | I23: ='CH4 per kg feed'!H53*FCR_bonefree_incl_parents_GR -> 0.00021113876 | L23: ='CH4 per kg feed'!K53*FCR_bonefree_incl_parents_GR -> 4.1430267e-05 | N23: ='CH4 per kg feed'!M53*FCR_bonefree_incl_parents_GR -> 5.0349205e-05 | O23: ='CH4 per kg feed'!N53*FCR_bonefree_incl_parents_GR -> 8.2582263e-05 | P23: ='CH4 per kg feed'!O53*FCR_bonefree_incl_parents_GR -> 0 | Q23: ='CH4 per kg feed'!P53*FCR_bonefree_incl_parents_GR -> 0.00025268504 | R23: ='CH4 per kg feed'!Q53*FCR_bonefree_incl_parents_GR -> 7.9685533e-05 | W23: =Energy_stables_GR*(Share_heating_GR*(Share_biofuels_GR*EF_biofuel_CH4+(1-Share_biofuels_GR)*EF_oil_CH4)+(1-Share_heating_GR)*EF_el_CH4_GR) -> 0.00012704162 | X23: =(Energy_slaughter_el_GR*EF_el_CH4_GR+Energy_slaughter_heat_GR*EF_gas_CH4)/'Parameters, country spec'!E$10 -> 0.00059179642
A24: A031G | B24: Hen eggs | D24: Greece | E24: GR | F24: CH4, biogenic | G24: =SUM(H24:T24)+SUM(W24:X24) -> 0.0020715452 | T24: =SUM(U24:V24) -> 0.0020715452 | U24: =Manure!E12*Production!E16 -> 0.0020715452
A25: A031G | B25: Hen eggs | D25: Greece | E25: GR | F25: N2O | G25: =SUM(H25:T25)+SUM(W25:X25) -> 0.0011722453 | H25: ='N2O per kg feed'!G53*FCR_bonefree_incl_parents_GR-Excreted_N_after_losses_GR*Manure_repl_factor_GR*EF_min_fert_N2O_GR -> 2.1923679e-05 | I25: ='N2O per kg feed'!H53*FCR_bonefree_incl_parents_GR -> 2.4447645e-06 | J25: ='N2O per kg feed'!I53*FCR_bonefree_incl_parents_GR-Excreted_N_after_losses_GR*Manure_repl_factor_GR*EF_N2O_diff_GR -> 0.001018055 | K25: =J25*EF_indirect_N2O_GR -> 0.0001018055 | L25: ='N2O per kg feed'!K53*FCR_bonefree_incl_parents_GR -> 2.5131652e-06 | N25: ='N2O per kg feed'!M53*FCR_bonefree_incl_parents_GR -> 7.3218891e-07 | O25: ='N2O per kg feed'!N53*FCR_bonefree_incl_parents_GR -> 3.5465393e-06 | P25: ='N2O per kg feed'!O53*FCR_bonefree_incl_parents_GR -> 0 | Q25: ='N2O per kg feed'!P53*FCR_bonefree_incl_parents_GR -> 7.1477635e-06 | R25: ='N2O per kg feed'!Q53*FCR_bonefree_incl_parents_GR -> 2.5633189e-06 | T25: =SUM(U25:V25) -> 1.7207675e-06 | U25: =Manure!DE68*44/28 -> 0 | V25: =NH3_per_kg_GR*17/14*Manure!E97 -> 1.7207675e-06 | W25: =Energy_stables_GR*(Share_heating_GR*(Share_biofuels_GR*EF_biofuel_N2O+(1-Share_biofuels_GR)*EF_oil_N2O)+(1-Share_heating_GR)*EF_el_N2O_GR) -> 2.2022764e-06 | X25: =(Energy_slaughter_el_GR*EF_el_N2O_GR+Energy_slaughter_heat_GR*EF_gas_N2O)/'Parameters, country spec'!E$10 -> 7.5903284e-06
A26: A031G | B26: Hen eggs | D26: Greece | E26: GR | F26: CO2e | G26: =SUM(H26:X26) -> 1.4138091 | H26: =SUMPRODUCT(H22:H25,'Parameters, general'!$B$14:$B$17) -> 0.15871438 | I26: =SUMPRODUCT(I22:I25,'Parameters, general'!$B$14:$B$17) -> 0.066967213 | J26: =SUMPRODUCT(J22:J25,'Parameters, general'!$B$14:$B$17) -> 0.27792901 | K26: =SUMPRODUCT(K22:K25,'Parameters, general'!$B$14:$B$17) -> 0.027792901 | L26: =SUMPRODUCT(L22:L25,'Parameters, general'!$B$14:$B$17) -> 0.095449884 | M26: =SUMPRODUCT(M22:M25,'Parameters, general'!$B$14:$B$17) -> 0 | N26: =SUMPRODUCT(N22:N25,'Parameters, general'!$B$14:$B$17) -> 0.018735704 | O26: =SUMPRODUCT(O22:O25,'Parameters, general'!$B$14:$B$17) -> 0.10401129 | ... R26: =SUMPRODUCT(R22:R25,'Parameters, general'!$B$14:$B$17) -> 0.070067523 | T26: =SUMPRODUCT(T22:T25,'Parameters, general'!$B$14:$B$17) -> 0.056401489 | W26: =SUMPRODUCT(W22:W25,'Parameters, general'!$B$14:$B$17) -> 0.06838336 | X26: =SUMPRODUCT(X22:X25,'Parameters, general'!$B$14:$B$17) -> 0.24390587 | Z26: =SUM(H26:R26) -> 1.0451184 | AA26: ='CO2 per kg feed'!F53+'CH4 per kg feed'!F53*CF_GWP_CH4_fossil+'N2O per kg feed'!F53*CF_GWP_N2O -> 0.4304359
A27: A031G | B27: Hen eggs | D27: Hungary | E27: HU | F27: CO2 | G27: =SUM(H27:X27) -> 0.78711453 | H27: ='CO2 per kg feed'!G65*FCR_bonefree_incl_parents_HU-Excreted_N_after_losses_HU*Manure_repl_factor_HU*EF_min_fert_CO2_HU -> 0.14290016 | I27: ='CO2 per kg feed'!H65*FCR_bonefree_incl_parents_HU -> 0.060744814 | J27: ='CO2 per kg feed'!I65*FCR_bonefree_incl_parents_HU -> 0 | L27: ='CO2 per kg feed'!K65*FCR_bonefree_incl_parents_HU -> 0.075709063 | N27: ='CO2 per kg feed'!M65*FCR_bonefree_incl_parents_HU -> 0.0010556006 | O27: ='CO2 per kg feed'!N65*FCR_bonefree_incl_parents_HU -> 0.093698432 | P27: ='CO2 per kg feed'!O65*FCR_bonefree_incl_parents_HU -> 0.074700237 | Q27: ='CO2 per kg feed'!P65*FCR_bonefree_incl_parents_HU -> 0.077112975 | R27: ='CO2 per kg feed'!Q65*FCR_bonefree_incl_parents_HU -> 0.045958095 | W27: =Energy_stables_HU*(Share_heating_HU*(Share_biofuels_HU*EF_biofuels_CO2+(1-Share_biofuels_HU)*EF_oil_CO2)+(1-Share_heating_HU)*EF_el_CO2_HU) -> 0.043715185 | X27: =(Energy_slaughter_el_HU*EF_el_CO2_HU+Energy_slaughter_heat_HU*EF_gas_CO2)/'Parameters, country spec'!F$10 -> 0.17151996
A28: A031G | B28: Hen eggs | D28: Hungary | E28: HU | F28: CH4, fossil | G28: =SUM(H28:X28) -> 0.0012309277 | H28: ='CH4 per kg feed'!G65*FCR_bonefree_incl_parents_HU-Excreted_N_after_losses_HU*Manure_repl_factor_HU*EF_min_fert_CH4_HU -> 5.4485209e-06 | I28: ='CH4 per kg feed'!H65*FCR_bonefree_incl_parents_HU -> 0.00021373175 | L28: ='CH4 per kg feed'!K65*FCR_bonefree_incl_parents_HU -> 3.3536562e-05 | N28: ='CH4 per kg feed'!M65*FCR_bonefree_incl_parents_HU -> 3.1332747e-06 | O28: ='CH4 per kg feed'!N65*FCR_bonefree_incl_parents_HU -> 7.7117876e-05 | P28: ='CH4 per kg feed'!O65*FCR_bonefree_incl_parents_HU -> 0 | Q28: ='CH4 per kg feed'!P65*FCR_bonefree_incl_parents_HU -> 0.00020056528 | R28: ='CH4 per kg feed'!Q65*FCR_bonefree_incl_parents_HU -> 3.8512906e-05 | W28: =Energy_stables_HU*(Share_heating_HU*(Share_biofuels_HU*EF_biofuel_CH4+(1-Share_biofuels_HU)*EF_oil_CH4)+(1-Share_heating_HU)*EF_el_CH4_HU) -> 0.000110375 | X28: =(Energy_slaughter_el_HU*EF_el_CH4_HU+Energy_slaughter_heat_HU*EF_gas_CH4)/'Parameters, country spec'!F$10 -> 0.00054850649
A29: A031G | B29: Hen eggs | D29: Hungary | E29: HU | F29: CH4, biogenic | G29: =SUM(H29:T29)+SUM(W29:X29) -> 0.0013810301 | T29: =SUM(U29:V29) -> 0.0013810301 | U29: =Manure!F12*Production!F16 -> 0.0013810301
A30: A031G | B30: Hen eggs | D30: Hungary | E30: HU | F30: N2O | G30: =SUM(H30:T30)+SUM(W30:X30) -> 0.0015405045 | H30: ='N2O per kg feed'!G65*FCR_bonefree_incl_parents_HU-Excreted_N_after_losses_HU*Manure_repl_factor_HU*EF_min_fert_N2O_HU -> 6.0439603e-05 | I30: ='N2O per kg feed'!H65*FCR_bonefree_incl_parents_HU -> 2.4747887e-06 | J30: ='N2O per kg feed'!I65*FCR_bonefree_incl_parents_HU-Excreted_N_after_losses_HU*Manure_repl_factor_HU*EF_N2O_diff_HU -> 0.001322698 | K30: =J30*EF_indirect_N2O_HU -> 0.0001322698 | L30: ='N2O per kg feed'!K65*FCR_bonefree_incl_parents_HU -> 2.034332e-06 | N30: ='N2O per kg feed'!M65*FCR_bonefree_incl_parents_HU -> 4.5307503e-08 | O30: ='N2O per kg feed'!N65*FCR_bonefree_incl_parents_HU -> 3.318806e-06 | P30: ='N2O per kg feed'!O65*FCR_bonefree_incl_parents_HU -> 0 | Q30: ='N2O per kg feed'!P65*FCR_bonefree_incl_parents_HU -> 4.909576e-06 | R30: ='N2O per kg feed'!Q65*FCR_bonefree_incl_parents_HU -> 1.6759229e-06 | T30: =SUM(U30:V30) -> 3.2583949e-06 | U30: =Manure!F68*44/28 -> 8.5065051e-07 | V30: =NH3_per_kg_HU*17/14*Manure!F97 -> 2.4077444e-06 | W30: =Energy_stables_HU*(Share_heating_HU*(Share_biofuels_HU*EF_biofuel_N2O+(1-Share_biofuels_HU)*EF_oil_N2O)+(1-Share_heating_HU)*EF_el_N2O_HU) -> 1.5316174e-06 | X30: =(Energy_slaughter_el_HU*EF_el_N2O_HU+Energy_slaughter_heat_HU*EF_gas_N2O)/'Parameters, country spec'!F$10 -> 5.8483569e-06
A31: A031G | B31: Hen eggs | D31: Hungary | E31: HU | F31: CO2e | G31: =SUM(H31:X31) -> 1.2816417 | H31: =SUMPRODUCT(H27:H30,'Parameters, general'!$B$14:$B$17) -> 0.15956254 | I31: =SUMPRODUCT(I27:I30,'Parameters, general'!$B$14:$B$17) -> 0.067789637 | J31: =SUMPRODUCT(J27:J30,'Parameters, general'!$B$14:$B$17) -> 0.36109655 | K31: =SUMPRODUCT(K27:K30,'Parameters, general'!$B$14:$B$17) -> 0.036109655 | L31: =SUMPRODUCT(L27:L30,'Parameters, general'!$B$14:$B$17) -> 0.077263825 | M31: =SUMPRODUCT(M27:M30,'Parameters, general'!$B$14:$B$17) -> 0 | N31: =SUMPRODUCT(N27:N30,'Parameters, general'!$B$14:$B$17) -> 0.0011613411 | O31: =SUMPRODUCT(O27:O30,'Parameters, general'!$B$14:$B$17) -> 0.096902579 | ... R31: =SUMPRODUCT(R27:R30,'Parameters, general'!$B$14:$B$17) -> 0.047563307 | T31: =SUMPRODUCT(T27:T30,'Parameters, general'!$B$14:$B$17) -> 0.038177355 | W31: =SUMPRODUCT(W27:W30,'Parameters, general'!$B$14:$B$17) -> 0.047422491 | X31: =SUMPRODUCT(X27:X30,'Parameters, general'!$B$14:$B$17) -> 0.18946206 | Z31: =SUM(H31:R31) -> 1.0065798 | AA31: ='CO2 per kg feed'!F65+'CH4 per kg feed'!F65*CF_GWP_CH4_fossil+'N2O per kg feed'!F65*CF_GWP_N2O -> 0.41481926
A32: A031G | B32: Hen eggs | D32: Ireland | E32: IE | F32: CO2 | G32: =SUM(H32:X32) -> 0.57527213 | H32: ='CO2 per kg feed'!G77*FCR_bonefree_incl_parents_IE-Excreted_N_after_losses_IE*Manure_repl_factor_IE*EF_min_fert_CO2_IE -> 0.097260002 | I32: ='CO2 per kg feed'!H77*FCR_bonefree_incl_parents_IE -> 0.058846193 | J32: ='CO2 per kg feed'!I77*FCR_bonefree_incl_parents_IE -> 0 | L32: ='CO2 per kg feed'!K77*FCR_bonefree_incl_parents_IE -> 0.073654897 | N32: ='CO2 per kg feed'!M77*FCR_bonefree_incl_parents_IE -> 0.00094253352 | O32: ='CO2 per kg feed'!N77*FCR_bonefree_incl_parents_IE -> 0.090075945 | P32: ='CO2 per kg feed'!O77*FCR_bonefree_incl_parents_IE -> 0.016189852 | Q32: ='CO2 per kg feed'!P77*FCR_bonefree_incl_parents_IE -> 0.023922925 | R32: ='CO2 per kg feed'!Q77*FCR_bonefree_incl_parents_IE -> 0.015433619 | W32: =Energy_stables_IE*(Share_heating_IE*(Share_biofuels_IE*EF_biofuels_CO2+(1-Share_biofuels_IE)*EF_oil_CO2)+(1-Share_heating_IE)*EF_el_CO2_IE) -> 0.039187201 | X32: =(Energy_slaughter_el_IE*EF_el_CO2_IE+Energy_slaughter_heat_IE*EF_gas_CO2)/'Parameters, country spec'!G$10 -> 0.15975896
A33: A031G | B33: Hen eggs | D33: Ireland | E33: IE | F33: CH4, fossil | G33: =SUM(H33:X33) -> 0.0008010737 | H33: ='CH4 per kg feed'!G77*FCR_bonefree_incl_parents_IE-Excreted_N_after_losses_IE*Manure_repl_factor_IE*EF_min_fert_CH4_IE -> 5.0850672e-05 | I33: ='CH4 per kg feed'!H77*FCR_bonefree_incl_parents_IE -> 0.00020705142 | L33: ='CH4 per kg feed'!K77*FCR_bonefree_incl_parents_IE -> 3.2626636e-05 | N33: ='CH4 per kg feed'!M77*FCR_bonefree_incl_parents_IE -> 2.8260052e-06 | O33: ='CH4 per kg feed'!N77*FCR_bonefree_incl_parents_IE -> 4.9348575e-05 | P33: ='CH4 per kg feed'!O77*FCR_bonefree_incl_parents_IE -> 0 | Q33: ='CH4 per kg feed'!P77*FCR_bonefree_incl_parents_IE -> 3.0711133e-05 | R33: ='CH4 per kg feed'!Q77*FCR_bonefree_incl_parents_IE -> 1.3917707e-05 | W33: =Energy_stables_IE*(Share_heating_IE*(Share_biofuels_IE*EF_biofuel_CH4+(1-Share_biofuels_IE)*EF_oil_CH4)+(1-Share_heating_IE)*EF_el_CH4_IE) -> 4.2231405e-05 | X33: =(Energy_slaughter_el_IE*EF_el_CH4_IE+Energy_slaughter_heat_IE*EF_gas_CH4)/'Parameters, country spec'!G$10 -> 0.00037151014
A34: A031G | B34: Hen eggs | D34: Ireland | E34: IE | F34: CH4, biogenic | G34: =SUM(H34:T34)+SUM(W34:X34) -> 0.001080483 | T34: =SUM(U34:V34) -> 0.001080483 | U34: =Manure!G12*Production!G16 -> 0.001080483
A35: A031G | B35: Hen eggs | D35: Ireland | E35: IE | F35: N2O | G35: =SUM(H35:T35)+SUM(W35:X35) -> 0.0010754642 | H35: ='N2O per kg feed'!G77*FCR_bonefree_incl_parents_IE-Excreted_N_after_losses_IE*Manure_repl_factor_IE*EF_min_fert_N2O_IE -> 7.9198956e-05 | I35: ='N2O per kg feed'!H77*FCR_bonefree_incl_parents_IE -> 2.3974375e-06 | J35: ='N2O per kg feed'!I77*FCR_bonefree_incl_parents_IE-Excreted_N_after_losses_IE*Manure_repl_factor_IE*EF_N2O_diff_IE -> 0.00088860023 | K35: =J35*EF_indirect_N2O_IE -> 8.8860023e-05 | L35: ='N2O per kg feed'!K77*FCR_bonefree_incl_parents_IE -> 1.9791358e-06 | N35: ='N2O per kg feed'!M77*FCR_bonefree_incl_parents_IE -> 4.0321878e-08 | O35: ='N2O per kg feed'!N77*FCR_bonefree_incl_parents_IE -> 3.2604966e-06 | P35: ='N2O per kg feed'!O77*FCR_bonefree_incl_parents_IE -> 0 | Q35: ='N2O per kg feed'!P77*FCR_bonefree_incl_parents_IE -> 1.5574078e-06 | R35: ='N2O per kg feed'!Q77*FCR_bonefree_incl_parents_IE -> 5.7809058e-07 | T35: =SUM(U35:V35) -> 1.943144e-06 | U35: =Manure!G68*44/28 -> 5.0710671e-07 | V35: =NH3_per_kg_IE*17/14*Manure!G97 -> 1.4360373e-06 | W35: =Energy_stables_IE*(Share_heating_IE*(Share_biofuels_IE*EF_biofuel_N2O+(1-Share_biofuels_IE)*EF_oil_N2O)+(1-Share_heating_IE)*EF_el_N2O_IE) -> 1.4396031e-06 | X35: =(Energy_slaughter_el_IE*EF_el_N2O_IE+Energy_slaughter_heat_IE*EF_gas_N2O)/'Parameters, country spec'!G$10 -> 5.6093587e-06
A36: A031G | B36: Hen eggs | D36: Ireland | E36: IE | F36: CO2e | G36: =SUM(H36:X36) -> 0.9219189 | H36: =SUMPRODUCT(H32:H35,'Parameters, general'!$B$14:$B$17) -> 0.12039667 | I36: =SUMPRODUCT(I32:I35,'Parameters, general'!$B$14:$B$17) -> 0.065670826 | J36: =SUMPRODUCT(J32:J35,'Parameters, general'!$B$14:$B$17) -> 0.24258786 | K36: =SUMPRODUCT(K32:K35,'Parameters, general'!$B$14:$B$17) -> 0.024258786 | L36: =SUMPRODUCT(L32:L35,'Parameters, general'!$B$14:$B$17) -> 0.075167475 | M36: =SUMPRODUCT(M32:M35,'Parameters, general'!$B$14:$B$17) -> 0 | N36: =SUMPRODUCT(N32:N35,'Parameters, general'!$B$14:$B$17) -> 0.0010377563 | O36: =SUMPRODUCT(O32:O35,'Parameters, general'!$B$14:$B$17) -> 0.092436648 | ... R36: =SUMPRODUCT(R32:R35,'Parameters, general'!$B$14:$B$17) -> 0.016006186 | T36: =SUMPRODUCT(T32:T35,'Parameters, general'!$B$14:$B$17) -> 0.029703521 | W36: =SUMPRODUCT(W32:W35,'Parameters, general'!$B$14:$B$17) -> 0.040838709 | X36: =SUMPRODUCT(X32:X35,'Parameters, general'!$B$14:$B$17) -> 0.17236132 | Z36: =SUM(H36:R36) -> 0.67901535 | AA36: ='CO2 per kg feed'!F77+'CH4 per kg feed'!F77*CF_GWP_CH4_fossil+'N2O per kg feed'!F77*CF_GWP_N2O -> 0.27987243
A37: A031G | B37: Hen eggs | D37: Italy | E37: IT | F37: CO2 | G37: =SUM(H37:X37) -> 0.75633566 | H37: ='CO2 per kg feed'!G89*FCR_bonefree_incl_parents_IT-Excreted_N_after_losses_IT*Manure_repl_factor_IT*EF_min_fert_CO2_IT -> 0.12700223 | I37: ='CO2 per kg feed'!H89*FCR_bonefree_incl_parents_IT -> 0.058950525 | J37: ='CO2 per kg feed'!I89*FCR_bonefree_incl_parents_IT -> 0 | L37: ='CO2 per kg feed'!K89*FCR_bonefree_incl_parents_IT -> 0.064010717 | N37: ='CO2 per kg feed'!M89*FCR_bonefree_incl_parents_IT -> 0.0041265248 | O37: ='CO2 per kg feed'!N89*FCR_bonefree_incl_parents_IT -> 0.088687692 | P37: ='CO2 per kg feed'!O89*FCR_bonefree_incl_parents_IT -> 0.067969851 | Q37: ='CO2 per kg feed'!P89*FCR_bonefree_incl_parents_IT -> 0.095183555 | R37: ='CO2 per kg feed'!Q89*FCR_bonefree_incl_parents_IT -> 0.056457234 | W37: =Energy_stables_IT*(Share_heating_IT*(Share_biofuels_IT*EF_biofuels_CO2+(1-Share_biofuels_IT)*EF_oil_CO2)+(1-Share_heating_IT)*EF_el_CO2_IT) -> 0.037797633 | X37: =(Energy_slaughter_el_IT*EF_el_CO2_IT+Energy_slaughter_heat_IT*EF_gas_CO2)/'Parameters, country spec'!H$10 -> 0.1561497
A38: A031G | B38: Hen eggs | D38: Italy | E38: IT | F38: CH4, fossil | G38: =SUM(H38:X38) -> 0.0016813686 | H38: ='CH4 per kg feed'!G89*FCR_bonefree_incl_parents_IT-Excreted_N_after_losses_IT*Manure_repl_factor_IT*EF_min_fert_CH4_IT -> 7.583047e-06 | I38: ='CH4 per kg feed'!H89*FCR_bonefree_incl_parents_IT -> 0.00020741851 | L38: ='CH4 per kg feed'!K89*FCR_bonefree_incl_parents_IT -> 2.8354589e-05 | N38: ='CH4 per kg feed'!M89*FCR_bonefree_incl_parents_IT -> 1.2208098e-05 | O38: ='CH4 per kg feed'!N89*FCR_bonefree_incl_parents_IT -> 9.6405478e-05 | P38: ='CH4 per kg feed'!O89*FCR_bonefree_incl_parents_IT -> 0 | Q38: ='CH4 per kg feed'!P89*FCR_bonefree_incl_parents_IT -> 0.0004050413 | R38: ='CH4 per kg feed'!Q89*FCR_bonefree_incl_parents_IT -> 7.1432777e-05 | W38: =Energy_stables_IT*(Share_heating_IT*(Share_biofuels_IT*EF_biofuel_CH4+(1-Share_biofuels_IT)*EF_oil_CH4)+(1-Share_heating_IT)*EF_el_CH4_IT) -> 0.00016431484 | X38: =(Energy_slaughter_el_IT*EF_el_CH4_IT+Energy_slaughter_heat_IT*EF_gas_CH4)/'Parameters, country spec'!H$10 -> 0.00068860998
A39: A031G | B39: Hen eggs | D39: Italy | E39: IT | F39: CH4, biogenic | G39: =SUM(H39:T39)+SUM(W39:X39) -> 0.0017878153 | T39: =SUM(U39:V39) -> 0.0017878153 | U39: =Manure!H12*Production!H16 -> 0.0017878153
A40: A031G | B40: Hen eggs | D40: Italy | E40: IT | F40: N2O | G40: =SUM(H40:T40)+SUM(W40:X40) -> 0.0012440286 | H40: ='N2O per kg feed'!G89*FCR_bonefree_incl_parents_IT-Excreted_N_after_losses_IT*Manure_repl_factor_IT*EF_min_fert_N2O_IT -> 1.3850429e-05 | I40: ='N2O per kg feed'!H89*FCR_bonefree_incl_parents_IT -> 2.4016881e-06 | J40: ='N2O per kg feed'!I89*FCR_bonefree_incl_parents_IT-Excreted_N_after_losses_IT*Manure_repl_factor_IT*EF_N2O_diff_IT -> 0.0010947304 | K40: =J40*EF_indirect_N2O_IT -> 0.00010947304 | L40: ='N2O per kg feed'!K89*FCR_bonefree_incl_parents_IT -> 1.7199929e-06 | N40: ='N2O per kg feed'!M89*FCR_bonefree_incl_parents_IT -> 1.7730402e-07 | O40: ='N2O per kg feed'!N89*FCR_bonefree_incl_parents_IT -> 3.271435e-06 | P40: ='N2O per kg feed'!O89*FCR_bonefree_incl_parents_IT -> 0 | Q40: ='N2O per kg feed'!P89*FCR_bonefree_incl_parents_IT -> 6.4710744e-06 | R40: ='N2O per kg feed'!Q89*FCR_bonefree_incl_parents_IT -> 2.2134855e-06 | T40: =SUM(U40:V40) -> 1.9324001e-06 | U40: =Manure!H68*44/28 -> 5.0719782e-07 | V40: =NH3_per_kg_IT*17/14*Manure!H97 -> 1.4252023e-06 | W40: =Energy_stables_IT*(Share_heating_IT*(Share_biofuels_IT*EF_biofuel_N2O+(1-Share_biofuels_IT)*EF_oil_N2O)+(1-Share_heating_IT)*EF_el_N2O_IT) -> 1.6448396e-06 | X40: =(Energy_slaughter_el_IT*EF_el_N2O_IT+Energy_slaughter_heat_IT*EF_gas_N2O)/'Parameters, country spec'!H$10 -> 6.1424404e-06
A41: A031G | B41: Hen eggs | D41: Italy | E41: IT | F41: CO2e | G41: =SUM(H41:X41) -> 1.1943313 | H41: =SUMPRODUCT(H37:H40,'Parameters, general'!$B$14:$B$17) -> 0.13100937 | I41: =SUMPRODUCT(I37:I40,'Parameters, general'!$B$14:$B$17) -> 0.065787258 | J41: =SUMPRODUCT(J37:J40,'Parameters, general'!$B$14:$B$17) -> 0.29886141 | K41: =SUMPRODUCT(K37:K40,'Parameters, general'!$B$14:$B$17) -> 0.029886141 | L41: =SUMPRODUCT(L37:L40,'Parameters, general'!$B$14:$B$17) -> 0.065325241 | M41: =SUMPRODUCT(M37:M40,'Parameters, general'!$B$14:$B$17) -> 0 | N41: =SUMPRODUCT(N37:N40,'Parameters, general'!$B$14:$B$17) -> 0.0045387301 | O41: =SUMPRODUCT(O37:O40,'Parameters, general'!$B$14:$B$17) -> 0.092453677 | ... R41: =SUMPRODUCT(R37:R40,'Parameters, general'!$B$14:$B$17) -> 0.059190212 | T41: =SUMPRODUCT(T37:T40,'Parameters, general'!$B$14:$B$17) -> 0.048798559 | W41: =SUMPRODUCT(W37:W40,'Parameters, general'!$B$14:$B$17) -> 0.043143257 | X41: =SUMPRODUCT(X37:X40,'Parameters, general'!$B$14:$B$17) -> 0.17834716 | Z41: =SUM(H41:R41) -> 0.92404228 | AA41: ='CO2 per kg feed'!F89+'CH4 per kg feed'!F89*CF_GWP_CH4_fossil+'N2O per kg feed'!F89*CF_GWP_N2O -> 0.38067545
A42: A031G | B42: Hen eggs | D42: Netherland | E42: NL | F42: CO2 | G42: =SUM(H42:X42) -> 0.70349586 | H42: ='CO2 per kg feed'!G101*FCR_bonefree_incl_parents_NL-Excreted_N_after_losses_NL*Manure_repl_factor_NL*EF_min_fert_CO2_NL -> 0.12207754 | I42: ='CO2 per kg feed'!H101*FCR_bonefree_incl_parents_NL -> 0.061597198 | J42: ='CO2 per kg feed'!I101*FCR_bonefree_incl_parents_NL -> 0 | L42: ='CO2 per kg feed'!K101*FCR_bonefree_incl_parents_NL -> 0.063004773 | N42: ='CO2 per kg feed'!M101*FCR_bonefree_incl_parents_NL -> 0.00084498089 | O42: ='CO2 per kg feed'!N101*FCR_bonefree_incl_parents_NL -> 0.099640571 | P42: ='CO2 per kg feed'!O101*FCR_bonefree_incl_parents_NL -> 0.052232875 | Q42: ='CO2 per kg feed'!P101*FCR_bonefree_incl_parents_NL -> 0.017892219 | R42: ='CO2 per kg feed'!Q101*FCR_bonefree_incl_parents_NL -> 0.04953722 | W42: =Energy_stables_NL*(Share_heating_NL*(Share_biofuels_NL*EF_biofuels_CO2+(1-Share_biofuels_NL)*EF_oil_CO2)+(1-Share_heating_NL)*EF_el_CO2_NL) -> 0.049673189 | X42: =(Energy_slaughter_el_NL*EF_el_CO2_NL+Energy_slaughter_heat_NL*EF_gas_CO2)/'Parameters, country spec'!I$10 -> 0.1869953
A43: A031G | B43: Hen eggs | D43: Netherland | E43: NL | F43: CH4, fossil | G43: =SUM(H43:X43) -> 0.0010587777 | H43: ='CH4 per kg feed'!G101*FCR_bonefree_incl_parents_NL-Excreted_N_after_losses_NL*Manure_repl_factor_NL*EF_min_fert_CH4_NL -> 3.1557361e-05 | I43: ='CH4 per kg feed'!H101*FCR_bonefree_incl_parents_NL -> 0.00021673088 | L43: ='CH4 per kg feed'!K101*FCR_bonefree_incl_parents_NL -> 2.790899e-05 | N43: ='CH4 per kg feed'!M101*FCR_bonefree_incl_parents_NL -> 2.5233916e-06 | O43: ='CH4 per kg feed'!N101*FCR_bonefree_incl_parents_NL -> 7.3473367e-05 | P43: ='CH4 per kg feed'!O101*FCR_bonefree_incl_parents_NL -> 0 | Q43: ='CH4 per kg feed'!P101*FCR_bonefree_incl_parents_NL -> 4.4952326e-05 | R43: ='CH4 per kg feed'!Q101*FCR_bonefree_incl_parents_NL -> 4.6018574e-05 | W43: =Energy_stables_NL*(Share_heating_NL*(Share_biofuels_NL*EF_biofuel_CH4+(1-Share_biofuels_NL)*EF_oil_CH4)+(1-Share_heating_NL)*EF_el_CH4_NL) -> 9.8347245e-05 | X43: =(Energy_slaughter_el_NL*EF_el_CH4_NL+Energy_slaughter_heat_NL*EF_gas_CH4)/'Parameters, country spec'!I$10 -> 0.00051726557
A44: A031G | B44: Hen eggs | D44: Netherland | E44: NL | F44: CH4, biogenic | G44: =SUM(H44:T44)+SUM(W44:X44) -> 0.0018438079 | T44: =SUM(U44:V44) -> 0.0018438079 | U44: =Manure!I12*Production!I16 -> 0.0018438079
A45: A031G | B45: Hen eggs | D45: Netherland | E45: NL | F45: N2O | G45: =SUM(H45:T45)+SUM(W45:X45) -> 0.001314619 | H45: ='N2O per kg feed'!G101*FCR_bonefree_incl_parents_NL-Excreted_N_after_losses_NL*Manure_repl_factor_NL*EF_min_fert_N2O_NL -> 7.5880866e-05 | I45: ='N2O per kg feed'!H101*FCR_bonefree_incl_parents_NL -> 2.5095155e-06 | J45: ='N2O per kg feed'!I101*FCR_bonefree_incl_parents_NL-Excreted_N_after_losses_NL*Manure_repl_factor_NL*EF_N2O_diff_NL -> 0.001103972 | K45: =J45*EF_indirect_N2O_NL -> 0.0001103972 | L45: ='N2O per kg feed'!K101*FCR_bonefree_incl_parents_NL -> 1.6929628e-06 | N45: ='N2O per kg feed'!M101*FCR_bonefree_incl_parents_NL -> 3.6195923e-08 | O45: ='N2O per kg feed'!N101*FCR_bonefree_incl_parents_NL -> 3.6308998e-06 | P45: ='N2O per kg feed'!O101*FCR_bonefree_incl_parents_NL -> 0 | Q45: ='N2O per kg feed'!P101*FCR_bonefree_incl_parents_NL -> 3.128415e-06 | R45: ='N2O per kg feed'!Q101*FCR_bonefree_incl_parents_NL -> 1.7399317e-06 | T45: =SUM(U45:V45) -> 2.5868412e-06 | U45: =Manure!I68*44/28 -> 6.7509384e-07 | V45: =NH3_per_kg_NL*17/14*Manure!I97 -> 1.9117474e-06 | W45: =Energy_stables_NL*(Share_heating_NL*(Share_biofuels_NL*EF_biofuel_N2O+(1-Share_biofuels_NL)*EF_oil_N2O)+(1-Share_heating_NL)*EF_el_N2O_NL) -> 1.9942432e-06 | X45: =(Energy_slaughter_el_NL*EF_el_N2O_NL+Energy_slaughter_heat_NL*EF_gas_N2O)/'Parameters, country spec'!I$10 -> 7.0499824e-06
A46: A031G | B46: Hen eggs | D46: Netherland | E46: NL | F46: CO2e | G46: =SUM(H46:X46) -> 1.1437212 | H46: =SUMPRODUCT(H42:H45,'Parameters, general'!$B$14:$B$17) -> 0.14373342 | I46: =SUMPRODUCT(I42:I45,'Parameters, general'!$B$14:$B$17) -> 0.068740876 | J46: =SUMPRODUCT(J42:J45,'Parameters, general'!$B$14:$B$17) -> 0.30138435 | K46: =SUMPRODUCT(K42:K45,'Parameters, general'!$B$14:$B$17) -> 0.030138435 | L46: =SUMPRODUCT(L42:L45,'Parameters, general'!$B$14:$B$17) -> 0.06429864 | M46: =SUMPRODUCT(M42:M45,'Parameters, general'!$B$14:$B$17) -> 0 | N46: =SUMPRODUCT(N42:N45,'Parameters, general'!$B$14:$B$17) -> 0.00093005945 | O46: =SUMPRODUCT(O42:O45,'Parameters, general'!$B$14:$B$17) -> 0.10282131 | ... R46: =SUMPRODUCT(R42:R45,'Parameters, general'!$B$14:$B$17) -> 0.051383575 | T46: =SUMPRODUCT(T42:T45,'Parameters, general'!$B$14:$B$17) -> 0.050489022 | W46: =SUMPRODUCT(W42:W45,'Parameters, general'!$B$14:$B$17) -> 0.053148366 | X46: =SUMPRODUCT(X42:X45,'Parameters, general'!$B$14:$B$17) -> 0.20433446 | Z46: =SUM(H46:R46) -> 0.8357494 | AA46: ='CO2 per kg feed'!F101+'CH4 per kg feed'!F101*CF_GWP_CH4_fossil+'N2O per kg feed'!F101*CF_GWP_N2O -> 0.3443669
A47: A031G | B47: Hen eggs | D47: Poland | E47: PL | F47: CO2 | G47: =SUM(H47:X47) -> 0.96791835 | H47: ='CO2 per kg feed'!G113*FCR_bonefree_incl_parents_PL-Excreted_N_after_losses_PL*Manure_repl_factor_PL*EF_min_fert_CO2_PL -> 0.17337141 | I47: ='CO2 per kg feed'!H113*FCR_bonefree_incl_parents_PL -> 0.064373414 | J47: ='CO2 per kg feed'!I113*FCR_bonefree_incl_parents_PL -> 0 | L47: ='CO2 per kg feed'!K113*FCR_bonefree_incl_parents_PL -> 0.087614622 | N47: ='CO2 per kg feed'!M113*FCR_bonefree_incl_parents_PL -> 7.0220069e-05 | O47: ='CO2 per kg feed'!N113*FCR_bonefree_incl_parents_PL -> 0.1248611 | P47: ='CO2 per kg feed'!O113*FCR_bonefree_incl_parents_PL -> 0.065591671 | Q47: ='CO2 per kg feed'!P113*FCR_bonefree_incl_parents_PL -> 0.029404578 | R47: ='CO2 per kg feed'!Q113*FCR_bonefree_incl_parents_PL -> 0.01374829 | W47: =Energy_stables_PL*(Share_heating_PL*(Share_biofuels_PL*EF_biofuels_CO2+(1-Share_biofuels_PL)*EF_oil_CO2)+(1-Share_heating_PL)*EF_el_CO2_PL) -> 0.097545106 | X47: =(Energy_slaughter_el_PL*EF_el_CO2_PL+Energy_slaughter_heat_PL*EF_gas_CO2)/'Parameters, country spec'!J$10 -> 0.31133794
A48: A031G | B48: Hen eggs | D48: Poland | E48: PL | F48: CH4, fossil | G48: =SUM(H48:X48) -> 0.0014022256 | H48: ='CH4 per kg feed'!G113*FCR_bonefree_incl_parents_PL-Excreted_N_after_losses_PL*Manure_repl_factor_PL*EF_min_fert_CH4_PL -> 3.8756221e-06 | I48: ='CH4 per kg feed'!H113*FCR_bonefree_incl_parents_PL -> 0.00022649905 | L48: ='CH4 per kg feed'!K113*FCR_bonefree_incl_parents_PL -> 3.8810323e-05 | N48: ='CH4 per kg feed'!M113*FCR_bonefree_incl_parents_PL -> 2.1258276e-07 | O48: ='CH4 per kg feed'!N113*FCR_bonefree_incl_parents_PL -> 0.00011858587 | P48: ='CH4 per kg feed'!O113*FCR_bonefree_incl_parents_PL -> 0 | Q48: ='CH4 per kg feed'!P113*FCR_bonefree_incl_parents_PL -> 5.965901e-05 | R48: ='CH4 per kg feed'!Q113*FCR_bonefree_incl_parents_PL -> 1.666886e-05 | W48: =Energy_stables_PL*(Share_heating_PL*(Share_biofuels_PL*EF_biofuel_CH4+(1-Share_biofuels_PL)*EF_oil_CH4)+(1-Share_heating_PL)*EF_el_CH4_PL) -> 0.00018794008 | X48: =(Energy_slaughter_el_PL*EF_el_CH4_PL+Energy_slaughter_heat_PL*EF_gas_CH4)/'Parameters, country spec'!J$10 -> 0.00074997424
A49: A031G | B49: Hen eggs | D49: Poland | E49: PL | F49: CH4, biogenic | G49: =SUM(H49:T49)+SUM(W49:X49) -> 0.001975437 | T49: =SUM(U49:V49) -> 0.001975437 | U49: =Manure!J12*Production!J16 -> 0.001975437
A50: A031G | B50: Hen eggs | D50: Poland | E50: PL | F50: N2O | G50: =SUM(H50:T50)+SUM(W50:X50) -> 0.0019029867 | H50: ='N2O per kg feed'!G113*FCR_bonefree_incl_parents_PL-Excreted_N_after_losses_PL*Manure_repl_factor_PL*EF_min_fert_N2O_PL -> 7.2118992e-05 | I50: ='N2O per kg feed'!H113*FCR_bonefree_incl_parents_PL -> 2.6226206e-06 | J50: ='N2O per kg feed'!I113*FCR_bonefree_incl_parents_PL-Excreted_N_after_losses_PL*Manure_repl_factor_PL*EF_N2O_diff_PL -> 0.00164484 | K50: =J50*EF_indirect_N2O_PL -> 0.000164484 | L50: ='N2O per kg feed'!K113*FCR_bonefree_incl_parents_PL -> 2.3542391e-06 | N50: ='N2O per kg feed'!M113*FCR_bonefree_incl_parents_PL -> 2.9944804e-09 | O50: ='N2O per kg feed'!N113*FCR_bonefree_incl_parents_PL -> 3.6328455e-06 | P50: ='N2O per kg feed'!O113*FCR_bonefree_incl_parents_PL -> 0 | Q50: ='N2O per kg feed'!P113*FCR_bonefree_incl_parents_PL -> 1.232341e-06 | R50: ='N2O per kg feed'!Q113*FCR_bonefree_incl_parents_PL -> 4.9382626e-07 | T50: =SUM(U50:V50) -> 3.003109e-06 | U50: =Manure!J68*44/28 -> 8.3046993e-07 | V50: =NH3_per_kg_PL*17/14*Manure!J97 -> 2.1726391e-06 | W50: =Energy_stables_PL*(Share_heating_PL*(Share_biofuels_PL*EF_biofuel_N2O+(1-Share_biofuels_PL)*EF_oil_N2O)+(1-Share_heating_PL)*EF_el_N2O_PL) -> 1.7600493e-06 | X50: =(Energy_slaughter_el_PL*EF_el_N2O_PL+Energy_slaughter_heat_PL*EF_gas_N2O)/'Parameters, country spec'!J$10 -> 6.4416865e-06
A51: A031G | B51: Hen eggs | D51: Poland | E51: PL | F51: CO2e | G51: =SUM(H51:X51) -> 1.5825569 | H51: =SUMPRODUCT(H47:H50,'Parameters, general'!$B$14:$B$17) -> 0.19317539 | I51: =SUMPRODUCT(I47:I50,'Parameters, general'!$B$14:$B$17) -> 0.071839061 | J51: =SUMPRODUCT(J47:J50,'Parameters, general'!$B$14:$B$17) -> 0.44904132 | K51: =SUMPRODUCT(K47:K50,'Parameters, general'!$B$14:$B$17) -> 0.044904132 | L51: =SUMPRODUCT(L47:L50,'Parameters, general'!$B$14:$B$17) -> 0.089413877 | M51: =SUMPRODUCT(M47:M50,'Parameters, general'!$B$14:$B$17) -> 0 | N51: =SUMPRODUCT(N47:N50,'Parameters, general'!$B$14:$B$17) -> 7.7372529e-05 | O51: =SUMPRODUCT(O47:O50,'Parameters, general'!$B$14:$B$17) -> 0.12938673 | ... R51: =SUMPRODUCT(R47:R50,'Parameters, general'!$B$14:$B$17) -> 0.014379837 | T51: =SUMPRODUCT(T47:T50,'Parameters, general'!$B$14:$B$17) -> 0.054156647 | W51: =SUMPRODUCT(W47:W50,'Parameters, general'!$B$14:$B$17) -> 0.10362621 | X51: =SUMPRODUCT(X47:X50,'Parameters, general'!$B$14:$B$17) -> 0.33544575 | Z51: =SUM(H51:R51) -> 1.0893282 | AA51: ='CO2 per kg feed'!F113+'CH4 per kg feed'!F113*CF_GWP_CH4_fossil+'N2O per kg feed'!F113*CF_GWP_N2O -> 0.44906214
A52: A031G | B52: Hen eggs | D52: Spain | E52: ES | F52: CO2 | G52: =SUM(H52:X52) -> 0.77371719 | H52: ='CO2 per kg feed'!G125*FCR_bonefree_incl_parents_ES-Excreted_N_after_losses_ES*Manure_repl_factor_ES*EF_min_fert_CO2_ES -> 0.19484144 | I52: ='CO2 per kg feed'!H125*FCR_bonefree_incl_parents_ES -> 0.063184628 | J52: ='CO2 per kg feed'!I125*FCR_bonefree_incl_parents_ES -> 0 | L52: ='CO2 per kg feed'!K125*FCR_bonefree_incl_parents_ES -> 0.10516179 | N52: ='CO2 per kg feed'!M125*FCR_bonefree_incl_parents_ES -> 0.020952206 | O52: ='CO2 per kg feed'!N125*FCR_bonefree_incl_parents_ES -> 0.09035956 | P52: ='CO2 per kg feed'!O125*FCR_bonefree_incl_parents_ES -> 0.070871921 | Q52: ='CO2 per kg feed'!P125*FCR_bonefree_incl_parents_ES -> 0.017475533 | R52: ='CO2 per kg feed'!Q125*FCR_bonefree_incl_parents_ES -> 0.0564443 | W52: =Energy_stables_ES*(Share_heating_ES*(Share_biofuels_ES*EF_biofuels_CO2+(1-Share_biofuels_ES)*EF_oil_CO2)+(1-Share_heating_ES)*EF_el_CO2_ES) -> 0.026811508 | X52: =(Energy_slaughter_el_ES*EF_el_CO2_ES+Energy_slaughter_heat_ES*EF_gas_CO2)/'Parameters, country spec'!K$10 -> 0.12761431
A53: A031G | B53: Hen eggs | D53: Spain | E53: ES | F53: CH4, fossil | G53: =SUM(H53:X53) -> 0.0010727959 | H53: ='CH4 per kg feed'!G125*FCR_bonefree_incl_parents_ES-Excreted_N_after_losses_ES*Manure_repl_factor_ES*EF_min_fert_CH4_ES -> 8.0441488e-06 | I53: ='CH4 per kg feed'!H125*FCR_bonefree_incl_parents_ES -> 0.00022231628 | L53: ='CH4 per kg feed'!K125*FCR_bonefree_incl_parents_ES -> 4.6583125e-05 | N53: ='CH4 per kg feed'!M125*FCR_bonefree_incl_parents_ES -> 6.1918109e-05 | O53: ='CH4 per kg feed'!N125*FCR_bonefree_incl_parents_ES -> 6.8370784e-05 | P53: ='CH4 per kg feed'!O125*FCR_bonefree_incl_parents_ES -> 0 | Q53: ='CH4 per kg feed'!P125*FCR_bonefree_incl_parents_ES -> 5.7355559e-05 | R53: ='CH4 per kg feed'!Q125*FCR_bonefree_incl_parents_ES -> 4.8242477e-05 | W53: =Energy_stables_ES*(Share_heating_ES*(Share_biofuels_ES*EF_biofuel_CH4+(1-Share_biofuels_ES)*EF_oil_CH4)+(1-Share_heating_ES)*EF_el_CH4_ES) -> 8.2878482e-05 | X53: =(Energy_slaughter_el_ES*EF_el_CH4_ES+Energy_slaughter_heat_ES*EF_gas_CH4)/'Parameters, country spec'!K$10 -> 0.00047708697
A54: A031G | B54: Hen eggs | D54: Spain | E54: ES | F54: CH4, biogenic | G54: =SUM(H54:T54)+SUM(W54:X54) -> 0.001618406 | T54: =SUM(U54:V54) -> 0.001618406 | U54: =Manure!K12*Production!K16 -> 0.001618406
A55: A031G | B55: Hen eggs | D55: Spain | E55: ES | F55: N2O | G55: =SUM(H55:T55)+SUM(W55:X55) -> 0.0014716987 | H55: ='N2O per kg feed'!G125*FCR_bonefree_incl_parents_ES-Excreted_N_after_losses_ES*Manure_repl_factor_ES*EF_min_fert_N2O_ES -> 4.0616589e-05 | I55: ='N2O per kg feed'!H125*FCR_bonefree_incl_parents_ES -> 2.5741886e-06 | J55: ='N2O per kg feed'!I125*FCR_bonefree_incl_parents_ES-Excreted_N_after_losses_ES*Manure_repl_factor_ES*EF_N2O_diff_ES -> 0.0012793388 | K55: =J55*EF_indirect_N2O_ES -> 0.00012793388 | L55: ='N2O per kg feed'!K125*FCR_bonefree_incl_parents_ES -> 2.8257382e-06 | N55: ='N2O per kg feed'!M125*FCR_bonefree_incl_parents_ES -> 9.0056914e-07 | O55: ='N2O per kg feed'!N125*FCR_bonefree_incl_parents_ES -> 3.3219541e-06 | P55: ='N2O per kg feed'!O125*FCR_bonefree_incl_parents_ES -> 0 | Q55: ='N2O per kg feed'!P125*FCR_bonefree_incl_parents_ES -> 3.3041071e-06 | R55: ='N2O per kg feed'!Q125*FCR_bonefree_incl_parents_ES -> 2.1129252e-06 | T55: =SUM(U55:V55) -> 2.5332637e-06 | U55: =Manure!K68*44/28 -> 6.6947761e-07 | V55: =NH3_per_kg_ES*17/14*Manure!K97 -> 1.863786e-06 | W55: =Energy_stables_ES*(Share_heating_ES*(Share_biofuels_ES*EF_biofuel_N2O+(1-Share_biofuels_ES)*EF_oil_N2O)+(1-Share_heating_ES)*EF_el_N2O_ES) -> 1.2138092e-06 | X55: =(Energy_slaughter_el_ES*EF_el_N2O_ES+Energy_slaughter_heat_ES*EF_gas_N2O)/'Parameters, country spec'!K$10 -> 5.022881e-06
A56: A031G | B56: Hen eggs | D56: Spain | E56: ES | F56: CO2e | G56: =SUM(H56:X56) -> 1.2511572 | H56: =SUMPRODUCT(H52:H55,'Parameters, general'!$B$14:$B$17) -> 0.20616949 | I56: =SUMPRODUCT(I52:I55,'Parameters, general'!$B$14:$B$17) -> 0.070512407 | J56: =SUMPRODUCT(J52:J55,'Parameters, general'!$B$14:$B$17) -> 0.34925949 | K56: =SUMPRODUCT(K52:K55,'Parameters, general'!$B$14:$B$17) -> 0.034925949 | L56: =SUMPRODUCT(L52:L55,'Parameters, general'!$B$14:$B$17) -> 0.10732139 | M56: =SUMPRODUCT(M52:M55,'Parameters, general'!$B$14:$B$17) -> 0 | N56: =SUMPRODUCT(N52:N55,'Parameters, general'!$B$14:$B$17) -> 0.023043221 | O56: =SUMPRODUCT(O52:O55,'Parameters, general'!$B$14:$B$17) -> 0.093303903 | ... R56: =SUMPRODUCT(R52:R55,'Parameters, general'!$B$14:$B$17) -> 0.058458755 | T56: =SUMPRODUCT(T52:T55,'Parameters, general'!$B$14:$B$17) -> 0.044388544 | W56: =SUMPRODUCT(W52:W55,'Parameters, general'!$B$14:$B$17) -> 0.029612657 | X56: =SUMPRODUCT(X52:X55,'Parameters, general'!$B$14:$B$17) -> 0.14320275 | Z56: =SUM(H56:R56) -> 1.0339533 | AA56: ='CO2 per kg feed'!F125+'CH4 per kg feed'!F125*CF_GWP_CH4_fossil+'N2O per kg feed'!F125*CF_GWP_N2O -> 0.425887
A57: A031G | B57: Hen eggs | D57: Sweden | E57: SE | F57: CO2 | G57: =SUM(H57:X57) -> 0.54734417 | H57: ='CO2 per kg feed'!G137*FCR_bonefree_incl_parents_SE-Excreted_N_after_losses_SE*Manure_repl_factor_SE*EF_min_fert_CO2_SE -> 0.15624453 | I57: ='CO2 per kg feed'!H137*FCR_bonefree_incl_parents_SE -> 0.062469896 | J57: ='CO2 per kg feed'!I137*FCR_bonefree_incl_parents_SE -> 0 | L57: ='CO2 per kg feed'!K137*FCR_bonefree_incl_parents_SE -> 0.083612418 | N57: ='CO2 per kg feed'!M137*FCR_bonefree_incl_parents_SE -> 0.00014565787 | O57: ='CO2 per kg feed'!N137*FCR_bonefree_incl_parents_SE -> 0.08204139 | P57: ='CO2 per kg feed'!O137*FCR_bonefree_incl_parents_SE -> 0.074353186 | Q57: ='CO2 per kg feed'!P137*FCR_bonefree_incl_parents_SE -> 0.011086536 | R57: ='CO2 per kg feed'!Q137*FCR_bonefree_incl_parents_SE -> 0.02542057 | W57: =Energy_stables_SE*(Share_heating_SE*(Share_biofuels_SE*EF_biofuels_CO2+(1-Share_biofuels_SE)*EF_oil_CO2)+(1-Share_heating_SE)*EF_el_CO2_SE) -> 0.008845034 | X57: =(Energy_slaughter_el_SE*EF_el_CO2_SE+Energy_slaughter_heat_SE*EF_gas_CO2)/'Parameters, country spec'!L$10 -> 0.043124951
A58: A031G | B58: Hen eggs | D58: Sweden | E58: SE | F58: CH4, fossil | G58: =SUM(H58:X58) -> 0.00042443778 | H58: ='CH4 per kg feed'!G137*FCR_bonefree_incl_parents_SE-Excreted_N_after_losses_SE*Manure_repl_factor_SE*EF_min_fert_CH4_SE -> 1.2090159e-05 | I58: ='CH4 per kg feed'!H137*FCR_bonefree_incl_parents_SE -> 0.00021980149 | L58: ='CH4 per kg feed'!K137*FCR_bonefree_incl_parents_SE -> 3.7037482e-05 | N58: ='CH4 per kg feed'!M137*FCR_bonefree_incl_parents_SE -> 4.4155187e-07 | O58: ='CH4 per kg feed'!N137*FCR_bonefree_incl_parents_SE -> 3.5590263e-05 | P58: ='CH4 per kg feed'!O137*FCR_bonefree_incl_parents_SE -> 0 | Q58: ='CH4 per kg feed'!P137*FCR_bonefree_incl_parents_SE -> 2.0729445e-05 | R58: ='CH4 per kg feed'!Q137*FCR_bonefree_incl_parents_SE -> 2.3236525e-05 | W58: =Energy_stables_SE*(Share_heating_SE*(Share_biofuels_SE*EF_biofuel_CH4+(1-Share_biofuels_SE)*EF_oil_CH4)+(1-Share_heating_SE)*EF_el_CH4_SE) -> 9.8278549e-06 | X58: =(Energy_slaughter_el_SE*EF_el_CH4_SE+Energy_slaughter_heat_SE*EF_gas_CH4)/'Parameters, country spec'!L$10 -> 6.5683014e-05
A59: A031G | B59: Hen eggs | D59: Sweden | E59: SE | F59: CH4, biogenic | G59: =SUM(H59:T59)+SUM(W59:X59) -> 0.0019210431 | T59: =SUM(U59:V59) -> 0.0019210431 | U59: =Manure!L12*Production!L16 -> 0.0019210431
A60: A031G | B60: Hen eggs | D60: Sweden | E60: SE | F60: N2O | G60: =SUM(H60:T60)+SUM(W60:X60) -> 0.0017509205 | H60: ='N2O per kg feed'!G137*FCR_bonefree_incl_parents_SE-Excreted_N_after_losses_SE*Manure_repl_factor_SE*EF_min_fert_N2O_SE -> 9.2293761e-05 | I60: ='N2O per kg feed'!H137*FCR_bonefree_incl_parents_SE -> 2.5450698e-06 | J60: ='N2O per kg feed'!I137*FCR_bonefree_incl_parents_SE-Excreted_N_after_losses_SE*Manure_repl_factor_SE*EF_N2O_diff_SE -> 0.0014916776 | K60: =J60*EF_indirect_N2O_SE -> 0.00014916776 | L60: ='N2O per kg feed'!K137*FCR_bonefree_incl_parents_SE -> 2.2466983e-06 | N60: ='N2O per kg feed'!M137*FCR_bonefree_incl_parents_SE -> 6.2087035e-09 | O60: ='N2O per kg feed'!N137*FCR_bonefree_incl_parents_SE -> 3.1301677e-06 | P60: ='N2O per kg feed'!O137*FCR_bonefree_incl_parents_SE -> 0 | Q60: ='N2O per kg feed'!P137*FCR_bonefree_incl_parents_SE -> 1.9537195e-06 | R60: ='N2O per kg feed'!Q137*FCR_bonefree_incl_parents_SE -> 9.2915602e-07 | T60: =SUM(U60:V60) -> 2.4822949e-06 | U60: =Manure!L68*44/28 -> 6.7120807e-07 | V60: =NH3_per_kg_SE*17/14*Manure!L97 -> 1.8110868e-06 | W60: =Energy_stables_SE*(Share_heating_SE*(Share_biofuels_SE*EF_biofuel_N2O+(1-Share_biofuels_SE)*EF_oil_N2O)+(1-Share_heating_SE)*EF_el_N2O_SE) -> 8.1724008e-07 | X60: =(Energy_slaughter_el_SE*EF_el_N2O_SE+Energy_slaughter_heat_SE*EF_gas_N2O)/'Parameters, country spec'!L$10 -> 3.6707692e-06
A61: A031G | B61: Hen eggs | D61: Sweden | E61: SE | F61: CO2e | G61: =SUM(H61:X61) -> 1.0898619 | H61: =SUMPRODUCT(H57:H60,'Parameters, general'!$B$14:$B$17) -> 0.18180101 | I61: =SUMPRODUCT(I57:I60,'Parameters, general'!$B$14:$B$17) -> 0.069714784 | J61: =SUMPRODUCT(J57:J60,'Parameters, general'!$B$14:$B$17) -> 0.40722799 | K61: =SUMPRODUCT(K57:K60,'Parameters, general'!$B$14:$B$17) -> 0.040722799 | L61: =SUMPRODUCT(L57:L60,'Parameters, general'!$B$14:$B$17) -> 0.085329483 | M61: =SUMPRODUCT(M57:M60,'Parameters, general'!$B$14:$B$17) -> 0 | N61: =SUMPRODUCT(N57:N60,'Parameters, general'!$B$14:$B$17) -> 0.00016051109 | O61: =SUMPRODUCT(O57:O60,'Parameters, general'!$B$14:$B$17) -> 0.083956516 | ... R61: =SUMPRODUCT(R57:R60,'Parameters, general'!$B$14:$B$17) -> 0.026366678 | T61: =SUMPRODUCT(T57:T60,'Parameters, general'!$B$14:$B$17) -> 0.05254583 | W61: =SUMPRODUCT(W57:W60,'Parameters, general'!$B$14:$B$17) -> 0.0093610106 | X61: =SUMPRODUCT(X57:X60,'Parameters, general'!$B$14:$B$17) -> 0.046084425 | Z61: =SUM(H61:R61) -> 0.9818706 | AA61: ='CO2 per kg feed'!F137+'CH4 per kg feed'!F137*CF_GWP_CH4_fossil+'N2O per kg feed'!F137*CF_GWP_N2O -> 0.40468111

Sheet Production
A2: Production system | B2: DK | C2: FR | D2: DE | E2: GR | F2: HU | G2: IE | H2: IT | I2: NL | J2: PL | K2: ES | L2: SE
B3: Denmark | C3: France | D3: Germany | E3: Greece | F3: Hungary | G3: Ireland | H3: Italy | I3: Netherlands | J3: Poland | K3: Spain | L3: Sweden
A4: Animals in production per year (no)
A5: Laying hens | B5: 100 | C5: 100 | D5: 100 | E5: 100 | F5: 100 | G5: 100 | H5: 100 | I5: 100 | J5: 100 | K5: 100 | L5: 100 | N5: Number of laying hens (any number can be used here)
A6: Recruitment hens | B6: =No_laying_hens_DK*'Parameters, country spec'!B$6/'Parameters, country spec'!B$7 -> 31.034483 | C6: =No_laying_hens_FR*'Parameters, country spec'!C$6/'Parameters, country spec'!C$7 -> 31.034483 | D6: =No_laying_hens_DE*'Parameters, country spec'!D$6/'Parameters, country spec'!D$7 -> 31.034483 | E6: =No_laying_hens_GR*'Parameters, country spec'!E$6/'Parameters, country spec'!E$7 -> 31.034483 | F6: =No_laying_hens_HU*'Parameters, country spec'!F$6/'Parameters, country spec'!F$7 -> 31.034483 | G6: =No_laying_hens_IE*'Parameters, country spec'!G$6/'Parameters, country spec'!G$7 -> 31.034483 | H6: =No_laying_hens_IT*'Parameters, country spec'!H$6/'Parameters, country spec'!H$7 -> 31.034483 | I6: =No_laying_hens_NL*'Parameters, country spec'!I$6/'Parameters, country spec'!I$7 -> 31.034483 | J6: =No_laying_hens_PL*'Parameters, country spec'!J$6/'Parameters, country spec'!J$7 -> 31.034483 | K6: =No_laying_hens_ES*'Parameters, country spec'!K$6/'Parameters, country spec'!K$7 -> 31.034483 | L6: =No_laying_hens_SE*'Parameters, country spec'!L$6/'Parameters, country spec'!L$7 -> 31.034483 | N6: HAR JAG TÄNKT RÄTT HÄR??
A7: Total: | B7: =SUM(B5:B6) -> 131.03448 | C7: =SUM(C5:C6) -> 131.03448 | D7: =SUM(D5:D6) -> 131.03448 | E7: =SUM(E5:E6) -> 131.03448 | F7: =SUM(F5:F6) -> 131.03448 | G7: =SUM(G5:G6) -> 131.03448 | H7: =SUM(H5:H6) -> 131.03448 | I7: =SUM(I5:I6) -> 131.03448 | ... L7: =SUM(L5:L6) -> 131.03448
A8: Animals slaughtered per year (no)
A9: Hens | B9: =No_laying_hens_DK*365/'Parameters, country spec'!B$5 -> 68.609023 | C9: =No_laying_hens_FR*365/'Parameters, country spec'!C$5 -> 68.609023 | D9: =No_laying_hens_DE*365/'Parameters, country spec'!D5 -> 68.609023 | E9: =No_laying_hens_GR*365/'Parameters, country spec'!E5 -> 68.609023 | F9: =No_laying_hens_HU*365/'Parameters, country spec'!F5 -> 68.609023 | G9: =No_laying_hens_IE*365/'Parameters, country spec'!G5 -> 68.609023 | H9: =No_laying_hens_IT*365/'Parameters, country spec'!H5 -> 68.609023 | I9: =No_laying_hens_NL*365/'Parameters, country spec'!I5 -> 68.609023 | J9: =No_laying_hens_PL*365/'Parameters, country spec'!J5 -> 68.609023 | K9: =No_laying_hens_ES*365/'Parameters, country spec'!K5 -> 68.609023 | L9: =No_laying_hens_SE*365/'Parameters, country spec'!L5 -> 68.609023
A10: Total: | B10: =SUM(B9:B9) -> 68.609023 | C10: =SUM(C9:C9) -> 68.609023 | D10: =SUM(D9:D9) -> 68.609023 | E10: =SUM(E9:E9) -> 68.609023 | F10: =SUM(F9:F9) -> 68.609023 | G10: =SUM(G9:G9) -> 68.609023 | H10: =SUM(H9:H9) -> 68.609023 | I10: =SUM(I9:I9) -> 68.609023 | ... L10: =SUM(L9:L9) -> 68.609023
A11: Food produced (kg bonefree meat for hen)
A12: Hen meat, kg bonefree | B12: =No_laying_hens_DK*'Parameters, country spec'!B$9*'Parameters, country spec'!B$10*'Parameters, country spec'!B$8/100 -> 10.78 | C12: =No_laying_hens_FR*'Parameters, country spec'!C$9*'Parameters, country spec'!C$10*'Parameters, country spec'!C$8/100 -> 10.78 | D12: =No_laying_hens_DE*'Parameters, country spec'!D$9*'Parameters, country spec'!D$10*'Parameters, country spec'!D$8/100 -> 10.78 | E12: =No_laying_hens_GR*'Parameters, country spec'!E$9*'Parameters, country spec'!E$10*'Parameters, country spec'!E$8/100 -> 10.78 | F12: =No_laying_hens_HU*'Parameters, country spec'!F$9*'Parameters, country spec'!F$10*'Parameters, country spec'!F$8/100 -> 10.78 | G12: =No_laying_hens_IE*'Parameters, country spec'!G$9*'Parameters, country spec'!G$10*'Parameters, country spec'!G$8/100 -> 10.78 | H12: =No_laying_hens_IT*'Parameters, country spec'!H$9*'Parameters, country spec'!H$10*'Parameters, country spec'!H$8/100 -> 10.78 | I12: =No_laying_hens_NL*'Parameters, country spec'!I$9*'Parameters, country spec'!I$10*'Parameters, country spec'!I$8/100 -> 10.78 | J12: =No_laying_hens_PL*'Parameters, country spec'!J$9*'Parameters, country spec'!J$10*'Parameters, country spec'!J$8/100 -> 10.78 | K12: =No_laying_hens_ES*'Parameters, country spec'!K$9*'Parameters, country spec'!K$10*'Parameters, country spec'!K$8/100 -> 10.78 | L12: =No_laying_hens_SE*'Parameters, country spec'!L$9*'Parameters, country spec'!L$10*'Parameters, country spec'!L$8/100 -> 10.78 | N12: Number of animals * slaughtering weight
A13: Eggs, kg | B13: =No_laying_hens_DK*'Parameters, country spec'!B$11 -> 1800 | C13: =No_laying_hens_FR*'Parameters, country spec'!C$11 -> 1809.0089 | D13: =No_laying_hens_DE*'Parameters, country spec'!D11 -> 1802.0071 | E13: =No_laying_hens_GR*'Parameters, country spec'!E11 -> 1437.4143 | F13: =No_laying_hens_HU*'Parameters, country spec'!F11 -> 1437.4143 | G13: =No_laying_hens_IE*'Parameters, country spec'!G11 -> 1932.7951 | H13: =No_laying_hens_IT*'Parameters, country spec'!H11 -> 1667.2457 | I13: =No_laying_hens_NL*'Parameters, country spec'!I11 -> 1550.8716 | J13: =No_laying_hens_PL*'Parameters, country spec'!J11 -> 1507.8713 | K13: =No_laying_hens_ES*'Parameters, country spec'!K11 -> 1667.2457 | L13: =No_laying_hens_SE*'Parameters, country spec'!L11 -> 1550.8716
A14: Total: | B14: =SUM(B12:B13) -> 1810.78 | C14: =SUM(C12:C13) -> 1819.7889 | D14: =SUM(D12:D13) -> 1812.7871 | E14: =SUM(E12:E13) -> 1448.1943 | F14: =SUM(F12:F13) -> 1448.1943 | G14: =SUM(G12:G13) -> 1943.5751 | H14: =SUM(H12:H13) -> 1678.0257 | I14: =SUM(I12:I13) -> 1561.6516 | ... L14: =SUM(L12:L13) -> 1561.6516
A15: Animals in production per kg of food
A16: Hens per kg of egg&meat, no | B16: =No_laying_hens_DK/B$14 -> 0.05522482 | C16: =No_laying_hens_FR/C$14 -> 0.054951428 | D16: =No_laying_hens_DE/D$14 -> 0.055163676 | E16: =No_laying_hens_GR/E$14 -> 0.069051506 | F16: =No_laying_hens_HU/F$14 -> 0.069051506 | G16: =No_laying_hens_IE/G$14 -> 0.051451574 | H16: =No_laying_hens_IT/H$14 -> 0.059593844 | I16: =No_laying_hens_NL/I$14 -> 0.06403477 | J16: =No_laying_hens_PL/J$14 -> 0.065847899 | K16: =No_laying_hens_ES/K$14 -> 0.059593844 | L16: =No_laying_hens_SE/L$14 -> 0.06403477
A18: Parent animals
A19: No of eggs per parent hen, 16 kg egg per year * 60 g per egg | C19: =16*1000/60 -> 266.66667
A20: Half are hens | C20: =C19/2 -> 133.33333
A21: Parent animals per hen | C21: =1/C20 -> 0.0075
A22: Per kg of egg | C22: =C21/18 -> 0.00041666667

Sheet Parameters, country spec
A2: Production parameters and emission factors, country specific
B3: DK | C3: FR | D3: DE | E3: GR | F3: HU | G3: IE | H3: IT | I3: NL | J3: PL | K3: ES | L3: SE | N3: Sources:
A4: Production parameters | B4: Denmark | C4: France | D4: Germany | E4: Greece | F4: Hungary | G4: Ireland | H4: Italy | I4: Netherlands | J4: Poland | K4: Spain | L4: Sweden | N4: Sweden | O4: Comment: | P4: Denmark
A5: Slaughter age, days | B5: 532 | C5: 532 | D5: 532 | E5: 532 | F5: 532 | G5: 532 | H5: 532 | I5: 532 | J5: 532 | K5: 532 | L5: 532 | N5: Cederberg et al. 2009
A6: Rearing period (age at point of lay), days | B6: 126 | C6: 126 | D6: 126 | E6: 126 | F6: 126 | G6: 126 | H6: 126 | I6: 126 | J6: 126 | K6: 126 | L6: 126
A7: Laying period, days | B7: ='Parameters, country spec'!B5-'Parameters, country spec'!B6 -> 406 | C7: ='Parameters, country spec'!C5-'Parameters, country spec'!C6 -> 406 | D7: ='Parameters, country spec'!D5-'Parameters, country spec'!D6 -> 406 | E7: ='Parameters, country spec'!E5-'Parameters, country spec'!E6 -> 406 | F7: ='Parameters, country spec'!F5-'Parameters, country spec'!F6 -> 406 | G7: ='Parameters, country spec'!G5-'Parameters, country spec'!G6 -> 406 | H7: ='Parameters, country spec'!H5-'Parameters, country spec'!H6 -> 406 | I7: ='Parameters, country spec'!I5-'Parameters, country spec'!I6 -> 406 | ... L7: ='Parameters, country spec'!L5-'Parameters, country spec'!L6 -> 406
A8: Hens eaten, % | B8: 10 | C8: 10 | D8: 10 | E8: 10 | F8: 10 | G8: 10 | H8: 10 | I8: 10 | J8: 10 | K8: 10 | L8: 10 | N8: Assumption - no data
A9: Meat yield, kg CW per hen | B9: 1.4 | C9: 1.4 | D9: 1.4 | E9: 1.4 | F9: 1.4 | G9: 1.4 | H9: 1.4 | I9: 1.4 | J9: 1.4 | K9: 1.4 | L9: 1.4 | N9: Assuming the same as chicken
A10: Meat yield, kg bonefree meat per kg CW | B10: 0.77 | C10: 0.77 | D10: 0.77 | E10: 0.77 | F10: 0.77 | G10: 0.77 | H10: 0.77 | I10: 0.77 | J10: 0.77 | K10: 0.77 | L10: 0.77 | N10: Assuming the same as chicken
A11: Eggs per hen and year, kg | B11: 18 | C11: ='Egg yield'!X23 -> 18.090089 | D11: ='Egg yield'!X19 -> 18.020071 | E11: =F11 -> 14.374143 | F11: ='Egg yield'!X29 -> 14.374143 | G11: ='Egg yield'!X21 -> 19.327951 | H11: =K11 -> 16.672457 | I11: =L11 -> 15.508716 | J11: ='Egg yield'!X31 -> 15.078713 | K11: ='Egg yield'!X22 -> 16.672457 | L11: ='Egg yield'!J55 -> 15.508716 | N11: Calculated from Eurostat (and SCB for Sweden) statistics on number of hens and production of eggs (see tab Egg yield), no data for GR, IT and NL approx. with neighbouring countries | P11: Barn system, 431 eggs per hen
A12: Mortality rearing, % | B12: 6.7 | C12: 3.5 | D12: 4 | E12: 3.5 | F12: 3 | G12: 3.5 | H12: 3.5 | I12: 4 | J12: 3 | K12: 3 | L12: 4 | N12: Cumulative mortality at 60wk. 4% in cages and 3% in avaries. Percent in cages within country range from 7 to 88; no data on Greece.
A14: Share of feed ingredients (%)
A15: Barley, average | B15: 0.16402989 | C15: 0.16402989 | D15: 0.14354403 | E15: 0.17624165 | F15: 0.094621647 | G15: 0.015696345 | H15: 0.08763474 | I15: 0.09552655 | J15: 0.21737956 | K15: 0.25867404 | L15: 0.13430584 | N15: CAPRI-diets from Karlsson et al., see "Livestock feed.xlsx", tab Egg
A16: Maize (corn) | B16: 0.26979048 | C16: 0.26979048 | D16: 0.21371118 | E16: 0.52712317 | F16: 0.56124002 | G16: 0.0043262189 | H16: 0.57303227 | I16: 0.28688515 | J16: 0.29778613 | K16: 0.34116789 | L16: 0.0059748697
A17: Oats | B17: 0.018587387 | C17: 0.018587387 | D17: 2.8572983e-05 | E17: 0.047896893 | F17: 0.05068001 | G17: 0.00090473725 | H17: 0.018199416 | I17: 0.0031378297 | J17: 0.0065103881 | K17: 0.040331815 | L17: 0.14610456
A18: Rye | B18: 0.0028544698 | C18: 0.0028544698 | D18: 0.023447737 | E18: 0.010564366 | F18: 0.019697569 | G18: 0 | H18: 0.001450063 | I18: 0.011807609 | J18: 0.085001791 | K18: 0.010645865 | L18: 9.2367499e-05
A19: Wheat, average | B19: 0.39960951 | C19: 0.39960951 | D19: 0.47946148 | E19: 0.0075759891 | F19: 0.088612672 | G19: 0.0067415867 | H19: 0.083008572 | I19: 0.3232326 | J19: 0.34177561 | K19: 0.2191234 | L19: 0.58258426
A20: Peas, dry | B20: 0 | C20: 0 | D20: 0.00062059199 | E20: 0.00052541699 | F20: 0.00090551224 | G20: 0.00019914213 | H20: 0.0019271366 | I20: 0 | J20: 0.00083086315 | K20: 0.0034365153 | L20: 0.0049593086
A21: Broad beans and horse beans, dry | B21: 0 | C21: 0 | D21: 0.00060962584 | E21: 0.00051613263 | F21: 0.00088951142 | G21: 0.00019562319 | H21: 0.0018930832 | I21: 0 | J21: 0.00081618142 | K21: 0.0033757905 | L21: 0.0048716753
A22: Rape seed cake | B22: 0.043850785 | C22: 0.043850785 | D22: 0.062756108 | E22: 0.00057339278 | F22: 0.00039081133 | G22: 0.010661632 | H22: 0.0032461288 | I22: 0.052461984 | J22: 0.005988481 | K22: 0.0099524742 | L22: 0.021892084
A23: Soy cake | B23: 0.039507741 | C23: 0.039507741 | D23: 0.06029993 | E23: 0.1010355 | F23: 0.07452009 | G23: 0.020288139 | H23: 0.080143174 | I23: 0.067752089 | J23: 0.020887615 | K23: 0.085077217 | L23: 0.034111024
A24: By-products | B24: 0.036206797 | C24: 0.036206797 | D24: 0.012029357 | E24: 0.063687941 | F24: 0.058765675 | G24: 0.020037842 | H24: 0.084604093 | I24: 0.0073820945 | J24: 0.010222177 | K24: 0.013071082 | L24: 0.027931248
A25: Other | B25: 0.025562943 | C25: 0.025562943 | D25: 0.003491385 | E25: 0.064259547 | F25: 0.049676486 | G25: 0.92094873 | H25: 0.064861328 | I25: 0.1518141 | J25: 0.012801201 | K25: 0.015143904 | L25: 0.037172763
A27: Cereals | B27: =SUM(B15:B19) -> 0.85487173 | C27: =SUM(C15:C19) -> 0.85487173 | D27: =SUM(D15:D19) -> 0.860193 | E27: =SUM(E15:E19) -> 0.76940207 | F27: =SUM(F15:F19) -> 0.81485191 | G27: =SUM(G15:G19) -> 0.027668888 | H27: =SUM(H15:H19) -> 0.76332506 | I27: =SUM(I15:I19) -> 0.72058974 | ... L27: =SUM(L15:L19) -> 0.8690619
A29: Feed requirement | N29: Source: | O29: Comment:
A30: Feed conversion, kg per kg bonefree including parents and losses | B30: 2.427311 | C30: 2.427311 | D30: 2.427311 | E30: 2.427311 | F30: 2.427311 | G30: 2.427311 | H30: 2.427311 | I30: 2.427311 | J30: 2.427311 | K30: 2.427311 | L30: 2.427311 | N30: Cederberg et al. 2009, retrieved from Moberg et al. 2019 | O30: Including feed for young hens, DK har 1.9-2.2 for kg feed/kg egg without feed for young hens and this is similar to the Cederberg data for Sweden
A32: Energy use in stables | N32: Approximation based on multiple sources: | R32: For Sweden (from Cederberg et al):
A33: Total energy use, kWh per kg egg&meat | B33: 0.1 | C33: 0.1 | D33: 0.1 | E33: 0.1 | F33: 0.1 | G33: 0.1 | H33: 0.1 | I33: 0.1 | J33: 0.1 | K33: 0.1 | L33: 0.1 | N33: Abín et al. (2018) show an energy use of approx 0.06 kWh/kg egg in Spain
A34: Share non electricity | B34: 0 | C34: 0 | D34: 0 | E34: 0 | F34: 0 | G34: 0 | H34: 0 | I34: 0 | J34: 0 | K34: 0 | L34: 0 | N34: Guillaume et al. (2022) estimate an energy use of approx 0.01 kWh for the Czech Repulic.
A35: Share biofuels for non-electricity | B35: 0 | C35: 0 | D35: 0 | E35: 0 | F35: 0 | G35: 0 | H35: 0 | I35: 0 | J35: 0 | K35: 0 | L35: 0 | N35: Paris et al. (2022) contain estimates between 0.3-3 kWh/kg egg
N36: For Sweden only very old data of 1 kWh/kg egg (+ additional energy for layers is available)
A37: Energy use at slaughter | N37: Based on the above we set energy use to 0.1 kWh/kg egg
A38: Energy use electricity, kWh/kg CW | B38: 0.2 | C38: 0.2 | D38: 0.2 | E38: 0.2 | F38: 0.2 | G38: 0.2 | H38: 0.2 | I38: 0.2 | J38: 0.2 | K38: 0.2 | L38: 0.33 | N38: Approx with chicken, see Chicken.xlsx
A39: Energy use heat, kWh/kg CW | B39: 0.2 | C39: 0.2 | D39: 0.2 | E39: 0.2 | F39: 0.2 | G39: 0.2 | H39: 0.2 | I39: 0.2 | J39: 0.2 | K39: 0.2 | L39: =0.018 -> 0.018
A41: Emission factors electricity
A42: Electricity, kg CO2e/kWh | B42: =SUMPRODUCT(B43:B46,'Parameters, general'!$B$14:$B$17) -> 0.097389846 | C42: =SUMPRODUCT(C43:C46,'Parameters, general'!$B$14:$B$17) -> 0.097389846 | D42: =SUMPRODUCT(D43:D46,'Parameters, general'!$B$14:$B$17) -> 0.49559221 | E42: =SUMPRODUCT(E43:E46,'Parameters, general'!$B$14:$B$17) -> 0.6838336 | F42: =SUMPRODUCT(F43:F46,'Parameters, general'!$B$14:$B$17) -> 0.47422491 | G42: =SUMPRODUCT(G43:G46,'Parameters, general'!$B$14:$B$17) -> 0.40838709 | H42: =SUMPRODUCT(H43:H46,'Parameters, general'!$B$14:$B$17) -> 0.43143257 | I42: =SUMPRODUCT(I43:I46,'Parameters, general'!$B$14:$B$17) -> 0.53148366 | ... L42: =SUMPRODUCT(L43:L46,'Parameters, general'!$B$14:$B$17) -> 0.093610106 | N42: ecoinvent; market for electricity, low voltage
A43: Electricity, kg CO2/kWh | B43: 0.087112695 | C43: 0.087112695 | D43: 0.4635034 | E43: 0.63996298 | F43: 0.43715185 | G43: 0.39187201 | H43: 0.37797633 | I43: 0.49673189 | J43: 0.97545106 | K43: 0.26811508 | L43: 0.08845034
A44: Electricity, kg CH4 fossil/kWh | B44: 0.00027007621 | C44: 0.00027007621 | D44: 0.00088663107 | E44: 0.0012704162 | F44: 0.00110375 | G44: 0.00042231405 | H44: 0.0016431484 | I44: 0.00098347245 | J44: 0.0018794008 | K44: 0.00082878482 | L44: 9.8278549e-05
A45: Electricity, kg CH4 biogenic/kWh
A46: Electricity, kg N2O/kWh | B46: 8.1643941e-06 | C46: 8.1643941e-06 | D46: 2.0759e-05 | E46: 2.2022764e-05 | F46: 1.5316174e-05 | G46: 1.4396031e-05 | H46: 1.6448396e-05 | I46: 1.9942432e-05 | J46: 1.7600493e-05 | K46: 1.2138092e-05 | L46: 8.1724008e-06
A48: Emission from the production of mineral fertilisers (kg) | B48: Denmark | C48: France | D48: Germany | E48: Greece | F48: Hungary | G48: Ireland | H48: Italy | I48: Netherlands | J48: Poland | K48: Spain | L48: Sweden
A49: Production of mineral fertiliser, kg CO2/kg N | B49: 3.1162677 | C49: 3.1792442 | D49: 3.207783 | E49: 3.3911286 | F49: 3.1523065 | G49: 3.2030593 | H49: 3.4606708 | I49: 3.1627725 | J49: 3.0606571 | K49: 3.3359411 | L49: 3.0736426 | O49: From EF N Fertiliser.xlsx
A50: Production of mineral fertiliser, kg CH4/kg N | B50: 0 | C50: 0 | D50: 0 | E50: 0 | F50: 0 | G50: 0 | H50: 0 | I50: 0 | J50: 0 | K50: 0 | L50: 0
A51: Production of mineral fertiliser, kg N2O/kg N | B51: 0.0014078153 | C51: 0.00094235971 | D51: 0.0010665201 | E51: 0.0003194456 | F51: 0.0012275516 | G51: 0.0011233781 | H51: 0.00015373935 | I51: 0.001235611 | J51: 0.0012125414 | K51: 0.00055574384 | L51: 0.0016242541
A53: Emission factors N2O from soil
A54: Direct emissions from mineral fertiliser | B54: 0.016 | C54: 0.016 | D54: 0.016 | E54: 0.01 | F54: 0.016 | G54: 0.016 | H54: 0.016 | I54: 0.016 | J54: 0.016 | K54: 0.01 | L54: 0.016 | N54: From Emission factors.xslx
A55: Direct emissions from manure | B55: 0.006 | C55: 0.006 | D55: 0.006 | E55: 0.01 | F55: 0.006 | G55: 0.006 | H55: 0.006 | I55: 0.006 | J55: 0.006 | K55: 0.01 | L55: 0.006
A56: Difference in emission factor min. fert - manure | B56: =B54-B55 -> 0.01 | C56: =C54-C55 -> 0.01 | D56: =D54-D55 -> 0.01 | E56: =E54-E55 -> 0 | F56: =F54-F55 -> 0.01 | G56: =G54-G55 -> 0.01 | H56: =H54-H55 -> 0.01 | I56: =I54-I55 -> 0.01 | ... L56: =L54-L55 -> 0.01
A57: Indirect emissions, share of direct emissions | B57: 0.1 | C57: 0.1 | D57: 0.1 | E57: 0.1 | F57: 0.1 | G57: 0.1 | H57: 0.1 | I57: 0.1 | J57: 0.1 | K57: 0.1 | L57: 0.1
A59: Manure replacement factor
A60: Manure replacement factor | B60: 0.5 | C60: 0.5 | D60: 0.5 | E60: 0.5 | F60: 0.5 | G60: 0.5 | H60: 0.5 | I60: 0.5 | J60: 0.5 | K60: 0.5 | L60: 0.5 | N60: Based on växttillgängligt kväve
A62: Water use
A63: Drinking water, hens, l per animal per day | B63: 0.1925 | C63: 0.1925 | D63: 0.1925 | E63: 0.1925 | F63: 0.1925 | G63: 0.1925 | H63: 0.1925 | I63: 0.1925 | J63: 0.1925 | K63: 0.1925 | L63: 0.1925 | N63: From Water requirements per species.xlsx
A64: Service water, hens, l per animal per day | B64: 0.01 | C64: 0.01 | D64: 0.01 | E64: 0.01 | F64: 0.01 | G64: 0.01 | H64: 0.01 | I64: 0.01 | J64: 0.01 | K64: 0.01 | L64: 0.01
A65: Drinking water, recruit hens, l per animal per day | B65: 0.275 | C65: 0.275 | D65: 0.275 | E65: 0.275 | F65: 0.275 | G65: 0.275 | H65: 0.275 | I65: 0.275 | J65: 0.275 | K65: 0.275 | L65: 0.275
A66: Service water, recruit hens, l per animal per day | B66: 0.15 | C66: 0.15 | D66: 0.15 | E66: 0.15 | F66: 0.15 | G66: 0.15 | H66: 0.15 | I66: 0.15 | J66: 0.15 | K66: 0.15 | L66: 0.15

Sheet Egg yield
A2: Yield (eggs per hen) - for Sweden, see further down
A4: Data extracted on 03/03/2024 09:06:11 from [ESTAT] | K4: Data extracted on 03/03/2024 09:11:24 from [ESTAT]
A5: Dataset: | B5: Production of eggs for consumption and number of laying hens [apro_ec_egghen__custom_10105181] | K5: Dataset:
A6: Last updated: | B6: 31/08/2023 23:00 | K6: Last updated:
A8: Time frequency | C8: Annual | K8: Time frequency
A9: Operator/Trader | C9: Total | K9: Operator/Trader
A10: Agricultural products | C10: Laying hens (producing eggs for consumption) | K10: Agricultural products
A11: Unit of measure | C11: Thousand | K11: Unit of measure
A13: TIME | B13: 2019 | D13: 2020 | F13: 2021 | H13: 2022 | K13: TIME | L13: 2019 | N13: 2020 | P13: 2021 | R13: 2022 | U13: Averages:
A14: GEO (Labels) | K14: GEO (Labels) | U14: Hens (thousands) | V14: Eggs (millions) | W14: Egg/hen | X14: kg egg/hen | Y14: hens/egg (for animal welfare assessment)
A15: Belgium | B15: 6908.981 | C15: e | D15: 7236.139 | E15: e | F15: : | H15: 7594.435 | I15: e | K15: Belgium | L15: 1569.93 | M15: e | N15: 1618.264 | O15: e | P15: : | R15: 1770.924 | S15: e | U15: =AVERAGE(B15:H15) -> 7246.5183 | V15: =AVERAGE(L15:R15) -> 1653.0393 | W15: =V15*1000000/(U15*1000) -> 228.11497 | X15: =W15*0.06 -> 13.686898 | Y15: =1/X15 -> 0.073062572
A16: Bulgaria | B16: 4115 | D16: 4211 | F16: 4055 | H16: 4640 | K16: Bulgaria | L16: 1058.2 | N16: 1064 | P16: 1024 | R16: 1127 | U16: =AVERAGE(B16:H16) -> 4255.25 | V16: =AVERAGE(L16:R16) -> 1068.3 | W16: =V16*1000000/(U16*1000) -> 251.05458 | X16: =W16*0.06 -> 15.063275 | Y16: =1/X16 -> 0.066386627
A17: Czechia | B17: 4984.459 | D17: 5519.622 | F17: 5031.005 | H17: 4645.088 | K17: Czechia | L17: 1538.246 | N17: 1573.85 | P17: 1702.009 | R17: 1503.198 | U17: =AVERAGE(B17:H17) -> 5045.0435 | V17: =AVERAGE(L17:R17) -> 1579.3257 | W17: =V17*1000000/(U17*1000) -> 313.04502 | X17: =W17*0.06 -> 18.782701 | Y17: =1/X17 -> 0.053240478
A18: Denmark | B18: : | D18: : | F18: : | H18: : | K18: Denmark | L18: 1322.3 | N18: 1436 | P18: : | R18: 1425
A19: Germany | B19: 42021 | D19: 42944 | F19: 43164 | H19: 44059 | K19: Germany | L19: 12511 | N19: 12936 | P19: 13043 | R19: 13224 | U19: =AVERAGE(B19:H19) -> 43047 | V19: =AVERAGE(L19:R19) -> 12928.5 | W19: =V19*1000000/(U19*1000) -> 300.33452 | X19: =W19*0.06 -> 18.020071 | Y19: =1/X19 -> 0.055493677
A20: Estonia | B20: : | D20: 602.1 | F20: : | H20: : | K20: Estonia | L20: : | N20: 144.2 | P20: : | R20: : | U20: =AVERAGE(B20:H20) -> 602.1 | V20: =AVERAGE(L20:R20) -> 144.2 | W20: =V20*1000000/(U20*1000) -> 239.4951 | X20: =W20*0.06 -> 14.369706 | Y20: =1/X20 -> 0.069590846
A21: Ireland | B21: : | D21: 3007.3 | F21: 3195.636 | H21: 3138.086 | K21: Ireland | L21: : | N21: 995.2 | P21: 999.14 | R21: 1014.707 | U21: =AVERAGE(B21:H21) -> 3113.674 | V21: =AVERAGE(L21:R21) -> 1003.0157 | W21: =V21*1000000/(U21*1000) -> 322.13252 | X21: =W21*0.06 -> 19.327951 | Y21: =1/X21 -> 0.05173854
A22: Spain | B22: 46562.716 | D22: 49150.978 | F22: 47920.933 | G22: e | H22: 48309.524 | I22: p | K22: Spain | L22: 12871.182 | N22: 13647.441 | P22: 13341.311 | Q22: e | R22: 13476.408 | S22: p | U22: =AVERAGE(B22:H22) -> 47986.038 | V22: =AVERAGE(L22:R22) -> 13334.086 | W22: =V22*1000000/(U22*1000) -> 277.87428 | X22: =W22*0.06 -> 16.672457 | Y22: =1/X22 -> 0.059979164
A23: France | B23: 41900 | D23: 52310 | F23: 52955 | H23: 52970 | K23: France | L23: 14250 | M23: e | N23: 15120 | P23: 15608 | R23: 15363 | U23: =AVERAGE(B23:H23) -> 50033.75 | V23: =AVERAGE(L23:R23) -> 15085.25 | W23: =V23*1000000/(U23*1000) -> 301.50149 | X23: =W23*0.06 -> 18.090089 | Y23: =1/X23 -> 0.055278887
A24: Croatia | B24: 2688.4 | D24: 2952.6 | F24: 3229.3 | H24: 2893.2 | K24: Croatia | L24: 548 | N24: 615.2 | P24: 679 | R24: 611.2 | U24: =AVERAGE(B24:H24) -> 2940.875 | V24: =AVERAGE(L24:R24) -> 613.35 | W24: =V24*1000000/(U24*1000) -> 208.56038 | X24: =W24*0.06 -> 12.513623 | Y24: =1/X24 -> 0.07991291
A25: Cyprus | B25: : | D25: 400.317 | F25: : | H25: : | K25: Cyprus | L25: : | N25: 150.734 | P25: : | R25: : | U25: =AVERAGE(B25:H25) -> 400.317 | V25: =AVERAGE(L25:R25) -> 150.734 | W25: =V25*1000000/(U25*1000) -> 376.53659 | X25: =W25*0.06 -> 22.592196 | Y25: =1/X25 -> 0.044263073
A26: Latvia | B26: : | D26: 3255.8 | F26: 3308 | H26: 3256.9 | K26: Latvia | L26: : | N26: 758.6 | P26: 766.3 | R26: 805.9 | U26: =AVERAGE(B26:H26) -> 3273.5667 | V26: =AVERAGE(L26:R26) -> 776.93333 | W26: =V26*1000000/(U26*1000) -> 237.33542 | X26: =W26*0.06 -> 14.240125 | Y26: =1/X26 -> 0.0702241
A27: Lithuania | B27: 3655.281 | D27: 3221.878 | F27: 3026.087 | G27: e | H27: 3261.015 | K27: Lithuania | L27: 721.989 | M27: e | N27: 725.247 | P27: 851.663 | Q27: e | R27: 681.056 | U27: =AVERAGE(B27:H27) -> 3291.0652 | V27: =AVERAGE(L27:R27) -> 744.98875 | W27: =V27*1000000/(U27*1000) -> 226.36706 | X27: =W27*0.06 -> 13.582023 | Y27: =1/X27 -> 0.073626733
A28: Luxembourg | B28: 110.895 | D28: 115.287 | F28: 119.666 | H28: : | K28: Luxembourg | L28: 32.67 | N28: 33.851 | P28: 35.208 | R28: : | U28: =AVERAGE(B28:H28) -> 115.28267 | V28: =AVERAGE(L28:R28) -> 33.909667 | W28: =V28*1000000/(U28*1000) -> 294.14367 | X28: =W28*0.06 -> 17.64862 | Y28: =1/X28 -> 0.056661653
A29: Hungary | B29: 6376.404 | D29: 6393.353 | F29: 6302.149 | H29: 6006.458 | K29: Hungary | L29: 1512 | N29: 1496 | P29: 1532.3 | R29: 1467.7 | U29: =AVERAGE(B29:H29) -> 6269.591 | V29: =AVERAGE(L29:R29) -> 1502 | W29: =V29*1000000/(U29*1000) -> 239.56906 | X29: =W29*0.06 -> 14.374143 | Y29: =1/X29 -> 0.069569363
A30: Malta | B30: : | D30: 354.474 | F30: 368.566 | G30: e | H30: : | K30: Malta | L30: : | N30: 92.22 | P30: 95.886 | Q30: e | R30: : | U30: =AVERAGE(B30:H30) -> 361.52 | V30: =AVERAGE(L30:R30) -> 94.053 | W30: =V30*1000000/(U30*1000) -> 260.15988 | X30: =W30*0.06 -> 15.609593 | Y30: =1/X30 -> 0.06406317
A31: Poland | B31: 42887 | D31: 39749 | F31: 38253 | H31: 36708 | K31: Poland | L31: 10291 | N31: 9968 | P31: 9270 | R31: 10077 | U31: =AVERAGE(B31:H31) -> 39399.25 | V31: =AVERAGE(L31:R31) -> 9901.5 | W31: =V31*1000000/(U31*1000) -> 251.31189 | X31: =W31*0.06 -> 15.078713 | Y31: =1/X31 -> 0.066318655
A32: Portugal | B32: 7007 | D32: 7351 | F32: 7270.43 | G32: e | H32: 7473.718 | K32: Portugal | L32: 1775 | N32: 1876 | P32: 1805.535 | Q32: e | R32: 1915.782 | U32: =AVERAGE(B32:H32) -> 7275.537 | V32: =AVERAGE(L32:R32) -> 1843.0793 | W32: =V32*1000000/(U32*1000) -> 253.32553 | X32: =W32*0.06 -> 15.199532 | Y32: =1/X32 -> 0.065791501
A33: Romania | B33: 38207.7 | D33: 34226 | F33: 39352.209 | H33: 38761.551 | K33: Romania | L33: 4887.4 | N33: 4957.6 | P33: 5438.887 | R33: 5531.378 | U33: =AVERAGE(B33:H33) -> 37636.865 | V33: =AVERAGE(L33:R33) -> 5203.8162 | W33: =V33*1000000/(U33*1000) -> 138.26381 | X33: =W33*0.06 -> 8.2958284 | Y33: =1/X33 -> 0.12054251
A34: Slovenia | B34: : | D34: 1272.204 | F34: 1421.921 | H34: : | K34: Slovenia | L34: : | N34: 325.19 | P34: 340.479 | R34: : | U34: =AVERAGE(B34:H34) -> 1347.0625 | V34: =AVERAGE(L34:R34) -> 332.8345 | W34: =V34*1000000/(U34*1000) -> 247.08171 | X34: =W34*0.06 -> 14.824902 | Y34: =1/X34 -> 0.06745407
A35: Slovakia | B35: 2491.591 | D35: 2392.341 | F35: 2393.848 | H35: 2321.131 | K35: Slovakia | L35: 748.085 | N35: 706.135 | P35: 687.396 | R35: 663.927 | U35: =AVERAGE(B35:H35) -> 2399.7278 | V35: =AVERAGE(L35:R35) -> 701.38575 | W35: =V35*1000000/(U35*1000) -> 292.27722 | X35: =W35*0.06 -> 17.536633 | Y35: =1/X35 -> 0.057023489
A36: Finland | B36: : | D36: : | F36: : | H36: : | K36: Finland | L36: 1260 | N36: 1264 | P36: 1292.333 | Q36: e | R36: 1272
A37: Sweden | B37: : | D37: : | F37: : | H37: : | K37: Sweden | L37: 2439.259 | N37: 2428.847 | P37: 2086.842 | R37: 2519.99
A38: United Kingdom | B38: : | D38: : | F38: : | H38: : | K38: United Kingdom | L38: : | N38: : | P38: : | R38: :
A39: Serbia | B39: 8862.89 | D39: 8207 | F39: 8292 | H39: 7901 | K39: Serbia | L39: 1676.69 | N39: 1612 | P39: 1624 | R39: 1549 | U39: =AVERAGE(B39:H39) -> 8315.7225 | V39: =AVERAGE(L39:R39) -> 1615.4225 | W39: =V39*1000000/(U39*1000) -> 194.26123 | X39: =W39*0.06 -> 11.655674 | Y39: =1/X39 -> 0.085795125
A40: Türkiye | B40: 77366.818 | D40: 75908.854 | F40: 74214.296 | H40: 76699.177 | K40: Türkiye | L40: 19898.126 | N40: 19788.063 | P40: 19297.592 | R40: 19808.539 | U40: =AVERAGE(B40:H40) -> 76047.286 | V40: =AVERAGE(L40:R40) -> 19698.08 | W40: =V40*1000000/(U40*1000) -> 259.0241 | X40: =W40*0.06 -> 15.541446 | Y40: =1/X40 -> 0.064344077
A42: Special value | K42: Special value
A43: : | B43: not available | K43: :
A44: Available flags: | K44: Available flags:
A45: e | B45: estimated | K45: b
A46: p | B46: provisional | K46: e
K47: p
A49: Sweden, https://statistik.sjv.se/PXWeb/pxweb/sv/Jordbruksverkets%20statistikdatabas/Jordbruksverkets%20statistikdatabas__Animalieproduktion__Agg/JO0604A7.px/table/tableViewLayout1/?loadedQueryId=JO0604A7_2020&timeType=item
B51: 2017 | D51: 2018 | F51: 2019 | H51: 2020 | J51: Average
A52: Egg, thousand tons | B52: 118.19 | D52: 122.79 | F52: 130.3 | H52: 129.74 | J52: =AVERAGE(B52:H52) -> 125.255
A53: No of hens | B53: 7293848 | D53: 7699306 | F53: 8909127 | H53: 8403424 | J53: =AVERAGE(B53:H53) -> 8076426.2
A55: kg egg/hen | J55: =J52*1000*1000/J53 -> 15.508716
A56: hens/kg egg | J56: =1/J55 -> 0.064479871

Sheet Manure
A2: Manure emissions
B3: DK | C3: FR | D3: DE | E3: GR | F3: HU | G3: IE | H3: IT | I3: NL | J3: PL | K3: ES | L3: SE
B4: France | C4: France | D4: Germany | E4: Greece | F4: Hungary | G4: Ireland | H4: Italy | I4: Netherlands | J4: Poland | K4: Spain | L4: Sweden | N4: Sources: | O4: Denmark | P4: France | Q4: Germany | R4: Greece | S4: Hungary | T4: Ireland | U4: Italy | V4: Netherlands | W4: Poland | X4: Spain | Y4: Sweden
B5: Hens | C5: Hens | D5: Hens | E5: Hens | F5: Hens | G5: Hens | H5: Hens | I5: Hens | J5: Hens | K5: Hens | L5: Hens
A6: Share solid | B6: 0 | C6: 0 | D6: 1 | E6: 1 | F6: 0.20909456 | G6: 0 | H6: 0.98863189 | I6: 0.46151026 | J6: 0.88909758 | K6: 0 | L6: 0.899 | O6: CRF 2023, Table3.B(a)s2. Only solid, liquid and other (deep litter) considered, adjusted to 100%. | P6: CRF 2023, Table3.B(a)s2. Only solid, liquid and other (deep litter) considered, adjusted to 100%. | Q6: CRF 2023, Table3.B(a)s2. Only solid, liquid and other (deep litter) considered, adjusted to 100%. | R6: CRF 2023, Table3.B(a)s2. Only solid, liquid and other (deep litter) considered, adjusted to 100%. | S6: CRF 2023, Table3.B(a)s2. Only solid, liquid and other (deep litter) considered, adjusted to 100%. | T6: CRF 2023, Table3.B(a)s2. Only solid, liquid and other (deep litter) considered, adjusted to 100%. | U6: CRF 2023, Table3.B(a)s2. Only solid, liquid and other (deep litter) considered, adjusted to 100%. | V6: CRF 2023, Table3.B(a)s2. Only solid, liquid and other (deep litter) considered, adjusted to 100%. | W6: CRF 2023, Table3.B(a)s2. Only solid, liquid and other (deep litter) considered, adjusted to 100%. | X6: CRF 2023, Table3.B(a)s2. Only solid, liquid and other (deep litter) considered, adjusted to 100%. | Y6: NIR 2023, Table 5.10-5.12
A7: Share liquid | B7: 0 | C7: 0 | D7: 0 | E7: 0 | F7: 0.00070267015 | G7: 0 | H7: 0.011368109 | I7: 0 | J7: 0.11090242 | K7: 0.0248529 | L7: 0.069 | O7: CRF 2023, Table3.B(a)s2. Only solid, liquid and other (deep litter) considered, adjusted to 100%. | P7: CRF 2023, Table3.B(a)s2. Only solid, liquid and other (deep litter) considered, adjusted to 100%. | Q7: CRF 2023, Table3.B(a)s2. Only solid, liquid and other (deep litter) considered, adjusted to 100%. | R7: CRF 2023, Table3.B(a)s2. Only solid, liquid and other (deep litter) considered, adjusted to 100%. | S7: CRF 2023, Table3.B(a)s2. Only solid, liquid and other (deep litter) considered, adjusted to 100%. | T7: CRF 2023, Table3.B(a)s2. Only solid, liquid and other (deep litter) considered, adjusted to 100%. | U7: CRF 2023, Table3.B(a)s2. Only solid, liquid and other (deep litter) considered, adjusted to 100%. | V7: CRF 2023, Table3.B(a)s2. Only solid, liquid and other (deep litter) considered, adjusted to 100%. | W7: CRF 2023, Table3.B(a)s2. Only solid, liquid and other (deep litter) considered, adjusted to 100%. | X7: CRF 2023, Table3.B(a)s2. Only solid, liquid and other (deep litter) considered, adjusted to 100%. | Y7: NIR 2023, Table 5.10-5.13
A8: Share deep litter | B8: 1 | C8: 1 | D8: 0 | E8: 0 | F8: 0.79020277 | G8: 1 | H8: 0 | I8: 0.53848974 | J8: 0 | K8: 0.9751471 | L8: 0.032 | O8: CRF 2023, Table3.B(a)s2. Only solid, liquid and other (deep litter) considered, adjusted to 100%. | P8: CRF 2023, Table3.B(a)s2. Only solid, liquid and other (deep litter) considered, adjusted to 100%. | Q8: CRF 2023, Table3.B(a)s2. Only solid, liquid and other (deep litter) considered, adjusted to 100%. | R8: CRF 2023, Table3.B(a)s2. Only solid, liquid and other (deep litter) considered, adjusted to 100%. | S8: CRF 2023, Table3.B(a)s2. Only solid, liquid and other (deep litter) considered, adjusted to 100%. | T8: CRF 2023, Table3.B(a)s2. Only solid, liquid and other (deep litter) considered, adjusted to 100%. | U8: CRF 2023, Table3.B(a)s2. Only solid, liquid and other (deep litter) considered, adjusted to 100%. | V8: CRF 2023, Table3.B(a)s2. Only solid, liquid and other (deep litter) considered, adjusted to 100%. | W8: CRF 2023, Table3.B(a)s2. Only solid, liquid and other (deep litter) considered, adjusted to 100%. | X8: CRF 2023, Table3.B(a)s2. Only solid, liquid and other (deep litter) considered, adjusted to 100%. | Y8: NIR 2023, Table 5.10-5.14
A10: METHANE EMISSIONS
A11: Emission factors methane emissions
A12: Poultry, broilers, kg CH4 per animal per year | B12: 0.02 | C12: 0.02 | D12: 0.03 | E12: 0.03 | F12: 0.02 | G12: 0.021 | H12: 0.03 | I12: 0.028793856 | J12: 0.03 | K12: 0.027157269 | L12: 0.03 | O12: No data in CRF-table, assuming average | P12: CRF 2023, Table3.B(a)s1 | Q12: CRF 2023, Table3.B(a)s1 | R12: NIR, 2023. Table 5.17 | S12: CRF 2023, Table3.B(a)s1 | T12: CRF 2023, Table3.B(a)s1. 0,21 according to CRF-table. Assumed to have missed a zero, adjusted to 0,021 | U12: NIR, 2023. p. 245 | V12: CRF 2023, Table3.B(a)s1 | W12: CRF 2023, Table3.B(a)s1 | X12: NIR 2023, Table 5.3.3 | Y12: NIR 2022, Table 5.18
A14: NITROGEN EMISSIONS
A15: N excreted per animal
A16: N excreted, kg per head per year | B16: 0.47 | C16: 0.44843074 | D16: 0.66 | E16: 0.5 | F16: 0.7 | G16: 0.56 | H16: 0.48416412 | I16: 0.59901214 | J16: 0.72520483 | K16: 0.64 | L16: 0.6 | P16: CRF 2023, Table3.B(b) | Q16: CRF 2023, Table3.B(b) | R16: CRF 2023, Table3.B(b) | S16: NIR, 2023. Table 5.3.16 | T16: CRF 2023, Table3.B(b) | U16: CRF 2023, Table3.B(b) | V16: CRF 2023, Table3.B(b) | W16: CRF 2023, Table3.B(b) | X16: CRF 2023, Table3.B(b) | Y16: NIR 2022, Table 5.17
A17: Proportion of TAN | B17: 0.7 | C17: 0.7 | D17: 0.7 | E17: 0.7 | F17: 0.7 | G17: 0.7 | H17: 0.7 | I17: 0.7 | J17: 0.7 | K17: 0.7 | L17: 0.7 | N17: EMEP/EEA 2019. Table 3.9
A19: N excreted in different systems, kg per year
A20: Solid | B20: =B6*B$16 -> 0 | C20: =C6*C$16 -> 0 | D20: =D6*D$16 -> 0.66 | E20: =E6*E$16 -> 0.5 | F20: =F6*F$16 -> 0.14636619 | G20: =G6*G$16 -> 0 | H20: =H6*H$16 -> 0.47866009 | I20: =I6*I$16 -> 0.27645025 | ... L20: =L6*L$16 -> 0.5394
A21: Liquid | B21: =B7*B$16 -> 0 | C21: =C7*C$16 -> 0 | D21: =D7*D$16 -> 0 | E21: =E7*E$16 -> 0 | F21: =F7*F$16 -> 0.0004918691 | G21: =G7*G$16 -> 0 | H21: =H7*H$16 -> 0.0055040303 | I21: =I7*I$16 -> 0 | ... L21: =L7*L$16 -> 0.0414
A22: Deep litter | B22: =B8*B$16 -> 0.47 | C22: =C8*C$16 -> 0.44843074 | D22: =D8*D$16 -> 0 | E22: =E8*E$16 -> 0 | F22: =F8*F$16 -> 0.55314194 | G22: =G8*G$16 -> 0.56 | H22: =H8*H$16 -> 0 | I22: =I8*I$16 -> 0.32256189 | ... L22: =L8*L$16 -> 0.0192
A24: TAN excreted in different systems, kg per year, m_house, TAN
A25: Solid | B25: =B20*B$17 -> 0 | C25: =C20*C$17 -> 0 | D25: =D20*D$17 -> 0.462 | E25: =E20*E$17 -> 0.35 | F25: =F20*F$17 -> 0.10245633 | G25: =G20*G$17 -> 0 | H25: =H20*H$17 -> 0.33506206 | I25: =I20*I$17 -> 0.19351517 | ... L25: =L20*L$17 -> 0.37758
A26: Liquid | B26: =B21*B$18 -> 0 | C26: =C21*C$18 -> 0 | D26: =D21*D$18 -> 0 | E26: =E21*E$18 -> 0 | F26: =F21*F$18 -> 0 | G26: =G21*G$18 -> 0 | H26: =H21*H$18 -> 0 | I26: =I21*I$18 -> 0 | ... L26: =L21*L$18 -> 0
A27: Deep litter | B27: =B22*B$17 -> 0.329 | C27: =C22*C$17 -> 0.31390152 | D27: =D22*D$17 -> 0 | E27: =E22*E$17 -> 0 | F27: =F22*F$17 -> 0.38719936 | G27: =G22*G$17 -> 0.392 | H27: =H22*H$17 -> 0 | I27: =I22*I$17 -> 0.22579333 | ... L27: =L22*L$17 -> 0.01344
A29: Emissions from housing, kg NH3-N per year, E_house | N29: Step 6
A30: Solid | B30: =B25*B36 -> 0 | C30: =C25*C36 -> 0 | D30: =D25*D36 -> 0.0924 | E30: =E25*E36 -> 0.07 | F30: =F25*F36 -> 0.020491267 | G30: =G25*G36 -> 0 | H30: =H25*H36 -> 0.067012412 | I30: =I25*I36 -> 0.038703035 | ... L30: =L25*L36 -> 0.075516
A31: Liquid | B31: =B26*B37 -> 0 | C31: =C26*C37 -> 0 | D31: =D26*D37 -> 0 | E31: =E26*E37 -> 0 | F31: =F26*F37 -> 0 | G31: =G26*G37 -> 0 | H31: =H26*H37 -> 0 | I31: =I26*I37 -> 0 | ... L31: =L26*L37 -> 0
A32: Deep litter | B32: =B27*B36 -> 0.0658 | C32: =C27*C36 -> 0.062780303 | D32: =D27*D36 -> 0 | E32: =E27*E36 -> 0 | F32: =F27*F36 -> 0.077439872 | G32: =G27*G36 -> 0.0784 | H32: =H27*H36 -> 0 | I32: =I27*I36 -> 0.045158665 | ... L32: =L27*L36 -> 0.002688 | N32: Using EF for solid manure
A33: Total | B33: =SUM(B30:B32) -> 0.0658 | C33: =SUM(C30:C32) -> 0.062780303 | D33: =SUM(D30:D32) -> 0.0924 | E33: =SUM(E30:E32) -> 0.07 | F33: =SUM(F30:F32) -> 0.097931138 | G33: =SUM(G30:G32) -> 0.0784 | H33: =SUM(H30:H32) -> 0.067012412 | I33: =SUM(I30:I32) -> 0.0838617 | ... L33: =SUM(L30:L32) -> 0.078204
A34: Per kg egg&meat | B34: =B33/Production!B$14 -> 3.6337932e-05 | C34: =C33/Production!C$14 -> 3.4498673e-05 | D34: =D33/Production!D$14 -> 5.0971236e-05 | E34: =E33/Production!E$14 -> 4.8336054e-05 | F34: =F33/Production!F$14 -> 6.7622926e-05 | G34: =G33/Production!G$14 -> 4.0338034e-05 | H34: =H33/Production!H$14 -> 3.9935273e-05 | I34: =I33/Production!I$14 -> 5.3700647e-05 | ... L34: =L33/Production!L$14 -> 5.0077751e-05
A36: EF NH3-N housing solid | B36: 0.2 | C36: 0.2 | D36: 0.2 | E36: 0.2 | F36: 0.2 | G36: 0.2 | H36: 0.2 | I36: 0.2 | J36: 0.2 | K36: 0.2 | L36: 0.2 | N36: EMEP/EEA 2019. Table 3.9
A37: EF NH3-N housing slurry | B37: 0.41 | C37: 0.41 | D37: 0.41 | E37: 0.41 | F37: 0.41 | G37: 0.41 | H37: 0.41 | I37: 0.41 | J37: 0.41 | K37: 0.41 | L37: 0.41 | N37: EMEP/EEA 2019. Table 3.9
A39: Add bedding | N39: Step 7
A41: Remaining TAN after housing losses, kg per year, m_storage, TAN
A42: Solid | B42: =B25-B30 -> 0 | C42: =C25-C30 -> 0 | D42: =D25-D30 -> 0.3696 | E42: =E25-E30 -> 0.28 | F42: =F25-F30 -> 0.081965067 | G42: =G25-G30 -> 0 | H42: =H25-H30 -> 0.26804965 | I42: =I25-I30 -> 0.15481214 | ... L42: =L25-L30 -> 0.302064
A43: Liquid | B43: =B26-B31 -> 0 | C43: =C26-C31 -> 0 | D43: =D26-D31 -> 0 | E43: =E26-E31 -> 0 | F43: =F26-F31 -> 0 | G43: =G26-G31 -> 0 | H43: =H26-H31 -> 0 | I43: =I26-I31 -> 0 | ... L43: =L26-L31 -> 0
A44: Deep litter | B44: =B27-B32 -> 0.2632 | C44: =C27-C32 -> 0.25112121 | D44: =D27-D32 -> 0 | E44: =E27-E32 -> 0 | F44: =F27-F32 -> 0.30975949 | G44: =G27-G32 -> 0.3136 | H44: =H27-H32 -> 0 | I44: =I27-I32 -> 0.18063466 | ... L44: =L27-L32 -> 0.010752
A46: Modified TAN to account for org N mineralisation (only applies to liquid) | N46: Step 9
A47: Solid | B47: =B42 -> 0 | C47: =C42 -> 0 | D47: =D42 -> 0.3696 | E47: =E42 -> 0.28 | F47: =F42 -> 0.081965067 | G47: =G42 -> 0 | H47: =H42 -> 0.26804965 | I47: =I42 -> 0.15481214 | ... L47: =L42 -> 0.302064
A48: Liquid | B48: =B43+((B21-B26)*B51) -> 0 | C48: =C43+((C21-C26)*C51) -> 0 | D48: =D43+((D21-D26)*D51) -> 0 | E48: =E43+((E21-E26)*E51) -> 0 | F48: =F43+((F21-F26)*F51) -> 4.918691e-05 | G48: =G43+((G21-G26)*G51) -> 0 | H48: =H43+((H21-H26)*H51) -> 0.00055040303 | I48: =I43+((I21-I26)*I51) -> 0 | ... L48: =L43+((L21-L26)*L51) -> 0.00414
A49: Deep litter | B49: =B44 -> 0.2632 | C49: =C44 -> 0.25112121 | D49: =D44 -> 0 | E49: =E44 -> 0 | F49: =F44 -> 0.30975949 | G49: =G44 -> 0.3136 | H49: =H44 -> 0 | I49: =I44 -> 0.18063466 | ... L49: =L44 -> 0.010752
A51: f min | B51: 0.1 | C51: 0.1 | D51: 0.1 | E51: 0.1 | F51: 0.1 | G51: 0.1 | H51: 0.1 | I51: 0.1 | J51: 0.1 | K51: 0.1 | L51: 0.1 | N51: EMEP/EEA 2019, just below equ. 32
A53: Emission of NH3-N from storage, kg per year, E_storage_ammonia | N53: Step 10 | O53: Step 10 is emissions of NH3-N, N2O-N, NO-N and N2 but here they are split
A54: Solid | B54: =B47*B60 -> 0 | C54: =C47*C60 -> 0 | D54: =D47*D60 -> 0.029568 | E54: =E47*E60 -> 0.0224 | F54: =F47*F60 -> 0.0065572054 | G54: =G47*G60 -> 0 | H54: =H47*H60 -> 0.021443972 | I54: =I47*I60 -> 0.012384971 | ... L54: =L47*L60 -> 0.02416512
A55: Liquid | B55: =B48*B61 -> 0 | C55: =C48*C61 -> 0 | D55: =D48*D61 -> 0 | E55: =E48*E61 -> 0 | F55: =F48*F61 -> 6.8861674e-06 | G55: =G48*G61 -> 0 | H55: =H48*H61 -> 7.7056424e-05 | I55: =I48*I61 -> 0 | ... L55: =L48*L61 -> 0.0005796
A56: Deep litter | B56: =B49*B60 -> 0.021056 | C56: =C49*C60 -> 0.020089697 | D56: =D49*D60 -> 0 | E56: =E49*E60 -> 0 | F56: =F49*F60 -> 0.024780759 | G56: =G49*G60 -> 0.025088 | H56: =H49*H60 -> 0 | I56: =I49*I60 -> 0.014450773 | ... L56: =L49*L60 -> 0.00086016 | N56: Using EF for solid manure
A57: Total | B57: =SUM(B54:B56) -> 0.021056 | C57: =SUM(C54:C56) -> 0.020089697 | D57: =SUM(D54:D56) -> 0.029568 | E57: =SUM(E54:E56) -> 0.0224 | F57: =SUM(F54:F56) -> 0.03134485 | G57: =SUM(G54:G56) -> 0.025088 | H57: =SUM(H54:H56) -> 0.021521028 | I57: =SUM(I54:I56) -> 0.026835744 | ... L57: =SUM(L54:L56) -> 0.02560488
A58: Per kg egg&meat | B58: =B57/Production!B$14 -> 1.1628138e-05 | C58: =C57/Production!C$14 -> 1.1039575e-05 | D58: =D57/Production!D$14 -> 1.6310796e-05 | E58: =E57/Production!E$14 -> 1.5467537e-05 | F58: =F57/Production!F$14 -> 2.1644091e-05 | G58: =G57/Production!G$14 -> 1.2908171e-05 | H58: =H57/Production!H$14 -> 1.2825208e-05 | I58: =I57/Production!I$14 -> 1.7184207e-05 | ... L58: =L57/Production!L$14 -> 1.6396026e-05
A60: EF NH3-N storage solid | B60: 0.08 | C60: 0.08 | D60: 0.08 | E60: 0.08 | F60: 0.08 | G60: 0.08 | H60: 0.08 | I60: 0.08 | J60: 0.08 | K60: 0.08 | L60: 0.08 | N60: EMEP/EEA 2019. Table 3.9
A61: EF NH3-N storage slurry | B61: 0.14 | C61: 0.14 | D61: 0.14 | E61: 0.14 | F61: 0.14 | G61: 0.14 | H61: 0.14 | I61: 0.14 | J61: 0.14 | K61: 0.14 | L61: 0.14 | N61: EMEP/EEA 2019. Table 3.9
A63: Emission of N2O-N from storage, kg per year, E_storage_N2O
A64: Solid | B64: =B47*B70 -> 0 | C64: =C47*C70 -> 0 | D64: =D47*D70 -> 0.0007392 | E64: =E47*E70 -> 0.00056 | F64: =F47*F70 -> 0.00016393013 | G64: =G47*G70 -> 0 | H64: =H47*H70 -> 0.0005360993 | I64: =I47*I70 -> 0.00030962428 | ... L64: =L47*L70 -> 0.000604128
A65: Liquid | B65: =B48*B71 -> 0 | C65: =C48*C71 -> 0 | D65: =D48*D71 -> 0 | E65: =E48*E71 -> 0 | F65: =F48*F71 -> 4.918691e-07 | G65: =G48*G71 -> 0 | H65: =H48*H71 -> 5.5040303e-06 | I65: =I48*I71 -> 0 | ... L65: =L48*L71 -> 4.14e-05
A66: Deep litter | B66: =B49*B70 -> 0.0005264 | C66: =C49*C70 -> 0.00050224243 | D66: =D49*D70 -> 0 | E66: =E49*E70 -> 0 | F66: =F49*F70 -> 0.00061951897 | G66: =G49*G70 -> 0.0006272 | H66: =H49*H70 -> 0 | I66: =I49*I70 -> 0.00036126932 | ... L66: =L49*L70 -> 2.1504e-05
A67: Total | B67: =SUM(B64:B66) -> 0.0005264 | C67: =SUM(C64:C66) -> 0.00050224243 | D67: =SUM(D64:D66) -> 0.0007392 | E67: =SUM(E64:E66) -> 0.00056 | F67: =SUM(F64:F66) -> 0.00078394098 | G67: =SUM(G64:G66) -> 0.0006272 | H67: =SUM(H64:H66) -> 0.00054160333 | I67: =SUM(I64:I66) -> 0.0006708936 | ... L67: =SUM(L64:L66) -> 0.000667032
A68: Per kg egg&meat | B68: =B67/Production!B$14 -> 2.9070345e-07 | C68: =C67/Production!C$14 -> 2.7598939e-07 | D68: =D67/Production!D$14 -> 4.0776989e-07 | E68: =E67/Production!E$14 -> 3.8668843e-07 | F68: =F67/Production!F$14 -> 5.4132305e-07 | G68: =G67/Production!G$14 -> 3.2270427e-07 | H68: =H67/Production!H$14 -> 3.2276225e-07 | I68: =I67/Production!I$14 -> 4.2960517e-07 | ... L68: =L67/Production!L$14 -> 4.2713241e-07
A70: EF N2O-N storage solid | B70: 0.002 | C70: 0.002 | D70: 0.002 | E70: 0.002 | F70: 0.002 | G70: 0.002 | H70: 0.002 | I70: 0.002 | J70: 0.002 | K70: 0.002 | L70: 0.002 | N70: EMEP/EEA 2019. Table 3.8, Layer manure heaps, solid | S70: Här verkar alla använda litet olika och det slår ganska mycket
A71: EF N2O-N storage slurry | B71: 0.01 | C71: 0.01 | D71: 0.01 | E71: 0.01 | F71: 0.01 | G71: 0.01 | H71: 0.01 | I71: 0.01 | J71: 0.01 | K71: 0.01 | L71: 0.01 | N71: EMEP/EEA 2019. Table 3.8, Cattle slurry with natural crust
A73: Emission of NO and N2 from storage, kg per year, E_storage_NO and N2
A74: Solid | B74: =B47*(B78+B80) -> 0 | C74: =C47*(C78+C80) -> 0 | D74: =D47*(D78+D80) -> 0.114576 | E74: =E47*(E78+E80) -> 0.0868 | F74: =F47*(F78+F80) -> 0.025409171 | G74: =G47*(G78+G80) -> 0 | H74: =H47*(H78+H80) -> 0.083095391 | I74: =I47*(I78+I80) -> 0.047991763 | ... L74: =L47*(L78+L80) -> 0.09363984
A75: Liquid | B75: =B48*(B79+B81) -> 0 | C75: =C48*(C79+C81) -> 0 | D75: =D48*(D79+D81) -> 0 | E75: =E48*(E79+E81) -> 0 | F75: =F48*(F79+F81) -> 1.5247942e-07 | G75: =G48*(G79+G81) -> 0 | H75: =H48*(H79+H81) -> 1.7062494e-06 | I75: =I48*(I79+I81) -> 0 | ... L75: =L48*(L79+L81) -> 1.2834e-05
A76: Deep litter | B76: =B49*(B78+B80) -> 0.081592 | C76: =C49*(C78+C80) -> 0.077847576 | D76: =D49*(D78+D80) -> 0 | E76: =E49*(E78+E80) -> 0 | F76: =F49*(F78+F80) -> 0.096025441 | G76: =G49*(G78+G80) -> 0.097216 | H76: =H49*(H78+H80) -> 0 | I76: =I49*(I78+I80) -> 0.055996745 | ... L76: =L49*(L78+L80) -> 0.00333312
A78: EF NO storage solid | B78: 0.01 | C78: 0.01 | D78: 0.01 | E78: 0.01 | F78: 0.01 | G78: 0.01 | H78: 0.01 | I78: 0.01 | J78: 0.01 | K78: 0.01 | L78: 0.01 | N78: EMEP/EEA 2019. Table 3.10
A79: EF NO storage slurry | B79: 0.0001 | C79: 0.0001 | D79: 0.0001 | E79: 0.0001 | F79: 0.0001 | G79: 0.0001 | H79: 0.0001 | I79: 0.0001 | J79: 0.0001 | K79: 0.0001 | L79: 0.0001 | N79: EMEP/EEA 2019. Table 3.10
A80: EF N2 storage solid | B80: 0.3 | C80: 0.3 | D80: 0.3 | E80: 0.3 | F80: 0.3 | G80: 0.3 | H80: 0.3 | I80: 0.3 | J80: 0.3 | K80: 0.3 | L80: 0.3 | N80: EMEP/EEA 2019. Table 3.10
A81: EF N2 storage slurry | B81: 0.003 | C81: 0.003 | D81: 0.003 | E81: 0.003 | F81: 0.003 | G81: 0.003 | H81: 0.003 | I81: 0.003 | J81: 0.003 | K81: 0.003 | L81: 0.003 | N81: EMEP/EEA 2019. Table 3.10
A83: Remaining TAN after storage losses, kg per year, m_applic, TAN
A84: Solid | B84: =B47-B54-B64-B74 -> 0 | C84: =C47-C54-C64-C74 -> 0 | D84: =D47-D54-D64-D74 -> 0.2247168 | E84: =E47-E54-E64-E74 -> 0.17024 | F84: =F47-F54-F64-F74 -> 0.049834761 | G84: =G47-G54-G64-G74 -> 0 | H84: =H47-H54-H64-H74 -> 0.16297419 | I84: =I47-I54-I64-I74 -> 0.094125781 | ... L84: =L47-L54-L64-L74 -> 0.18365491
A85: Liquid | B85: =B48-B55-B65-B75 -> 0 | C85: =C48-C55-C65-C75 -> 0 | D85: =D48-D55-D65-D75 -> 0 | E85: =E48-E55-E65-E75 -> 0 | F85: =F48-F55-F65-F75 -> 4.1656394e-05 | G85: =G48-G55-G65-G75 -> 0 | H85: =H48-H55-H65-H75 -> 0.00046613632 | I85: =I48-I55-I65-I75 -> 0 | ... L85: =L48-L55-L65-L75 -> 0.003506166
A86: Deep litter | B86: =B49-B56-B66-B76 -> 0.1600256 | C86: =C49-C56-C66-C76 -> 0.1526817 | D86: =D49-D56-D66-D76 -> 0 | E86: =E49-E56-E66-E76 -> 0 | F86: =F49-F56-F66-F76 -> 0.18833377 | G86: =G49-G56-G66-G76 -> 0.1906688 | H86: =H49-H56-H66-H76 -> 0 | I86: =I49-I56-I66-I76 -> 0.10982587 | ... L86: =L49-L56-L66-L76 -> 0.006537216
A88: Emission of NH3-N from application, kg per year, E_application_ammonia | N88: Step 12
A89: Solid | B89: =B84*B95 -> 0 | C89: =C84*C95 -> 0 | D89: =D84*D95 -> 0.10112256 | E89: =E84*E95 -> 0.076608 | F89: =F84*F95 -> 0.022425642 | G89: =G84*G95 -> 0 | H89: =H84*H95 -> 0.073338384 | I89: =I84*I95 -> 0.042356601 | ... L89: =L84*L95 -> 0.08264471
A90: Liquid | B90: =B85*B96 -> 0 | C90: =C85*C96 -> 0 | D90: =D85*D96 -> 0 | E90: =E85*E96 -> 0 | F90: =F85*F96 -> 2.8742912e-05 | G90: =G85*G96 -> 0 | H90: =H85*H96 -> 0.00032163406 | I90: =I85*I96 -> 0 | ... L90: =L85*L96 -> 0.0024192545
A91: Deep litter | B91: =B86*B95 -> 0.07201152 | C91: =C86*C95 -> 0.068706764 | D91: =D86*D95 -> 0 | E91: =E86*E95 -> 0 | F91: =F86*F95 -> 0.084750195 | G91: =G86*G95 -> 0.08580096 | H91: =H86*H95 -> 0 | I91: =I86*I95 -> 0.049421643 | ... L91: =L86*L95 -> 0.0029417472
A92: Total | B92: =SUM(B89:B91) -> 0.07201152 | C92: =SUM(C89:C91) -> 0.068706764 | D92: =SUM(D89:D91) -> 0.10112256 | E92: =SUM(E89:E91) -> 0.076608 | F92: =SUM(F89:F91) -> 0.10720458 | G92: =SUM(G89:G91) -> 0.08580096 | H92: =SUM(H89:H91) -> 0.073660018 | I92: =SUM(I89:I91) -> 0.091778244 | ... L92: =SUM(L89:L91) -> 0.088005712
A93: Per kg of egg&meat | B93: =B92/Production!B$14 -> 3.9768232e-05 | C93: =C92/Production!C$14 -> 3.7755348e-05 | D93: =D92/Production!D$14 -> 5.5782921e-05 | E93: =E92/Production!E$14 -> 5.2898978e-05 | F93: =F92/Production!F$14 -> 7.4026377e-05 | G93: =G92/Production!G$14 -> 4.4145944e-05 | H93: =H92/Production!H$14 -> 4.3896837e-05 | I93: =I92/Production!I$14 -> 5.8769988e-05 | ... L93: =L92/Production!L$14 -> 5.6354255e-05
A95: EF NH3-N application solid | B95: 0.45 | C95: 0.45 | D95: 0.45 | E95: 0.45 | F95: 0.45 | G95: 0.45 | H95: 0.45 | I95: 0.45 | J95: 0.45 | K95: 0.45 | L95: 0.45 | N95: EMEP/EEA 2019. Table 3.9
A96: EF NH3-N application slurry | B96: 0.69 | C96: 0.69 | D96: 0.69 | E96: 0.69 | F96: 0.69 | G96: 0.69 | H96: 0.69 | I96: 0.69 | J96: 0.69 | K96: 0.69 | L96: 0.69 | N96: EMEP/EEA 2019. Table 3.9
A97: EF N2O volatilization | B97: 0.01 | C97: 0.01 | D97: 0.01 | E97: 0.01 | F97: 0.01 | G97: 0.01 | H97: 0.01 | I97: 0.01 | J97: 0.01 | K97: 0.01 | L97: 0.01 | N97: IPCC, 2019
A99: Remaining TAN after application losses, kg per year, m_returned, TAN
A100: Solid | B100: =B84-B89 -> 0 | C100: =C84-C89 -> 0 | D100: =D84-D89 -> 0.12359424 | E100: =E84-E89 -> 0.093632 | F100: =F84-F89 -> 0.027409118 | G100: =G84-G89 -> 0 | H100: =H84-H89 -> 0.089635803 | I100: =I84-I89 -> 0.051769179 | ... L100: =L84-L89 -> 0.1010102
A101: Liquid | B101: =B85-B90 -> 0 | C101: =C85-C90 -> 0 | D101: =D85-D90 -> 0 | E101: =E85-E90 -> 0 | F101: =F85-F90 -> 1.2913482e-05 | G101: =G85-G90 -> 0 | H101: =H85-H90 -> 0.00014450226 | I101: =I85-I90 -> 0 | ... L101: =L85-L90 -> 0.0010869115
A102: Deep litter | B102: =B86-B91 -> 0.08801408 | C102: =C86-C91 -> 0.083974934 | D102: =D86-D91 -> 0 | E102: =E86-E91 -> 0 | F102: =F86-F91 -> 0.10358357 | G102: =G86-G91 -> 0.10486784 | H102: =H86-H91 -> 0 | I102: =I86-I91 -> 0.06040423 | ... L102: =L86-L91 -> 0.0035954688
A104: Total losses, kg N per year
A105: Solid | B105: =B30+B54+B64+B74+B89 -> 0 | C105: =C30+C54+C64+C74+C89 -> 0 | D105: =D30+D54+D64+D74+D89 -> 0.33840576 | E105: =E30+E54+E64+E74+E89 -> 0.256368 | F105: =F30+F54+F64+F74+F89 -> 0.075047216 | G105: =G30+G54+G64+G74+G89 -> 0 | H105: =H30+H54+H64+H74+H89 -> 0.24542626 | I105: =I30+I54+I64+I74+I89 -> 0.14174599 | ... L105: =L30+L54+L64+L74+L89 -> 0.2765698
A106: Liquid | B106: =B31+B55+B65+B75+B90 -> 0 | C106: =C31+C55+C65+C75+C90 -> 0 | D106: =D31+D55+D65+D75+D90 -> 0 | E106: =E31+E55+E65+E75+E90 -> 0 | F106: =F31+F55+F65+F75+F90 -> 3.6273428e-05 | G106: =G31+G55+G65+G75+G90 -> 0 | H106: =H31+H55+H65+H75+H90 -> 0.00040590077 | I106: =I31+I55+I65+I75+I90 -> 0 | ... L106: =L31+L55+L65+L75+L90 -> 0.0030530885
A107: Deep litter | B107: =B32+B56+B66+B76+B91 -> 0.24098592 | C107: =C32+C56+C66+C76+C91 -> 0.22992658 | D107: =D32+D56+D66+D76+D91 -> 0 | E107: =E32+E56+E66+E76+E91 -> 0 | F107: =F32+F56+F66+F76+F91 -> 0.28361579 | G107: =G32+G56+G66+G76+G91 -> 0.28713216 | H107: =H32+H56+H66+H76+H91 -> 0 | I107: =I32+I56+I66+I76+I91 -> 0.16538909 | ... L107: =L32+L56+L66+L76+L91 -> 0.0098445312
A108: Fraction of applied that is lost: | B108: =B105/B20 -> #DIV/0! | C108: =C105/C20 -> #DIV/0! | D108: =D105/D20 -> 0.512736 | E108: =E105/E20 -> 0.512736 | F108: =F105/F20 -> 0.512736 | G108: =G105/G20 -> #DIV/0! | H108: =H105/H20 -> 0.512736 | I108: =I105/I20 -> 0.512736 | ... L108: =L105/L20 -> 0.512736
B109: =B106/B21 -> #DIV/0! | C109: =C106/C21 -> #DIV/0! | D109: =D106/D21 -> #DIV/0! | E109: =E106/E21 -> #DIV/0! | F109: =F106/F21 -> 0.0737461 | G109: =G106/G21 -> #DIV/0! | H109: =H106/H21 -> 0.0737461 | I109: =I106/I21 -> #DIV/0! | ... L109: =L106/L21 -> 0.0737461
B110: =B107/B22 -> 0.512736 | C110: =C107/C22 -> 0.512736 | D110: =D107/D22 -> #DIV/0! | E110: =E107/E22 -> #DIV/0! | F110: =F107/F22 -> 0.512736 | G110: =G107/G22 -> 0.512736 | H110: =H107/H22 -> #DIV/0! | I110: =I107/I22 -> 0.512736 | ... L110: =L107/L22 -> 0.512736
A112: Remaining total-N after losses, kg per year
A113: Solid | B113: =B20-B105 -> 0 | C113: =C20-C105 -> 0 | D113: =D20-D105 -> 0.32159424 | E113: =E20-E105 -> 0.243632 | F113: =F20-F105 -> 0.071318976 | G113: =G20-G105 -> 0 | H113: =H20-H105 -> 0.23323383 | I113: =I20-I105 -> 0.13470425 | ... L113: =L20-L105 -> 0.2628302
A114: Liquid | B114: =B21-B106 -> 0 | C114: =C21-C106 -> 0 | D114: =D21-D106 -> 0 | E114: =E21-E106 -> 0 | F114: =F21-F106 -> 0.00045559567 | G114: =G21-G106 -> 0 | H114: =H21-H106 -> 0.0050981295 | I114: =I21-I106 -> 0 | ... L114: =L21-L106 -> 0.038346911
A115: Deep litter | B115: =B22-B107 -> 0.22901408 | C115: =C22-C107 -> 0.21850416 | D115: =D22-D107 -> 0 | E115: =E22-E107 -> 0 | F115: =F22-F107 -> 0.26952615 | G115: =G22-G107 -> 0.27286784 | H115: =H22-H107 -> 0 | I115: =I22-I107 -> 0.1571728 | ... L115: =L22-L107 -> 0.0093554688
A116: Total returned to soils: | B116: =SUM(B113:B115) -> 0.22901408 | C116: =SUM(C113:C115) -> 0.21850416 | D116: =SUM(D113:D115) -> 0.32159424 | E116: =SUM(E113:E115) -> 0.243632 | F116: =SUM(F113:F115) -> 0.34130073 | G116: =SUM(G113:G115) -> 0.27286784 | H116: =SUM(H113:H115) -> 0.23833196 | I116: =SUM(I113:I115) -> 0.29187705 | ... L116: =SUM(L113:L115) -> 0.31053258
A118: Remaining total-N per kg of food
A119: Excreted N after losses, kg N per kg of egg&meat | B119: =B116/Production!B$14 -> 0.00012647261 | C119: =C116/Production!C$14 -> 0.00012007115 | D119: =D116/Production!D$14 -> 0.0001774032 | E119: =E116/Production!E$14 -> 0.00016823157 | F119: =F116/Production!F$14 -> 0.00023567329 | G119: =G116/Production!G$14 -> 0.0001403948 | H119: =H116/Production!H$14 -> 0.00014203118 | I119: =I116/Production!I$14 -> 0.0001869028 | ... L119: =L116/Production!L$14 -> 0.00019884882
A121: Ammonia emissions
A122: Ammonia emissions, kg NH3 per kg of egg&meat | B122: =(B34+B58+B93)*17/14 -> 0.00010653451 | C122: =(C34+C58+C93)*17/14 -> 0.00010114222 | D122: =(D34+D58+D93)*17/14 -> 0.00014943601 | E122: =(E34+E58+E93)*17/14 -> 0.00014171026 | F122: =(F34+F58+F93)*17/14 -> 0.00019828484 | G122: =(G34+G58+G93)*17/14 -> 0.00011826189 | H122: =(H34+H58+H93)*17/14 -> 0.0001173696 | I122: =(I34+I58+I93)*17/14 -> 0.00015743802 | ... L122: =(L34+L58+L93)*17/14 -> 0.00014914833

Sheet CO2 per kg feed
A2: Emissions of CO2 from feed crops (per kg of crop) | G2: Columns A-M copied straight from RPC filerna | Q2: Shares from Karlsson et al.
A4: Crops | F4: Sum | G4: Inputs | I4: Soil emissions | K4: Energy use | O4: Land use change | P4: Feed processing | Q4: Transports | R4: Share
A5: Code | B5: Crops | C5: Categories | D5: Country | E5: Country code | G5: Production of mineral fertilizer | H5: Production of capital goods | I5: Direct emissions | J5: Indirect emissions | K5: Diesel use field mach | L5: Energy use in greenhouses | M5: Energy use for irrigation | N5: Energy use for post-harvest proc | O5: LUC emissions | P5: Energy use feed processing | Q5: Transports of feed
A6: 0115 | B6: Barley, average | C6: Cereals, incl feed | D6: Denmark | E6: DK | F6: =SUM(G6:Q6) -> 0.19835269 | G6: 0.095923455 | H6: 0.027 | I6: 0 | K6: 0.033556503 | L6: 0 | M6: 0 | N6: 0.040440241 | O6: 0.0014324889 | R6: ='Parameters, country spec'!B15 -> 0.16402989
A7: 0112 | B7: Maize (corn) | C7: Cereals, incl feed | D7: Denmark | E7: DK | F7: =SUM(G7:Q7) -> 0.11879103 | G7: 0.018958167 | H7: 0.027 | I7: 0 | K7: 0.024386626 | L7: 0 | M7: 0 | N7: 0.040440241 | O7: 0.0080059927 | R7: ='Parameters, country spec'!B16 -> 0.26979048
A8: 0117 | B8: Oats | C8: Cereals, incl feed | D8: Denmark | E8: DK | F8: =SUM(G8:Q8) -> 0.21014937 | G8: 0.093216391 | H8: 0.027 | I8: 0 | K8: 0.036803933 | L8: 0 | M8: 4.9511764e-07 | N8: 0.040440241 | O8: 0.012688314 | R8: ='Parameters, country spec'!B17 -> 0.018587387
A9: 0116 | B9: Rye | C9: Cereals, incl feed | D9: Denmark | E9: DK | F9: =SUM(G9:Q9) -> 0.19028117 | G9: 0.079062198 | H9: 0.027 | I9: 0 | K9: 0.032116033 | L9: 0 | M9: 0.00018594205 | N9: 0.040440241 | O9: 0.011476756 | R9: ='Parameters, country spec'!B18 -> 0.0028544698
A10: 0111 | B10: Wheat, average | C10: Cereals, incl feed | D10: Denmark | E10: DK | F10: =SUM(G10:Q10) -> 0.17213603 | G10: 0.078082583 | H10: 0.027 | I10: 0 | K10: 0.025110163 | L10: 0 | M10: 0.00014697676 | N10: 0.040440241 | O10: 0.0013560694 | R10: ='Parameters, country spec'!B19 -> 0.39960951
A11: 01705 | B11: Peas, dry | C11: Pulses, incl feed | D11: Denmark | E11: DK | F11: =SUM(G11:Q11) -> 0.1664918 | G11: 0 | H11: 0.027 | I11: 0 | K11: 0.049539466 | L11: 0 | M11: 0.014256863 | N11: 0.040440241 | O11: 0.035255227 | R11: ='Parameters, country spec'!B20 -> 0
A12: 01702 | B12: Broad beans and horse beans, dry | C12: Pulses, incl feed | D12: Denmark | E12: DK | F12: =SUM(G12:Q12) -> 0.2328017 | G12: 0 | H12: 0.027 | I12: 0 | K12: 0.046022206 | L12: 0 | M12: 0.019421122 | N12: 0.040440241 | O12: 0.099918133 | R12: ='Parameters, country spec'!B21 -> 0
B13: Rape seed cake | C13: Protein feed | D13: France, Germany, Poland | F13: =SUM(G13:Q13) -> 0.27085685 | G13: ='Off-farm feed'!$F$74 -> 0.11176753 | H13: ='Off-farm feed'!$G$74 -> 0.013034483 | I13: ='Off-farm feed'!$H$74 -> 0 | K13: ='Off-farm feed'!$J$74 -> 0.02468874 | M13: ='Off-farm feed'!$L$74 -> 0.00019317593 | N13: ='Off-farm feed'!$M$74 -> 0.036802129 | O13: ='Off-farm feed'!$N$74 -> 0 | P13: ='Off-farm feed'!$O$74 -> 0.021170792 | Q13: ='Off-farm feed'!$P$74 -> 0.0632 | R13: ='Parameters, country spec'!B22 -> 0.043850785
B14: Soy bean meal | C14: Protein feed | D14: Brazil, Argentina | F14: =SUM(G14:Q14) -> 0.70611717 | G14: ='Off-farm feed'!$F$23 -> 0.0072632671 | H14: ='Off-farm feed'!$G$23 -> 0.021402439 | I14: ='Off-farm feed'!$H$23 -> 0 | K14: ='Off-farm feed'!$J$23 -> 0.04308362 | M14: ='Off-farm feed'!$L$23 -> 0.0001784206 | N14: ='Off-farm feed'!$M$23 -> 0.030432605 | O14: ='Off-farm feed'!$N$23 -> 0.3176112 | P14: ='Off-farm feed'!$O$23 -> 0.035145617 | Q14: ='Off-farm feed'!$P$23 -> 0.251 | R14: ='Parameters, country spec'!B23 -> 0.039507741
B15: By-products | C15: By-product | D15: Denmark | E15: DK | F15: =SUM(G15:Q15) -> 0.12305824 | G15: 0.0070274324 | H15: 0.00243 | K15: 0.0022599147 | L15: 0 | M15: 1.3227908e-05 | N15: 0.0036396217 | O15: 0.00012204625 | P15: 0.10250525 | Q15: 0.0050607419 | R15: ='Parameters, country spec'!B24 -> 0.036206797
B16: Other, feed | C16: Feed, other | D16: Denmark | E16: DK | F16: =SUM(G16:Q16) -> 0.15641302 | G16: =AVERAGE(G6:G14) -> 0.053808177 | H16: =AVERAGE(H6:H14) -> 0.024826325 | I16: =AVERAGE(I6:I14) -> 0 | K16: =AVERAGE(K6:K14) -> 0.035034143 | M16: =AVERAGE(M6:M14) -> 0.0038203328 | N16: =AVERAGE(N6:N14) -> 0.038924047 | R16: ='Parameters, country spec'!B25 -> 0.025562943
B17: Total for the feed mix: | F17: =SUMPRODUCT(F6:F16,$R$6:$R$16) -> 0.18604923 | G17: =SUMPRODUCT(G6:G16,$R$6:$R$16) -> 0.060827905 | H17: =SUMPRODUCT(H6:H16,$R$6:$R$16) -> 0.025221288 | I17: =SUMPRODUCT(I6:I16,$R$6:$R$16) -> 0 | J17: =SUMPRODUCT(J6:J16,$R$6:$R$16) -> 0 | K17: =SUMPRODUCT(K6:K16,$R$6:$R$16) -> 0.026655729 | L17: =SUMPRODUCT(L6:L16,$R$6:$R$16) -> 0 | M17: =SUMPRODUCT(M6:M16,$R$6:$R$16) -> 0.00017293108 | ... Q17: =SUMPRODUCT(Q6:Q16,$R$6:$R$16) -> 0.012871046
A18: 0115 | B18: Barley, average | C18: Cereals, incl feed | D18: France | E18: FR | F18: =SUM(G18:Q18) -> 0.1455417 | G18: 0.050091678 | H18: 0.027 | I18: 0 | K18: 0.03225115 | L18: 0 | M18: 2.1417223e-07 | N18: 0.034771854 | O18: 0.0014268037 | R18: ='Parameters, country spec'!C15 -> 0.16402989
A19: 0112 | B19: Maize (corn) | C19: Cereals, incl feed | D19: France | E19: FR | F19: =SUM(G19:Q19) -> 0.13477268 | G19: 0.04738293 | H19: 0.027 | I19: 0 | K19: 0.018104397 | L19: 0 | M19: 0.0032045298 | N19: 0.034771854 | O19: 0.0043089643 | R19: ='Parameters, country spec'!C16 -> 0.26979048
A20: 0117 | B20: Oats | C20: Cereals, incl feed | D20: France | E20: FR | F20: =SUM(G20:Q20) -> 0.17820547 | G20: 0.055122445 | H20: 0.027 | I20: 0 | K20: 0.044773172 | L20: 0 | M20: 0.0012132968 | N20: 0.034771854 | O20: 0.015324703 | R20: ='Parameters, country spec'!C17 -> 0.018587387
A21: 0116 | B21: Rye | C21: Cereals, incl feed | D21: France | E21: FR | F21: =SUM(G21:Q21) -> 0.23086932 | G21: 0.07379545 | H21: 0.027 | I21: 0 | K21: 0.04701062 | L21: 0 | M21: 2.7598697e-05 | N21: 0.034771854 | O21: 0.048263793 | R21: ='Parameters, country spec'!C18 -> 0.0028544698
A22: 0111 | B22: Wheat, average | C22: Cereals, incl feed | D22: France | E22: FR | F22: =SUM(G22:Q22) -> 0.16491186 | G22: 0.072003559 | H22: 0.027 | I22: 0 | K22: 0.028481969 | L22: 0 | M22: 1.7811291e-05 | N22: 0.034771854 | O22: 0.0026366702 | R22: ='Parameters, country spec'!C19 -> 0.39960951
A23: 01705 | B23: Peas, dry | C23: Pulses, incl feed | D23: France | E23: FR | F23: =SUM(G23:Q23) -> 0.1463681 | G23: 0 | H23: 0.027 | I23: 0 | K23: 0.059912818 | L23: 0 | M23: 0.0046529168 | N23: 0.034771854 | O23: 0.020030514 | R23: ='Parameters, country spec'!C20 -> 0
A24: 01702 | B24: Broad beans and horse beans, dry | C24: Pulses, incl feed | D24: France | E24: FR | F24: =SUM(G24:Q24) -> 0.17963284 | G24: 0.0026496131 | H24: 0.027 | I24: 0 | K24: 0.073497297 | L24: 0 | M24: 0.0053099924 | N24: 0.034771854 | O24: 0.036404087 | R24: ='Parameters, country spec'!C21 -> 0
B25: Rape seed cake | C25: Protein feed | D25: France, Germany, Poland | F25: =SUM(G25:Q25) -> 0.27085685 | G25: ='Off-farm feed'!$F$74 -> 0.11176753 | H25: ='Off-farm feed'!$G$74 -> 0.013034483 | I25: ='Off-farm feed'!$H$74 -> 0 | K25: ='Off-farm feed'!$J$74 -> 0.02468874 | M25: ='Off-farm feed'!$L$74 -> 0.00019317593 | N25: ='Off-farm feed'!$M$74 -> 0.036802129 | O25: ='Off-farm feed'!$N$74 -> 0 | P25: ='Off-farm feed'!$O$74 -> 0.021170792 | Q25: ='Off-farm feed'!$P$74 -> 0.0632 | R25: ='Parameters, country spec'!C22 -> 0.043850785
B26: Soy bean meal | C26: Protein feed | D26: Brazil, Argentina | F26: =SUM(G26:Q26) -> 0.70611717 | G26: ='Off-farm feed'!$F$23 -> 0.0072632671 | H26: ='Off-farm feed'!$G$23 -> 0.021402439 | I26: ='Off-farm feed'!$H$23 -> 0 | K26: ='Off-farm feed'!$J$23 -> 0.04308362 | M26: ='Off-farm feed'!$L$23 -> 0.0001784206 | N26: ='Off-farm feed'!$M$23 -> 0.030432605 | O26: ='Off-farm feed'!$N$23 -> 0.3176112 | P26: ='Off-farm feed'!$O$23 -> 0.035145617 | Q26: ='Off-farm feed'!$P$23 -> 0.251 | R26: ='Parameters, country spec'!C23 -> 0.039507741
B27: By-products | C27: By-product | D27: France | E27: FR | F27: =SUM(G27:Q27) -> 0.12240806 | G27: 0.0064803203 | H27: 0.00243 | K27: 0.0025633772 | L27: 0 | M27: 1.6030162e-06 | N27: 0.0031294669 | O27: 0.00023730031 | P27: 0.10250525 | Q27: 0.0050607419 | R27: ='Parameters, country spec'!C24 -> 0.036206797
B28: Other, feed | C28: Feed, other | D28: France | E28: FR | F28: =SUM(G28:Q28) -> 0.14897254 | G28: =AVERAGE(G18:G26) -> 0.046675164 | H28: =AVERAGE(H18:H26) -> 0.024826325 | I28: =AVERAGE(I18:I26) -> 0 | K28: =AVERAGE(K18:K26) -> 0.041311531 | M28: =AVERAGE(M18:M26) -> 0.0016442174 | N28: =AVERAGE(N18:N26) -> 0.034515301 | R28: ='Parameters, country spec'!C25 -> 0.025562943
B29: Total for the feed mix: | F29: =SUMPRODUCT(F18:F28,$R$18:$R$28) -> 0.17811987 | G29: =SUMPRODUCT(G18:G28,$R$18:$R$28) -> 0.057624367 | H29: =SUMPRODUCT(H18:H28,$R$18:$R$28) -> 0.025221288 | I29: =SUMPRODUCT(I18:I28,$R$18:$R$28) -> 0 | K29: =SUMPRODUCT(K18:K28,$R$18:$R$28) -> 0.026456232 | M29: =SUMPRODUCT(M18:M28,$R$18:$R$28) -> 0.0009519441 | N29: =SUMPRODUCT(N18:N28,$R$18:$R$28) -> 0.033537221 | O29: =SUMPRODUCT(O18:O28,$R$18:$R$28) -> 0.015429501 | P29: =SUMPRODUCT(P18:P28,R18:R28) -> 0.0060282666 | Q29: =SUMPRODUCT(Q18:Q28,$R$18:$R$28) -> 0.012871046
A30: 0115 | B30: Barley, average | C30: Cereals, incl feed | D30: Germany | E30: DE | F30: =SUM(G30:Q30) -> 0.14473841 | G30: 0.04498095 | H30: 0.027 | I30: 0 | K30: 0.028702991 | L30: 0 | M30: 3.2642286e-05 | N30: 0.042299668 | O30: 0.00172216 | R30: ='Parameters, country spec'!D15 -> 0.14354403
A31: 0112 | B31: Maize (corn) | C31: Cereals, incl feed | D31: Germany | E31: DE | F31: =SUM(G31:Q31) -> 0.13403162 | G31: 0.044060211 | H31: 0.027 | I31: 0 | K31: 0.016685054 | L31: 0 | M31: 0.00053992502 | N31: 0.042299668 | O31: 0.0034467573 | R31: ='Parameters, country spec'!D16 -> 0.21371118
A32: 0117 | B32: Oats | C32: Cereals, incl feed | D32: Germany | E32: DE | F32: =SUM(G32:Q32) -> 0.21056372 | G32: 0.053373618 | H32: 0.027 | I32: 0 | K32: 0.042966991 | L32: 0 | M32: 2.3078315e-05 | N32: 0.042299668 | O32: 0.044900364 | R32: ='Parameters, country spec'!D17 -> 2.8572983e-05
A33: 0116 | B33: Rye | C33: Cereals, incl feed | D33: Germany | E33: DE | F33: =SUM(G33:Q33) -> 0.18078165 | G33: 0.058746625 | H33: 0.027 | I33: 0 | K33: 0.037090973 | L33: 0 | M33: 1.0681729e-09 | N33: 0.042299668 | O33: 0.015644387 | R33: ='Parameters, country spec'!D18 -> 0.023447737
A34: 0111 | B34: Wheat, average | C34: Cereals, incl feed | D34: Germany | E34: DE | F34: =SUM(G34:Q34) -> 0.16349229 | G34: 0.065941157 | H34: 0.027 | I34: 0 | K34: 0.025851843 | L34: 0 | M34: 7.1947622e-10 | N34: 0.042299668 | O34: 0.0023996216 | R34: ='Parameters, country spec'!D19 -> 0.47946148
A35: 01705 | B35: Peas, dry | C35: Pulses, incl feed | D35: Germany | E35: DE | F35: =SUM(G35:Q35) -> 0.19853035 | G35: 0 | H35: 0.027 | I35: 0 | K35: 0.059424727 | L35: 0 | M35: 0.0036736091 | N35: 0.042299668 | O35: 0.066132346 | R35: ='Parameters, country spec'!D20 -> 0.00062059199
A36: 01702 | B36: Broad beans and horse beans, dry | C36: Pulses, incl feed | D36: Germany | E36: DE | F36: =SUM(G36:Q36) -> 0.14615125 | G36: 0.0017380423 | H36: 0.027 | I36: 0 | K36: 0.047782422 | L36: 0 | M36: 0.0022753561 | N36: 0.042299668 | O36: 0.025055761 | R36: ='Parameters, country spec'!D21 -> 0.00060962584
B37: Rape seed cake | C37: Protein feed | D37: France, Germany, Poland | F37: =SUM(G37:Q37) -> 0.27085685 | G37: ='Off-farm feed'!$F$74 -> 0.11176753 | H37: ='Off-farm feed'!$G$74 -> 0.013034483 | I37: ='Off-farm feed'!$H$74 -> 0 | K37: ='Off-farm feed'!$J$74 -> 0.02468874 | M37: ='Off-farm feed'!$L$74 -> 0.00019317593 | N37: ='Off-farm feed'!$M$74 -> 0.036802129 | O37: ='Off-farm feed'!$N$74 -> 0 | P37: ='Off-farm feed'!$O$74 -> 0.021170792 | Q37: ='Off-farm feed'!$P$74 -> 0.0632 | R37: ='Parameters, country spec'!D22 -> 0.062756108
B38: Soy bean meal | C38: Protein feed | D38: Brazil, Argentina | F38: =SUM(G38:Q38) -> 0.70611717 | G38: ='Off-farm feed'!$F$23 -> 0.0072632671 | H38: ='Off-farm feed'!$G$23 -> 0.021402439 | I38: ='Off-farm feed'!$H$23 -> 0 | K38: ='Off-farm feed'!$J$23 -> 0.04308362 | M38: ='Off-farm feed'!$L$23 -> 0.0001784206 | N38: ='Off-farm feed'!$M$23 -> 0.030432605 | O38: ='Off-farm feed'!$N$23 -> 0.3176112 | P38: ='Off-farm feed'!$O$23 -> 0.035145617 | Q38: ='Off-farm feed'!$P$23 -> 0.251 | R38: ='Parameters, country spec'!D23 -> 0.06029993
B39: By-products | C39: By-product | D39: Germany | E39: DE | F39: =SUM(G39:Q39) -> 0.55199513 | G39: 0.0059347041 | H39: 0.00243 | K39: 0.0023266659 | L39: 0 | M39: 6.475286e-11 | N39: 0.0038069701 | O39: 0.00021596595 | P39: 0.52550926 | Q39: 0.011771561 | R39: ='Parameters, country spec'!D24 -> 0.012029357
B40: Other, feed | C40: Feed, other | D40: Germany | E40: DE | F40: =SUM(G40:Q40) -> 0.14531492 | G40: =AVERAGE(G30:G38) -> 0.043096822 | H40: =AVERAGE(H30:H38) -> 0.024826325 | I40: =AVERAGE(I30:I38) -> 0 | K40: =AVERAGE(K30:K38) -> 0.03625304 | M40: =AVERAGE(M30:M38) -> 0.00076846768 | N40: =AVERAGE(N30:N38) -> 0.040370268 | R40: ='Parameters, country spec'!D25 -> 0.003491385
B41: Total for the feed mix: | F41: =SUMPRODUCT(F30:F40,$R$30:$R$40) -> 0.19899012 | G41: =SUMPRODUCT(G30:G40,$R$30:$R$40) -> 0.056543139 | H41: =SUMPRODUCT(H30:H40,$R$30:$R$40) -> 0.025482896 | I41: =SUMPRODUCT(I30:I40,$R$30:$R$40) -> 0 | K41: =SUMPRODUCT(K30:K40,$R$30:$R$40) -> 0.025319694 | M41: =SUMPRODUCT(M30:M40,$R$30:$R$40) -> 0.00014930631 | N41: =SUMPRODUCT(N30:N40,$R$30:$R$40) -> 0.040769302 | O41: =SUMPRODUCT(O30:O40,$R$30:$R$40) -> 0.021713298 | P41: =SUMPRODUCT(P30:P40,R30:R40) -> 0.0097694135 | Q41: =SUMPRODUCT(Q30:Q40,$R$30:$R$40) -> 0.019243073
A42: 0115 | B42: Barley, average | C42: Cereals, incl feed | D42: Greece | E42: GR | F42: =SUM(G42:Q42) -> 0.25451305 | G42: 0.11185874 | H42: 0.027 | I42: 0 | K42: 0.067519492 | L42: 0 | M42: 0 | N42: 0.04582886 | O42: 0.0023059551 | R42: ='Parameters, country spec'!E15 -> 0.17624165
A43: 0112 | B43: Maize (corn) | C43: Cereals, incl feed | D43: Greece | E43: GR | F43: =SUM(G43:Q43) -> 0.15043531 | G43: 0.04268264 | H43: 0.027 | I43: 0 | K43: 0.015289492 | L43: 0 | M43: 0.011749648 | N43: 0.04582886 | O43: 0.0078846656 | R43: ='Parameters, country spec'!E16 -> 0.52712317
A44: 0117 | B44: Oats | C44: Cereals, incl feed | D44: Greece | E44: GR | F44: =SUM(G44:Q44) -> 0.47128235 | G44: 0.20790642 | H44: 0.027 | I44: 0 | K44: 0.15832042 | L44: 0 | M44: 0.00015144268 | N44: 0.04582886 | O44: 0.032075213 | R44: ='Parameters, country spec'!E17 -> 0.047896893
A45: 0116 | B45: Rye | C45: Cereals, incl feed | D45: Greece | E45: GR | F45: =SUM(G45:Q45) -> 0.40386401 | G45: 0.16799296 | H45: 0.027 | I45: 0 | K45: 0.10033145 | L45: 0 | M45: 0.00092555094 | N45: 0.04582886 | O45: 0.061785184 | R45: ='Parameters, country spec'!E18 -> 0.010564366
A46: 0111 | B46: Wheat, average | C46: Cereals, incl feed | D46: Greece | E46: GR | F46: =SUM(G46:Q46) -> 0.32235751 | G46: 0.17361773 | H46: 0.027 | I46: 0 | K46: 0.064385745 | L46: 0 | M46: 0.00070103993 | N46: 0.04582886 | O46: 0.010824139 | R46: ='Parameters, country spec'!E19 -> 0.0075759891
A47: 01705 | B47: Peas, dry | C47: Pulses, incl feed | D47: Greece | E47: GR | F47: =SUM(G47:Q47) -> 0.71026464 | G47: 0 | H47: 0.027 | I47: 0 | K47: 0.11026754 | L47: 0 | M47: 0.049285255 | N47: 0.04582886 | O47: 0.47788298 | R47: ='Parameters, country spec'!E20 -> 0.00052541699
A48: 01702 | B48: Broad beans and horse beans, dry | C48: Pulses, incl feed | D48: Greece | E48: GR | F48: =SUM(G48:Q48) -> 0.32471647 | G48: 0.0024057724 | H48: 0.027 | I48: 0 | K48: 0.062563793 | L48: 0 | M48: 0.039600272 | N48: 0.04582886 | O48: 0.14731777 | R48: ='Parameters, country spec'!E21 -> 0.00051613263
B49: Rape seed cake | C49: Protein feed | D49: France, Germany, Poland | F49: =SUM(G49:Q49) -> 0.27085685 | G49: ='Off-farm feed'!$F$74 -> 0.11176753 | H49: ='Off-farm feed'!$G$74 -> 0.013034483 | I49: ='Off-farm feed'!$H$74 -> 0 | K49: ='Off-farm feed'!$J$74 -> 0.02468874 | M49: ='Off-farm feed'!$L$74 -> 0.00019317593 | N49: ='Off-farm feed'!$M$74 -> 0.036802129 | O49: ='Off-farm feed'!$N$74 -> 0 | P49: ='Off-farm feed'!$O$74 -> 0.021170792 | Q49: ='Off-farm feed'!$P$74 -> 0.0632 | R49: ='Parameters, country spec'!E22 -> 0.00057339278
B50: Soy bean meal | C50: Protein feed | D50: Brazil, Argentina | F50: =SUM(G50:Q50) -> 0.70611717 | G50: ='Off-farm feed'!$F$23 -> 0.0072632671 | H50: ='Off-farm feed'!$G$23 -> 0.021402439 | I50: ='Off-farm feed'!$H$23 -> 0 | K50: ='Off-farm feed'!$J$23 -> 0.04308362 | M50: ='Off-farm feed'!$L$23 -> 0.0001784206 | N50: ='Off-farm feed'!$M$23 -> 0.030432605 | O50: ='Off-farm feed'!$N$23 -> 0.3176112 | P50: ='Off-farm feed'!$O$23 -> 0.035145617 | Q50: ='Off-farm feed'!$P$23 -> 0.251 | R50: ='Parameters, country spec'!E23 -> 0.1010355
B51: By-products | C51: By-product | D51: Greece | E51: GR | F51: =SUM(G51:Q51) -> 0.7874338 | G51: 0.015625595 | H51: 0.00243 | K51: 0.005794717 | L51: 0 | M51: 6.3093594e-05 | N51: 0.0041245974 | O51: 0.00097417251 | P51: 0.72382211 | Q51: 0.034599522 | R51: ='Parameters, country spec'!E24 -> 0.063687941
B52: Other, feed | C52: Feed, other | D52: Greece | E52: GR | F52: =SUM(G52:Q52) -> 0.24291154 | G52: =AVERAGE(G42:G50) -> 0.091721674 | H52: =AVERAGE(H42:H50) -> 0.024826325 | I52: =AVERAGE(I42:I50) -> 0 | K52: =AVERAGE(K42:K50) -> 0.07182781 | M52: =AVERAGE(M42:M50) -> 0.011420534 | N52: =AVERAGE(N42:N50) -> 0.043115195 | R52: ='Parameters, country spec'!E25 -> 0.064259547
B53: Total for the feed mix: | F53: =SUMPRODUCT(F42:F52,$R$42:$R$52) -> 0.29123385 | G53: =SUMPRODUCT(G42:G52,$R$42:$R$52) -> 0.062949646 | H53: =SUMPRODUCT(H42:H52,$R$42:$R$52) -> 0.024721948 | I53: =SUMPRODUCT(I42:I52,$R$42:$R$52) -> 0 | K53: =SUMPRODUCT(K42:K52,$R$42:$R$52) -> 0.038532007 | M53: =SUMPRODUCT(M42:M52,$R$42:$R$52) -> 0.007018223 | N53: =SUMPRODUCT(N42:N52,$R$42:$R$52) -> 0.041437678 | O53: =SUMPRODUCT(O42:O52,$R$42:$R$52) -> 0.039312796 | P53: =SUMPRODUCT(P42:P52,R42:R52) -> 0.049661834 | Q53: =SUMPRODUCT(Q42:Q52,$R$42:$R$52) -> 0.027599721
A54: 0115 | B54: Barley, average | C54: Cereals, incl feed | D54: Hungary | E54: HU | F54: =SUM(G54:Q54) -> 0.16331952 | G54: 0.053517509 | H54: 0.027 | I54: 0 | K54: 0.034751292 | L54: 0 | M54: 0 | N54: 0.041772637 | O54: 0.0062780835 | R54: ='Parameters, country spec'!F15 -> 0.094621647
A55: 0112 | B55: Maize (corn) | C55: Cereals, incl feed | D55: Hungary | E55: HU | F55: =SUM(G55:Q55) -> 0.16765007 | G55: 0.064801609 | H55: 0.027 | I55: 0 | K55: 0.024971428 | L55: 0 | M55: 8.2736751e-05 | N55: 0.041772637 | O55: 0.009021657 | R55: ='Parameters, country spec'!F16 -> 0.56124002
A56: 0117 | B56: Oats | C56: Cereals, incl feed | D56: Hungary | E56: HU | F56: =SUM(G56:Q56) -> 0.23008301 | G56: 0.079395983 | H56: 0.027 | I56: 0 | K56: 0.065040425 | L56: 0 | M56: 0 | N56: 0.041772637 | O56: 0.016873963 | R56: ='Parameters, country spec'!F17 -> 0.05068001
A57: 0116 | B57: Rye | C57: Cereals, incl feed | D57: Hungary | E57: HU | F57: =SUM(G57:Q57) -> 0.22458258 | G57: 0.094845757 | H57: 0.027 | I57: 0 | K57: 0.060936815 | L57: 0 | M57: 0 | N57: 0.041772637 | O57: 2.7368888e-05 | R57: ='Parameters, country spec'!F18 -> 0.019697569
A58: 0111 | B58: Wheat, average | C58: Cereals, incl feed | D58: Hungary | E58: HU | F58: =SUM(G58:Q58) -> 0.19282503 | G58: 0.088667749 | H58: 0.027 | I58: 0 | K58: 0.03537343 | L58: 0 | M58: 0 | N58: 0.041772637 | O58: 1.1213502e-05 | R58: ='Parameters, country spec'!F19 -> 0.088612672
A59: 01705 | B59: Peas, dry | C59: Pulses, incl feed | D59: Hungary | E59: HU | F59: =SUM(G59:Q59) -> 0.17814968 | G59: 0 | H59: 0.027 | I59: 0 | K59: 0.075868402 | L59: 0 | M59: 0.02561293 | N59: 0.041772637 | O59: 0.0078957089 | R59: ='Parameters, country spec'!F20 -> 0.00090551224
A60: 01702 | B60: Broad beans and horse beans, dry | C60: Pulses, incl feed | D60: Hungary | E60: HU | F60: =SUM(G60:Q60) -> 0.88309241 | G60: 0.0042783748 | H60: 0.027 | I60: 0 | K60: 0.11969147 | L60: 0 | M60: 0.03245441 | N60: 0.041772637 | O60: 0.65789552 | R60: ='Parameters, country spec'!F21 -> 0.00088951142
B61: Rape seed cake | C61: Protein feed | D61: France, Germany, Poland | F61: =SUM(G61:Q61) -> 0.27085685 | G61: ='Off-farm feed'!$F$74 -> 0.11176753 | H61: ='Off-farm feed'!$G$74 -> 0.013034483 | I61: ='Off-farm feed'!$H$74 -> 0 | K61: ='Off-farm feed'!$J$74 -> 0.02468874 | M61: ='Off-farm feed'!$L$74 -> 0.00019317593 | N61: ='Off-farm feed'!$M$74 -> 0.036802129 | O61: ='Off-farm feed'!$N$74 -> 0 | P61: ='Off-farm feed'!$O$74 -> 0.021170792 | Q61: ='Off-farm feed'!$P$74 -> 0.0632 | R61: ='Parameters, country spec'!F22 -> 0.00039081133
B62: Soy bean meal | C62: Protein feed | D62: Brazil, Argentina | F62: =SUM(G62:Q62) -> 0.70611717 | G62: ='Off-farm feed'!$F$23 -> 0.0072632671 | H62: ='Off-farm feed'!$G$23 -> 0.021402439 | I62: ='Off-farm feed'!$H$23 -> 0 | K62: ='Off-farm feed'!$J$23 -> 0.04308362 | M62: ='Off-farm feed'!$L$23 -> 0.0001784206 | N62: ='Off-farm feed'!$M$23 -> 0.030432605 | O62: ='Off-farm feed'!$N$23 -> 0.3176112 | P62: ='Off-farm feed'!$O$23 -> 0.035145617 | Q62: ='Off-farm feed'!$P$23 -> 0.251 | R62: ='Parameters, country spec'!F23 -> 0.07452009
B63: By-products | C63: By-product | D63: Hungary | E63: HU | F63: =SUM(G63:Q63) -> 0.51672854 | G63: 0.0079800974 | H63: 0.00243 | K63: 0.0031836087 | L63: 0 | M63: 0 | N63: 0.0037595373 | O63: 1.0092151e-06 | P63: 0.49589426 | Q63: 0.0034800248 | R63: ='Parameters, country spec'!F24 -> 0.058765675
B64: Other, feed | C64: Feed, other | D64: Hungary | E64: HU | F64: =SUM(G64:Q64) -> 0.18117169 | G64: =AVERAGE(G54:G62) -> 0.056059753 | H64: =AVERAGE(H54:H62) -> 0.024826325 | I64: =AVERAGE(I54:I62) -> 0 | K64: =AVERAGE(K54:K62) -> 0.053822846 | M64: =AVERAGE(M54:M62) -> 0.0065024081 | N64: =AVERAGE(N54:N62) -> 0.039960355 | R64: ='Parameters, country spec'!F25 -> 0.049676486
B65: Total for the feed mix: | F65: =SUMPRODUCT(F54:F64,$R$54:$R$64) -> 0.23575505 | G65: =SUMPRODUCT(G54:G64,$R$54:$R$64) -> 0.05902483 | H65: =SUMPRODUCT(H54:H64,$R$54:$R$64) -> 0.025025558 | I65: =SUMPRODUCT(I54:I64,$R$54:$R$64) -> 0 | K65: =SUMPRODUCT(K54:K64,$R$54:$R$64) -> 0.031190507 | M65: =SUMPRODUCT(M54:M64,$R$54:$R$64) -> 0.00043488476 | N65: =SUMPRODUCT(N54:N64,$R$54:$R$64) -> 0.038601741 | O65: =SUMPRODUCT(O54:O64,$R$54:$R$64) -> 0.030774893 | P65: =SUMPRODUCT(P54:P64,R54:R64) -> 0.031768889 | Q65: =SUMPRODUCT(Q54:Q64,$R$54:$R$64) -> 0.018933748
A66: 0115 | B66: Barley, average | C66: Cereals, incl feed | D66: Ireland | E66: IE | F66: =SUM(G66:Q66) -> 0.1389954 | G66: 0.040744993 | H66: 0.027 | I66: 0 | K66: 0.026038309 | L66: 0 | M66: 0 | N66: 0.04086704 | O66: 0.0043450574 | R66: ='Parameters, country spec'!G15 -> 0.015696345
A67: 0112 | B67: Maize (corn) | C67: Cereals, incl feed | D67: Ireland | E67: IE | F67: =SUM(G67:Q67) -> 0.13477268 | G67: 0.04738293 | H67: 0.027 | K67: 0.018104397 | L67: 0 | M67: 0.0032045298 | N67: 0.034771854 | O67: 0.0043089643 | R67: ='Parameters, country spec'!G16 -> 0.0043262189
A68: 0117 | B68: Oats | C68: Cereals, incl feed | D68: Ireland | E68: IE | F68: =SUM(G68:Q68) -> 0.1552541 | G68: 0.029719825 | H68: 0.027 | I68: 0 | K68: 0.023960427 | L68: 0 | M68: 0 | N68: 0.04086704 | O68: 0.033706806 | R68: ='Parameters, country spec'!G17 -> 0.00090473725
A69: 0116 | B69: Rye | C69: Cereals, incl feed | D69: Ireland | E69: IE | F69: =SUM(G69:Q69) -> 0.23086932 | G69: 0.07379545 | H69: 0.027 | I69: 0 | K69: 0.04701062 | L69: 0 | M69: 2.7598697e-05 | N69: 0.034771854 | O69: 0.048263793 | R69: ='Parameters, country spec'!G18 -> 0
A70: 0111 | B70: Wheat, average | C70: Cereals, incl feed | D70: Ireland | E70: IE | F70: =SUM(G70:Q70) -> 0.15433738 | G70: 0.054362852 | H70: 0.027 | I70: 0 | K70: 0.021344068 | L70: 0 | M70: 0 | N70: 0.04086704 | O70: 0.010763421 | R70: ='Parameters, country spec'!G19 -> 0.0067415867
A71: 01705 | B71: Peas, dry | C71: Pulses, incl feed | D71: Ireland | E71: IE | F71: =SUM(G71:Q71) -> 0.16414134 | G71: 0 | H71: 0.027 | I71: 0 | K71: 0.038482609 | L71: 0 | M71: 0 | N71: 0.04086704 | O71: 0.057791688 | R71: ='Parameters, country spec'!G20 -> 0.00019914213
A72: 01702 | B72: Broad beans and horse beans, dry | C72: Pulses, incl feed | D72: Ireland | E72: IE | F72: =SUM(G72:Q72) -> 0.13212814 | G72: 0.0013008457 | H72: 0.027 | I72: 0 | K72: 0.035815713 | L72: 0 | M72: 0 | N72: 0.04086704 | O72: 0.02714454 | R72: ='Parameters, country spec'!G21 -> 0.00019562319
B73: Rape seed cake | C73: Protein feed | D73: France, Germany, Poland | F73: =SUM(G73:Q73) -> 0.27085685 | G73: ='Off-farm feed'!$F$74 -> 0.11176753 | H73: ='Off-farm feed'!$G$74 -> 0.013034483 | I73: ='Off-farm feed'!$H$74 -> 0 | K73: ='Off-farm feed'!$J$74 -> 0.02468874 | M73: ='Off-farm feed'!$L$74 -> 0.00019317593 | N73: ='Off-farm feed'!$M$74 -> 0.036802129 | O73: ='Off-farm feed'!$N$74 -> 0 | P73: ='Off-farm feed'!$O$74 -> 0.021170792 | Q73: ='Off-farm feed'!$P$74 -> 0.0632 | R73: ='Parameters, country spec'!G22 -> 0.010661632
B74: Soy bean meal | C74: Protein feed | D74: Brazil, Argentina | F74: =SUM(G74:Q74) -> 0.70611717 | G74: ='Off-farm feed'!$F$23 -> 0.0072632671 | H74: ='Off-farm feed'!$G$23 -> 0.021402439 | I74: ='Off-farm feed'!$H$23 -> 0 | K74: ='Off-farm feed'!$J$23 -> 0.04308362 | M74: ='Off-farm feed'!$L$23 -> 0.0001784206 | N74: ='Off-farm feed'!$M$23 -> 0.030432605 | O74: ='Off-farm feed'!$N$23 -> 0.3176112 | P74: ='Off-farm feed'!$O$23 -> 0.035145617 | Q74: ='Off-farm feed'!$P$23 -> 0.251 | R74: ='Parameters, country spec'!G23 -> 0.020288139
B75: By-products | C75: By-product | D75: Ireland | E75: IE | F75: =SUM(G75:Q75) -> 0.48845036 | G75: 0.0048926567 | H75: 0.00243 | K75: 0.0019209661 | L75: 0 | M75: 0 | N75: 0.0036780336 | O75: 0.0009687079 | P75: 0.44500684 | Q75: 0.029553163 | R75: ='Parameters, country spec'!G24 -> 0.020037842
B76: Other, feed | C76: Feed, other | D76: Ireland | E76: IE | F76: =SUM(G76:Q76) -> 0.13478005 | G76: =AVERAGE(G66:G74) -> 0.040704188 | H76: =AVERAGE(H66:H74) -> 0.024826325 | I76: =AVERAGE(I66:I74) -> 0 | K76: =AVERAGE(K66:K74) -> 0.030947612 | M76: =AVERAGE(M66:M74) -> 0.00040041389 | N76: =AVERAGE(N66:N74) -> 0.037901516 | R76: ='Parameters, country spec'!G25 -> 0.92094873
B77: Total for the feed mix: | F77: =SUMPRODUCT(F66:F76,$R$66:$R$76) -> 0.15513084 | G77: =SUMPRODUCT(G66:G76,$R$66:$R$76) -> 0.040161663 | H77: =SUMPRODUCT(H66:H76,$R$66:$R$76) -> 0.024243367 | I77: =SUMPRODUCT(I66:I76,$R$66:$R$76) -> 0 | K77: =SUMPRODUCT(K66:K76,$R$66:$R$76) -> 0.030344235 | M77: =SUMPRODUCT(M66:M76,$R$66:$R$76) -> 0.00038830356 | N77: =SUMPRODUCT(N66:N76,$R$66:$R$76) -> 0.037109354 | O77: =SUMPRODUCT(O66:O76,$R$66:$R$76) -> 0.0066698712 | P77: =SUMPRODUCT(P66:P76,R66:R76) -> 0.009855731 | Q77: =SUMPRODUCT(Q66:Q76,$R$66:$R$76) -> 0.0063583195
A78: 0115 | B78: Barley, average | C78: Cereals, incl feed | D78: Italy | E78: IT | F78: =SUM(G78:Q78) -> 0.21010835 | G78: 0.077894511 | H78: 0.027 | I78: 0 | K78: 0.04607338 | L78: 0 | M78: 0 | N78: 0.040589127 | O78: 0.018551335 | R78: ='Parameters, country spec'!H15 -> 0.08763474
A79: 0112 | B79: Maize (corn) | C79: Cereals, incl feed | D79: Italy | E79: IT | F79: =SUM(G79:Q79) -> 0.13129896 | G79: 0.045107049 | H79: 0.027 | I79: 0 | K79: 0.015833253 | L79: 0 | M79: 0.0027675134 | N79: 0.040589127 | O79: 2.0175915e-06 | R79: ='Parameters, country spec'!H16 -> 0.57303227
A80: 0117 | B80: Oats | C80: Cereals, incl feed | D80: Italy | E80: IT | F80: =SUM(G80:Q80) -> 0.2529321 | G80: 0.10494127 | H80: 0.027 | I80: 0 | K80: 0.078306769 | L80: 0 | M80: 0 | N80: 0.040589127 | O80: 0.0020949395 | R80: ='Parameters, country spec'!H17 -> 0.018199416
A81: 0116 | B81: Rye | C81: Cereals, incl feed | D81: Italy | E81: IT | F81: =SUM(G81:Q81) -> 0.23098021 | G81: 0.10252301 | H81: 0.027 | I81: 0 | K81: 0.060000015 | L81: 0 | M81: 0.00085266519 | N81: 0.040589127 | O81: 1.5389412e-05 | R81: ='Parameters, country spec'!H18 -> 0.001450063
A82: 0111 | B82: Wheat, average | C82: Cereals, incl feed | D82: Italy | E82: IT | F82: =SUM(G82:Q82) -> 0.2572916 | G82: 0.13773545 | H82: 0.027 | I82: 0 | K82: 0.050052455 | L82: 0 | M82: 0.00068496619 | N82: 0.040589127 | O82: 0.0012295961 | R82: ='Parameters, country spec'!H19 -> 0.083008572
A83: 01705 | B83: Peas, dry | C83: Pulses, incl feed | D83: Italy | E83: IT | F83: =SUM(G83:Q83) -> 0.27382788 | G83: 0 | H83: 0.027 | I83: 0 | K83: 0.06298426 | L83: 0 | M83: 0.00010208228 | N83: 0.040589127 | O83: 0.14315241 | R83: ='Parameters, country spec'!H20 -> 0.0019271366
A84: 01702 | B84: Broad beans and horse beans, dry | C84: Pulses, incl feed | D84: Italy | E84: IT | F84: =SUM(G84:Q84) -> 0.4221604 | G84: 0.003501888 | H84: 0.027 | I84: 0 | K84: 0.089239015 | L84: 0 | M84: 0.00014196643 | N84: 0.040589127 | O84: 0.2616884 | R84: ='Parameters, country spec'!H21 -> 0.0018930832
B85: Rape seed cake | C85: Protein feed | D85: France, Germany, Poland | F85: =SUM(G85:Q85) -> 0.27085685 | G85: ='Off-farm feed'!$F$74 -> 0.11176753 | H85: ='Off-farm feed'!$G$74 -> 0.013034483 | I85: ='Off-farm feed'!$H$74 -> 0 | K85: ='Off-farm feed'!$J$74 -> 0.02468874 | M85: ='Off-farm feed'!$L$74 -> 0.00019317593 | N85: ='Off-farm feed'!$M$74 -> 0.036802129 | O85: ='Off-farm feed'!$N$74 -> 0 | P85: ='Off-farm feed'!$O$74 -> 0.021170792 | Q85: ='Off-farm feed'!$P$74 -> 0.0632 | R85: ='Parameters, country spec'!H22 -> 0.0032461288
B86: Soy bean meal | C86: Protein feed | D86: Brazil, Argentina | F86: =SUM(G86:Q86) -> 0.70611717 | G86: ='Off-farm feed'!$F$23 -> 0.0072632671 | H86: ='Off-farm feed'!$G$23 -> 0.021402439 | I86: ='Off-farm feed'!$H$23 -> 0 | K86: ='Off-farm feed'!$J$23 -> 0.04308362 | M86: ='Off-farm feed'!$L$23 -> 0.0001784206 | N86: ='Off-farm feed'!$M$23 -> 0.030432605 | O86: ='Off-farm feed'!$N$23 -> 0.3176112 | P86: ='Off-farm feed'!$O$23 -> 0.035145617 | Q86: ='Off-farm feed'!$P$23 -> 0.251 | R86: ='Parameters, country spec'!H23 -> 0.080143174
B87: By-products | C87: By-product | D87: Italy | E87: IT | F87: =SUM(G87:Q87) -> 0.48727387 | G87: 0.012396191 | H87: 0.00243 | K87: 0.004504721 | L87: 0 | M87: 6.1646957e-05 | N87: 0.0036530214 | O87: 0.00011066365 | P87: 0.42939028 | Q87: 0.034727341 | R87: ='Parameters, country spec'!H24 -> 0.084604093
B88: Other, feed | C88: Feed, other | D88: Italy | E88: IT | F88: =SUM(G88:Q88) -> 0.18230131 | G88: =AVERAGE(G78:G86) -> 0.065637109 | H88: =AVERAGE(H78:H86) -> 0.024826325 | I88: =AVERAGE(I78:I86) -> 0 | K88: =AVERAGE(K78:K86) -> 0.052251279 | M88: =AVERAGE(M78:M86) -> 0.00054675445 | N88: =AVERAGE(N78:N86) -> 0.039039847 | R88: ='Parameters, country spec'!H25 -> 0.064861328
B89: Total for the feed mix: | F89: =SUMPRODUCT(F78:F88,$R$78:$R$88) -> 0.23179316 | G89: =SUMPRODUCT(G78:G88,$R$78:$R$88) -> 0.052423439 | H89: =SUMPRODUCT(H78:H88,$R$78:$R$88) -> 0.02428635 | I89: =SUMPRODUCT(I78:I88,$R$78:$R$88) -> 0 | K89: =SUMPRODUCT(K78:K88,$R$78:$R$88) -> 0.02637104 | M89: =SUMPRODUCT(M78:M88,$R$78:$R$88) -> 0.0017000395 | N89: =SUMPRODUCT(N78:N88,$R$78:$R$88) -> 0.036537424 | O89: =SUMPRODUCT(O78:O88,$R$78:$R$88) -> 0.028002118 | P89: =SUMPRODUCT(P78:P88,R78:R88) -> 0.039213579 | Q89: =SUMPRODUCT(Q78:Q88,$R$78:$R$88) -> 0.023259167
A90: 0115 | B90: Barley, average | C90: Cereals, incl feed | D90: Netherlands | E90: NL | F90: =SUM(G90:Q90) -> 0.14311114 | G90: 0.044406099 | H90: 0.027 | I90: 0 | K90: 0.028739432 | L90: 0 | M90: 1.3680005e-06 | N90: 0.042964238 | O90: 0 | R90: ='Parameters, country spec'!I15 -> 0.09552655
A91: 0112 | B91: Maize (corn) | C91: Cereals, incl feed | D91: Netherlands | E91: NL | F91: =SUM(G91:Q91) -> 0.13349668 | G91: 0.045357173 | H91: 0.027 | I91: 0 | K91: 0.017420638 | L91: 0 | M91: 0.00075463103 | N91: 0.042964238 | O91: 0 | R91: ='Parameters, country spec'!I16 -> 0.28688515
A92: 0117 | B92: Oats | C92: Cereals, incl feed | D92: Netherlands | E92: NL | F92: =SUM(G92:Q92) -> 0.15534924 | G92: 0.046682126 | H92: 0.027 | I92: 0 | K92: 0.038115003 | L92: 0 | M92: 0.0005878709 | N92: 0.042964238 | O92: 0 | R92: ='Parameters, country spec'!I17 -> 0.0031378297
A93: 0116 | B93: Rye | C93: Cereals, incl feed | D93: Netherlands | E93: NL | F93: =SUM(G93:Q93) -> 0.2076076 | G93: 0.083910601 | H93: 0.027 | I93: 0 | K93: 0.053732762 | L93: 0 | M93: 0 | N93: 0.042964238 | O93: 0 | R93: ='Parameters, country spec'!I18 -> 0.011807609
A94: 0111 | B94: Wheat, average | C94: Cereals, incl feed | D94: Netherlands | E94: NL | F94: =SUM(G94:Q94) -> 0.15163483 | G94: 0.058435336 | H94: 0.027 | I94: 0 | K94: 0.023235259 | L94: 0 | M94: 0 | N94: 0.042964238 | O94: 0 | R94: ='Parameters, country spec'!I19 -> 0.3232326
A95: 01705 | B95: Peas, dry | C95: Pulses, incl feed | D95: Netherlands | E95: NL | F95: =SUM(G95:Q95) -> 0.1463681 | G95: 0 | H95: 0.027 | I95: 0 | K95: 0.059912818 | L95: 0 | M95: 0.0046529168 | N95: 0.034771854 | O95: 0.020030514 | R95: ='Parameters, country spec'!I20 -> 0
A96: 01702 | B96: Broad beans and horse beans, dry | C96: Pulses, incl feed | D96: Netherlands | E96: NL | F96: =SUM(G96:Q96) -> 0.12189749 | G96: 0.0017980344 | H96: 0.027 | I96: 0 | K96: 0.050135211 | L96: 0 | M96: 5.1424669e-09 | N96: 0.042964238 | O96: 0 | R96: ='Parameters, country spec'!I21 -> 0
B97: Rape seed cake | C97: Protein feed | D97: France, Germany, Poland | F97: =SUM(G97:Q97) -> 0.27085685 | G97: ='Off-farm feed'!$F$74 -> 0.11176753 | H97: ='Off-farm feed'!$G$74 -> 0.013034483 | I97: ='Off-farm feed'!$H$74 -> 0 | K97: ='Off-farm feed'!$J$74 -> 0.02468874 | M97: ='Off-farm feed'!$L$74 -> 0.00019317593 | N97: ='Off-farm feed'!$M$74 -> 0.036802129 | O97: ='Off-farm feed'!$N$74 -> 0 | P97: ='Off-farm feed'!$O$74 -> 0.021170792 | Q97: ='Off-farm feed'!$P$74 -> 0.0632 | R97: ='Parameters, country spec'!I22 -> 0.052461984
B98: Soy bean meal | C98: Protein feed | D98: Brazil, Argentina | F98: =SUM(G98:Q98) -> 0.70611717 | G98: ='Off-farm feed'!$F$23 -> 0.0072632671 | H98: ='Off-farm feed'!$G$23 -> 0.021402439 | I98: ='Off-farm feed'!$H$23 -> 0 | K98: ='Off-farm feed'!$J$23 -> 0.04308362 | M98: ='Off-farm feed'!$L$23 -> 0.0001784206 | N98: ='Off-farm feed'!$M$23 -> 0.030432605 | O98: ='Off-farm feed'!$N$23 -> 0.3176112 | P98: ='Off-farm feed'!$O$23 -> 0.035145617 | Q98: ='Off-farm feed'!$P$23 -> 0.251 | R98: ='Parameters, country spec'!I23 -> 0.067752089
B99: By-products | C99: By-product | D99: Netherlands | E99: NL | F99: =SUM(G99:Q99) -> 0.55092796 | G99: 0.0052591802 | H99: 0.00243 | K99: 0.0020911733 | L99: 0 | M99: 0 | N99: 0.0038667814 | O99: 0 | P99: 0.52550926 | Q99: 0.011771561 | R99: ='Parameters, country spec'!I24 -> 0.0073820945 | S99: approx Germany
B100: Other, feed | C100: Feed, other | D100: Netherlands | E100: NL | F100: =SUM(G100:Q100) -> 0.14758678 | G100: =AVERAGE(G90:G98) -> 0.044402241 | H100: =AVERAGE(H90:H98) -> 0.024826325 | I100: =AVERAGE(I90:I98) -> 0 | K100: =AVERAGE(K90:K98) -> 0.03767372 | M100: =AVERAGE(M90:M98) -> 0.00070759871 | N100: =AVERAGE(N90:N98) -> 0.039976891 | R100: ='Parameters, country spec'!I25 -> 0.1518141
B101: Total for the feed mix: | F101: =SUMPRODUCT(F90:F100,$R$90:$R$100) -> 0.19244461 | G101: =SUMPRODUCT(G90:G100,$R$90:$R$100) -> 0.050415088 | H101: =SUMPRODUCT(H90:H100,$R$90:$R$100) -> 0.025376722 | I101: =SUMPRODUCT(I90:I100,$R$90:$R$100) -> 0 | K101: =SUMPRODUCT(K90:K100,$R$90:$R$100) -> 0.025956613 | M101: =SUMPRODUCT(M90:M100,$R$90:$R$100) -> 0.00034811397 | N101: =SUMPRODUCT(N90:N100,$R$90:$R$100) -> 0.041049775 | O101: =SUMPRODUCT(O90:O100,$R$90:$R$100) -> 0.021518822 | P101: =SUMPRODUCT(P90:P100,R90:R100) -> 0.0073712097 | Q101: =SUMPRODUCT(Q90:Q100,$R$90:$R$100) -> 0.02040827
A102: 0115 | B102: Barley, average | C102: Cereals, incl feed | D102: Poland | E102: PL | F102: =SUM(G102:Q102) -> 0.19778402 | G102: 0.066974675 | H102: 0.027 | I102: 0 | K102: 0.044791895 | L102: 0 | M102: 9.4144162e-10 | N102: 0.052538621 | O102: 0.0064788234 | R102: ='Parameters, country spec'!J15 -> 0.21737956
...

Sheet CH4 per kg feed
A2: Emissions of CH4 from feed crops (per kg of crop) | F2: Columns A-M copied straight from RPC filerna | O2: Shares from Karlsson et al.
A4: Crops | F4: Sum | G4: Inputs | I4: Soil emissions | K4: Energy use | O4: Land use change | P4: Feed processing | Q4: Transports | R4: Share
A5: Code | B5: Crops | C5: Categories | D5: Country | E5: Country code | G5: Production of mineral fertilizer | H5: Production of capital goods | I5: Direct emissions | J5: Indirect emissions | K5: Diesel use field mach | L5: Energy use in greenhouses | M5: Energy use for irrigation | N5: Energy use for post-harvest proc | O5: LUC emissions | P5: Feed processing | Q5: Transports of feed
A6: 0115 | B6: Barley, average | C6: Cereals, incl feed | D6: Denmark | E6: DK | F6: =SUM(G6:Q6) -> 0.00013263189 | G6: 0 | H6: 9.5e-05 | I6: 0 | K6: 1.4864399e-05 | L6: 0 | M6: 0 | N6: 2.2767488e-05 | R6: ='Parameters, country spec'!B15 -> 0.16402989
A7: 0112 | B7: Maize (corn) | C7: Cereals, incl feed | D7: Denmark | E7: DK | F7: =SUM(G7:Q7) -> 0.00012856994 | G7: 0 | H7: 9.5e-05 | I7: 0 | K7: 1.0802453e-05 | L7: 0 | M7: 0 | N7: 2.2767488e-05 | R7: ='Parameters, country spec'!B16 -> 0.26979048
A8: 0117 | B8: Oats | C8: Cereals, incl feed | D8: Denmark | E8: DK | F8: =SUM(G8:Q8) -> 0.00013407185 | G8: 0 | H8: 9.5e-05 | I8: 0 | K8: 1.6302901e-05 | L8: 0 | M8: 1.4627786e-09 | N8: 2.2767488e-05 | R8: ='Parameters, country spec'!B17 -> 0.018587387
A9: 0116 | B9: Rye | C9: Cereals, incl feed | D9: Denmark | E9: DK | F9: =SUM(G9:Q9) -> 0.00013254316 | G9: 0 | H9: 9.5e-05 | I9: 0 | K9: 1.422632e-05 | L9: 0 | M9: 5.4934833e-07 | N9: 2.2767488e-05 | R9: ='Parameters, country spec'!B18 -> 0.0028544698
A10: 0111 | B10: Wheat, average | C10: Cereals, incl feed | D10: Denmark | E10: DK | F10: =SUM(G10:Q10) -> 0.00012932467 | G10: 0 | H10: 9.5e-05 | I10: 0 | K10: 1.1122956e-05 | L10: 0 | M10: 4.3422904e-07 | N10: 2.2767488e-05 | R10: ='Parameters, country spec'!B19 -> 0.39960951
A11: 01705 | B11: Peas, dry | C11: Pulses, incl feed | D11: Denmark | E11: DK | F11: =SUM(G11:Q11) -> 0.00018183237 | G11: 0 | H11: 9.5e-05 | I11: 0 | K11: 2.1944313e-05 | L11: 0 | M11: 4.2120564e-05 | N11: 2.2767488e-05 | R11: ='Parameters, country spec'!B20 -> 0
A12: 01702 | B12: Broad beans and horse beans, dry | C12: Pulses, incl feed | D12: Denmark | E12: DK | F12: =SUM(G12:Q12) -> 0.00019553166 | G12: 0 | H12: 9.5e-05 | I12: 0 | K12: 2.0386285e-05 | L12: 0 | M12: 5.7377882e-05 | N12: 2.2767488e-05 | R12: ='Parameters, country spec'!B21 -> 0
B13: Rape seed cake | C13: Protein feed | D13: France, Germany, Poland | F13: =SUM(G13:Q13) -> 0.00038246444 | G13: ='Off-farm feed'!$F$75 -> 0.00016847748 | H13: ='Off-farm feed'!$G$75 -> 4.5862069e-05 | K13: ='Off-farm feed'!$J$75 -> 1.0936279e-05 | M13: ='Off-farm feed'!$L$75 -> 6.4606961e-07 | N13: ='Off-farm feed'!$M$75 -> 2.1884762e-05 | P13: ='Off-farm feed'!$O$75 -> 4.5962128e-05 | Q13: ='Off-farm feed'!$P$75 -> 8.8695652e-05 | R13: ='Parameters, country spec'!B22 -> 0.043850785
B14: Soy bean meal | C14: Protein feed | D14: Brazil, Argentina | F14: =SUM(G14:Q14) -> 0.00047266554 | G14: ='Off-farm feed'!$F$24 -> 1.5603516e-05 | H14: ='Off-farm feed'!$G$24 -> 7.5304878e-05 | K14: ='Off-farm feed'!$J$24 -> 1.9084591e-05 | M14: ='Off-farm feed'!$L$24 -> 5.9672097e-07 | N14: ='Off-farm feed'!$M$24 -> 2.3084272e-05 | P14: ='Off-farm feed'!$O$24 -> 0.00012899156 | Q14: ='Off-farm feed'!$P$24 -> 0.00021 | R14: ='Parameters, country spec'!B23 -> 0.039507741
B15: By-products | C15: By-product | D15: Denmark | E15: DK | F15: =SUM(G15:Q15) -> 0.00032143479 | G15: 0 | H15: 8.55e-06 | I15: 0 | K15: 1.001066e-06 | L15: 0 | M15: 3.9080613e-08 | N15: 2.0490739e-06 | P15: 0.00030527212 | Q15: 4.5234499e-06 | R15: ='Parameters, country spec'!B24 -> 0.036206797
B16: Other, feed | C16: Feed, other | D16: Denmark | E16: DK | F16: =SUM(G16:Q16) -> 0.0001573318 | G16: =AVERAGE(G6:G14) -> 2.0453444e-05 | H16: =AVERAGE(H6:H14) -> 8.7351883e-05 | K16: =AVERAGE(K6:K14) -> 1.5518944e-05 | M16: =AVERAGE(M6:M14) -> 1.130292e-05 | N16: =AVERAGE(N6:N14) -> 2.2704606e-05 | R16: ='Parameters, country spec'!B25 -> 0.025562943
B17: Total for the feed mix: | F17: =SUMPRODUCT(F6:F16,$R$6:$R$16) -> 0.0001620976 | G17: =SUMPRODUCT(G6:G16,$R$6:$R$16) -> 8.5271794e-06 | H17: =SUMPRODUCT(H6:H16,$R$6:$R$16) -> 8.8741567e-05 | I17: =SUMPRODUCT(I6:I16,$R$6:$R$16) -> 0 | J17: =SUMPRODUCT(J6:J16,$R$6:$R$16) -> 0 | K17: =SUMPRODUCT(K6:K16,$R$6:$R$16) -> 1.1807589e-05 | L17: =SUMPRODUCT(L6:L16,$R$6:$R$16) -> 0 | M17: =SUMPRODUCT(M6:M16,$R$6:$R$16) -> 5.1737397e-07 | ... Q17: =SUMPRODUCT(Q6:Q16,$R$6:$R$16) -> 1.2349779e-05
A18: 0115 | B18: Barley, average | C18: Cereals, incl feed | D18: France | E18: FR | F18: =SUM(G18:Q18) -> 0.00012723433 | G18: 0 | H18: 9.5e-05 | I18: 0 | K18: 1.4286172e-05 | L18: 0 | M18: 6.3275176e-10 | N18: 1.7947524e-05 | R18: ='Parameters, country spec'!C15 -> 0.16402989
A19: 0112 | B19: Maize (corn) | C19: Cereals, incl feed | D19: France | E19: FR | F19: =SUM(G19:Q19) -> 0.00013043464 | G19: 0 | H19: 9.5e-05 | I19: 0 | K19: 8.0196374e-06 | L19: 0 | M19: 9.4674825e-06 | N19: 1.7947524e-05 | R19: ='Parameters, country spec'!C16 -> 0.26979048
A20: 0117 | B20: Oats | C20: Cereals, incl feed | D20: France | E20: FR | F20: =SUM(G20:Q20) -> 0.0001363651 | G20: 0 | H20: 9.5e-05 | I20: 0 | K20: 1.9833005e-05 | L20: 0 | M20: 3.5845715e-06 | N20: 1.7947524e-05 | R20: ='Parameters, country spec'!C17 -> 0.018587387
A21: 0116 | B21: Rye | C21: Cereals, incl feed | D21: France | E21: FR | F21: =SUM(G21:Q21) -> 0.00013385318 | G21: 0 | H21: 9.5e-05 | I21: 0 | K21: 2.082412e-05 | L21: 0 | M21: 8.1537759e-08 | N21: 1.7947524e-05 | R21: ='Parameters, country spec'!C18 -> 0.0028544698
A22: 0111 | B22: Wheat, average | C22: Cereals, incl feed | D22: France | E22: FR | F22: =SUM(G22:Q22) -> 0.0001256167 | G22: 0 | H22: 9.5e-05 | I22: 0 | K22: 1.2616552e-05 | L22: 0 | M22: 5.2621786e-08 | N22: 1.7947524e-05 | R22: ='Parameters, country spec'!C19 -> 0.39960951
A23: 01705 | B23: Peas, dry | C23: Pulses, incl feed | D23: France | E23: FR | F23: =SUM(G23:Q23) -> 0.00015323349 | G23: 0 | H23: 9.5e-05 | I23: 0 | K23: 2.6539358e-05 | L23: 0 | M23: 1.3746606e-05 | N23: 1.7947524e-05 | R23: ='Parameters, country spec'!C20 -> 0
A24: 01702 | B24: Broad beans and horse beans, dry | C24: Pulses, incl feed | D24: France | E24: FR | F24: =SUM(G24:Q24) -> 0.00016119222 | G24: 0 | H24: 9.5e-05 | I24: 0 | K24: 3.2556824e-05 | L24: 0 | M24: 1.5687874e-05 | N24: 1.7947524e-05 | R24: ='Parameters, country spec'!C21 -> 0
B25: Rape seed cake | C25: Protein feed | D25: France, Germany, Poland | F25: =SUM(G25:Q25) -> 0.00038246444 | G25: ='Off-farm feed'!$F$75 -> 0.00016847748 | H25: ='Off-farm feed'!$G$75 -> 4.5862069e-05 | K25: ='Off-farm feed'!$J$75 -> 1.0936279e-05 | M25: ='Off-farm feed'!$L$75 -> 6.4606961e-07 | N25: ='Off-farm feed'!$M$75 -> 2.1884762e-05 | P25: ='Off-farm feed'!$O$75 -> 4.5962128e-05 | Q25: ='Off-farm feed'!$P$75 -> 8.8695652e-05 | R25: ='Parameters, country spec'!C22 -> 0.043850785
B26: Soy bean meal | C26: Protein feed | D26: Brazil, Argentina | F26: =SUM(G26:Q26) -> 0.00047266554 | G26: ='Off-farm feed'!$F$24 -> 1.5603516e-05 | H26: ='Off-farm feed'!$G$24 -> 7.5304878e-05 | K26: ='Off-farm feed'!$J$24 -> 1.9084591e-05 | M26: ='Off-farm feed'!$L$24 -> 5.9672097e-07 | N26: ='Off-farm feed'!$M$24 -> 2.3084272e-05 | P26: ='Off-farm feed'!$O$24 -> 0.00012899156 | Q26: ='Off-farm feed'!$P$24 -> 0.00021 | R26: ='Parameters, country spec'!C23 -> 0.039507741
B27: By-products | C27: By-product | D27: France | E27: FR | F27: =SUM(G27:Q27) -> 0.00032110107 | G27: 0 | H27: 8.55e-06 | I27: 0 | K27: 1.1354897e-06 | L27: 0 | M27: 4.7359607e-09 | N27: 1.6152772e-06 | P27: 0.00030527212 | Q27: 4.5234499e-06 | R27: ='Parameters, country spec'!C24 -> 0.036206797
B28: Other, feed | C28: Feed, other | D28: France | E28: FR | F28: =SUM(G28:Q28) -> 0.00014993448 | G28: =AVERAGE(G18:G26) -> 2.0453444e-05 | H28: =AVERAGE(H18:H26) -> 8.7351883e-05 | K28: =AVERAGE(K18:K26) -> 1.8299615e-05 | M28: =AVERAGE(M18:M26) -> 4.8737908e-06 | N28: =AVERAGE(N18:N26) -> 1.8955745e-05 | R28: ='Parameters, country spec'!C25 -> 0.025562943
B29: Total for the feed mix: | F29: =SUMPRODUCT(F18:F28,$R$18:$R$28) -> 0.00016007876 | G29: =SUMPRODUCT(G18:G28,$R$18:$R$28) -> 8.5271794e-06 | H29: =SUMPRODUCT(H18:H28,$R$18:$R$28) -> 8.8741567e-05 | I29: =SUMPRODUCT(I18:I28,$R$18:$R$28) -> 0 | J29: =SUMPRODUCT(J18:J28,$R$18:$R$28) -> 0 | K29: =SUMPRODUCT(K18:K28,$R$18:$R$28) -> 1.1719219e-05 | L29: =SUMPRODUCT(L18:L28,$R$18:$R$28) -> 0 | M29: =SUMPRODUCT(M18:M28,$R$18:$R$28) -> 2.8188948e-06 | ... O29: =SUMPRODUCT(O18:O28,$R$18:$R$28) -> 0 | P29: =SUMPRODUCT(P18:P28,R18:R28) -> 1.8164566e-05 | Q29: =SUMPRODUCT(Q18:Q28,$R$18:$R$28) -> 1.2349779e-05
A30: 0115 | B30: Barley, average | C30: Cereals, incl feed | D30: Germany | E30: DE | F30: =SUM(G30:Q30) -> 0.00013808952 | G30: 0 | H30: 9.5e-05 | I30: 0 | K30: 1.2714457e-05 | L30: 0 | M30: 9.6438569e-08 | N30: 3.0278621e-05 | R30: ='Parameters, country spec'!D15 -> 0.14354403
A31: 0112 | B31: Maize (corn) | C31: Cereals, incl feed | D31: Germany | E31: DE | F31: =SUM(G31:Q31) -> 0.0001342647 | G31: 0 | H31: 9.5e-05 | I31: 0 | K31: 7.3909165e-06 | L31: 0 | M31: 1.5951578e-06 | N31: 3.0278621e-05 | R31: ='Parameters, country spec'!D16 -> 0.21371118
A32: 0117 | B32: Oats | C32: Cereals, incl feed | D32: Germany | E32: DE | F32: =SUM(G32:Q32) -> 0.00014437973 | G32: 0 | H32: 9.5e-05 | I32: 0 | K32: 1.9032928e-05 | L32: 0 | M32: 6.8182716e-08 | N32: 3.0278621e-05 | R32: ='Parameters, country spec'!D17 -> 2.8572983e-05
A33: 0116 | B33: Rye | C33: Cereals, incl feed | D33: Germany | E33: DE | F33: =SUM(G33:Q33) -> 0.00014170867 | G33: 0 | H33: 9.5e-05 | I33: 0 | K33: 1.643005e-05 | L33: 0 | M33: 3.1558166e-12 | N33: 3.0278621e-05 | R33: ='Parameters, country spec'!D18 -> 0.023447737
A34: 0111 | B34: Wheat, average | C34: Cereals, incl feed | D34: Germany | E34: DE | F34: =SUM(G34:Q34) -> 0.00013673012 | G34: 0 | H34: 9.5e-05 | I34: 0 | K34: 1.1451495e-05 | L34: 0 | M34: 2.125625e-12 | N34: 3.0278621e-05 | R34: ='Parameters, country spec'!D19 -> 0.47946148
A35: 01705 | B35: Peas, dry | C35: Pulses, incl feed | D35: Germany | E35: DE | F35: =SUM(G35:Q35) -> 0.00016245511 | G35: 0 | H35: 9.5e-05 | I35: 0 | K35: 2.632315e-05 | L35: 0 | M35: 1.0853333e-05 | N35: 3.0278621e-05 | R35: ='Parameters, country spec'!D20 -> 0.00062059199
A36: 01702 | B36: Broad beans and horse beans, dry | C36: Pulses, incl feed | D36: Germany | E36: DE | F36: =SUM(G36:Q36) -> 0.00015316695 | G36: 0 | H36: 9.5e-05 | I36: 0 | K36: 2.1166002e-05 | L36: 0 | M36: 6.7223259e-06 | N36: 3.0278621e-05 | R36: ='Parameters, country spec'!D21 -> 0.00060962584
B37: Rape seed cake | C37: Protein feed | D37: France, Germany, Poland | F37: =SUM(G37:Q37) -> 0.00038246444 | G37: ='Off-farm feed'!$F$75 -> 0.00016847748 | H37: ='Off-farm feed'!$G$75 -> 4.5862069e-05 | K37: ='Off-farm feed'!$J$75 -> 1.0936279e-05 | M37: ='Off-farm feed'!$L$75 -> 6.4606961e-07 | N37: ='Off-farm feed'!$M$75 -> 2.1884762e-05 | P37: ='Off-farm feed'!$O$75 -> 4.5962128e-05 | Q37: ='Off-farm feed'!$P$75 -> 8.8695652e-05 | R37: ='Parameters, country spec'!D22 -> 0.062756108
B38: Soy bean meal | C38: Protein feed | D38: Brazil, Argentina | F38: =SUM(G38:Q38) -> 0.00047266554 | G38: ='Off-farm feed'!$F$24 -> 1.5603516e-05 | H38: ='Off-farm feed'!$G$24 -> 7.5304878e-05 | K38: ='Off-farm feed'!$J$24 -> 1.9084591e-05 | M38: ='Off-farm feed'!$L$24 -> 5.9672097e-07 | N38: ='Off-farm feed'!$M$24 -> 2.3084272e-05 | P38: ='Off-farm feed'!$O$24 -> 0.00012899156 | Q38: ='Off-farm feed'!$P$24 -> 0.00021 | R38: ='Parameters, country spec'!D23 -> 0.06029993
B39: By-products | C39: By-product | D39: Germany | E39: DE | F39: =SUM(G39:Q39) -> 0.0010209972 | G39: 0 | H39: 8.55e-06 | I39: 0 | K39: 1.0306345e-06 | L39: 0 | M39: 1.9130625e-13 | N39: 2.7250759e-06 | P39: 0.0009981829 | Q39: 1.0508579e-05 | R39: ='Parameters, country spec'!D24 -> 0.012029357
B40: Other, feed | C40: Feed, other | D40: Germany | E40: DE | F40: =SUM(G40:Q40) -> 0.00015469727 | G40: =AVERAGE(G30:G38) -> 2.0453444e-05 | H40: =AVERAGE(H30:H38) -> 8.7351883e-05 | K40: =AVERAGE(K30:K38) -> 1.6058874e-05 | M40: =AVERAGE(M30:M38) -> 2.2864705e-06 | N40: =AVERAGE(N30:N38) -> 2.8546598e-05 | R40: ='Parameters, country spec'!D25 -> 0.003491385
B41: Total for the feed mix: | F41: =SUMPRODUCT(F30:F40,$R$30:$R$40) -> 0.00018291941 | G41: =SUMPRODUCT(G30:G40,$R$30:$R$40) -> 1.1585293e-05 | H41: =SUMPRODUCT(H30:H40,$R$30:$R$40) -> 8.966204e-05 | I41: =SUMPRODUCT(I30:I40,$R$30:$R$40) -> 0 | J41: =SUMPRODUCT(J30:J40,$R$30:$R$40) -> 0 | K41: =SUMPRODUCT(K30:K40,$R$30:$R$40) -> 1.1215771e-05 | L41: =SUMPRODUCT(L30:L40,$R$30:$R$40) -> 0 | M41: =SUMPRODUCT(M30:M40,$R$30:$R$40) -> 4.5009287e-07 | ... O41: =SUMPRODUCT(O30:O40,$R$30:$R$40) -> 0 | P41: =SUMPRODUCT(P30:P40,R30:R40) -> 2.2670085e-05 | Q41: =SUMPRODUCT(Q30:Q40,$R$30:$R$40) -> 1.8355591e-05
A42: 0115 | B42: Barley, average | C42: Cereals, incl feed | D42: Greece | E42: GR | F42: =SUM(G42:Q42) -> 0.00016286318 | G42: 0 | H42: 9.5e-05 | I42: 0 | K42: 2.9908858e-05 | L42: 0 | M42: 0 | N42: 3.7954325e-05 | R42: ='Parameters, country spec'!E15 -> 0.17624165
A43: 0112 | B43: Maize (corn) | C43: Cereals, incl feed | D43: Greece | E43: GR | F43: =SUM(G43:Q43) -> 0.00017444029 | G43: 0 | H43: 9.5e-05 | I43: 0 | K43: 6.7727293e-06 | L43: 0 | M43: 3.4713234e-05 | N43: 3.7954325e-05 | R43: ='Parameters, country spec'!E16 -> 0.52712317
A44: 0117 | B44: Oats | C44: Cereals, incl feed | D44: Greece | E44: GR | F44: =SUM(G44:Q44) -> 0.00020353235 | G44: 0 | H44: 9.5e-05 | I44: 0 | K44: 7.0130606e-05 | L44: 0 | M44: 4.4742319e-07 | N44: 3.7954325e-05 | R44: ='Parameters, country spec'!E17 -> 0.047896893
A45: 0116 | B45: Rye | C45: Cereals, incl feed | D45: Greece | E45: GR | F45: =SUM(G45:Q45) -> 0.00018013223 | G45: 0 | H45: 9.5e-05 | I45: 0 | K45: 4.4443451e-05 | L45: 0 | M45: 2.7344534e-06 | N45: 3.7954325e-05 | R45: ='Parameters, country spec'!E18 -> 0.010564366
A46: 0111 | B46: Wheat, average | C46: Cereals, incl feed | D46: Greece | E46: GR | F46: =SUM(G46:Q46) -> 0.0001635462 | G46: 0 | H46: 9.5e-05 | I46: 0 | K46: 2.8520714e-05 | L46: 0 | M46: 2.0711567e-06 | N46: 3.7954325e-05 | R46: ='Parameters, country spec'!E19 -> 0.0075759891
A47: 01705 | B47: Peas, dry | C47: Pulses, incl feed | D47: Greece | E47: GR | F47: =SUM(G47:Q47) -> 0.00032740779 | G47: 0 | H47: 9.5e-05 | I47: 0 | K47: 4.8844803e-05 | L47: 0 | M47: 0.00014560866 | N47: 3.7954325e-05 | R47: ='Parameters, country spec'!E20 -> 0.00052541699
A48: 01702 | B48: Broad beans and horse beans, dry | C48: Pulses, incl feed | D48: Greece | E48: GR | F48: =SUM(G48:Q48) -> 0.00027766326 | G48: 0 | H48: 9.5e-05 | I48: 0 | K48: 2.7713651e-05 | L48: 0 | M48: 0.00011699529 | N48: 3.7954325e-05 | R48: ='Parameters, country spec'!E21 -> 0.00051613263
B49: Rape seed cake | C49: Protein feed | D49: France, Germany, Poland | F49: =SUM(G49:Q49) -> 0.00038246444 | G49: ='Off-farm feed'!$F$75 -> 0.00016847748 | H49: ='Off-farm feed'!$G$75 -> 4.5862069e-05 | K49: ='Off-farm feed'!$J$75 -> 1.0936279e-05 | M49: ='Off-farm feed'!$L$75 -> 6.4606961e-07 | N49: ='Off-farm feed'!$M$75 -> 2.1884762e-05 | P49: ='Off-farm feed'!$O$75 -> 4.5962128e-05 | Q49: ='Off-farm feed'!$P$75 -> 8.8695652e-05 | R49: ='Parameters, country spec'!E22 -> 0.00057339278
B50: Soy bean meal | C50: Protein feed | D50: Brazil, Argentina | F50: =SUM(G50:Q50) -> 0.00047266554 | G50: ='Off-farm feed'!$F$24 -> 1.5603516e-05 | H50: ='Off-farm feed'!$G$24 -> 7.5304878e-05 | K50: ='Off-farm feed'!$J$24 -> 1.9084591e-05 | M50: ='Off-farm feed'!$L$24 -> 5.9672097e-07 | N50: ='Off-farm feed'!$M$24 -> 2.3084272e-05 | P50: ='Off-farm feed'!$O$24 -> 0.00012899156 | Q50: ='Off-farm feed'!$P$24 -> 0.00021 | R50: ='Parameters, country spec'!E23 -> 0.1010355
B51: By-products | C51: By-product | D51: Greece | E51: GR | F51: =SUM(G51:Q51) -> 0.0014750446 | G51: 0 | H51: 8.55e-06 | I51: 0 | K51: 2.5668643e-06 | L51: 0 | M51: 1.864041e-07 | N51: 3.4158892e-06 | P51: 0.0014294971 | Q51: 3.0828311e-05 | R51: ='Parameters, country spec'!E24 -> 0.063687941
B52: Other, feed | C52: Feed, other | D52: Greece | E52: GR | F52: =SUM(G52:Q52) -> 0.00035724404 | G52: =AVERAGE(G42:G50) -> 2.0453444e-05 | H52: =AVERAGE(H42:H50) -> 8.7351883e-05 | K52: =AVERAGE(K42:K50) -> 3.1817298e-05 | M52: =AVERAGE(M42:M50) -> 3.3757e-05 | N52: =AVERAGE(N42:N50) -> 3.4516589e-05 | Q52: =AVERAGE(Q42:Q50) -> 0.00014934783 | R52: ='Parameters, country spec'!E25 -> 0.064259547
B53: Total for the feed mix: | F53: =SUMPRODUCT(F42:F52,$R$42:$R$52) -> 0.0002987349 | G53: =SUMPRODUCT(G42:G52,$R$42:$R$52) -> 2.9874418e-06 | H53: =SUMPRODUCT(H42:H52,$R$42:$R$52) -> 8.6984631e-05 | I53: =SUMPRODUCT(I42:I52,$R$42:$R$52) -> 0 | J53: =SUMPRODUCT(J42:J52,$R$42:$R$52) -> 0 | K53: =SUMPRODUCT(K42:K52,$R$42:$R$52) -> 1.706838e-05 | L53: =SUMPRODUCT(L42:L52,$R$42:$R$52) -> 0 | M53: =SUMPRODUCT(M42:M52,$R$42:$R$52) -> 2.0742791e-05 | ... O53: =SUMPRODUCT(O42:O52,$R$42:$R$52) -> 0 | P53: =SUMPRODUCT(P42:P52,R42:R52) -> 0.00010410081 | Q53: =SUMPRODUCT(Q42:Q52,$R$42:$R$52) -> 3.2828728e-05
A54: 0115 | B54: Barley, average | C54: Cereals, incl feed | D54: Hungary | E54: HU | F54: =SUM(G54:Q54) -> 0.00014501465 | G54: 0 | H54: 9.5e-05 | I54: 0 | K54: 1.5393651e-05 | L54: 0 | M54: 0 | N54: 3.4621e-05 | R54: ='Parameters, country spec'!F15 -> 0.094621647
A55: 0112 | B55: Maize (corn) | C55: Cereals, incl feed | D55: Hungary | E55: HU | F55: =SUM(G55:Q55) -> 0.00014092694 | G55: 0 | H55: 9.5e-05 | I55: 0 | K55: 1.1061501e-05 | L55: 0 | M55: 2.4443796e-07 | N55: 3.4621e-05 | R55: ='Parameters, country spec'!F16 -> 0.56124002
A56: 0117 | B56: Oats | C56: Cereals, incl feed | D56: Hungary | E56: HU | F56: =SUM(G56:Q56) -> 0.00015843171 | G56: 0 | H56: 9.5e-05 | I56: 0 | K56: 2.8810715e-05 | L56: 0 | M56: 0 | N56: 3.4621e-05 | R56: ='Parameters, country spec'!F17 -> 0.05068001
A57: 0116 | B57: Rye | C57: Cereals, incl feed | D57: Hungary | E57: HU | F57: =SUM(G57:Q57) -> 0.00015661395 | G57: 0 | H57: 9.5e-05 | I57: 0 | K57: 2.6992954e-05 | L57: 0 | M57: 0 | N57: 3.4621e-05 | R57: ='Parameters, country spec'!F18 -> 0.019697569
A58: 0111 | B58: Wheat, average | C58: Cereals, incl feed | D58: Hungary | E58: HU | F58: =SUM(G58:Q58) -> 0.00014529024 | G58: 0 | H58: 9.5e-05 | I58: 0 | K58: 1.5669237e-05 | L58: 0 | M58: 0 | N58: 3.4621e-05 | R58: ='Parameters, country spec'!F19 -> 0.088612672
A59: 01705 | B59: Peas, dry | C59: Pulses, incl feed | D59: Hungary | E59: HU | F59: =SUM(G59:Q59) -> 0.00023889914 | G59: 0 | H59: 9.5e-05 | I59: 0 | K59: 3.3607144e-05 | L59: 0 | M59: 7.5670996e-05 | N59: 3.4621e-05 | R59: ='Parameters, country spec'!F20 -> 0.00090551224
A60: 01702 | B60: Broad beans and horse beans, dry | C60: Pulses, incl feed | D60: Hungary | E60: HU | F60: =SUM(G60:Q60) -> 0.00027852379 | G60: 0 | H60: 9.5e-05 | I60: 0 | K60: 5.3019283e-05 | L60: 0 | M60: 9.5883508e-05 | N60: 3.4621e-05 | R60: ='Parameters, country spec'!F21 -> 0.00088951142
B61: Rape seed cake | C61: Protein feed | D61: France, Germany, Poland | F61: =SUM(G61:Q61) -> 0.00038246444 | G61: ='Off-farm feed'!$F$75 -> 0.00016847748 | H61: ='Off-farm feed'!$G$75 -> 4.5862069e-05 | K61: ='Off-farm feed'!$J$75 -> 1.0936279e-05 | M61: ='Off-farm feed'!$L$75 -> 6.4606961e-07 | N61: ='Off-farm feed'!$M$75 -> 2.1884762e-05 | P61: ='Off-farm feed'!$O$75 -> 4.5962128e-05 | Q61: ='Off-farm feed'!$P$75 -> 8.8695652e-05 | R61: ='Parameters, country spec'!F22 -> 0.00039081133
B62: Soy bean meal | C62: Protein feed | D62: Brazil, Argentina | F62: =SUM(G62:Q62) -> 0.00047266554 | G62: ='Off-farm feed'!$F$24 -> 1.5603516e-05 | H62: ='Off-farm feed'!$G$24 -> 7.5304878e-05 | K62: ='Off-farm feed'!$J$24 -> 1.9084591e-05 | M62: ='Off-farm feed'!$L$24 -> 5.9672097e-07 | N62: ='Off-farm feed'!$M$24 -> 2.3084272e-05 | P62: ='Off-farm feed'!$O$24 -> 0.00012899156 | Q62: ='Off-farm feed'!$P$24 -> 0.00021 | R62: ='Parameters, country spec'!F23 -> 0.07452009
B63: By-products | C63: By-product | D63: Hungary | E63: HU | F63: =SUM(G63:Q63) -> 0.001258374 | G63: 0 | H63: 8.55e-06 | I63: 0 | K63: 1.4102313e-06 | L63: 0 | M63: 0 | N63: 3.11589e-06 | P63: 0.0012421905 | Q63: 3.1073875e-06 | R63: ='Parameters, country spec'!F24 -> 0.058765675
B64: Other, feed | C64: Feed, other | D64: Hungary | E64: HU | F64: =SUM(G64:Q64) -> 0.0001827979 | G64: =AVERAGE(G54:G62) -> 2.0453444e-05 | H64: =AVERAGE(H54:H62) -> 8.7351883e-05 | K64: =AVERAGE(K54:K62) -> 2.3841706e-05 | M64: =AVERAGE(M54:M62) -> 1.9226859e-05 | N64: =AVERAGE(N54:N62) -> 3.1924004e-05 | R64: ='Parameters, country spec'!F25 -> 0.049676486
B65: Total for the feed mix: | F65: =SUMPRODUCT(F54:F64,$R$54:$R$64) -> 0.00023567073 | G65: =SUMPRODUCT(G54:G64,$R$54:$R$64) -> 2.2446735e-06 | H65: =SUMPRODUCT(H54:H64,$R$54:$R$64) -> 8.805289e-05 | I65: =SUMPRODUCT(I54:I64,$R$54:$R$64) -> 0 | J65: =SUMPRODUCT(J54:J64,$R$54:$R$64) -> 0 | K65: =SUMPRODUCT(K54:K64,$R$54:$R$64) -> 1.3816343e-05 | L65: =SUMPRODUCT(L54:L64,$R$54:$R$64) -> 0 | M65: =SUMPRODUCT(M54:M64,$R$54:$R$64) -> 1.2908418e-06 | ... O65: =SUMPRODUCT(O54:O64,$R$54:$R$64) -> 0 | P65: =SUMPRODUCT(P54:P64,R54:R64) -> 8.2628585e-05 | Q65: =SUMPRODUCT(Q54:Q64,$R$54:$R$64) -> 1.586649e-05
A66: 0115 | B66: Barley, average | C66: Cereals, incl feed | D66: Ireland | E66: IE | F66: =SUM(G66:Q66) -> 0.00012752637 | G66: 0 | H66: 9.5e-05 | I66: 0 | K66: 1.1534093e-05 | L66: 0 | M66: 0 | N66: 2.0992281e-05 | R66: ='Parameters, country spec'!G15 -> 0.015696345
A67: 0112 | B67: Maize (corn) | C67: Cereals, incl feed | D67: Ireland | E67: IE | F67: =SUM(G67:Q67) -> 0.00013043464 | G67: 0 | H67: 9.5e-05 | I67: 0 | K67: 8.0196374e-06 | L67: 0 | M67: 9.4674825e-06 | N67: 1.7947524e-05 | R67: ='Parameters, country spec'!G16 -> 0.0043262189
A68: 0117 | B68: Oats | C68: Cereals, incl feed | D68: Ireland | E68: IE | F68: =SUM(G68:Q68) -> 0.00012660594 | G68: 0 | H68: 9.5e-05 | I68: 0 | K68: 1.0613661e-05 | L68: 0 | M68: 0 | N68: 2.0992281e-05 | R68: ='Parameters, country spec'!G17 -> 0.00090473725
A69: 0116 | B69: Rye | C69: Cereals, incl feed | D69: Ireland | E69: IE | F69: =SUM(G69:Q69) -> 0.00013385318 | G69: 0 | H69: 9.5e-05 | I69: 0 | K69: 2.082412e-05 | L69: 0 | M69: 8.1537759e-08 | N69: 1.7947524e-05 | R69: ='Parameters, country spec'!G18 -> 0
A70: 0111 | B70: Wheat, average | C70: Cereals, incl feed | D70: Ireland | E70: IE | F70: =SUM(G70:Q70) -> 0.00012544698 | G70: 0 | H70: 9.5e-05 | I70: 0 | K70: 9.4547023e-06 | L70: 0 | M70: 0 | N70: 2.0992281e-05 | R70: ='Parameters, country spec'!G19 -> 0.0067415867
A71: 01705 | B71: Peas, dry | C71: Pulses, incl feed | D71: Ireland | E71: IE | F71: =SUM(G71:Q71) -> 0.00013303878 | G71: 0 | H71: 9.5e-05 | I71: 0 | K71: 1.7046498e-05 | L71: 0 | M71: 0 | N71: 2.0992281e-05 | R71: ='Parameters, country spec'!G20 -> 0.00019914213
A72: 01702 | B72: Broad beans and horse beans, dry | C72: Pulses, incl feed | D72: Ireland | E72: IE | F72: =SUM(G72:Q72) -> 0.00013185743 | G72: 0 | H72: 9.5e-05 | I72: 0 | K72: 1.5865153e-05 | L72: 0 | M72: 0 | N72: 2.0992281e-05 | R72: ='Parameters, country spec'!G21 -> 0.00019562319
B73: Rape seed cake | C73: Protein feed | D73: France, Germany, Poland | F73: =SUM(G73:Q73) -> 0.00038246444 | G73: ='Off-farm feed'!$F$75 -> 0.00016847748 | H73: ='Off-farm feed'!$G$75 -> 4.5862069e-05 | K73: ='Off-farm feed'!$J$75 -> 1.0936279e-05 | M73: ='Off-farm feed'!$L$75 -> 6.4606961e-07 | N73: ='Off-farm feed'!$M$75 -> 2.1884762e-05 | P73: ='Off-farm feed'!$O$75 -> 4.5962128e-05 | Q73: ='Off-farm feed'!$P$75 -> 8.8695652e-05 | R73: ='Parameters, country spec'!G22 -> 0.010661632
B74: Soy bean meal | C74: Protein feed | D74: Brazil, Argentina | F74: =SUM(G74:Q74) -> 0.00047266554 | G74: ='Off-farm feed'!$F$24 -> 1.5603516e-05 | H74: ='Off-farm feed'!$G$24 -> 7.5304878e-05 | K74: ='Off-farm feed'!$J$24 -> 1.9084591e-05 | M74: ='Off-farm feed'!$L$24 -> 5.9672097e-07 | N74: ='Off-farm feed'!$M$24 -> 2.3084272e-05 | P74: ='Off-farm feed'!$O$24 -> 0.00012899156 | Q74: ='Off-farm feed'!$P$24 -> 0.00021 | R74: ='Parameters, country spec'!G23 -> 0.020288139
B75: By-products | C75: By-product | D75: Ireland | E75: IE | F75: =SUM(G75:Q75) -> 0.00051398626 | G75: 0 | H75: 8.55e-06 | I75: 0 | K75: 8.5092321e-07 | L75: 0 | M75: 0 | N75: 1.8893053e-06 | P75: 0.00047636352 | Q75: 2.6332512e-05 | R75: ='Parameters, country spec'!G24 -> 0.020037842
B76: Other, feed | C76: Feed, other | D76: Ireland | E76: IE | F76: =SUM(G76:Q76) -> 0.00014336044 | G76: =AVERAGE(G66:G74) -> 2.0453444e-05 | H76: =AVERAGE(H66:H74) -> 8.7351883e-05 | K76: =AVERAGE(K66:K74) -> 1.3708748e-05 | M76: =AVERAGE(M66:M74) -> 1.1990901e-06 | N76: =AVERAGE(N66:N74) -> 2.0647276e-05 | R76: ='Parameters, country spec'!G25 -> 0.92094873
B77: Total for the feed mix: | F77: =SUMPRODUCT(F66:F76,$R$66:$R$76) -> 0.00015957252 | G77: =SUMPRODUCT(G66:G76,$R$66:$R$76) -> 2.0949384e-05 | H77: =SUMPRODUCT(H66:H76,$R$66:$R$76) -> 8.5300737e-05 | I77: =SUMPRODUCT(I66:I76,$R$66:$R$76) -> 0 | J77: =SUMPRODUCT(J66:J76,$R$66:$R$76) -> 0 | K77: =SUMPRODUCT(K66:K76,$R$66:$R$76) -> 1.3441473e-05 | L77: =SUMPRODUCT(L66:L76,$R$66:$R$76) -> 0 | M77: =SUMPRODUCT(M66:M76,$R$66:$R$76) -> 1.1642534e-06 | ... O77: =SUMPRODUCT(O66:O76,$R$66:$R$76) -> 0 | P77: =SUMPRODUCT(P66:P76,R66:R76) -> 1.2652327e-05 | Q77: =SUMPRODUCT(Q66:Q76,$R$66:$R$76) -> 5.7337962e-06
A78: 0115 | B78: Barley, average | C78: Cereals, incl feed | D78: Italy | E78: IT | F78: =SUM(G78:Q78) -> 0.00016081792 | G78: 0 | H78: 9.5e-05 | I78: 0 | K78: 2.0408954e-05 | L78: 0 | M78: 0 | N78: 4.5408969e-05 | R78: ='Parameters, country spec'!H15 -> 0.08763474
A79: 0112 | B79: Maize (corn) | C79: Cereals, incl feed | D79: Italy | E79: IT | F79: =SUM(G79:Q79) -> 0.00015559892 | G79: 0 | H79: 9.5e-05 | I79: 0 | K79: 7.0135973e-06 | L79: 0 | M79: 8.1763587e-06 | N79: 4.5408969e-05 | R79: ='Parameters, country spec'!H16 -> 0.57303227
A80: 0117 | B80: Oats | C80: Cereals, incl feed | D80: Italy | E80: IT | F80: =SUM(G80:Q80) -> 0.00017509623 | G80: 0 | H80: 9.5e-05 | I80: 0 | K80: 3.4687258e-05 | L80: 0 | M80: 0 | N80: 4.5408969e-05 | R80: ='Parameters, country spec'!H17 -> 0.018199416
A81: 0116 | B81: Rye | C81: Cereals, incl feed | D81: Italy | E81: IT | F81: =SUM(G81:Q81) -> 0.00016950607 | G81: 0 | H81: 9.5e-05 | I81: 0 | K81: 2.6577983e-05 | L81: 0 | M81: 2.5191193e-06 | N81: 4.5408969e-05 | R81: ='Parameters, country spec'!H18 -> 0.001450063
A82: 0111 | B82: Wheat, average | C82: Cereals, incl feed | D82: Italy | E82: IT | F82: =SUM(G82:Q82) -> 0.00016460419 | G82: 0 | H82: 9.5e-05 | I82: 0 | K82: 2.217155e-05 | L82: 0 | M82: 2.0236683e-06 | N82: 4.5408969e-05 | R82: ='Parameters, country spec'!H19 -> 0.083008572
A83: 01705 | B83: Peas, dry | C83: Pulses, incl feed | D83: Italy | E83: IT | F83: =SUM(G83:Q83) -> 0.00016861046 | G83: 0 | H83: 9.5e-05 | I83: 0 | K83: 2.7899904e-05 | L83: 0 | M83: 3.0159252e-07 | N83: 4.5408969e-05 | R83: ='Parameters, country spec'!H20 -> 0.0019271366
A84: 01702 | B84: Broad beans and horse beans, dry | C84: Pulses, incl feed | D84: Italy | E84: IT | F84: =SUM(G84:Q84) -> 0.00018035827 | G84: 0 | H84: 9.5e-05 | I84: 0 | K84: 3.9529875e-05 | L84: 0 | M84: 4.1942651e-07 | N84: 4.5408969e-05 | R84: ='Parameters, country spec'!H21 -> 0.0018930832
B85: Rape seed cake | C85: Protein feed | D85: France, Germany, Poland | F85: =SUM(G85:Q85) -> 0.00038246444 | G85: ='Off-farm feed'!$F$75 -> 0.00016847748 | H85: ='Off-farm feed'!$G$75 -> 4.5862069e-05 | K85: ='Off-farm feed'!$J$75 -> 1.0936279e-05 | M85: ='Off-farm feed'!$L$75 -> 6.4606961e-07 | N85: ='Off-farm feed'!$M$75 -> 2.1884762e-05 | P85: ='Off-farm feed'!$O$75 -> 4.5962128e-05 | Q85: ='Off-farm feed'!$P$75 -> 8.8695652e-05 | R85: ='Parameters, country spec'!H22 -> 0.0032461288
B86: Soy bean meal | C86: Protein feed | D86: Brazil, Argentina | F86: =SUM(G86:Q86) -> 0.00047266554 | G86: ='Off-farm feed'!$F$24 -> 1.5603516e-05 | H86: ='Off-farm feed'!$G$24 -> 7.5304878e-05 | K86: ='Off-farm feed'!$J$24 -> 1.9084591e-05 | M86: ='Off-farm feed'!$L$24 -> 5.9672097e-07 | N86: ='Off-farm feed'!$M$24 -> 2.3084272e-05 | P86: ='Off-farm feed'!$O$24 -> 0.00012899156 | Q86: ='Off-farm feed'!$P$24 -> 0.00021 | R86: ='Parameters, country spec'!H23 -> 0.080143174
B87: By-products | C87: By-product | D87: Italy | E87: IT | F87: =SUM(G87:Q87) -> 0.0018942176 | G87: 0 | H87: 8.55e-06 | I87: 0 | K87: 1.9954395e-06 | L87: 0 | M87: 1.8213015e-07 | N87: 4.0868072e-06 | P87: 0.0018483896 | Q87: 3.1013709e-05 | R87: ='Parameters, country spec'!H24 -> 0.084604093
B88: Other, feed | C88: Feed, other | D88: Italy | E88: IT | F88: =SUM(G88:Q88) -> 0.00032224479 | G88: =AVERAGE(G78:G86) -> 2.0453444e-05 | H88: =AVERAGE(H78:H86) -> 8.7351883e-05 | K88: =AVERAGE(K78:K86) -> 2.3145555e-05 | M88: =AVERAGE(M78:M86) -> 1.6314395e-06 | N88: =AVERAGE(N78:N86) -> 4.0314646e-05 | Q88: =AVERAGE(Q78:Q86) -> 0.00014934783 | R88: ='Parameters, country spec'!H25 -> 0.064861328
B89: Total for the feed mix: | F89: =SUMPRODUCT(F78:F88,$R$78:$R$88) -> 0.00034130105 | G89: =SUMPRODUCT(G78:G88,$R$78:$R$88) -> 3.1240524e-06 | H89: =SUMPRODUCT(H78:H88,$R$78:$R$88) -> 8.5451972e-05 | I89: =SUMPRODUCT(I78:I88,$R$78:$R$88) -> 0 | J89: =SUMPRODUCT(J78:J88,$R$78:$R$88) -> 0 | K89: =SUMPRODUCT(K78:K88,$R$78:$R$88) -> 1.1681481e-05 | L89: =SUMPRODUCT(L78:L88,$R$78:$R$88) -> 0 | M89: =SUMPRODUCT(M78:M88,$R$78:$R$88) -> 5.0294739e-06 | ... O89: =SUMPRODUCT(O78:O88,$R$78:$R$88) -> 0 | P89: =SUMPRODUCT(P78:P88,R78:R88) -> 0.00016686831 | Q89: =SUMPRODUCT(Q78:Q88,$R$78:$R$88) -> 2.9428769e-05
