Workbook
Name Ability_to_perceive_handling: 'Parameters, general'!$B$16
Name AF_lard: 'Parameters, general'!$B$34
Name AF_meat: 'Parameters, general'!$B$32
Name AF_offal: 'Parameters, general'!$B$33
Name Boars_per_sow: 'Parameters, country spec'!$L$19
Name Bonefree_outof_CW_DE: 'Parameters, country spec'!$D$8
Name Bonefree_outof_CW_DK: 'Parameters, country spec'!$B$8
Name Bonefree_outof_CW_ES: 'Parameters, country spec'!$K$8
Name Bonefree_outof_CW_FR: 'Parameters, country spec'!$C$8
Name Bonefree_outof_CW_GR: 'Parameters, country spec'!$E$8
Name Bonefree_outof_CW_HU: 'Parameters, country spec'!$F$8
Name Bonefree_outof_CW_IE: 'Parameters, country spec'!$G$8
Name Bonefree_outof_CW_IT: 'Parameters, country spec'!$H$8
Name Bonefree_outof_CW_NL: 'Parameters, country spec'!$I$8
Name Bonefree_outof_CW_PL: 'Parameters, country spec'!$J$8
Name Bonefree_outof_CW_SE: 'Parameters, country spec'!$L$8
Name CF_GWP_CH4_fossil: 'Parameters, general'!$B$11
Name CF_GWP_N2O: 'Parameters, general'!$B$12
Name Crop_data: #REF!
Name Crop_data_codes: #REF!
Name EF_biofuel_CH4: 'Parameters, general'!$C$7
Name EF_biofuel_N2O: 'Parameters, general'!$D$7
Name EF_biofuels_CO2: 'Parameters, general'!$B$7
Name EF_el_CH4_BR: 'Parameters, general'!$B$28
Name EF_el_CH4_DE: 'Parameters, country spec'!$D$94
Name EF_el_CH4_DK: 'Parameters, country spec'!$B$94
Name EF_el_CH4_ES: 'Parameters, country spec'!$K$94
Name EF_el_CH4_FR: 'Parameters, country spec'!$C$94
Name EF_el_CH4_GR: 'Parameters, country spec'!$E$94
Name EF_el_CH4_HU: 'Parameters, country spec'!$F$94
Name EF_el_CH4_IE: 'Parameters, country spec'!$G$94
Name EF_el_CH4_IT: 'Parameters, country spec'!$H$94
Name EF_el_CH4_NL: 'Parameters, country spec'!$I$94
Name EF_el_CH4_PL: 'Parameters, country spec'!$J$94
Name EF_el_CH4_SE: 'Parameters, country spec'!$L$94
Name EF_el_CO2_BR: 'Parameters, general'!$B$27
Name EF_el_CO2_DE: 'Parameters, country spec'!$D$93
Name EF_el_CO2_DK: 'Parameters, country spec'!$B$93
Name EF_el_CO2_ES: 'Parameters, country spec'!$K$93
Name EF_el_CO2_FR: 'Parameters, country spec'!$C$93
Name EF_el_CO2_GR: 'Parameters, country spec'!$E$93
Name EF_el_CO2_HU: 'Parameters, country spec'!$F$93
Name EF_el_CO2_IE: 'Parameters, country spec'!$G$93
Name EF_el_CO2_IT: 'Parameters, country spec'!$H$93
Name EF_el_CO2_NL: 'Parameters, country spec'!$I$93
Name EF_el_CO2_PL: 'Parameters, country spec'!$J$93
Name EF_el_CO2_SE: 'Parameters, country spec'!$L$93
Name EF_el_N2O_BR: 'Parameters, general'!$B$29
Name EF_el_N2O_DE: 'Parameters, country spec'!$D$95
Name EF_el_N2O_DK: 'Parameters, country spec'!$B$95
Name EF_el_N2O_ES: 'Parameters, country spec'!$K$95
Name EF_el_N2O_FR: 'Parameters, country spec'!$C$95
Name EF_el_N2O_GR: 'Parameters, country spec'!$E$95
Name EF_el_N2O_HU: 'Parameters, country spec'!$F$95
Name EF_el_N2O_IE: 'Parameters, country spec'!$G$95
Name EF_el_N2O_IT: 'Parameters, country spec'!$H$95
Name EF_el_N2O_NL: 'Parameters, country spec'!$I$95
Name EF_el_N2O_PL: 'Parameters, country spec'!$J$95
Name EF_el_N2O_SE: 'Parameters, country spec'!$L$95
Name EF_electricity: 'Parameters, country spec'!$L$92

Sheet INFO
A2: Info
A4: This is a file that contains the calculation of the footprints for pork.
A6: Color codes for tabs:
B8: Results
B9: Tabs for input
B10: Intermediate calculations
B11: Figures

Sheet Figures
A2: Figures
A4: Greenhouse gas emission for bonefree pig meat across countries, to farmgate including slaughter, no waste
B6: Production of mineral fertilizer | C6: Production of capital goods | D6: Emissions from soil | E6: Diesel use field machinary | F6: Energy use for feed processing | G6: Land use change emissions | H6: Feed transports | I6: Enteric fermentation | J6: Manure management | K6: Energy use in stables | L6: Energy use for slaughter | M6: Tot | P6: Order this study: | R6: Order Lesschen:
A7: Greece | B7: ='GHG det, per kg meat'!H26 -> 0.26403225 | C7: ='GHG det, per kg meat'!I26 -> 0.14884189 | D7: ='GHG det, per kg meat'!J26+'GHG det, per kg meat'!K26 -> 0.7276135 | E7: ='GHG det, per kg meat'!L26 -> 0.25704381 | F7: ='GHG det, per kg meat'!O26 -> 0.23106045 | G7: ='GHG det, per kg meat'!P26 -> 0.26289895 | H7: ='GHG det, per kg meat'!R26 -> 0.23780349 | I7: ='GHG det, per kg meat'!S26 -> 0.25045059 | J7: ='GHG det, per kg meat'!T26 -> 4.6239267 | K7: ='GHG det, per kg meat'!W26 -> 0.53247711 | L7: ='GHG det, per kg meat'!X26 -> 0.2280915 | M7: =SUM(B7:L7) -> 7.7642402 | P7: Greece | R7: Greece
A8: Spain | B8: ='GHG det, per kg meat'!H56 -> 0.48695011 | C8: ='GHG det, per kg meat'!I56 -> 0.19640662 | D8: ='GHG det, per kg meat'!J56+'GHG det, per kg meat'!K56 -> 1.0342953 | E8: ='GHG det, per kg meat'!L56 -> 0.30921964 | F8: ='GHG det, per kg meat'!O56 -> 0.26092488 | G8: ='GHG det, per kg meat'!P56 -> 0.31235344 | H8: ='GHG det, per kg meat'!R56 -> 0.26717907 | I8: ='GHG det, per kg meat'!S56 -> 0.26801741 | J8: ='GHG det, per kg meat'!T56 -> 2.2857223 | K8: ='GHG det, per kg meat'!W56 -> 0.34626109 | L8: ='GHG det, per kg meat'!X56 -> 0.15521479 | M8: =SUM(B8:L8) -> 5.9225447 | P8: Netherlands | R8: Netherlands
A9: Netherlands | B9: ='GHG det, per kg meat'!H46 -> 0.2994407 | C9: ='GHG det, per kg meat'!I46 -> 0.1584992 | D9: ='GHG det, per kg meat'!J46+'GHG det, per kg meat'!K46 -> 0.70851011 | E9: ='GHG det, per kg meat'!L46 -> 0.15278681 | F9: ='GHG det, per kg meat'!O46 -> 0.24018796 | G9: ='GHG det, per kg meat'!P46 -> 0.23884444 | H9: ='GHG det, per kg meat'!R46 -> 0.23496083 | I9: ='GHG det, per kg meat'!S46 -> 0.23365466 | J9: ='GHG det, per kg meat'!T46 -> 2.5704535 | K9: ='GHG det, per kg meat'!W46 -> 0.4170432 | L9: ='GHG det, per kg meat'!X46 -> 0.19720038 | M9: =SUM(B9:L9) -> 5.4515818 | P9: Spain | R9: Hungary
A10: Italy | B10: ='GHG det, per kg meat'!H41 -> 0.18825363 | C10: ='GHG det, per kg meat'!I41 -> 0.150954 | D10: ='GHG det, per kg meat'!J41+'GHG det, per kg meat'!K41 -> 0.65040983 | E10: ='GHG det, per kg meat'!L41 -> 0.16338125 | F10: ='GHG det, per kg meat'!O41 -> 0.21231362 | G10: ='GHG det, per kg meat'!P41 -> 0.21659937 | H10: ='GHG det, per kg meat'!R41 -> 0.19079747 | I10: ='GHG det, per kg meat'!S41 -> 0.16859734 | J10: ='GHG det, per kg meat'!T41 -> 2.6149658 | K10: ='GHG det, per kg meat'!W41 -> 0.25080031 | L10: ='GHG det, per kg meat'!X41 -> 0.17064176 | M10: =SUM(B10:L10) -> 4.9777144 | P10: Italy | R10: Germany
A11: Hungary | B11: ='GHG det, per kg meat'!H31 -> 0.32625745 | C11: ='GHG det, per kg meat'!I31 -> 0.17888643 | D11: ='GHG det, per kg meat'!J31+'GHG det, per kg meat'!K31 -> 0.94565531 | E11: ='GHG det, per kg meat'!L31 -> 0.21755927 | F11: ='GHG det, per kg meat'!O31 -> 0.25566802 | G11: ='GHG det, per kg meat'!P31 -> 0.26275644 | H11: ='GHG det, per kg meat'!R31 -> 0.18221524 | I11: ='GHG det, per kg meat'!S31 -> 0.26501291 | J11: ='GHG det, per kg meat'!T31 -> 1.4994277 | K11: ='GHG det, per kg meat'!W31 -> 0.44809451 | L11: ='GHG det, per kg meat'!X31 -> 0.189827 | M11: =SUM(B11:L11) -> 4.7713603 | P11: France | R11: Italy
A12: France | B12: ='GHG det, per kg meat'!H16 -> 0.28782489 | C12: ='GHG det, per kg meat'!I16 -> 0.15657272 | D12: ='GHG det, per kg meat'!J16+'GHG det, per kg meat'!K16 -> 0.77835376 | E12: ='GHG det, per kg meat'!L16 -> 0.16263327 | F12: ='GHG det, per kg meat'!O16 -> 0.19659118 | G12: ='GHG det, per kg meat'!P16 -> 0.13474615 | H12: ='GHG det, per kg meat'!R16 -> 0.13103508 | I12: ='GHG det, per kg meat'!S16 -> 0.25084052 | J12: ='GHG det, per kg meat'!T16 -> 2.3172073 | K12: ='GHG det, per kg meat'!W16 -> 0.21438718 | L12: ='GHG det, per kg meat'!X16 -> 0.11598068 | M12: =SUM(B12:L12) -> 4.7461728 | P12: Germany | R12: Ireland
A13: Germany | B13: ='GHG det, per kg meat'!H21 -> 0.29050923 | C13: ='GHG det, per kg meat'!I21 -> 0.16228761 | D13: ='GHG det, per kg meat'!J21+'GHG det, per kg meat'!K21 -> 0.75439311 | E13: ='GHG det, per kg meat'!L21 -> 0.15966524 | F13: ='GHG det, per kg meat'!O21 -> 0.24404753 | G13: ='GHG det, per kg meat'!P21 -> 0.21041098 | H13: ='GHG det, per kg meat'!R21 -> 0.20817156 | I13: ='GHG det, per kg meat'!S21 -> 0.23949946 | J13: ='GHG det, per kg meat'!T21 -> 1.8346236 | K13: ='GHG det, per kg meat'!W21 -> 0.40906585 | L13: ='GHG det, per kg meat'!X21 -> 0.19091243 | M13: =SUM(B13:L13) -> 4.7035866 | P13: Poland | R13: France
A14: Poland | B14: ='GHG det, per kg meat'!H51 -> 0.36093529 | C14: ='GHG det, per kg meat'!I51 -> 0.16906965 | D14: ='GHG det, per kg meat'!J51+'GHG det, per kg meat'!K51 -> 1.0128187 | E14: ='GHG det, per kg meat'!L51 -> 0.22903581 | F14: ='GHG det, per kg meat'!O51 -> 0.30134981 | G14: ='GHG det, per kg meat'!P51 -> 0.25009243 | H14: ='GHG det, per kg meat'!R51 -> 0.13959535 | I14: ='GHG det, per kg meat'!S51 -> 0.25045059 | J14: ='GHG det, per kg meat'!T51 -> 0.76988479 | K14: ='GHG det, per kg meat'!W51 -> 0.72376428 | L14: ='GHG det, per kg meat'!X51 -> 0.2954028 | M14: =SUM(B14:L14) -> 4.5023995 | P14: Hungary | R14: Spain
A15: Denmark | B15: ='GHG det, per kg meat'!H11 -> 0.43427161 | C15: ='GHG det, per kg meat'!I11 -> 0.16537335 | D15: ='GHG det, per kg meat'!J11+'GHG det, per kg meat'!K11 -> 1.1886998 | E15: ='GHG det, per kg meat'!L11 -> 0.17931545 | F15: ='GHG det, per kg meat'!O11 -> 0.23037198 | G15: ='GHG det, per kg meat'!P11 -> 0.12684281 | H15: ='GHG det, per kg meat'!R11 -> 0.089671 | I15: ='GHG det, per kg meat'!S11 -> 0.2652831 | J15: ='GHG det, per kg meat'!T11 -> 0.68350905 | K15: ='GHG det, per kg meat'!W11 -> 0.44090826 | L15: ='GHG det, per kg meat'!X11 -> 0.18384879 | M15: =SUM(B15:L15) -> 3.9880952 | P15: Ireland | R15: Poland
A16: Ireland | B16: ='GHG det, per kg meat'!H36 -> 0.22899818 | C16: ='GHG det, per kg meat'!I36 -> 0.16221982 | D16: ='GHG det, per kg meat'!J36+'GHG det, per kg meat'!K36 -> 0.63502627 | E16: ='GHG det, per kg meat'!L36 -> 0.16231703 | F16: ='GHG det, per kg meat'!O36 -> 0.22796651 | G16: ='GHG det, per kg meat'!P36 -> 0.27064906 | H16: ='GHG det, per kg meat'!R36 -> 0.24950996 | I16: ='GHG det, per kg meat'!S36 -> 0.25164592 | J16: ='GHG det, per kg meat'!T36 -> 0.60150292 | K16: ='GHG det, per kg meat'!W36 -> 0.38534626 | L16: ='GHG det, per kg meat'!X36 -> 0.17576443 | M16: =SUM(B16:L16) -> 3.3509463 | P16: Denmark | R16: Denmark
A17: Sweden | B17: ='GHG det, per kg meat'!H61 -> 0.31979967 | C17: ='GHG det, per kg meat'!I61 -> 0.16427931 | D17: ='GHG det, per kg meat'!J61+'GHG det, per kg meat'!K61 -> 0.91063587 | E17: ='GHG det, per kg meat'!L61 -> 0.22111287 | F17: ='GHG det, per kg meat'!O61 -> 0.20024963 | G17: ='GHG det, per kg meat'!P61 -> 0.20670845 | H17: ='GHG det, per kg meat'!R61 -> 0.08940978 | I17: ='GHG det, per kg meat'!S61 -> 0.24820308 | J17: ='GHG det, per kg meat'!T61 -> 0.67187739 | K17: ='GHG det, per kg meat'!W61 -> 0.1237307 | L17: ='GHG det, per kg meat'!X61 -> 0.11536068 | M17: =SUM(B17:L17) -> 3.2713674 | P17: Sweden | R17: Sweden
P20: Explanation:
P21: - We include slaugthering that gives a high value for Poland
P22: - Ireland has only liquid manure and a lower MCF
P23: - Italy has also only liquid manure but a much higher MCF
P24: - France and Greece also has very high MCF
P25: - Hungary (and Italy, Spain, Greece) has low emissions from feed because of lower N2O-factors (dry climate)
A30: Water use
A33: Denmark | B33: 0.34945447
A34: France | B34: 0.47801159
A35: Germany | B35: 0.35489833
A36: Greece | B36: 0.38101452
A37: Hungary | B37: 0.34634088
A38: Ireland | B38: 0.33400348
A39: Italy | B39: 0.68514742
A40: Netherlands | B40: 0.47153216
A41: Poland | B41: 0.34621616
A42: Spain | B42: 1.2637786
A43: Sweden | B43: 0.33340769
A52: Notes:
A53: https://www.fao.org/3/I8686EN/i8686en.pdf

Sheet Footprints, per kg meat
A2: Footprints (per kg of bonefree meat) | M2: * Adjusted for manure
A5: Animal products | F5: Climate | L5: Land | M5: Nitrogen* | N5: Phosphorus | O5: Water | P5: Pesticides | Q5: Biodiversity | R5: Ammonia | S5: Labour | T5: Animal welfare | U5: Use of antibiotics
A6: Code | B6: Name | C6: Category | D6: Country | E6: Country code | F6: Carbon footprint, kg CO2e/kg | G6: Carbon dioxide, kg CO2/kg | H6: Methane, fossil, kg CH4/kg | I6: Methane, biogenic, kg CH4/kg | J6: Nitrous oxide, kg N2O/kg | K6: HFCs, kg HFCs/kg | L6: Cropland use, m2/kg | M6: New N input, kg N/kg | N6: New P input, kg P/kg | O6: Blue freshwater use, m3/kg | P6: Pesticide use, g a.i./kg | Q6: Extinction rate, E/MSY/kg | R6: Ammonia emission, kg NH3/kg | S6: Labour requirements, h/kg | T6: Animal welfare index per kg of bonefree meat | U6: Antibiotics use indicator/kg
A7: 21113.02 | B7: Pig meat | C7: Red meat | D7: Denmark | E7: DK | F7: ='Footprints, absolute'!F7/Production!$B$25*AF_meat -> 4.4026765 | G7: ='Footprints, absolute'!G7/Production!$B$25*AF_meat -> 2.1119131 | H7: ='Footprints, absolute'!H7/Production!$B$25*AF_meat -> 0.0022862654 | I7: ='Footprints, absolute'!I7/Production!$B$25*AF_meat -> 0.024527673 | J7: ='Footprints, absolute'!J7/Production!$B$25*AF_meat -> 0.005715698 | L7: ='Footprints, absolute'!L7/Production!$B$25*AF_meat -> 10.230202 | M7: ='Footprints, absolute'!M7/Production!$B$25*AF_meat -> 0.15865471 | N7: ='Footprints, absolute'!N7/Production!$B$25*AF_meat -> 0.017887548 | O7: ='Footprints, absolute'!O7/Production!$B$25*AF_meat -> 0.19098403 | P7: ='Footprints, absolute'!P7/Production!$B$25*AF_meat -> 0.8945119 | Q7: ='Footprints, absolute'!Q7/Production!$B$25*AF_meat -> 1.434912e-10 | R7: ='Footprints, absolute'!R7/Production!$B$25*AF_meat -> 0.04635561 | T7: ='Footprints, absolute'!T7*AF_meat -> 3.1611271 | U7: ='Footprints, absolute'!U7*AF_meat -> 37.866225
A8: 21113.02 | B8: Pig meat | C8: Red meat | D8: France | E8: FR | F8: ='Footprints, absolute'!F8/Production!$C$25*AF_meat -> 4.8737277 | G8: ='Footprints, absolute'!G8/Production!$C$25*AF_meat -> 1.414803 | H8: ='Footprints, absolute'!H8/Production!$C$25*AF_meat -> 0.0018825312 | I8: ='Footprints, absolute'!I8/Production!$C$25*AF_meat -> 0.081686695 | J8: ='Footprints, absolute'!J8/Production!$C$25*AF_meat -> 0.0043856577 | L8: ='Footprints, absolute'!L8/Production!$C$25*AF_meat -> 8.8513877 | M8: ='Footprints, absolute'!M8/Production!$C$25*AF_meat -> 0.093263408 | N8: ='Footprints, absolute'!N8/Production!$C$25*AF_meat -> 0.014469558 | O8: ='Footprints, absolute'!O8/Production!$C$25*AF_meat -> 0.21413111 | P8: ='Footprints, absolute'!P8/Production!$C$25*AF_meat -> 1.7978051 | Q8: ='Footprints, absolute'!Q8/Production!$C$25*AF_meat -> 1.5377838e-10 | R8: ='Footprints, absolute'!R8/Production!$C$25*AF_meat -> 0.056795539 | T8: ='Footprints, absolute'!T8*AF_meat -> 3.0741054 | U8: ='Footprints, absolute'!U8*AF_meat -> 55.375688
A9: 21113.02 | B9: Pig meat | C9: Red meat | D9: Germany | E9: DE | F9: ='Footprints, absolute'!F9/Production!$D$25*AF_meat -> 4.945501 | G9: ='Footprints, absolute'!G9/Production!$D$25*AF_meat -> 1.9655391 | H9: ='Footprints, absolute'!H9/Production!$D$25*AF_meat -> 0.0026147826 | I9: ='Footprints, absolute'!I9/Production!$D$25*AF_meat -> 0.059801559 | J9: ='Footprints, absolute'!J9/Production!$D$25*AF_meat -> 0.0047157483 | L9: ='Footprints, absolute'!L9/Production!$D$25*AF_meat -> 8.7029379 | M9: ='Footprints, absolute'!M9/Production!$D$25*AF_meat -> 0.092355304 | N9: ='Footprints, absolute'!N9/Production!$D$25*AF_meat -> 0.01380377 | O9: ='Footprints, absolute'!O9/Production!$D$25*AF_meat -> 0.15217429 | P9: ='Footprints, absolute'!P9/Production!$D$25*AF_meat -> 1.5023837 | Q9: ='Footprints, absolute'!Q9/Production!$D$25*AF_meat -> 1.5624589e-10 | R9: ='Footprints, absolute'!R9/Production!$D$25*AF_meat -> 0.068042426 | T9: ='Footprints, absolute'!T9*AF_meat -> 2.8364476 | U9: ='Footprints, absolute'!U9*AF_meat -> 92.777142
A10: 21113.02 | B10: Pig meat | C10: Red meat | D10: Greece | E10: GR | F10: ='Footprints, absolute'!F10/Production!$E$25*AF_meat -> 8.1801525 | G10: ='Footprints, absolute'!G10/Production!$E$25*AF_meat -> 2.3970293 | H10: ='Footprints, absolute'!H10/Production!$E$25*AF_meat -> 0.004469096 | I10: ='Footprints, absolute'!I10/Production!$E$25*AF_meat -> 0.16142936 | J10: ='Footprints, absolute'!J10/Production!$E$25*AF_meat -> 0.0047302246 | L10: ='Footprints, absolute'!L10/Production!$E$25*AF_meat -> 22.418147 | M10: ='Footprints, absolute'!M10/Production!$E$25*AF_meat -> 0.17494486 | N10: ='Footprints, absolute'!N10/Production!$E$25*AF_meat -> 0.015692703 | O10: ='Footprints, absolute'!O10/Production!$E$25*AF_meat -> 0.14729084 | P10: ='Footprints, absolute'!P10/Production!$E$25*AF_meat -> 2.3686925 | Q10: ='Footprints, absolute'!Q10/Production!$E$25*AF_meat -> 1.0554739e-09 | R10: ='Footprints, absolute'!R10/Production!$E$25*AF_meat -> 0.08157204 | T10: ='Footprints, absolute'!T10*AF_meat -> 3.0310894 | U10: ='Footprints, absolute'!U10*AF_meat -> 181.02218
A11: 21113.02 | B11: Pig meat | C11: Red meat | D11: Hungary | E11: HU | F11: ='Footprints, absolute'!F11/Production!$F$25*AF_meat -> 5.038738 | G11: ='Footprints, absolute'!G11/Production!$F$25*AF_meat -> 2.1725181 | H11: ='Footprints, absolute'!H11/Production!$F$25*AF_meat -> 0.0032673695 | I11: ='Footprints, absolute'!I11/Production!$F$25*AF_meat -> 0.05143797 | J11: ='Footprints, absolute'!J11/Production!$F$25*AF_meat -> 0.0050550442 | L11: ='Footprints, absolute'!L11/Production!$F$25*AF_meat -> 12.334916 | M11: ='Footprints, absolute'!M11/Production!$F$25*AF_meat -> 0.12760238 | N11: ='Footprints, absolute'!N11/Production!$F$25*AF_meat -> 0.027001997 | O11: ='Footprints, absolute'!O11/Production!$F$25*AF_meat -> 0.22102312 | P11: ='Footprints, absolute'!P11/Production!$F$25*AF_meat -> 1.425495 | Q11: ='Footprints, absolute'!Q11/Production!$F$25*AF_meat -> 2.4125743e-10 | R11: ='Footprints, absolute'!R11/Production!$F$25*AF_meat -> 0.057342604 | T11: ='Footprints, absolute'!T11*AF_meat -> 3.084765 | U11: ='Footprints, absolute'!U11*AF_meat -> 141.08873
A12: 21113.02 | B12: Pig meat | C12: Red meat | D12: Ireland | E12: IE | F12: ='Footprints, absolute'!F12/Production!$G$25*AF_meat -> 3.5780268 | G12: ='Footprints, absolute'!G12/Production!$G$25*AF_meat -> 1.9578823 | H12: ='Footprints, absolute'!H12/Production!$G$25*AF_meat -> 0.0022856585 | I12: ='Footprints, absolute'!I12/Production!$G$25*AF_meat -> 0.020046372 | J12: ='Footprints, absolute'!J12/Production!$G$25*AF_meat -> 0.0037024902 | L12: ='Footprints, absolute'!L12/Production!$G$25*AF_meat -> 8.8395851 | M12: ='Footprints, absolute'!M12/Production!$G$25*AF_meat -> 0.094126956 | N12: ='Footprints, absolute'!N12/Production!$G$25*AF_meat -> 0.011423845 | O12: ='Footprints, absolute'!O12/Production!$G$25*AF_meat -> 0.1779392 | P12: ='Footprints, absolute'!P12/Production!$G$25*AF_meat -> 2.504436 | Q12: ='Footprints, absolute'!Q12/Production!$G$25*AF_meat -> 1.6523698e-10 | R12: ='Footprints, absolute'!R12/Production!$G$25*AF_meat -> 0.047048234 | T12: ='Footprints, absolute'!T12*AF_meat -> 2.9473275 | U12: ='Footprints, absolute'!U12*AF_meat -> 61.421195
A13: 21113.02 | B13: Pig meat | C13: Red meat | D13: Italy | E13: IT | F13: ='Footprints, absolute'!F13/Production!$H$25*AF_meat -> 5.2090412 | G13: ='Footprints, absolute'!G13/Production!$H$25*AF_meat -> 1.6397728 | H13: ='Footprints, absolute'!H13/Production!$H$25*AF_meat -> 0.0035773467 | I13: ='Footprints, absolute'!I13/Production!$H$25*AF_meat -> 0.086171059 | J13: ='Footprints, absolute'!J13/Production!$H$25*AF_meat -> 0.0041613364 | L13: ='Footprints, absolute'!L13/Production!$H$25*AF_meat -> 9.1419229 | M13: ='Footprints, absolute'!M13/Production!$H$25*AF_meat -> 0.085126775 | N13: ='Footprints, absolute'!N13/Production!$H$25*AF_meat -> 0.017674392 | O13: ='Footprints, absolute'!O13/Production!$H$25*AF_meat -> 0.21134628 | P13: ='Footprints, absolute'!P13/Production!$H$25*AF_meat -> 1.0837798 | Q13: ='Footprints, absolute'!Q13/Production!$H$25*AF_meat -> 4.9109898e-10 | R13: ='Footprints, absolute'!R13/Production!$H$25*AF_meat -> 0.072656869 | T13: ='Footprints, absolute'!T13*AF_meat -> 2.1180347 | U13: ='Footprints, absolute'!U13*AF_meat -> 228.24391
A14: 21113.02 | B14: Pig meat | C14: Red meat | D14: Netherlands | E14: NL | F14: ='Footprints, absolute'!F14/Production!$I$25*AF_meat -> 5.6722385 | G14: ='Footprints, absolute'!G14/Production!$I$25*AF_meat -> 2.0136303 | H14: ='Footprints, absolute'!H14/Production!$I$25*AF_meat -> 0.002414773 | I14: ='Footprints, absolute'!I14/Production!$I$25*AF_meat -> 0.09439492 | J14: ='Footprints, absolute'!J14/Production!$I$25*AF_meat -> 0.0038021433 | L14: ='Footprints, absolute'!L14/Production!$I$25*AF_meat -> 8.5095427 | M14: ='Footprints, absolute'!M14/Production!$I$25*AF_meat -> 0.10311409 | N14: ='Footprints, absolute'!N14/Production!$I$25*AF_meat -> 0.01503953 | O14: ='Footprints, absolute'!O14/Production!$I$25*AF_meat -> 0.15730437 | P14: ='Footprints, absolute'!P14/Production!$I$25*AF_meat -> 1.1312008 | Q14: ='Footprints, absolute'!Q14/Production!$I$25*AF_meat -> 1.6783268e-10 | R14: ='Footprints, absolute'!R14/Production!$I$25*AF_meat -> 0.038727788 | T14: ='Footprints, absolute'!T14*AF_meat -> 2.6843761 | U14: ='Footprints, absolute'!U14*AF_meat -> 46.817323
A15: 21113.02 | B15: Pig meat | C15: Red meat | D15: Poland | E15: PL | F15: ='Footprints, absolute'!F15/Production!$J$25*AF_meat -> 4.9872978 | G15: ='Footprints, absolute'!G15/Production!$J$25*AF_meat -> 2.7612647 | H15: ='Footprints, absolute'!H15/Production!$J$25*AF_meat -> 0.0042390042 | I15: ='Footprints, absolute'!I15/Production!$J$25*AF_meat -> 0.022289001 | J15: ='Footprints, absolute'!J15/Production!$J$25*AF_meat -> 0.0054868418 | L15: ='Footprints, absolute'!L15/Production!$J$25*AF_meat -> 12.334223 | M15: ='Footprints, absolute'!M15/Production!$J$25*AF_meat -> 0.1307871 | N15: ='Footprints, absolute'!N15/Production!$J$25*AF_meat -> 0.01828969 | O15: ='Footprints, absolute'!O15/Production!$J$25*AF_meat -> 0.15033469 | P15: ='Footprints, absolute'!P15/Production!$J$25*AF_meat -> 1.2140032 | Q15: ='Footprints, absolute'!Q15/Production!$J$25*AF_meat -> 1.2909467e-10 | R15: ='Footprints, absolute'!R15/Production!$J$25*AF_meat -> 0.062476997 | T15: ='Footprints, absolute'!T15*AF_meat -> 3.0310894 | U15: ='Footprints, absolute'!U15*AF_meat -> 293.27897
A16: 21113.02 | B16: Pig meat | C16: Red meat | D16: Spain | E16: ES | F16: ='Footprints, absolute'!F16/Production!$K$25*AF_meat -> 6.1566484 | G16: ='Footprints, absolute'!G16/Production!$K$25*AF_meat -> 2.4329267 | H16: ='Footprints, absolute'!H16/Production!$K$25*AF_meat -> 0.0027574215 | I16: ='Footprints, absolute'!I16/Production!$K$25*AF_meat -> 0.081742645 | J16: ='Footprints, absolute'!J16/Production!$K$25*AF_meat -> 0.0052545757 | L16: ='Footprints, absolute'!L16/Production!$K$25*AF_meat -> 16.523226 | M16: ='Footprints, absolute'!M16/Production!$K$25*AF_meat -> 0.17845514 | N16: ='Footprints, absolute'!N16/Production!$K$25*AF_meat -> 0.022286818 | O16: ='Footprints, absolute'!O16/Production!$K$25*AF_meat -> 0.85615812 | P16: ='Footprints, absolute'!P16/Production!$K$25*AF_meat -> 1.2099963 | Q16: ='Footprints, absolute'!Q16/Production!$K$25*AF_meat -> 1.0888407e-09 | R16: ='Footprints, absolute'!R16/Production!$K$25*AF_meat -> 0.061464198 | T16: ='Footprints, absolute'!T16*AF_meat -> 3.3369942 | U16: ='Footprints, absolute'!U16*AF_meat -> 151.68936
A17: 21113.02 | B17: Pig meat | C17: Red meat | D17: Sweden | E17: SE | F17: ='Footprints, absolute'!F17/Production!$L$25*AF_meat -> 3.3526786 | G17: ='Footprints, absolute'!G17/Production!$L$25*AF_meat -> 1.4164056 | H17: ='Footprints, absolute'!H17/Production!$L$25*AF_meat -> 0.0014331784 | I17: ='Footprints, absolute'!I17/Production!$L$25*AF_meat -> 0.021743008 | J17: ='Footprints, absolute'!J17/Production!$L$25*AF_meat -> 0.0047857256 | L17: ='Footprints, absolute'!L17/Production!$L$25*AF_meat -> 11.631695 | M17: ='Footprints, absolute'!M17/Production!$L$25*AF_meat -> 0.11670893 | N17: ='Footprints, absolute'!N17/Production!$L$25*AF_meat -> 0.011882518 | O17: ='Footprints, absolute'!O17/Production!$L$25*AF_meat -> 0.16153738 | P17: ='Footprints, absolute'!P17/Production!$L$25*AF_meat -> 0.71671578 | Q17: ='Footprints, absolute'!Q17/Production!$L$25*AF_meat -> 6.9517137e-11 | R17: ='Footprints, absolute'!R17/Production!$L$25*AF_meat -> 0.049169186 | T17: ='Footprints, absolute'!T17*AF_meat -> 2.3198265 | U17: ='Footprints, absolute'!U17*AF_meat -> 18.348895

Sheet GHG det, per kg meat
H1: * Production of mineral fertiliser is adjusted to account for the N supplied by manure. | S1: **** Slaughtering pigs starts emitting methane when after 4 months
A2: GHG emissions (per kg of bonefree meat) | H2: ** Adjusted for use of manure instead of mineral fertiliser (lower emission factor for manure)
H3: *** Calculated as percentage of direct emissions due to assumption due to data limitations regarding nitrogen leaching and volatilization from soils in different regions.
S4: Animals | W4: Stables | X4: Slaughter | Z4: Control
A5: Animal products | G5: Sum | H5: Inputs | J5: Soil emissions | L5: Energy use | P5: Land use change | Q5: Feed processing | R5: Transports
A6: Code | B6: Name | C6: Category | D6: Country | E6: Country code | F6: Gas | G6: GHG | H6: Production of mineral fertilizer* | I6: Production of capital goods | J6: Direct emissions** | K6: Indirect emissions*** | L6: Diesel use field mach | M6: Energy use in greenhouses | N6: Energy use for irrigation | O6: Energy use for post-harvest proc | P6: LUC emissions | Q6: Feed processing | R6: Feed transports | S6: Enteric fermentation**** | T6: Manure management - tot | U6: Manure management - direct | V6: Manure management - indirect | W6: Energy use in stables | X6: Energy use for slaughter | Z6: Total feed, excl LUC | AA6: Feed mix emissions, kg CO2 per kg feed, excl. adjustement manure
A7: 21113.02 | B7: Pig meat | C7: Red meat | D7: Denmark | E7: DK | F7: CO2 | G7: ='GHG detailed, absolute'!G7/Production!$B$25*AF_meat -> 2.1119131 | H7: ='GHG detailed, absolute'!H7/Production!$B$25*AF_meat -> 0.3665568 | I7: ='GHG detailed, absolute'!I7/Production!$B$25*AF_meat -> 0.14729378 | J7: ='GHG detailed, absolute'!J7/Production!$B$25*AF_meat -> 0 | L7: ='GHG detailed, absolute'!L7/Production!$B$25*AF_meat -> 0.17542398 | N7: ='GHG detailed, absolute'!N7/Production!$B$25*AF_meat -> 0.008617032 | O7: ='GHG detailed, absolute'!O7/Production!$B$25*AF_meat -> 0.22375284 | P7: ='GHG detailed, absolute'!P7/Production!$B$25*AF_meat -> 0.12684281 | Q7: ='GHG detailed, absolute'!Q7/Production!$B$25*AF_meat -> 0.38866494 | R7: ='GHG detailed, absolute'!R7/Production!$B$25*AF_meat -> 0.082497385 | W7: ='GHG detailed, absolute'!W7/Production!$B$25*AF_meat -> 0.42383699 | X7: ='GHG detailed, absolute'!X7/Production!$B$25*AF_meat -> 0.16842652
A8: 21113.02 | B8: Pig meat | C8: Red meat | D8: Denmark | E8: DK | F8: CH4, fossil | G8: ='GHG detailed, absolute'!G8/Production!$B$25*AF_meat -> 0.0022862654 | H8: ='GHG detailed, absolute'!H8/Production!$B$25*AF_meat -> 7.1255808e-05 | I8: ='GHG detailed, absolute'!I8/Production!$B$25*AF_meat -> 0.00054851333 | L8: ='GHG detailed, absolute'!L8/Production!$B$25*AF_meat -> 8.3939891e-05 | N8: ='GHG detailed, absolute'!N8/Production!$B$25*AF_meat -> 8.3595318e-06 | O8: ='GHG detailed, absolute'!O8/Production!$B$25*AF_meat -> 0.00013914845 | P8: ='GHG detailed, absolute'!P8/Production!$B$25*AF_meat -> 0 | Q8: ='GHG detailed, absolute'!Q8/Production!$B$25*AF_meat -> 0.00040882702 | R8: ='GHG detailed, absolute'!R8/Production!$B$25*AF_meat -> 0.00017565541 | W8: ='GHG detailed, absolute'!W8/Production!$B$25*AF_meat -> 0.00040020353 | X8: ='GHG detailed, absolute'!X8/Production!$B$25*AF_meat -> 0.0004503624
A9: 21113.02 | B9: Pig meat | C9: Red meat | D9: Denmark | E9: DK | F9: CH4, biogenic | G9: ='GHG detailed, absolute'!G9/Production!$B$25*AF_meat -> 0.024527673 | S9: ='GHG detailed, absolute'!S9/Production!$B$25*AF_meat -> 0.0098253002 | T9: ='GHG detailed, absolute'!T9/Production!$B$25*AF_meat -> 0.014702373 | U9: ='GHG detailed, absolute'!U9/Production!$B$25*AF_meat -> 0.014702373
A10: 21113.02 | B10: Pig meat | C10: Red meat | D10: Denmark | E10: DK | F10: N2O | G10: ='GHG detailed, absolute'!G10/Production!$B$25*AF_meat -> 0.005715698 | H10: ='GHG detailed, absolute'!H10/Production!$B$25*AF_meat -> 0.00024026148 | I10: ='GHG detailed, absolute'!I10/Production!$B$25*AF_meat -> 6.351207e-06 | J10: ='GHG detailed, absolute'!J10/Production!$B$25*AF_meat -> 0.0039583741 | K10: ='GHG detailed, absolute'!K10/Production!$B$25*AF_meat -> 0.00039583741 | L10: ='GHG detailed, absolute'!L10/Production!$B$25*AF_meat -> 5.0918043e-06 | N10: ='GHG detailed, absolute'!N10/Production!$B$25*AF_meat -> 1.2009365e-07 | O10: ='GHG detailed, absolute'!O10/Production!$B$25*AF_meat -> 9.056821e-06 | P10: ='GHG detailed, absolute'!P10/Production!$B$25*AF_meat -> 0 | Q10: ='GHG detailed, absolute'!Q10/Production!$B$25*AF_meat -> 1.7708541e-05 | R10: ='GHG detailed, absolute'!R10/Production!$B$25*AF_meat -> 7.1028736e-06 | T10: ='GHG detailed, absolute'!T10/Production!$B$25*AF_meat -> 0.0010496153 | U10: ='GHG detailed, absolute'!U10/Production!$B$25*AF_meat -> 0.00058923913 | V10: ='GHG detailed, absolute'!V10/Production!$B$25*AF_meat -> 0.00046037618 | W10: ='GHG detailed, absolute'!W10/Production!$B$25*AF_meat -> 1.884692e-05 | X10: ='GHG detailed, absolute'!X10/Production!$B$25*AF_meat -> 7.3313907e-06
A11: 21113.02 | B11: Pig meat | C11: Red meat | D11: Denmark | E11: DK | F11: CO2e | G11: ='GHG detailed, absolute'!G11/Production!$B$25*AF_meat -> 4.4026765 | H11: ='GHG detailed, absolute'!H11/Production!$B$25*AF_meat -> 0.43427161 | I11: ='GHG detailed, absolute'!I11/Production!$B$25*AF_meat -> 0.16537335 | J11: ='GHG detailed, absolute'!J11/Production!$B$25*AF_meat -> 1.0806361 | K11: ='GHG detailed, absolute'!K11/Production!$B$25*AF_meat -> 0.10806361 | L11: ='GHG detailed, absolute'!L11/Production!$B$25*AF_meat -> 0.17931545 | M11: ='GHG detailed, absolute'!M11/Production!$B$25*AF_meat -> 0 | N11: ='GHG detailed, absolute'!N11/Production!$B$25*AF_meat -> 0.0088989316 | ... T11: ='GHG detailed, absolute'!T11/Production!$B$25*AF_meat -> 0.68350905 | W11: ='GHG detailed, absolute'!W11/Production!$B$25*AF_meat -> 0.44090826 | X11: ='GHG detailed, absolute'!X11/Production!$B$25*AF_meat -> 0.18384879 | Z11: ='GHG detailed, absolute'!Z11/Production!$B$25*AF_meat -> 2.8291273 | AA11: ='GHG detailed, absolute'!AA11/Production!$B$25*AF_meat -> 0.00016744729
A12: 21113.02 | B12: Pig meat | C12: Red meat | D12: France | E12: FR | F12: CO2 | G12: ='GHG detailed, absolute'!G12/Production!$C$25*AF_meat -> 1.414803 | H12: ='GHG detailed, absolute'!H12/Production!$C$25*AF_meat -> 0.24574493 | I12: ='GHG detailed, absolute'!I12/Production!$C$25*AF_meat -> 0.1403014 | J12: ='GHG detailed, absolute'!J12/Production!$C$25*AF_meat -> 0 | L12: ='GHG detailed, absolute'!L12/Production!$C$25*AF_meat -> 0.15936064 | N12: ='GHG detailed, absolute'!N12/Production!$C$25*AF_meat -> 0.0053322389 | O12: ='GHG detailed, absolute'!O12/Production!$C$25*AF_meat -> 0.19152653 | P12: ='GHG detailed, absolute'!P12/Production!$C$25*AF_meat -> 0.13474615 | Q12: ='GHG detailed, absolute'!Q12/Production!$C$25*AF_meat -> 0.1080606 | R12: ='GHG detailed, absolute'!R12/Production!$C$25*AF_meat -> 0.12620713 | W12: ='GHG detailed, absolute'!W12/Production!$C$25*AF_meat -> 0.20171788 | X12: ='GHG detailed, absolute'!X12/Production!$C$25*AF_meat -> 0.1018055
A13: 21113.02 | B13: Pig meat | C13: Red meat | D13: France | E13: FR | F13: CH4, fossil | G13: ='GHG detailed, absolute'!G13/Production!$C$25*AF_meat -> 0.0018825312 | H13: ='GHG detailed, absolute'!H13/Production!$C$25*AF_meat -> 8.7504308e-05 | I13: ='GHG detailed, absolute'!I13/Production!$C$25*AF_meat -> 0.00049365307 | L13: ='GHG detailed, absolute'!L13/Production!$C$25*AF_meat -> 7.0591389e-05 | N13: ='GHG detailed, absolute'!N13/Production!$C$25*AF_meat -> 1.5820107e-05 | O13: ='GHG detailed, absolute'!O13/Production!$C$25*AF_meat -> 0.00010346486 | P13: ='GHG detailed, absolute'!P13/Production!$C$25*AF_meat -> 0 | Q13: ='GHG detailed, absolute'!Q13/Production!$C$25*AF_meat -> 0.00032385183 | R13: ='GHG detailed, absolute'!R13/Production!$C$25*AF_meat -> 0.00012093339 | W13: ='GHG detailed, absolute'!W13/Production!$C$25*AF_meat -> 0.00023048063 | X13: ='GHG detailed, absolute'!X13/Production!$C$25*AF_meat -> 0.00043623167
A14: 21113.02 | B14: Pig meat | C14: Red meat | D14: France | E14: FR | F14: CH4, biogenic | G14: ='GHG detailed, absolute'!G14/Production!$C$25*AF_meat -> 0.081686695 | S14: ='GHG detailed, absolute'!S14/Production!$C$25*AF_meat -> 0.0092903896 | T14: ='GHG detailed, absolute'!T14/Production!$C$25*AF_meat -> 0.072396306 | U14: ='GHG detailed, absolute'!U14/Production!$C$25*AF_meat -> 0.072396306
A15: 21113.02 | B15: Pig meat | C15: Red meat | D15: France | E15: FR | F15: N2O | G15: ='GHG detailed, absolute'!G15/Production!$C$25*AF_meat -> 0.0043856577 | H15: ='GHG detailed, absolute'!H15/Production!$C$25*AF_meat -> 0.00014458727 | I15: ='GHG detailed, absolute'!I15/Production!$C$25*AF_meat -> 5.7159829e-06 | J15: ='GHG detailed, absolute'!J15/Production!$C$25*AF_meat -> 0.0025919206 | K15: ='GHG detailed, absolute'!K15/Production!$C$25*AF_meat -> 0.00025919206 | L15: ='GHG detailed, absolute'!L15/Production!$C$25*AF_meat -> 4.2820825e-06 | N15: ='GHG detailed, absolute'!N15/Production!$C$25*AF_meat -> 2.2889932e-07 | O15: ='GHG detailed, absolute'!O15/Production!$C$25*AF_meat -> 7.257861e-06 | P15: ='GHG detailed, absolute'!P15/Production!$C$25*AF_meat -> 0 | Q15: ='GHG detailed, absolute'!Q15/Production!$C$25*AF_meat -> 1.4569312e-05 | R15: ='GHG detailed, absolute'!R15/Production!$C$25*AF_meat -> 4.4840184e-06 | T15: ='GHG detailed, absolute'!T15/Production!$C$25*AF_meat -> 0.0013278648 | U15: ='GHG detailed, absolute'!U15/Production!$C$25*AF_meat -> 0.00074597414 | V15: ='GHG detailed, absolute'!V15/Production!$C$25*AF_meat -> 0.00058189064 | W15: ='GHG detailed, absolute'!W15/Production!$C$25*AF_meat -> 2.1249008e-05 | X15: ='GHG detailed, absolute'!X15/Production!$C$25*AF_meat -> 4.3057634e-06
A16: 21113.02 | B16: Pig meat | C16: Red meat | D16: France | E16: FR | F16: CO2e | G16: ='GHG detailed, absolute'!G16/Production!$C$25*AF_meat -> 4.8737277 | H16: ='GHG detailed, absolute'!H16/Production!$C$25*AF_meat -> 0.28782489 | I16: ='GHG detailed, absolute'!I16/Production!$C$25*AF_meat -> 0.15657272 | J16: ='GHG detailed, absolute'!J16/Production!$C$25*AF_meat -> 0.70759433 | K16: ='GHG detailed, absolute'!K16/Production!$C$25*AF_meat -> 0.070759433 | L16: ='GHG detailed, absolute'!L16/Production!$C$25*AF_meat -> 0.16263327 | M16: ='GHG detailed, absolute'!M16/Production!$C$25*AF_meat -> 0 | N16: ='GHG detailed, absolute'!N16/Production!$C$25*AF_meat -> 0.0058661676 | ... T16: ='GHG detailed, absolute'!T16/Production!$C$25*AF_meat -> 2.3172073 | W16: ='GHG detailed, absolute'!W16/Production!$C$25*AF_meat -> 0.21438718 | X16: ='GHG detailed, absolute'!X16/Production!$C$25*AF_meat -> 0.11598068 | Z16: ='GHG detailed, absolute'!Z16/Production!$C$25*AF_meat -> 1.975312 | AA16: ='GHG detailed, absolute'!AA16/Production!$C$25*AF_meat -> 0.00012846983
A17: 21113.02 | B17: Pig meat | C17: Red meat | D17: Germany | E17: DE | F17: CO2 | G17: ='GHG detailed, absolute'!G17/Production!$D$25*AF_meat -> 1.9655391 | H17: ='GHG detailed, absolute'!H17/Production!$D$25*AF_meat -> 0.23482506 | I17: ='GHG detailed, absolute'!I17/Production!$D$25*AF_meat -> 0.14542238 | J17: ='GHG detailed, absolute'!J17/Production!$D$25*AF_meat -> 0 | L17: ='GHG detailed, absolute'!L17/Production!$D$25*AF_meat -> 0.15645233 | N17: ='GHG detailed, absolute'!N17/Production!$D$25*AF_meat -> 0.00098801319 | O17: ='GHG detailed, absolute'!O17/Production!$D$25*AF_meat -> 0.23666323 | P17: ='GHG detailed, absolute'!P17/Production!$D$25*AF_meat -> 0.21041098 | Q17: ='GHG detailed, absolute'!Q17/Production!$D$25*AF_meat -> 0.22177413 | R17: ='GHG detailed, absolute'!R17/Production!$D$25*AF_meat -> 0.2005476 | W17: ='GHG detailed, absolute'!W17/Production!$D$25*AF_meat -> 0.38577955 | X17: ='GHG detailed, absolute'!X17/Production!$D$25*AF_meat -> 0.17267577
A18: 21113.02 | B18: Pig meat | C18: Red meat | D18: Germany | E18: DE | F18: CH4, fossil | G18: ='GHG detailed, absolute'!G18/Production!$D$25*AF_meat -> 0.0026147826 | H18: ='GHG detailed, absolute'!H18/Production!$D$25*AF_meat -> 0.00012097438 | I18: ='GHG detailed, absolute'!I18/Production!$D$25*AF_meat -> 0.00051167135 | L18: ='GHG detailed, absolute'!L18/Production!$D$25*AF_meat -> 6.9303107e-05 | N18: ='GHG detailed, absolute'!N18/Production!$D$25*AF_meat -> 3.0127992e-06 | O18: ='GHG detailed, absolute'!O18/Production!$D$25*AF_meat -> 0.0001672912 | P18: ='GHG detailed, absolute'!P18/Production!$D$25*AF_meat -> 0 | Q18: ='GHG detailed, absolute'!Q18/Production!$D$25*AF_meat -> 0.0004635397 | R18: ='GHG detailed, absolute'!R18/Production!$D$25*AF_meat -> 0.00019113216 | W18: ='GHG detailed, absolute'!W18/Production!$D$25*AF_meat -> 0.00053701473 | X18: ='GHG detailed, absolute'!X18/Production!$D$25*AF_meat -> 0.00055084316
A19: 21113.02 | B19: Pig meat | C19: Red meat | D19: Germany | E19: DE | F19: CH4, biogenic | G19: ='GHG detailed, absolute'!G19/Production!$D$25*AF_meat -> 0.059801559 | S19: ='GHG detailed, absolute'!S19/Production!$D$25*AF_meat -> 0.0088703504 | T19: ='GHG detailed, absolute'!T19/Production!$D$25*AF_meat -> 0.050931209 | U19: ='GHG detailed, absolute'!U19/Production!$D$25*AF_meat -> 0.050931209
A20: 21113.02 | B20: Pig meat | C20: Red meat | D20: Germany | E20: DE | F20: N2O | G20: ='GHG detailed, absolute'!G20/Production!$D$25*AF_meat -> 0.0047157483 | H20: ='GHG detailed, absolute'!H20/Production!$D$25*AF_meat -> 0.00019076605 | I20: ='GHG detailed, absolute'!I20/Production!$D$25*AF_meat -> 5.9246156e-06 | J20: ='GHG detailed, absolute'!J20/Production!$D$25*AF_meat -> 0.0025121316 | K20: ='GHG detailed, absolute'!K20/Production!$D$25*AF_meat -> 0.00025121316 | L20: ='GHG detailed, absolute'!L20/Production!$D$25*AF_meat -> 4.2039351e-06 | N20: ='GHG detailed, absolute'!N20/Production!$D$25*AF_meat -> 4.2031436e-08 | O20: ='GHG detailed, absolute'!O20/Production!$D$25*AF_meat -> 8.7876413e-06 | P20: ='GHG detailed, absolute'!P20/Production!$D$25*AF_meat -> 0 | Q20: ='GHG detailed, absolute'!Q20/Production!$D$25*AF_meat -> 1.9184843e-05 | R20: ='GHG detailed, absolute'!R20/Production!$D$25*AF_meat -> 7.0630991e-06 | T20: ='GHG detailed, absolute'!T20/Production!$D$25*AF_meat -> 0.0016830805 | U20: ='GHG detailed, absolute'!U20/Production!$D$25*AF_meat -> 0.00094908679 | V20: ='GHG detailed, absolute'!V20/Production!$D$25*AF_meat -> 0.00073399374 | W20: ='GHG detailed, absolute'!W20/Production!$D$25*AF_meat -> 2.6678598e-05 | X20: ='GHG detailed, absolute'!X20/Production!$D$25*AF_meat -> 6.6722551e-06
A21: 21113.02 | B21: Pig meat | C21: Red meat | D21: Germany | E21: DE | F21: CO2e | G21: ='GHG detailed, absolute'!G21/Production!$D$25*AF_meat -> 4.945501 | H21: ='GHG detailed, absolute'!H21/Production!$D$25*AF_meat -> 0.29050923 | I21: ='GHG detailed, absolute'!I21/Production!$D$25*AF_meat -> 0.16228761 | J21: ='GHG detailed, absolute'!J21/Production!$D$25*AF_meat -> 0.68581192 | K21: ='GHG detailed, absolute'!K21/Production!$D$25*AF_meat -> 0.068581192 | L21: ='GHG detailed, absolute'!L21/Production!$D$25*AF_meat -> 0.15966524 | M21: ='GHG detailed, absolute'!M21/Production!$D$25*AF_meat -> 0 | N21: ='GHG detailed, absolute'!N21/Production!$D$25*AF_meat -> 0.0010892692 | ... T21: ='GHG detailed, absolute'!T21/Production!$D$25*AF_meat -> 1.8346236 | W21: ='GHG detailed, absolute'!W21/Production!$D$25*AF_meat -> 0.40906585 | X21: ='GHG detailed, absolute'!X21/Production!$D$25*AF_meat -> 0.19091243 | Z21: ='GHG detailed, absolute'!Z21/Production!$D$25*AF_meat -> 2.2713996 | AA21: ='GHG detailed, absolute'!AA21/Production!$D$25*AF_meat -> 0.00015533629
A22: 21113.02 | B22: Pig meat | C22: Red meat | D22: Greece | E22: GR | F22: CO2 | G22: ='GHG detailed, absolute'!G22/Production!$E$25*AF_meat -> 2.3970293 | H22: ='GHG detailed, absolute'!H22/Production!$E$25*AF_meat -> 0.24467766 | I22: ='GHG detailed, absolute'!I22/Production!$E$25*AF_meat -> 0.13337397 | J22: ='GHG detailed, absolute'!J22/Production!$E$25*AF_meat -> 0 | L22: ='GHG detailed, absolute'!L22/Production!$E$25*AF_meat -> 0.25187138 | N22: ='GHG detailed, absolute'!N22/Production!$E$25*AF_meat -> 0.040334553 | O22: ='GHG detailed, absolute'!O22/Production!$E$25*AF_meat -> 0.22348699 | P22: ='GHG detailed, absolute'!P22/Production!$E$25*AF_meat -> 0.26289895 | Q22: ='GHG detailed, absolute'!Q22/Production!$E$25*AF_meat -> 0.30188957 | R22: ='GHG detailed, absolute'!R22/Production!$E$25*AF_meat -> 0.22942183 | W22: ='GHG detailed, absolute'!W22/Production!$E$25*AF_meat -> 0.50158694 | X22: ='GHG detailed, absolute'!X22/Production!$E$25*AF_meat -> 0.20748746
A23: 21113.02 | B23: Pig meat | C23: Red meat | D23: Greece | E23: GR | F23: CH4, fossil | G23: ='GHG detailed, absolute'!G23/Production!$E$25*AF_meat -> 0.004469096 | H23: ='GHG detailed, absolute'!H23/Production!$E$25*AF_meat -> 4.0839367e-05 | I23: ='GHG detailed, absolute'!I23/Production!$E$25*AF_meat -> 0.00046927879 | L23: ='GHG detailed, absolute'!L23/Production!$E$25*AF_meat -> 0.00011157053 | N23: ='GHG detailed, absolute'!N23/Production!$E$25*AF_meat -> 0.00011923863 | O23: ='GHG detailed, absolute'!O23/Production!$E$25*AF_meat -> 0.00018182566 | P23: ='GHG detailed, absolute'!P23/Production!$E$25*AF_meat -> 0 | Q23: ='GHG detailed, absolute'!Q23/Production!$E$25*AF_meat -> 0.0019509194 | R23: ='GHG detailed, absolute'!R23/Production!$E$25*AF_meat -> 0.00019453739 | W23: ='GHG detailed, absolute'!W23/Production!$E$25*AF_meat -> 0.00077320446 | X23: ='GHG detailed, absolute'!X23/Production!$E$25*AF_meat -> 0.00062768171
A24: 21113.02 | B24: Pig meat | C24: Red meat | D24: Greece | E24: GR | F24: CH4, biogenic | G24: ='GHG detailed, absolute'!G24/Production!$E$25*AF_meat -> 0.16142936 | S24: ='GHG detailed, absolute'!S24/Production!$E$25*AF_meat -> 0.0092759479 | T24: ='GHG detailed, absolute'!T24/Production!$E$25*AF_meat -> 0.15215341 | U24: ='GHG detailed, absolute'!U24/Production!$E$25*AF_meat -> 0.15215341
A25: 21113.02 | B25: Pig meat | C25: Red meat | D25: Greece | E25: GR | F25: N2O | G25: ='GHG detailed, absolute'!G25/Production!$E$25*AF_meat -> 0.0047302246 | H25: ='GHG detailed, absolute'!H25/Production!$E$25*AF_meat -> 6.6438021e-05 | I25: ='GHG detailed, absolute'!I25/Production!$E$25*AF_meat -> 5.4337544e-06 | J25: ='GHG detailed, absolute'!J25/Production!$E$25*AF_meat -> 0.0024229554 | K25: ='GHG detailed, absolute'!K25/Production!$E$25*AF_meat -> 0.00024229554 | L25: ='GHG detailed, absolute'!L25/Production!$E$25*AF_meat -> 6.7678822e-06 | N25: ='GHG detailed, absolute'!N25/Production!$E$25*AF_meat -> 1.7334674e-06 | O25: ='GHG detailed, absolute'!O25/Production!$E$25*AF_meat -> 7.8939724e-06 | P25: ='GHG detailed, absolute'!P25/Production!$E$25*AF_meat -> 0 | Q25: ='GHG detailed, absolute'!Q25/Production!$E$25*AF_meat -> 4.2213073e-05 | R25: ='GHG detailed, absolute'!R25/Production!$E$25*AF_meat -> 9.4668255e-06 | T25: ='GHG detailed, absolute'!T25/Production!$E$25*AF_meat -> 0.0018893205 | U25: ='GHG detailed, absolute'!U25/Production!$E$25*AF_meat -> 0.0010627528 | V25: ='GHG detailed, absolute'!V25/Production!$E$25*AF_meat -> 0.00082656764 | W25: ='GHG detailed, absolute'!W25/Production!$E$25*AF_meat -> 2.874975e-05 | X25: ='GHG detailed, absolute'!X25/Production!$E$25*AF_meat -> 6.9564843e-06
A26: 21113.02 | B26: Pig meat | C26: Red meat | D26: Greece | E26: GR | F26: CO2e | G26: ='GHG detailed, absolute'!G26/Production!$E$25*AF_meat -> 8.1801525 | H26: ='GHG detailed, absolute'!H26/Production!$E$25*AF_meat -> 0.26403225 | I26: ='GHG detailed, absolute'!I26/Production!$E$25*AF_meat -> 0.14884189 | J26: ='GHG detailed, absolute'!J26/Production!$E$25*AF_meat -> 0.66146682 | K26: ='GHG detailed, absolute'!K26/Production!$E$25*AF_meat -> 0.066146682 | L26: ='GHG detailed, absolute'!L26/Production!$E$25*AF_meat -> 0.25704381 | M26: ='GHG detailed, absolute'!M26/Production!$E$25*AF_meat -> 0 | N26: ='GHG detailed, absolute'!N26/Production!$E$25*AF_meat -> 0.044361101 | ... T26: ='GHG detailed, absolute'!T26/Production!$E$25*AF_meat -> 4.6239267 | W26: ='GHG detailed, absolute'!W26/Production!$E$25*AF_meat -> 0.53247711 | X26: ='GHG detailed, absolute'!X26/Production!$E$25*AF_meat -> 0.2280915 | Z26: ='GHG detailed, absolute'!Z26/Production!$E$25*AF_meat -> 2.5452066 | AA26: ='GHG detailed, absolute'!AA26/Production!$E$25*AF_meat -> 0.00025659227
A27: 21113.02 | B27: Pig meat | C27: Red meat | D27: Hungary | E27: HU | F27: CO2 | G27: ='GHG detailed, absolute'!G27/Production!$F$25*AF_meat -> 2.1725181 | H27: ='GHG detailed, absolute'!H27/Production!$F$25*AF_meat -> 0.28879327 | I27: ='GHG detailed, absolute'!I27/Production!$F$25*AF_meat -> 0.16029622 | J27: ='GHG detailed, absolute'!J27/Production!$F$25*AF_meat -> 0 | L27: ='GHG detailed, absolute'!L27/Production!$F$25*AF_meat -> 0.21318138 | N27: ='GHG detailed, absolute'!N27/Production!$F$25*AF_meat -> 0.0051949282 | O27: ='GHG detailed, absolute'!O27/Production!$F$25*AF_meat -> 0.24723686 | P27: ='GHG detailed, absolute'!P27/Production!$F$25*AF_meat -> 0.26275644 | Q27: ='GHG detailed, absolute'!Q27/Production!$F$25*AF_meat -> 0.22967162 | R27: ='GHG detailed, absolute'!R27/Production!$F$25*AF_meat -> 0.17606297 | W27: ='GHG detailed, absolute'!W27/Production!$F$25*AF_meat -> 0.41898479 | X27: ='GHG detailed, absolute'!X27/Production!$F$25*AF_meat -> 0.17033962
A28: 21113.02 | B28: Pig meat | C28: Red meat | D28: Hungary | E28: HU | F28: CH4, fossil | G28: ='GHG detailed, absolute'!G28/Production!$F$25*AF_meat -> 0.0032673695 | H28: ='GHG detailed, absolute'!H28/Production!$F$25*AF_meat -> 2.4990798e-05 | I28: ='GHG detailed, absolute'!I28/Production!$F$25*AF_meat -> 0.00056400523 | L28: ='GHG detailed, absolute'!L28/Production!$F$25*AF_meat -> 9.4432162e-05 | N28: ='GHG detailed, absolute'!N28/Production!$F$25*AF_meat -> 1.5407034e-05 | O28: ='GHG detailed, absolute'!O28/Production!$F$25*AF_meat -> 0.00020260501 | P28: ='GHG detailed, absolute'!P28/Production!$F$25*AF_meat -> 0 | Q28: ='GHG detailed, absolute'!Q28/Production!$F$25*AF_meat -> 0.00088625405 | R28: ='GHG detailed, absolute'!R28/Production!$F$25*AF_meat -> 0.00014755922 | W28: ='GHG detailed, absolute'!W28/Production!$F$25*AF_meat -> 0.0007306606 | X28: ='GHG detailed, absolute'!X28/Production!$F$25*AF_meat -> 0.00060145541
A29: 21113.02 | B29: Pig meat | C29: Red meat | D29: Hungary | E29: HU | F29: CH4, biogenic | G29: ='GHG detailed, absolute'!G29/Production!$F$25*AF_meat -> 0.05143797 | S29: ='GHG detailed, absolute'!S29/Production!$F$25*AF_meat -> 0.0098152928 | T29: ='GHG detailed, absolute'!T29/Production!$F$25*AF_meat -> 0.041622677 | U29: ='GHG detailed, absolute'!U29/Production!$F$25*AF_meat -> 0.041622677
A30: 21113.02 | B30: Pig meat | C30: Red meat | D30: Hungary | E30: HU | F30: N2O | G30: ='GHG detailed, absolute'!G30/Production!$F$25*AF_meat -> 0.0050550442 | H30: ='GHG detailed, absolute'!H30/Production!$F$25*AF_meat -> 0.0001345035 | I30: ='GHG detailed, absolute'!I30/Production!$F$25*AF_meat -> 6.5305869e-06 | J30: ='GHG detailed, absolute'!J30/Production!$F$25*AF_meat -> 0.0031490353 | K30: ='GHG detailed, absolute'!K30/Production!$F$25*AF_meat -> 0.00031490353 | L30: ='GHG detailed, absolute'!L30/Production!$F$25*AF_meat -> 5.7282667e-06 | N30: ='GHG detailed, absolute'!N30/Production!$F$25*AF_meat -> 2.2303156e-07 | O30: ='GHG detailed, absolute'!O30/Production!$F$25*AF_meat -> 8.7675053e-06 | P30: ='GHG detailed, absolute'!P30/Production!$F$25*AF_meat -> 0 | Q30: ='GHG detailed, absolute'!Q30/Production!$F$25*AF_meat -> 2.044221e-05 | R30: ='GHG detailed, absolute'!R30/Production!$F$25*AF_meat -> 6.4286201e-06 | T30: ='GHG detailed, absolute'!T30/Production!$F$25*AF_meat -> 0.0013758808 | U30: ='GHG detailed, absolute'!U30/Production!$F$25*AF_meat -> 0.00077958739 | V30: ='GHG detailed, absolute'!V30/Production!$F$25*AF_meat -> 0.00059629337 | W30: ='GHG detailed, absolute'!W30/Production!$F$25*AF_meat -> 2.6871905e-05 | X30: ='GHG detailed, absolute'!X30/Production!$F$25*AF_meat -> 5.7289698e-06
A31: 21113.02 | B31: Pig meat | C31: Red meat | D31: Hungary | E31: HU | F31: CO2e | G31: ='GHG detailed, absolute'!G31/Production!$F$25*AF_meat -> 5.038738 | H31: ='GHG detailed, absolute'!H31/Production!$F$25*AF_meat -> 0.32625745 | I31: ='GHG detailed, absolute'!I31/Production!$F$25*AF_meat -> 0.17888643 | J31: ='GHG detailed, absolute'!J31/Production!$F$25*AF_meat -> 0.85968665 | K31: ='GHG detailed, absolute'!K31/Production!$F$25*AF_meat -> 0.085968665 | L31: ='GHG detailed, absolute'!L31/Production!$F$25*AF_meat -> 0.21755927 | M31: ='GHG detailed, absolute'!M31/Production!$F$25*AF_meat -> 0 | N31: ='GHG detailed, absolute'!N31/Production!$F$25*AF_meat -> 0.0057149455 | ... T31: ='GHG detailed, absolute'!T31/Production!$F$25*AF_meat -> 1.4994277 | W31: ='GHG detailed, absolute'!W31/Production!$F$25*AF_meat -> 0.44809451 | X31: ='GHG detailed, absolute'!X31/Production!$F$25*AF_meat -> 0.189827 | Z31: ='GHG detailed, absolute'!Z31/Production!$F$25*AF_meat -> 2.6363758 | AA31: ='GHG detailed, absolute'!AA31/Production!$F$25*AF_meat -> 0.00018060317
A32: 21113.02 | B32: Pig meat | C32: Red meat | D32: Ireland | E32: IE | F32: CO2 | G32: ='GHG detailed, absolute'!G32/Production!$G$25*AF_meat -> 1.9578823 | H32: ='GHG detailed, absolute'!H32/Production!$G$25*AF_meat -> 0.18458653 | I32: ='GHG detailed, absolute'!I32/Production!$G$25*AF_meat -> 0.14536164 | J32: ='GHG detailed, absolute'!J32/Production!$G$25*AF_meat -> 0 | L32: ='GHG detailed, absolute'!L32/Production!$G$25*AF_meat -> 0.15905076 | N32: ='GHG detailed, absolute'!N32/Production!$G$25*AF_meat -> 0.0024166368 | O32: ='GHG detailed, absolute'!O32/Production!$G$25*AF_meat -> 0.22214238 | P32: ='GHG detailed, absolute'!P32/Production!$G$25*AF_meat -> 0.27064906 | Q32: ='GHG detailed, absolute'!Q32/Production!$G$25*AF_meat -> 0.20352588 | R32: ='GHG detailed, absolute'!R32/Production!$G$25*AF_meat -> 0.24058459 | W32: ='GHG detailed, absolute'!W32/Production!$G$25*AF_meat -> 0.36920442 | X32: ='GHG detailed, absolute'!X32/Production!$G$25*AF_meat -> 0.16036046
A33: 21113.02 | B33: Pig meat | C33: Red meat | D33: Ireland | E33: IE | F33: CH4, fossil | G33: ='GHG detailed, absolute'!G33/Production!$G$25*AF_meat -> 0.0022856585 | H33: ='GHG detailed, absolute'!H33/Production!$G$25*AF_meat -> 9.7462666e-05 | I33: ='GHG detailed, absolute'!I33/Production!$G$25*AF_meat -> 0.00051145761 | L33: ='GHG detailed, absolute'!L33/Production!$G$25*AF_meat -> 7.0454123e-05 | N33: ='GHG detailed, absolute'!N33/Production!$G$25*AF_meat -> 7.237342e-06 | O33: ='GHG detailed, absolute'!O33/Production!$G$25*AF_meat -> 0.00012209055 | P33: ='GHG detailed, absolute'!P33/Production!$G$25*AF_meat -> 0 | Q33: ='GHG detailed, absolute'!Q33/Production!$G$25*AF_meat -> 0.00047873576 | R33: ='GHG detailed, absolute'!R33/Production!$G$25*AF_meat -> 0.00021695403 | W33: ='GHG detailed, absolute'!W33/Production!$G$25*AF_meat -> 0.00031481978 | X33: ='GHG detailed, absolute'!X33/Production!$G$25*AF_meat -> 0.00046644663
A34: 21113.02 | B34: Pig meat | C34: Red meat | D34: Ireland | E34: IE | F34: CH4, biogenic | G34: ='GHG detailed, absolute'!G34/Production!$G$25*AF_meat -> 0.020046372 | S34: ='GHG detailed, absolute'!S34/Production!$G$25*AF_meat -> 0.0093202194 | T34: ='GHG detailed, absolute'!T34/Production!$G$25*AF_meat -> 0.010726152 | U34: ='GHG detailed, absolute'!U34/Production!$G$25*AF_meat -> 0.010726152
A35: 21113.02 | B35: Pig meat | C35: Red meat | D35: Ireland | E35: IE | F35: N2O | G35: ='GHG detailed, absolute'!G35/Production!$G$25*AF_meat -> 0.0037024902 | H35: ='GHG detailed, absolute'!H35/Production!$G$25*AF_meat -> 0.00015204125 | I35: ='GHG detailed, absolute'!I35/Production!$G$25*AF_meat -> 5.9221407e-06 | J35: ='GHG detailed, absolute'!J35/Production!$G$25*AF_meat -> 0.0021146396 | K35: ='GHG detailed, absolute'!K35/Production!$G$25*AF_meat -> 0.00021146396 | L35: ='GHG detailed, absolute'!L35/Production!$G$25*AF_meat -> 4.2737559e-06 | N35: ='GHG detailed, absolute'!N35/Production!$G$25*AF_meat -> 1.0342416e-07 | O35: ='GHG detailed, absolute'!O35/Production!$G$25*AF_meat -> 8.0067233e-06 | P35: ='GHG detailed, absolute'!P35/Production!$G$25*AF_meat -> 0 | Q35: ='GHG detailed, absolute'!Q35/Production!$G$25*AF_meat -> 2.4277411e-05 | R35: ='GHG detailed, absolute'!R35/Production!$G$25*AF_meat -> 9.0114758e-06 | T35: ='GHG detailed, absolute'!T35/Production!$G$25*AF_meat -> 0.0011424791 | U35: ='GHG detailed, absolute'!U35/Production!$G$25*AF_meat -> 0.00064189648 | V35: ='GHG detailed, absolute'!V35/Production!$G$25*AF_meat -> 0.00050058266 | W35: ='GHG detailed, absolute'!W35/Production!$G$25*AF_meat -> 2.4762682e-05 | X35: ='GHG detailed, absolute'!X35/Production!$G$25*AF_meat -> 5.508647e-06
A36: 21113.02 | B36: Pig meat | C36: Red meat | D36: Ireland | E36: IE | F36: CO2e | G36: ='GHG detailed, absolute'!G36/Production!$G$25*AF_meat -> 3.5780268 | H36: ='GHG detailed, absolute'!H36/Production!$G$25*AF_meat -> 0.22899818 | I36: ='GHG detailed, absolute'!I36/Production!$G$25*AF_meat -> 0.16221982 | J36: ='GHG detailed, absolute'!J36/Production!$G$25*AF_meat -> 0.57729661 | K36: ='GHG detailed, absolute'!K36/Production!$G$25*AF_meat -> 0.057729661 | L36: ='GHG detailed, absolute'!L36/Production!$G$25*AF_meat -> 0.16231703 | M36: ='GHG detailed, absolute'!M36/Production!$G$25*AF_meat -> 0 | N36: ='GHG detailed, absolute'!N36/Production!$G$25*AF_meat -> 0.0026605444 | ... T36: ='GHG detailed, absolute'!T36/Production!$G$25*AF_meat -> 0.60150292 | W36: ='GHG detailed, absolute'!W36/Production!$G$25*AF_meat -> 0.38534626 | X36: ='GHG detailed, absolute'!X36/Production!$G$25*AF_meat -> 0.17576443 | Z36: ='GHG detailed, absolute'!Z36/Production!$G$25*AF_meat -> 2.1637673 | AA36: ='GHG detailed, absolute'!AA36/Production!$G$25*AF_meat -> 0.00017169946
A37: 21113.02 | B37: Pig meat | C37: Red meat | D37: Italy | E37: IT | F37: CO2 | G37: ='GHG detailed, absolute'!G37/Production!$H$25*AF_meat -> 1.6397728 | H37: ='GHG detailed, absolute'!H37/Production!$H$25*AF_meat -> 0.1773049 | I37: ='GHG detailed, absolute'!I37/Production!$H$25*AF_meat -> 0.13526658 | J37: ='GHG detailed, absolute'!J37/Production!$H$25*AF_meat -> 0 | L37: ='GHG detailed, absolute'!L37/Production!$H$25*AF_meat -> 0.16009357 | N37: ='GHG detailed, absolute'!N37/Production!$H$25*AF_meat -> 0.0087543777 | O37: ='GHG detailed, absolute'!O37/Production!$H$25*AF_meat -> 0.20375441 | P37: ='GHG detailed, absolute'!P37/Production!$H$25*AF_meat -> 0.21659937 | Q37: ='GHG detailed, absolute'!Q37/Production!$H$25*AF_meat -> 0.17656043 | R37: ='GHG detailed, absolute'!R37/Production!$H$25*AF_meat -> 0.18416799 | W37: ='GHG detailed, absolute'!W37/Production!$H$25*AF_meat -> 0.22791146 | X37: ='GHG detailed, absolute'!X37/Production!$H$25*AF_meat -> 0.14935971
A38: 21113.02 | B38: Pig meat | C38: Red meat | D38: Italy | E38: IT | F38: CH4, fossil | G38: ='GHG detailed, absolute'!G38/Production!$H$25*AF_meat -> 0.0035773467 | H38: ='GHG detailed, absolute'!H38/Production!$H$25*AF_meat -> 2.6979608e-05 | I38: ='GHG detailed, absolute'!I38/Production!$H$25*AF_meat -> 0.00047593797 | L38: ='GHG detailed, absolute'!L38/Production!$H$25*AF_meat -> 7.0916051e-05 | N38: ='GHG detailed, absolute'!N38/Production!$H$25*AF_meat -> 2.5920124e-05 | O38: ='GHG detailed, absolute'!O38/Production!$H$25*AF_meat -> 0.00021840279 | P38: ='GHG detailed, absolute'!P38/Production!$H$25*AF_meat -> 0 | Q38: ='GHG detailed, absolute'!Q38/Production!$H$25*AF_meat -> 0.0013212769 | R38: ='GHG detailed, absolute'!R38/Production!$H$25*AF_meat -> 0.00015631775 | W38: ='GHG detailed, absolute'!W38/Production!$H$25*AF_meat -> 0.00061863453 | X38: ='GHG detailed, absolute'!X38/Production!$H$25*AF_meat -> 0.00066296097
A39: 21113.02 | B39: Pig meat | C39: Red meat | D39: Italy | E39: IT | F39: CH4, biogenic | G39: ='GHG detailed, absolute'!G39/Production!$H$25*AF_meat -> 0.086171059 | S39: ='GHG detailed, absolute'!S39/Production!$H$25*AF_meat -> 0.0062443459 | T39: ='GHG detailed, absolute'!T39/Production!$H$25*AF_meat -> 0.079926714 | U39: ='GHG detailed, absolute'!U39/Production!$H$25*AF_meat -> 0.079926714
A40: 21113.02 | B40: Pig meat | C40: Red meat | D40: Italy | E40: IT | F40: N2O | G40: ='GHG detailed, absolute'!G40/Production!$H$25*AF_meat -> 0.0041613364 | H40: ='GHG detailed, absolute'!H40/Production!$H$25*AF_meat -> 3.7160187e-05 | I40: ='GHG detailed, absolute'!I40/Production!$H$25*AF_meat -> 5.5108607e-06 | J40: ='GHG detailed, absolute'!J40/Production!$H$25*AF_meat -> 0.0021658669 | K40: ='GHG detailed, absolute'!K40/Production!$H$25*AF_meat -> 0.00021658669 | L40: ='GHG detailed, absolute'!L40/Production!$H$25*AF_meat -> 4.3017765e-06 | N40: ='GHG detailed, absolute'!N40/Production!$H$25*AF_meat -> 3.7605131e-07 | O40: ='GHG detailed, absolute'!O40/Production!$H$25*AF_meat -> 7.5121194e-06 | P40: ='GHG detailed, absolute'!P40/Production!$H$25*AF_meat -> 0 | Q40: ='GHG detailed, absolute'!Q40/Production!$H$25*AF_meat -> 2.1109159e-05 | R40: ='GHG detailed, absolute'!R40/Production!$H$25*AF_meat -> 7.2205657e-06 | T40: ='GHG detailed, absolute'!T40/Production!$H$25*AF_meat -> 0.0016737897 | U40: ='GHG detailed, absolute'!U40/Production!$H$25*AF_meat -> 0.00094201628 | V40: ='GHG detailed, absolute'!V40/Production!$H$25*AF_meat -> 0.00073177338 | W40: ='GHG detailed, absolute'!W40/Production!$H$25*AF_meat -> 1.6313336e-05 | X40: ='GHG detailed, absolute'!X40/Production!$H$25*AF_meat -> 5.5890824e-06
A41: 21113.02 | B41: Pig meat | C41: Red meat | D41: Italy | E41: IT | F41: CO2e | G41: ='GHG detailed, absolute'!G41/Production!$H$25*AF_meat -> 5.2090412 | H41: ='GHG detailed, absolute'!H41/Production!$H$25*AF_meat -> 0.18825363 | I41: ='GHG detailed, absolute'!I41/Production!$H$25*AF_meat -> 0.150954 | J41: ='GHG detailed, absolute'!J41/Production!$H$25*AF_meat -> 0.59128167 | K41: ='GHG detailed, absolute'!K41/Production!$H$25*AF_meat -> 0.059128167 | L41: ='GHG detailed, absolute'!L41/Production!$H$25*AF_meat -> 0.16338125 | M41: ='GHG detailed, absolute'!M41/Production!$H$25*AF_meat -> 0 | N41: ='GHG detailed, absolute'!N41/Production!$H$25*AF_meat -> 0.0096294594 | ... T41: ='GHG detailed, absolute'!T41/Production!$H$25*AF_meat -> 2.6149658 | W41: ='GHG detailed, absolute'!W41/Production!$H$25*AF_meat -> 0.25080031 | X41: ='GHG detailed, absolute'!X41/Production!$H$25*AF_meat -> 0.17064176 | Z41: ='GHG detailed, absolute'!Z41/Production!$H$25*AF_meat -> 2.0040359 | AA41: ='GHG detailed, absolute'!AA41/Production!$H$25*AF_meat -> 0.00013830669
A42: 21113.02 | B42: Pig meat | C42: Red meat | D42: Netherland | E42: NL | F42: CO2 | G42: ='GHG detailed, absolute'!G42/Production!$I$25*AF_meat -> 2.0136303 | H42: ='GHG detailed, absolute'!H42/Production!$I$25*AF_meat -> 0.24179402 | I42: ='GHG detailed, absolute'!I42/Production!$I$25*AF_meat -> 0.14202768 | J42: ='GHG detailed, absolute'!J42/Production!$I$25*AF_meat -> 0 | L42: ='GHG detailed, absolute'!L42/Production!$I$25*AF_meat -> 0.14971232 | N42: ='GHG detailed, absolute'!N42/Production!$I$25*AF_meat -> 0.0017115626 | O42: ='GHG detailed, absolute'!O42/Production!$I$25*AF_meat -> 0.23278267 | P42: ='GHG detailed, absolute'!P42/Production!$I$25*AF_meat -> 0.23884444 | Q42: ='GHG detailed, absolute'!Q42/Production!$I$25*AF_meat -> 0.20874077 | R42: ='GHG detailed, absolute'!R42/Production!$I$25*AF_meat -> 0.22651804 | W42: ='GHG detailed, absolute'!W42/Production!$I$25*AF_meat -> 0.39299087 | X42: ='GHG detailed, absolute'!X42/Production!$I$25*AF_meat -> 0.17850797
A43: 21113.02 | B43: Pig meat | C43: Red meat | D43: Netherland | E43: NL | F43: CH4, fossil | G43: ='GHG detailed, absolute'!G43/Production!$I$25*AF_meat -> 0.002414773 | H43: ='GHG detailed, absolute'!H43/Production!$I$25*AF_meat -> 0.00011643266 | I43: ='GHG detailed, absolute'!I43/Production!$I$25*AF_meat -> 0.00049972701 | L43: ='GHG detailed, absolute'!L43/Production!$I$25*AF_meat -> 6.631751e-05 | N43: ='GHG detailed, absolute'!N43/Production!$I$25*AF_meat -> 5.1580546e-06 | O43: ='GHG detailed, absolute'!O43/Production!$I$25*AF_meat -> 0.0001709334 | P43: ='GHG detailed, absolute'!P43/Production!$I$25*AF_meat -> 0 | Q43: ='GHG detailed, absolute'!Q43/Production!$I$25*AF_meat -> 0.00020555031 | R43: ='GHG detailed, absolute'!R43/Production!$I$25*AF_meat -> 0.00021042838 | W43: ='GHG detailed, absolute'!W43/Production!$I$25*AF_meat -> 0.00057251106 | X43: ='GHG detailed, absolute'!X43/Production!$I$25*AF_meat -> 0.0005677146
A44: 21113.02 | B44: Pig meat | C44: Red meat | D44: Netherland | E44: NL | F44: CH4, biogenic | G44: ='GHG detailed, absolute'!G44/Production!$I$25*AF_meat -> 0.09439492 | S44: ='GHG detailed, absolute'!S44/Production!$I$25*AF_meat -> 0.0086538763 | T44: ='GHG detailed, absolute'!T44/Production!$I$25*AF_meat -> 0.085741043 | U44: ='GHG detailed, absolute'!U44/Production!$I$25*AF_meat -> 0.085741043
A45: 21113.02 | B45: Pig meat | C45: Red meat | D45: Netherland | E45: NL | F45: N2O | G45: ='GHG detailed, absolute'!G45/Production!$I$25*AF_meat -> 0.0038021433 | H45: ='GHG detailed, absolute'!H45/Production!$I$25*AF_meat -> 0.00019845047 | I45: ='GHG detailed, absolute'!I45/Production!$I$25*AF_meat -> 5.7863127e-06 | J45: ='GHG detailed, absolute'!J45/Production!$I$25*AF_meat -> 0.002359341 | K45: ='GHG detailed, absolute'!K45/Production!$I$25*AF_meat -> 0.0002359341 | L45: ='GHG detailed, absolute'!L45/Production!$I$25*AF_meat -> 4.0228284e-06 | N45: ='GHG detailed, absolute'!N45/Production!$I$25*AF_meat -> 7.3098237e-08 | O45: ='GHG detailed, absolute'!O45/Production!$I$25*AF_meat -> 8.4669282e-06 | P45: ='GHG detailed, absolute'!P45/Production!$I$25*AF_meat -> 0 | Q45: ='GHG detailed, absolute'!Q45/Production!$I$25*AF_meat -> 1.4305196e-05 | R45: ='GHG detailed, absolute'!R45/Production!$I$25*AF_meat -> 7.9561563e-06 | T45: ='GHG detailed, absolute'!T45/Production!$I$25*AF_meat -> 0.00093569726 | U45: ='GHG detailed, absolute'!U45/Production!$I$25*AF_meat -> 0.00052892186 | V45: ='GHG detailed, absolute'!V45/Production!$I$25*AF_meat -> 0.0004067754 | W45: ='GHG detailed, absolute'!W45/Production!$I$25*AF_meat -> 2.5609911e-05 | X45: ='GHG detailed, absolute'!X45/Production!$I$25*AF_meat -> 6.5000431e-06
A46: 21113.02 | B46: Pig meat | C46: Red meat | D46: Netherland | E46: NL | F46: CO2e | G46: ='GHG detailed, absolute'!G46/Production!$I$25*AF_meat -> 5.6722385 | H46: ='GHG detailed, absolute'!H46/Production!$I$25*AF_meat -> 0.2994407 | I46: ='GHG detailed, absolute'!I46/Production!$I$25*AF_meat -> 0.1584992 | J46: ='GHG detailed, absolute'!J46/Production!$I$25*AF_meat -> 0.6441001 | K46: ='GHG detailed, absolute'!K46/Production!$I$25*AF_meat -> 0.06441001 | L46: ='GHG detailed, absolute'!L46/Production!$I$25*AF_meat -> 0.15278681 | M46: ='GHG detailed, absolute'!M46/Production!$I$25*AF_meat -> 0 | N46: ='GHG detailed, absolute'!N46/Production!$I$25*AF_meat -> 0.0018852284 | ... T46: ='GHG detailed, absolute'!T46/Production!$I$25*AF_meat -> 2.5704535 | W46: ='GHG detailed, absolute'!W46/Production!$I$25*AF_meat -> 0.4170432 | X46: ='GHG detailed, absolute'!X46/Production!$I$25*AF_meat -> 0.19720038 | Z46: ='GHG detailed, absolute'!Z46/Production!$I$25*AF_meat -> 2.2538868 | AA46: ='GHG detailed, absolute'!AA46/Production!$I$25*AF_meat -> 0.0001371592
A47: 21113.02 | B47: Pig meat | C47: Red meat | D47: Poland | E47: PL | F47: CO2 | G47: ='GHG detailed, absolute'!G47/Production!$J$25*AF_meat -> 2.7612647 | H47: ='GHG detailed, absolute'!H47/Production!$J$25*AF_meat -> 0.31401273 | I47: ='GHG detailed, absolute'!I47/Production!$J$25*AF_meat -> 0.15149962 | J47: ='GHG detailed, absolute'!J47/Production!$J$25*AF_meat -> 0 | L47: ='GHG detailed, absolute'!L47/Production!$J$25*AF_meat -> 0.22442698 | N47: ='GHG detailed, absolute'!N47/Production!$J$25*AF_meat -> 0.00026192534 | O47: ='GHG detailed, absolute'!O47/Production!$J$25*AF_meat -> 0.29091932 | P47: ='GHG detailed, absolute'!P47/Production!$J$25*AF_meat -> 0.25009243 | Q47: ='GHG detailed, absolute'!Q47/Production!$J$25*AF_meat -> 0.44005936 | R47: ='GHG detailed, absolute'!R47/Production!$J$25*AF_meat -> 0.13474968 | W47: ='GHG detailed, absolute'!W47/Production!$J$25*AF_meat -> 0.68367935 | X47: ='GHG detailed, absolute'!X47/Production!$J$25*AF_meat -> 0.27156326
A48: 21113.02 | B48: Pig meat | C48: Red meat | D48: Poland | E48: PL | F48: CH4, fossil | G48: ='GHG detailed, absolute'!G48/Production!$J$25*AF_meat -> 0.0042390042 | H48: ='GHG detailed, absolute'!H48/Production!$J$25*AF_meat -> 4.7657466e-05 | I48: ='GHG detailed, absolute'!I48/Production!$J$25*AF_meat -> 0.00053305423 | L48: ='GHG detailed, absolute'!L48/Production!$J$25*AF_meat -> 9.9413583e-05 | N48: ='GHG detailed, absolute'!N48/Production!$J$25*AF_meat -> 8.3145063e-07 | O48: ='GHG detailed, absolute'!O48/Production!$J$25*AF_meat -> 0.00027111893 | P48: ='GHG detailed, absolute'!P48/Production!$J$25*AF_meat -> 0 | Q48: ='GHG detailed, absolute'!Q48/Production!$J$25*AF_meat -> 0.0013212867 | R48: ='GHG detailed, absolute'!R48/Production!$J$25*AF_meat -> 0.00011790633 | W48: ='GHG detailed, absolute'!W48/Production!$J$25*AF_meat -> 0.0011037422 | X48: ='GHG detailed, absolute'!X48/Production!$J$25*AF_meat -> 0.00074399336
A49: 21113.02 | B49: Pig meat | C49: Red meat | D49: Poland | E49: PL | F49: CH4, biogenic | G49: ='GHG detailed, absolute'!G49/Production!$J$25*AF_meat -> 0.022289001 | S49: ='GHG detailed, absolute'!S49/Production!$J$25*AF_meat -> 0.0092759479 | T49: ='GHG detailed, absolute'!T49/Production!$J$25*AF_meat -> 0.013013053 | U49: ='GHG detailed, absolute'!U49/Production!$J$25*AF_meat -> 0.013013053
A50: 21113.02 | B50: Pig meat | C50: Red meat | D50: Poland | E50: PL | F50: N2O | G50: ='GHG detailed, absolute'!G50/Production!$J$25*AF_meat -> 0.0054868418 | H50: ='GHG detailed, absolute'!H50/Production!$J$25*AF_meat -> 0.00016667533 | I50: ='GHG detailed, absolute'!I50/Production!$J$25*AF_meat -> 6.1722069e-06 | J50: ='GHG detailed, absolute'!J50/Production!$J$25*AF_meat -> 0.0033726896 | K50: ='GHG detailed, absolute'!K50/Production!$J$25*AF_meat -> 0.00033726896 | L50: ='GHG detailed, absolute'!L50/Production!$J$25*AF_meat -> 6.0304404e-06 | N50: ='GHG detailed, absolute'!N50/Production!$J$25*AF_meat -> 1.0989365e-08 | O50: ='GHG detailed, absolute'!O50/Production!$J$25*AF_meat -> 8.6122693e-06 | P50: ='GHG detailed, absolute'!P50/Production!$J$25*AF_meat -> 0 | Q50: ='GHG detailed, absolute'!Q50/Production!$J$25*AF_meat -> 1.8955782e-05 | R50: ='GHG detailed, absolute'!R50/Production!$J$25*AF_meat -> 4.8793621e-06 | T50: ='GHG detailed, absolute'!T50/Production!$J$25*AF_meat -> 0.0015330855 | U50: ='GHG detailed, absolute'!U50/Production!$J$25*AF_meat -> 0.00088191173 | V50: ='GHG detailed, absolute'!V50/Production!$J$25*AF_meat -> 0.00065117379 | W50: ='GHG detailed, absolute'!W50/Production!$J$25*AF_meat -> 2.634948e-05 | X50: ='GHG detailed, absolute'!X50/Production!$J$25*AF_meat -> 6.1118625e-06
A51: 21113.02 | B51: Pig meat | C51: Red meat | D51: Poland | E51: PL | F51: CO2e | G51: ='GHG detailed, absolute'!G51/Production!$J$25*AF_meat -> 4.9872978 | H51: ='GHG detailed, absolute'!H51/Production!$J$25*AF_meat -> 0.36093529 | I51: ='GHG detailed, absolute'!I51/Production!$J$25*AF_meat -> 0.16906965 | J51: ='GHG detailed, absolute'!J51/Production!$J$25*AF_meat -> 0.92074427 | K51: ='GHG detailed, absolute'!K51/Production!$J$25*AF_meat -> 0.092074427 | L51: ='GHG detailed, absolute'!L51/Production!$J$25*AF_meat -> 0.22903581 | M51: ='GHG detailed, absolute'!M51/Production!$J$25*AF_meat -> 0 | N51: ='GHG detailed, absolute'!N51/Production!$J$25*AF_meat -> 0.00028970266 | ... T51: ='GHG detailed, absolute'!T51/Production!$J$25*AF_meat -> 0.76988479 | W51: ='GHG detailed, absolute'!W51/Production!$J$25*AF_meat -> 0.72376428 | X51: ='GHG detailed, absolute'!X51/Production!$J$25*AF_meat -> 0.2954028 | Z51: ='GHG detailed, absolute'!Z51/Production!$J$25*AF_meat -> 2.9477954 | AA51: ='GHG detailed, absolute'!AA51/Production!$J$25*AF_meat -> 0.00022309162
A52: 21113.02 | B52: Pig meat | C52: Red meat | D52: Spain | E52: ES | F52: CO2 | G52: ='GHG detailed, absolute'!G52/Production!$K$25*AF_meat -> 2.4329267 | H52: ='GHG detailed, absolute'!H52/Production!$K$25*AF_meat -> 0.45472239 | I52: ='GHG detailed, absolute'!I52/Production!$K$25*AF_meat -> 0.17599569 | J52: ='GHG detailed, absolute'!J52/Production!$K$25*AF_meat -> 0 | L52: ='GHG detailed, absolute'!L52/Production!$K$25*AF_meat -> 0.30299729 | N52: ='GHG detailed, absolute'!N52/Production!$K$25*AF_meat -> 0.055059039 | O52: ='GHG detailed, absolute'!O52/Production!$K$25*AF_meat -> 0.25270169 | P52: ='GHG detailed, absolute'!P52/Production!$K$25*AF_meat -> 0.31235344 | Q52: ='GHG detailed, absolute'!Q52/Production!$K$25*AF_meat -> 0.16132374 | R52: ='GHG detailed, absolute'!R52/Production!$K$25*AF_meat -> 0.25796444 | W52: ='GHG detailed, absolute'!W52/Production!$K$25*AF_meat -> 0.32230301 | X52: ='GHG detailed, absolute'!X52/Production!$K$25*AF_meat -> 0.13750596
A53: 21113.02 | B53: Pig meat | C53: Red meat | D53: Spain | E53: ES | F53: CH4, fossil | G53: ='GHG detailed, absolute'!G53/Production!$K$25*AF_meat -> 0.0027574215 | H53: ='GHG detailed, absolute'!H53/Production!$K$25*AF_meat -> 3.7633853e-05 | I53: ='GHG detailed, absolute'!I53/Production!$K$25*AF_meat -> 0.00061924408 | L53: ='GHG detailed, absolute'!L53/Production!$K$25*AF_meat -> 0.00013421758 | N53: ='GHG detailed, absolute'!N53/Production!$K$25*AF_meat -> 0.00016274396 | O53: ='GHG detailed, absolute'!O53/Production!$K$25*AF_meat -> 0.00019087503 | P53: ='GHG detailed, absolute'!P53/Production!$K$25*AF_meat -> 0 | Q53: ='GHG detailed, absolute'!Q53/Production!$K$25*AF_meat -> 0.00027110221 | R53: ='GHG detailed, absolute'!R53/Production!$K$25*AF_meat -> 0.00022051303 | W53: ='GHG detailed, absolute'!W53/Production!$K$25*AF_meat -> 0.00057362277 | X53: ='GHG detailed, absolute'!X53/Production!$K$25*AF_meat -> 0.000547469
A54: 21113.02 | B54: Pig meat | C54: Red meat | D54: Spain | E54: ES | F54: CH4, biogenic | G54: ='GHG detailed, absolute'!G54/Production!$K$25*AF_meat -> 0.081742645 | S54: ='GHG detailed, absolute'!S54/Production!$K$25*AF_meat -> 0.0099265708 | T54: ='GHG detailed, absolute'!T54/Production!$K$25*AF_meat -> 0.071816075 | U54: ='GHG detailed, absolute'!U54/Production!$K$25*AF_meat -> 0.071816075
A55: 21113.02 | B55: Pig meat | C55: Red meat | D55: Spain | E55: ES | F55: N2O | G55: ='GHG detailed, absolute'!G55/Production!$K$25*AF_meat -> 0.0052545757 | H55: ='GHG detailed, absolute'!H55/Production!$K$25*AF_meat -> 0.00011394225 | I55: ='GHG detailed, absolute'!I55/Production!$K$25*AF_meat -> 7.1701946e-06 | J55: ='GHG detailed, absolute'!J55/Production!$K$25*AF_meat -> 0.0034442069 | K55: ='GHG detailed, absolute'!K55/Production!$K$25*AF_meat -> 0.00034442069 | L55: ='GHG detailed, absolute'!L55/Production!$K$25*AF_meat -> 8.1416552e-06 | N55: ='GHG detailed, absolute'!N55/Production!$K$25*AF_meat -> 2.3663965e-06 | O55: ='GHG detailed, absolute'!O55/Production!$K$25*AF_meat -> 9.2861297e-06 | P55: ='GHG detailed, absolute'!P55/Production!$K$25*AF_meat -> 0 | Q55: ='GHG detailed, absolute'!Q55/Production!$K$25*AF_meat -> 1.5187853e-05 | R55: ='GHG detailed, absolute'!R55/Production!$K$25*AF_meat -> 9.6825596e-06 | T55: ='GHG detailed, absolute'!T55/Production!$K$25*AF_meat -> 0.0012699206 | U55: ='GHG detailed, absolute'!U55/Production!$K$25*AF_meat -> 0.00073060783 | V55: ='GHG detailed, absolute'!V55/Production!$K$25*AF_meat -> 0.00053931273 | W55: ='GHG detailed, absolute'!W55/Production!$K$25*AF_meat -> 2.5143306e-05 | X55: ='GHG detailed, absolute'!X55/Production!$K$25*AF_meat -> 5.107164e-06
A56: 21113.02 | B56: Pig meat | C56: Red meat | D56: Spain | E56: ES | F56: CO2e | G56: ='GHG detailed, absolute'!G56/Production!$K$25*AF_meat -> 6.1566484 | H56: ='GHG detailed, absolute'!H56/Production!$K$25*AF_meat -> 0.48695011 | I56: ='GHG detailed, absolute'!I56/Production!$K$25*AF_meat -> 0.19640662 | J56: ='GHG detailed, absolute'!J56/Production!$K$25*AF_meat -> 0.94026849 | K56: ='GHG detailed, absolute'!K56/Production!$K$25*AF_meat -> 0.094026849 | L56: ='GHG detailed, absolute'!L56/Production!$K$25*AF_meat -> 0.30921964 | M56: ='GHG detailed, absolute'!M56/Production!$K$25*AF_meat -> 0 | N56: ='GHG detailed, absolute'!N56/Production!$K$25*AF_meat -> 0.060554835 | ... T56: ='GHG detailed, absolute'!T56/Production!$K$25*AF_meat -> 2.2857223 | W56: ='GHG detailed, absolute'!W56/Production!$K$25*AF_meat -> 0.34626109 | X56: ='GHG detailed, absolute'!X56/Production!$K$25*AF_meat -> 0.15521479 | Z56: ='GHG detailed, absolute'!Z56/Production!$K$25*AF_meat -> 3.1014328 | AA56: ='GHG detailed, absolute'!AA56/Production!$K$25*AF_meat -> 0.00022254195
A57: 21113.02 | B57: Pig meat | C57: Red meat | D57: Sweden | E57: SE | F57: CO2 | G57: ='GHG detailed, absolute'!G57/Production!$L$25*AF_meat -> 1.4164056 | H57: ='GHG detailed, absolute'!H57/Production!$L$25*AF_meat -> 0.26918457 | I57: ='GHG detailed, absolute'!I57/Production!$L$25*AF_meat -> 0.1472071 | J57: ='GHG detailed, absolute'!J57/Production!$L$25*AF_meat -> 0 | L57: ='GHG detailed, absolute'!L57/Production!$L$25*AF_meat -> 0.21666346 | N57: ='GHG detailed, absolute'!N57/Production!$L$25*AF_meat -> 0.0012039554 | O57: ='GHG detailed, absolute'!O57/Production!$L$25*AF_meat -> 0.19564061 | P57: ='GHG detailed, absolute'!P57/Production!$L$25*AF_meat -> 0.20670845 | Q57: ='GHG detailed, absolute'!Q57/Production!$L$25*AF_meat -> 0.073557068 | R57: ='GHG detailed, absolute'!R57/Production!$L$25*AF_meat -> 0.0861218 | W57: ='GHG detailed, absolute'!W57/Production!$L$25*AF_meat -> 0.11796821 | X57: ='GHG detailed, absolute'!X57/Production!$L$25*AF_meat -> 0.10215041
A58: 21113.02 | B58: Pig meat | C58: Red meat | D58: Sweden | E58: SE | F58: CH4, fossil | G58: ='GHG detailed, absolute'!G58/Production!$L$25*AF_meat -> 0.0014331784 | H58: ='GHG detailed, absolute'!H58/Production!$L$25*AF_meat -> 4.7226056e-05 | I58: ='GHG detailed, absolute'!I58/Production!$L$25*AF_meat -> 0.00051795091 | L58: ='GHG detailed, absolute'!L58/Production!$L$25*AF_meat -> 9.5974608e-05 | N58: ='GHG detailed, absolute'!N58/Production!$L$25*AF_meat -> 3.597437e-06 | O58: ='GHG detailed, absolute'!O58/Production!$L$25*AF_meat -> 8.6441416e-05 | P58: ='GHG detailed, absolute'!P58/Production!$L$25*AF_meat -> 0 | Q58: ='GHG detailed, absolute'!Q58/Production!$L$25*AF_meat -> 0.00011887494 | R58: ='GHG detailed, absolute'!R58/Production!$L$25*AF_meat -> 7.9394774e-05 | W58: ='GHG detailed, absolute'!W58/Production!$L$25*AF_meat -> 7.9914788e-05 | X58: ='GHG detailed, absolute'!X58/Production!$L$25*AF_meat -> 0.00040380347
A59: 21113.02 | B59: Pig meat | C59: Red meat | D59: Sweden | E59: SE | F59: CH4, biogenic | G59: ='GHG detailed, absolute'!G59/Production!$L$25*AF_meat -> 0.021743008 | S59: ='GHG detailed, absolute'!S59/Production!$L$25*AF_meat -> 0.0091927067 | T59: ='GHG detailed, absolute'!T59/Production!$L$25*AF_meat -> 0.012550301 | U59: ='GHG detailed, absolute'!U59/Production!$L$25*AF_meat -> 0.012550301
A60: 21113.02 | B60: Pig meat | C60: Red meat | D60: Sweden | E60: SE | F60: N2O | G60: ='GHG detailed, absolute'!G60/Production!$L$25*AF_meat -> 0.0047857256 | H60: ='GHG detailed, absolute'!H60/Production!$L$25*AF_meat -> 0.0001802482 | I60: ='GHG detailed, absolute'!I60/Production!$L$25*AF_meat -> 5.9973263e-06 | J60: ='GHG detailed, absolute'!J60/Production!$L$25*AF_meat -> 0.0030324205 | K60: ='GHG detailed, absolute'!K60/Production!$L$25*AF_meat -> 0.00030324205 | L60: ='GHG detailed, absolute'!L60/Production!$L$25*AF_meat -> 5.8218317e-06 | N60: ='GHG detailed, absolute'!N60/Production!$L$25*AF_meat -> 5.1563591e-08 | O60: ='GHG detailed, absolute'!O60/Production!$L$25*AF_meat -> 7.4471089e-06 | P60: ='GHG detailed, absolute'!P60/Production!$L$25*AF_meat -> 0 | Q60: ='GHG detailed, absolute'!Q60/Production!$L$25*AF_meat -> 1.0573071e-05 | R60: ='GHG detailed, absolute'!R60/Production!$L$25*AF_meat -> 3.3773473e-06 | T60: ='GHG detailed, absolute'!T60/Production!$L$25*AF_meat -> 0.0012198508 | U60: ='GHG detailed, absolute'!U60/Production!$L$25*AF_meat -> 0.00069024394 | V60: ='GHG detailed, absolute'!V60/Production!$L$25*AF_meat -> 0.00052960684 | W60: ='GHG detailed, absolute'!W60/Production!$L$25*AF_meat -> 1.2384722e-05 | X60: ='GHG detailed, absolute'!X60/Production!$L$25*AF_meat -> 4.3110752e-06
A61: 21113.02 | B61: Pig meat | C61: Red meat | D61: Sweden | E61: SE | F61: CO2e | G61: ='GHG detailed, absolute'!G61/Production!$L$25*AF_meat -> 3.3526786 | H61: ='GHG detailed, absolute'!H61/Production!$L$25*AF_meat -> 0.31979967 | I61: ='GHG detailed, absolute'!I61/Production!$L$25*AF_meat -> 0.16427931 | J61: ='GHG detailed, absolute'!J61/Production!$L$25*AF_meat -> 0.82785079 | K61: ='GHG detailed, absolute'!K61/Production!$L$25*AF_meat -> 0.082785079 | L61: ='GHG detailed, absolute'!L61/Production!$L$25*AF_meat -> 0.22111287 | M61: ='GHG detailed, absolute'!M61/Production!$L$25*AF_meat -> 0 | N61: ='GHG detailed, absolute'!N61/Production!$L$25*AF_meat -> 0.0013252358 | ... T61: ='GHG detailed, absolute'!T61/Production!$L$25*AF_meat -> 0.67187739 | W61: ='GHG detailed, absolute'!W61/Production!$L$25*AF_meat -> 0.1237307 | X61: ='GHG detailed, absolute'!X61/Production!$L$25*AF_meat -> 0.11536068 | Z61: ='GHG detailed, absolute'!Z61/Production!$L$25*AF_meat -> 2.1935068 | AA61: ='GHG detailed, absolute'!AA61/Production!$L$25*AF_meat -> 0.00014559588

Sheet Footprints, per kg offal
A2: Footprints (per kg of offal) | M2: * Adjusted for manure
A5: Animal products | F5: Climate | L5: Land | M5: Nitrogen* | N5: Phosphorus | O5: Water | P5: Pesticides | Q5: Biodiversity | R5: Ammonia | S5: Labour | T5: Animal welfare | U5: Use of antibiotics
A6: Code | B6: Name | C6: Category | D6: Country | E6: Country code | F6: Carbon footprint, kg CO2e/kg | G6: Carbon dioxide, kg CO2/kg | H6: Methane, fossil, kg CH4/kg | I6: Methane, biogenic, kg CH4/kg | J6: Nitrous oxide, kg N2O/kg | K6: HFCs, kg HFCs/kg | L6: Cropland use, m2/kg | M6: New N input, kg N/kg | N6: New P input, kg P/kg | O6: Blue freshwater use, m3/kg | P6: Pesticide use, g a.i./kg | Q6: Extinction rate, E/MSY/kg | R6: Ammonia emission, kg NH3/kg | S6: Labour requirements, h/kg | T6: Animal welfare index per kg of bonefree meat | U6: Antibiotics use indicator/kg
A7: 21153 | B7: Edible offal of pigs, fresh, chilled or frozen | C7: Offals | D7: Denmark | E7: DK | F7: ='Footprints, absolute'!F7/Production!$B$30*AF_offal -> 0.59931677 | G7: ='Footprints, absolute'!G7/Production!$B$30*AF_offal -> 0.28748533 | H7: ='Footprints, absolute'!H7/Production!$B$30*AF_offal -> 0.00031121914 | I7: ='Footprints, absolute'!I7/Production!$B$30*AF_offal -> 0.0033388431 | J7: ='Footprints, absolute'!J7/Production!$B$30*AF_offal -> 0.00077805255 | L7: ='Footprints, absolute'!L7/Production!$B$30*AF_offal -> 1.392592 | M7: ='Footprints, absolute'!M7/Production!$B$30*AF_offal -> 0.021596961 | N7: ='Footprints, absolute'!N7/Production!$B$30*AF_offal -> 0.0024349524 | O7: ='Footprints, absolute'!O7/Production!$B$30*AF_offal -> 0.025997807 | P7: ='Footprints, absolute'!P7/Production!$B$30*AF_offal -> 0.12176593 | Q7: ='Footprints, absolute'!Q7/Production!$B$30*AF_offal -> 1.9532819e-11 | R7: ='Footprints, absolute'!R7/Production!$B$30*AF_offal -> 0.006310183 | T7: ='Footprints, absolute'!T7*AF_offal -> 0.073696724 | U7: ='Footprints, absolute'!U7*AF_offal -> 0.8827917
A8: 21153 | B8: Edible offal of pigs, fresh, chilled or frozen | C8: Offals | D8: France | E8: FR | F8: ='Footprints, absolute'!F8/Production!$C$30*AF_offal -> 0.70603451 | G8: ='Footprints, absolute'!G8/Production!$C$30*AF_offal -> 0.204956 | H8: ='Footprints, absolute'!H8/Production!$C$30*AF_offal -> 0.00027271364 | I8: ='Footprints, absolute'!I8/Production!$C$30*AF_offal -> 0.011833576 | J8: ='Footprints, absolute'!J8/Production!$C$30*AF_offal -> 0.00063533005 | L8: ='Footprints, absolute'!L8/Production!$C$30*AF_offal -> 1.2822598 | M8: ='Footprints, absolute'!M8/Production!$C$30*AF_offal -> 0.013510641 | N8: ='Footprints, absolute'!N8/Production!$C$30*AF_offal -> 0.0020961383 | O8: ='Footprints, absolute'!O8/Production!$C$30*AF_offal -> 0.031020189 | P8: ='Footprints, absolute'!P8/Production!$C$30*AF_offal -> 0.26043975 | Q8: ='Footprints, absolute'!Q8/Production!$C$30*AF_offal -> 2.2277166e-11 | R8: ='Footprints, absolute'!R8/Production!$C$30*AF_offal -> 0.0082277085 | T8: ='Footprints, absolute'!T8*AF_offal -> 0.07166795 | U8: ='Footprints, absolute'!U8*AF_offal -> 1.2909974
A9: 21153 | B9: Edible offal of pigs, fresh, chilled or frozen | C9: Offals | D9: Germany | E9: DE | F9: ='Footprints, absolute'!F9/Production!$D$30*AF_offal -> 0.74249382 | G9: ='Footprints, absolute'!G9/Production!$D$30*AF_offal -> 0.29509662 | H9: ='Footprints, absolute'!H9/Production!$D$30*AF_offal -> 0.00039257093 | I9: ='Footprints, absolute'!I9/Production!$D$30*AF_offal -> 0.0089783196 | J9: ='Footprints, absolute'!J9/Production!$D$30*AF_offal -> 0.00070799986 | L9: ='Footprints, absolute'!L9/Production!$D$30*AF_offal -> 1.3066174 | M9: ='Footprints, absolute'!M9/Production!$D$30*AF_offal -> 0.013865783 | N9: ='Footprints, absolute'!N9/Production!$D$30*AF_offal -> 0.0020724319 | O9: ='Footprints, absolute'!O9/Production!$D$30*AF_offal -> 0.022846719 | P9: ='Footprints, absolute'!P9/Production!$D$30*AF_offal -> 0.2255607 | Q9: ='Footprints, absolute'!Q9/Production!$D$30*AF_offal -> 2.3458009e-11 | R9: ='Footprints, absolute'!R9/Production!$D$30*AF_offal -> 0.010215564 | T9: ='Footprints, absolute'!T9*AF_offal -> 0.066127331 | U9: ='Footprints, absolute'!U9*AF_offal -> 2.1629537
A10: 21153 | B10: Edible offal of pigs, fresh, chilled or frozen | C10: Offals | D10: Greece | E10: GR | F10: ='Footprints, absolute'!F10/Production!$E$30*AF_offal -> 1.1782445 | G10: ='Footprints, absolute'!G10/Production!$E$30*AF_offal -> 0.34526088 | H10: ='Footprints, absolute'!H10/Production!$E$30*AF_offal -> 0.00064371512 | I10: ='Footprints, absolute'!I10/Production!$E$30*AF_offal -> 0.023251799 | J10: ='Footprints, absolute'!J10/Production!$E$30*AF_offal -> 0.00068132731 | L10: ='Footprints, absolute'!L10/Production!$E$30*AF_offal -> 3.2290424 | M10: ='Footprints, absolute'!M10/Production!$E$30*AF_offal -> 0.025198531 | N10: ='Footprints, absolute'!N10/Production!$E$30*AF_offal -> 0.0022603297 | O10: ='Footprints, absolute'!O10/Production!$E$30*AF_offal -> 0.02121533 | P10: ='Footprints, absolute'!P10/Production!$E$30*AF_offal -> 0.34117933 | Q10: ='Footprints, absolute'!Q10/Production!$E$30*AF_offal -> 1.5202729e-10 | R10: ='Footprints, absolute'!R10/Production!$E$30*AF_offal -> 0.011749391 | T10: ='Footprints, absolute'!T10*AF_offal -> 0.0706651 | U10: ='Footprints, absolute'!U10*AF_offal -> 4.2202484
A11: 21153 | B11: Edible offal of pigs, fresh, chilled or frozen | C11: Offals | D11: Hungary | E11: HU | F11: ='Footprints, absolute'!F11/Production!$F$30*AF_offal -> 0.68476625 | G11: ='Footprints, absolute'!G11/Production!$F$30*AF_offal -> 0.29524597 | H11: ='Footprints, absolute'!H11/Production!$F$30*AF_offal -> 0.00044403665 | I11: ='Footprints, absolute'!I11/Production!$F$30*AF_offal -> 0.006990438 | J11: ='Footprints, absolute'!J11/Production!$F$30*AF_offal -> 0.00068698227 | L11: ='Footprints, absolute'!L11/Production!$F$30*AF_offal -> 1.6763193 | M11: ='Footprints, absolute'!M11/Production!$F$30*AF_offal -> 0.017341208 | N11: ='Footprints, absolute'!N11/Production!$F$30*AF_offal -> 0.0036695808 | O11: ='Footprints, absolute'!O11/Production!$F$30*AF_offal -> 0.03003712 | P11: ='Footprints, absolute'!P11/Production!$F$30*AF_offal -> 0.19372527 | Q11: ='Footprints, absolute'!Q11/Production!$F$30*AF_offal -> 3.2786969e-11 | R11: ='Footprints, absolute'!R11/Production!$F$30*AF_offal -> 0.0077928798 | T11: ='Footprints, absolute'!T11*AF_offal -> 0.071916462 | U11: ='Footprints, absolute'!U11*AF_offal -> 3.2892627
A12: 21153 | B12: Edible offal of pigs, fresh, chilled or frozen | C12: Offals | D12: Ireland | E12: IE | F12: ='Footprints, absolute'!F12/Production!$G$30*AF_offal -> 0.51016534 | G12: ='Footprints, absolute'!G12/Production!$G$30*AF_offal -> 0.27916049 | H12: ='Footprints, absolute'!H12/Production!$G$30*AF_offal -> 0.00032589575 | I12: ='Footprints, absolute'!I12/Production!$G$30*AF_offal -> 0.0028582692 | J12: ='Footprints, absolute'!J12/Production!$G$30*AF_offal -> 0.00052791169 | L12: ='Footprints, absolute'!L12/Production!$G$30*AF_offal -> 1.2603734 | M12: ='Footprints, absolute'!M12/Production!$G$30*AF_offal -> 0.013420892 | N12: ='Footprints, absolute'!N12/Production!$G$30*AF_offal -> 0.0016288446 | O12: ='Footprints, absolute'!O12/Production!$G$30*AF_offal -> 0.025371082 | P12: ='Footprints, absolute'!P12/Production!$G$30*AF_offal -> 0.35708968 | Q12: ='Footprints, absolute'!Q12/Production!$G$30*AF_offal -> 2.3559964e-11 | R12: ='Footprints, absolute'!R12/Production!$G$30*AF_offal -> 0.0067082724 | T12: ='Footprints, absolute'!T12*AF_offal -> 0.068712323 | U12: ='Footprints, absolute'!U12*AF_offal -> 1.4319389
A13: 21153 | B13: Edible offal of pigs, fresh, chilled or frozen | C13: Offals | D13: Italy | E13: IT | F13: ='Footprints, absolute'!F13/Production!$H$30*AF_offal -> 1.1148471 | G13: ='Footprints, absolute'!G13/Production!$H$30*AF_offal -> 0.35094673 | H13: ='Footprints, absolute'!H13/Production!$H$30*AF_offal -> 0.00076562932 | I13: ='Footprints, absolute'!I13/Production!$H$30*AF_offal -> 0.018442464 | J13: ='Footprints, absolute'!J13/Production!$H$30*AF_offal -> 0.00089061569 | L13: ='Footprints, absolute'!L13/Production!$H$30*AF_offal -> 1.9565686 | M13: ='Footprints, absolute'!M13/Production!$H$30*AF_offal -> 0.018218965 | N13: ='Footprints, absolute'!N13/Production!$H$30*AF_offal -> 0.0037827009 | O13: ='Footprints, absolute'!O13/Production!$H$30*AF_offal -> 0.045232659 | P13: ='Footprints, absolute'!P13/Production!$H$30*AF_offal -> 0.23195224 | Q13: ='Footprints, absolute'!Q13/Production!$H$30*AF_offal -> 1.0510577e-10 | R13: ='Footprints, absolute'!R13/Production!$H$30*AF_offal -> 0.015550136 | T13: ='Footprints, absolute'!T13*AF_offal -> 0.049378659 | U13: ='Footprints, absolute'!U13*AF_offal -> 5.321149
A14: 21153 | B14: Edible offal of pigs, fresh, chilled or frozen | C14: Offals | D14: Netherlands | E14: NL | F14: ='Footprints, absolute'!F14/Production!$I$30*AF_offal -> 0.86672183 | G14: ='Footprints, absolute'!G14/Production!$I$30*AF_offal -> 0.30768406 | H14: ='Footprints, absolute'!H14/Production!$I$30*AF_offal -> 0.00036897892 | I14: ='Footprints, absolute'!I14/Production!$I$30*AF_offal -> 0.014423607 | J14: ='Footprints, absolute'!J14/Production!$I$30*AF_offal -> 0.00058097004 | L14: ='Footprints, absolute'!L14/Production!$I$30*AF_offal -> 1.3002638 | M14: ='Footprints, absolute'!M14/Production!$I$30*AF_offal -> 0.015755902 | N14: ='Footprints, absolute'!N14/Production!$I$30*AF_offal -> 0.0022980502 | O14: ='Footprints, absolute'!O14/Production!$I$30*AF_offal -> 0.024036212 | P14: ='Footprints, absolute'!P14/Production!$I$30*AF_offal -> 0.17284824 | Q14: ='Footprints, absolute'!Q14/Production!$I$30*AF_offal -> 2.5644946e-11 | R14: ='Footprints, absolute'!R14/Production!$I$30*AF_offal -> 0.0059176318 | T14: ='Footprints, absolute'!T14*AF_offal -> 0.062582023 | U14: ='Footprints, absolute'!U14*AF_offal -> 1.0914725
A15: 21153 | B15: Edible offal of pigs, fresh, chilled or frozen | C15: Offals | D15: Poland | E15: PL | F15: ='Footprints, absolute'!F15/Production!$J$30*AF_offal -> 0.71835536 | G15: ='Footprints, absolute'!G15/Production!$J$30*AF_offal -> 0.39772424 | H15: ='Footprints, absolute'!H15/Production!$J$30*AF_offal -> 0.0006105734 | I15: ='Footprints, absolute'!I15/Production!$J$30*AF_offal -> 0.0032104406 | J15: ='Footprints, absolute'!J15/Production!$J$30*AF_offal -> 0.00079030818 | L15: ='Footprints, absolute'!L15/Production!$J$30*AF_offal -> 1.7765843 | M15: ='Footprints, absolute'!M15/Production!$J$30*AF_offal -> 0.018838181 | N15: ='Footprints, absolute'!N15/Production!$J$30*AF_offal -> 0.0026343919 | O15: ='Footprints, absolute'!O15/Production!$J$30*AF_offal -> 0.021653756 | P15: ='Footprints, absolute'!P15/Production!$J$30*AF_offal -> 0.17486136 | Q15: ='Footprints, absolute'!Q15/Production!$J$30*AF_offal -> 1.8594408e-11 | R15: ='Footprints, absolute'!R15/Production!$J$30*AF_offal -> 0.0089989985 | T15: ='Footprints, absolute'!T15*AF_offal -> 0.0706651 | U15: ='Footprints, absolute'!U15*AF_offal -> 6.8373395
A16: 21153 | B16: Edible offal of pigs, fresh, chilled or frozen | C16: Offals | D16: Spain | E16: ES | F16: ='Footprints, absolute'!F16/Production!$K$30*AF_offal -> 0.84581334 | G16: ='Footprints, absolute'!G16/Production!$K$30*AF_offal -> 0.33424059 | H16: ='Footprints, absolute'!H16/Production!$K$30*AF_offal -> 0.00037882038 | I16: ='Footprints, absolute'!I16/Production!$K$30*AF_offal -> 0.011229977 | J16: ='Footprints, absolute'!J16/Production!$K$30*AF_offal -> 0.00072188469 | L16: ='Footprints, absolute'!L16/Production!$K$30*AF_offal -> 2.2699956 | M16: ='Footprints, absolute'!M16/Production!$K$30*AF_offal -> 0.024516543 | N16: ='Footprints, absolute'!N16/Production!$K$30*AF_offal -> 0.0030618101 | O16: ='Footprints, absolute'!O16/Production!$K$30*AF_offal -> 0.11762081 | P16: ='Footprints, absolute'!P16/Production!$K$30*AF_offal -> 0.16623184 | Q16: ='Footprints, absolute'!Q16/Production!$K$30*AF_offal -> 1.4958722e-10 | R16: ='Footprints, absolute'!R16/Production!$K$30*AF_offal -> 0.0084440811 | T16: ='Footprints, absolute'!T16*AF_offal -> 0.077796789 | U16: ='Footprints, absolute'!U16*AF_offal -> 3.5363996
A17: 21153 | B17: Edible offal of pigs, fresh, chilled or frozen | C17: Offals | D17: Sweden | E17: SE | F17: ='Footprints, absolute'!F17/Production!$L$30*AF_offal -> 0.48297388 | G17: ='Footprints, absolute'!G17/Production!$L$30*AF_offal -> 0.2040419 | H17: ='Footprints, absolute'!H17/Production!$L$30*AF_offal -> 0.00020645812 | I17: ='Footprints, absolute'!I17/Production!$L$30*AF_offal -> 0.0031322133 | J17: ='Footprints, absolute'!J17/Production!$L$30*AF_offal -> 0.00068941306 | L17: ='Footprints, absolute'!L17/Production!$L$30*AF_offal -> 1.6756169 | M17: ='Footprints, absolute'!M17/Production!$L$30*AF_offal -> 0.016812636 | N17: ='Footprints, absolute'!N17/Production!$L$30*AF_offal -> 0.0017117494 | O17: ='Footprints, absolute'!O17/Production!$L$30*AF_offal -> 0.023270448 | P17: ='Footprints, absolute'!P17/Production!$L$30*AF_offal -> 0.10324729 | Q17: ='Footprints, absolute'!Q17/Production!$L$30*AF_offal -> 1.0014369e-11 | R17: ='Footprints, absolute'!R17/Production!$L$30*AF_offal -> 0.0070831222 | T17: ='Footprints, absolute'!T17*AF_offal -> 0.054083119 | U17: ='Footprints, absolute'!U17*AF_offal -> 0.42777573

Sheet GHG det, per kg offal
H1: * Production of mineral fertiliser is adjusted to account for the N supplied by manure. | S1: **** Slaughtering pigs starts emitting methane when after 4 months
A2: GHG emissions (per kg of offal) | H2: ** Adjusted for use of manure instead of mineral fertiliser (lower emission factor for manure)
H3: *** Calculated as percentage of direct emissions due to assumption due to data limitations regarding nitrogen leaching and volatilization from soils in different regions.
S4: Animals | W4: Stables | X4: Slaughter | Z4: Control
A5: Animal products | G5: Sum | H5: Inputs | J5: Soil emissions | L5: Energy use | P5: Land use change | Q5: Feed processing | R5: Transports
A6: Code | B6: Name | C6: Category | D6: Country | E6: Country code | F6: Gas | G6: GHG | H6: Production of mineral fertilizer* | I6: Production of capital goods | J6: Direct emissions** | K6: Indirect emissions*** | L6: Diesel use field mach | M6: Energy use in greenhouses | N6: Energy use for irrigation | O6: Energy use for post-harvest proc | P6: LUC emissions | Q6: Feed processing | R6: Feed transports | S6: Enteric fermentation**** | T6: Manure management - tot | U6: Manure management - direct | V6: Manure management - indirect | W6: Energy use in stables | X6: Energy use for slaughter | Z6: Total feed, excl LUC | AA6: Feed mix emissions, kg CO2 per kg feed, excl. adjustement manure
A7: 21153 | B7: Edible offal of pigs, fresh, chilled or frozen | C7: Offals | D7: Denmark | E7: DK | F7: CO2 | G7: ='GHG detailed, absolute'!G7/Production!$B$30*AF_offal -> 0.28748533 | H7: ='GHG detailed, absolute'!H7/Production!$B$30*AF_offal -> 0.049897748 | I7: ='GHG detailed, absolute'!I7/Production!$B$30*AF_offal -> 0.020050447 | J7: ='GHG detailed, absolute'!J7/Production!$B$30*AF_offal -> 0 | L7: ='GHG detailed, absolute'!L7/Production!$B$30*AF_offal -> 0.023879686 | N7: ='GHG detailed, absolute'!N7/Production!$B$30*AF_offal -> 0.0011729982 | O7: ='GHG detailed, absolute'!O7/Production!$B$30*AF_offal -> 0.030458479 | P7: ='GHG detailed, absolute'!P7/Production!$B$30*AF_offal -> 0.017266548 | Q7: ='GHG detailed, absolute'!Q7/Production!$B$30*AF_offal -> 0.05290723 | R7: ='GHG detailed, absolute'!R7/Production!$B$30*AF_offal -> 0.011230002 | W7: ='GHG detailed, absolute'!W7/Production!$B$30*AF_offal -> 0.057695044 | X7: ='GHG detailed, absolute'!X7/Production!$B$30*AF_offal -> 0.022927153
A8: 21153 | B8: Edible offal of pigs, fresh, chilled or frozen | C8: Offals | D8: Denmark | E8: DK | F8: CH4, fossil | G8: ='GHG detailed, absolute'!G8/Production!$B$30*AF_offal -> 0.00031121914 | H8: ='GHG detailed, absolute'!H8/Production!$B$30*AF_offal -> 9.6997362e-06 | I8: ='GHG detailed, absolute'!I8/Production!$B$30*AF_offal -> 7.4666681e-05 | L8: ='GHG detailed, absolute'!L8/Production!$B$30*AF_offal -> 1.1426364e-05 | N8: ='GHG detailed, absolute'!N8/Production!$B$30*AF_offal -> 1.1379459e-06 | O8: ='GHG detailed, absolute'!O8/Production!$B$30*AF_offal -> 1.8941659e-05 | P8: ='GHG detailed, absolute'!P8/Production!$B$30*AF_offal -> 0 | Q8: ='GHG detailed, absolute'!Q8/Production!$B$30*AF_offal -> 5.5651805e-05 | R8: ='GHG detailed, absolute'!R8/Production!$B$30*AF_offal -> 2.3911189e-05 | W8: ='GHG detailed, absolute'!W8/Production!$B$30*AF_offal -> 5.4477927e-05 | X8: ='GHG detailed, absolute'!X8/Production!$B$30*AF_offal -> 6.1305831e-05
A9: 21153 | B9: Edible offal of pigs, fresh, chilled or frozen | C9: Offals | D9: Denmark | E9: DK | F9: CH4, biogenic | G9: ='GHG detailed, absolute'!G9/Production!$B$30*AF_offal -> 0.0033388431 | S9: ='GHG detailed, absolute'!S9/Production!$B$30*AF_offal -> 0.0013374744 | T9: ='GHG detailed, absolute'!T9/Production!$B$30*AF_offal -> 0.0020013687 | U9: ='GHG detailed, absolute'!U9/Production!$B$30*AF_offal -> 0.0020013687
A10: 21153 | B10: Edible offal of pigs, fresh, chilled or frozen | C10: Offals | D10: Denmark | E10: DK | F10: N2O | G10: ='GHG detailed, absolute'!G10/Production!$B$30*AF_offal -> 0.00077805255 | H10: ='GHG detailed, absolute'!H10/Production!$B$30*AF_offal -> 3.2705727e-05 | I10: ='GHG detailed, absolute'!I10/Production!$B$30*AF_offal -> 8.6456157e-07 | J10: ='GHG detailed, absolute'!J10/Production!$B$30*AF_offal -> 0.00053883587 | K10: ='GHG detailed, absolute'!K10/Production!$B$30*AF_offal -> 5.3883587e-05 | L10: ='GHG detailed, absolute'!L10/Production!$B$30*AF_offal -> 6.9312467e-07 | N10: ='GHG detailed, absolute'!N10/Production!$B$30*AF_offal -> 1.6347815e-08 | O10: ='GHG detailed, absolute'!O10/Production!$B$30*AF_offal -> 1.2328648e-06 | P10: ='GHG detailed, absolute'!P10/Production!$B$30*AF_offal -> 0 | Q10: ='GHG detailed, absolute'!Q10/Production!$B$30*AF_offal -> 2.410585e-06 | R10: ='GHG detailed, absolute'!R10/Production!$B$30*AF_offal -> 9.6688259e-07 | T10: ='GHG detailed, absolute'!T10/Production!$B$30*AF_offal -> 0.00014287946 | U10: ='GHG detailed, absolute'!U10/Production!$B$30*AF_offal -> 8.0210503e-05 | V10: ='GHG detailed, absolute'!V10/Production!$B$30*AF_offal -> 6.2668962e-05 | W10: ='GHG detailed, absolute'!W10/Production!$B$30*AF_offal -> 2.5655474e-06 | X10: ='GHG detailed, absolute'!X10/Production!$B$30*AF_offal -> 9.9798962e-07
A11: 21153 | B11: Edible offal of pigs, fresh, chilled or frozen | C11: Offals | D11: Denmark | E11: DK | F11: CO2e | G11: ='GHG detailed, absolute'!G11/Production!$B$30*AF_offal -> 0.59931677 | H11: ='GHG detailed, absolute'!H11/Production!$B$30*AF_offal -> 0.059115463 | I11: ='GHG detailed, absolute'!I11/Production!$B$30*AF_offal -> 0.022511539 | J11: ='GHG detailed, absolute'!J11/Production!$B$30*AF_offal -> 0.14710219 | K11: ='GHG detailed, absolute'!K11/Production!$B$30*AF_offal -> 0.014710219 | L11: ='GHG detailed, absolute'!L11/Production!$B$30*AF_offal -> 0.024409415 | M11: ='GHG detailed, absolute'!M11/Production!$B$30*AF_offal -> 0 | N11: ='GHG detailed, absolute'!N11/Production!$B$30*AF_offal -> 0.001211372 | ... T11: ='GHG detailed, absolute'!T11/Production!$B$30*AF_offal -> 0.093043048 | W11: ='GHG detailed, absolute'!W11/Production!$B$30*AF_offal -> 0.060018881 | X11: ='GHG detailed, absolute'!X11/Production!$B$30*AF_offal -> 0.025026518 | Z11: ='GHG detailed, absolute'!Z11/Production!$B$30*AF_offal -> 0.38511652 | AA11: ='GHG detailed, absolute'!AA11/Production!$B$30*AF_offal -> 2.2793855e-05
A12: 21153 | B12: Edible offal of pigs, fresh, chilled or frozen | C12: Offals | D12: France | E12: FR | F12: CO2 | G12: ='GHG detailed, absolute'!G12/Production!$C$30*AF_offal -> 0.204956 | H12: ='GHG detailed, absolute'!H12/Production!$C$30*AF_offal -> 0.035599937 | I12: ='GHG detailed, absolute'!I12/Production!$C$30*AF_offal -> 0.020324818 | J12: ='GHG detailed, absolute'!J12/Production!$C$30*AF_offal -> 0 | L12: ='GHG detailed, absolute'!L12/Production!$C$30*AF_offal -> 0.023085842 | N12: ='GHG detailed, absolute'!N12/Production!$C$30*AF_offal -> 0.00077245691 | O12: ='GHG detailed, absolute'!O12/Production!$C$30*AF_offal -> 0.027745567 | P12: ='GHG detailed, absolute'!P12/Production!$C$30*AF_offal -> 0.019520055 | Q12: ='GHG detailed, absolute'!Q12/Production!$C$30*AF_offal -> 0.015654242 | R12: ='GHG detailed, absolute'!R12/Production!$C$30*AF_offal -> 0.018283046 | W12: ='GHG detailed, absolute'!W12/Production!$C$30*AF_offal -> 0.029221941 | X12: ='GHG detailed, absolute'!X12/Production!$C$30*AF_offal -> 0.014748094
A13: 21153 | B13: Edible offal of pigs, fresh, chilled or frozen | C13: Offals | D13: France | E13: FR | F13: CH4, fossil | G13: ='GHG detailed, absolute'!G13/Production!$C$30*AF_offal -> 0.00027271364 | H13: ='GHG detailed, absolute'!H13/Production!$C$30*AF_offal -> 1.2676346e-05 | I13: ='GHG detailed, absolute'!I13/Production!$C$30*AF_offal -> 7.1513249e-05 | L13: ='GHG detailed, absolute'!L13/Production!$C$30*AF_offal -> 1.022625e-05 | N13: ='GHG detailed, absolute'!N13/Production!$C$30*AF_offal -> 2.291786e-06 | O13: ='GHG detailed, absolute'!O13/Production!$C$30*AF_offal -> 1.4988478e-05 | P13: ='GHG detailed, absolute'!P13/Production!$C$30*AF_offal -> 0 | Q13: ='GHG detailed, absolute'!Q13/Production!$C$30*AF_offal -> 4.6914924e-05 | R13: ='GHG detailed, absolute'!R13/Production!$C$30*AF_offal -> 1.7519063e-05 | W13: ='GHG detailed, absolute'!W13/Production!$C$30*AF_offal -> 3.3388668e-05 | X13: ='GHG detailed, absolute'!X13/Production!$C$30*AF_offal -> 6.3194874e-05
A14: 21153 | B14: Edible offal of pigs, fresh, chilled or frozen | C14: Offals | D14: France | E14: FR | F14: CH4, biogenic | G14: ='GHG detailed, absolute'!G14/Production!$C$30*AF_offal -> 0.011833576 | S14: ='GHG detailed, absolute'!S14/Production!$C$30*AF_offal -> 0.001345856 | T14: ='GHG detailed, absolute'!T14/Production!$C$30*AF_offal -> 0.01048772 | U14: ='GHG detailed, absolute'!U14/Production!$C$30*AF_offal -> 0.01048772
A15: 21153 | B15: Edible offal of pigs, fresh, chilled or frozen | C15: Offals | D15: France | E15: FR | F15: N2O | G15: ='GHG detailed, absolute'!G15/Production!$C$30*AF_offal -> 0.00063533005 | H15: ='GHG detailed, absolute'!H15/Production!$C$30*AF_offal -> 2.0945693e-05 | I15: ='GHG detailed, absolute'!I15/Production!$C$30*AF_offal -> 8.2804814e-07 | J15: ='GHG detailed, absolute'!J15/Production!$C$30*AF_offal -> 0.00037547961 | K15: ='GHG detailed, absolute'!K15/Production!$C$30*AF_offal -> 3.7547961e-05 | L15: ='GHG detailed, absolute'!L15/Production!$C$30*AF_offal -> 6.2032559e-07 | N15: ='GHG detailed, absolute'!N15/Production!$C$30*AF_offal -> 3.3159592e-08 | O15: ='GHG detailed, absolute'!O15/Production!$C$30*AF_offal -> 1.0514129e-06 | P15: ='GHG detailed, absolute'!P15/Production!$C$30*AF_offal -> 0 | Q15: ='GHG detailed, absolute'!Q15/Production!$C$30*AF_offal -> 2.1105891e-06 | R15: ='GHG detailed, absolute'!R15/Production!$C$30*AF_offal -> 6.4957912e-07 | T15: ='GHG detailed, absolute'!T15/Production!$C$30*AF_offal -> 0.00019236166 | U15: ='GHG detailed, absolute'!U15/Production!$C$30*AF_offal -> 0.00010806584 | V15: ='GHG detailed, absolute'!V15/Production!$C$30*AF_offal -> 8.4295819e-05 | W15: ='GHG detailed, absolute'!W15/Production!$C$30*AF_offal -> 3.078246e-06 | X15: ='GHG detailed, absolute'!X15/Production!$C$30*AF_offal -> 6.2375613e-07
A16: 21153 | B16: Edible offal of pigs, fresh, chilled or frozen | C16: Offals | D16: France | E16: FR | F16: CO2e | G16: ='GHG detailed, absolute'!G16/Production!$C$30*AF_offal -> 0.70603451 | H16: ='GHG detailed, absolute'!H16/Production!$C$30*AF_offal -> 0.041695867 | I16: ='GHG detailed, absolute'!I16/Production!$C$30*AF_offal -> 0.02268197 | J16: ='GHG detailed, absolute'!J16/Production!$C$30*AF_offal -> 0.10250593 | K16: ='GHG detailed, absolute'!K16/Production!$C$30*AF_offal -> 0.010250593 | L16: ='GHG detailed, absolute'!L16/Production!$C$30*AF_offal -> 0.023559934 | M16: ='GHG detailed, absolute'!M16/Production!$C$30*AF_offal -> 0 | N16: ='GHG detailed, absolute'!N16/Production!$C$30*AF_offal -> 0.0008498047 | ... T16: ='GHG detailed, absolute'!T16/Production!$C$30*AF_offal -> 0.33568316 | W16: ='GHG detailed, absolute'!W16/Production!$C$30*AF_offal -> 0.031057284 | X16: ='GHG detailed, absolute'!X16/Production!$C$30*AF_offal -> 0.016801587 | Z16: ='GHG detailed, absolute'!Z16/Production!$C$30*AF_offal -> 0.28615436 | AA16: ='GHG detailed, absolute'!AA16/Production!$C$30*AF_offal -> 1.8610833e-05
A17: 21153 | B17: Edible offal of pigs, fresh, chilled or frozen | C17: Offals | D17: Germany | E17: DE | F17: CO2 | G17: ='GHG detailed, absolute'!G17/Production!$D$30*AF_offal -> 0.29509662 | H17: ='GHG detailed, absolute'!H17/Production!$D$30*AF_offal -> 0.03525551 | I17: ='GHG detailed, absolute'!I17/Production!$D$30*AF_offal -> 0.02183302 | J17: ='GHG detailed, absolute'!J17/Production!$D$30*AF_offal -> 0 | L17: ='GHG detailed, absolute'!L17/Production!$D$30*AF_offal -> 0.023489003 | N17: ='GHG detailed, absolute'!N17/Production!$D$30*AF_offal -> 0.00014833557 | O17: ='GHG detailed, absolute'!O17/Production!$D$30*AF_offal -> 0.035531484 | P17: ='GHG detailed, absolute'!P17/Production!$D$30*AF_offal -> 0.031590097 | Q17: ='GHG detailed, absolute'!Q17/Production!$D$30*AF_offal -> 0.033296105 | R17: ='GHG detailed, absolute'!R17/Production!$D$30*AF_offal -> 0.030109256 | W17: ='GHG detailed, absolute'!W17/Production!$D$30*AF_offal -> 0.057919094 | X17: ='GHG detailed, absolute'!X17/Production!$D$30*AF_offal -> 0.025924713
A18: 21153 | B18: Edible offal of pigs, fresh, chilled or frozen | C18: Offals | D18: Germany | E18: DE | F18: CH4, fossil | G18: ='GHG detailed, absolute'!G18/Production!$D$30*AF_offal -> 0.00039257093 | H18: ='GHG detailed, absolute'!H18/Production!$D$30*AF_offal -> 1.8162514e-05 | I18: ='GHG detailed, absolute'!I18/Production!$D$30*AF_offal -> 7.6819885e-05 | L18: ='GHG detailed, absolute'!L18/Production!$D$30*AF_offal -> 1.0404837e-05 | N18: ='GHG detailed, absolute'!N18/Production!$D$30*AF_offal -> 4.5232723e-07 | O18: ='GHG detailed, absolute'!O18/Production!$D$30*AF_offal -> 2.51163e-05 | P18: ='GHG detailed, absolute'!P18/Production!$D$30*AF_offal -> 0 | Q18: ='GHG detailed, absolute'!Q18/Production!$D$30*AF_offal -> 6.959363e-05 | R18: ='GHG detailed, absolute'!R18/Production!$D$30*AF_offal -> 2.8695668e-05 | W18: ='GHG detailed, absolute'!W18/Production!$D$30*AF_offal -> 8.062482e-05 | X18: ='GHG detailed, absolute'!X18/Production!$D$30*AF_offal -> 8.2700954e-05
A19: 21153 | B19: Edible offal of pigs, fresh, chilled or frozen | C19: Offals | D19: Germany | E19: DE | F19: CH4, biogenic | G19: ='GHG detailed, absolute'!G19/Production!$D$30*AF_offal -> 0.0089783196 | S19: ='GHG detailed, absolute'!S19/Production!$D$30*AF_offal -> 0.0013317519 | T19: ='GHG detailed, absolute'!T19/Production!$D$30*AF_offal -> 0.0076465677 | U19: ='GHG detailed, absolute'!U19/Production!$D$30*AF_offal -> 0.0076465677
A20: 21153 | B20: Edible offal of pigs, fresh, chilled or frozen | C20: Offals | D20: Germany | E20: DE | F20: N2O | G20: ='GHG detailed, absolute'!G20/Production!$D$30*AF_offal -> 0.00070799986 | H20: ='GHG detailed, absolute'!H20/Production!$D$30*AF_offal -> 2.8640701e-05 | I20: ='GHG detailed, absolute'!I20/Production!$D$30*AF_offal -> 8.8949341e-07 | J20: ='GHG detailed, absolute'!J20/Production!$D$30*AF_offal -> 0.0003771594 | K20: ='GHG detailed, absolute'!K20/Production!$D$30*AF_offal -> 3.771594e-05 | L20: ='GHG detailed, absolute'!L20/Production!$D$30*AF_offal -> 6.3115868e-07 | N20: ='GHG detailed, absolute'!N20/Production!$D$30*AF_offal -> 6.3103984e-09 | O20: ='GHG detailed, absolute'!O20/Production!$D$30*AF_offal -> 1.3193344e-06 | P20: ='GHG detailed, absolute'!P20/Production!$D$30*AF_offal -> 0 | Q20: ='GHG detailed, absolute'!Q20/Production!$D$30*AF_offal -> 2.8803205e-06 | R20: ='GHG detailed, absolute'!R20/Production!$D$30*AF_offal -> 1.0604199e-06 | T20: ='GHG detailed, absolute'!T20/Production!$D$30*AF_offal -> 0.00025268965 | U20: ='GHG detailed, absolute'!U20/Production!$D$30*AF_offal -> 0.00014249134 | V20: ='GHG detailed, absolute'!V20/Production!$D$30*AF_offal -> 0.0001101983 | W20: ='GHG detailed, absolute'!W20/Production!$D$30*AF_offal -> 4.0053969e-06 | X20: ='GHG detailed, absolute'!X20/Production!$D$30*AF_offal -> 1.0017404e-06
A21: 21153 | B21: Edible offal of pigs, fresh, chilled or frozen | C21: Offals | D21: Germany | E21: DE | F21: CO2e | G21: ='GHG detailed, absolute'!G21/Production!$D$30*AF_offal -> 0.74249382 | H21: ='GHG detailed, absolute'!H21/Production!$D$30*AF_offal -> 0.043615664 | I21: ='GHG detailed, absolute'!I21/Production!$D$30*AF_offal -> 0.024365084 | J21: ='GHG detailed, absolute'!J21/Production!$D$30*AF_offal -> 0.10296452 | K21: ='GHG detailed, absolute'!K21/Production!$D$30*AF_offal -> 0.010296452 | L21: ='GHG detailed, absolute'!L21/Production!$D$30*AF_offal -> 0.023971374 | M21: ='GHG detailed, absolute'!M21/Production!$D$30*AF_offal -> 0 | N21: ='GHG detailed, absolute'!N21/Production!$D$30*AF_offal -> 0.00016353766 | ... T21: ='GHG detailed, absolute'!T21/Production!$D$30*AF_offal -> 0.2754416 | W21: ='GHG detailed, absolute'!W21/Production!$D$30*AF_offal -> 0.061415187 | X21: ='GHG detailed, absolute'!X21/Production!$D$30*AF_offal -> 0.028662677 | Z21: ='GHG detailed, absolute'!Z21/Production!$D$30*AF_offal -> 0.34101706 | AA21: ='GHG detailed, absolute'!AA21/Production!$D$30*AF_offal -> 2.3321446e-05
A22: 21153 | B22: Edible offal of pigs, fresh, chilled or frozen | C22: Offals | D22: Greece | E22: GR | F22: CO2 | G22: ='GHG detailed, absolute'!G22/Production!$E$30*AF_offal -> 0.34526088 | H22: ='GHG detailed, absolute'!H22/Production!$E$30*AF_offal -> 0.035242633 | I22: ='GHG detailed, absolute'!I22/Production!$E$30*AF_offal -> 0.019210785 | J22: ='GHG detailed, absolute'!J22/Production!$E$30*AF_offal -> 0 | L22: ='GHG detailed, absolute'!L22/Production!$E$30*AF_offal -> 0.036278795 | N22: ='GHG detailed, absolute'!N22/Production!$E$30*AF_offal -> 0.0058096675 | O22: ='GHG detailed, absolute'!O22/Production!$E$30*AF_offal -> 0.032190392 | P22: ='GHG detailed, absolute'!P22/Production!$E$30*AF_offal -> 0.037867173 | Q22: ='GHG detailed, absolute'!Q22/Production!$E$30*AF_offal -> 0.043483264 | R22: ='GHG detailed, absolute'!R22/Production!$E$30*AF_offal -> 0.03304523 | W22: ='GHG detailed, absolute'!W22/Production!$E$30*AF_offal -> 0.072247072 | X22: ='GHG detailed, absolute'!X22/Production!$E$30*AF_offal -> 0.02988587
A23: 21153 | B23: Edible offal of pigs, fresh, chilled or frozen | C23: Offals | D23: Greece | E23: GR | F23: CH4, fossil | G23: ='GHG detailed, absolute'!G23/Production!$E$30*AF_offal -> 0.00064371512 | H23: ='GHG detailed, absolute'!H23/Production!$E$30*AF_offal -> 5.8823795e-06 | I23: ='GHG detailed, absolute'!I23/Production!$E$30*AF_offal -> 6.7593504e-05 | L23: ='GHG detailed, absolute'!L23/Production!$E$30*AF_offal -> 1.6070283e-05 | N23: ='GHG detailed, absolute'!N23/Production!$E$30*AF_offal -> 1.7174773e-05 | O23: ='GHG detailed, absolute'!O23/Production!$E$30*AF_offal -> 2.6189621e-05 | P23: ='GHG detailed, absolute'!P23/Production!$E$30*AF_offal -> 0 | Q23: ='GHG detailed, absolute'!Q23/Production!$E$30*AF_offal -> 0.00028100456 | R23: ='GHG detailed, absolute'!R23/Production!$E$30*AF_offal -> 2.802058e-05 | W23: ='GHG detailed, absolute'!W23/Production!$E$30*AF_offal -> 0.00011137004 | X23: ='GHG detailed, absolute'!X23/Production!$E$30*AF_offal -> 9.0409383e-05
A24: 21153 | B24: Edible offal of pigs, fresh, chilled or frozen | C24: Offals | D24: Greece | E24: GR | F24: CH4, biogenic | G24: ='GHG detailed, absolute'!G24/Production!$E$30*AF_offal -> 0.023251799 | S24: ='GHG detailed, absolute'!S24/Production!$E$30*AF_offal -> 0.0013360796 | T24: ='GHG detailed, absolute'!T24/Production!$E$30*AF_offal -> 0.02191572 | U24: ='GHG detailed, absolute'!U24/Production!$E$30*AF_offal -> 0.02191572
A25: 21153 | B25: Edible offal of pigs, fresh, chilled or frozen | C25: Offals | D25: Greece | E25: GR | F25: N2O | G25: ='GHG detailed, absolute'!G25/Production!$E$30*AF_offal -> 0.00068132731 | H25: ='GHG detailed, absolute'!H25/Production!$E$30*AF_offal -> 9.5695325e-06 | I25: ='GHG detailed, absolute'!I25/Production!$E$30*AF_offal -> 7.8266162e-07 | J25: ='GHG detailed, absolute'!J25/Production!$E$30*AF_offal -> 0.0003489952 | K25: ='GHG detailed, absolute'!K25/Production!$E$30*AF_offal -> 3.489952e-05 | L25: ='GHG detailed, absolute'!L25/Production!$E$30*AF_offal -> 9.7482537e-07 | N25: ='GHG detailed, absolute'!N25/Production!$E$30*AF_offal -> 2.4968343e-07 | O25: ='GHG detailed, absolute'!O25/Production!$E$30*AF_offal -> 1.137024e-06 | P25: ='GHG detailed, absolute'!P25/Production!$E$30*AF_offal -> 0 | Q25: ='GHG detailed, absolute'!Q25/Production!$E$30*AF_offal -> 6.0802439e-06 | R25: ='GHG detailed, absolute'!R25/Production!$E$30*AF_offal -> 1.363573e-06 | T25: ='GHG detailed, absolute'!T25/Production!$E$30*AF_offal -> 0.00027213203 | U25: ='GHG detailed, absolute'!U25/Production!$E$30*AF_offal -> 0.00015307572 | V25: ='GHG detailed, absolute'!V25/Production!$E$30*AF_offal -> 0.00011905631 | W25: ='GHG detailed, absolute'!W25/Production!$E$30*AF_offal -> 4.1410274e-06 | X25: ='GHG detailed, absolute'!X25/Production!$E$30*AF_offal -> 1.001991e-06
A26: 21153 | B26: Edible offal of pigs, fresh, chilled or frozen | C26: Offals | D26: Greece | E26: GR | F26: CO2e | G26: ='GHG detailed, absolute'!G26/Production!$E$30*AF_offal -> 1.1782445 | H26: ='GHG detailed, absolute'!H26/Production!$E$30*AF_offal -> 0.038030411 | I26: ='GHG detailed, absolute'!I26/Production!$E$30*AF_offal -> 0.021438738 | J26: ='GHG detailed, absolute'!J26/Production!$E$30*AF_offal -> 0.095275688 | K26: ='GHG detailed, absolute'!K26/Production!$E$30*AF_offal -> 0.0095275688 | L26: ='GHG detailed, absolute'!L26/Production!$E$30*AF_offal -> 0.037023817 | M26: ='GHG detailed, absolute'!M26/Production!$E$30*AF_offal -> 0 | N26: ='GHG detailed, absolute'!N26/Production!$E$30*AF_offal -> 0.0063896393 | ... T26: ='GHG detailed, absolute'!T26/Production!$E$30*AF_offal -> 0.66601647 | W26: ='GHG detailed, absolute'!W26/Production!$E$30*AF_offal -> 0.0766964 | X26: ='GHG detailed, absolute'!X26/Production!$E$30*AF_offal -> 0.032853613 | Z26: ='GHG detailed, absolute'!Z26/Production!$E$30*AF_offal -> 0.36660389 | AA26: ='GHG detailed, absolute'!AA26/Production!$E$30*AF_offal -> 3.6958779e-05
A27: 21153 | B27: Edible offal of pigs, fresh, chilled or frozen | C27: Offals | D27: Hungary | E27: HU | F27: CO2 | G27: ='GHG detailed, absolute'!G27/Production!$F$30*AF_offal -> 0.29524597 | H27: ='GHG detailed, absolute'!H27/Production!$F$30*AF_offal -> 0.039247106 | I27: ='GHG detailed, absolute'!I27/Production!$F$30*AF_offal -> 0.021784313 | J27: ='GHG detailed, absolute'!J27/Production!$F$30*AF_offal -> 0 | L27: ='GHG detailed, absolute'!L27/Production!$F$30*AF_offal -> 0.028971423 | N27: ='GHG detailed, absolute'!N27/Production!$F$30*AF_offal -> 0.00070599256 | O27: ='GHG detailed, absolute'!O27/Production!$F$30*AF_offal -> 0.033599576 | P27: ='GHG detailed, absolute'!P27/Production!$F$30*AF_offal -> 0.035708691 | Q27: ='GHG detailed, absolute'!Q27/Production!$F$30*AF_offal -> 0.031212454 | R27: ='GHG detailed, absolute'!R27/Production!$F$30*AF_offal -> 0.023927018 | W27: ='GHG detailed, absolute'!W27/Production!$F$30*AF_offal -> 0.056940179 | X27: ='GHG detailed, absolute'!X27/Production!$F$30*AF_offal -> 0.023149214
A28: 21153 | B28: Edible offal of pigs, fresh, chilled or frozen | C28: Offals | D28: Hungary | E28: HU | F28: CH4, fossil | G28: ='GHG detailed, absolute'!G28/Production!$F$30*AF_offal -> 0.00044403665 | H28: ='GHG detailed, absolute'!H28/Production!$F$30*AF_offal -> 3.3962582e-06 | I28: ='GHG detailed, absolute'!I28/Production!$F$30*AF_offal -> 7.6648507e-05 | L28: ='GHG detailed, absolute'!L28/Production!$F$30*AF_offal -> 1.2833364e-05 | N28: ='GHG detailed, absolute'!N28/Production!$F$30*AF_offal -> 2.0938213e-06 | O28: ='GHG detailed, absolute'!O28/Production!$F$30*AF_offal -> 2.7534092e-05 | P28: ='GHG detailed, absolute'!P28/Production!$F$30*AF_offal -> 0 | Q28: ='GHG detailed, absolute'!Q28/Production!$F$30*AF_offal -> 0.00012044223 | R28: ='GHG detailed, absolute'!R28/Production!$F$30*AF_offal -> 2.0053349e-05 | W28: ='GHG detailed, absolute'!W28/Production!$F$30*AF_offal -> 9.9297029e-05 | X28: ='GHG detailed, absolute'!X28/Production!$F$30*AF_offal -> 8.1738e-05
A29: 21153 | B29: Edible offal of pigs, fresh, chilled or frozen | C29: Offals | D29: Hungary | E29: HU | F29: CH4, biogenic | G29: ='GHG detailed, absolute'!G29/Production!$F$30*AF_offal -> 0.006990438 | S29: ='GHG detailed, absolute'!S29/Production!$F$30*AF_offal -> 0.0013339017 | T29: ='GHG detailed, absolute'!T29/Production!$F$30*AF_offal -> 0.0056565363 | U29: ='GHG detailed, absolute'!U29/Production!$F$30*AF_offal -> 0.0056565363
A30: 21153 | B30: Edible offal of pigs, fresh, chilled or frozen | C30: Offals | D30: Hungary | E30: HU | F30: N2O | G30: ='GHG detailed, absolute'!G30/Production!$F$30*AF_offal -> 0.00068698227 | H30: ='GHG detailed, absolute'!H30/Production!$F$30*AF_offal -> 1.8279073e-05 | I30: ='GHG detailed, absolute'!I30/Production!$F$30*AF_offal -> 8.8750903e-07 | J30: ='GHG detailed, absolute'!J30/Production!$F$30*AF_offal -> 0.000427955 | K30: ='GHG detailed, absolute'!K30/Production!$F$30*AF_offal -> 4.27955e-05 | L30: ='GHG detailed, absolute'!L30/Production!$F$30*AF_offal -> 7.7847344e-07 | N30: ='GHG detailed, absolute'!N30/Production!$F$30*AF_offal -> 3.0310067e-08 | O30: ='GHG detailed, absolute'!O30/Production!$F$30*AF_offal -> 1.191507e-06 | P30: ='GHG detailed, absolute'!P30/Production!$F$30*AF_offal -> 0 | Q30: ='GHG detailed, absolute'!Q30/Production!$F$30*AF_offal -> 2.7781035e-06 | R30: ='GHG detailed, absolute'!R30/Production!$F$30*AF_offal -> 8.7365171e-07 | T30: ='GHG detailed, absolute'!T30/Production!$F$30*AF_offal -> 0.00018698267 | U30: ='GHG detailed, absolute'!U30/Production!$F$30*AF_offal -> 0.0001059462 | V30: ='GHG detailed, absolute'!V30/Production!$F$30*AF_offal -> 8.1036477e-05 | W30: ='GHG detailed, absolute'!W30/Production!$F$30*AF_offal -> 3.6519013e-06 | X30: ='GHG detailed, absolute'!X30/Production!$F$30*AF_offal -> 7.78569e-07
A31: 21153 | B31: Edible offal of pigs, fresh, chilled or frozen | C31: Offals | D31: Hungary | E31: HU | F31: CO2e | G31: ='GHG detailed, absolute'!G31/Production!$F$30*AF_offal -> 0.68476625 | H31: ='GHG detailed, absolute'!H31/Production!$F$30*AF_offal -> 0.044338501 | I31: ='GHG detailed, absolute'!I31/Production!$F$30*AF_offal -> 0.024310728 | J31: ='GHG detailed, absolute'!J31/Production!$F$30*AF_offal -> 0.11683171 | K31: ='GHG detailed, absolute'!K31/Production!$F$30*AF_offal -> 0.011683171 | L31: ='GHG detailed, absolute'!L31/Production!$F$30*AF_offal -> 0.029566381 | M31: ='GHG detailed, absolute'!M31/Production!$F$30*AF_offal -> 0 | N31: ='GHG detailed, absolute'!N31/Production!$F$30*AF_offal -> 0.00077666308 | ... T31: ='GHG detailed, absolute'!T31/Production!$F$30*AF_offal -> 0.20377275 | W31: ='GHG detailed, absolute'!W31/Production!$F$30*AF_offal -> 0.0608962 | X31: ='GHG detailed, absolute'!X31/Production!$F$30*AF_offal -> 0.025797556 | Z31: ='GHG detailed, absolute'!Z31/Production!$F$30*AF_offal -> 0.35828439 | AA31: ='GHG detailed, absolute'!AA31/Production!$F$30*AF_offal -> 2.4544034e-05
A32: 21153 | B32: Edible offal of pigs, fresh, chilled or frozen | C32: Offals | D32: Ireland | E32: IE | F32: CO2 | G32: ='GHG detailed, absolute'!G32/Production!$G$30*AF_offal -> 0.27916049 | H32: ='GHG detailed, absolute'!H32/Production!$G$30*AF_offal -> 0.026318878 | I32: ='GHG detailed, absolute'!I32/Production!$G$30*AF_offal -> 0.02072608 | J32: ='GHG detailed, absolute'!J32/Production!$G$30*AF_offal -> 0 | L32: ='GHG detailed, absolute'!L32/Production!$G$30*AF_offal -> 0.022677914 | N32: ='GHG detailed, absolute'!N32/Production!$G$30*AF_offal -> 0.00034457102 | O32: ='GHG detailed, absolute'!O32/Production!$G$30*AF_offal -> 0.031673699 | P32: ='GHG detailed, absolute'!P32/Production!$G$30*AF_offal -> 0.03858992 | Q32: ='GHG detailed, absolute'!Q32/Production!$G$30*AF_offal -> 0.029019304 | R32: ='GHG detailed, absolute'!R32/Production!$G$30*AF_offal -> 0.034303242 | W32: ='GHG detailed, absolute'!W32/Production!$G$30*AF_offal -> 0.052642227 | X32: ='GHG detailed, absolute'!X32/Production!$G$30*AF_offal -> 0.022864654
A33: 21153 | B33: Edible offal of pigs, fresh, chilled or frozen | C33: Offals | D33: Ireland | E33: IE | F33: CH4, fossil | G33: ='GHG detailed, absolute'!G33/Production!$G$30*AF_offal -> 0.00032589575 | H33: ='GHG detailed, absolute'!H33/Production!$G$30*AF_offal -> 1.3896507e-05 | I33: ='GHG detailed, absolute'!I33/Production!$G$30*AF_offal -> 7.2925095e-05 | L33: ='GHG detailed, absolute'!L33/Production!$G$30*AF_offal -> 1.0045551e-05 | N33: ='GHG detailed, absolute'!N33/Production!$G$30*AF_offal -> 1.031921e-06 | O33: ='GHG detailed, absolute'!O33/Production!$G$30*AF_offal -> 1.7408021e-05 | P33: ='GHG detailed, absolute'!P33/Production!$G$30*AF_offal -> 0 | Q33: ='GHG detailed, absolute'!Q33/Production!$G$30*AF_offal -> 6.825952e-05 | R33: ='GHG detailed, absolute'!R33/Production!$G$30*AF_offal -> 3.0933928e-05 | W33: ='GHG detailed, absolute'!W33/Production!$G$30*AF_offal -> 4.4887908e-05 | X33: ='GHG detailed, absolute'!X33/Production!$G$30*AF_offal -> 6.65073e-05
A34: 21153 | B34: Edible offal of pigs, fresh, chilled or frozen | C34: Offals | D34: Ireland | E34: IE | F34: CH4, biogenic | G34: ='GHG detailed, absolute'!G34/Production!$G$30*AF_offal -> 0.0028582692 | S34: ='GHG detailed, absolute'!S34/Production!$G$30*AF_offal -> 0.0013289037 | T34: ='GHG detailed, absolute'!T34/Production!$G$30*AF_offal -> 0.0015293656 | U34: ='GHG detailed, absolute'!U34/Production!$G$30*AF_offal -> 0.0015293656
A35: 21153 | B35: Edible offal of pigs, fresh, chilled or frozen | C35: Offals | D35: Ireland | E35: IE | F35: N2O | G35: ='GHG detailed, absolute'!G35/Production!$G$30*AF_offal -> 0.00052791169 | H35: ='GHG detailed, absolute'!H35/Production!$G$30*AF_offal -> 2.1678479e-05 | I35: ='GHG detailed, absolute'!I35/Production!$G$30*AF_offal -> 8.4439584e-07 | J35: ='GHG detailed, absolute'!J35/Production!$G$30*AF_offal -> 0.00030151139 | K35: ='GHG detailed, absolute'!K35/Production!$G$30*AF_offal -> 3.0151139e-05 | L35: ='GHG detailed, absolute'!L35/Production!$G$30*AF_offal -> 6.0936439e-07 | N35: ='GHG detailed, absolute'!N35/Production!$G$30*AF_offal -> 1.4746515e-08 | O35: ='GHG detailed, absolute'!O35/Production!$G$30*AF_offal -> 1.1416216e-06 | P35: ='GHG detailed, absolute'!P35/Production!$G$30*AF_offal -> 0 | Q35: ='GHG detailed, absolute'!Q35/Production!$G$30*AF_offal -> 3.461543e-06 | R35: ='GHG detailed, absolute'!R35/Production!$G$30*AF_offal -> 1.2848821e-06 | T35: ='GHG detailed, absolute'!T35/Production!$G$30*AF_offal -> 0.00016289796 | U35: ='GHG detailed, absolute'!U35/Production!$G$30*AF_offal -> 9.1523445e-05 | V35: ='GHG detailed, absolute'!V35/Production!$G$30*AF_offal -> 7.1374514e-05 | W35: ='GHG detailed, absolute'!W35/Production!$G$30*AF_offal -> 3.5307343e-06 | X35: ='GHG detailed, absolute'!X35/Production!$G$30*AF_offal -> 7.8543872e-07
A36: 21153 | B36: Edible offal of pigs, fresh, chilled or frozen | C36: Offals | D36: Ireland | E36: IE | F36: CO2e | G36: ='GHG detailed, absolute'!G36/Production!$G$30*AF_offal -> 0.51016534 | H36: ='GHG detailed, absolute'!H36/Production!$G$30*AF_offal -> 0.032651218 | I36: ='GHG detailed, absolute'!I36/Production!$G$30*AF_offal -> 0.023129768 | J36: ='GHG detailed, absolute'!J36/Production!$G$30*AF_offal -> 0.082312608 | K36: ='GHG detailed, absolute'!K36/Production!$G$30*AF_offal -> 0.0082312608 | L36: ='GHG detailed, absolute'!L36/Production!$G$30*AF_offal -> 0.023143628 | M36: ='GHG detailed, absolute'!M36/Production!$G$30*AF_offal -> 0 | N36: ='GHG detailed, absolute'!N36/Production!$G$30*AF_offal -> 0.00037934807 | ... T36: ='GHG detailed, absolute'!T36/Production!$G$30*AF_offal -> 0.085764013 | W36: ='GHG detailed, absolute'!W36/Production!$G$30*AF_offal -> 0.054943777 | X36: ='GHG detailed, absolute'!X36/Production!$G$30*AF_offal -> 0.025060997 | Z36: ='GHG detailed, absolute'!Z36/Production!$G$30*AF_offal -> 0.30851616 | AA36: ='GHG detailed, absolute'!AA36/Production!$G$30*AF_offal -> 2.4481403e-05
A37: 21153 | B37: Edible offal of pigs, fresh, chilled or frozen | C37: Offals | D37: Italy | E37: IT | F37: CO2 | G37: ='GHG detailed, absolute'!G37/Production!$H$30*AF_offal -> 0.35094673 | H37: ='GHG detailed, absolute'!H37/Production!$H$30*AF_offal -> 0.037947072 | I37: ='GHG detailed, absolute'!I37/Production!$H$30*AF_offal -> 0.028949964 | J37: ='GHG detailed, absolute'!J37/Production!$H$30*AF_offal -> 0 | L37: ='GHG detailed, absolute'!L37/Production!$H$30*AF_offal -> 0.034263474 | N37: ='GHG detailed, absolute'!N37/Production!$H$30*AF_offal -> 0.0018736256 | O37: ='GHG detailed, absolute'!O37/Production!$H$30*AF_offal -> 0.043607836 | P37: ='GHG detailed, absolute'!P37/Production!$H$30*AF_offal -> 0.046356935 | Q37: ='GHG detailed, absolute'!Q37/Production!$H$30*AF_offal -> 0.037787737 | R37: ='GHG detailed, absolute'!R37/Production!$H$30*AF_offal -> 0.03941592 | W37: ='GHG detailed, absolute'!W37/Production!$H$30*AF_offal -> 0.048777965 | X37: ='GHG detailed, absolute'!X37/Production!$H$30*AF_offal -> 0.031966197
A38: 21153 | B38: Edible offal of pigs, fresh, chilled or frozen | C38: Offals | D38: Italy | E38: IT | F38: CH4, fossil | G38: ='GHG detailed, absolute'!G38/Production!$H$30*AF_offal -> 0.00076562932 | H38: ='GHG detailed, absolute'!H38/Production!$H$30*AF_offal -> 5.7742177e-06 | I38: ='GHG detailed, absolute'!I38/Production!$H$30*AF_offal -> 0.00010186098 | L38: ='GHG detailed, absolute'!L38/Production!$H$30*AF_offal -> 1.5177564e-05 | N38: ='GHG detailed, absolute'!N38/Production!$H$30*AF_offal -> 5.5474653e-06 | O38: ='GHG detailed, absolute'!O38/Production!$H$30*AF_offal -> 4.6742906e-05 | P38: ='GHG detailed, absolute'!P38/Production!$H$30*AF_offal -> 0 | Q38: ='GHG detailed, absolute'!Q38/Production!$H$30*AF_offal -> 0.00028278175 | R38: ='GHG detailed, absolute'!R38/Production!$H$30*AF_offal -> 3.3455368e-05 | W38: ='GHG detailed, absolute'!W38/Production!$H$30*AF_offal -> 0.00013240113 | X38: ='GHG detailed, absolute'!X38/Production!$H$30*AF_offal -> 0.00014188794
A39: 21153 | B39: Edible offal of pigs, fresh, chilled or frozen | C39: Offals | D39: Italy | E39: IT | F39: CH4, biogenic | G39: ='GHG detailed, absolute'!G39/Production!$H$30*AF_offal -> 0.018442464 | S39: ='GHG detailed, absolute'!S39/Production!$H$30*AF_offal -> 0.0013364246 | T39: ='GHG detailed, absolute'!T39/Production!$H$30*AF_offal -> 0.01710604 | U39: ='GHG detailed, absolute'!U39/Production!$H$30*AF_offal -> 0.01710604
A40: 21153 | B40: Edible offal of pigs, fresh, chilled or frozen | C40: Offals | D40: Italy | E40: IT | F40: N2O | G40: ='GHG detailed, absolute'!G40/Production!$H$30*AF_offal -> 0.00089061569 | H40: ='GHG detailed, absolute'!H40/Production!$H$30*AF_offal -> 7.953081e-06 | I40: ='GHG detailed, absolute'!I40/Production!$H$30*AF_offal -> 1.179443e-06 | J40: ='GHG detailed, absolute'!J40/Production!$H$30*AF_offal -> 0.00046354221 | K40: ='GHG detailed, absolute'!K40/Production!$H$30*AF_offal -> 4.6354221e-05 | L40: ='GHG detailed, absolute'!L40/Production!$H$30*AF_offal -> 9.2067291e-07 | N40: ='GHG detailed, absolute'!N40/Production!$H$30*AF_offal -> 8.0483087e-08 | O40: ='GHG detailed, absolute'!O40/Production!$H$30*AF_offal -> 1.6077555e-06 | P40: ='GHG detailed, absolute'!P40/Production!$H$30*AF_offal -> 0 | Q40: ='GHG detailed, absolute'!Q40/Production!$H$30*AF_offal -> 4.5178152e-06 | R40: ='GHG detailed, absolute'!R40/Production!$H$30*AF_offal -> 1.5453567e-06 | T40: ='GHG detailed, absolute'!T40/Production!$H$30*AF_offal -> 0.00035822707 | U40: ='GHG detailed, absolute'!U40/Production!$H$30*AF_offal -> 0.00020161179 | V40: ='GHG detailed, absolute'!V40/Production!$H$30*AF_offal -> 0.00015661528 | W40: ='GHG detailed, absolute'!W40/Production!$H$30*AF_offal -> 3.4914056e-06 | X40: ='GHG detailed, absolute'!X40/Production!$H$30*AF_offal -> 1.1961841e-06
A41: 21153 | B41: Edible offal of pigs, fresh, chilled or frozen | C41: Offals | D41: Italy | E41: IT | F41: CO2e | G41: ='GHG detailed, absolute'!G41/Production!$H$30*AF_offal -> 1.1148471 | H41: ='GHG detailed, absolute'!H41/Production!$H$30*AF_offal -> 0.040290335 | I41: ='GHG detailed, absolute'!I41/Production!$H$30*AF_offal -> 0.032307409 | J41: ='GHG detailed, absolute'!J41/Production!$H$30*AF_offal -> 0.12654702 | K41: ='GHG detailed, absolute'!K41/Production!$H$30*AF_offal -> 0.012654702 | L41: ='GHG detailed, absolute'!L41/Production!$H$30*AF_offal -> 0.034967109 | M41: ='GHG detailed, absolute'!M41/Production!$H$30*AF_offal -> 0 | N41: ='GHG detailed, absolute'!N41/Production!$H$30*AF_offal -> 0.0020609119 | ... T41: ='GHG detailed, absolute'!T41/Production!$H$30*AF_offal -> 0.55965906 | W41: ='GHG detailed, absolute'!W41/Production!$H$30*AF_offal -> 0.053676673 | X41: ='GHG detailed, absolute'!X41/Production!$H$30*AF_offal -> 0.036521016 | Z41: ='GHG detailed, absolute'!Z41/Production!$H$30*AF_offal -> 0.42890689 | AA41: ='GHG detailed, absolute'!AA41/Production!$H$30*AF_offal -> 2.9600612e-05
A42: 21153 | B42: Edible offal of pigs, fresh, chilled or frozen | C42: Offals | D42: Netherland | E42: NL | F42: CO2 | G42: ='GHG detailed, absolute'!G42/Production!$I$30*AF_offal -> 0.30768406 | H42: ='GHG detailed, absolute'!H42/Production!$I$30*AF_offal -> 0.036946288 | I42: ='GHG detailed, absolute'!I42/Production!$I$30*AF_offal -> 0.021701924 | J42: ='GHG detailed, absolute'!J42/Production!$I$30*AF_offal -> 0 | L42: ='GHG detailed, absolute'!L42/Production!$I$30*AF_offal -> 0.022876142 | N42: ='GHG detailed, absolute'!N42/Production!$I$30*AF_offal -> 0.0002615279 | O42: ='GHG detailed, absolute'!O42/Production!$I$30*AF_offal -> 0.035569347 | P42: ='GHG detailed, absolute'!P42/Production!$I$30*AF_offal -> 0.03649559 | Q42: ='GHG detailed, absolute'!Q42/Production!$I$30*AF_offal -> 0.031895729 | R42: ='GHG detailed, absolute'!R42/Production!$I$30*AF_offal -> 0.034612107 | W42: ='GHG detailed, absolute'!W42/Production!$I$30*AF_offal -> 0.060049266 | X42: ='GHG detailed, absolute'!X42/Production!$I$30*AF_offal -> 0.027276137
A43: 21153 | B43: Edible offal of pigs, fresh, chilled or frozen | C43: Offals | D43: Netherland | E43: NL | F43: CH4, fossil | G43: ='GHG detailed, absolute'!G43/Production!$I$30*AF_offal -> 0.00036897892 | H43: ='GHG detailed, absolute'!H43/Production!$I$30*AF_offal -> 1.7790988e-05 | I43: ='GHG detailed, absolute'!I43/Production!$I$30*AF_offal -> 7.635862e-05 | L43: ='GHG detailed, absolute'!L43/Production!$I$30*AF_offal -> 1.013336e-05 | N43: ='GHG detailed, absolute'!N43/Production!$I$30*AF_offal -> 7.8815418e-07 | O43: ='GHG detailed, absolute'!O43/Production!$I$30*AF_offal -> 2.6118737e-05 | P43: ='GHG detailed, absolute'!P43/Production!$I$30*AF_offal -> 0 | Q43: ='GHG detailed, absolute'!Q43/Production!$I$30*AF_offal -> 3.1408224e-05 | R43: ='GHG detailed, absolute'!R43/Production!$I$30*AF_offal -> 3.2153597e-05 | W43: ='GHG detailed, absolute'!W43/Production!$I$30*AF_offal -> 8.7480071e-05 | X43: ='GHG detailed, absolute'!X43/Production!$I$30*AF_offal -> 8.674717e-05
A44: 21153 | B44: Edible offal of pigs, fresh, chilled or frozen | C44: Offals | D44: Netherland | E44: NL | F44: CH4, biogenic | G44: ='GHG detailed, absolute'!G44/Production!$I$30*AF_offal -> 0.014423607 | S44: ='GHG detailed, absolute'!S44/Production!$I$30*AF_offal -> 0.0013223181 | T44: ='GHG detailed, absolute'!T44/Production!$I$30*AF_offal -> 0.013101289 | U44: ='GHG detailed, absolute'!U44/Production!$I$30*AF_offal -> 0.013101289
A45: 21153 | B45: Edible offal of pigs, fresh, chilled or frozen | C45: Offals | D45: Netherland | E45: NL | F45: N2O | G45: ='GHG detailed, absolute'!G45/Production!$I$30*AF_offal -> 0.00058097004 | H45: ='GHG detailed, absolute'!H45/Production!$I$30*AF_offal -> 3.0323364e-05 | I45: ='GHG detailed, absolute'!I45/Production!$I$30*AF_offal -> 8.8415244e-07 | J45: ='GHG detailed, absolute'!J45/Production!$I$30*AF_offal -> 0.00036050888 | K45: ='GHG detailed, absolute'!K45/Production!$I$30*AF_offal -> 3.6050888e-05 | L45: ='GHG detailed, absolute'!L45/Production!$I$30*AF_offal -> 6.1469086e-07 | N45: ='GHG detailed, absolute'!N45/Production!$I$30*AF_offal -> 1.1169459e-08 | O45: ='GHG detailed, absolute'!O45/Production!$I$30*AF_offal -> 1.2937523e-06 | P45: ='GHG detailed, absolute'!P45/Production!$I$30*AF_offal -> 0 | Q45: ='GHG detailed, absolute'!Q45/Production!$I$30*AF_offal -> 2.1858434e-06 | R45: ='GHG detailed, absolute'!R45/Production!$I$30*AF_offal -> 1.215706e-06 | T45: ='GHG detailed, absolute'!T45/Production!$I$30*AF_offal -> 0.00014297517 | U45: ='GHG detailed, absolute'!U45/Production!$I$30*AF_offal -> 8.0819614e-05 | V45: ='GHG detailed, absolute'!V45/Production!$I$30*AF_offal -> 6.2155552e-05 | W45: ='GHG detailed, absolute'!W45/Production!$I$30*AF_offal -> 3.9132114e-06 | X45: ='GHG detailed, absolute'!X45/Production!$I$30*AF_offal -> 9.9321092e-07
A46: 21153 | B46: Edible offal of pigs, fresh, chilled or frozen | C46: Offals | D46: Netherland | E46: NL | F46: CO2e | G46: ='GHG detailed, absolute'!G46/Production!$I$30*AF_offal -> 0.86672183 | H46: ='GHG detailed, absolute'!H46/Production!$I$30*AF_offal -> 0.045754738 | I46: ='GHG detailed, absolute'!I46/Production!$I$30*AF_offal -> 0.024218784 | J46: ='GHG detailed, absolute'!J46/Production!$I$30*AF_offal -> 0.098418925 | K46: ='GHG detailed, absolute'!K46/Production!$I$30*AF_offal -> 0.0098418925 | L46: ='GHG detailed, absolute'!L46/Production!$I$30*AF_offal -> 0.023345927 | M46: ='GHG detailed, absolute'!M46/Production!$I$30*AF_offal -> 0 | N46: ='GHG detailed, absolute'!N46/Production!$I$30*AF_offal -> 0.00028806416 | ... T46: ='GHG detailed, absolute'!T46/Production!$I$30*AF_offal -> 0.39276701 | W46: ='GHG detailed, absolute'!W46/Production!$I$30*AF_offal -> 0.063724479 | X46: ='GHG detailed, absolute'!X46/Production!$I$30*AF_offal -> 0.03013235 | Z46: ='GHG detailed, absolute'!Z46/Production!$I$30*AF_offal -> 0.3443954 | AA46: ='GHG detailed, absolute'!AA46/Production!$I$30*AF_offal -> 2.0958017e-05
A47: 21153 | B47: Edible offal of pigs, fresh, chilled or frozen | C47: Offals | D47: Poland | E47: PL | F47: CO2 | G47: ='GHG detailed, absolute'!G47/Production!$J$30*AF_offal -> 0.39772424 | H47: ='GHG detailed, absolute'!H47/Production!$J$30*AF_offal -> 0.045229448 | I47: ='GHG detailed, absolute'!I47/Production!$J$30*AF_offal -> 0.021821549 | J47: ='GHG detailed, absolute'!J47/Production!$J$30*AF_offal -> 0 | L47: ='GHG detailed, absolute'!L47/Production!$J$30*AF_offal -> 0.032325786 | N47: ='GHG detailed, absolute'!N47/Production!$J$30*AF_offal -> 3.7726937e-05 | O47: ='GHG detailed, absolute'!O47/Production!$J$30*AF_offal -> 0.041903142 | P47: ='GHG detailed, absolute'!P47/Production!$J$30*AF_offal -> 0.036022561 | Q47: ='GHG detailed, absolute'!Q47/Production!$J$30*AF_offal -> 0.063384824 | R47: ='GHG detailed, absolute'!R47/Production!$J$30*AF_offal -> 0.019408937 | W47: ='GHG detailed, absolute'!W47/Production!$J$30*AF_offal -> 0.098475115 | X47: ='GHG detailed, absolute'!X47/Production!$J$30*AF_offal -> 0.039115154
A48: 21153 | B48: Edible offal of pigs, fresh, chilled or frozen | C48: Offals | D48: Poland | E48: PL | F48: CH4, fossil | G48: ='GHG detailed, absolute'!G48/Production!$J$30*AF_offal -> 0.0006105734 | H48: ='GHG detailed, absolute'!H48/Production!$J$30*AF_offal -> 6.8644379e-06 | I48: ='GHG detailed, absolute'!I48/Production!$J$30*AF_offal -> 7.6779526e-05 | L48: ='GHG detailed, absolute'!L48/Production!$J$30*AF_offal -> 1.4319233e-05 | N48: ='GHG detailed, absolute'!N48/Production!$J$30*AF_offal -> 1.1975965e-07 | O48: ='GHG detailed, absolute'!O48/Production!$J$30*AF_offal -> 3.9051154e-05 | P48: ='GHG detailed, absolute'!P48/Production!$J$30*AF_offal -> 0 | Q48: ='GHG detailed, absolute'!Q48/Production!$J$30*AF_offal -> 0.00019031415 | R48: ='GHG detailed, absolute'!R48/Production!$J$30*AF_offal -> 1.6982873e-05 | W48: ='GHG detailed, absolute'!W48/Production!$J$30*AF_offal -> 0.0001589797 | X48: ='GHG detailed, absolute'!X48/Production!$J$30*AF_offal -> 0.00010716256
A49: 21153 | B49: Edible offal of pigs, fresh, chilled or frozen | C49: Offals | D49: Poland | E49: PL | F49: CH4, biogenic | G49: ='GHG detailed, absolute'!G49/Production!$J$30*AF_offal -> 0.0032104406 | S49: ='GHG detailed, absolute'!S49/Production!$J$30*AF_offal -> 0.0013360796 | T49: ='GHG detailed, absolute'!T49/Production!$J$30*AF_offal -> 0.001874361 | U49: ='GHG detailed, absolute'!U49/Production!$J$30*AF_offal -> 0.001874361
A50: 21153 | B50: Edible offal of pigs, fresh, chilled or frozen | C50: Offals | D50: Poland | E50: PL | F50: N2O | G50: ='GHG detailed, absolute'!G50/Production!$J$30*AF_offal -> 0.00079030818 | H50: ='GHG detailed, absolute'!H50/Production!$J$30*AF_offal -> 2.4007412e-05 | I50: ='GHG detailed, absolute'!I50/Production!$J$30*AF_offal -> 8.8902609e-07 | J50: ='GHG detailed, absolute'!J50/Production!$J$30*AF_offal -> 0.00048579206 | K50: ='GHG detailed, absolute'!K50/Production!$J$30*AF_offal -> 4.8579206e-05 | L50: ='GHG detailed, absolute'!L50/Production!$J$30*AF_offal -> 8.6860647e-07 | N50: ='GHG detailed, absolute'!N50/Production!$J$30*AF_offal -> 1.582875e-09 | O50: ='GHG detailed, absolute'!O50/Production!$J$30*AF_offal -> 1.2404853e-06 | P50: ='GHG detailed, absolute'!P50/Production!$J$30*AF_offal -> 0 | Q50: ='GHG detailed, absolute'!Q50/Production!$J$30*AF_offal -> 2.7303338e-06 | R50: ='GHG detailed, absolute'!R50/Production!$J$30*AF_offal -> 7.0280863e-07 | T50: ='GHG detailed, absolute'!T50/Production!$J$30*AF_offal -> 0.00022082102 | U50: ='GHG detailed, absolute'!U50/Production!$J$30*AF_offal -> 0.00012702791 | V50: ='GHG detailed, absolute'!V50/Production!$J$30*AF_offal -> 9.3793112e-05 | W50: ='GHG detailed, absolute'!W50/Production!$J$30*AF_offal -> 3.7952997e-06 | X50: ='GHG detailed, absolute'!X50/Production!$J$30*AF_offal -> 8.8033427e-07
A51: 21153 | B51: Edible offal of pigs, fresh, chilled or frozen | C51: Offals | D51: Poland | E51: PL | F51: CO2e | G51: ='GHG detailed, absolute'!G51/Production!$J$30*AF_offal -> 0.71835536 | H51: ='GHG detailed, absolute'!H51/Production!$J$30*AF_offal -> 0.051988032 | I51: ='GHG detailed, absolute'!I51/Production!$J$30*AF_offal -> 0.024352283 | J51: ='GHG detailed, absolute'!J51/Production!$J$30*AF_offal -> 0.13262123 | K51: ='GHG detailed, absolute'!K51/Production!$J$30*AF_offal -> 0.013262123 | L51: ='GHG detailed, absolute'!L51/Production!$J$30*AF_offal -> 0.032989629 | M51: ='GHG detailed, absolute'!M51/Production!$J$30*AF_offal -> 0 | N51: ='GHG detailed, absolute'!N51/Production!$J$30*AF_offal -> 4.1727899e-05 | ... T51: ='GHG detailed, absolute'!T51/Production!$J$30*AF_offal -> 0.11089189 | W51: ='GHG detailed, absolute'!W51/Production!$J$30*AF_offal -> 0.10424883 | X51: ='GHG detailed, absolute'!X51/Production!$J$30*AF_offal -> 0.04254893 | Z51: ='GHG detailed, absolute'!Z51/Production!$J$30*AF_offal -> 0.42459157 | AA51: ='GHG detailed, absolute'!AA51/Production!$J$30*AF_offal -> 3.2133445e-05
A52: 21153 | B52: Edible offal of pigs, fresh, chilled or frozen | C52: Offals | D52: Spain | E52: ES | F52: CO2 | G52: ='GHG detailed, absolute'!G52/Production!$K$30*AF_offal -> 0.33424059 | H52: ='GHG detailed, absolute'!H52/Production!$K$30*AF_offal -> 0.06247072 | I52: ='GHG detailed, absolute'!I52/Production!$K$30*AF_offal -> 0.024178658 | J52: ='GHG detailed, absolute'!J52/Production!$K$30*AF_offal -> 0 | L52: ='GHG detailed, absolute'!L52/Production!$K$30*AF_offal -> 0.041626406 | N52: ='GHG detailed, absolute'!N52/Production!$K$30*AF_offal -> 0.0075641268 | O52: ='GHG detailed, absolute'!O52/Production!$K$30*AF_offal -> 0.034716691 | P52: ='GHG detailed, absolute'!P52/Production!$K$30*AF_offal -> 0.042911774 | Q52: ='GHG detailed, absolute'!Q52/Production!$K$30*AF_offal -> 0.022162995 | R52: ='GHG detailed, absolute'!R52/Production!$K$30*AF_offal -> 0.035439698 | W52: ='GHG detailed, absolute'!W52/Production!$K$30*AF_offal -> 0.044278667 | X52: ='GHG detailed, absolute'!X52/Production!$K$30*AF_offal -> 0.018890858
A53: 21153 | B53: Edible offal of pigs, fresh, chilled or frozen | C53: Offals | D53: Spain | E53: ES | F53: CH4, fossil | G53: ='GHG detailed, absolute'!G53/Production!$K$30*AF_offal -> 0.00037882038 | H53: ='GHG detailed, absolute'!H53/Production!$K$30*AF_offal -> 5.1702181e-06 | I53: ='GHG detailed, absolute'!I53/Production!$K$30*AF_offal -> 8.5073057e-05 | L53: ='GHG detailed, absolute'!L53/Production!$K$30*AF_offal -> 1.8439094e-05 | N53: ='GHG detailed, absolute'!N53/Production!$K$30*AF_offal -> 2.2358108e-05 | O53: ='GHG detailed, absolute'!O53/Production!$K$30*AF_offal -> 2.6222813e-05 | P53: ='GHG detailed, absolute'!P53/Production!$K$30*AF_offal -> 0 | Q53: ='GHG detailed, absolute'!Q53/Production!$K$30*AF_offal -> 3.7244594e-05 | R53: ='GHG detailed, absolute'!R53/Production!$K$30*AF_offal -> 3.0294545e-05 | W53: ='GHG detailed, absolute'!W53/Production!$K$30*AF_offal -> 7.8805506e-05 | X53: ='GHG detailed, absolute'!X53/Production!$K$30*AF_offal -> 7.5212446e-05
A54: 21153 | B54: Edible offal of pigs, fresh, chilled or frozen | C54: Offals | D54: Spain | E54: ES | F54: CH4, biogenic | G54: ='GHG detailed, absolute'!G54/Production!$K$30*AF_offal -> 0.011229977 | S54: ='GHG detailed, absolute'!S54/Production!$K$30*AF_offal -> 0.0013637332 | T54: ='GHG detailed, absolute'!T54/Production!$K$30*AF_offal -> 0.0098662437 | U54: ='GHG detailed, absolute'!U54/Production!$K$30*AF_offal -> 0.0098662437
A55: 21153 | B55: Edible offal of pigs, fresh, chilled or frozen | C55: Offals | D55: Spain | E55: ES | F55: N2O | G55: ='GHG detailed, absolute'!G55/Production!$K$30*AF_offal -> 0.00072188469 | H55: ='GHG detailed, absolute'!H55/Production!$K$30*AF_offal -> 1.5653626e-05 | I55: ='GHG detailed, absolute'!I55/Production!$K$30*AF_offal -> 9.8505645e-07 | J55: ='GHG detailed, absolute'!J55/Production!$K$30*AF_offal -> 0.00047317241 | K55: ='GHG detailed, absolute'!K55/Production!$K$30*AF_offal -> 4.7317241e-05 | L55: ='GHG detailed, absolute'!L55/Production!$K$30*AF_offal -> 1.1185178e-06 | N55: ='GHG detailed, absolute'!N55/Production!$K$30*AF_offal -> 3.2510053e-07 | O55: ='GHG detailed, absolute'!O55/Production!$K$30*AF_offal -> 1.2757481e-06 | P55: ='GHG detailed, absolute'!P55/Production!$K$30*AF_offal -> 0 | Q55: ='GHG detailed, absolute'!Q55/Production!$K$30*AF_offal -> 2.0865392e-06 | R55: ='GHG detailed, absolute'!R55/Production!$K$30*AF_offal -> 1.3302105e-06 | T55: ='GHG detailed, absolute'!T55/Production!$K$30*AF_offal -> 0.00017446436 | U55: ='GHG detailed, absolute'!U55/Production!$K$30*AF_offal -> 0.00010037244 | V55: ='GHG detailed, absolute'!V55/Production!$K$30*AF_offal -> 7.409192e-05 | W55: ='GHG detailed, absolute'!W55/Production!$K$30*AF_offal -> 3.4542404e-06 | X55: ='GHG detailed, absolute'!X55/Production!$K$30*AF_offal -> 7.0163296e-07
A56: 21153 | B56: Edible offal of pigs, fresh, chilled or frozen | C56: Offals | D56: Spain | E56: ES | F56: CO2e | G56: ='GHG detailed, absolute'!G56/Production!$K$30*AF_offal -> 0.84581334 | H56: ='GHG detailed, absolute'!H56/Production!$K$30*AF_offal -> 0.066898233 | I56: ='GHG detailed, absolute'!I56/Production!$K$30*AF_offal -> 0.026982756 | J56: ='GHG detailed, absolute'!J56/Production!$K$30*AF_offal -> 0.12917607 | K56: ='GHG detailed, absolute'!K56/Production!$K$30*AF_offal -> 0.012917607 | L56: ='GHG detailed, absolute'!L56/Production!$K$30*AF_offal -> 0.042481246 | M56: ='GHG detailed, absolute'!M56/Production!$K$30*AF_offal -> 0 | N56: ='GHG detailed, absolute'!N56/Production!$K$30*AF_offal -> 0.0083191509 | ... T56: ='GHG detailed, absolute'!T56/Production!$K$30*AF_offal -> 0.31401735 | W56: ='GHG detailed, absolute'!W56/Production!$K$30*AF_offal -> 0.047570078 | X56: ='GHG detailed, absolute'!X56/Production!$K$30*AF_offal -> 0.021323735 | Z56: ='GHG detailed, absolute'!Z56/Production!$K$30*AF_offal -> 0.42608138 | AA56: ='GHG detailed, absolute'!AA56/Production!$K$30*AF_offal -> 3.0573282e-05
A57: 21153 | B57: Edible offal of pigs, fresh, chilled or frozen | C57: Offals | D57: Sweden | E57: SE | F57: CO2 | G57: ='GHG detailed, absolute'!G57/Production!$L$30*AF_offal -> 0.2040419 | H57: ='GHG detailed, absolute'!H57/Production!$L$30*AF_offal -> 0.038777685 | I57: ='GHG detailed, absolute'!I57/Production!$L$30*AF_offal -> 0.021206084 | J57: ='GHG detailed, absolute'!J57/Production!$L$30*AF_offal -> 0 | L57: ='GHG detailed, absolute'!L57/Production!$L$30*AF_offal -> 0.031211698 | N57: ='GHG detailed, absolute'!N57/Production!$L$30*AF_offal -> 0.00017343714 | O57: ='GHG detailed, absolute'!O57/Production!$L$30*AF_offal -> 0.028183227 | P57: ='GHG detailed, absolute'!P57/Production!$L$30*AF_offal -> 0.029777618 | Q57: ='GHG detailed, absolute'!Q57/Production!$L$30*AF_offal -> 0.010596346 | R57: ='GHG detailed, absolute'!R57/Production!$L$30*AF_offal -> 0.012406372 | W57: ='GHG detailed, absolute'!W57/Production!$L$30*AF_offal -> 0.016994042 | X57: ='GHG detailed, absolute'!X57/Production!$L$30*AF_offal -> 0.014715392
A58: 21153 | B58: Edible offal of pigs, fresh, chilled or frozen | C58: Offals | D58: Sweden | E58: SE | F58: CH4, fossil | G58: ='GHG detailed, absolute'!G58/Production!$L$30*AF_offal -> 0.00020645812 | H58: ='GHG detailed, absolute'!H58/Production!$L$30*AF_offal -> 6.8032024e-06 | I58: ='GHG detailed, absolute'!I58/Production!$L$30*AF_offal -> 7.4613998e-05 | L58: ='GHG detailed, absolute'!L58/Production!$L$30*AF_offal -> 1.382573e-05 | N58: ='GHG detailed, absolute'!N58/Production!$L$30*AF_offal -> 5.1823282e-07 | O58: ='GHG detailed, absolute'!O58/Production!$L$30*AF_offal -> 1.2452415e-05 | P58: ='GHG detailed, absolute'!P58/Production!$L$30*AF_offal -> 0 | Q58: ='GHG detailed, absolute'!Q58/Production!$L$30*AF_offal -> 1.7124663e-05 | R58: ='GHG detailed, absolute'!R58/Production!$L$30*AF_offal -> 1.1437303e-05 | W58: ='GHG detailed, absolute'!W58/Production!$L$30*AF_offal -> 1.1512214e-05 | X58: ='GHG detailed, absolute'!X58/Production!$L$30*AF_offal -> 5.8170361e-05
A59: 21153 | B59: Edible offal of pigs, fresh, chilled or frozen | C59: Offals | D59: Sweden | E59: SE | F59: CH4, biogenic | G59: ='GHG detailed, absolute'!G59/Production!$L$30*AF_offal -> 0.0031322133 | S59: ='GHG detailed, absolute'!S59/Production!$L$30*AF_offal -> 0.0013242657 | T59: ='GHG detailed, absolute'!T59/Production!$L$30*AF_offal -> 0.0018079476 | U59: ='GHG detailed, absolute'!U59/Production!$L$30*AF_offal -> 0.0018079476
A60: 21153 | B60: Edible offal of pigs, fresh, chilled or frozen | C60: Offals | D60: Sweden | E60: SE | F60: N2O | G60: ='GHG detailed, absolute'!G60/Production!$L$30*AF_offal -> 0.00068941306 | H60: ='GHG detailed, absolute'!H60/Production!$L$30*AF_offal -> 2.5965857e-05 | I60: ='GHG detailed, absolute'!I60/Production!$L$30*AF_offal -> 8.6395156e-07 | J60: ='GHG detailed, absolute'!J60/Production!$L$30*AF_offal -> 0.00043683873 | K60: ='GHG detailed, absolute'!K60/Production!$L$30*AF_offal -> 4.3683873e-05 | L60: ='GHG detailed, absolute'!L60/Production!$L$30*AF_offal -> 8.3867049e-07 | N60: ='GHG detailed, absolute'!N60/Production!$L$30*AF_offal -> 7.4280508e-09 | O60: ='GHG detailed, absolute'!O60/Production!$L$30*AF_offal -> 1.0728016e-06 | P60: ='GHG detailed, absolute'!P60/Production!$L$30*AF_offal -> 0 | Q60: ='GHG detailed, absolute'!Q60/Production!$L$30*AF_offal -> 1.5231156e-06 | R60: ='GHG detailed, absolute'!R60/Production!$L$30*AF_offal -> 4.8652754e-07 | T60: ='GHG detailed, absolute'!T60/Production!$L$30*AF_offal -> 0.00017572697 | U60: ='GHG detailed, absolute'!U60/Production!$L$30*AF_offal -> 9.9433864e-05 | V60: ='GHG detailed, absolute'!V60/Production!$L$30*AF_offal -> 7.6293107e-05 | W60: ='GHG detailed, absolute'!W60/Production!$L$30*AF_offal -> 1.784095e-06 | X60: ='GHG detailed, absolute'!X60/Production!$L$30*AF_offal -> 6.2103676e-07
A61: 21153 | B61: Edible offal of pigs, fresh, chilled or frozen | C61: Offals | D61: Sweden | E61: SE | F61: CO2e | G61: ='GHG detailed, absolute'!G61/Production!$L$30*AF_offal -> 0.48297388 | H61: ='GHG detailed, absolute'!H61/Production!$L$30*AF_offal -> 0.046069099 | I61: ='GHG detailed, absolute'!I61/Production!$L$30*AF_offal -> 0.02366544 | J61: ='GHG detailed, absolute'!J61/Production!$L$30*AF_offal -> 0.11925697 | K61: ='GHG detailed, absolute'!K61/Production!$L$30*AF_offal -> 0.011925697 | L61: ='GHG detailed, absolute'!L61/Production!$L$30*AF_offal -> 0.031852662 | M61: ='GHG detailed, absolute'!M61/Production!$L$30*AF_offal -> 0 | N61: ='GHG detailed, absolute'!N61/Production!$L$30*AF_offal -> 0.00019090833 | ... T61: ='GHG detailed, absolute'!T61/Production!$L$30*AF_offal -> 0.09678805 | W61: ='GHG detailed, absolute'!W61/Production!$L$30*AF_offal -> 0.017824164 | X61: ='GHG detailed, absolute'!X61/Production!$L$30*AF_offal -> 0.016618412 | Z61: ='GHG detailed, absolute'!Z61/Production!$L$30*AF_offal -> 0.31598808 | AA61: ='GHG detailed, absolute'!AA61/Production!$L$30*AF_offal -> 2.0973978e-05

Sheet Footprints, per kg lard
A2: Footprints (per kg of lard) | M2: * Adjusted for manure
A5: Animal products | F5: Climate | L5: Land | M5: Nitrogen* | N5: Phosphorus | O5: Water | P5: Pesticides | Q5: Biodiversity | R5: Ammonia | S5: Labour | T5: Animal welfare | U5: Use of antibiotics
A6: Code | B6: Name | C6: Category | D6: Country | E6: Country code | F6: Carbon footprint, kg CO2e/kg | G6: Carbon dioxide, kg CO2/kg | H6: Methane, fossil, kg CH4/kg | I6: Methane, biogenic, kg CH4/kg | J6: Nitrous oxide, kg N2O/kg | K6: HFCs, kg HFCs/kg | L6: Cropland use, m2/kg | M6: New N input, kg N/kg | N6: New P input, kg P/kg | O6: Blue freshwater use, m3/kg | P6: Pesticide use, g a.i./kg | Q6: Extinction rate, E/MSY/kg | R6: Ammonia emission, kg NH3/kg | S6: Labour requirements, h/kg | T6: Animal welfare index per kg of bonefree meat | U6: Antibiotics use indicator/kg
A7: 21511.01 | B7: Fat of pigs | C7: Animal fats | D7: Denmark | E7: DK | F7: ='Footprints, absolute'!F7/Production!$B$35*AF_lard -> 5.0041544 | G7: ='Footprints, absolute'!G7/Production!$B$35*AF_lard -> 2.4004351 | H7: ='Footprints, absolute'!H7/Production!$B$35*AF_lard -> 0.0025986067 | I7: ='Footprints, absolute'!I7/Production!$B$35*AF_lard -> 0.027878556 | J7: ='Footprints, absolute'!J7/Production!$B$35*AF_lard -> 0.0064965562 | L7: ='Footprints, absolute'!L7/Production!$B$35*AF_lard -> 11.627816 | M7: ='Footprints, absolute'!M7/Production!$B$35*AF_lard -> 0.18032955 | N7: ='Footprints, absolute'!N7/Production!$B$35*AF_lard -> 0.020331281 | O7: ='Footprints, absolute'!O7/Production!$B$35*AF_lard -> 0.21707558 | P7: ='Footprints, absolute'!P7/Production!$B$35*AF_lard -> 1.0167169 | Q7: ='Footprints, absolute'!Q7/Production!$B$35*AF_lard -> 1.6309445e-10 | R7: ='Footprints, absolute'!R7/Production!$B$35*AF_lard -> 0.052688547 | T7: ='Footprints, absolute'!T7*AF_lard -> 0.093418382 | U7: ='Footprints, absolute'!U7*AF_lard -> 1.1190317
A8: 21511.01 | B8: Fat of pigs | C8: Animal fats | D8: France | E8: FR | F8: ='Footprints, absolute'!F8/Production!$C$35*AF_lard -> 5.8952224 | G8: ='Footprints, absolute'!G8/Production!$C$35*AF_lard -> 1.7113345 | H8: ='Footprints, absolute'!H8/Production!$C$35*AF_lard -> 0.0022770949 | I8: ='Footprints, absolute'!I8/Production!$C$35*AF_lard -> 0.098807579 | J8: ='Footprints, absolute'!J8/Production!$C$35*AF_lard -> 0.0053048567 | L8: ='Footprints, absolute'!L8/Production!$C$35*AF_lard -> 10.706568 | M8: ='Footprints, absolute'!M8/Production!$C$35*AF_lard -> 0.11281068 | N8: ='Footprints, absolute'!N8/Production!$C$35*AF_lard -> 0.017502263 | O8: ='Footprints, absolute'!O8/Production!$C$35*AF_lard -> 0.2590113 | P8: ='Footprints, absolute'!P8/Production!$C$35*AF_lard -> 2.1746108 | Q8: ='Footprints, absolute'!Q8/Production!$C$35*AF_lard -> 1.8600911e-10 | R8: ='Footprints, absolute'!R8/Production!$C$35*AF_lard -> 0.068699434 | T8: ='Footprints, absolute'!T8*AF_lard -> 0.090846697 | U8: ='Footprints, absolute'!U8*AF_lard -> 1.6364756
A9: 21511.01 | B9: Fat of pigs | C9: Animal fats | D9: Germany | E9: DE | F9: ='Footprints, absolute'!F9/Production!$D$35*AF_lard -> 6.1996491 | G9: ='Footprints, absolute'!G9/Production!$D$35*AF_lard -> 2.4639875 | H9: ='Footprints, absolute'!H9/Production!$D$35*AF_lard -> 0.0032778751 | I9: ='Footprints, absolute'!I9/Production!$D$35*AF_lard -> 0.074966861 | J9: ='Footprints, absolute'!J9/Production!$D$35*AF_lard -> 0.0059116327 | L9: ='Footprints, absolute'!L9/Production!$D$35*AF_lard -> 10.909949 | M9: ='Footprints, absolute'!M9/Production!$D$35*AF_lard -> 0.11577603 | N9: ='Footprints, absolute'!N9/Production!$D$35*AF_lard -> 0.01730432 | O9: ='Footprints, absolute'!O9/Production!$D$35*AF_lard -> 0.19076474 | P9: ='Footprints, absolute'!P9/Production!$D$35*AF_lard -> 1.8833789 | Q9: ='Footprints, absolute'!Q9/Production!$D$35*AF_lard -> 1.9586887e-10 | R9: ='Footprints, absolute'!R9/Production!$D$35*AF_lard -> 0.08529756 | T9: ='Footprints, absolute'!T9*AF_lard -> 0.083823378 | U9: ='Footprints, absolute'!U9*AF_lard -> 2.7417722
A10: 21511.01 | B10: Fat of pigs | C10: Animal fats | D10: Greece | E10: GR | F10: ='Footprints, absolute'!F10/Production!$E$35*AF_lard -> 9.8380652 | G10: ='Footprints, absolute'!G10/Production!$E$35*AF_lard -> 2.8828473 | H10: ='Footprints, absolute'!H10/Production!$E$35*AF_lard -> 0.0053748702 | I10: ='Footprints, absolute'!I10/Production!$E$35*AF_lard -> 0.19414706 | J10: ='Footprints, absolute'!J10/Production!$E$35*AF_lard -> 0.0056889231 | L10: ='Footprints, absolute'!L10/Production!$E$35*AF_lard -> 26.961746 | M10: ='Footprints, absolute'!M10/Production!$E$35*AF_lard -> 0.21040182 | N10: ='Footprints, absolute'!N10/Production!$E$35*AF_lard -> 0.018873222 | O10: ='Footprints, absolute'!O10/Production!$E$35*AF_lard -> 0.17714302 | P10: ='Footprints, absolute'!P10/Production!$E$35*AF_lard -> 2.8487673 | Q10: ='Footprints, absolute'!Q10/Production!$E$35*AF_lard -> 1.2693922e-09 | R10: ='Footprints, absolute'!R10/Production!$E$35*AF_lard -> 0.098104657 | T10: ='Footprints, absolute'!T10*AF_lard -> 0.089575479 | U10: ='Footprints, absolute'!U10*AF_lard -> 5.3496107
A11: 21511.01 | B11: Fat of pigs | C11: Animal fats | D11: Hungary | E11: HU | F11: ='Footprints, absolute'!F11/Production!$F$35*AF_lard -> 5.7176374 | G11: ='Footprints, absolute'!G11/Production!$F$35*AF_lard -> 2.4652345 | H11: ='Footprints, absolute'!H11/Production!$F$35*AF_lard -> 0.0037076018 | I11: ='Footprints, absolute'!I11/Production!$F$35*AF_lard -> 0.058368517 | J11: ='Footprints, absolute'!J11/Production!$F$35*AF_lard -> 0.0057361407 | L11: ='Footprints, absolute'!L11/Production!$F$35*AF_lard -> 13.996873 | M11: ='Footprints, absolute'!M11/Production!$F$35*AF_lard -> 0.14479501 | N11: ='Footprints, absolute'!N11/Production!$F$35*AF_lard -> 0.030640138 | O11: ='Footprints, absolute'!O11/Production!$F$35*AF_lard -> 0.2508029 | P11: ='Footprints, absolute'!P11/Production!$F$35*AF_lard -> 1.6175605 | Q11: ='Footprints, absolute'!Q11/Production!$F$35*AF_lard -> 2.737635e-10 | R11: ='Footprints, absolute'!R11/Production!$F$35*AF_lard -> 0.065068717 | T11: ='Footprints, absolute'!T11*AF_lard -> 0.091161712 | U11: ='Footprints, absolute'!U11*AF_lard -> 4.169488
A12: 21511.01 | B12: Fat of pigs | C12: Animal fats | D12: Ireland | E12: IE | F12: ='Footprints, absolute'!F12/Production!$G$35*AF_lard -> 4.2597609 | G12: ='Footprints, absolute'!G12/Production!$G$35*AF_lard -> 2.3309245 | H12: ='Footprints, absolute'!H12/Production!$G$35*AF_lard -> 0.002721153 | I12: ='Footprints, absolute'!I12/Production!$G$35*AF_lard -> 0.023865877 | J12: ='Footprints, absolute'!J12/Production!$G$35*AF_lard -> 0.0044079387 | L12: ='Footprints, absolute'!L12/Production!$G$35*AF_lard -> 10.523822 | M12: ='Footprints, absolute'!M12/Production!$G$35*AF_lard -> 0.1120613 | N12: ='Footprints, absolute'!N12/Production!$G$35*AF_lard -> 0.01360047 | O12: ='Footprints, absolute'!O12/Production!$G$35*AF_lard -> 0.21184258 | P12: ='Footprints, absolute'!P12/Production!$G$35*AF_lard -> 2.981615 | Q12: ='Footprints, absolute'!Q12/Production!$G$35*AF_lard -> 1.9672017e-10 | R12: ='Footprints, absolute'!R12/Production!$G$35*AF_lard -> 0.0560125 | T12: ='Footprints, absolute'!T12*AF_lard -> 0.087100127 | U12: ='Footprints, absolute'!U12*AF_lard -> 1.8151338
A13: 21511.01 | B13: Fat of pigs | C13: Animal fats | D13: Italy | E13: IT | F13: ='Footprints, absolute'!F13/Production!$H$35*AF_lard -> 9.3087116 | G13: ='Footprints, absolute'!G13/Production!$H$35*AF_lard -> 2.9303228 | H13: ='Footprints, absolute'!H13/Production!$H$35*AF_lard -> 0.0063928251 | I13: ='Footprints, absolute'!I13/Production!$H$35*AF_lard -> 0.15399025 | J13: ='Footprints, absolute'!J13/Production!$H$35*AF_lard -> 0.007436432 | L13: ='Footprints, absolute'!L13/Production!$H$35*AF_lard -> 16.336888 | M13: ='Footprints, absolute'!M13/Production!$H$35*AF_lard -> 0.15212408 | N13: ='Footprints, absolute'!N13/Production!$H$35*AF_lard -> 0.031584664 | O13: ='Footprints, absolute'!O13/Production!$H$35*AF_lard -> 0.37768208 | P13: ='Footprints, absolute'!P13/Production!$H$35*AF_lard -> 1.9367468 | Q13: ='Footprints, absolute'!Q13/Production!$H$35*AF_lard -> 8.7760849e-10 | R13: ='Footprints, absolute'!R13/Production!$H$35*AF_lard -> 0.12983999 | T13: ='Footprints, absolute'!T13*AF_lard -> 0.062592667 | U13: ='Footprints, absolute'!U13*AF_lard -> 6.7451184
A14: 21511.01 | B14: Fat of pigs | C14: Animal fats | D14: Netherlands | E14: NL | F14: ='Footprints, absolute'!F14/Production!$I$35*AF_lard -> 7.2369238 | G14: ='Footprints, absolute'!G14/Production!$I$35*AF_lard -> 2.5690897 | H14: ='Footprints, absolute'!H14/Production!$I$35*AF_lard -> 0.0030808874 | I14: ='Footprints, absolute'!I14/Production!$I$35*AF_lard -> 0.12043373 | J14: ='Footprints, absolute'!J14/Production!$I$35*AF_lard -> 0.0048509634 | L14: ='Footprints, absolute'!L14/Production!$I$35*AF_lard -> 10.856897 | M14: ='Footprints, absolute'!M14/Production!$I$35*AF_lard -> 0.13155809 | N14: ='Footprints, absolute'!N14/Production!$I$35*AF_lard -> 0.01918818 | O14: ='Footprints, absolute'!O14/Production!$I$35*AF_lard -> 0.20069673 | P14: ='Footprints, absolute'!P14/Production!$I$35*AF_lard -> 1.4432422 | Q14: ='Footprints, absolute'!Q14/Production!$I$35*AF_lard -> 2.1412928e-10 | R14: ='Footprints, absolute'!R14/Production!$I$35*AF_lard -> 0.049410836 | T14: ='Footprints, absolute'!T14*AF_lard -> 0.079329325 | U14: ='Footprints, absolute'!U14*AF_lard -> 1.3835567
A15: 21511.01 | B15: Fat of pigs | C15: Animal fats | D15: Poland | E15: PL | F15: ='Footprints, absolute'!F15/Production!$J$35*AF_lard -> 5.9980986 | G15: ='Footprints, absolute'!G15/Production!$J$35*AF_lard -> 3.3209041 | H15: ='Footprints, absolute'!H15/Production!$J$35*AF_lard -> 0.0050981446 | I15: ='Footprints, absolute'!I15/Production!$J$35*AF_lard -> 0.026806426 | J15: ='Footprints, absolute'!J15/Production!$J$35*AF_lard -> 0.0065988877 | L15: ='Footprints, absolute'!L15/Production!$J$35*AF_lard -> 14.834062 | M15: ='Footprints, absolute'!M15/Production!$J$35*AF_lard -> 0.15729439 | N15: ='Footprints, absolute'!N15/Production!$J$35*AF_lard -> 0.021996554 | O15: ='Footprints, absolute'!O15/Production!$J$35*AF_lard -> 0.18080378 | P15: ='Footprints, absolute'!P15/Production!$J$35*AF_lard -> 1.4600513 | Q15: ='Footprints, absolute'!Q15/Production!$J$35*AF_lard -> 1.5525894e-10 | R15: ='Footprints, absolute'!R15/Production!$J$35*AF_lard -> 0.075139525 | T15: ='Footprints, absolute'!T15*AF_lard -> 0.089575479 | U15: ='Footprints, absolute'!U15*AF_lard -> 8.66705
A16: 21511.01 | B16: Fat of pigs | C16: Animal fats | D16: Spain | E16: ES | F16: ='Footprints, absolute'!F16/Production!$K$35*AF_lard -> 7.0623428 | G16: ='Footprints, absolute'!G16/Production!$K$35*AF_lard -> 2.7908305 | H16: ='Footprints, absolute'!H16/Production!$K$35*AF_lard -> 0.0031630613 | I16: ='Footprints, absolute'!I16/Production!$K$35*AF_lard -> 0.093767671 | J16: ='Footprints, absolute'!J16/Production!$K$35*AF_lard -> 0.0060275677 | L16: ='Footprints, absolute'!L16/Production!$K$35*AF_lard -> 18.95393 | M16: ='Footprints, absolute'!M16/Production!$K$35*AF_lard -> 0.20470738 | N16: ='Footprints, absolute'!N16/Production!$K$35*AF_lard -> 0.025565396 | O16: ='Footprints, absolute'!O16/Production!$K$35*AF_lard -> 0.98210613 | P16: ='Footprints, absolute'!P16/Production!$K$35*AF_lard -> 1.3879968 | Q16: ='Footprints, absolute'!Q16/Production!$K$35*AF_lard -> 1.2490182e-09 | R16: ='Footprints, absolute'!R16/Production!$K$35*AF_lard -> 0.070506095 | T16: ='Footprints, absolute'!T16*AF_lard -> 0.098615648 | U16: ='Footprints, absolute'!U16*AF_lard -> 4.4827601
A17: 21511.01 | B17: Fat of pigs | C17: Animal fats | D17: Sweden | E17: SE | F17: ='Footprints, absolute'!F17/Production!$L$35*AF_lard -> 4.0327185 | G17: ='Footprints, absolute'!G17/Production!$L$35*AF_lard -> 1.703702 | H17: ='Footprints, absolute'!H17/Production!$L$35*AF_lard -> 0.0017238768 | I17: ='Footprints, absolute'!I17/Production!$L$35*AF_lard -> 0.026153246 | J17: ='Footprints, absolute'!J17/Production!$L$35*AF_lard -> 0.0057564372 | L17: ='Footprints, absolute'!L17/Production!$L$35*AF_lard -> 13.991007 | M17: ='Footprints, absolute'!M17/Production!$L$35*AF_lard -> 0.14038156 | N17: ='Footprints, absolute'!N17/Production!$L$35*AF_lard -> 0.014292706 | O17: ='Footprints, absolute'!O17/Production!$L$35*AF_lard -> 0.19430278 | P17: ='Footprints, absolute'!P17/Production!$L$35*AF_lard -> 0.86209067 | Q17: ='Footprints, absolute'!Q17/Production!$L$35*AF_lard -> 8.361763e-11 | R17: ='Footprints, absolute'!R17/Production!$L$35*AF_lard -> 0.059142407 | T17: ='Footprints, absolute'!T17*AF_lard -> 0.068556066 | U17: ='Footprints, absolute'!U17*AF_lard -> 0.54225092

Sheet GHG det, per kg lard
H1: * Production of mineral fertiliser is adjusted to account for the N supplied by manure. | S1: **** Slaughtering pigs starts emitting methane when after 4 months
A2: GHG emissions (per kg of lard) | H2: ** Adjusted for use of manure instead of mineral fertiliser (lower emission factor for manure)
H3: *** Calculated as percentage of direct emissions due to assumption due to data limitations regarding nitrogen leaching and volatilization from soils in different regions.
S4: Animals | W4: Stables | X4: Slaughter | Z4: Control
A5: Animal products | G5: Sum | H5: Inputs | J5: Soil emissions | L5: Energy use | P5: Land use change | Q5: Feed processing | R5: Transports
A6: Code | B6: Name | C6: Category | D6: Country | E6: Country code | F6: Gas | G6: GHG | H6: Production of mineral fertilizer* | I6: Production of capital goods | J6: Direct emissions** | K6: Indirect emissions*** | L6: Diesel use field mach | M6: Energy use in greenhouses | N6: Energy use for irrigation | O6: Energy use for post-harvest proc | P6: LUC emissions | Q6: Feed processing | R6: Feed transports | S6: Enteric fermentation**** | T6: Manure management - tot | U6: Manure management - direct | V6: Manure management - indirect | W6: Energy use in stables | X6: Energy use for slaughter | Z6: Total feed, excl LUC | AA6: Feed mix emissions, kg CO2 per kg feed, excl. adjustement manure
A7: 21511.01 | B7: Fat of pigs | C7: Animal fats | D7: Denmark | E7: DK | F7: CO2 | G7: ='GHG detailed, absolute'!G7/Production!$B$35*AF_lard -> 2.4004351 | H7: ='GHG detailed, absolute'!H7/Production!$B$35*AF_lard -> 0.41663448 | I7: ='GHG detailed, absolute'!I7/Production!$B$35*AF_lard -> 0.16741652 | J7: ='GHG detailed, absolute'!J7/Production!$B$35*AF_lard -> 0 | L7: ='GHG detailed, absolute'!L7/Production!$B$35*AF_lard -> 0.19938977 | N7: ='GHG detailed, absolute'!N7/Production!$B$35*AF_lard -> 0.00979426 | O7: ='GHG detailed, absolute'!O7/Production!$B$35*AF_lard -> 0.25432115 | P7: ='GHG detailed, absolute'!P7/Production!$B$35*AF_lard -> 0.14417162 | Q7: ='GHG detailed, absolute'!Q7/Production!$B$35*AF_lard -> 0.44176295 | R7: ='GHG detailed, absolute'!R7/Production!$B$35*AF_lard -> 0.093767882 | W7: ='GHG detailed, absolute'!W7/Production!$B$35*AF_lard -> 0.48174008 | X7: ='GHG detailed, absolute'!X7/Production!$B$35*AF_lard -> 0.19143634
A8: 21511.01 | B8: Fat of pigs | C8: Animal fats | D8: Denmark | E8: DK | F8: CH4, fossil | G8: ='GHG detailed, absolute'!G8/Production!$B$35*AF_lard -> 0.0025986067 | H8: ='GHG detailed, absolute'!H8/Production!$B$35*AF_lard -> 8.0990521e-05 | I8: ='GHG detailed, absolute'!I8/Production!$B$35*AF_lard -> 0.00062344926 | L8: ='GHG detailed, absolute'!L8/Production!$B$35*AF_lard -> 9.5407458e-05 | N8: ='GHG detailed, absolute'!N8/Production!$B$35*AF_lard -> 9.501581e-06 | O8: ='GHG detailed, absolute'!O8/Production!$B$35*AF_lard -> 0.00015815841 | P8: ='GHG detailed, absolute'!P8/Production!$B$35*AF_lard -> 0 | Q8: ='GHG detailed, absolute'!Q8/Production!$B$35*AF_lard -> 0.00046467951 | R8: ='GHG detailed, absolute'!R8/Production!$B$35*AF_lard -> 0.00019965282 | W8: ='GHG detailed, absolute'!W8/Production!$B$35*AF_lard -> 0.0004548779 | X8: ='GHG detailed, absolute'!X8/Production!$B$35*AF_lard -> 0.0005118893
A9: 21511.01 | B9: Fat of pigs | C9: Animal fats | D9: Denmark | E9: DK | F9: CH4, biogenic | G9: ='GHG detailed, absolute'!G9/Production!$B$35*AF_lard -> 0.027878556 | S9: ='GHG detailed, absolute'!S9/Production!$B$35*AF_lard -> 0.011167597 | T9: ='GHG detailed, absolute'!T9/Production!$B$35*AF_lard -> 0.016710959 | U9: ='GHG detailed, absolute'!U9/Production!$B$35*AF_lard -> 0.016710959
A10: 21511.01 | B10: Fat of pigs | C10: Animal fats | D10: Denmark | E10: DK | F10: N2O | G10: ='GHG detailed, absolute'!G10/Production!$B$35*AF_lard -> 0.0064965562 | H10: ='GHG detailed, absolute'!H10/Production!$B$35*AF_lard -> 0.00027308514 | I10: ='GHG detailed, absolute'!I10/Production!$B$35*AF_lard -> 7.2188861e-06 | J10: ='GHG detailed, absolute'!J10/Production!$B$35*AF_lard -> 0.004499153 | K10: ='GHG detailed, absolute'!K10/Production!$B$35*AF_lard -> 0.0004499153 | L10: ='GHG detailed, absolute'!L10/Production!$B$35*AF_lard -> 5.7874283e-06 | N10: ='GHG detailed, absolute'!N10/Production!$B$35*AF_lard -> 1.3650041e-07 | O10: ='GHG detailed, absolute'!O10/Production!$B$35*AF_lard -> 1.0294131e-05 | P10: ='GHG detailed, absolute'!P10/Production!$B$35*AF_lard -> 0 | Q10: ='GHG detailed, absolute'!Q10/Production!$B$35*AF_lard -> 2.0127819e-05 | R10: ='GHG detailed, absolute'!R10/Production!$B$35*AF_lard -> 8.0732427e-06 | T10: ='GHG detailed, absolute'!T10/Production!$B$35*AF_lard -> 0.00119301 | U10: ='GHG detailed, absolute'!U10/Production!$B$35*AF_lard -> 0.00066973887 | V10: ='GHG detailed, absolute'!V10/Production!$B$35*AF_lard -> 0.00052327112 | W10: ='GHG detailed, absolute'!W10/Production!$B$35*AF_lard -> 2.1421719e-05 | X10: ='GHG detailed, absolute'!X10/Production!$B$35*AF_lard -> 8.332979e-06
A11: 21511.01 | B11: Fat of pigs | C11: Animal fats | D11: Denmark | E11: DK | F11: CO2e | G11: ='GHG detailed, absolute'!G11/Production!$B$35*AF_lard -> 5.0041544 | H11: ='GHG detailed, absolute'!H11/Production!$B$35*AF_lard -> 0.49360024 | I11: ='GHG detailed, absolute'!I11/Production!$B$35*AF_lard -> 0.18796607 | J11: ='GHG detailed, absolute'!J11/Production!$B$35*AF_lard -> 1.2282688 | K11: ='GHG detailed, absolute'!K11/Production!$B$35*AF_lard -> 0.12282688 | L11: ='GHG detailed, absolute'!L11/Production!$B$35*AF_lard -> 0.20381288 | M11: ='GHG detailed, absolute'!M11/Production!$B$35*AF_lard -> 0 | N11: ='GHG detailed, absolute'!N11/Production!$B$35*AF_lard -> 0.010114672 | ... T11: ='GHG detailed, absolute'!T11/Production!$B$35*AF_lard -> 0.77688761 | W11: ='GHG detailed, absolute'!W11/Production!$B$35*AF_lard -> 0.50114357 | X11: ='GHG detailed, absolute'!X11/Production!$B$35*AF_lard -> 0.20896555 | Z11: ='GHG detailed, absolute'!Z11/Production!$B$35*AF_lard -> 3.2156325 | AA11: ='GHG detailed, absolute'!AA11/Production!$B$35*AF_lard -> 0.00019032334
A12: 21511.01 | B12: Fat of pigs | C12: Animal fats | D12: France | E12: FR | F12: CO2 | G12: ='GHG detailed, absolute'!G12/Production!$C$35*AF_lard -> 1.7113345 | H12: ='GHG detailed, absolute'!H12/Production!$C$35*AF_lard -> 0.29725112 | I12: ='GHG detailed, absolute'!I12/Production!$C$35*AF_lard -> 0.16970746 | J12: ='GHG detailed, absolute'!J12/Production!$C$35*AF_lard -> 0 | L12: ='GHG detailed, absolute'!L12/Production!$C$35*AF_lard -> 0.19276137 | N12: ='GHG detailed, absolute'!N12/Production!$C$35*AF_lard -> 0.0064498339 | O12: ='GHG detailed, absolute'!O12/Production!$C$35*AF_lard -> 0.23166897 | P12: ='GHG detailed, absolute'!P12/Production!$C$35*AF_lard -> 0.16298788 | Q12: ='GHG detailed, absolute'!Q12/Production!$C$35*AF_lard -> 0.13070924 | R12: ='GHG detailed, absolute'!R12/Production!$C$35*AF_lard -> 0.15265915 | W12: ='GHG detailed, absolute'!W12/Production!$C$35*AF_lard -> 0.24399635 | X12: ='GHG detailed, absolute'!X12/Production!$C$35*AF_lard -> 0.12314313
A13: 21511.01 | B13: Fat of pigs | C13: Animal fats | D13: France | E13: FR | F13: CH4, fossil | G13: ='GHG detailed, absolute'!G13/Production!$C$35*AF_lard -> 0.0022770949 | H13: ='GHG detailed, absolute'!H13/Production!$C$35*AF_lard -> 0.00010584452 | I13: ='GHG detailed, absolute'!I13/Production!$C$35*AF_lard -> 0.00059711884 | L13: ='GHG detailed, absolute'!L13/Production!$C$35*AF_lard -> 8.5386785e-05 | N13: ='GHG detailed, absolute'!N13/Production!$C$35*AF_lard -> 1.9135875e-05 | O13: ='GHG detailed, absolute'!O13/Production!$C$35*AF_lard -> 0.00012515027 | P13: ='GHG detailed, absolute'!P13/Production!$C$35*AF_lard -> 0 | Q13: ='GHG detailed, absolute'!Q13/Production!$C$35*AF_lard -> 0.0003917286 | R13: ='GHG detailed, absolute'!R13/Production!$C$35*AF_lard -> 0.00014628007 | W13: ='GHG detailed, absolute'!W13/Production!$C$35*AF_lard -> 0.00027878754 | X13: ='GHG detailed, absolute'!X13/Production!$C$35*AF_lard -> 0.00052766237
A14: 21511.01 | B14: Fat of pigs | C14: Animal fats | D14: France | E14: FR | F14: CH4, biogenic | G14: ='GHG detailed, absolute'!G14/Production!$C$35*AF_lard -> 0.098807579 | S14: ='GHG detailed, absolute'!S14/Production!$C$35*AF_lard -> 0.011237582 | T14: ='GHG detailed, absolute'!T14/Production!$C$35*AF_lard -> 0.087569997 | U14: ='GHG detailed, absolute'!U14/Production!$C$35*AF_lard -> 0.087569997
A15: 21511.01 | B15: Fat of pigs | C15: Animal fats | D15: France | E15: FR | F15: N2O | G15: ='GHG detailed, absolute'!G15/Production!$C$35*AF_lard -> 0.0053048567 | H15: ='GHG detailed, absolute'!H15/Production!$C$35*AF_lard -> 0.00017489162 | I15: ='GHG detailed, absolute'!I15/Production!$C$35*AF_lard -> 6.9140076e-06 | J15: ='GHG detailed, absolute'!J15/Production!$C$35*AF_lard -> 0.0031351666 | K15: ='GHG detailed, absolute'!K15/Production!$C$35*AF_lard -> 0.00031351666 | L15: ='GHG detailed, absolute'!L15/Production!$C$35*AF_lard -> 5.179573e-06 | N15: ='GHG detailed, absolute'!N15/Production!$C$35*AF_lard -> 2.7687481e-07 | O15: ='GHG detailed, absolute'!O15/Production!$C$35*AF_lard -> 8.7790511e-06 | P15: ='GHG detailed, absolute'!P15/Production!$C$35*AF_lard -> 0 | Q15: ='GHG detailed, absolute'!Q15/Production!$C$35*AF_lard -> 1.7622924e-05 | R15: ='GHG detailed, absolute'!R15/Production!$C$35*AF_lard -> 5.4238331e-06 | T15: ='GHG detailed, absolute'!T15/Production!$C$35*AF_lard -> 0.0016061747 | U15: ='GHG detailed, absolute'!U15/Production!$C$35*AF_lard -> 0.0009023244 | V15: ='GHG detailed, absolute'!V15/Production!$C$35*AF_lard -> 0.0007038503 | W15: ='GHG detailed, absolute'!W15/Production!$C$35*AF_lard -> 2.5702631e-05 | X15: ='GHG detailed, absolute'!X15/Production!$C$35*AF_lard -> 5.2082173e-06
A16: 21511.01 | B16: Fat of pigs | C16: Animal fats | D16: France | E16: FR | F16: CO2e | G16: ='GHG detailed, absolute'!G16/Production!$C$35*AF_lard -> 5.8952224 | H16: ='GHG detailed, absolute'!H16/Production!$C$35*AF_lard -> 0.3481507 | I16: ='GHG detailed, absolute'!I16/Production!$C$35*AF_lard -> 0.18938913 | J16: ='GHG detailed, absolute'!J16/Production!$C$35*AF_lard -> 0.85590049 | K16: ='GHG detailed, absolute'!K16/Production!$C$35*AF_lard -> 0.085590049 | L16: ='GHG detailed, absolute'!L16/Production!$C$35*AF_lard -> 0.19671992 | M16: ='GHG detailed, absolute'!M16/Production!$C$35*AF_lard -> 0 | N16: ='GHG detailed, absolute'!N16/Production!$C$35*AF_lard -> 0.0070956698 | ... T16: ='GHG detailed, absolute'!T16/Production!$C$35*AF_lard -> 2.8028756 | W16: ='GHG detailed, absolute'!W16/Production!$C$35*AF_lard -> 0.25932103 | X16: ='GHG detailed, absolute'!X16/Production!$C$35*AF_lard -> 0.14028931 | Z16: ='GHG detailed, absolute'!Z16/Production!$C$35*AF_lard -> 2.3893218 | AA16: ='GHG detailed, absolute'!AA16/Production!$C$35*AF_lard -> 0.00015539609
A17: 21511.01 | B17: Fat of pigs | C17: Animal fats | D17: Germany | E17: DE | F17: CO2 | G17: ='GHG detailed, absolute'!G17/Production!$D$35*AF_lard -> 2.4639875 | H17: ='GHG detailed, absolute'!H17/Production!$D$35*AF_lard -> 0.29437523 | I17: ='GHG detailed, absolute'!I17/Production!$D$35*AF_lard -> 0.18230059 | J17: ='GHG detailed, absolute'!J17/Production!$D$35*AF_lard -> 0 | L17: ='GHG detailed, absolute'!L17/Production!$D$35*AF_lard -> 0.19612767 | N17: ='GHG detailed, absolute'!N17/Production!$D$35*AF_lard -> 0.0012385672 | O17: ='GHG detailed, absolute'!O17/Production!$D$35*AF_lard -> 0.29667955 | P17: ='GHG detailed, absolute'!P17/Production!$D$35*AF_lard -> 0.2637699 | Q17: ='GHG detailed, absolute'!Q17/Production!$D$35*AF_lard -> 0.27801466 | R17: ='GHG detailed, absolute'!R17/Production!$D$35*AF_lard -> 0.25140522 | W17: ='GHG detailed, absolute'!W17/Production!$D$35*AF_lard -> 0.48361083 | X17: ='GHG detailed, absolute'!X17/Production!$D$35*AF_lard -> 0.21646527
A18: 21511.01 | B18: Fat of pigs | C18: Animal fats | D18: Germany | E18: DE | F18: CH4, fossil | G18: ='GHG detailed, absolute'!G18/Production!$D$35*AF_lard -> 0.0032778751 | H18: ='GHG detailed, absolute'!H18/Production!$D$35*AF_lard -> 0.00015165273 | I18: ='GHG detailed, absolute'!I18/Production!$D$35*AF_lard -> 0.00064142801 | L18: ='GHG detailed, absolute'!L18/Production!$D$35*AF_lard -> 8.6877942e-05 | N18: ='GHG detailed, absolute'!N18/Production!$D$35*AF_lard -> 3.7768262e-06 | O18: ='GHG detailed, absolute'!O18/Production!$D$35*AF_lard -> 0.00020971521 | P18: ='GHG detailed, absolute'!P18/Production!$D$35*AF_lard -> 0 | Q18: ='GHG detailed, absolute'!Q18/Production!$D$35*AF_lard -> 0.00058109047 | R18: ='GHG detailed, absolute'!R18/Production!$D$35*AF_lard -> 0.00023960209 | W18: ='GHG detailed, absolute'!W18/Production!$D$35*AF_lard -> 0.00067319832 | X18: ='GHG detailed, absolute'!X18/Production!$D$35*AF_lard -> 0.00069053355
A19: 21511.01 | B19: Fat of pigs | C19: Animal fats | D19: Germany | E19: DE | F19: CH4, biogenic | G19: ='GHG detailed, absolute'!G19/Production!$D$35*AF_lard -> 0.074966861 | S19: ='GHG detailed, absolute'!S19/Production!$D$35*AF_lard -> 0.011119816 | T19: ='GHG detailed, absolute'!T19/Production!$D$35*AF_lard -> 0.063847045 | U19: ='GHG detailed, absolute'!U19/Production!$D$35*AF_lard -> 0.063847045
A20: 21511.01 | B20: Fat of pigs | C20: Animal fats | D20: Germany | E20: DE | F20: N2O | G20: ='GHG detailed, absolute'!G20/Production!$D$35*AF_lard -> 0.0059116327 | H20: ='GHG detailed, absolute'!H20/Production!$D$35*AF_lard -> 0.00023914313 | I20: ='GHG detailed, absolute'!I20/Production!$D$35*AF_lard -> 7.4270611e-06 | J20: ='GHG detailed, absolute'!J20/Production!$D$35*AF_lard -> 0.0031491925 | K20: ='GHG detailed, absolute'!K20/Production!$D$35*AF_lard -> 0.00031491925 | L20: ='GHG detailed, absolute'!L20/Production!$D$35*AF_lard -> 5.2700268e-06 | N20: ='GHG detailed, absolute'!N20/Production!$D$35*AF_lard -> 5.2690345e-08 | O20: ='GHG detailed, absolute'!O20/Production!$D$35*AF_lard -> 1.1016132e-05 | P20: ='GHG detailed, absolute'!P20/Production!$D$35*AF_lard -> 0 | Q20: ='GHG detailed, absolute'!Q20/Production!$D$35*AF_lard -> 2.405e-05 | R20: ='GHG detailed, absolute'!R20/Production!$D$35*AF_lard -> 8.854257e-06 | T20: ='GHG detailed, absolute'!T20/Production!$D$35*AF_lard -> 0.0021098992 | U20: ='GHG detailed, absolute'!U20/Production!$D$35*AF_lard -> 0.0011897693 | V20: ='GHG detailed, absolute'!V20/Production!$D$35*AF_lard -> 0.00092012997 | W20: ='GHG detailed, absolute'!W20/Production!$D$35*AF_lard -> 3.3444124e-05 | X20: ='GHG detailed, absolute'!X20/Production!$D$35*AF_lard -> 8.3642973e-06
A21: 21511.01 | B21: Fat of pigs | C21: Animal fats | D21: Germany | E21: DE | F21: CO2e | G21: ='GHG detailed, absolute'!G21/Production!$D$35*AF_lard -> 6.1996491 | H21: ='GHG detailed, absolute'!H21/Production!$D$35*AF_lard -> 0.36418056 | I21: ='GHG detailed, absolute'!I21/Production!$D$35*AF_lard -> 0.20344273 | J21: ='GHG detailed, absolute'!J21/Production!$D$35*AF_lard -> 0.85972954 | K21: ='GHG detailed, absolute'!K21/Production!$D$35*AF_lard -> 0.085972954 | L21: ='GHG detailed, absolute'!L21/Production!$D$35*AF_lard -> 0.20015535 | M21: ='GHG detailed, absolute'!M21/Production!$D$35*AF_lard -> 0 | N21: ='GHG detailed, absolute'!N21/Production!$D$35*AF_lard -> 0.0013655011 | ... T21: ='GHG detailed, absolute'!T21/Production!$D$35*AF_lard -> 2.2998727 | W21: ='GHG detailed, absolute'!W21/Production!$D$35*AF_lard -> 0.51280239 | X21: ='GHG detailed, absolute'!X21/Production!$D$35*AF_lard -> 0.23932662 | Z21: ='GHG detailed, absolute'!Z21/Production!$D$35*AF_lard -> 2.8474124 | AA21: ='GHG detailed, absolute'!AA21/Production!$D$35*AF_lard -> 0.0001947286
A22: 21511.01 | B22: Fat of pigs | C22: Animal fats | D22: Greece | E22: GR | F22: CO2 | G22: ='GHG detailed, absolute'!G22/Production!$E$35*AF_lard -> 2.8828473 | H22: ='GHG detailed, absolute'!H22/Production!$E$35*AF_lard -> 0.29426772 | I22: ='GHG detailed, absolute'!I22/Production!$E$35*AF_lard -> 0.16040555 | J22: ='GHG detailed, absolute'!J22/Production!$E$35*AF_lard -> 0 | L22: ='GHG detailed, absolute'!L22/Production!$E$35*AF_lard -> 0.30291942 | N22: ='GHG detailed, absolute'!N22/Production!$E$35*AF_lard -> 0.04850936 | O22: ='GHG detailed, absolute'!O22/Production!$E$35*AF_lard -> 0.26878222 | P22: ='GHG detailed, absolute'!P22/Production!$E$35*AF_lard -> 0.316182 | Q22: ='GHG detailed, absolute'!Q22/Production!$E$35*AF_lard -> 0.36307505 | R22: ='GHG detailed, absolute'!R22/Production!$E$35*AF_lard -> 0.27591991 | W22: ='GHG detailed, absolute'!W22/Production!$E$35*AF_lard -> 0.60324609 | X22: ='GHG detailed, absolute'!X22/Production!$E$35*AF_lard -> 0.24953999
A23: 21511.01 | B23: Fat of pigs | C23: Animal fats | D23: Greece | E23: GR | F23: CH4, fossil | G23: ='GHG detailed, absolute'!G23/Production!$E$35*AF_lard -> 0.0053748702 | H23: ='GHG detailed, absolute'!H23/Production!$E$35*AF_lard -> 4.9116488e-05 | I23: ='GHG detailed, absolute'!I23/Production!$E$35*AF_lard -> 0.00056438989 | L23: ='GHG detailed, absolute'!L23/Production!$E$35*AF_lard -> 0.00013418309 | N23: ='GHG detailed, absolute'!N23/Production!$E$35*AF_lard -> 0.00014340533 | O23: ='GHG detailed, absolute'!O23/Production!$E$35*AF_lard -> 0.00021867719 | P23: ='GHG detailed, absolute'!P23/Production!$E$35*AF_lard -> 0 | Q23: ='GHG detailed, absolute'!Q23/Production!$E$35*AF_lard -> 0.0023463221 | R23: ='GHG detailed, absolute'!R23/Production!$E$35*AF_lard -> 0.00023396527 | W23: ='GHG detailed, absolute'!W23/Production!$E$35*AF_lard -> 0.00092991371 | X23: ='GHG detailed, absolute'!X23/Production!$E$35*AF_lard -> 0.00075489712
A24: 21511.01 | B24: Fat of pigs | C24: Animal fats | D24: Greece | E24: GR | F24: CH4, biogenic | G24: ='GHG detailed, absolute'!G24/Production!$E$35*AF_lard -> 0.19414706 | S24: ='GHG detailed, absolute'!S24/Production!$E$35*AF_lard -> 0.011155951 | T24: ='GHG detailed, absolute'!T24/Production!$E$35*AF_lard -> 0.18299111 | U24: ='GHG detailed, absolute'!U24/Production!$E$35*AF_lard -> 0.18299111
A25: 21511.01 | B25: Fat of pigs | C25: Animal fats | D25: Greece | E25: GR | F25: N2O | G25: ='GHG detailed, absolute'!G25/Production!$E$35*AF_lard -> 0.0056889231 | H25: ='GHG detailed, absolute'!H25/Production!$E$35*AF_lard -> 7.990335e-05 | I25: ='GHG detailed, absolute'!I25/Production!$E$35*AF_lard -> 6.5350408e-06 | J25: ='GHG detailed, absolute'!J25/Production!$E$35*AF_lard -> 0.002914028 | K25: ='GHG detailed, absolute'!K25/Production!$E$35*AF_lard -> 0.0002914028 | L25: ='GHG detailed, absolute'!L25/Production!$E$35*AF_lard -> 8.139563e-06 | N25: ='GHG detailed, absolute'!N25/Production!$E$35*AF_lard -> 2.084798e-06 | O25: ='GHG detailed, absolute'!O25/Production!$E$35*AF_lard -> 9.4938836e-06 | P25: ='GHG detailed, absolute'!P25/Production!$E$35*AF_lard -> 0 | Q25: ='GHG detailed, absolute'!Q25/Production!$E$35*AF_lard -> 5.0768609e-05 | R25: ='GHG detailed, absolute'!R25/Production!$E$35*AF_lard -> 1.1385515e-05 | T25: ='GHG detailed, absolute'!T25/Production!$E$35*AF_lard -> 0.0022722386 | U25: ='GHG detailed, absolute'!U25/Production!$E$35*AF_lard -> 0.0012781463 | V25: ='GHG detailed, absolute'!V25/Production!$E$35*AF_lard -> 0.00099409227 | W25: ='GHG detailed, absolute'!W25/Production!$E$35*AF_lard -> 3.4576607e-05 | X25: ='GHG detailed, absolute'!X25/Production!$E$35*AF_lard -> 8.36639e-06
A26: 21511.01 | B26: Fat of pigs | C26: Animal fats | D26: Greece | E26: GR | F26: CO2e | G26: ='GHG detailed, absolute'!G26/Production!$E$35*AF_lard -> 9.8380652 | H26: ='GHG detailed, absolute'!H26/Production!$E$35*AF_lard -> 0.317545 | I26: ='GHG detailed, absolute'!I26/Production!$E$35*AF_lard -> 0.17900843 | J26: ='GHG detailed, absolute'!J26/Production!$E$35*AF_lard -> 0.79552963 | K26: ='GHG detailed, absolute'!K26/Production!$E$35*AF_lard -> 0.079552963 | L26: ='GHG detailed, absolute'!L26/Production!$E$35*AF_lard -> 0.30914018 | M26: ='GHG detailed, absolute'!M26/Production!$E$35*AF_lard -> 0 | N26: ='GHG detailed, absolute'!N26/Production!$E$35*AF_lard -> 0.053351989 | ... T26: ='GHG detailed, absolute'!T26/Production!$E$35*AF_lard -> 5.5610812 | W26: ='GHG detailed, absolute'!W26/Production!$E$35*AF_lard -> 0.64039694 | X26: ='GHG detailed, absolute'!X26/Production!$E$35*AF_lard -> 0.27431995 | Z26: ='GHG detailed, absolute'!Z26/Production!$E$35*AF_lard -> 3.0610564 | AA26: ='GHG detailed, absolute'!AA26/Production!$E$35*AF_lard -> 0.00030859713
A27: 21511.01 | B27: Fat of pigs | C27: Animal fats | D27: Hungary | E27: HU | F27: CO2 | G27: ='GHG detailed, absolute'!G27/Production!$F$35*AF_lard -> 2.4652345 | H27: ='GHG detailed, absolute'!H27/Production!$F$35*AF_lard -> 0.32770412 | I27: ='GHG detailed, absolute'!I27/Production!$F$35*AF_lard -> 0.1818939 | J27: ='GHG detailed, absolute'!J27/Production!$F$35*AF_lard -> 0 | L27: ='GHG detailed, absolute'!L27/Production!$F$35*AF_lard -> 0.24190458 | N27: ='GHG detailed, absolute'!N27/Production!$F$35*AF_lard -> 0.0058948721 | O27: ='GHG detailed, absolute'!O27/Production!$F$35*AF_lard -> 0.28054857 | P27: ='GHG detailed, absolute'!P27/Production!$F$35*AF_lard -> 0.29815919 | Q27: ='GHG detailed, absolute'!Q27/Production!$F$35*AF_lard -> 0.26061666 | R27: ='GHG detailed, absolute'!R27/Production!$F$35*AF_lard -> 0.19978499 | W27: ='GHG detailed, absolute'!W27/Production!$F$35*AF_lard -> 0.47543713 | X27: ='GHG detailed, absolute'!X27/Production!$F$35*AF_lard -> 0.1932905
A28: 21511.01 | B28: Fat of pigs | C28: Animal fats | D28: Hungary | E28: HU | F28: CH4, fossil | G28: ='GHG detailed, absolute'!G28/Production!$F$35*AF_lard -> 0.0037076018 | H28: ='GHG detailed, absolute'!H28/Production!$F$35*AF_lard -> 2.8357959e-05 | I28: ='GHG detailed, absolute'!I28/Production!$F$35*AF_lard -> 0.00063999704 | L28: ='GHG detailed, absolute'!L28/Production!$F$35*AF_lard -> 0.00010715557 | N28: ='GHG detailed, absolute'!N28/Production!$F$35*AF_lard -> 1.7482916e-05 | O28: ='GHG detailed, absolute'!O28/Production!$F$35*AF_lard -> 0.0002299032 | P28: ='GHG detailed, absolute'!P28/Production!$F$35*AF_lard -> 0 | Q28: ='GHG detailed, absolute'!Q28/Production!$F$35*AF_lard -> 0.0010056644 | R28: ='GHG detailed, absolute'!R28/Production!$F$35*AF_lard -> 0.00016744075 | W28: ='GHG detailed, absolute'!W28/Production!$F$35*AF_lard -> 0.00082910689 | X28: ='GHG detailed, absolute'!X28/Production!$F$35*AF_lard -> 0.00068249311
A29: 21511.01 | B29: Fat of pigs | C29: Animal fats | D29: Hungary | E29: HU | F29: CH4, biogenic | G29: ='GHG detailed, absolute'!G29/Production!$F$35*AF_lard -> 0.058368517 | S29: ='GHG detailed, absolute'!S29/Production!$F$35*AF_lard -> 0.011137766 | T29: ='GHG detailed, absolute'!T29/Production!$F$35*AF_lard -> 0.04723075 | U29: ='GHG detailed, absolute'!U29/Production!$F$35*AF_lard -> 0.04723075
A30: 21511.01 | B30: Fat of pigs | C30: Animal fats | D30: Hungary | E30: HU | F30: N2O | G30: ='GHG detailed, absolute'!G30/Production!$F$35*AF_lard -> 0.0057361407 | H30: ='GHG detailed, absolute'!H30/Production!$F$35*AF_lard -> 0.00015262597 | I30: ='GHG detailed, absolute'!I30/Production!$F$35*AF_lard -> 7.4104921e-06 | J30: ='GHG detailed, absolute'!J30/Production!$F$35*AF_lard -> 0.0035733238 | K30: ='GHG detailed, absolute'!K30/Production!$F$35*AF_lard -> 0.00035733238 | L30: ='GHG detailed, absolute'!L30/Production!$F$35*AF_lard -> 6.5000705e-06 | N30: ='GHG detailed, absolute'!N30/Production!$F$35*AF_lard -> 2.5308194e-07 | O30: ='GHG detailed, absolute'!O30/Production!$F$35*AF_lard -> 9.948804e-06 | P30: ='GHG detailed, absolute'!P30/Production!$F$35*AF_lard -> 0 | Q30: ='GHG detailed, absolute'!Q30/Production!$F$35*AF_lard -> 2.3196512e-05 | R30: ='GHG detailed, absolute'!R30/Production!$F$35*AF_lard -> 7.2947867e-06 | T30: ='GHG detailed, absolute'!T30/Production!$F$35*AF_lard -> 0.0015612614 | U30: ='GHG detailed, absolute'!U30/Production!$F$35*AF_lard -> 0.00088462589 | V30: ='GHG detailed, absolute'!V30/Production!$F$35*AF_lard -> 0.00067663556 | W30: ='GHG detailed, absolute'!W30/Production!$F$35*AF_lard -> 3.0492519e-05 | X30: ='GHG detailed, absolute'!X30/Production!$F$35*AF_lard -> 6.5008684e-06
A31: 21511.01 | B31: Fat of pigs | C31: Animal fats | D31: Hungary | E31: HU | F31: CO2e | G31: ='GHG detailed, absolute'!G31/Production!$F$35*AF_lard -> 5.7176374 | H31: ='GHG detailed, absolute'!H31/Production!$F$35*AF_lard -> 0.37021608 | I31: ='GHG detailed, absolute'!I31/Production!$F$35*AF_lard -> 0.20298887 | J31: ='GHG detailed, absolute'!J31/Production!$F$35*AF_lard -> 0.97551739 | K31: ='GHG detailed, absolute'!K31/Production!$F$35*AF_lard -> 0.097551739 | L31: ='GHG detailed, absolute'!L31/Production!$F$35*AF_lard -> 0.24687234 | M31: ='GHG detailed, absolute'!M31/Production!$F$35*AF_lard -> 0 | N31: ='GHG detailed, absolute'!N31/Production!$F$35*AF_lard -> 0.0064849544 | ... T31: ='GHG detailed, absolute'!T31/Production!$F$35*AF_lard -> 1.7014546 | W31: ='GHG detailed, absolute'!W31/Production!$F$35*AF_lard -> 0.50846897 | X31: ='GHG detailed, absolute'!X31/Production!$F$35*AF_lard -> 0.21540354 | Z31: ='GHG detailed, absolute'!Z31/Production!$F$35*AF_lard -> 2.9915906 | AA31: ='GHG detailed, absolute'!AA31/Production!$F$35*AF_lard -> 0.00020493692
A32: 21511.01 | B32: Fat of pigs | C32: Animal fats | D32: Ireland | E32: IE | F32: CO2 | G32: ='GHG detailed, absolute'!G32/Production!$G$35*AF_lard -> 2.3309245 | H32: ='GHG detailed, absolute'!H32/Production!$G$35*AF_lard -> 0.21975645 | I32: ='GHG detailed, absolute'!I32/Production!$G$35*AF_lard -> 0.1730579 | J32: ='GHG detailed, absolute'!J32/Production!$G$35*AF_lard -> 0 | L32: ='GHG detailed, absolute'!L32/Production!$G$35*AF_lard -> 0.18935526 | N32: ='GHG detailed, absolute'!N32/Production!$G$35*AF_lard -> 0.0028770871 | O32: ='GHG detailed, absolute'!O32/Production!$G$35*AF_lard -> 0.26446795 | P32: ='GHG detailed, absolute'!P32/Production!$G$35*AF_lard -> 0.32221677 | Q32: ='GHG detailed, absolute'!Q32/Production!$G$35*AF_lard -> 0.24230438 | R32: ='GHG detailed, absolute'!R32/Production!$G$35*AF_lard -> 0.28642402 | W32: ='GHG detailed, absolute'!W32/Production!$G$35*AF_lard -> 0.43955023 | X32: ='GHG detailed, absolute'!X32/Production!$G$35*AF_lard -> 0.1909145
A33: 21511.01 | B33: Fat of pigs | C33: Animal fats | D33: Ireland | E33: IE | F33: CH4, fossil | G33: ='GHG detailed, absolute'!G33/Production!$G$35*AF_lard -> 0.002721153 | H33: ='GHG detailed, absolute'!H33/Production!$G$35*AF_lard -> 0.00011603257 | I33: ='GHG detailed, absolute'!I33/Production!$G$35*AF_lard -> 0.00060890743 | L33: ='GHG detailed, absolute'!L33/Production!$G$35*AF_lard -> 8.3877995e-05 | N33: ='GHG detailed, absolute'!N33/Production!$G$35*AF_lard -> 8.6162982e-06 | O33: ='GHG detailed, absolute'!O33/Production!$G$35*AF_lard -> 0.00014535289 | P33: ='GHG detailed, absolute'!P33/Production!$G$35*AF_lard -> 0 | Q33: ='GHG detailed, absolute'!Q33/Production!$G$35*AF_lard -> 0.00056995097 | R33: ='GHG detailed, absolute'!R33/Production!$G$35*AF_lard -> 0.00025829104 | W33: ='GHG detailed, absolute'!W33/Production!$G$35*AF_lard -> 0.0003748035 | X33: ='GHG detailed, absolute'!X33/Production!$G$35*AF_lard -> 0.00055532034
A34: 21511.01 | B34: Fat of pigs | C34: Animal fats | D34: Ireland | E34: IE | F34: CH4, biogenic | G34: ='GHG detailed, absolute'!G34/Production!$G$35*AF_lard -> 0.023865877 | S34: ='GHG detailed, absolute'!S34/Production!$G$35*AF_lard -> 0.011096034 | T34: ='GHG detailed, absolute'!T34/Production!$G$35*AF_lard -> 0.012769844 | U34: ='GHG detailed, absolute'!U34/Production!$G$35*AF_lard -> 0.012769844
A35: 21511.01 | B35: Fat of pigs | C35: Animal fats | D35: Ireland | E35: IE | F35: N2O | G35: ='GHG detailed, absolute'!G35/Production!$G$35*AF_lard -> 0.0044079387 | H35: ='GHG detailed, absolute'!H35/Production!$G$35*AF_lard -> 0.00018101021 | I35: ='GHG detailed, absolute'!I35/Production!$G$35*AF_lard -> 7.050507e-06 | J35: ='GHG detailed, absolute'!J35/Production!$G$35*AF_lard -> 0.0025175493 | K35: ='GHG detailed, absolute'!K35/Production!$G$35*AF_lard -> 0.00025175493 | L35: ='GHG detailed, absolute'!L35/Production!$G$35*AF_lard -> 5.0880496e-06 | N35: ='GHG detailed, absolute'!N35/Production!$G$35*AF_lard -> 1.2312993e-07 | O35: ='GHG detailed, absolute'!O35/Production!$G$35*AF_lard -> 9.5322724e-06 | P35: ='GHG detailed, absolute'!P35/Production!$G$35*AF_lard -> 0 | Q35: ='GHG detailed, absolute'!Q35/Production!$G$35*AF_lard -> 2.8903072e-05 | R35: ='GHG detailed, absolute'!R35/Production!$G$35*AF_lard -> 1.0728464e-05 | T35: ='GHG detailed, absolute'!T35/Production!$G$35*AF_lard -> 0.0013601597 | U35: ='GHG detailed, absolute'!U35/Production!$G$35*AF_lard -> 0.00076419928 | V35: ='GHG detailed, absolute'!V35/Production!$G$35*AF_lard -> 0.00059596044 | W35: ='GHG detailed, absolute'!W35/Production!$G$35*AF_lard -> 2.9480802e-05 | X35: ='GHG detailed, absolute'!X35/Production!$G$35*AF_lard -> 6.5582289e-06
A36: 21511.01 | B36: Fat of pigs | C36: Animal fats | D36: Ireland | E36: IE | F36: CO2e | G36: ='GHG detailed, absolute'!G36/Production!$G$35*AF_lard -> 4.2597609 | H36: ='GHG detailed, absolute'!H36/Production!$G$35*AF_lard -> 0.27263001 | I36: ='GHG detailed, absolute'!I36/Production!$G$35*AF_lard -> 0.19312813 | J36: ='GHG detailed, absolute'!J36/Production!$G$35*AF_lard -> 0.68729096 | K36: ='GHG detailed, absolute'!K36/Production!$G$35*AF_lard -> 0.068729096 | L36: ='GHG detailed, absolute'!L36/Production!$G$35*AF_lard -> 0.19324386 | M36: ='GHG detailed, absolute'!M36/Production!$G$35*AF_lard -> 0 | N36: ='GHG detailed, absolute'!N36/Production!$G$35*AF_lard -> 0.0031674673 | ... T36: ='GHG detailed, absolute'!T36/Production!$G$35*AF_lard -> 0.71610938 | W36: ='GHG detailed, absolute'!W36/Production!$G$35*AF_lard -> 0.45876764 | X36: ='GHG detailed, absolute'!X36/Production!$G$35*AF_lard -> 0.20925344 | Z36: ='GHG detailed, absolute'!Z36/Production!$G$35*AF_lard -> 2.5760375 | AA36: ='GHG detailed, absolute'!AA36/Production!$G$35*AF_lard -> 0.00020441397
A37: 21511.01 | B37: Fat of pigs | C37: Animal fats | D37: Italy | E37: IT | F37: CO2 | G37: ='GHG detailed, absolute'!G37/Production!$H$35*AF_lard -> 2.9303228 | H37: ='GHG detailed, absolute'!H37/Production!$H$35*AF_lard -> 0.31684914 | I37: ='GHG detailed, absolute'!I37/Production!$H$35*AF_lard -> 0.2417254 | J37: ='GHG detailed, absolute'!J37/Production!$H$35*AF_lard -> 0 | L37: ='GHG detailed, absolute'!L37/Production!$H$35*AF_lard -> 0.28609197 | N37: ='GHG detailed, absolute'!N37/Production!$H$35*AF_lard -> 0.015644334 | O37: ='GHG detailed, absolute'!O37/Production!$H$35*AF_lard -> 0.36411519 | P37: ='GHG detailed, absolute'!P37/Production!$H$35*AF_lard -> 0.38706952 | Q37: ='GHG detailed, absolute'!Q37/Production!$H$35*AF_lard -> 0.31551874 | R37: ='GHG detailed, absolute'!R37/Production!$H$35*AF_lard -> 0.32911368 | W37: ='GHG detailed, absolute'!W37/Production!$H$35*AF_lard -> 0.40728456 | X37: ='GHG detailed, absolute'!X37/Production!$H$35*AF_lard -> 0.26691024
A38: 21511.01 | B38: Fat of pigs | C38: Animal fats | D38: Italy | E38: IT | F38: CH4, fossil | G38: ='GHG detailed, absolute'!G38/Production!$H$35*AF_lard -> 0.0063928251 | H38: ='GHG detailed, absolute'!H38/Production!$H$35*AF_lard -> 4.8213362e-05 | I38: ='GHG detailed, absolute'!I38/Production!$H$35*AF_lard -> 0.00085051531 | L38: ='GHG detailed, absolute'!L38/Production!$H$35*AF_lard -> 0.00012672909 | N38: ='GHG detailed, absolute'!N38/Production!$H$35*AF_lard -> 4.6320033e-05 | O38: ='GHG detailed, absolute'!O38/Production!$H$35*AF_lard -> 0.00039029229 | P38: ='GHG detailed, absolute'!P38/Production!$H$35*AF_lard -> 0 | Q38: ='GHG detailed, absolute'!Q38/Production!$H$35*AF_lard -> 0.0023611612 | R38: ='GHG detailed, absolute'!R38/Production!$H$35*AF_lard -> 0.00027934447 | W38: ='GHG detailed, absolute'!W38/Production!$H$35*AF_lard -> 0.0011055183 | X38: ='GHG detailed, absolute'!X38/Production!$H$35*AF_lard -> 0.001184731
A39: 21511.01 | B39: Fat of pigs | C39: Animal fats | D39: Italy | E39: IT | F39: CH4, biogenic | G39: ='GHG detailed, absolute'!G39/Production!$H$35*AF_lard -> 0.15399025 | S39: ='GHG detailed, absolute'!S39/Production!$H$35*AF_lard -> 0.011158832 | T39: ='GHG detailed, absolute'!T39/Production!$H$35*AF_lard -> 0.14283142 | U39: ='GHG detailed, absolute'!U39/Production!$H$35*AF_lard -> 0.14283142
A40: 21511.01 | B40: Fat of pigs | C40: Animal fats | D40: Italy | E40: IT | F40: N2O | G40: ='GHG detailed, absolute'!G40/Production!$H$35*AF_lard -> 0.007436432 | H40: ='GHG detailed, absolute'!H40/Production!$H$35*AF_lard -> 6.640636e-05 | I40: ='GHG detailed, absolute'!I40/Production!$H$35*AF_lard -> 9.848072e-06 | J40: ='GHG detailed, absolute'!J40/Production!$H$35*AF_lard -> 0.0038704686 | K40: ='GHG detailed, absolute'!K40/Production!$H$35*AF_lard -> 0.00038704686 | L40: ='GHG detailed, absolute'!L40/Production!$H$35*AF_lard -> 7.6874027e-06 | N40: ='GHG detailed, absolute'!N40/Production!$H$35*AF_lard -> 6.7201488e-07 | O40: ='GHG detailed, absolute'!O40/Production!$H$35*AF_lard -> 1.3424381e-05 | P40: ='GHG detailed, absolute'!P40/Production!$H$35*AF_lard -> 0 | Q40: ='GHG detailed, absolute'!Q40/Production!$H$35*AF_lard -> 3.7722696e-05 | R40: ='GHG detailed, absolute'!R40/Production!$H$35*AF_lard -> 1.2903366e-05 | T40: ='GHG detailed, absolute'!T40/Production!$H$35*AF_lard -> 0.0029911119 | U40: ='GHG detailed, absolute'!U40/Production!$H$35*AF_lard -> 0.0016834111 | V40: ='GHG detailed, absolute'!V40/Production!$H$35*AF_lard -> 0.0013077008 | W40: ='GHG detailed, absolute'!W40/Production!$H$35*AF_lard -> 2.9152417e-05 | X40: ='GHG detailed, absolute'!X40/Production!$H$35*AF_lard -> 9.9878566e-06
A41: 21511.01 | B41: Fat of pigs | C41: Animal fats | D41: Italy | E41: IT | F41: CO2e | G41: ='GHG detailed, absolute'!G41/Production!$H$35*AF_lard -> 9.3087116 | H41: ='GHG detailed, absolute'!H41/Production!$H$35*AF_lard -> 0.33641484 | I41: ='GHG detailed, absolute'!I41/Production!$H$35*AF_lard -> 0.26975928 | J41: ='GHG detailed, absolute'!J41/Production!$H$35*AF_lard -> 1.0566379 | K41: ='GHG detailed, absolute'!K41/Production!$H$35*AF_lard -> 0.10566379 | L41: ='GHG detailed, absolute'!L41/Production!$H$35*AF_lard -> 0.29196716 | M41: ='GHG detailed, absolute'!M41/Production!$H$35*AF_lard -> 0 | N41: ='GHG detailed, absolute'!N41/Production!$H$35*AF_lard -> 0.017208131 | ... T41: ='GHG detailed, absolute'!T41/Production!$H$35*AF_lard -> 4.6730218 | W41: ='GHG detailed, absolute'!W41/Production!$H$35*AF_lard -> 0.44818762 | X41: ='GHG detailed, absolute'!X41/Production!$H$35*AF_lard -> 0.30494191 | Z41: ='GHG detailed, absolute'!Z41/Production!$H$35*AF_lard -> 3.5812718 | AA41: ='GHG detailed, absolute'!AA41/Production!$H$35*AF_lard -> 0.00024715817
A42: 21511.01 | B42: Fat of pigs | C42: Animal fats | D42: Netherland | E42: NL | F42: CO2 | G42: ='GHG detailed, absolute'!G42/Production!$I$35*AF_lard -> 2.5690897 | H42: ='GHG detailed, absolute'!H42/Production!$I$35*AF_lard -> 0.30849283 | I42: ='GHG detailed, absolute'!I42/Production!$I$35*AF_lard -> 0.18120597 | J42: ='GHG detailed, absolute'!J42/Production!$I$35*AF_lard -> 0 | L42: ='GHG detailed, absolute'!L42/Production!$I$35*AF_lard -> 0.19101042 | N42: ='GHG detailed, absolute'!N42/Production!$I$35*AF_lard -> 0.0021836966 | O42: ='GHG detailed, absolute'!O42/Production!$I$35*AF_lard -> 0.2969957 | P42: ='GHG detailed, absolute'!P42/Production!$I$35*AF_lard -> 0.30472961 | Q42: ='GHG detailed, absolute'!Q42/Production!$I$35*AF_lard -> 0.26632185 | R42: ='GHG detailed, absolute'!R42/Production!$I$35*AF_lard -> 0.28900297 | W42: ='GHG detailed, absolute'!W42/Production!$I$35*AF_lard -> 0.50139728 | X42: ='GHG detailed, absolute'!X42/Production!$I$35*AF_lard -> 0.22774934
A43: 21511.01 | B43: Fat of pigs | C43: Animal fats | D43: Netherland | E43: NL | F43: CH4, fossil | G43: ='GHG detailed, absolute'!G43/Production!$I$35*AF_lard -> 0.0030808874 | H43: ='GHG detailed, absolute'!H43/Production!$I$35*AF_lard -> 0.00014855058 | I43: ='GHG detailed, absolute'!I43/Production!$I$35*AF_lard -> 0.00063757655 | L43: ='GHG detailed, absolute'!L43/Production!$I$35*AF_lard -> 8.4611175e-05 | N43: ='GHG detailed, absolute'!N43/Production!$I$35*AF_lard -> 6.5809024e-06 | O43: ='GHG detailed, absolute'!O43/Production!$I$35*AF_lard -> 0.00021808532 | P43: ='GHG detailed, absolute'!P43/Production!$I$35*AF_lard -> 0 | Q43: ='GHG detailed, absolute'!Q43/Production!$I$35*AF_lard -> 0.0002622513 | R43: ='GHG detailed, absolute'!R43/Production!$I$35*AF_lard -> 0.00026847499 | W43: ='GHG detailed, absolute'!W43/Production!$I$35*AF_lard -> 0.00073043806 | X43: ='GHG detailed, absolute'!X43/Production!$I$35*AF_lard -> 0.00072431851
A44: 21511.01 | B44: Fat of pigs | C44: Animal fats | D44: Netherland | E44: NL | F44: CH4, biogenic | G44: ='GHG detailed, absolute'!G44/Production!$I$35*AF_lard -> 0.12043373 | S44: ='GHG detailed, absolute'!S44/Production!$I$35*AF_lard -> 0.011041045 | T44: ='GHG detailed, absolute'!T44/Production!$I$35*AF_lard -> 0.10939268 | U44: ='GHG detailed, absolute'!U44/Production!$I$35*AF_lard -> 0.10939268
A45: 21511.01 | B45: Fat of pigs | C45: Animal fats | D45: Netherland | E45: NL | F45: N2O | G45: ='GHG detailed, absolute'!G45/Production!$I$35*AF_lard -> 0.0048509634 | H45: ='GHG detailed, absolute'!H45/Production!$I$35*AF_lard -> 0.00025319297 | I45: ='GHG detailed, absolute'!I45/Production!$I$35*AF_lard -> 7.3824653e-06 | J45: ='GHG detailed, absolute'!J45/Production!$I$35*AF_lard -> 0.0030101645 | K45: ='GHG detailed, absolute'!K45/Production!$I$35*AF_lard -> 0.00030101645 | L45: ='GHG detailed, absolute'!L45/Production!$I$35*AF_lard -> 5.1325244e-06 | N45: ='GHG detailed, absolute'!N45/Production!$I$35*AF_lard -> 9.3262364e-08 | O45: ='GHG detailed, absolute'!O45/Production!$I$35*AF_lard -> 1.0802528e-05 | P45: ='GHG detailed, absolute'!P45/Production!$I$35*AF_lard -> 0 | Q45: ='GHG detailed, absolute'!Q45/Production!$I$35*AF_lard -> 1.8251279e-05 | R45: ='GHG detailed, absolute'!R45/Production!$I$35*AF_lard -> 1.015086e-05 | T45: ='GHG detailed, absolute'!T45/Production!$I$35*AF_lard -> 0.0011938091 | U45: ='GHG detailed, absolute'!U45/Production!$I$35*AF_lard -> 0.0006748248 | V45: ='GHG detailed, absolute'!V45/Production!$I$35*AF_lard -> 0.00051898427 | W45: ='GHG detailed, absolute'!W45/Production!$I$35*AF_lard -> 3.2674397e-05 | X45: ='GHG detailed, absolute'!X45/Production!$I$35*AF_lard -> 8.293078e-06
A46: 21511.01 | B46: Fat of pigs | C46: Animal fats | D46: Netherland | E46: NL | F46: CO2e | G46: ='GHG detailed, absolute'!G46/Production!$I$35*AF_lard -> 7.2369238 | H46: ='GHG detailed, absolute'!H46/Production!$I$35*AF_lard -> 0.38204132 | I46: ='GHG detailed, absolute'!I46/Production!$I$35*AF_lard -> 0.20222116 | J46: ='GHG detailed, absolute'!J46/Production!$I$35*AF_lard -> 0.82177492 | K46: ='GHG detailed, absolute'!K46/Production!$I$35*AF_lard -> 0.082177492 | L46: ='GHG detailed, absolute'!L46/Production!$I$35*AF_lard -> 0.19493301 | M46: ='GHG detailed, absolute'!M46/Production!$I$35*AF_lard -> 0 | N46: ='GHG detailed, absolute'!N46/Production!$I$35*AF_lard -> 0.0024052681 | ... T46: ='GHG detailed, absolute'!T46/Production!$I$35*AF_lard -> 3.2795123 | W46: ='GHG detailed, absolute'!W46/Production!$I$35*AF_lard -> 0.53208444 | X46: ='GHG detailed, absolute'!X46/Production!$I$35*AF_lard -> 0.25159805 | Z46: ='GHG detailed, absolute'!Z46/Production!$I$35*AF_lard -> 2.8756208 | AA46: ='GHG detailed, absolute'!AA46/Production!$I$35*AF_lard -> 0.00017499453
A47: 21511.01 | B47: Fat of pigs | C47: Animal fats | D47: Poland | E47: PL | F47: CO2 | G47: ='GHG detailed, absolute'!G47/Production!$J$35*AF_lard -> 3.3209041 | H47: ='GHG detailed, absolute'!H47/Production!$J$35*AF_lard -> 0.37765528 | I47: ='GHG detailed, absolute'!I47/Production!$J$35*AF_lard -> 0.18220482 | J47: ='GHG detailed, absolute'!J47/Production!$J$35*AF_lard -> 0 | L47: ='GHG detailed, absolute'!L47/Production!$J$35*AF_lard -> 0.26991272 | N47: ='GHG detailed, absolute'!N47/Production!$J$35*AF_lard -> 0.00031501106 | O47: ='GHG detailed, absolute'!O47/Production!$J$35*AF_lard -> 0.3498814 | P47: ='GHG detailed, absolute'!P47/Production!$J$35*AF_lard -> 0.30077993 | Q47: ='GHG detailed, absolute'!Q47/Production!$J$35*AF_lard -> 0.5292484 | R47: ='GHG detailed, absolute'!R47/Production!$J$35*AF_lard -> 0.16206007 | W47: ='GHG detailed, absolute'!W47/Production!$J$35*AF_lard -> 0.82224409 | X47: ='GHG detailed, absolute'!X47/Production!$J$35*AF_lard -> 0.32660235
