Workbook
Name CF_biog_CH4: 'CF climate'!$C$5
Name CF_fossil_CH4: 'CF climate'!$D$5
Name CF_HCFC: 'CF climate'!$F$5
Name CF_N2O: 'CF climate'!$E$5
Name CH4_bio_codes: 'Crops CH4, bio'!$A$6:$A$118
Name CH4_bio_data: 'Crops CH4, bio'!$E$6:$N$118
Name CH4_codes: 'Crops CH4, bio'!$A$6:$A$118
Name CH4_codes: 'Crops CH4, fossil'!$A$6:$A$118
Name CH4_data: 'Crops CH4, bio'!$E$6:$N$118
Name CH4_data: 'Crops CH4, fossil'!$E$6:$N$118
Name CO2_codes: 'Crops CO2'!$A$6:$A$118
Name CO2_data: 'Crops CO2'!$E$6:$N$118
Name CO2e_codes: 'Crops CO2e'!$A$6:$A$118
Name CO2e_data: 'Crops CO2e'!$E$6:$N$118
Name Crop_codes: 'Footprints, results per kg'!$A$6:$A$6
Name Crop_codes: #REF!
Name Crop_data: #REF!
Name Crop_data_codes: #REF!
Name Crops: 'Crops CH4, bio'!$B:$B
Name Crops: 'Crops CH4, fossil'!$B:$B
Name Crops: 'Crops CO2e'!$B:$B
Name Crops: 'Crops N2O'!$B:$B
Name Crops: 'Crops CO2'!$B:$B
Name EF_capital_goods_CH4: 'Emission factors'!$C$35
Name EF_capital_goods_CO2: 'Emission factors'!$B$35
Name EF_capital_goods_N2O: 'Emission factors'!$D$35
Name EF_chips_CH4: 'Emission factors'!$C$10
Name EF_chips_CO2: 'Emission factors'!$B$10
Name EF_chips_N2O: 'Emission factors'!$D$10
Name EF_diesel_CH4: 'Emission factors'!$C$13
Name EF_diesel_CO2: 'Emission factors'!$B$13
Name EF_diesel_N2O: 'Emission factors'!$D$13
Name EF_district_heating_CH4: 'Emission factors'!$C$14
Name EF_district_heating_CO2: 'Emission factors'!$B$14
Name EF_district_heating_N2O: 'Emission factors'!$D$14
Name EF_electricity_CH4: 'Emission factors'!$C$6
Name EF_electricity_CO2: 'Emission factors'!$B$6
Name EF_electricity_N2O: 'Emission factors'!$D$6
Name EF_heating_oil_CH4: 'Emission factors'!$C$7
Name EF_heating_oil_CO2: 'Emission factors'!$B$7
Name EF_heating_oil_N2O: 'Emission factors'!$D$7
Name EF_irrigation_CH4: 'Emission factors'!$C$28
Name EF_irrigation_CO2: 'Emission factors'!$B$28
Name EF_irrigation_N2O: 'Emission factors'!$D$28
Name EF_min_fert_AN_CH4: 'Emission factors'!$C$21
Name EF_min_fert_AN_CO2: 'Emission factors'!$B$21
Name EF_min_fert_AN_N2O: 'Emission factors'!$D$21
Name EF_min_fert_BAT_CH4: 'Emission factors'!$C$20
Name EF_min_fert_BAT_CO2: 'Emission factors'!$B$20
Name EF_min_fert_BAT_N2O: 'Emission factors'!$D$20
Name EF_min_fert_CH4: 'Emission factors'!$C$20
Name EF_min_fert_CO2: 'Emission factors'!$B$20
Name EF_N2O_soils_crop_res: 'Emission factors'!$B$63
Name EF_N2O_soils_indirect: 'Emission factors'!$B$64
Name EF_N2O_soils_min_fert: 'Emission factors'!$B$62
Name EF_natural_gas_CH4: 'Emission factors'!$C$8
Name EF_natural_gas_CO2: 'Emission factors'!$B$8
Name EF_natural_gas_N2O: 'Emission factors'!$D$8
Name EF_NH3: 'Emission factors'!$B$73
Name EF_other_fossil_CH4: 'Emission factors'!$C$9

Sheet README
A2: Introduction to the dataset
A4: This is a dataset that includes data on the environmental and social indicators for crops for Spain.
A6: Results are presented in the tab "Crops, results per kg"
A7: These are calculated from the input data in tab "Crops, input data per kg"

Sheet Crop Data
A1: Code | B1: Name | C1: Category | D1: Country_name | E1: Country_code | F1: Carbon_Footprint | G1: Carbon_Dioxide | H1: Methane_fossil | I1: Methane_bio | J1: Nitrous_Oxide | K1: HFC | L1: Land | M1: N_input | N1: P_input | O1: Water | P1: Pesticides | Q1: Biodiversity | R1: Ammonia | S1: Labour | T1: Animal_Welfare | U1: Antibiotics | V1: CO2e_rm_fert_prod | W1: CO2e_rm_cap_goods | X1: CO2e_rm_soils | Y1: CO2e_rm_energy | Z1: CO2e_rm_LUC | AA1: CO2e_rm_ent_ferm | AB1: CO2e_rm_manure | AC1: CO2_rm_fert_prod | AD1: CO2_rm_cap_goods | AE1: CO2_rm_energy | AF1: CO2_rm_LUC | AG1: CH4_fossil_rm_fert_prod | AH1: CH4_fossil_rm_cap_goods | AI1: CH4_fossil_rm_energy | AJ1: CH4_bio_rm_soils_dir | AK1: CH4_bio_rm_ent_ferm | AL1: CH4_bio_rm_manure | AM1: N2O_rm_fert_prod | AN1: N2O_rm_cap_goods | AO1: N2O_rm_soils | AP1: N2O_rm_energy | AQ1: N2O_rm_manure
A2: 01270 | B2: Mushrooms and truffles | C2: Mushrooms | D2: Rest of World | E2: RoW | F2: ='Footprints, results per kg'!F6 -> 2.38 | G2: ='Footprints, results per kg'!G6 -> 0 | H2: ='Footprints, results per kg'!H6 -> 0 | I2: ='Footprints, results per kg'!I6 -> 0 | J2: ='Footprints, results per kg'!J6 -> 0 | K2: ='Footprints, results per kg'!K6 -> 0 | L2: ='Footprints, results per kg'!L6 -> 0 | M2: ='Footprints, results per kg'!M6 -> 0 | ... S2: ='Footprints, results per kg'!S6 -> 0

Sheet Footprints, results per kg
A2: Footprints (per kg of crop)
A4: Crops | F4: Climate | L4: Land | M4: Nitrogen | N4: Phosphorus | O4: Water | P4: Pesticides | Q4: Biodiversity | R4: Ammonia | S4: Labour
A5: Crop code | B5: Crop | C5: Category | D5: Grown in country | E5: Share | F5: Carbon footprint, kg CO2e/kg | G5: Carbon dioxide, kg CO2/kg | H5: Methane fossil, kg CH4/kg | I5: Methane biogenic, kg CH4/kg | J5: Nitrous oxide, kg N2O/kg | K5: HFCs, kg HFCs/kg | L5: Cropland use, m2/kg | M5: New N input, kg N/kg | N5: New P input, kg P/kg | O5: Blue freshwater use, m3/kg | P5: Pesticide use, g a.i./kg | Q5: Extinction rate, E/MSY/kg | R5: Ammonia emission, kg NH3/kg | S5: Labour requirements, h/kg | U5: Source
A6: 01270 | B6: Mushrooms and truffles | C6: Mushrooms | D6: Yes | F6: 2.38 | O6: 9 | U6: Robinson et. al (2019

Sheet Crops CO2e
A2: Emissions of CO2e per kg of crop [kg CO2e per kg of crop harvested]
A4: Crops | E4: Sum | F4: Inputs | H4: Soil emissions | J4: Energy use | N4: Land use change
A5: Code | B5: Crops | C5: Categories | D5: Cultivated in country | F5: Production of mineral fertilizer | G5: Production of capital goods | H5: Direct emissions | I5: Indirect emissions | J5: Diesel use field mach | K5: Energy use in greenhouses | L5: Energy use for irrigation | M5: Energy use for post-harvest proc | N5: LUC emissions
A6: 01371 | B6: =INDEX(Crop_data,MATCH(A6,Crop_data_codes,0),2) -> #REF! | C6: =INDEX(Crop_data,MATCH(A6,Crop_data_codes,0),3) -> #REF! | D6: =INDEX(Crop_data,MATCH(A6,Crop_data_codes,0),4) -> #REF! | E6: =IF(D6="Yes", SUM(F6:N6),"") -> #REF! | F6: =IF(D6="YES",INDEX(CO2_data,MATCH(A6,CO2_codes,0),2)+INDEX(CH4_data,MATCH(A6,CH4_codes,0),2)*CF_fossil_CH4+INDEX(CH4_bio_data,MATCH(A6,CH4_bio_codes,0),2)*CF_biog_CH4+INDEX(N2O_data,MATCH(A6,N2O_codes,0),2)*CF_N2O,"") -> #REF! | G6: =IF(D6="YES",INDEX(CO2_data,MATCH(A6,CO2_codes,0),3)+INDEX(CH4_data,MATCH(A6,CH4_codes,0),3)*CF_fossil_CH4+INDEX(CH4_bio_data,MATCH(A6,CH4_bio_codes,0),3)*CF_biog_CH4+INDEX(N2O_data,MATCH(A6,N2O_codes,0),3)*CF_N2O,"") -> #REF! | H6: =IF(D6="YES",INDEX(CO2_data,MATCH(A6,CO2_codes,0),4)+INDEX(CH4_data,MATCH(A6,CH4_codes,0),4)*CF_fossil_CH4+INDEX(CH4_bio_data,MATCH(A6,CH4_bio_codes,0),4)*CF_biog_CH4+INDEX(N2O_data,MATCH(A6,N2O_codes,0),4)*CF_N2O,"") -> #REF! | I6: =IF(D6="YES",INDEX(CO2_data,MATCH(A6,CO2_codes,0),5)+INDEX(CH4_data,MATCH(A6,CH4_codes,0),5)*CF_fossil_CH4+INDEX(CH4_bio_data,MATCH(A6,CH4_bio_codes,0),5)*CF_biog_CH4+INDEX(N2O_data,MATCH(A6,N2O_codes,0),5)*CF_N2O,"") -> #REF! | J6: =IF(D6="YES",INDEX(CO2_data,MATCH(A6,CO2_codes,0),6)+INDEX(CH4_data,MATCH(A6,CH4_codes,0),6)*CF_fossil_CH4+INDEX(CH4_bio_data,MATCH(A6,CH4_bio_codes,0),6)*CF_biog_CH4+INDEX(N2O_data,MATCH(A6,N2O_codes,0),6)*CF_N2O,"") -> #REF! | K6: =IF(D6="YES",INDEX(CO2_data,MATCH(A6,CO2_codes,0),7)+INDEX(CH4_data,MATCH(A6,CH4_codes,0),7)*CF_fossil_CH4+INDEX(CH4_bio_data,MATCH(A6,CH4_bio_codes,0),7)*CF_biog_CH4+INDEX(N2O_data,MATCH(A6,N2O_codes,0),7)*CF_N2O,"") -> #REF! | L6: =IF(D6="YES",INDEX(CO2_data,MATCH(A6,CO2_codes,0),8)+INDEX(CH4_data,MATCH(A6,CH4_codes,0),8)*CF_fossil_CH4+INDEX(CH4_bio_data,MATCH(A6,CH4_bio_codes,0),8)*CF_biog_CH4+INDEX(N2O_data,MATCH(A6,N2O_codes,0),8)*CF_N2O,"") -> #REF! | M6: =IF(D6="YES",INDEX(CO2_data,MATCH(A6,CO2_codes,0),9)+INDEX(CH4_data,MATCH(A6,CH4_codes,0),9)*CF_fossil_CH4+INDEX(CH4_bio_data,MATCH(A6,CH4_bio_codes,0),9)*CF_biog_CH4+INDEX(N2O_data,MATCH(A6,N2O_codes,0),9)*CF_N2O,"") -> #REF! | N6: =IF(D6="YES",INDEX(CO2_data,MATCH(A6,CO2_codes,0),10)+INDEX(CH4_data,MATCH(A6,CH4_codes,0),10)*CF_fossil_CH4+INDEX(CH4_bio_data,MATCH(A6,CH4_bio_codes,0),10)*CF_biog_CH4+INDEX(N2O_data,MATCH(A6,N2O_codes,0),10)*CF_N2O,"") -> #REF!
A7: 01654 | B7: =INDEX(Crop_data,MATCH(A7,Crop_data_codes,0),2) -> #REF! | C7: =INDEX(Crop_data,MATCH(A7,Crop_data_codes,0),3) -> #REF! | D7: =INDEX(Crop_data,MATCH(A7,Crop_data_codes,0),4) -> #REF! | E7: =IF(D7="Yes", SUM(F7:N7),"") -> #REF! | F7: =IF(D7="YES",INDEX(CO2_data,MATCH(A7,CO2_codes,0),2)+INDEX(CH4_data,MATCH(A7,CH4_codes,0),2)*CF_fossil_CH4+INDEX(CH4_bio_data,MATCH(A7,CH4_bio_codes,0),2)*CF_biog_CH4+INDEX(N2O_data,MATCH(A7,N2O_codes,0),2)*CF_N2O,"") -> #REF! | G7: =IF(D7="YES",INDEX(CO2_data,MATCH(A7,CO2_codes,0),3)+INDEX(CH4_data,MATCH(A7,CH4_codes,0),3)*CF_fossil_CH4+INDEX(CH4_bio_data,MATCH(A7,CH4_bio_codes,0),3)*CF_biog_CH4+INDEX(N2O_data,MATCH(A7,N2O_codes,0),3)*CF_N2O,"") -> #REF! | H7: =IF(D7="YES",INDEX(CO2_data,MATCH(A7,CO2_codes,0),4)+INDEX(CH4_data,MATCH(A7,CH4_codes,0),4)*CF_fossil_CH4+INDEX(CH4_bio_data,MATCH(A7,CH4_bio_codes,0),4)*CF_biog_CH4+INDEX(N2O_data,MATCH(A7,N2O_codes,0),4)*CF_N2O,"") -> #REF! | I7: =IF(D7="YES",INDEX(CO2_data,MATCH(A7,CO2_codes,0),5)+INDEX(CH4_data,MATCH(A7,CH4_codes,0),5)*CF_fossil_CH4+INDEX(CH4_bio_data,MATCH(A7,CH4_bio_codes,0),5)*CF_biog_CH4+INDEX(N2O_data,MATCH(A7,N2O_codes,0),5)*CF_N2O,"") -> #REF! | J7: =IF(D7="YES",INDEX(CO2_data,MATCH(A7,CO2_codes,0),6)+INDEX(CH4_data,MATCH(A7,CH4_codes,0),6)*CF_fossil_CH4+INDEX(CH4_bio_data,MATCH(A7,CH4_bio_codes,0),6)*CF_biog_CH4+INDEX(N2O_data,MATCH(A7,N2O_codes,0),6)*CF_N2O,"") -> #REF! | K7: =IF(D7="YES",INDEX(CO2_data,MATCH(A7,CO2_codes,0),7)+INDEX(CH4_data,MATCH(A7,CH4_codes,0),7)*CF_fossil_CH4+INDEX(CH4_bio_data,MATCH(A7,CH4_bio_codes,0),7)*CF_biog_CH4+INDEX(N2O_data,MATCH(A7,N2O_codes,0),7)*CF_N2O,"") -> #REF! | L7: =IF(D7="YES",INDEX(CO2_data,MATCH(A7,CO2_codes,0),8)+INDEX(CH4_data,MATCH(A7,CH4_codes,0),8)*CF_fossil_CH4+INDEX(CH4_bio_data,MATCH(A7,CH4_bio_codes,0),8)*CF_biog_CH4+INDEX(N2O_data,MATCH(A7,N2O_codes,0),8)*CF_N2O,"") -> #REF! | M7: =IF(D7="YES",INDEX(CO2_data,MATCH(A7,CO2_codes,0),9)+INDEX(CH4_data,MATCH(A7,CH4_codes,0),9)*CF_fossil_CH4+INDEX(CH4_bio_data,MATCH(A7,CH4_bio_codes,0),9)*CF_biog_CH4+INDEX(N2O_data,MATCH(A7,N2O_codes,0),9)*CF_N2O,"") -> #REF! | N7: =IF(D7="YES",INDEX(CO2_data,MATCH(A7,CO2_codes,0),10)+INDEX(CH4_data,MATCH(A7,CH4_codes,0),10)*CF_fossil_CH4+INDEX(CH4_bio_data,MATCH(A7,CH4_bio_codes,0),10)*CF_biog_CH4+INDEX(N2O_data,MATCH(A7,N2O_codes,0),10)*CF_N2O,"") -> #REF!
A8: 01341 | B8: =INDEX(Crop_data,MATCH(A8,Crop_data_codes,0),2) -> #REF! | C8: =INDEX(Crop_data,MATCH(A8,Crop_data_codes,0),3) -> #REF! | D8: =INDEX(Crop_data,MATCH(A8,Crop_data_codes,0),4) -> #REF! | E8: =IF(D8="Yes", SUM(F8:N8),"") -> #REF! | F8: =IF(D8="YES",INDEX(CO2_data,MATCH(A8,CO2_codes,0),2)+INDEX(CH4_data,MATCH(A8,CH4_codes,0),2)*CF_fossil_CH4+INDEX(CH4_bio_data,MATCH(A8,CH4_bio_codes,0),2)*CF_biog_CH4+INDEX(N2O_data,MATCH(A8,N2O_codes,0),2)*CF_N2O,"") -> #REF! | G8: =IF(D8="YES",INDEX(CO2_data,MATCH(A8,CO2_codes,0),3)+INDEX(CH4_data,MATCH(A8,CH4_codes,0),3)*CF_fossil_CH4+INDEX(CH4_bio_data,MATCH(A8,CH4_bio_codes,0),3)*CF_biog_CH4+INDEX(N2O_data,MATCH(A8,N2O_codes,0),3)*CF_N2O,"") -> #REF! | H8: =IF(D8="YES",INDEX(CO2_data,MATCH(A8,CO2_codes,0),4)+INDEX(CH4_data,MATCH(A8,CH4_codes,0),4)*CF_fossil_CH4+INDEX(CH4_bio_data,MATCH(A8,CH4_bio_codes,0),4)*CF_biog_CH4+INDEX(N2O_data,MATCH(A8,N2O_codes,0),4)*CF_N2O,"") -> #REF! | I8: =IF(D8="YES",INDEX(CO2_data,MATCH(A8,CO2_codes,0),5)+INDEX(CH4_data,MATCH(A8,CH4_codes,0),5)*CF_fossil_CH4+INDEX(CH4_bio_data,MATCH(A8,CH4_bio_codes,0),5)*CF_biog_CH4+INDEX(N2O_data,MATCH(A8,N2O_codes,0),5)*CF_N2O,"") -> #REF! | J8: =IF(D8="YES",INDEX(CO2_data,MATCH(A8,CO2_codes,0),6)+INDEX(CH4_data,MATCH(A8,CH4_codes,0),6)*CF_fossil_CH4+INDEX(CH4_bio_data,MATCH(A8,CH4_bio_codes,0),6)*CF_biog_CH4+INDEX(N2O_data,MATCH(A8,N2O_codes,0),6)*CF_N2O,"") -> #REF! | K8: =IF(D8="YES",INDEX(CO2_data,MATCH(A8,CO2_codes,0),7)+INDEX(CH4_data,MATCH(A8,CH4_codes,0),7)*CF_fossil_CH4+INDEX(CH4_bio_data,MATCH(A8,CH4_bio_codes,0),7)*CF_biog_CH4+INDEX(N2O_data,MATCH(A8,N2O_codes,0),7)*CF_N2O,"") -> #REF! | L8: =IF(D8="YES",INDEX(CO2_data,MATCH(A8,CO2_codes,0),8)+INDEX(CH4_data,MATCH(A8,CH4_codes,0),8)*CF_fossil_CH4+INDEX(CH4_bio_data,MATCH(A8,CH4_bio_codes,0),8)*CF_biog_CH4+INDEX(N2O_data,MATCH(A8,N2O_codes,0),8)*CF_N2O,"") -> #REF! | M8: =IF(D8="YES",INDEX(CO2_data,MATCH(A8,CO2_codes,0),9)+INDEX(CH4_data,MATCH(A8,CH4_codes,0),9)*CF_fossil_CH4+INDEX(CH4_bio_data,MATCH(A8,CH4_bio_codes,0),9)*CF_biog_CH4+INDEX(N2O_data,MATCH(A8,N2O_codes,0),9)*CF_N2O,"") -> #REF! | N8: =IF(D8="YES",INDEX(CO2_data,MATCH(A8,CO2_codes,0),10)+INDEX(CH4_data,MATCH(A8,CH4_codes,0),10)*CF_fossil_CH4+INDEX(CH4_bio_data,MATCH(A8,CH4_bio_codes,0),10)*CF_biog_CH4+INDEX(N2O_data,MATCH(A8,N2O_codes,0),10)*CF_N2O,"") -> #REF!
A9: 01343 | B9: =INDEX(Crop_data,MATCH(A9,Crop_data_codes,0),2) -> #REF! | C9: =INDEX(Crop_data,MATCH(A9,Crop_data_codes,0),3) -> #REF! | D9: =INDEX(Crop_data,MATCH(A9,Crop_data_codes,0),4) -> #REF! | E9: =IF(D9="Yes", SUM(F9:N9),"") -> #REF! | F9: =IF(D9="YES",INDEX(CO2_data,MATCH(A9,CO2_codes,0),2)+INDEX(CH4_data,MATCH(A9,CH4_codes,0),2)*CF_fossil_CH4+INDEX(CH4_bio_data,MATCH(A9,CH4_bio_codes,0),2)*CF_biog_CH4+INDEX(N2O_data,MATCH(A9,N2O_codes,0),2)*CF_N2O,"") -> #REF! | G9: =IF(D9="YES",INDEX(CO2_data,MATCH(A9,CO2_codes,0),3)+INDEX(CH4_data,MATCH(A9,CH4_codes,0),3)*CF_fossil_CH4+INDEX(CH4_bio_data,MATCH(A9,CH4_bio_codes,0),3)*CF_biog_CH4+INDEX(N2O_data,MATCH(A9,N2O_codes,0),3)*CF_N2O,"") -> #REF! | H9: =IF(D9="YES",INDEX(CO2_data,MATCH(A9,CO2_codes,0),4)+INDEX(CH4_data,MATCH(A9,CH4_codes,0),4)*CF_fossil_CH4+INDEX(CH4_bio_data,MATCH(A9,CH4_bio_codes,0),4)*CF_biog_CH4+INDEX(N2O_data,MATCH(A9,N2O_codes,0),4)*CF_N2O,"") -> #REF! | I9: =IF(D9="YES",INDEX(CO2_data,MATCH(A9,CO2_codes,0),5)+INDEX(CH4_data,MATCH(A9,CH4_codes,0),5)*CF_fossil_CH4+INDEX(CH4_bio_data,MATCH(A9,CH4_bio_codes,0),5)*CF_biog_CH4+INDEX(N2O_data,MATCH(A9,N2O_codes,0),5)*CF_N2O,"") -> #REF! | J9: =IF(D9="YES",INDEX(CO2_data,MATCH(A9,CO2_codes,0),6)+INDEX(CH4_data,MATCH(A9,CH4_codes,0),6)*CF_fossil_CH4+INDEX(CH4_bio_data,MATCH(A9,CH4_bio_codes,0),6)*CF_biog_CH4+INDEX(N2O_data,MATCH(A9,N2O_codes,0),6)*CF_N2O,"") -> #REF! | K9: =IF(D9="YES",INDEX(CO2_data,MATCH(A9,CO2_codes,0),7)+INDEX(CH4_data,MATCH(A9,CH4_codes,0),7)*CF_fossil_CH4+INDEX(CH4_bio_data,MATCH(A9,CH4_bio_codes,0),7)*CF_biog_CH4+INDEX(N2O_data,MATCH(A9,N2O_codes,0),7)*CF_N2O,"") -> #REF! | L9: =IF(D9="YES",INDEX(CO2_data,MATCH(A9,CO2_codes,0),8)+INDEX(CH4_data,MATCH(A9,CH4_codes,0),8)*CF_fossil_CH4+INDEX(CH4_bio_data,MATCH(A9,CH4_bio_codes,0),8)*CF_biog_CH4+INDEX(N2O_data,MATCH(A9,N2O_codes,0),8)*CF_N2O,"") -> #REF! | M9: =IF(D9="YES",INDEX(CO2_data,MATCH(A9,CO2_codes,0),9)+INDEX(CH4_data,MATCH(A9,CH4_codes,0),9)*CF_fossil_CH4+INDEX(CH4_bio_data,MATCH(A9,CH4_bio_codes,0),9)*CF_biog_CH4+INDEX(N2O_data,MATCH(A9,N2O_codes,0),9)*CF_N2O,"") -> #REF! | N9: =IF(D9="YES",INDEX(CO2_data,MATCH(A9,CO2_codes,0),10)+INDEX(CH4_data,MATCH(A9,CH4_codes,0),10)*CF_fossil_CH4+INDEX(CH4_bio_data,MATCH(A9,CH4_bio_codes,0),10)*CF_biog_CH4+INDEX(N2O_data,MATCH(A9,N2O_codes,0),10)*CF_N2O,"") -> #REF!
A10: 01216 | B10: =INDEX(Crop_data,MATCH(A10,Crop_data_codes,0),2) -> #REF! | C10: =INDEX(Crop_data,MATCH(A10,Crop_data_codes,0),3) -> #REF! | D10: =INDEX(Crop_data,MATCH(A10,Crop_data_codes,0),4) -> #REF! | E10: =IF(D10="Yes", SUM(F10:N10),"") -> #REF! | F10: =IF(D10="YES",INDEX(CO2_data,MATCH(A10,CO2_codes,0),2)+INDEX(CH4_data,MATCH(A10,CH4_codes,0),2)*CF_fossil_CH4+INDEX(CH4_bio_data,MATCH(A10,CH4_bio_codes,0),2)*CF_biog_CH4+INDEX(N2O_data,MATCH(A10,N2O_codes,0),2)*CF_N2O,"") -> #REF! | G10: =IF(D10="YES",INDEX(CO2_data,MATCH(A10,CO2_codes,0),3)+INDEX(CH4_data,MATCH(A10,CH4_codes,0),3)*CF_fossil_CH4+INDEX(CH4_bio_data,MATCH(A10,CH4_bio_codes,0),3)*CF_biog_CH4+INDEX(N2O_data,MATCH(A10,N2O_codes,0),3)*CF_N2O,"") -> #REF! | H10: =IF(D10="YES",INDEX(CO2_data,MATCH(A10,CO2_codes,0),4)+INDEX(CH4_data,MATCH(A10,CH4_codes,0),4)*CF_fossil_CH4+INDEX(CH4_bio_data,MATCH(A10,CH4_bio_codes,0),4)*CF_biog_CH4+INDEX(N2O_data,MATCH(A10,N2O_codes,0),4)*CF_N2O,"") -> #REF! | I10: =IF(D10="YES",INDEX(CO2_data,MATCH(A10,CO2_codes,0),5)+INDEX(CH4_data,MATCH(A10,CH4_codes,0),5)*CF_fossil_CH4+INDEX(CH4_bio_data,MATCH(A10,CH4_bio_codes,0),5)*CF_biog_CH4+INDEX(N2O_data,MATCH(A10,N2O_codes,0),5)*CF_N2O,"") -> #REF! | J10: =IF(D10="YES",INDEX(CO2_data,MATCH(A10,CO2_codes,0),6)+INDEX(CH4_data,MATCH(A10,CH4_codes,0),6)*CF_fossil_CH4+INDEX(CH4_bio_data,MATCH(A10,CH4_bio_codes,0),6)*CF_biog_CH4+INDEX(N2O_data,MATCH(A10,N2O_codes,0),6)*CF_N2O,"") -> #REF! | K10: =IF(D10="YES",INDEX(CO2_data,MATCH(A10,CO2_codes,0),7)+INDEX(CH4_data,MATCH(A10,CH4_codes,0),7)*CF_fossil_CH4+INDEX(CH4_bio_data,MATCH(A10,CH4_bio_codes,0),7)*CF_biog_CH4+INDEX(N2O_data,MATCH(A10,N2O_codes,0),7)*CF_N2O,"") -> #REF! | L10: =IF(D10="YES",INDEX(CO2_data,MATCH(A10,CO2_codes,0),8)+INDEX(CH4_data,MATCH(A10,CH4_codes,0),8)*CF_fossil_CH4+INDEX(CH4_bio_data,MATCH(A10,CH4_bio_codes,0),8)*CF_biog_CH4+INDEX(N2O_data,MATCH(A10,N2O_codes,0),8)*CF_N2O,"") -> #REF! | M10: =IF(D10="YES",INDEX(CO2_data,MATCH(A10,CO2_codes,0),9)+INDEX(CH4_data,MATCH(A10,CH4_codes,0),9)*CF_fossil_CH4+INDEX(CH4_bio_data,MATCH(A10,CH4_bio_codes,0),9)*CF_biog_CH4+INDEX(N2O_data,MATCH(A10,N2O_codes,0),9)*CF_N2O,"") -> #REF! | N10: =IF(D10="YES",INDEX(CO2_data,MATCH(A10,CO2_codes,0),10)+INDEX(CH4_data,MATCH(A10,CH4_codes,0),10)*CF_fossil_CH4+INDEX(CH4_bio_data,MATCH(A10,CH4_bio_codes,0),10)*CF_biog_CH4+INDEX(N2O_data,MATCH(A10,N2O_codes,0),10)*CF_N2O,"") -> #REF!
A11: 01211 | B11: =INDEX(Crop_data,MATCH(A11,Crop_data_codes,0),2) -> #REF! | C11: =INDEX(Crop_data,MATCH(A11,Crop_data_codes,0),3) -> #REF! | D11: =INDEX(Crop_data,MATCH(A11,Crop_data_codes,0),4) -> #REF! | E11: =IF(D11="Yes", SUM(F11:N11),"") -> #REF! | F11: =IF(D11="YES",INDEX(CO2_data,MATCH(A11,CO2_codes,0),2)+INDEX(CH4_data,MATCH(A11,CH4_codes,0),2)*CF_fossil_CH4+INDEX(CH4_bio_data,MATCH(A11,CH4_bio_codes,0),2)*CF_biog_CH4+INDEX(N2O_data,MATCH(A11,N2O_codes,0),2)*CF_N2O,"") -> #REF! | G11: =IF(D11="YES",INDEX(CO2_data,MATCH(A11,CO2_codes,0),3)+INDEX(CH4_data,MATCH(A11,CH4_codes,0),3)*CF_fossil_CH4+INDEX(CH4_bio_data,MATCH(A11,CH4_bio_codes,0),3)*CF_biog_CH4+INDEX(N2O_data,MATCH(A11,N2O_codes,0),3)*CF_N2O,"") -> #REF! | H11: =IF(D11="YES",INDEX(CO2_data,MATCH(A11,CO2_codes,0),4)+INDEX(CH4_data,MATCH(A11,CH4_codes,0),4)*CF_fossil_CH4+INDEX(CH4_bio_data,MATCH(A11,CH4_bio_codes,0),4)*CF_biog_CH4+INDEX(N2O_data,MATCH(A11,N2O_codes,0),4)*CF_N2O,"") -> #REF! | I11: =IF(D11="YES",INDEX(CO2_data,MATCH(A11,CO2_codes,0),5)+INDEX(CH4_data,MATCH(A11,CH4_codes,0),5)*CF_fossil_CH4+INDEX(CH4_bio_data,MATCH(A11,CH4_bio_codes,0),5)*CF_biog_CH4+INDEX(N2O_data,MATCH(A11,N2O_codes,0),5)*CF_N2O,"") -> #REF! | J11: =IF(D11="YES",INDEX(CO2_data,MATCH(A11,CO2_codes,0),6)+INDEX(CH4_data,MATCH(A11,CH4_codes,0),6)*CF_fossil_CH4+INDEX(CH4_bio_data,MATCH(A11,CH4_bio_codes,0),6)*CF_biog_CH4+INDEX(N2O_data,MATCH(A11,N2O_codes,0),6)*CF_N2O,"") -> #REF! | K11: =IF(D11="YES",INDEX(CO2_data,MATCH(A11,CO2_codes,0),7)+INDEX(CH4_data,MATCH(A11,CH4_codes,0),7)*CF_fossil_CH4+INDEX(CH4_bio_data,MATCH(A11,CH4_bio_codes,0),7)*CF_biog_CH4+INDEX(N2O_data,MATCH(A11,N2O_codes,0),7)*CF_N2O,"") -> #REF! | L11: =IF(D11="YES",INDEX(CO2_data,MATCH(A11,CO2_codes,0),8)+INDEX(CH4_data,MATCH(A11,CH4_codes,0),8)*CF_fossil_CH4+INDEX(CH4_bio_data,MATCH(A11,CH4_bio_codes,0),8)*CF_biog_CH4+INDEX(N2O_data,MATCH(A11,N2O_codes,0),8)*CF_N2O,"") -> #REF! | M11: =IF(D11="YES",INDEX(CO2_data,MATCH(A11,CO2_codes,0),9)+INDEX(CH4_data,MATCH(A11,CH4_codes,0),9)*CF_fossil_CH4+INDEX(CH4_bio_data,MATCH(A11,CH4_bio_codes,0),9)*CF_biog_CH4+INDEX(N2O_data,MATCH(A11,N2O_codes,0),9)*CF_N2O,"") -> #REF! | N11: =IF(D11="YES",INDEX(CO2_data,MATCH(A11,CO2_codes,0),10)+INDEX(CH4_data,MATCH(A11,CH4_codes,0),10)*CF_fossil_CH4+INDEX(CH4_bio_data,MATCH(A11,CH4_bio_codes,0),10)*CF_biog_CH4+INDEX(N2O_data,MATCH(A11,N2O_codes,0),10)*CF_N2O,"") -> #REF!
A12: 01311 | B12: =INDEX(Crop_data,MATCH(A12,Crop_data_codes,0),2) -> #REF! | C12: =INDEX(Crop_data,MATCH(A12,Crop_data_codes,0),3) -> #REF! | D12: =INDEX(Crop_data,MATCH(A12,Crop_data_codes,0),4) -> #REF! | E12: =IF(D12="Yes", SUM(F12:N12),"") -> #REF! | F12: =IF(D12="YES",INDEX(CO2_data,MATCH(A12,CO2_codes,0),2)+INDEX(CH4_data,MATCH(A12,CH4_codes,0),2)*CF_fossil_CH4+INDEX(CH4_bio_data,MATCH(A12,CH4_bio_codes,0),2)*CF_biog_CH4+INDEX(N2O_data,MATCH(A12,N2O_codes,0),2)*CF_N2O,"") -> #REF! | G12: =IF(D12="YES",INDEX(CO2_data,MATCH(A12,CO2_codes,0),3)+INDEX(CH4_data,MATCH(A12,CH4_codes,0),3)*CF_fossil_CH4+INDEX(CH4_bio_data,MATCH(A12,CH4_bio_codes,0),3)*CF_biog_CH4+INDEX(N2O_data,MATCH(A12,N2O_codes,0),3)*CF_N2O,"") -> #REF! | H12: =IF(D12="YES",INDEX(CO2_data,MATCH(A12,CO2_codes,0),4)+INDEX(CH4_data,MATCH(A12,CH4_codes,0),4)*CF_fossil_CH4+INDEX(CH4_bio_data,MATCH(A12,CH4_bio_codes,0),4)*CF_biog_CH4+INDEX(N2O_data,MATCH(A12,N2O_codes,0),4)*CF_N2O,"") -> #REF! | I12: =IF(D12="YES",INDEX(CO2_data,MATCH(A12,CO2_codes,0),5)+INDEX(CH4_data,MATCH(A12,CH4_codes,0),5)*CF_fossil_CH4+INDEX(CH4_bio_data,MATCH(A12,CH4_bio_codes,0),5)*CF_biog_CH4+INDEX(N2O_data,MATCH(A12,N2O_codes,0),5)*CF_N2O,"") -> #REF! | J12: =IF(D12="YES",INDEX(CO2_data,MATCH(A12,CO2_codes,0),6)+INDEX(CH4_data,MATCH(A12,CH4_codes,0),6)*CF_fossil_CH4+INDEX(CH4_bio_data,MATCH(A12,CH4_bio_codes,0),6)*CF_biog_CH4+INDEX(N2O_data,MATCH(A12,N2O_codes,0),6)*CF_N2O,"") -> #REF! | K12: =IF(D12="YES",INDEX(CO2_data,MATCH(A12,CO2_codes,0),7)+INDEX(CH4_data,MATCH(A12,CH4_codes,0),7)*CF_fossil_CH4+INDEX(CH4_bio_data,MATCH(A12,CH4_bio_codes,0),7)*CF_biog_CH4+INDEX(N2O_data,MATCH(A12,N2O_codes,0),7)*CF_N2O,"") -> #REF! | L12: =IF(D12="YES",INDEX(CO2_data,MATCH(A12,CO2_codes,0),8)+INDEX(CH4_data,MATCH(A12,CH4_codes,0),8)*CF_fossil_CH4+INDEX(CH4_bio_data,MATCH(A12,CH4_bio_codes,0),8)*CF_biog_CH4+INDEX(N2O_data,MATCH(A12,N2O_codes,0),8)*CF_N2O,"") -> #REF! | M12: =IF(D12="YES",INDEX(CO2_data,MATCH(A12,CO2_codes,0),9)+INDEX(CH4_data,MATCH(A12,CH4_codes,0),9)*CF_fossil_CH4+INDEX(CH4_bio_data,MATCH(A12,CH4_bio_codes,0),9)*CF_biog_CH4+INDEX(N2O_data,MATCH(A12,N2O_codes,0),9)*CF_N2O,"") -> #REF! | N12: =IF(D12="YES",INDEX(CO2_data,MATCH(A12,CO2_codes,0),10)+INDEX(CH4_data,MATCH(A12,CH4_codes,0),10)*CF_fossil_CH4+INDEX(CH4_bio_data,MATCH(A12,CH4_bio_codes,0),10)*CF_biog_CH4+INDEX(N2O_data,MATCH(A12,N2O_codes,0),10)*CF_N2O,"") -> #REF!
A13: 01312 | B13: =INDEX(Crop_data,MATCH(A13,Crop_data_codes,0),2) -> #REF! | C13: =INDEX(Crop_data,MATCH(A13,Crop_data_codes,0),3) -> #REF! | D13: =INDEX(Crop_data,MATCH(A13,Crop_data_codes,0),4) -> #REF! | E13: =IF(D13="Yes", SUM(F13:N13),"") -> #REF! | F13: =IF(D13="YES",INDEX(CO2_data,MATCH(A13,CO2_codes,0),2)+INDEX(CH4_data,MATCH(A13,CH4_codes,0),2)*CF_fossil_CH4+INDEX(CH4_bio_data,MATCH(A13,CH4_bio_codes,0),2)*CF_biog_CH4+INDEX(N2O_data,MATCH(A13,N2O_codes,0),2)*CF_N2O,"") -> #REF! | G13: =IF(D13="YES",INDEX(CO2_data,MATCH(A13,CO2_codes,0),3)+INDEX(CH4_data,MATCH(A13,CH4_codes,0),3)*CF_fossil_CH4+INDEX(CH4_bio_data,MATCH(A13,CH4_bio_codes,0),3)*CF_biog_CH4+INDEX(N2O_data,MATCH(A13,N2O_codes,0),3)*CF_N2O,"") -> #REF! | H13: =IF(D13="YES",INDEX(CO2_data,MATCH(A13,CO2_codes,0),4)+INDEX(CH4_data,MATCH(A13,CH4_codes,0),4)*CF_fossil_CH4+INDEX(CH4_bio_data,MATCH(A13,CH4_bio_codes,0),4)*CF_biog_CH4+INDEX(N2O_data,MATCH(A13,N2O_codes,0),4)*CF_N2O,"") -> #REF! | I13: =IF(D13="YES",INDEX(CO2_data,MATCH(A13,CO2_codes,0),5)+INDEX(CH4_data,MATCH(A13,CH4_codes,0),5)*CF_fossil_CH4+INDEX(CH4_bio_data,MATCH(A13,CH4_bio_codes,0),5)*CF_biog_CH4+INDEX(N2O_data,MATCH(A13,N2O_codes,0),5)*CF_N2O,"") -> #REF! | J13: =IF(D13="YES",INDEX(CO2_data,MATCH(A13,CO2_codes,0),6)+INDEX(CH4_data,MATCH(A13,CH4_codes,0),6)*CF_fossil_CH4+INDEX(CH4_bio_data,MATCH(A13,CH4_bio_codes,0),6)*CF_biog_CH4+INDEX(N2O_data,MATCH(A13,N2O_codes,0),6)*CF_N2O,"") -> #REF! | K13: =IF(D13="YES",INDEX(CO2_data,MATCH(A13,CO2_codes,0),7)+INDEX(CH4_data,MATCH(A13,CH4_codes,0),7)*CF_fossil_CH4+INDEX(CH4_bio_data,MATCH(A13,CH4_bio_codes,0),7)*CF_biog_CH4+INDEX(N2O_data,MATCH(A13,N2O_codes,0),7)*CF_N2O,"") -> #REF! | L13: =IF(D13="YES",INDEX(CO2_data,MATCH(A13,CO2_codes,0),8)+INDEX(CH4_data,MATCH(A13,CH4_codes,0),8)*CF_fossil_CH4+INDEX(CH4_bio_data,MATCH(A13,CH4_bio_codes,0),8)*CF_biog_CH4+INDEX(N2O_data,MATCH(A13,N2O_codes,0),8)*CF_N2O,"") -> #REF! | M13: =IF(D13="YES",INDEX(CO2_data,MATCH(A13,CO2_codes,0),9)+INDEX(CH4_data,MATCH(A13,CH4_codes,0),9)*CF_fossil_CH4+INDEX(CH4_bio_data,MATCH(A13,CH4_bio_codes,0),9)*CF_biog_CH4+INDEX(N2O_data,MATCH(A13,N2O_codes,0),9)*CF_N2O,"") -> #REF! | N13: =IF(D13="YES",INDEX(CO2_data,MATCH(A13,CO2_codes,0),10)+INDEX(CH4_data,MATCH(A13,CH4_codes,0),10)*CF_fossil_CH4+INDEX(CH4_bio_data,MATCH(A13,CH4_bio_codes,0),10)*CF_biog_CH4+INDEX(N2O_data,MATCH(A13,N2O_codes,0),10)*CF_N2O,"") -> #REF!
A14: 0115 | B14: =INDEX(Crop_data,MATCH(A14,Crop_data_codes,0),2) -> #REF! | C14: =INDEX(Crop_data,MATCH(A14,Crop_data_codes,0),3) -> #REF! | D14: =INDEX(Crop_data,MATCH(A14,Crop_data_codes,0),4) -> #REF! | E14: =IF(D14="Yes", SUM(F14:N14),"") -> #REF! | F14: =IF(D14="YES",INDEX(CO2_data,MATCH(A14,CO2_codes,0),2)+INDEX(CH4_data,MATCH(A14,CH4_codes,0),2)*CF_fossil_CH4+INDEX(CH4_bio_data,MATCH(A14,CH4_bio_codes,0),2)*CF_biog_CH4+INDEX(N2O_data,MATCH(A14,N2O_codes,0),2)*CF_N2O,"") -> #REF! | G14: =IF(D14="YES",INDEX(CO2_data,MATCH(A14,CO2_codes,0),3)+INDEX(CH4_data,MATCH(A14,CH4_codes,0),3)*CF_fossil_CH4+INDEX(CH4_bio_data,MATCH(A14,CH4_bio_codes,0),3)*CF_biog_CH4+INDEX(N2O_data,MATCH(A14,N2O_codes,0),3)*CF_N2O,"") -> #REF! | H14: =IF(D14="YES",INDEX(CO2_data,MATCH(A14,CO2_codes,0),4)+INDEX(CH4_data,MATCH(A14,CH4_codes,0),4)*CF_fossil_CH4+INDEX(CH4_bio_data,MATCH(A14,CH4_bio_codes,0),4)*CF_biog_CH4+INDEX(N2O_data,MATCH(A14,N2O_codes,0),4)*CF_N2O,"") -> #REF! | I14: =IF(D14="YES",INDEX(CO2_data,MATCH(A14,CO2_codes,0),5)+INDEX(CH4_data,MATCH(A14,CH4_codes,0),5)*CF_fossil_CH4+INDEX(CH4_bio_data,MATCH(A14,CH4_bio_codes,0),5)*CF_biog_CH4+INDEX(N2O_data,MATCH(A14,N2O_codes,0),5)*CF_N2O,"") -> #REF! | J14: =IF(D14="YES",INDEX(CO2_data,MATCH(A14,CO2_codes,0),6)+INDEX(CH4_data,MATCH(A14,CH4_codes,0),6)*CF_fossil_CH4+INDEX(CH4_bio_data,MATCH(A14,CH4_bio_codes,0),6)*CF_biog_CH4+INDEX(N2O_data,MATCH(A14,N2O_codes,0),6)*CF_N2O,"") -> #REF! | K14: =IF(D14="YES",INDEX(CO2_data,MATCH(A14,CO2_codes,0),7)+INDEX(CH4_data,MATCH(A14,CH4_codes,0),7)*CF_fossil_CH4+INDEX(CH4_bio_data,MATCH(A14,CH4_bio_codes,0),7)*CF_biog_CH4+INDEX(N2O_data,MATCH(A14,N2O_codes,0),7)*CF_N2O,"") -> #REF! | L14: =IF(D14="YES",INDEX(CO2_data,MATCH(A14,CO2_codes,0),8)+INDEX(CH4_data,MATCH(A14,CH4_codes,0),8)*CF_fossil_CH4+INDEX(CH4_bio_data,MATCH(A14,CH4_bio_codes,0),8)*CF_biog_CH4+INDEX(N2O_data,MATCH(A14,N2O_codes,0),8)*CF_N2O,"") -> #REF! | M14: =IF(D14="YES",INDEX(CO2_data,MATCH(A14,CO2_codes,0),9)+INDEX(CH4_data,MATCH(A14,CH4_codes,0),9)*CF_fossil_CH4+INDEX(CH4_bio_data,MATCH(A14,CH4_bio_codes,0),9)*CF_biog_CH4+INDEX(N2O_data,MATCH(A14,N2O_codes,0),9)*CF_N2O,"") -> #REF! | N14: =IF(D14="YES",INDEX(CO2_data,MATCH(A14,CO2_codes,0),10)+INDEX(CH4_data,MATCH(A14,CH4_codes,0),10)*CF_fossil_CH4+INDEX(CH4_bio_data,MATCH(A14,CH4_bio_codes,0),10)*CF_biog_CH4+INDEX(N2O_data,MATCH(A14,N2O_codes,0),10)*CF_N2O,"") -> #REF!
A15: 0115_s | B15: =INDEX(Crop_data,MATCH(A15,Crop_data_codes,0),2) -> #REF! | C15: =INDEX(Crop_data,MATCH(A15,Crop_data_codes,0),3) -> #REF! | D15: =INDEX(Crop_data,MATCH(A15,Crop_data_codes,0),4) -> #REF! | E15: =IF(D15="Yes", SUM(F15:N15),"") -> #REF! | F15: =IF(D15="YES",INDEX(CO2_data,MATCH(A15,CO2_codes,0),2)+INDEX(CH4_data,MATCH(A15,CH4_codes,0),2)*CF_fossil_CH4+INDEX(CH4_bio_data,MATCH(A15,CH4_bio_codes,0),2)*CF_biog_CH4+INDEX(N2O_data,MATCH(A15,N2O_codes,0),2)*CF_N2O,"") -> #REF! | G15: =IF(D15="YES",INDEX(CO2_data,MATCH(A15,CO2_codes,0),3)+INDEX(CH4_data,MATCH(A15,CH4_codes,0),3)*CF_fossil_CH4+INDEX(CH4_bio_data,MATCH(A15,CH4_bio_codes,0),3)*CF_biog_CH4+INDEX(N2O_data,MATCH(A15,N2O_codes,0),3)*CF_N2O,"") -> #REF! | H15: =IF(D15="YES",INDEX(CO2_data,MATCH(A15,CO2_codes,0),4)+INDEX(CH4_data,MATCH(A15,CH4_codes,0),4)*CF_fossil_CH4+INDEX(CH4_bio_data,MATCH(A15,CH4_bio_codes,0),4)*CF_biog_CH4+INDEX(N2O_data,MATCH(A15,N2O_codes,0),4)*CF_N2O,"") -> #REF! | I15: =IF(D15="YES",INDEX(CO2_data,MATCH(A15,CO2_codes,0),5)+INDEX(CH4_data,MATCH(A15,CH4_codes,0),5)*CF_fossil_CH4+INDEX(CH4_bio_data,MATCH(A15,CH4_bio_codes,0),5)*CF_biog_CH4+INDEX(N2O_data,MATCH(A15,N2O_codes,0),5)*CF_N2O,"") -> #REF! | J15: =IF(D15="YES",INDEX(CO2_data,MATCH(A15,CO2_codes,0),6)+INDEX(CH4_data,MATCH(A15,CH4_codes,0),6)*CF_fossil_CH4+INDEX(CH4_bio_data,MATCH(A15,CH4_bio_codes,0),6)*CF_biog_CH4+INDEX(N2O_data,MATCH(A15,N2O_codes,0),6)*CF_N2O,"") -> #REF! | K15: =IF(D15="YES",INDEX(CO2_data,MATCH(A15,CO2_codes,0),7)+INDEX(CH4_data,MATCH(A15,CH4_codes,0),7)*CF_fossil_CH4+INDEX(CH4_bio_data,MATCH(A15,CH4_bio_codes,0),7)*CF_biog_CH4+INDEX(N2O_data,MATCH(A15,N2O_codes,0),7)*CF_N2O,"") -> #REF! | L15: =IF(D15="YES",INDEX(CO2_data,MATCH(A15,CO2_codes,0),8)+INDEX(CH4_data,MATCH(A15,CH4_codes,0),8)*CF_fossil_CH4+INDEX(CH4_bio_data,MATCH(A15,CH4_bio_codes,0),8)*CF_biog_CH4+INDEX(N2O_data,MATCH(A15,N2O_codes,0),8)*CF_N2O,"") -> #REF! | M15: =IF(D15="YES",INDEX(CO2_data,MATCH(A15,CO2_codes,0),9)+INDEX(CH4_data,MATCH(A15,CH4_codes,0),9)*CF_fossil_CH4+INDEX(CH4_bio_data,MATCH(A15,CH4_bio_codes,0),9)*CF_biog_CH4+INDEX(N2O_data,MATCH(A15,N2O_codes,0),9)*CF_N2O,"") -> #REF! | N15: =IF(D15="YES",INDEX(CO2_data,MATCH(A15,CO2_codes,0),10)+INDEX(CH4_data,MATCH(A15,CH4_codes,0),10)*CF_fossil_CH4+INDEX(CH4_bio_data,MATCH(A15,CH4_bio_codes,0),10)*CF_biog_CH4+INDEX(N2O_data,MATCH(A15,N2O_codes,0),10)*CF_N2O,"") -> #REF!
A16: 0115_w | B16: =INDEX(Crop_data,MATCH(A16,Crop_data_codes,0),2) -> #REF! | C16: =INDEX(Crop_data,MATCH(A16,Crop_data_codes,0),3) -> #REF! | D16: =INDEX(Crop_data,MATCH(A16,Crop_data_codes,0),4) -> #REF! | E16: =IF(D16="Yes", SUM(F16:N16),"") -> #REF! | F16: =IF(D16="YES",INDEX(CO2_data,MATCH(A16,CO2_codes,0),2)+INDEX(CH4_data,MATCH(A16,CH4_codes,0),2)*CF_fossil_CH4+INDEX(CH4_bio_data,MATCH(A16,CH4_bio_codes,0),2)*CF_biog_CH4+INDEX(N2O_data,MATCH(A16,N2O_codes,0),2)*CF_N2O,"") -> #REF! | G16: =IF(D16="YES",INDEX(CO2_data,MATCH(A16,CO2_codes,0),3)+INDEX(CH4_data,MATCH(A16,CH4_codes,0),3)*CF_fossil_CH4+INDEX(CH4_bio_data,MATCH(A16,CH4_bio_codes,0),3)*CF_biog_CH4+INDEX(N2O_data,MATCH(A16,N2O_codes,0),3)*CF_N2O,"") -> #REF! | H16: =IF(D16="YES",INDEX(CO2_data,MATCH(A16,CO2_codes,0),4)+INDEX(CH4_data,MATCH(A16,CH4_codes,0),4)*CF_fossil_CH4+INDEX(CH4_bio_data,MATCH(A16,CH4_bio_codes,0),4)*CF_biog_CH4+INDEX(N2O_data,MATCH(A16,N2O_codes,0),4)*CF_N2O,"") -> #REF! | I16: =IF(D16="YES",INDEX(CO2_data,MATCH(A16,CO2_codes,0),5)+INDEX(CH4_data,MATCH(A16,CH4_codes,0),5)*CF_fossil_CH4+INDEX(CH4_bio_data,MATCH(A16,CH4_bio_codes,0),5)*CF_biog_CH4+INDEX(N2O_data,MATCH(A16,N2O_codes,0),5)*CF_N2O,"") -> #REF! | J16: =IF(D16="YES",INDEX(CO2_data,MATCH(A16,CO2_codes,0),6)+INDEX(CH4_data,MATCH(A16,CH4_codes,0),6)*CF_fossil_CH4+INDEX(CH4_bio_data,MATCH(A16,CH4_bio_codes,0),6)*CF_biog_CH4+INDEX(N2O_data,MATCH(A16,N2O_codes,0),6)*CF_N2O,"") -> #REF! | K16: =IF(D16="YES",INDEX(CO2_data,MATCH(A16,CO2_codes,0),7)+INDEX(CH4_data,MATCH(A16,CH4_codes,0),7)*CF_fossil_CH4+INDEX(CH4_bio_data,MATCH(A16,CH4_bio_codes,0),7)*CF_biog_CH4+INDEX(N2O_data,MATCH(A16,N2O_codes,0),7)*CF_N2O,"") -> #REF! | L16: =IF(D16="YES",INDEX(CO2_data,MATCH(A16,CO2_codes,0),8)+INDEX(CH4_data,MATCH(A16,CH4_codes,0),8)*CF_fossil_CH4+INDEX(CH4_bio_data,MATCH(A16,CH4_bio_codes,0),8)*CF_biog_CH4+INDEX(N2O_data,MATCH(A16,N2O_codes,0),8)*CF_N2O,"") -> #REF! | M16: =IF(D16="YES",INDEX(CO2_data,MATCH(A16,CO2_codes,0),9)+INDEX(CH4_data,MATCH(A16,CH4_codes,0),9)*CF_fossil_CH4+INDEX(CH4_bio_data,MATCH(A16,CH4_bio_codes,0),9)*CF_biog_CH4+INDEX(N2O_data,MATCH(A16,N2O_codes,0),9)*CF_N2O,"") -> #REF! | N16: =IF(D16="YES",INDEX(CO2_data,MATCH(A16,CO2_codes,0),10)+INDEX(CH4_data,MATCH(A16,CH4_codes,0),10)*CF_fossil_CH4+INDEX(CH4_bio_data,MATCH(A16,CH4_bio_codes,0),10)*CF_biog_CH4+INDEX(N2O_data,MATCH(A16,N2O_codes,0),10)*CF_N2O,"") -> #REF!
A17: 01701 | B17: =INDEX(Crop_data,MATCH(A17,Crop_data_codes,0),2) -> #REF! | C17: =INDEX(Crop_data,MATCH(A17,Crop_data_codes,0),3) -> #REF! | D17: =INDEX(Crop_data,MATCH(A17,Crop_data_codes,0),4) -> #REF! | E17: =IF(D17="Yes", SUM(F17:N17),"") -> #REF! | F17: =IF(D17="YES",INDEX(CO2_data,MATCH(A17,CO2_codes,0),2)+INDEX(CH4_data,MATCH(A17,CH4_codes,0),2)*CF_fossil_CH4+INDEX(CH4_bio_data,MATCH(A17,CH4_bio_codes,0),2)*CF_biog_CH4+INDEX(N2O_data,MATCH(A17,N2O_codes,0),2)*CF_N2O,"") -> #REF! | G17: =IF(D17="YES",INDEX(CO2_data,MATCH(A17,CO2_codes,0),3)+INDEX(CH4_data,MATCH(A17,CH4_codes,0),3)*CF_fossil_CH4+INDEX(CH4_bio_data,MATCH(A17,CH4_bio_codes,0),3)*CF_biog_CH4+INDEX(N2O_data,MATCH(A17,N2O_codes,0),3)*CF_N2O,"") -> #REF! | H17: =IF(D17="YES",INDEX(CO2_data,MATCH(A17,CO2_codes,0),4)+INDEX(CH4_data,MATCH(A17,CH4_codes,0),4)*CF_fossil_CH4+INDEX(CH4_bio_data,MATCH(A17,CH4_bio_codes,0),4)*CF_biog_CH4+INDEX(N2O_data,MATCH(A17,N2O_codes,0),4)*CF_N2O,"") -> #REF! | I17: =IF(D17="YES",INDEX(CO2_data,MATCH(A17,CO2_codes,0),5)+INDEX(CH4_data,MATCH(A17,CH4_codes,0),5)*CF_fossil_CH4+INDEX(CH4_bio_data,MATCH(A17,CH4_bio_codes,0),5)*CF_biog_CH4+INDEX(N2O_data,MATCH(A17,N2O_codes,0),5)*CF_N2O,"") -> #REF! | J17: =IF(D17="YES",INDEX(CO2_data,MATCH(A17,CO2_codes,0),6)+INDEX(CH4_data,MATCH(A17,CH4_codes,0),6)*CF_fossil_CH4+INDEX(CH4_bio_data,MATCH(A17,CH4_bio_codes,0),6)*CF_biog_CH4+INDEX(N2O_data,MATCH(A17,N2O_codes,0),6)*CF_N2O,"") -> #REF! | K17: =IF(D17="YES",INDEX(CO2_data,MATCH(A17,CO2_codes,0),7)+INDEX(CH4_data,MATCH(A17,CH4_codes,0),7)*CF_fossil_CH4+INDEX(CH4_bio_data,MATCH(A17,CH4_bio_codes,0),7)*CF_biog_CH4+INDEX(N2O_data,MATCH(A17,N2O_codes,0),7)*CF_N2O,"") -> #REF! | L17: =IF(D17="YES",INDEX(CO2_data,MATCH(A17,CO2_codes,0),8)+INDEX(CH4_data,MATCH(A17,CH4_codes,0),8)*CF_fossil_CH4+INDEX(CH4_bio_data,MATCH(A17,CH4_bio_codes,0),8)*CF_biog_CH4+INDEX(N2O_data,MATCH(A17,N2O_codes,0),8)*CF_N2O,"") -> #REF! | M17: =IF(D17="YES",INDEX(CO2_data,MATCH(A17,CO2_codes,0),9)+INDEX(CH4_data,MATCH(A17,CH4_codes,0),9)*CF_fossil_CH4+INDEX(CH4_bio_data,MATCH(A17,CH4_bio_codes,0),9)*CF_biog_CH4+INDEX(N2O_data,MATCH(A17,N2O_codes,0),9)*CF_N2O,"") -> #REF! | N17: =IF(D17="YES",INDEX(CO2_data,MATCH(A17,CO2_codes,0),10)+INDEX(CH4_data,MATCH(A17,CH4_codes,0),10)*CF_fossil_CH4+INDEX(CH4_bio_data,MATCH(A17,CH4_bio_codes,0),10)*CF_biog_CH4+INDEX(N2O_data,MATCH(A17,N2O_codes,0),10)*CF_N2O,"") -> #REF!
... A118: 0111_w | B118: =INDEX(Crop_data,MATCH(A118,Crop_data_codes,0),2) -> #REF! | C118: =INDEX(Crop_data,MATCH(A118,Crop_data_codes,0),3) -> #REF! | D118: =INDEX(Crop_data,MATCH(A118,Crop_data_codes,0),4) -> #REF! | E118: =IF(D118="Yes", SUM(F118:N118),"") -> #REF! | F118: =IF(D118="YES",INDEX(CO2_data,MATCH(A118,CO2_codes,0),2)+INDEX(CH4_data,MATCH(A118,CH4_codes,0),2)*CF_fossil_CH4+INDEX(CH4_bio_data,MATCH(A118,CH4_bio_codes,0),2)*CF_biog_CH4+INDEX(N2O_data,MATCH(A118,N2O_codes,0),2)*CF_N2O,"") -> #REF! | G118: =IF(D118="YES",INDEX(CO2_data,MATCH(A118,CO2_codes,0),3)+INDEX(CH4_data,MATCH(A118,CH4_codes,0),3)*CF_fossil_CH4+INDEX(CH4_bio_data,MATCH(A118,CH4_bio_codes,0),3)*CF_biog_CH4+INDEX(N2O_data,MATCH(A118,N2O_codes,0),3)*CF_N2O,"") -> #REF! | H118: =IF(D118="YES",INDEX(CO2_data,MATCH(A118,CO2_codes,0),4)+INDEX(CH4_data,MATCH(A118,CH4_codes,0),4)*CF_fossil_CH4+INDEX(CH4_bio_data,MATCH(A118,CH4_bio_codes,0),4)*CF_biog_CH4+INDEX(N2O_data,MATCH(A118,N2O_codes,0),4)*CF_N2O,"") -> #REF! | I118: =IF(D118="YES",INDEX(CO2_data,MATCH(A118,CO2_codes,0),5)+INDEX(CH4_data,MATCH(A118,CH4_codes,0),5)*CF_fossil_CH4+INDEX(CH4_bio_data,MATCH(A118,CH4_bio_codes,0),5)*CF_biog_CH4+INDEX(N2O_data,MATCH(A118,N2O_codes,0),5)*CF_N2O,"") -> #REF! | J118: =IF(D118="YES",INDEX(CO2_data,MATCH(A118,CO2_codes,0),6)+INDEX(CH4_data,MATCH(A118,CH4_codes,0),6)*CF_fossil_CH4+INDEX(CH4_bio_data,MATCH(A118,CH4_bio_codes,0),6)*CF_biog_CH4+INDEX(N2O_data,MATCH(A118,N2O_codes,0),6)*CF_N2O,"") -> #REF! | K118: =IF(D118="YES",INDEX(CO2_data,MATCH(A118,CO2_codes,0),7)+INDEX(CH4_data,MATCH(A118,CH4_codes,0),7)*CF_fossil_CH4+INDEX(CH4_bio_data,MATCH(A118,CH4_bio_codes,0),7)*CF_biog_CH4+INDEX(N2O_data,MATCH(A118,N2O_codes,0),7)*CF_N2O,"") -> #REF! | L118: =IF(D118="YES",INDEX(CO2_data,MATCH(A118,CO2_codes,0),8)+INDEX(CH4_data,MATCH(A118,CH4_codes,0),8)*CF_fossil_CH4+INDEX(CH4_bio_data,MATCH(A118,CH4_bio_codes,0),8)*CF_biog_CH4+INDEX(N2O_data,MATCH(A118,N2O_codes,0),8)*CF_N2O,"") -> #REF! | M118: =IF(D118="YES",INDEX(CO2_data,MATCH(A118,CO2_codes,0),9)+INDEX(CH4_data,MATCH(A118,CH4_codes,0),9)*CF_fossil_CH4+INDEX(CH4_bio_data,MATCH(A118,CH4_bio_codes,0),9)*CF_biog_CH4+INDEX(N2O_data,MATCH(A118,N2O_codes,0),9)*CF_N2O,"") -> #REF! | N118: =IF(D118="YES",INDEX(CO2_data,MATCH(A118,CO2_codes,0),10)+INDEX(CH4_data,MATCH(A118,CH4_codes,0),10)*CF_fossil_CH4+INDEX(CH4_bio_data,MATCH(A118,CH4_bio_codes,0),10)*CF_biog_CH4+INDEX(N2O_data,MATCH(A118,N2O_codes,0),10)*CF_N2O,"") -> #REF!

Sheet Crops CO2
A2: Emissions of CO2 per kg of crop [kg CO2 per kg of crop harvested]
A4: Crops | E4: Sum | F4: Inputs | H4: Soil emissions | J4: Energy use | N4: Land use change
A5: Code | B5: Crops | C5: Categories | D5: Cultivated in country | F5: Production of mineral fertilizer | G5: Production of capital goods | H5: Direct emissions | I5: Indirect emissions | J5: Diesel use field mach | K5: Energy use in greenhouses | L5: Energy use for irrigation | M5: Energy use for post-harvest proc | N5: LUC emissions
A6: 01371 | B6: =INDEX(Crop_data,MATCH(A6,Crop_data_codes,0),2) -> #REF! | C6: =INDEX(Crop_data,MATCH(A6,Crop_data_codes,0),3) -> #REF! | D6: =INDEX(Crop_data,MATCH(A6,Crop_data_codes,0),4) -> #REF! | E6: =IF(D6="Yes", SUM(F6:N6),"") -> #REF! | F6: =IF(D6="YES",INDEX(Crop_data,MATCH(A6,Crop_data_codes,0),7)*(Frac_BAT*EF_min_fert_BAT_CO2+Frac_AN*EF_min_fert_AN_CO2)/INDEX(Crop_data,MATCH(A6,Crop_data_codes,0),6),"") -> #REF! | G6: =IF(D6="YES",EF_capital_goods_CO2,"") -> #REF! | H6: =IF(D6="Yes",INDEX(Soil_carbon_data,MATCH(C6,Soil_carbon_categories,0),2),"") -> #REF! | J6: =IF(D6="YES",INDEX(Crop_data,MATCH(A6,Crop_data_codes,0),11)*Heating_value_diesel*EF_diesel_CO2/INDEX(Crop_data,MATCH(A6,Crop_data_codes,0),6),"") -> #REF! | L6: =IF(D6="YES",INDEX(Crop_data,MATCH(A6,Crop_data_codes,0),12)*EF_irrigation_CO2/INDEX(Crop_data,MATCH(A6,Crop_data_codes,0),6),"") -> #REF! | M6: =IF(D6="Yes",INDEX(Post_harvest_energy_data,MATCH(C6,Post_harvest_energy_categories,0),2)*EF_heating_oil_CO2+INDEX(Post_harvest_energy_data,MATCH(C6,Post_harvest_energy_categories,0),3)*EF_electricity_CO2+INDEX(Post_harvest_energy_data,MATCH(C6,Post_harvest_energy_categories,0),4)*EF_chips_CO2,"") -> #REF!
A7: 01654 | B7: =INDEX(Crop_data,MATCH(A7,Crop_data_codes,0),2) -> #REF! | C7: =INDEX(Crop_data,MATCH(A7,Crop_data_codes,0),3) -> #REF! | D7: =INDEX(Crop_data,MATCH(A7,Crop_data_codes,0),4) -> #REF! | E7: =IF(D7="Yes", SUM(F7:N7),"") -> #REF! | F7: =IF(D7="YES",INDEX(Crop_data,MATCH(A7,Crop_data_codes,0),7)*(Frac_BAT*EF_min_fert_BAT_CO2+Frac_AN*EF_min_fert_AN_CO2)/INDEX(Crop_data,MATCH(A7,Crop_data_codes,0),6),"") -> #REF! | G7: =IF(D7="YES",EF_capital_goods_CO2,"") -> #REF! | H7: =IF(D7="Yes",INDEX(Soil_carbon_data,MATCH(C7,Soil_carbon_categories,0),2),"") -> #REF! | J7: =IF(D7="YES",INDEX(Crop_data,MATCH(A7,Crop_data_codes,0),11)*Heating_value_diesel*EF_diesel_CO2/INDEX(Crop_data,MATCH(A7,Crop_data_codes,0),6),"") -> #REF! | L7: =IF(D7="YES",INDEX(Crop_data,MATCH(A7,Crop_data_codes,0),12)*EF_irrigation_CO2/INDEX(Crop_data,MATCH(A7,Crop_data_codes,0),6),"") -> #REF! | M7: =IF(D7="Yes",INDEX(Post_harvest_energy_data,MATCH(C7,Post_harvest_energy_categories,0),2)*EF_heating_oil_CO2+INDEX(Post_harvest_energy_data,MATCH(C7,Post_harvest_energy_categories,0),3)*EF_electricity_CO2+INDEX(Post_harvest_energy_data,MATCH(C7,Post_harvest_energy_categories,0),4)*EF_chips_CO2,"") -> #REF!
A8: 01341 | B8: =INDEX(Crop_data,MATCH(A8,Crop_data_codes,0),2) -> #REF! | C8: =INDEX(Crop_data,MATCH(A8,Crop_data_codes,0),3) -> #REF! | D8: =INDEX(Crop_data,MATCH(A8,Crop_data_codes,0),4) -> #REF! | E8: =IF(D8="Yes", SUM(F8:N8),"") -> #REF! | F8: =IF(D8="YES",INDEX(Crop_data,MATCH(A8,Crop_data_codes,0),7)*(Frac_BAT*EF_min_fert_BAT_CO2+Frac_AN*EF_min_fert_AN_CO2)/INDEX(Crop_data,MATCH(A8,Crop_data_codes,0),6),"") -> #REF! | G8: =IF(D8="YES",EF_capital_goods_CO2,"") -> #REF! | H8: =IF(D8="Yes",INDEX(Soil_carbon_data,MATCH(C8,Soil_carbon_categories,0),2),"") -> #REF! | J8: =IF(D8="YES",INDEX(Crop_data,MATCH(A8,Crop_data_codes,0),11)*Heating_value_diesel*EF_diesel_CO2/INDEX(Crop_data,MATCH(A8,Crop_data_codes,0),6),"") -> #REF! | L8: =IF(D8="YES",INDEX(Crop_data,MATCH(A8,Crop_data_codes,0),12)*EF_irrigation_CO2/INDEX(Crop_data,MATCH(A8,Crop_data_codes,0),6),"") -> #REF! | M8: =IF(D8="Yes",INDEX(Post_harvest_energy_data,MATCH(C8,Post_harvest_energy_categories,0),2)*EF_heating_oil_CO2+INDEX(Post_harvest_energy_data,MATCH(C8,Post_harvest_energy_categories,0),3)*EF_electricity_CO2+INDEX(Post_harvest_energy_data,MATCH(C8,Post_harvest_energy_categories,0),4)*EF_chips_CO2,"") -> #REF!
A9: 01343 | B9: =INDEX(Crop_data,MATCH(A9,Crop_data_codes,0),2) -> #REF! | C9: =INDEX(Crop_data,MATCH(A9,Crop_data_codes,0),3) -> #REF! | D9: =INDEX(Crop_data,MATCH(A9,Crop_data_codes,0),4) -> #REF! | E9: =IF(D9="Yes", SUM(F9:N9),"") -> #REF! | F9: =IF(D9="YES",INDEX(Crop_data,MATCH(A9,Crop_data_codes,0),7)*(Frac_BAT*EF_min_fert_BAT_CO2+Frac_AN*EF_min_fert_AN_CO2)/INDEX(Crop_data,MATCH(A9,Crop_data_codes,0),6),"") -> #REF! | G9: =IF(D9="YES",EF_capital_goods_CO2,"") -> #REF! | H9: =IF(D9="Yes",INDEX(Soil_carbon_data,MATCH(C9,Soil_carbon_categories,0),2),"") -> #REF! | J9: =IF(D9="YES",INDEX(Crop_data,MATCH(A9,Crop_data_codes,0),11)*Heating_value_diesel*EF_diesel_CO2/INDEX(Crop_data,MATCH(A9,Crop_data_codes,0),6),"") -> #REF! | L9: =IF(D9="YES",INDEX(Crop_data,MATCH(A9,Crop_data_codes,0),12)*EF_irrigation_CO2/INDEX(Crop_data,MATCH(A9,Crop_data_codes,0),6),"") -> #REF! | M9: =IF(D9="Yes",INDEX(Post_harvest_energy_data,MATCH(C9,Post_harvest_energy_categories,0),2)*EF_heating_oil_CO2+INDEX(Post_harvest_energy_data,MATCH(C9,Post_harvest_energy_categories,0),3)*EF_electricity_CO2+INDEX(Post_harvest_energy_data,MATCH(C9,Post_harvest_energy_categories,0),4)*EF_chips_CO2,"") -> #REF!
A10: 01216 | B10: =INDEX(Crop_data,MATCH(A10,Crop_data_codes,0),2) -> #REF! | C10: =INDEX(Crop_data,MATCH(A10,Crop_data_codes,0),3) -> #REF! | D10: =INDEX(Crop_data,MATCH(A10,Crop_data_codes,0),4) -> #REF! | E10: =IF(D10="Yes", SUM(F10:N10),"") -> #REF! | F10: =IF(D10="YES",INDEX(Crop_data,MATCH(A10,Crop_data_codes,0),7)*(Frac_BAT*EF_min_fert_BAT_CO2+Frac_AN*EF_min_fert_AN_CO2)/INDEX(Crop_data,MATCH(A10,Crop_data_codes,0),6),"") -> #REF! | G10: =IF(D10="YES",EF_capital_goods_CO2,"") -> #REF! | H10: =IF(D10="Yes",INDEX(Soil_carbon_data,MATCH(C10,Soil_carbon_categories,0),2),"") -> #REF! | J10: =IF(D10="YES",INDEX(Crop_data,MATCH(A10,Crop_data_codes,0),11)*Heating_value_diesel*EF_diesel_CO2/INDEX(Crop_data,MATCH(A10,Crop_data_codes,0),6),"") -> #REF! | L10: =IF(D10="YES",INDEX(Crop_data,MATCH(A10,Crop_data_codes,0),12)*EF_irrigation_CO2/INDEX(Crop_data,MATCH(A10,Crop_data_codes,0),6),"") -> #REF! | M10: =IF(D10="Yes",INDEX(Post_harvest_energy_data,MATCH(C10,Post_harvest_energy_categories,0),2)*EF_heating_oil_CO2+INDEX(Post_harvest_energy_data,MATCH(C10,Post_harvest_energy_categories,0),3)*EF_electricity_CO2+INDEX(Post_harvest_energy_data,MATCH(C10,Post_harvest_energy_categories,0),4)*EF_chips_CO2,"") -> #REF!
A11: 01211 | B11: =INDEX(Crop_data,MATCH(A11,Crop_data_codes,0),2) -> #REF! | C11: =INDEX(Crop_data,MATCH(A11,Crop_data_codes,0),3) -> #REF! | D11: =INDEX(Crop_data,MATCH(A11,Crop_data_codes,0),4) -> #REF! | E11: =IF(D11="Yes", SUM(F11:N11),"") -> #REF! | F11: =IF(D11="YES",INDEX(Crop_data,MATCH(A11,Crop_data_codes,0),7)*(Frac_BAT*EF_min_fert_BAT_CO2+Frac_AN*EF_min_fert_AN_CO2)/INDEX(Crop_data,MATCH(A11,Crop_data_codes,0),6),"") -> #REF! | G11: =IF(D11="YES",EF_capital_goods_CO2,"") -> #REF! | H11: =IF(D11="Yes",INDEX(Soil_carbon_data,MATCH(C11,Soil_carbon_categories,0),2),"") -> #REF! | J11: =IF(D11="YES",INDEX(Crop_data,MATCH(A11,Crop_data_codes,0),11)*Heating_value_diesel*EF_diesel_CO2/INDEX(Crop_data,MATCH(A11,Crop_data_codes,0),6),"") -> #REF! | L11: =IF(D11="YES",INDEX(Crop_data,MATCH(A11,Crop_data_codes,0),12)*EF_irrigation_CO2/INDEX(Crop_data,MATCH(A11,Crop_data_codes,0),6),"") -> #REF! | M11: =IF(D11="Yes",INDEX(Post_harvest_energy_data,MATCH(C11,Post_harvest_energy_categories,0),2)*EF_heating_oil_CO2+INDEX(Post_harvest_energy_data,MATCH(C11,Post_harvest_energy_categories,0),3)*EF_electricity_CO2+INDEX(Post_harvest_energy_data,MATCH(C11,Post_harvest_energy_categories,0),4)*EF_chips_CO2,"") -> #REF!
A12: 01311 | B12: =INDEX(Crop_data,MATCH(A12,Crop_data_codes,0),2) -> #REF! | C12: =INDEX(Crop_data,MATCH(A12,Crop_data_codes,0),3) -> #REF! | D12: =INDEX(Crop_data,MATCH(A12,Crop_data_codes,0),4) -> #REF! | E12: =IF(D12="Yes", SUM(F12:N12),"") -> #REF! | F12: =IF(D12="YES",INDEX(Crop_data,MATCH(A12,Crop_data_codes,0),7)*(Frac_BAT*EF_min_fert_BAT_CO2+Frac_AN*EF_min_fert_AN_CO2)/INDEX(Crop_data,MATCH(A12,Crop_data_codes,0),6),"") -> #REF! | G12: =IF(D12="YES",EF_capital_goods_CO2,"") -> #REF! | H12: =IF(D12="Yes",INDEX(Soil_carbon_data,MATCH(C12,Soil_carbon_categories,0),2),"") -> #REF! | J12: =IF(D12="YES",INDEX(Crop_data,MATCH(A12,Crop_data_codes,0),11)*Heating_value_diesel*EF_diesel_CO2/INDEX(Crop_data,MATCH(A12,Crop_data_codes,0),6),"") -> #REF! | L12: =IF(D12="YES",INDEX(Crop_data,MATCH(A12,Crop_data_codes,0),12)*EF_irrigation_CO2/INDEX(Crop_data,MATCH(A12,Crop_data_codes,0),6),"") -> #REF! | M12: =IF(D12="Yes",INDEX(Post_harvest_energy_data,MATCH(C12,Post_harvest_energy_categories,0),2)*EF_heating_oil_CO2+INDEX(Post_harvest_energy_data,MATCH(C12,Post_harvest_energy_categories,0),3)*EF_electricity_CO2+INDEX(Post_harvest_energy_data,MATCH(C12,Post_harvest_energy_categories,0),4)*EF_chips_CO2,"") -> #REF!
A13: 01312 | B13: =INDEX(Crop_data,MATCH(A13,Crop_data_codes,0),2) -> #REF! | C13: =INDEX(Crop_data,MATCH(A13,Crop_data_codes,0),3) -> #REF! | D13: =INDEX(Crop_data,MATCH(A13,Crop_data_codes,0),4) -> #REF! | E13: =IF(D13="Yes", SUM(F13:N13),"") -> #REF! | F13: =IF(D13="YES",INDEX(Crop_data,MATCH(A13,Crop_data_codes,0),7)*(Frac_BAT*EF_min_fert_BAT_CO2+Frac_AN*EF_min_fert_AN_CO2)/INDEX(Crop_data,MATCH(A13,Crop_data_codes,0),6),"") -> #REF! | G13: =IF(D13="YES",EF_capital_goods_CO2,"") -> #REF! | H13: =IF(D13="Yes",INDEX(Soil_carbon_data,MATCH(C13,Soil_carbon_categories,0),2),"") -> #REF! | J13: =IF(D13="YES",INDEX(Crop_data,MATCH(A13,Crop_data_codes,0),11)*Heating_value_diesel*EF_diesel_CO2/INDEX(Crop_data,MATCH(A13,Crop_data_codes,0),6),"") -> #REF! | L13: =IF(D13="YES",INDEX(Crop_data,MATCH(A13,Crop_data_codes,0),12)*EF_irrigation_CO2/INDEX(Crop_data,MATCH(A13,Crop_data_codes,0),6),"") -> #REF! | M13: =IF(D13="Yes",INDEX(Post_harvest_energy_data,MATCH(C13,Post_harvest_energy_categories,0),2)*EF_heating_oil_CO2+INDEX(Post_harvest_energy_data,MATCH(C13,Post_harvest_energy_categories,0),3)*EF_electricity_CO2+INDEX(Post_harvest_energy_data,MATCH(C13,Post_harvest_energy_categories,0),4)*EF_chips_CO2,"") -> #REF!
A14: 0115 | B14: =INDEX(Crop_data,MATCH(A14,Crop_data_codes,0),2) -> #REF! | C14: =INDEX(Crop_data,MATCH(A14,Crop_data_codes,0),3) -> #REF! | D14: =INDEX(Crop_data,MATCH(A14,Crop_data_codes,0),4) -> #REF! | E14: =IF(D14="Yes", SUM(F14:N14),"") -> #REF! | F14: =IF(D14="YES",INDEX(Crop_data,MATCH(A14,Crop_data_codes,0),7)*(Frac_BAT*EF_min_fert_BAT_CO2+Frac_AN*EF_min_fert_AN_CO2)/INDEX(Crop_data,MATCH(A14,Crop_data_codes,0),6),"") -> #REF! | G14: =IF(D14="YES",EF_capital_goods_CO2,"") -> #REF! | H14: =IF(D14="Yes",INDEX(Soil_carbon_data,MATCH(C14,Soil_carbon_categories,0),2),"") -> #REF! | J14: =IF(D14="YES",INDEX(Crop_data,MATCH(A14,Crop_data_codes,0),11)*Heating_value_diesel*EF_diesel_CO2/INDEX(Crop_data,MATCH(A14,Crop_data_codes,0),6),"") -> #REF! | L14: =IF(D14="YES",INDEX(Crop_data,MATCH(A14,Crop_data_codes,0),12)*EF_irrigation_CO2/INDEX(Crop_data,MATCH(A14,Crop_data_codes,0),6),"") -> #REF! | M14: =IF(D14="Yes",INDEX(Post_harvest_energy_data,MATCH(C14,Post_harvest_energy_categories,0),2)*EF_heating_oil_CO2+INDEX(Post_harvest_energy_data,MATCH(C14,Post_harvest_energy_categories,0),3)*EF_electricity_CO2+INDEX(Post_harvest_energy_data,MATCH(C14,Post_harvest_energy_categories,0),4)*EF_chips_CO2,"") -> #REF!
A15: 0115_s | B15: =INDEX(Crop_data,MATCH(A15,Crop_data_codes,0),2) -> #REF! | C15: =INDEX(Crop_data,MATCH(A15,Crop_data_codes,0),3) -> #REF! | D15: =INDEX(Crop_data,MATCH(A15,Crop_data_codes,0),4) -> #REF! | E15: =IF(D15="Yes", SUM(F15:N15),"") -> #REF! | F15: =IF(D15="YES",INDEX(Crop_data,MATCH(A15,Crop_data_codes,0),7)*(Frac_BAT*EF_min_fert_BAT_CO2+Frac_AN*EF_min_fert_AN_CO2)/INDEX(Crop_data,MATCH(A15,Crop_data_codes,0),6),"") -> #REF! | G15: =IF(D15="YES",EF_capital_goods_CO2,"") -> #REF! | H15: =IF(D15="Yes",INDEX(Soil_carbon_data,MATCH(C15,Soil_carbon_categories,0),2),"") -> #REF! | J15: =IF(D15="YES",INDEX(Crop_data,MATCH(A15,Crop_data_codes,0),11)*Heating_value_diesel*EF_diesel_CO2/INDEX(Crop_data,MATCH(A15,Crop_data_codes,0),6),"") -> #REF! | L15: =IF(D15="YES",INDEX(Crop_data,MATCH(A15,Crop_data_codes,0),12)*EF_irrigation_CO2/INDEX(Crop_data,MATCH(A15,Crop_data_codes,0),6),"") -> #REF! | M15: =IF(D15="Yes",INDEX(Post_harvest_energy_data,MATCH(C15,Post_harvest_energy_categories,0),2)*EF_heating_oil_CO2+INDEX(Post_harvest_energy_data,MATCH(C15,Post_harvest_energy_categories,0),3)*EF_electricity_CO2+INDEX(Post_harvest_energy_data,MATCH(C15,Post_harvest_energy_categories,0),4)*EF_chips_CO2,"") -> #REF!
A16: 0115_w | B16: =INDEX(Crop_data,MATCH(A16,Crop_data_codes,0),2) -> #REF! | C16: =INDEX(Crop_data,MATCH(A16,Crop_data_codes,0),3) -> #REF! | D16: =INDEX(Crop_data,MATCH(A16,Crop_data_codes,0),4) -> #REF! | E16: =IF(D16="Yes", SUM(F16:N16),"") -> #REF! | F16: =IF(D16="YES",INDEX(Crop_data,MATCH(A16,Crop_data_codes,0),7)*(Frac_BAT*EF_min_fert_BAT_CO2+Frac_AN*EF_min_fert_AN_CO2)/INDEX(Crop_data,MATCH(A16,Crop_data_codes,0),6),"") -> #REF! | G16: =IF(D16="YES",EF_capital_goods_CO2,"") -> #REF! | H16: =IF(D16="Yes",INDEX(Soil_carbon_data,MATCH(C16,Soil_carbon_categories,0),2),"") -> #REF! | J16: =IF(D16="YES",INDEX(Crop_data,MATCH(A16,Crop_data_codes,0),11)*Heating_value_diesel*EF_diesel_CO2/INDEX(Crop_data,MATCH(A16,Crop_data_codes,0),6),"") -> #REF! | L16: =IF(D16="YES",INDEX(Crop_data,MATCH(A16,Crop_data_codes,0),12)*EF_irrigation_CO2/INDEX(Crop_data,MATCH(A16,Crop_data_codes,0),6),"") -> #REF! | M16: =IF(D16="Yes",INDEX(Post_harvest_energy_data,MATCH(C16,Post_harvest_energy_categories,0),2)*EF_heating_oil_CO2+INDEX(Post_harvest_energy_data,MATCH(C16,Post_harvest_energy_categories,0),3)*EF_electricity_CO2+INDEX(Post_harvest_energy_data,MATCH(C16,Post_harvest_energy_categories,0),4)*EF_chips_CO2,"") -> #REF!
A17: 01701 | B17: =INDEX(Crop_data,MATCH(A17,Crop_data_codes,0),2) -> #REF! | C17: =INDEX(Crop_data,MATCH(A17,Crop_data_codes,0),3) -> #REF! | D17: =INDEX(Crop_data,MATCH(A17,Crop_data_codes,0),4) -> #REF! | E17: =IF(D17="Yes", SUM(F17:N17),"") -> #REF! | F17: =IF(D17="YES",INDEX(Crop_data,MATCH(A17,Crop_data_codes,0),7)*(Frac_BAT*EF_min_fert_BAT_CO2+Frac_AN*EF_min_fert_AN_CO2)/INDEX(Crop_data,MATCH(A17,Crop_data_codes,0),6),"") -> #REF! | G17: =IF(D17="YES",EF_capital_goods_CO2,"") -> #REF! | H17: =IF(D17="Yes",INDEX(Soil_carbon_data,MATCH(C17,Soil_carbon_categories,0),2),"") -> #REF! | J17: =IF(D17="YES",INDEX(Crop_data,MATCH(A17,Crop_data_codes,0),11)*Heating_value_diesel*EF_diesel_CO2/INDEX(Crop_data,MATCH(A17,Crop_data_codes,0),6),"") -> #REF! | L17: =IF(D17="YES",INDEX(Crop_data,MATCH(A17,Crop_data_codes,0),12)*EF_irrigation_CO2/INDEX(Crop_data,MATCH(A17,Crop_data_codes,0),6),"") -> #REF! | M17: =IF(D17="Yes",INDEX(Post_harvest_energy_data,MATCH(C17,Post_harvest_energy_categories,0),2)*EF_heating_oil_CO2+INDEX(Post_harvest_energy_data,MATCH(C17,Post_harvest_energy_categories,0),3)*EF_electricity_CO2+INDEX(Post_harvest_energy_data,MATCH(C17,Post_harvest_energy_categories,0),4)*EF_chips_CO2,"") -> #REF!
... A37: 01610 | B37: =INDEX(Crop_data,MATCH(A37,Crop_data_codes,0),2) -> #REF! | C37: =INDEX(Crop_data,MATCH(A37,Crop_data_codes,0),3) -> #REF! | D37: =INDEX(Crop_data,MATCH(A37,Crop_data_codes,0),4) -> #REF! | E37: =IF(D37="Yes", SUM(F37:N37),"") -> #REF! | F37: =IF(D37="YES",INDEX(Crop_data,MATCH(A37,Crop_data_codes,0),7)*(Frac_BAT*EF_min_fert_BAT_CO2+Frac_AN*EF_min_fert_AN_CO2)/INDEX(Crop_data,MATCH(A37,Crop_data_codes,0),6),"") -> #REF! | G37: =IF(D37="YES",EF_capital_goods_CO2,"") -> #REF! | H37: =IF(D37="Yes",INDEX(Soil_carbon_data,MATCH(C37,Soil_carbon_categories,0),2),"") -> #REF! | J37: =IF(D37="YES",INDEX(Crop_data,MATCH(A37,Crop_data_codes,0),11)*Heating_value_diesel*EF_diesel_CO2/INDEX(Crop_data,MATCH(A37,Crop_data_codes,0),6),"") -> #REF! | L37: =IF(D37="YES",INDEX(Crop_data,MATCH(A37,Crop_data_codes,0),12)*EF_irrigation_CO2/INDEX(Crop_data,MATCH(A37,Crop_data_codes,0),6),"") -> #REF! | M37: =IF(D37="Yes",INDEX(Post_harvest_energy_data,MATCH(C37,Post_harvest_energy_categories,0),2)*EF_heating_oil_CO2+INDEX(Post_harvest_energy_data,MATCH(C37,Post_harvest_energy_categories,0),3)*EF_electricity_CO2+INDEX(Post_harvest_energy_data,MATCH(C37,Post_harvest_energy_categories,0),4)*EF_chips_CO2,"") -> #REF!
A38: 01232 | B38: =INDEX(Crop_data,MATCH(A38,Crop_data_codes,0),2) -> #REF! | C38: =INDEX(Crop_data,MATCH(A38,Crop_data_codes,0),3) -> #REF! | D38: =INDEX(Crop_data,MATCH(A38,Crop_data_codes,0),4) -> #REF! | E38: =IF(D38="Yes", SUM(F38:N38),"") -> #REF! | F38: =IF(D38="YES",INDEX(Crop_data,MATCH(A38,Crop_data_codes,0),7)*(Frac_BAT*EF_min_fert_BAT_CO2+Frac_AN*EF_min_fert_AN_CO2)/INDEX(Crop_data,MATCH(A38,Crop_data_codes,0),6),"") -> #REF! | G38: =IF(D38="YES",EF_capital_goods_CO2,"") -> #REF! | H38: =IF(D38="Yes",INDEX(Soil_carbon_data,MATCH(C38,Soil_carbon_categories,0),2),"") -> #REF! | J38: =IF(D38="YES",INDEX(Crop_data,MATCH(A38,Crop_data_codes,0),11)*Heating_value_diesel*EF_diesel_CO2/INDEX(Crop_data,MATCH(A38,Crop_data_codes,0),6),"") -> #REF! | K38: =Energy!B21/INDEX(Crop_data,MATCH(A38,Crop_data_codes,0),6)*INDEX(Crop_data,MATCH(A38,Crop_data_codes,0),5)/100 -> #REF! | L38: =IF(D38="YES",INDEX(Crop_data,MATCH(A38,Crop_data_codes,0),12)*EF_irrigation_CO2/INDEX(Crop_data,MATCH(A38,Crop_data_codes,0),6),"") -> #REF! | M38: =IF(D38="Yes",INDEX(Post_harvest_energy_data,MATCH(C38,Post_harvest_energy_categories,0),2)*EF_heating_oil_CO2+INDEX(Post_harvest_energy_data,MATCH(C38,Post_harvest_energy_categories,0),3)*EF_electricity_CO2+INDEX(Post_harvest_energy_data,MATCH(C38,Post_harvest_energy_categories,0),4)*EF_chips_CO2,"") -> #REF!
A39: 01232_gh | B39: =INDEX(Crop_data,MATCH(A39,Crop_data_codes,0),2) -> #REF! | C39: =INDEX(Crop_data,MATCH(A39,Crop_data_codes,0),3) -> #REF! | D39: =INDEX(Crop_data,MATCH(A39,Crop_data_codes,0),4) -> #REF! | E39: =IF(D39="Yes", SUM(F39:N39),"") -> #REF! | F39: =IF(D39="YES",INDEX(Crop_data,MATCH(A39,Crop_data_codes,0),7)*(Frac_BAT*EF_min_fert_BAT_CO2+Frac_AN*EF_min_fert_AN_CO2)/INDEX(Crop_data,MATCH(A39,Crop_data_codes,0),6),"") -> #REF! | G39: =IF(D39="YES",EF_capital_goods_CO2,"") -> #REF! | H39: =IF(D39="Yes",INDEX(Soil_carbon_data,MATCH(C39,Soil_carbon_categories,0),2),"") -> #REF! | K39: =Energy!B21/INDEX(Crop_data,MATCH(A38,Crop_data_codes,0),6) -> #REF! | L39: =IF(D39="YES",INDEX(Crop_data,MATCH(A39,Crop_data_codes,0),12)*EF_irrigation_CO2/INDEX(Crop_data,MATCH(A39,Crop_data_codes,0),6),"") -> #REF! | M39: =IF(D39="Yes",INDEX(Post_harvest_energy_data,MATCH(C39,Post_harvest_energy_categories,0),2)*EF_heating_oil_CO2+INDEX(Post_harvest_energy_data,MATCH(C39,Post_harvest_energy_categories,0),3)*EF_electricity_CO2+INDEX(Post_harvest_energy_data,MATCH(C39,Post_harvest_energy_categories,0),4)*EF_chips_CO2,"") -> #REF!
A40: 01232_of | B40: =INDEX(Crop_data,MATCH(A40,Crop_data_codes,0),2) -> #REF! | C40: =INDEX(Crop_data,MATCH(A40,Crop_data_codes,0),3) -> #REF! | D40: =INDEX(Crop_data,MATCH(A40,Crop_data_codes,0),4) -> #REF! | E40: =IF(D40="Yes", SUM(F40:N40),"") -> #REF! | F40: =IF(D40="YES",INDEX(Crop_data,MATCH(A40,Crop_data_codes,0),7)*(Frac_BAT*EF_min_fert_BAT_CO2+Frac_AN*EF_min_fert_AN_CO2)/INDEX(Crop_data,MATCH(A40,Crop_data_codes,0),6),"") -> #REF! | G40: =IF(D40="YES",EF_capital_goods_CO2,"") -> #REF! | H40: =IF(D40="Yes",INDEX(Soil_carbon_data,MATCH(C40,Soil_carbon_categories,0),2),"") -> #REF! | J40: =IF(D40="YES",INDEX(Crop_data,MATCH(A40,Crop_data_codes,0),11)*Heating_value_diesel*EF_diesel_CO2/INDEX(Crop_data,MATCH(A40,Crop_data_codes,0),6),"") -> #REF! | L40: =IF(D40="YES",INDEX(Crop_data,MATCH(A40,Crop_data_codes,0),12)*EF_irrigation_CO2/INDEX(Crop_data,MATCH(A40,Crop_data_codes,0),6),"") -> #REF! | M40: =IF(D40="Yes",INDEX(Post_harvest_energy_data,MATCH(C40,Post_harvest_energy_categories,0),2)*EF_heating_oil_CO2+INDEX(Post_harvest_energy_data,MATCH(C40,Post_harvest_energy_categories,0),3)*EF_electricity_CO2+INDEX(Post_harvest_energy_data,MATCH(C40,Post_harvest_energy_categories,0),4)*EF_chips_CO2,"") -> #REF!
A41: 01351.01 | B41: =INDEX(Crop_data,MATCH(A41,Crop_data_codes,0),2) -> #REF! | C41: =INDEX(Crop_data,MATCH(A41,Crop_data_codes,0),3) -> #REF! | D41: =INDEX(Crop_data,MATCH(A41,Crop_data_codes,0),4) -> #REF! | E41: =IF(D41="Yes", SUM(F41:N41),"") -> #REF! | F41: =IF(D41="YES",INDEX(Crop_data,MATCH(A41,Crop_data_codes,0),7)*(Frac_BAT*EF_min_fert_BAT_CO2+Frac_AN*EF_min_fert_AN_CO2)/INDEX(Crop_data,MATCH(A41,Crop_data_codes,0),6),"") -> #REF! | G41: =IF(D41="YES",EF_capital_goods_CO2,"") -> #REF! | H41: =IF(D41="Yes",INDEX(Soil_carbon_data,MATCH(C41,Soil_carbon_categories,0),2),"") -> #REF! | J41: =IF(D41="YES",INDEX(Crop_data,MATCH(A41,Crop_data_codes,0),11)*Heating_value_diesel*EF_diesel_CO2/INDEX(Crop_data,MATCH(A41,Crop_data_codes,0),6),"") -> #REF! | L41: =IF(D41="YES",INDEX(Crop_data,MATCH(A41,Crop_data_codes,0),12)*EF_irrigation_CO2/INDEX(Crop_data,MATCH(A41,Crop_data_codes,0),6),"") -> #REF! | M41: =IF(D41="Yes",INDEX(Post_harvest_energy_data,MATCH(C41,Post_harvest_energy_categories,0),2)*EF_heating_oil_CO2+INDEX(Post_harvest_energy_data,MATCH(C41,Post_harvest_energy_categories,0),3)*EF_electricity_CO2+INDEX(Post_harvest_energy_data,MATCH(C41,Post_harvest_energy_categories,0),4)*EF_chips_CO2,"") -> #REF!
A42: 01314 | B42: =INDEX(Crop_data,MATCH(A42,Crop_data_codes,0),2) -> #REF! | C42: =INDEX(Crop_data,MATCH(A42,Crop_data_codes,0),3) -> #REF! | D42: =INDEX(Crop_data,MATCH(A42,Crop_data_codes,0),4) -> #REF! | E42: =IF(D42="Yes", SUM(F42:N42),"") -> #REF! | F42: =IF(D42="YES",INDEX(Crop_data,MATCH(A42,Crop_data_codes,0),7)*(Frac_BAT*EF_min_fert_BAT_CO2+Frac_AN*EF_min_fert_AN_CO2)/INDEX(Crop_data,MATCH(A42,Crop_data_codes,0),6),"") -> #REF! | G42: =IF(D42="YES",EF_capital_goods_CO2,"") -> #REF! | H42: =IF(D42="Yes",INDEX(Soil_carbon_data,MATCH(C42,Soil_carbon_categories,0),2),"") -> #REF! | J42: =IF(D42="YES",INDEX(Crop_data,MATCH(A42,Crop_data_codes,0),11)*Heating_value_diesel*EF_diesel_CO2/INDEX(Crop_data,MATCH(A42,Crop_data_codes,0),6),"") -> #REF! | L42: =IF(D42="YES",INDEX(Crop_data,MATCH(A42,Crop_data_codes,0),12)*EF_irrigation_CO2/INDEX(Crop_data,MATCH(A42,Crop_data_codes,0),6),"") -> #REF! | M42: =IF(D42="Yes",INDEX(Post_harvest_energy_data,MATCH(C42,Post_harvest_energy_categories,0),2)*EF_heating_oil_CO2+INDEX(Post_harvest_energy_data,MATCH(C42,Post_harvest_energy_categories,0),3)*EF_electricity_CO2+INDEX(Post_harvest_energy_data,MATCH(C42,Post_harvest_energy_categories,0),4)*EF_chips_CO2,"") -> #REF!
A43: 01599.10 | B43: =INDEX(Crop_data,MATCH(A43,Crop_data_codes,0),2) -> #REF! | C43: =INDEX(Crop_data,MATCH(A43,Crop_data_codes,0),3) -> #REF! | D43: =INDEX(Crop_data,MATCH(A43,Crop_data_codes,0),4) -> #REF! | E43: =IF(D43="Yes", SUM(F43:N43),"") -> #REF! | F43: =IF(D43="YES",INDEX(Crop_data,MATCH(A43,Crop_data_codes,0),7)*(Frac_BAT*EF_min_fert_BAT_CO2+Frac_AN*EF_min_fert_AN_CO2)/INDEX(Crop_data,MATCH(A43,Crop_data_codes,0),6),"") -> #REF! | G43: =IF(D43="YES",EF_capital_goods_CO2,"") -> #REF! | H43: =IF(D43="Yes",INDEX(Soil_carbon_data,MATCH(C43,Soil_carbon_categories,0),2),"") -> #REF! | J43: =IF(D43="YES",INDEX(Crop_data,MATCH(A43,Crop_data_codes,0),11)*Heating_value_diesel*EF_diesel_CO2/INDEX(Crop_data,MATCH(A43,Crop_data_codes,0),6),"") -> #REF! | L43: =IF(D43="YES",INDEX(Crop_data,MATCH(A43,Crop_data_codes,0),12)*EF_irrigation_CO2/INDEX(Crop_data,MATCH(A43,Crop_data_codes,0),6),"") -> #REF! | M43: =IF(D43="Yes",INDEX(Post_harvest_energy_data,MATCH(C43,Post_harvest_energy_categories,0),2)*EF_heating_oil_CO2+INDEX(Post_harvest_energy_data,MATCH(C43,Post_harvest_energy_categories,0),3)*EF_electricity_CO2+INDEX(Post_harvest_energy_data,MATCH(C43,Post_harvest_energy_categories,0),4)*EF_chips_CO2,"") -> #REF!
A44: 01233 | B44: =INDEX(Crop_data,MATCH(A44,Crop_data_codes,0),2) -> #REF! | C44: =INDEX(Crop_data,MATCH(A44,Crop_data_codes,0),3) -> #REF! | D44: =INDEX(Crop_data,MATCH(A44,Crop_data_codes,0),4) -> #REF! | E44: =IF(D44="Yes", SUM(F44:N44),"") -> #REF! | F44: =IF(D44="YES",INDEX(Crop_data,MATCH(A44,Crop_data_codes,0),7)*(Frac_BAT*EF_min_fert_BAT_CO2+Frac_AN*EF_min_fert_AN_CO2)/INDEX(Crop_data,MATCH(A44,Crop_data_codes,0),6),"") -> #REF! | G44: =IF(D44="YES",EF_capital_goods_CO2,"") -> #REF! | H44: =IF(D44="Yes",INDEX(Soil_carbon_data,MATCH(C44,Soil_carbon_categories,0),2),"") -> #REF! | J44: =IF(D44="YES",INDEX(Crop_data,MATCH(A44,Crop_data_codes,0),11)*Heating_value_diesel*EF_diesel_CO2/INDEX(Crop_data,MATCH(A44,Crop_data_codes,0),6),"") -> #REF! | L44: =IF(D44="YES",INDEX(Crop_data,MATCH(A44,Crop_data_codes,0),12)*EF_irrigation_CO2/INDEX(Crop_data,MATCH(A44,Crop_data_codes,0),6),"") -> #REF! | M44: =IF(D44="Yes",INDEX(Post_harvest_energy_data,MATCH(C44,Post_harvest_energy_categories,0),2)*EF_heating_oil_CO2+INDEX(Post_harvest_energy_data,MATCH(C44,Post_harvest_energy_categories,0),3)*EF_electricity_CO2+INDEX(Post_harvest_energy_data,MATCH(C44,Post_harvest_energy_categories,0),4)*EF_chips_CO2,"") -> #REF!
A45: 01315 | B45: =INDEX(Crop_data,MATCH(A45,Crop_data_codes,0),2) -> #REF! | C45: =INDEX(Crop_data,MATCH(A45,Crop_data_codes,0),3) -> #REF! | D45: =INDEX(Crop_data,MATCH(A45,Crop_data_codes,0),4) -> #REF! | E45: =IF(D45="Yes", SUM(F45:N45),"") -> #REF! | F45: =IF(D45="YES",INDEX(Crop_data,MATCH(A45,Crop_data_codes,0),7)*(Frac_BAT*EF_min_fert_BAT_CO2+Frac_AN*EF_min_fert_AN_CO2)/INDEX(Crop_data,MATCH(A45,Crop_data_codes,0),6),"") -> #REF! | G45: =IF(D45="YES",EF_capital_goods_CO2,"") -> #REF! | H45: =IF(D45="Yes",INDEX(Soil_carbon_data,MATCH(C45,Soil_carbon_categories,0),2),"") -> #REF! | J45: =IF(D45="YES",INDEX(Crop_data,MATCH(A45,Crop_data_codes,0),11)*Heating_value_diesel*EF_diesel_CO2/INDEX(Crop_data,MATCH(A45,Crop_data_codes,0),6),"") -> #REF! | L45: =IF(D45="YES",INDEX(Crop_data,MATCH(A45,Crop_data_codes,0),12)*EF_irrigation_CO2/INDEX(Crop_data,MATCH(A45,Crop_data_codes,0),6),"") -> #REF! | M45: =IF(D45="Yes",INDEX(Post_harvest_energy_data,MATCH(C45,Post_harvest_energy_categories,0),2)*EF_heating_oil_CO2+INDEX(Post_harvest_energy_data,MATCH(C45,Post_harvest_energy_categories,0),3)*EF_electricity_CO2+INDEX(Post_harvest_energy_data,MATCH(C45,Post_harvest_energy_categories,0),4)*EF_chips_CO2,"") -> #REF!
A46: 01351.02 | B46: =INDEX(Crop_data,MATCH(A46,Crop_data_codes,0),2) -> #REF! | C46: =INDEX(Crop_data,MATCH(A46,Crop_data_codes,0),3) -> #REF! | D46: =INDEX(Crop_data,MATCH(A46,Crop_data_codes,0),4) -> #REF! | E46: =IF(D46="Yes", SUM(F46:N46),"") -> #REF! | F46: =IF(D46="YES",INDEX(Crop_data,MATCH(A46,Crop_data_codes,0),7)*(Frac_BAT*EF_min_fert_BAT_CO2+Frac_AN*EF_min_fert_AN_CO2)/INDEX(Crop_data,MATCH(A46,Crop_data_codes,0),6),"") -> #REF! | G46: =IF(D46="YES",EF_capital_goods_CO2,"") -> #REF! | H46: =IF(D46="Yes",INDEX(Soil_carbon_data,MATCH(C46,Soil_carbon_categories,0),2),"") -> #REF! | J46: =IF(D46="YES",INDEX(Crop_data,MATCH(A46,Crop_data_codes,0),11)*Heating_value_diesel*EF_diesel_CO2/INDEX(Crop_data,MATCH(A46,Crop_data_codes,0),6),"") -> #REF! | L46: =IF(D46="YES",INDEX(Crop_data,MATCH(A46,Crop_data_codes,0),12)*EF_irrigation_CO2/INDEX(Crop_data,MATCH(A46,Crop_data_codes,0),6),"") -> #REF! | M46: =IF(D46="Yes",INDEX(Post_harvest_energy_data,MATCH(C46,Post_harvest_energy_categories,0),2)*EF_heating_oil_CO2+INDEX(Post_harvest_energy_data,MATCH(C46,Post_harvest_energy_categories,0),3)*EF_electricity_CO2+INDEX(Post_harvest_energy_data,MATCH(C46,Post_harvest_energy_categories,0),4)*EF_chips_CO2,"") -> #REF!
A47: 01330 | B47: =INDEX(Crop_data,MATCH(A47,Crop_data_codes,0),2) -> #REF! | C47: =INDEX(Crop_data,MATCH(A47,Crop_data_codes,0),3) -> #REF! | D47: =INDEX(Crop_data,MATCH(A47,Crop_data_codes,0),4) -> #REF! | E47: =IF(D47="Yes", SUM(F47:N47),"") -> #REF! | F47: =IF(D47="YES",INDEX(Crop_data,MATCH(A47,Crop_data_codes,0),7)*(Frac_BAT*EF_min_fert_BAT_CO2+Frac_AN*EF_min_fert_AN_CO2)/INDEX(Crop_data,MATCH(A47,Crop_data_codes,0),6),"") -> #REF! | G47: =IF(D47="YES",EF_capital_goods_CO2,"") -> #REF! | H47: =IF(D47="Yes",INDEX(Soil_carbon_data,MATCH(C47,Soil_carbon_categories,0),2),"") -> #REF! | J47: =IF(D47="YES",INDEX(Crop_data,MATCH(A47,Crop_data_codes,0),11)*Heating_value_diesel*EF_diesel_CO2/INDEX(Crop_data,MATCH(A47,Crop_data_codes,0),6),"") -> #REF! | L47: =IF(D47="YES",INDEX(Crop_data,MATCH(A47,Crop_data_codes,0),12)*EF_irrigation_CO2/INDEX(Crop_data,MATCH(A47,Crop_data_codes,0),6),"") -> #REF! | M47: =IF(D47="Yes",INDEX(Post_harvest_energy_data,MATCH(C47,Post_harvest_energy_categories,0),2)*EF_heating_oil_CO2+INDEX(Post_harvest_energy_data,MATCH(C47,Post_harvest_energy_categories,0),3)*EF_electricity_CO2+INDEX(Post_harvest_energy_data,MATCH(C47,Post_harvest_energy_categories,0),4)*EF_chips_CO2,"") -> #REF!
A48: 01290.01 | B48: =INDEX(Crop_data,MATCH(A48,Crop_data_codes,0),2) -> #REF! | C48: =INDEX(Crop_data,MATCH(A48,Crop_data_codes,0),3) -> #REF! | D48: =INDEX(Crop_data,MATCH(A48,Crop_data_codes,0),4) -> #REF! | E48: =IF(D48="Yes", SUM(F48:N48),"") -> #REF! | F48: =IF(D48="YES",INDEX(Crop_data,MATCH(A48,Crop_data_codes,0),7)*(Frac_BAT*EF_min_fert_BAT_CO2+Frac_AN*EF_min_fert_AN_CO2)/INDEX(Crop_data,MATCH(A48,Crop_data_codes,0),6),"") -> #REF! | G48: =IF(D48="YES",EF_capital_goods_CO2,"") -> #REF! | H48: =IF(D48="Yes",INDEX(Soil_carbon_data,MATCH(C48,Soil_carbon_categories,0),2),"") -> #REF! | J48: =IF(D48="YES",INDEX(Crop_data,MATCH(A48,Crop_data_codes,0),11)*Heating_value_diesel*EF_diesel_CO2/INDEX(Crop_data,MATCH(A48,Crop_data_codes,0),6),"") -> #REF! | L48: =IF(D48="YES",INDEX(Crop_data,MATCH(A48,Crop_data_codes,0),12)*EF_irrigation_CO2/INDEX(Crop_data,MATCH(A48,Crop_data_codes,0),6),"") -> #REF! | M48: =IF(D48="Yes",INDEX(Post_harvest_energy_data,MATCH(C48,Post_harvest_energy_categories,0),2)*EF_heating_oil_CO2+INDEX(Post_harvest_energy_data,MATCH(C48,Post_harvest_energy_categories,0),3)*EF_electricity_CO2+INDEX(Post_harvest_energy_data,MATCH(C48,Post_harvest_energy_categories,0),4)*EF_chips_CO2,"") -> #REF!
A49: 01252 | B49: =INDEX(Crop_data,MATCH(A49,Crop_data_codes,0),2) -> #REF! | C49: =INDEX(Crop_data,MATCH(A49,Crop_data_codes,0),3) -> #REF! | D49: =INDEX(Crop_data,MATCH(A49,Crop_data_codes,0),4) -> #REF! | E49: =IF(D49="Yes", SUM(F49:N49),"") -> #REF! | F49: =IF(D49="YES",INDEX(Crop_data,MATCH(A49,Crop_data_codes,0),7)*(Frac_BAT*EF_min_fert_BAT_CO2+Frac_AN*EF_min_fert_AN_CO2)/INDEX(Crop_data,MATCH(A49,Crop_data_codes,0),6),"") -> #REF! | G49: =IF(D49="YES",EF_capital_goods_CO2,"") -> #REF! | H49: =IF(D49="Yes",INDEX(Soil_carbon_data,MATCH(C49,Soil_carbon_categories,0),2),"") -> #REF! | J49: =IF(D49="YES",INDEX(Crop_data,MATCH(A49,Crop_data_codes,0),11)*Heating_value_diesel*EF_diesel_CO2/INDEX(Crop_data,MATCH(A49,Crop_data_codes,0),6),"") -> #REF! | L49: =IF(D49="YES",INDEX(Crop_data,MATCH(A49,Crop_data_codes,0),12)*EF_irrigation_CO2/INDEX(Crop_data,MATCH(A49,Crop_data_codes,0),6),"") -> #REF! | M49: =IF(D49="Yes",INDEX(Post_harvest_energy_data,MATCH(C49,Post_harvest_energy_categories,0),2)*EF_heating_oil_CO2+INDEX(Post_harvest_energy_data,MATCH(C49,Post_harvest_energy_categories,0),3)*EF_electricity_CO2+INDEX(Post_harvest_energy_data,MATCH(C49,Post_harvest_energy_categories,0),4)*EF_chips_CO2,"") -> #REF!
A50: 0142 | B50: =INDEX(Crop_data,MATCH(A50,Crop_data_codes,0),2) -> #REF! | C50: =INDEX(Crop_data,MATCH(A50,Crop_data_codes,0),3) -> #REF! | D50: =INDEX(Crop_data,MATCH(A50,Crop_data_codes,0),4) -> #REF! | E50: =IF(D50="Yes", SUM(F50:N50),"") -> #REF! | F50: =IF(D50="YES",INDEX(Crop_data,MATCH(A50,Crop_data_codes,0),7)*(Frac_BAT*EF_min_fert_BAT_CO2+Frac_AN*EF_min_fert_AN_CO2)/INDEX(Crop_data,MATCH(A50,Crop_data_codes,0),6),"") -> #REF! | G50: =IF(D50="YES",EF_capital_goods_CO2,"") -> #REF! | H50: =IF(D50="Yes",INDEX(Soil_carbon_data,MATCH(C50,Soil_carbon_categories,0),2),"") -> #REF! | J50: =IF(D50="YES",INDEX(Crop_data,MATCH(A50,Crop_data_codes,0),11)*Heating_value_diesel*EF_diesel_CO2/INDEX(Crop_data,MATCH(A50,Crop_data_codes,0),6),"") -> #REF! | L50: =IF(D50="YES",INDEX(Crop_data,MATCH(A50,Crop_data_codes,0),12)*EF_irrigation_CO2/INDEX(Crop_data,MATCH(A50,Crop_data_codes,0),6),"") -> #REF! | M50: =IF(D50="Yes",INDEX(Post_harvest_energy_data,MATCH(C50,Post_harvest_energy_categories,0),2)*EF_heating_oil_CO2+INDEX(Post_harvest_energy_data,MATCH(C50,Post_harvest_energy_categories,0),3)*EF_electricity_CO2+INDEX(Post_harvest_energy_data,MATCH(C50,Post_harvest_energy_categories,0),4)*EF_chips_CO2,"") -> #REF!
A51: 01374 | B51: =INDEX(Crop_data,MATCH(A51,Crop_data_codes,0),2) -> #REF! | C51: =INDEX(Crop_data,MATCH(A51,Crop_data_codes,0),3) -> #REF! | D51: =INDEX(Crop_data,MATCH(A51,Crop_data_codes,0),4) -> #REF! | E51: =IF(D51="Yes", SUM(F51:N51),"") -> #REF! | F51: =IF(D51="YES",INDEX(Crop_data,MATCH(A51,Crop_data_codes,0),7)*(Frac_BAT*EF_min_fert_BAT_CO2+Frac_AN*EF_min_fert_AN_CO2)/INDEX(Crop_data,MATCH(A51,Crop_data_codes,0),6),"") -> #REF! | G51: =IF(D51="YES",EF_capital_goods_CO2,"") -> #REF! | H51: =IF(D51="Yes",INDEX(Soil_carbon_data,MATCH(C51,Soil_carbon_categories,0),2),"") -> #REF! | J51: =IF(D51="YES",INDEX(Crop_data,MATCH(A51,Crop_data_codes,0),11)*Heating_value_diesel*EF_diesel_CO2/INDEX(Crop_data,MATCH(A51,Crop_data_codes,0),6),"") -> #REF! | L51: =IF(D51="YES",INDEX(Crop_data,MATCH(A51,Crop_data_codes,0),12)*EF_irrigation_CO2/INDEX(Crop_data,MATCH(A51,Crop_data_codes,0),6),"") -> #REF! | M51: =IF(D51="Yes",INDEX(Post_harvest_energy_data,MATCH(C51,Post_harvest_energy_categories,0),2)*EF_heating_oil_CO2+INDEX(Post_harvest_energy_data,MATCH(C51,Post_harvest_energy_categories,0),3)*EF_electricity_CO2+INDEX(Post_harvest_energy_data,MATCH(C51,Post_harvest_energy_categories,0),4)*EF_chips_CO2,"") -> #REF!
... A105: 01324 | B105: =INDEX(Crop_data,MATCH(A105,Crop_data_codes,0),2) -> #REF! | C105: =INDEX(Crop_data,MATCH(A105,Crop_data_codes,0),3) -> #REF! | D105: =INDEX(Crop_data,MATCH(A105,Crop_data_codes,0),4) -> #REF! | E105: =IF(D105="Yes", SUM(F105:N105),"") -> #REF! | F105: =IF(D105="YES",INDEX(Crop_data,MATCH(A105,Crop_data_codes,0),7)*(Frac_BAT*EF_min_fert_BAT_CO2+Frac_AN*EF_min_fert_AN_CO2)/INDEX(Crop_data,MATCH(A105,Crop_data_codes,0),6),"") -> #REF! | G105: =IF(D105="YES",EF_capital_goods_CO2,"") -> #REF! | H105: =IF(D105="Yes",INDEX(Soil_carbon_data,MATCH(C105,Soil_carbon_categories,0),2),"") -> #REF! | J105: =IF(D105="YES",INDEX(Crop_data,MATCH(A105,Crop_data_codes,0),11)*Heating_value_diesel*EF_diesel_CO2/INDEX(Crop_data,MATCH(A105,Crop_data_codes,0),6),"") -> #REF! | L105: =IF(D105="YES",INDEX(Crop_data,MATCH(A105,Crop_data_codes,0),12)*EF_irrigation_CO2/INDEX(Crop_data,MATCH(A105,Crop_data_codes,0),6),"") -> #REF! | M105: =IF(D105="Yes",INDEX(Post_harvest_energy_data,MATCH(C105,Post_harvest_energy_categories,0),2)*EF_heating_oil_CO2+INDEX(Post_harvest_energy_data,MATCH(C105,Post_harvest_energy_categories,0),3)*EF_electricity_CO2+INDEX(Post_harvest_energy_data,MATCH(C105,Post_harvest_energy_categories,0),4)*EF_chips_CO2,"") -> #REF!
A106: 01234 | B106: =INDEX(Crop_data,MATCH(A106,Crop_data_codes,0),2) -> #REF! | C106: =INDEX(Crop_data,MATCH(A106,Crop_data_codes,0),3) -> #REF! | D106: =INDEX(Crop_data,MATCH(A106,Crop_data_codes,0),4) -> #REF! | E106: =IF(D106="Yes", SUM(F106:N106),"") -> #REF! | F106: =IF(D106="YES",INDEX(Crop_data,MATCH(A106,Crop_data_codes,0),7)*(Frac_BAT*EF_min_fert_BAT_CO2+Frac_AN*EF_min_fert_AN_CO2)/INDEX(Crop_data,MATCH(A106,Crop_data_codes,0),6),"") -> #REF! | G106: =IF(D106="YES",EF_capital_goods_CO2,"") -> #REF! | J106: =IF(D106="YES",INDEX(Crop_data,MATCH(A106,Crop_data_codes,0),11)*Heating_value_diesel*EF_diesel_CO2/INDEX(Crop_data,MATCH(A106,Crop_data_codes,0),6),"") -> #REF! | K106: =Energy!C21/INDEX(Crop_data,MATCH(A106,Crop_data_codes,0),6)*INDEX(Crop_data,MATCH(A106,Crop_data_codes,0),5)/100 -> #REF! | M106: =IF(D106="Yes",INDEX(Post_harvest_energy_data,MATCH(C106,Post_harvest_energy_categories,0),2)*EF_heating_oil_CO2+INDEX(Post_harvest_energy_data,MATCH(C106,Post_harvest_energy_categories,0),3)*EF_electricity_CO2+INDEX(Post_harvest_energy_data,MATCH(C106,Post_harvest_energy_categories,0),4)*EF_chips_CO2,"") -> #REF!
A107: 01234_gh | B107: =INDEX(Crop_data,MATCH(A107,Crop_data_codes,0),2) -> #REF! | C107: =INDEX(Crop_data,MATCH(A107,Crop_data_codes,0),3) -> #REF! | D107: =INDEX(Crop_data,MATCH(A107,Crop_data_codes,0),4) -> #REF! | E107: =IF(D107="Yes", SUM(F107:N107),"") -> #REF! | F107: =IF(D107="YES",INDEX(Crop_data,MATCH(A107,Crop_data_codes,0),7)*(Frac_BAT*EF_min_fert_BAT_CO2+Frac_AN*EF_min_fert_AN_CO2)/INDEX(Crop_data,MATCH(A107,Crop_data_codes,0),6),"") -> #REF! | G107: =IF(D107="YES",EF_capital_goods_CO2,"") -> #REF! | J107: =IF(D107="YES",INDEX(Crop_data,MATCH(A107,Crop_data_codes,0),11)*Heating_value_diesel*EF_diesel_CO2/INDEX(Crop_data,MATCH(A107,Crop_data_codes,0),6),"") -> #REF! | M107: =IF(D107="Yes",INDEX(Post_harvest_energy_data,MATCH(C107,Post_harvest_energy_categories,0),2)*EF_heating_oil_CO2+INDEX(Post_harvest_energy_data,MATCH(C107,Post_harvest_energy_categories,0),3)*EF_electricity_CO2+INDEX(Post_harvest_energy_data,MATCH(C107,Post_harvest_energy_categories,0),4)*EF_chips_CO2,"") -> #REF!
A108: 01234_of | B108: =INDEX(Crop_data,MATCH(A108,Crop_data_codes,0),2) -> #REF! | C108: =INDEX(Crop_data,MATCH(A108,Crop_data_codes,0),3) -> #REF! | D108: =INDEX(Crop_data,MATCH(A108,Crop_data_codes,0),4) -> #REF! | E108: =IF(D108="Yes", SUM(F108:N108),"") -> #REF! | F108: =IF(D108="YES",INDEX(Crop_data,MATCH(A108,Crop_data_codes,0),7)*(Frac_BAT*EF_min_fert_BAT_CO2+Frac_AN*EF_min_fert_AN_CO2)/INDEX(Crop_data,MATCH(A108,Crop_data_codes,0),6),"") -> #REF! | G108: =IF(D108="YES",EF_capital_goods_CO2,"") -> #REF! | H108: =IF(D108="Yes",INDEX(Soil_carbon_data,MATCH(C108,Soil_carbon_categories,0),2),"") -> #REF! | J108: =IF(D108="YES",INDEX(Crop_data,MATCH(A108,Crop_data_codes,0),11)*Heating_value_diesel*EF_diesel_CO2/INDEX(Crop_data,MATCH(A108,Crop_data_codes,0),6),"") -> #REF! | L108: =IF(D108="YES",INDEX(Crop_data,MATCH(A108,Crop_data_codes,0),12)*EF_irrigation_CO2/INDEX(Crop_data,MATCH(A108,Crop_data_codes,0),6),"") -> #REF! | M108: =IF(D108="Yes",INDEX(Post_harvest_energy_data,MATCH(C108,Post_harvest_energy_categories,0),2)*EF_heating_oil_CO2+INDEX(Post_harvest_energy_data,MATCH(C108,Post_harvest_energy_categories,0),3)*EF_electricity_CO2+INDEX(Post_harvest_energy_data,MATCH(C108,Post_harvest_energy_categories,0),4)*EF_chips_CO2,"") -> #REF!
A109: 01191 | B109: =INDEX(Crop_data,MATCH(A109,Crop_data_codes,0),2) -> #REF! | C109: =INDEX(Crop_data,MATCH(A109,Crop_data_codes,0),3) -> #REF! | D109: =INDEX(Crop_data,MATCH(A109,Crop_data_codes,0),4) -> #REF! | E109: =IF(D109="Yes", SUM(F109:N109),"") -> #REF! | F109: =IF(D109="YES",INDEX(Crop_data,MATCH(A109,Crop_data_codes,0),7)*(Frac_BAT*EF_min_fert_BAT_CO2+Frac_AN*EF_min_fert_AN_CO2)/INDEX(Crop_data,MATCH(A109,Crop_data_codes,0),6),"") -> #REF! | G109: =IF(D109="YES",EF_capital_goods_CO2,"") -> #REF! | H109: =IF(D109="Yes",INDEX(Soil_carbon_data,MATCH(C109,Soil_carbon_categories,0),2),"") -> #REF! | J109: =IF(D109="YES",INDEX(Crop_data,MATCH(A109,Crop_data_codes,0),11)*Heating_value_diesel*EF_diesel_CO2/INDEX(Crop_data,MATCH(A109,Crop_data_codes,0),6),"") -> #REF! | L109: =IF(D109="YES",INDEX(Crop_data,MATCH(A109,Crop_data_codes,0),12)*EF_irrigation_CO2/INDEX(Crop_data,MATCH(A109,Crop_data_codes,0),6),"") -> #REF! | M109: =IF(D109="Yes",INDEX(Post_harvest_energy_data,MATCH(C109,Post_harvest_energy_categories,0),2)*EF_heating_oil_CO2+INDEX(Post_harvest_energy_data,MATCH(C109,Post_harvest_energy_categories,0),3)*EF_electricity_CO2+INDEX(Post_harvest_energy_data,MATCH(C109,Post_harvest_energy_categories,0),4)*EF_chips_CO2,"") -> #REF!
A110: 01929.02 | B110: =INDEX(Crop_data,MATCH(A110,Crop_data_codes,0),2) -> #REF! | C110: =INDEX(Crop_data,MATCH(A110,Crop_data_codes,0),3) -> #REF! | D110: =INDEX(Crop_data,MATCH(A110,Crop_data_codes,0),4) -> #REF! | E110: =IF(D110="Yes", SUM(F110:N110),"") -> #REF! | F110: =IF(D110="YES",INDEX(Crop_data,MATCH(A110,Crop_data_codes,0),7)*(Frac_BAT*EF_min_fert_BAT_CO2+Frac_AN*EF_min_fert_AN_CO2)/INDEX(Crop_data,MATCH(A110,Crop_data_codes,0),6),"") -> #REF! | G110: =IF(D110="YES",EF_capital_goods_CO2,"") -> #REF! | H110: =IF(D110="Yes",INDEX(Soil_carbon_data,MATCH(C110,Soil_carbon_categories,0),2),"") -> #REF! | J110: =IF(D110="YES",INDEX(Crop_data,MATCH(A110,Crop_data_codes,0),11)*Heating_value_diesel*EF_diesel_CO2/INDEX(Crop_data,MATCH(A110,Crop_data_codes,0),6),"") -> #REF! | L110: =IF(D110="YES",INDEX(Crop_data,MATCH(A110,Crop_data_codes,0),12)*EF_irrigation_CO2/INDEX(Crop_data,MATCH(A110,Crop_data_codes,0),6),"") -> #REF! | M110: =IF(D110="Yes",INDEX(Post_harvest_energy_data,MATCH(C110,Post_harvest_energy_categories,0),2)*EF_heating_oil_CO2+INDEX(Post_harvest_energy_data,MATCH(C110,Post_harvest_energy_categories,0),3)*EF_electricity_CO2+INDEX(Post_harvest_energy_data,MATCH(C110,Post_harvest_energy_categories,0),4)*EF_chips_CO2,"") -> #REF!
A111: 01709.01 | B111: =INDEX(Crop_data,MATCH(A111,Crop_data_codes,0),2) -> #REF! | C111: =INDEX(Crop_data,MATCH(A111,Crop_data_codes,0),3) -> #REF! | D111: =INDEX(Crop_data,MATCH(A111,Crop_data_codes,0),4) -> #REF! | E111: =IF(D111="Yes", SUM(F111:N111),"") -> #REF! | F111: =IF(D111="YES",INDEX(Crop_data,MATCH(A111,Crop_data_codes,0),7)*(Frac_BAT*EF_min_fert_BAT_CO2+Frac_AN*EF_min_fert_AN_CO2)/INDEX(Crop_data,MATCH(A111,Crop_data_codes,0),6),"") -> #REF! | G111: =IF(D111="YES",EF_capital_goods_CO2,"") -> #REF! | H111: =IF(D111="Yes",INDEX(Soil_carbon_data,MATCH(C111,Soil_carbon_categories,0),2),"") -> #REF! | J111: =IF(D111="YES",INDEX(Crop_data,MATCH(A111,Crop_data_codes,0),11)*Heating_value_diesel*EF_diesel_CO2/INDEX(Crop_data,MATCH(A111,Crop_data_codes,0),6),"") -> #REF! | L111: =IF(D111="YES",INDEX(Crop_data,MATCH(A111,Crop_data_codes,0),12)*EF_irrigation_CO2/INDEX(Crop_data,MATCH(A111,Crop_data_codes,0),6),"") -> #REF! | M111: =IF(D111="Yes",INDEX(Post_harvest_energy_data,MATCH(C111,Post_harvest_energy_categories,0),2)*EF_heating_oil_CO2+INDEX(Post_harvest_energy_data,MATCH(C111,Post_harvest_energy_categories,0),3)*EF_electricity_CO2+INDEX(Post_harvest_energy_data,MATCH(C111,Post_harvest_energy_categories,0),4)*EF_chips_CO2,"") -> #REF!
A112: 01376 | B112: =INDEX(Crop_data,MATCH(A112,Crop_data_codes,0),2) -> #REF! | C112: =INDEX(Crop_data,MATCH(A112,Crop_data_codes,0),3) -> #REF! | D112: =INDEX(Crop_data,MATCH(A112,Crop_data_codes,0),4) -> #REF! | E112: =IF(D112="Yes", SUM(F112:N112),"") -> #REF! | F112: =IF(D112="YES",INDEX(Crop_data,MATCH(A112,Crop_data_codes,0),7)*(Frac_BAT*EF_min_fert_BAT_CO2+Frac_AN*EF_min_fert_AN_CO2)/INDEX(Crop_data,MATCH(A112,Crop_data_codes,0),6),"") -> #REF! | G112: =IF(D112="YES",EF_capital_goods_CO2,"") -> #REF! | H112: =IF(D112="Yes",INDEX(Soil_carbon_data,MATCH(C112,Soil_carbon_categories,0),2),"") -> #REF! | J112: =IF(D112="YES",INDEX(Crop_data,MATCH(A112,Crop_data_codes,0),11)*Heating_value_diesel*EF_diesel_CO2/INDEX(Crop_data,MATCH(A112,Crop_data_codes,0),6),"") -> #REF! | L112: =IF(D112="YES",INDEX(Crop_data,MATCH(A112,Crop_data_codes,0),12)*EF_irrigation_CO2/INDEX(Crop_data,MATCH(A112,Crop_data_codes,0),6),"") -> #REF! | M112: =IF(D112="Yes",INDEX(Post_harvest_energy_data,MATCH(C112,Post_harvest_energy_categories,0),2)*EF_heating_oil_CO2+INDEX(Post_harvest_energy_data,MATCH(C112,Post_harvest_energy_categories,0),3)*EF_electricity_CO2+INDEX(Post_harvest_energy_data,MATCH(C112,Post_harvest_energy_categories,0),4)*EF_chips_CO2,"") -> #REF!
A113: 01221 | B113: =INDEX(Crop_data,MATCH(A113,Crop_data_codes,0),2) -> #REF! | C113: =INDEX(Crop_data,MATCH(A113,Crop_data_codes,0),3) -> #REF! | D113: =INDEX(Crop_data,MATCH(A113,Crop_data_codes,0),4) -> #REF! | E113: =IF(D113="Yes", SUM(F113:N113),"") -> #REF! | F113: =IF(D113="YES",INDEX(Crop_data,MATCH(A113,Crop_data_codes,0),7)*(Frac_BAT*EF_min_fert_BAT_CO2+Frac_AN*EF_min_fert_AN_CO2)/INDEX(Crop_data,MATCH(A113,Crop_data_codes,0),6),"") -> #REF! | G113: =IF(D113="YES",EF_capital_goods_CO2,"") -> #REF! | H113: =IF(D113="Yes",INDEX(Soil_carbon_data,MATCH(C113,Soil_carbon_categories,0),2),"") -> #REF! | J113: =IF(D113="YES",INDEX(Crop_data,MATCH(A113,Crop_data_codes,0),11)*Heating_value_diesel*EF_diesel_CO2/INDEX(Crop_data,MATCH(A113,Crop_data_codes,0),6),"") -> #REF! | L113: =IF(D113="YES",INDEX(Crop_data,MATCH(A113,Crop_data_codes,0),12)*EF_irrigation_CO2/INDEX(Crop_data,MATCH(A113,Crop_data_codes,0),6),"") -> #REF! | M113: =IF(D113="Yes",INDEX(Post_harvest_energy_data,MATCH(C113,Post_harvest_energy_categories,0),2)*EF_heating_oil_CO2+INDEX(Post_harvest_energy_data,MATCH(C113,Post_harvest_energy_categories,0),3)*EF_electricity_CO2+INDEX(Post_harvest_energy_data,MATCH(C113,Post_harvest_energy_categories,0),4)*EF_chips_CO2,"") -> #REF!
A114: 01221_gh | B114: =INDEX(Crop_data,MATCH(A114,Crop_data_codes,0),2) -> #REF! | C114: =INDEX(Crop_data,MATCH(A114,Crop_data_codes,0),3) -> #REF! | D114: =INDEX(Crop_data,MATCH(A114,Crop_data_codes,0),4) -> #REF! | E114: =IF(D114="Yes", SUM(F114:N114),"") -> #REF! | F114: =IF(D114="YES",INDEX(Crop_data,MATCH(A114,Crop_data_codes,0),7)*(Frac_BAT*EF_min_fert_BAT_CO2+Frac_AN*EF_min_fert_AN_CO2)/INDEX(Crop_data,MATCH(A114,Crop_data_codes,0),6),"") -> #REF! | G114: =IF(D114="YES",EF_capital_goods_CO2,"") -> #REF! | H114: =IF(D114="Yes",INDEX(Soil_carbon_data,MATCH(C114,Soil_carbon_categories,0),2),"") -> #REF! | J114: =IF(D114="YES",INDEX(Crop_data,MATCH(A114,Crop_data_codes,0),11)*Heating_value_diesel*EF_diesel_CO2/INDEX(Crop_data,MATCH(A114,Crop_data_codes,0),6),"") -> #REF! | L114: =IF(D114="YES",INDEX(Crop_data,MATCH(A114,Crop_data_codes,0),12)*EF_irrigation_CO2/INDEX(Crop_data,MATCH(A114,Crop_data_codes,0),6),"") -> #REF! | M114: =IF(D114="Yes",INDEX(Post_harvest_energy_data,MATCH(C114,Post_harvest_energy_categories,0),2)*EF_heating_oil_CO2+INDEX(Post_harvest_energy_data,MATCH(C114,Post_harvest_energy_categories,0),3)*EF_electricity_CO2+INDEX(Post_harvest_energy_data,MATCH(C114,Post_harvest_energy_categories,0),4)*EF_chips_CO2,"") -> #REF!
A115: 01221_of | B115: =INDEX(Crop_data,MATCH(A115,Crop_data_codes,0),2) -> #REF! | C115: =INDEX(Crop_data,MATCH(A115,Crop_data_codes,0),3) -> #REF! | D115: =INDEX(Crop_data,MATCH(A115,Crop_data_codes,0),4) -> #REF! | E115: =IF(D115="Yes", SUM(F115:N115),"") -> #REF! | F115: =IF(D115="YES",INDEX(Crop_data,MATCH(A115,Crop_data_codes,0),7)*(Frac_BAT*EF_min_fert_BAT_CO2+Frac_AN*EF_min_fert_AN_CO2)/INDEX(Crop_data,MATCH(A115,Crop_data_codes,0),6),"") -> #REF! | G115: =IF(D115="YES",EF_capital_goods_CO2,"") -> #REF! | H115: =IF(D115="Yes",INDEX(Soil_carbon_data,MATCH(C115,Soil_carbon_categories,0),2),"") -> #REF! | J115: =IF(D115="YES",INDEX(Crop_data,MATCH(A115,Crop_data_codes,0),11)*Heating_value_diesel*EF_diesel_CO2/INDEX(Crop_data,MATCH(A115,Crop_data_codes,0),6),"") -> #REF! | L115: =IF(D115="YES",INDEX(Crop_data,MATCH(A115,Crop_data_codes,0),12)*EF_irrigation_CO2/INDEX(Crop_data,MATCH(A115,Crop_data_codes,0),6),"") -> #REF! | M115: =IF(D115="Yes",INDEX(Post_harvest_energy_data,MATCH(C115,Post_harvest_energy_categories,0),2)*EF_heating_oil_CO2+INDEX(Post_harvest_energy_data,MATCH(C115,Post_harvest_energy_categories,0),3)*EF_electricity_CO2+INDEX(Post_harvest_energy_data,MATCH(C115,Post_harvest_energy_categories,0),4)*EF_chips_CO2,"") -> #REF!
A116: 0111 | B116: =INDEX(Crop_data,MATCH(A116,Crop_data_codes,0),2) -> #REF! | C116: =INDEX(Crop_data,MATCH(A116,Crop_data_codes,0),3) -> #REF! | D116: =INDEX(Crop_data,MATCH(A116,Crop_data_codes,0),4) -> #REF! | E116: =IF(D116="Yes", SUM(F116:N116),"") -> #REF! | F116: =IF(D116="YES",INDEX(Crop_data,MATCH(A116,Crop_data_codes,0),7)*(Frac_BAT*EF_min_fert_BAT_CO2+Frac_AN*EF_min_fert_AN_CO2)/INDEX(Crop_data,MATCH(A116,Crop_data_codes,0),6),"") -> #REF! | G116: =IF(D116="YES",EF_capital_goods_CO2,"") -> #REF! | H116: =IF(D116="Yes",INDEX(Soil_carbon_data,MATCH(C116,Soil_carbon_categories,0),2),"") -> #REF! | J116: =IF(D116="YES",INDEX(Crop_data,MATCH(A116,Crop_data_codes,0),11)*Heating_value_diesel*EF_diesel_CO2/INDEX(Crop_data,MATCH(A116,Crop_data_codes,0),6),"") -> #REF! | L116: =IF(D116="YES",INDEX(Crop_data,MATCH(A116,Crop_data_codes,0),12)*EF_irrigation_CO2/INDEX(Crop_data,MATCH(A116,Crop_data_codes,0),6),"") -> #REF! | M116: =IF(D116="Yes",INDEX(Post_harvest_energy_data,MATCH(C116,Post_harvest_energy_categories,0),2)*EF_heating_oil_CO2+INDEX(Post_harvest_energy_data,MATCH(C116,Post_harvest_energy_categories,0),3)*EF_electricity_CO2+INDEX(Post_harvest_energy_data,MATCH(C116,Post_harvest_energy_categories,0),4)*EF_chips_CO2,"") -> #REF!
A117: 0111_s | B117: =INDEX(Crop_data,MATCH(A117,Crop_data_codes,0),2) -> #REF! | C117: =INDEX(Crop_data,MATCH(A117,Crop_data_codes,0),3) -> #REF! | D117: =INDEX(Crop_data,MATCH(A117,Crop_data_codes,0),4) -> #REF! | E117: =IF(D117="Yes", SUM(F117:N117),"") -> #REF! | F117: =IF(D117="YES",INDEX(Crop_data,MATCH(A117,Crop_data_codes,0),7)*(Frac_BAT*EF_min_fert_BAT_CO2+Frac_AN*EF_min_fert_AN_CO2)/INDEX(Crop_data,MATCH(A117,Crop_data_codes,0),6),"") -> #REF! | G117: =IF(D117="YES",EF_capital_goods_CO2,"") -> #REF! | H117: =IF(D117="Yes",INDEX(Soil_carbon_data,MATCH(C117,Soil_carbon_categories,0),2),"") -> #REF! | J117: =IF(D117="YES",INDEX(Crop_data,MATCH(A117,Crop_data_codes,0),11)*Heating_value_diesel*EF_diesel_CO2/INDEX(Crop_data,MATCH(A117,Crop_data_codes,0),6),"") -> #REF! | L117: =IF(D117="YES",INDEX(Crop_data,MATCH(A117,Crop_data_codes,0),12)*EF_irrigation_CO2/INDEX(Crop_data,MATCH(A117,Crop_data_codes,0),6),"") -> #REF! | M117: =IF(D117="Yes",INDEX(Post_harvest_energy_data,MATCH(C117,Post_harvest_energy_categories,0),2)*EF_heating_oil_CO2+INDEX(Post_harvest_energy_data,MATCH(C117,Post_harvest_energy_categories,0),3)*EF_electricity_CO2+INDEX(Post_harvest_energy_data,MATCH(C117,Post_harvest_energy_categories,0),4)*EF_chips_CO2,"") -> #REF!
A118: 0111_w | B118: =INDEX(Crop_data,MATCH(A118,Crop_data_codes,0),2) -> #REF! | C118: =INDEX(Crop_data,MATCH(A118,Crop_data_codes,0),3) -> #REF! | D118: =INDEX(Crop_data,MATCH(A118,Crop_data_codes,0),4) -> #REF! | E118: =IF(D118="Yes", SUM(F118:N118),"") -> #REF! | F118: =IF(D118="YES",INDEX(Crop_data,MATCH(A118,Crop_data_codes,0),7)*(Frac_BAT*EF_min_fert_BAT_CO2+Frac_AN*EF_min_fert_AN_CO2)/INDEX(Crop_data,MATCH(A118,Crop_data_codes,0),6),"") -> #REF! | G118: =IF(D118="YES",EF_capital_goods_CO2,"") -> #REF! | H118: =IF(D118="Yes",INDEX(Soil_carbon_data,MATCH(C118,Soil_carbon_categories,0),2),"") -> #REF! | J118: =IF(D118="YES",INDEX(Crop_data,MATCH(A118,Crop_data_codes,0),11)*Heating_value_diesel*EF_diesel_CO2/INDEX(Crop_data,MATCH(A118,Crop_data_codes,0),6),"") -> #REF! | L118: =IF(D118="YES",INDEX(Crop_data,MATCH(A118,Crop_data_codes,0),12)*EF_irrigation_CO2/INDEX(Crop_data,MATCH(A118,Crop_data_codes,0),6),"") -> #REF! | M118: =IF(D118="Yes",INDEX(Post_harvest_energy_data,MATCH(C118,Post_harvest_energy_categories,0),2)*EF_heating_oil_CO2+INDEX(Post_harvest_energy_data,MATCH(C118,Post_harvest_energy_categories,0),3)*EF_electricity_CO2+INDEX(Post_harvest_energy_data,MATCH(C118,Post_harvest_energy_categories,0),4)*EF_chips_CO2,"") -> #REF!

Sheet Crops CH4, fossil
A2: Emissions of CH4 (fossil) per kg of crop [kg CH4 per kg of crop harvested]
A4: Crops | E4: Sum | F4: Inputs | H4: Soil emissions | J4: Energy use | N4: Land use change
A5: Code | B5: Crops | C5: Categories | D5: Cultivated in country | F5: Production of mineral fertilizer | G5: Production of capital goods | H5: Direct emissions | I5: Indirect emissions | J5: Diesel use field mach | K5: Energy use in greenhouses | L5: Energy use for irrigation | M5: Energy use for post-harvest proc | N5: LUC emissions
A6: 01371 | B6: =INDEX(Crop_data,MATCH(A6,Crop_data_codes,0),2) -> #REF! | C6: =INDEX(Crop_data,MATCH(A6,Crop_data_codes,0),3) -> #REF! | D6: =INDEX(Crop_data,MATCH(A6,Crop_data_codes,0),4) -> #REF! | E6: =IF(D6="Yes", SUM(F6:N6),"") -> #REF! | F6: =IF(D6="YES",INDEX(Crop_data,MATCH(A6,Crop_data_codes,0),7)*(Frac_BAT*EF_min_fert_BAT_CH4+Frac_AN*EF_min_fert_AN_CH4)/INDEX(Crop_data,MATCH(A6,Crop_data_codes,0),6),"") -> #REF! | G6: =IF(D6="YES",EF_capital_goods_CH4,"") -> #REF! | J6: =IF(D6="YES",INDEX(Crop_data,MATCH(A6,Crop_data_codes,0),11)*Heating_value_diesel*EF_diesel_CH4/INDEX(Crop_data,MATCH(A6,Crop_data_codes,0),6),"") -> #REF! | L6: =IF(D6="YES",INDEX(Crop_data,MATCH(A6,Crop_data_codes,0),12)*EF_irrigation_CH4/INDEX(Crop_data,MATCH(A6,Crop_data_codes,0),6),"") -> #REF!
A7: 01654 | B7: =INDEX(Crop_data,MATCH(A7,Crop_data_codes,0),2) -> #REF! | C7: =INDEX(Crop_data,MATCH(A7,Crop_data_codes,0),3) -> #REF! | D7: =INDEX(Crop_data,MATCH(A7,Crop_data_codes,0),4) -> #REF! | E7: =IF(D7="Yes", SUM(F7:N7),"") -> #REF! | F7: =IF(D7="YES",INDEX(Crop_data,MATCH(A7,Crop_data_codes,0),7)*(Frac_BAT*EF_min_fert_BAT_CH4+Frac_AN*EF_min_fert_AN_CH4)/INDEX(Crop_data,MATCH(A7,Crop_data_codes,0),6),"") -> #REF! | G7: =IF(D7="YES",EF_capital_goods_CH4,"") -> #REF! | J7: =IF(D7="YES",INDEX(Crop_data,MATCH(A7,Crop_data_codes,0),11)*Heating_value_diesel*EF_diesel_CH4/INDEX(Crop_data,MATCH(A7,Crop_data_codes,0),6),"") -> #REF! | L7: =IF(D7="YES",INDEX(Crop_data,MATCH(A7,Crop_data_codes,0),12)*EF_irrigation_CH4/INDEX(Crop_data,MATCH(A7,Crop_data_codes,0),6),"") -> #REF!
A8: 01341 | B8: =INDEX(Crop_data,MATCH(A8,Crop_data_codes,0),2) -> #REF! | C8: =INDEX(Crop_data,MATCH(A8,Crop_data_codes,0),3) -> #REF! | D8: =INDEX(Crop_data,MATCH(A8,Crop_data_codes,0),4) -> #REF! | E8: =IF(D8="Yes", SUM(F8:N8),"") -> #REF! | F8: =IF(D8="YES",INDEX(Crop_data,MATCH(A8,Crop_data_codes,0),7)*(Frac_BAT*EF_min_fert_BAT_CH4+Frac_AN*EF_min_fert_AN_CH4)/INDEX(Crop_data,MATCH(A8,Crop_data_codes,0),6),"") -> #REF! | G8: =IF(D8="YES",EF_capital_goods_CH4,"") -> #REF! | J8: =IF(D8="YES",INDEX(Crop_data,MATCH(A8,Crop_data_codes,0),11)*Heating_value_diesel*EF_diesel_CH4/INDEX(Crop_data,MATCH(A8,Crop_data_codes,0),6),"") -> #REF! | L8: =IF(D8="YES",INDEX(Crop_data,MATCH(A8,Crop_data_codes,0),12)*EF_irrigation_CH4/INDEX(Crop_data,MATCH(A8,Crop_data_codes,0),6),"") -> #REF! | M8: =IF(D8="Yes",INDEX(Post_harvest_energy_data,MATCH(C8,Post_harvest_energy_categories,0),2)*EF_heating_oil_CH4+INDEX(Post_harvest_energy_data,MATCH(C8,Post_harvest_energy_categories,0),3)*EF_electricity_CH4+INDEX(Post_harvest_energy_data,MATCH(C8,Post_harvest_energy_categories,0),4)*EF_chips_CH4,"") -> #REF!
A9: 01343 | B9: =INDEX(Crop_data,MATCH(A9,Crop_data_codes,0),2) -> #REF! | C9: =INDEX(Crop_data,MATCH(A9,Crop_data_codes,0),3) -> #REF! | D9: =INDEX(Crop_data,MATCH(A9,Crop_data_codes,0),4) -> #REF! | E9: =IF(D9="Yes", SUM(F9:N9),"") -> #REF! | F9: =IF(D9="YES",INDEX(Crop_data,MATCH(A9,Crop_data_codes,0),7)*(Frac_BAT*EF_min_fert_BAT_CH4+Frac_AN*EF_min_fert_AN_CH4)/INDEX(Crop_data,MATCH(A9,Crop_data_codes,0),6),"") -> #REF! | G9: =IF(D9="YES",EF_capital_goods_CH4,"") -> #REF! | J9: =IF(D9="YES",INDEX(Crop_data,MATCH(A9,Crop_data_codes,0),11)*Heating_value_diesel*EF_diesel_CH4/INDEX(Crop_data,MATCH(A9,Crop_data_codes,0),6),"") -> #REF! | L9: =IF(D9="YES",INDEX(Crop_data,MATCH(A9,Crop_data_codes,0),12)*EF_irrigation_CH4/INDEX(Crop_data,MATCH(A9,Crop_data_codes,0),6),"") -> #REF! | M9: =IF(D9="Yes",INDEX(Post_harvest_energy_data,MATCH(C9,Post_harvest_energy_categories,0),2)*EF_heating_oil_CH4+INDEX(Post_harvest_energy_data,MATCH(C9,Post_harvest_energy_categories,0),3)*EF_electricity_CH4+INDEX(Post_harvest_energy_data,MATCH(C9,Post_harvest_energy_categories,0),4)*EF_chips_CH4,"") -> #REF!
A10: 01216 | B10: =INDEX(Crop_data,MATCH(A10,Crop_data_codes,0),2) -> #REF! | C10: =INDEX(Crop_data,MATCH(A10,Crop_data_codes,0),3) -> #REF! | D10: =INDEX(Crop_data,MATCH(A10,Crop_data_codes,0),4) -> #REF! | E10: =IF(D10="Yes", SUM(F10:N10),"") -> #REF! | F10: =IF(D10="YES",INDEX(Crop_data,MATCH(A10,Crop_data_codes,0),7)*(Frac_BAT*EF_min_fert_BAT_CH4+Frac_AN*EF_min_fert_AN_CH4)/INDEX(Crop_data,MATCH(A10,Crop_data_codes,0),6),"") -> #REF! | G10: =IF(D10="YES",EF_capital_goods_CH4,"") -> #REF! | J10: =IF(D10="YES",INDEX(Crop_data,MATCH(A10,Crop_data_codes,0),11)*Heating_value_diesel*EF_diesel_CH4/INDEX(Crop_data,MATCH(A10,Crop_data_codes,0),6),"") -> #REF! | L10: =IF(D10="YES",INDEX(Crop_data,MATCH(A10,Crop_data_codes,0),12)*EF_irrigation_CH4/INDEX(Crop_data,MATCH(A10,Crop_data_codes,0),6),"") -> #REF! | M10: =IF(D10="Yes",INDEX(Post_harvest_energy_data,MATCH(C10,Post_harvest_energy_categories,0),2)*EF_heating_oil_CH4+INDEX(Post_harvest_energy_data,MATCH(C10,Post_harvest_energy_categories,0),3)*EF_electricity_CH4+INDEX(Post_harvest_energy_data,MATCH(C10,Post_harvest_energy_categories,0),4)*EF_chips_CH4,"") -> #REF!
A11: 01211 | B11: =INDEX(Crop_data,MATCH(A11,Crop_data_codes,0),2) -> #REF! | C11: =INDEX(Crop_data,MATCH(A11,Crop_data_codes,0),3) -> #REF! | D11: =INDEX(Crop_data,MATCH(A11,Crop_data_codes,0),4) -> #REF! | E11: =IF(D11="Yes", SUM(F11:N11),"") -> #REF! | F11: =IF(D11="YES",INDEX(Crop_data,MATCH(A11,Crop_data_codes,0),7)*(Frac_BAT*EF_min_fert_BAT_CH4+Frac_AN*EF_min_fert_AN_CH4)/INDEX(Crop_data,MATCH(A11,Crop_data_codes,0),6),"") -> #REF! | G11: =IF(D11="YES",EF_capital_goods_CH4,"") -> #REF! | J11: =IF(D11="YES",INDEX(Crop_data,MATCH(A11,Crop_data_codes,0),11)*Heating_value_diesel*EF_diesel_CH4/INDEX(Crop_data,MATCH(A11,Crop_data_codes,0),6),"") -> #REF! | L11: =IF(D11="YES",INDEX(Crop_data,MATCH(A11,Crop_data_codes,0),12)*EF_irrigation_CH4/INDEX(Crop_data,MATCH(A11,Crop_data_codes,0),6),"") -> #REF! | M11: =IF(D11="Yes",INDEX(Post_harvest_energy_data,MATCH(C11,Post_harvest_energy_categories,0),2)*EF_heating_oil_CH4+INDEX(Post_harvest_energy_data,MATCH(C11,Post_harvest_energy_categories,0),3)*EF_electricity_CH4+INDEX(Post_harvest_energy_data,MATCH(C11,Post_harvest_energy_categories,0),4)*EF_chips_CH4,"") -> #REF!
A12: 01311 | B12: =INDEX(Crop_data,MATCH(A12,Crop_data_codes,0),2) -> #REF! | C12: =INDEX(Crop_data,MATCH(A12,Crop_data_codes,0),3) -> #REF! | D12: =INDEX(Crop_data,MATCH(A12,Crop_data_codes,0),4) -> #REF! | E12: =IF(D12="Yes", SUM(F12:N12),"") -> #REF! | F12: =IF(D12="YES",INDEX(Crop_data,MATCH(A12,Crop_data_codes,0),7)*(Frac_BAT*EF_min_fert_BAT_CH4+Frac_AN*EF_min_fert_AN_CH4)/INDEX(Crop_data,MATCH(A12,Crop_data_codes,0),6),"") -> #REF! | G12: =IF(D12="YES",EF_capital_goods_CH4,"") -> #REF! | J12: =IF(D12="YES",INDEX(Crop_data,MATCH(A12,Crop_data_codes,0),11)*Heating_value_diesel*EF_diesel_CH4/INDEX(Crop_data,MATCH(A12,Crop_data_codes,0),6),"") -> #REF! | L12: =IF(D12="YES",INDEX(Crop_data,MATCH(A12,Crop_data_codes,0),12)*EF_irrigation_CH4/INDEX(Crop_data,MATCH(A12,Crop_data_codes,0),6),"") -> #REF! | M12: =IF(D12="Yes",INDEX(Post_harvest_energy_data,MATCH(C12,Post_harvest_energy_categories,0),2)*EF_heating_oil_CH4+INDEX(Post_harvest_energy_data,MATCH(C12,Post_harvest_energy_categories,0),3)*EF_electricity_CH4+INDEX(Post_harvest_energy_data,MATCH(C12,Post_harvest_energy_categories,0),4)*EF_chips_CH4,"") -> #REF!
A13: 01312 | B13: =INDEX(Crop_data,MATCH(A13,Crop_data_codes,0),2) -> #REF! | C13: =INDEX(Crop_data,MATCH(A13,Crop_data_codes,0),3) -> #REF! | D13: =INDEX(Crop_data,MATCH(A13,Crop_data_codes,0),4) -> #REF! | E13: =IF(D13="Yes", SUM(F13:N13),"") -> #REF! | F13: =IF(D13="YES",INDEX(Crop_data,MATCH(A13,Crop_data_codes,0),7)*(Frac_BAT*EF_min_fert_BAT_CH4+Frac_AN*EF_min_fert_AN_CH4)/INDEX(Crop_data,MATCH(A13,Crop_data_codes,0),6),"") -> #REF! | G13: =IF(D13="YES",EF_capital_goods_CH4,"") -> #REF! | J13: =IF(D13="YES",INDEX(Crop_data,MATCH(A13,Crop_data_codes,0),11)*Heating_value_diesel*EF_diesel_CH4/INDEX(Crop_data,MATCH(A13,Crop_data_codes,0),6),"") -> #REF! | L13: =IF(D13="YES",INDEX(Crop_data,MATCH(A13,Crop_data_codes,0),12)*EF_irrigation_CH4/INDEX(Crop_data,MATCH(A13,Crop_data_codes,0),6),"") -> #REF! | M13: =IF(D13="Yes",INDEX(Post_harvest_energy_data,MATCH(C13,Post_harvest_energy_categories,0),2)*EF_heating_oil_CH4+INDEX(Post_harvest_energy_data,MATCH(C13,Post_harvest_energy_categories,0),3)*EF_electricity_CH4+INDEX(Post_harvest_energy_data,MATCH(C13,Post_harvest_energy_categories,0),4)*EF_chips_CH4,"") -> #REF!
A14: 0115 | B14: =INDEX(Crop_data,MATCH(A14,Crop_data_codes,0),2) -> #REF! | C14: =INDEX(Crop_data,MATCH(A14,Crop_data_codes,0),3) -> #REF! | D14: =INDEX(Crop_data,MATCH(A14,Crop_data_codes,0),4) -> #REF! | E14: =IF(D14="Yes", SUM(F14:N14),"") -> #REF! | F14: =IF(D14="YES",INDEX(Crop_data,MATCH(A14,Crop_data_codes,0),7)*(Frac_BAT*EF_min_fert_BAT_CH4+Frac_AN*EF_min_fert_AN_CH4)/INDEX(Crop_data,MATCH(A14,Crop_data_codes,0),6),"") -> #REF! | G14: =IF(D14="YES",EF_capital_goods_CH4,"") -> #REF! | J14: =IF(D14="YES",INDEX(Crop_data,MATCH(A14,Crop_data_codes,0),11)*Heating_value_diesel*EF_diesel_CH4/INDEX(Crop_data,MATCH(A14,Crop_data_codes,0),6),"") -> #REF! | L14: =IF(D14="YES",INDEX(Crop_data,MATCH(A14,Crop_data_codes,0),12)*EF_irrigation_CH4/INDEX(Crop_data,MATCH(A14,Crop_data_codes,0),6),"") -> #REF! | M14: =IF(D14="Yes",INDEX(Post_harvest_energy_data,MATCH(C14,Post_harvest_energy_categories,0),2)*EF_heating_oil_CH4+INDEX(Post_harvest_energy_data,MATCH(C14,Post_harvest_energy_categories,0),3)*EF_electricity_CH4+INDEX(Post_harvest_energy_data,MATCH(C14,Post_harvest_energy_categories,0),4)*EF_chips_CH4,"") -> #REF!
A15: 0115_s | B15: =INDEX(Crop_data,MATCH(A15,Crop_data_codes,0),2) -> #REF! | C15: =INDEX(Crop_data,MATCH(A15,Crop_data_codes,0),3) -> #REF! | D15: =INDEX(Crop_data,MATCH(A15,Crop_data_codes,0),4) -> #REF! | E15: =IF(D15="Yes", SUM(F15:N15),"") -> #REF! | F15: =IF(D15="YES",INDEX(Crop_data,MATCH(A15,Crop_data_codes,0),7)*(Frac_BAT*EF_min_fert_BAT_CH4+Frac_AN*EF_min_fert_AN_CH4)/INDEX(Crop_data,MATCH(A15,Crop_data_codes,0),6),"") -> #REF! | G15: =IF(D15="YES",EF_capital_goods_CH4,"") -> #REF! | J15: =IF(D15="YES",INDEX(Crop_data,MATCH(A15,Crop_data_codes,0),11)*Heating_value_diesel*EF_diesel_CH4/INDEX(Crop_data,MATCH(A15,Crop_data_codes,0),6),"") -> #REF! | L15: =IF(D15="YES",INDEX(Crop_data,MATCH(A15,Crop_data_codes,0),12)*EF_irrigation_CH4/INDEX(Crop_data,MATCH(A15,Crop_data_codes,0),6),"") -> #REF! | M15: =IF(D15="Yes",INDEX(Post_harvest_energy_data,MATCH(C15,Post_harvest_energy_categories,0),2)*EF_heating_oil_CH4+INDEX(Post_harvest_energy_data,MATCH(C15,Post_harvest_energy_categories,0),3)*EF_electricity_CH4+INDEX(Post_harvest_energy_data,MATCH(C15,Post_harvest_energy_categories,0),4)*EF_chips_CH4,"") -> #REF!
A16: 0115_w | B16: =INDEX(Crop_data,MATCH(A16,Crop_data_codes,0),2) -> #REF! | C16: =INDEX(Crop_data,MATCH(A16,Crop_data_codes,0),3) -> #REF! | D16: =INDEX(Crop_data,MATCH(A16,Crop_data_codes,0),4) -> #REF! | E16: =IF(D16="Yes", SUM(F16:N16),"") -> #REF! | F16: =IF(D16="YES",INDEX(Crop_data,MATCH(A16,Crop_data_codes,0),7)*(Frac_BAT*EF_min_fert_BAT_CH4+Frac_AN*EF_min_fert_AN_CH4)/INDEX(Crop_data,MATCH(A16,Crop_data_codes,0),6),"") -> #REF! | G16: =IF(D16="YES",EF_capital_goods_CH4,"") -> #REF! | J16: =IF(D16="YES",INDEX(Crop_data,MATCH(A16,Crop_data_codes,0),11)*Heating_value_diesel*EF_diesel_CH4/INDEX(Crop_data,MATCH(A16,Crop_data_codes,0),6),"") -> #REF! | L16: =IF(D16="YES",INDEX(Crop_data,MATCH(A16,Crop_data_codes,0),12)*EF_irrigation_CH4/INDEX(Crop_data,MATCH(A16,Crop_data_codes,0),6),"") -> #REF! | M16: =IF(D16="Yes",INDEX(Post_harvest_energy_data,MATCH(C16,Post_harvest_energy_categories,0),2)*EF_heating_oil_CH4+INDEX(Post_harvest_energy_data,MATCH(C16,Post_harvest_energy_categories,0),3)*EF_electricity_CH4+INDEX(Post_harvest_energy_data,MATCH(C16,Post_harvest_energy_categories,0),4)*EF_chips_CH4,"") -> #REF!
A17: 01701 | B17: =INDEX(Crop_data,MATCH(A17,Crop_data_codes,0),2) -> #REF! | C17: =INDEX(Crop_data,MATCH(A17,Crop_data_codes,0),3) -> #REF! | D17: =INDEX(Crop_data,MATCH(A17,Crop_data_codes,0),4) -> #REF! | E17: =IF(D17="Yes", SUM(F17:N17),"") -> #REF! | F17: =IF(D17="YES",INDEX(Crop_data,MATCH(A17,Crop_data_codes,0),7)*(Frac_BAT*EF_min_fert_BAT_CH4+Frac_AN*EF_min_fert_AN_CH4)/INDEX(Crop_data,MATCH(A17,Crop_data_codes,0),6),"") -> #REF! | G17: =IF(D17="YES",EF_capital_goods_CH4,"") -> #REF! | J17: =IF(D17="YES",INDEX(Crop_data,MATCH(A17,Crop_data_codes,0),11)*Heating_value_diesel*EF_diesel_CH4/INDEX(Crop_data,MATCH(A17,Crop_data_codes,0),6),"") -> #REF! | L17: =IF(D17="YES",INDEX(Crop_data,MATCH(A17,Crop_data_codes,0),12)*EF_irrigation_CH4/INDEX(Crop_data,MATCH(A17,Crop_data_codes,0),6),"") -> #REF! | M17: =IF(D17="Yes",INDEX(Post_harvest_energy_data,MATCH(C17,Post_harvest_energy_categories,0),2)*EF_heating_oil_CH4+INDEX(Post_harvest_energy_data,MATCH(C17,Post_harvest_energy_categories,0),3)*EF_electricity_CH4+INDEX(Post_harvest_energy_data,MATCH(C17,Post_harvest_energy_categories,0),4)*EF_chips_CH4,"") -> #REF!
A18: 01355.01 | B18: =INDEX(Crop_data,MATCH(A18,Crop_data_codes,0),2) -> #REF! | C18: =INDEX(Crop_data,MATCH(A18,Crop_data_codes,0),3) -> #REF! | D18: =INDEX(Crop_data,MATCH(A18,Crop_data_codes,0),4) -> #REF! | E18: =IF(D18="Yes", SUM(F18:N18),"") -> #REF! | F18: =IF(D18="YES",INDEX(Crop_data,MATCH(A18,Crop_data_codes,0),7)*(Frac_BAT*EF_min_fert_BAT_CH4+Frac_AN*EF_min_fert_AN_CH4)/INDEX(Crop_data,MATCH(A18,Crop_data_codes,0),6),"") -> #REF! | G18: =IF(D18="YES",EF_capital_goods_CH4,"") -> #REF! | J18: =IF(D18="YES",INDEX(Crop_data,MATCH(A18,Crop_data_codes,0),11)*Heating_value_diesel*EF_diesel_CH4/INDEX(Crop_data,MATCH(A18,Crop_data_codes,0),6),"") -> #REF! | L18: =IF(D18="YES",INDEX(Crop_data,MATCH(A18,Crop_data_codes,0),12)*EF_irrigation_CH4/INDEX(Crop_data,MATCH(A18,Crop_data_codes,0),6),"") -> #REF! | M18: =IF(D18="Yes",INDEX(Post_harvest_energy_data,MATCH(C18,Post_harvest_energy_categories,0),2)*EF_heating_oil_CH4+INDEX(Post_harvest_energy_data,MATCH(C18,Post_harvest_energy_categories,0),3)*EF_electricity_CH4+INDEX(Post_harvest_energy_data,MATCH(C18,Post_harvest_energy_categories,0),4)*EF_chips_CH4,"") -> #REF!
A19: 01377 | B19: =INDEX(Crop_data,MATCH(A19,Crop_data_codes,0),2) -> #REF! | C19: =INDEX(Crop_data,MATCH(A19,Crop_data_codes,0),3) -> #REF! | D19: =INDEX(Crop_data,MATCH(A19,Crop_data_codes,0),4) -> #REF! | E19: =IF(D19="Yes", SUM(F19:N19),"") -> #REF! | F19: =IF(D19="YES",INDEX(Crop_data,MATCH(A19,Crop_data_codes,0),7)*(Frac_BAT*EF_min_fert_BAT_CH4+Frac_AN*EF_min_fert_AN_CH4)/INDEX(Crop_data,MATCH(A19,Crop_data_codes,0),6),"") -> #REF! | G19: =IF(D19="YES",EF_capital_goods_CH4,"") -> #REF! | J19: =IF(D19="YES",INDEX(Crop_data,MATCH(A19,Crop_data_codes,0),11)*Heating_value_diesel*EF_diesel_CH4/INDEX(Crop_data,MATCH(A19,Crop_data_codes,0),6),"") -> #REF! | L19: =IF(D19="YES",INDEX(Crop_data,MATCH(A19,Crop_data_codes,0),12)*EF_irrigation_CH4/INDEX(Crop_data,MATCH(A19,Crop_data_codes,0),6),"") -> #REF! | M19: =IF(D19="Yes",INDEX(Post_harvest_energy_data,MATCH(C19,Post_harvest_energy_categories,0),2)*EF_heating_oil_CH4+INDEX(Post_harvest_energy_data,MATCH(C19,Post_harvest_energy_categories,0),3)*EF_electricity_CH4+INDEX(Post_harvest_energy_data,MATCH(C19,Post_harvest_energy_categories,0),4)*EF_chips_CH4,"") -> #REF!
... A33: 01703 | B33: =INDEX(Crop_data,MATCH(A33,Crop_data_codes,0),2) -> #REF! | C33: =INDEX(Crop_data,MATCH(A33,Crop_data_codes,0),3) -> #REF! | D33: =INDEX(Crop_data,MATCH(A33,Crop_data_codes,0),4) -> #REF! | E33: =IF(D33="Yes", SUM(F33:N33),"") -> #REF! | F33: =IF(D33="YES",INDEX(Crop_data,MATCH(A33,Crop_data_codes,0),7)*(Frac_BAT*EF_min_fert_BAT_CH4+Frac_AN*EF_min_fert_AN_CH4)/INDEX(Crop_data,MATCH(A33,Crop_data_codes,0),6),"") -> #REF! | G33: =IF(D33="YES",EF_capital_goods_CH4,"") -> #REF! | J33: =IF(D33="YES",INDEX(Crop_data,MATCH(A33,Crop_data_codes,0),11)*Heating_value_diesel*EF_diesel_CH4/INDEX(Crop_data,MATCH(A33,Crop_data_codes,0),6),"") -> #REF! | L33: =IF(D33="YES",INDEX(Crop_data,MATCH(A33,Crop_data_codes,0),12)*EF_irrigation_CH4/INDEX(Crop_data,MATCH(A33,Crop_data_codes,0),6),"") -> #REF! | M33: =IF(D33="Yes",INDEX(Post_harvest_energy_data,MATCH(C33,Post_harvest_energy_categories,0),2)*EF_heating_oil_CH4+INDEX(Post_harvest_energy_data,MATCH(C33,Post_harvest_energy_categories,0),3)*EF_electricity_CH4+INDEX(Post_harvest_energy_data,MATCH(C33,Post_harvest_energy_categories,0),4)*EF_chips_CH4,"") -> #REF!
A34: 01231 | B34: =INDEX(Crop_data,MATCH(A34,Crop_data_codes,0),2) -> #REF! | C34: =INDEX(Crop_data,MATCH(A34,Crop_data_codes,0),3) -> #REF! | D34: =INDEX(Crop_data,MATCH(A34,Crop_data_codes,0),4) -> #REF! | E34: =IF(D34="Yes", SUM(F34:N34),"") -> #REF! | F34: =IF(D34="YES",INDEX(Crop_data,MATCH(A34,Crop_data_codes,0),7)*(Frac_BAT*EF_min_fert_BAT_CH4+Frac_AN*EF_min_fert_AN_CH4)/INDEX(Crop_data,MATCH(A34,Crop_data_codes,0),6),"") -> #REF! | G34: =IF(D34="YES",EF_capital_goods_CH4,"") -> #REF! | L34: =IF(D34="YES",INDEX(Crop_data,MATCH(A34,Crop_data_codes,0),12)*EF_irrigation_CH4/INDEX(Crop_data,MATCH(A34,Crop_data_codes,0),6),"") -> #REF! | M34: =IF(D34="Yes",INDEX(Post_harvest_energy_data,MATCH(C34,Post_harvest_energy_categories,0),2)*EF_heating_oil_CH4+INDEX(Post_harvest_energy_data,MATCH(C34,Post_harvest_energy_categories,0),3)*EF_electricity_CH4+INDEX(Post_harvest_energy_data,MATCH(C34,Post_harvest_energy_categories,0),4)*EF_chips_CH4,"") -> #REF!
A35: 01640 | B35: =INDEX(Crop_data,MATCH(A35,Crop_data_codes,0),2) -> #REF! | C35: =INDEX(Crop_data,MATCH(A35,Crop_data_codes,0),3) -> #REF! | D35: =INDEX(Crop_data,MATCH(A35,Crop_data_codes,0),4) -> #REF! | E35: =IF(D35="Yes", SUM(F35:N35),"") -> #REF! | F35: =IF(D35="YES",INDEX(Crop_data,MATCH(A35,Crop_data_codes,0),7)*(Frac_BAT*EF_min_fert_BAT_CH4+Frac_AN*EF_min_fert_AN_CH4)/INDEX(Crop_data,MATCH(A35,Crop_data_codes,0),6),"") -> #REF! | G35: =IF(D35="YES",EF_capital_goods_CH4,"") -> #REF! | J35: =IF(D35="YES",INDEX(Crop_data,MATCH(A35,Crop_data_codes,0),11)*Heating_value_diesel*EF_diesel_CH4/INDEX(Crop_data,MATCH(A35,Crop_data_codes,0),6),"") -> #REF! | L35: =IF(D35="YES",INDEX(Crop_data,MATCH(A35,Crop_data_codes,0),12)*EF_irrigation_CH4/INDEX(Crop_data,MATCH(A35,Crop_data_codes,0),6),"") -> #REF! | M35: =IF(D35="Yes",INDEX(Post_harvest_energy_data,MATCH(C35,Post_harvest_energy_categories,0),2)*EF_heating_oil_CH4+INDEX(Post_harvest_energy_data,MATCH(C35,Post_harvest_energy_categories,0),3)*EF_electricity_CH4+INDEX(Post_harvest_energy_data,MATCH(C35,Post_harvest_energy_categories,0),4)*EF_chips_CH4,"") -> #REF!
A36: 01460 | B36: =INDEX(Crop_data,MATCH(A36,Crop_data_codes,0),2) -> #REF! | C36: =INDEX(Crop_data,MATCH(A36,Crop_data_codes,0),3) -> #REF! | D36: =INDEX(Crop_data,MATCH(A36,Crop_data_codes,0),4) -> #REF! | E36: =IF(D36="Yes", SUM(F36:N36),"") -> #REF! | F36: =IF(D36="YES",INDEX(Crop_data,MATCH(A36,Crop_data_codes,0),7)*(Frac_BAT*EF_min_fert_BAT_CH4+Frac_AN*EF_min_fert_AN_CH4)/INDEX(Crop_data,MATCH(A36,Crop_data_codes,0),6),"") -> #REF! | G36: =IF(D36="YES",EF_capital_goods_CH4,"") -> #REF! | J36: =IF(D36="YES",INDEX(Crop_data,MATCH(A36,Crop_data_codes,0),11)*Heating_value_diesel*EF_diesel_CH4/INDEX(Crop_data,MATCH(A36,Crop_data_codes,0),6),"") -> #REF! | L36: =IF(D36="YES",INDEX(Crop_data,MATCH(A36,Crop_data_codes,0),12)*EF_irrigation_CH4/INDEX(Crop_data,MATCH(A36,Crop_data_codes,0),6),"") -> #REF! | M36: =IF(D36="Yes",INDEX(Post_harvest_energy_data,MATCH(C36,Post_harvest_energy_categories,0),2)*EF_heating_oil_CH4+INDEX(Post_harvest_energy_data,MATCH(C36,Post_harvest_energy_categories,0),3)*EF_electricity_CH4+INDEX(Post_harvest_energy_data,MATCH(C36,Post_harvest_energy_categories,0),4)*EF_chips_CH4,"") -> #REF!
A37: 01610 | B37: =INDEX(Crop_data,MATCH(A37,Crop_data_codes,0),2) -> #REF! | C37: =INDEX(Crop_data,MATCH(A37,Crop_data_codes,0),3) -> #REF! | D37: =INDEX(Crop_data,MATCH(A37,Crop_data_codes,0),4) -> #REF! | E37: =IF(D37="Yes", SUM(F37:N37),"") -> #REF! | F37: =IF(D37="YES",INDEX(Crop_data,MATCH(A37,Crop_data_codes,0),7)*(Frac_BAT*EF_min_fert_BAT_CH4+Frac_AN*EF_min_fert_AN_CH4)/INDEX(Crop_data,MATCH(A37,Crop_data_codes,0),6),"") -> #REF! | G37: =IF(D37="YES",EF_capital_goods_CH4,"") -> #REF! | J37: =IF(D37="YES",INDEX(Crop_data,MATCH(A37,Crop_data_codes,0),11)*Heating_value_diesel*EF_diesel_CH4/INDEX(Crop_data,MATCH(A37,Crop_data_codes,0),6),"") -> #REF! | L37: =IF(D37="YES",INDEX(Crop_data,MATCH(A37,Crop_data_codes,0),12)*EF_irrigation_CH4/INDEX(Crop_data,MATCH(A37,Crop_data_codes,0),6),"") -> #REF! | M37: =IF(D37="Yes",INDEX(Post_harvest_energy_data,MATCH(C37,Post_harvest_energy_categories,0),2)*EF_heating_oil_CH4+INDEX(Post_harvest_energy_data,MATCH(C37,Post_harvest_energy_categories,0),3)*EF_electricity_CH4+INDEX(Post_harvest_energy_data,MATCH(C37,Post_harvest_energy_categories,0),4)*EF_chips_CH4,"") -> #REF!
A38: 01232 | B38: =INDEX(Crop_data,MATCH(A38,Crop_data_codes,0),2) -> #REF! | C38: =INDEX(Crop_data,MATCH(A38,Crop_data_codes,0),3) -> #REF! | D38: =INDEX(Crop_data,MATCH(A38,Crop_data_codes,0),4) -> #REF! | E38: =IF(D38="Yes", SUM(F38:N38),"") -> #REF! | F38: =IF(D38="YES",INDEX(Crop_data,MATCH(A38,Crop_data_codes,0),7)*(Frac_BAT*EF_min_fert_BAT_CH4+Frac_AN*EF_min_fert_AN_CH4)/INDEX(Crop_data,MATCH(A38,Crop_data_codes,0),6),"") -> #REF! | G38: =IF(D38="YES",EF_capital_goods_CH4,"") -> #REF! | J38: =IF(D38="YES",INDEX(Crop_data,MATCH(A38,Crop_data_codes,0),11)*Heating_value_diesel*EF_diesel_CH4/INDEX(Crop_data,MATCH(A38,Crop_data_codes,0),6),"") -> #REF! | K38: =Energy!B22/INDEX(Crop_data,MATCH(A38,Crop_data_codes,0),6)*INDEX(Crop_data,MATCH(A38,Crop_data_codes,0),5)/100 -> #REF! | L38: =IF(D38="YES",INDEX(Crop_data,MATCH(A38,Crop_data_codes,0),12)*EF_irrigation_CH4/INDEX(Crop_data,MATCH(A38,Crop_data_codes,0),6),"") -> #REF! | M38: =IF(D38="Yes",INDEX(Post_harvest_energy_data,MATCH(C38,Post_harvest_energy_categories,0),2)*EF_heating_oil_CH4+INDEX(Post_harvest_energy_data,MATCH(C38,Post_harvest_energy_categories,0),3)*EF_electricity_CH4+INDEX(Post_harvest_energy_data,MATCH(C38,Post_harvest_energy_categories,0),4)*EF_chips_CH4,"") -> #REF!
A39: 01232_gh | B39: =INDEX(Crop_data,MATCH(A39,Crop_data_codes,0),2) -> #REF! | C39: =INDEX(Crop_data,MATCH(A39,Crop_data_codes,0),3) -> #REF! | D39: =INDEX(Crop_data,MATCH(A39,Crop_data_codes,0),4) -> #REF! | E39: =IF(D39="Yes", SUM(F39:N39),"") -> #REF! | F39: =IF(D39="YES",INDEX(Crop_data,MATCH(A39,Crop_data_codes,0),7)*(Frac_BAT*EF_min_fert_BAT_CH4+Frac_AN*EF_min_fert_AN_CH4)/INDEX(Crop_data,MATCH(A39,Crop_data_codes,0),6),"") -> #REF! | G39: =IF(D39="YES",EF_capital_goods_CH4,"") -> #REF! | J39: =IF(D39="YES",INDEX(Crop_data,MATCH(A39,Crop_data_codes,0),11)*Heating_value_diesel*EF_diesel_CH4/INDEX(Crop_data,MATCH(A39,Crop_data_codes,0),6),"") -> #REF! | K39: =Energy!B22/INDEX(Crop_data,MATCH(A38,Crop_data_codes,0),6) -> #REF! | M39: =IF(D39="Yes",INDEX(Post_harvest_energy_data,MATCH(C39,Post_harvest_energy_categories,0),2)*EF_heating_oil_CH4+INDEX(Post_harvest_energy_data,MATCH(C39,Post_harvest_energy_categories,0),3)*EF_electricity_CH4+INDEX(Post_harvest_energy_data,MATCH(C39,Post_harvest_energy_categories,0),4)*EF_chips_CH4,"") -> #REF!
A40: 01232_of | B40: =INDEX(Crop_data,MATCH(A40,Crop_data_codes,0),2) -> #REF! | C40: =INDEX(Crop_data,MATCH(A40,Crop_data_codes,0),3) -> #REF! | D40: =INDEX(Crop_data,MATCH(A40,Crop_data_codes,0),4) -> #REF! | E40: =IF(D40="Yes", SUM(F40:N40),"") -> #REF! | F40: =IF(D40="YES",INDEX(Crop_data,MATCH(A40,Crop_data_codes,0),7)*(Frac_BAT*EF_min_fert_BAT_CH4+Frac_AN*EF_min_fert_AN_CH4)/INDEX(Crop_data,MATCH(A40,Crop_data_codes,0),6),"") -> #REF! | G40: =IF(D40="YES",EF_capital_goods_CH4,"") -> #REF! | J40: =IF(D40="YES",INDEX(Crop_data,MATCH(A40,Crop_data_codes,0),11)*Heating_value_diesel*EF_diesel_CH4/INDEX(Crop_data,MATCH(A40,Crop_data_codes,0),6),"") -> #REF! | L40: =IF(D40="YES",INDEX(Crop_data,MATCH(A40,Crop_data_codes,0),12)*EF_irrigation_CH4/INDEX(Crop_data,MATCH(A40,Crop_data_codes,0),6),"") -> #REF! | M40: =IF(D40="Yes",INDEX(Post_harvest_energy_data,MATCH(C40,Post_harvest_energy_categories,0),2)*EF_heating_oil_CH4+INDEX(Post_harvest_energy_data,MATCH(C40,Post_harvest_energy_categories,0),3)*EF_electricity_CH4+INDEX(Post_harvest_energy_data,MATCH(C40,Post_harvest_energy_categories,0),4)*EF_chips_CH4,"") -> #REF!
A41: 01351.01 | B41: =INDEX(Crop_data,MATCH(A41,Crop_data_codes,0),2) -> #REF! | C41: =INDEX(Crop_data,MATCH(A41,Crop_data_codes,0),3) -> #REF! | D41: =INDEX(Crop_data,MATCH(A41,Crop_data_codes,0),4) -> #REF! | E41: =IF(D41="Yes", SUM(F41:N41),"") -> #REF! | F41: =IF(D41="YES",INDEX(Crop_data,MATCH(A41,Crop_data_codes,0),7)*(Frac_BAT*EF_min_fert_BAT_CH4+Frac_AN*EF_min_fert_AN_CH4)/INDEX(Crop_data,MATCH(A41,Crop_data_codes,0),6),"") -> #REF! | G41: =IF(D41="YES",EF_capital_goods_CH4,"") -> #REF! | J41: =IF(D41="YES",INDEX(Crop_data,MATCH(A41,Crop_data_codes,0),11)*Heating_value_diesel*EF_diesel_CH4/INDEX(Crop_data,MATCH(A41,Crop_data_codes,0),6),"") -> #REF! | L41: =IF(D41="YES",INDEX(Crop_data,MATCH(A41,Crop_data_codes,0),12)*EF_irrigation_CH4/INDEX(Crop_data,MATCH(A41,Crop_data_codes,0),6),"") -> #REF! | M41: =IF(D41="Yes",INDEX(Post_harvest_energy_data,MATCH(C41,Post_harvest_energy_categories,0),2)*EF_heating_oil_CH4+INDEX(Post_harvest_energy_data,MATCH(C41,Post_harvest_energy_categories,0),3)*EF_electricity_CH4+INDEX(Post_harvest_energy_data,MATCH(C41,Post_harvest_energy_categories,0),4)*EF_chips_CH4,"") -> #REF!
A42: 01314 | B42: =INDEX(Crop_data,MATCH(A42,Crop_data_codes,0),2) -> #REF! | C42: =INDEX(Crop_data,MATCH(A42,Crop_data_codes,0),3) -> #REF! | D42: =INDEX(Crop_data,MATCH(A42,Crop_data_codes,0),4) -> #REF! | E42: =IF(D42="Yes", SUM(F42:N42),"") -> #REF! | F42: =IF(D42="YES",INDEX(Crop_data,MATCH(A42,Crop_data_codes,0),7)*(Frac_BAT*EF_min_fert_BAT_CH4+Frac_AN*EF_min_fert_AN_CH4)/INDEX(Crop_data,MATCH(A42,Crop_data_codes,0),6),"") -> #REF! | G42: =IF(D42="YES",EF_capital_goods_CH4,"") -> #REF! | J42: =IF(D42="YES",INDEX(Crop_data,MATCH(A42,Crop_data_codes,0),11)*Heating_value_diesel*EF_diesel_CH4/INDEX(Crop_data,MATCH(A42,Crop_data_codes,0),6),"") -> #REF! | L42: =IF(D42="YES",INDEX(Crop_data,MATCH(A42,Crop_data_codes,0),12)*EF_irrigation_CH4/INDEX(Crop_data,MATCH(A42,Crop_data_codes,0),6),"") -> #REF! | M42: =IF(D42="Yes",INDEX(Post_harvest_energy_data,MATCH(C42,Post_harvest_energy_categories,0),2)*EF_heating_oil_CH4+INDEX(Post_harvest_energy_data,MATCH(C42,Post_harvest_energy_categories,0),3)*EF_electricity_CH4+INDEX(Post_harvest_energy_data,MATCH(C42,Post_harvest_energy_categories,0),4)*EF_chips_CH4,"") -> #REF!
A43: 01599.10 | B43: =INDEX(Crop_data,MATCH(A43,Crop_data_codes,0),2) -> #REF! | C43: =INDEX(Crop_data,MATCH(A43,Crop_data_codes,0),3) -> #REF! | D43: =INDEX(Crop_data,MATCH(A43,Crop_data_codes,0),4) -> #REF! | E43: =IF(D43="Yes", SUM(F43:N43),"") -> #REF! | F43: =IF(D43="YES",INDEX(Crop_data,MATCH(A43,Crop_data_codes,0),7)*(Frac_BAT*EF_min_fert_BAT_CH4+Frac_AN*EF_min_fert_AN_CH4)/INDEX(Crop_data,MATCH(A43,Crop_data_codes,0),6),"") -> #REF! | G43: =IF(D43="YES",EF_capital_goods_CH4,"") -> #REF! | J43: =IF(D43="YES",INDEX(Crop_data,MATCH(A43,Crop_data_codes,0),11)*Heating_value_diesel*EF_diesel_CH4/INDEX(Crop_data,MATCH(A43,Crop_data_codes,0),6),"") -> #REF! | L43: =IF(D43="YES",INDEX(Crop_data,MATCH(A43,Crop_data_codes,0),12)*EF_irrigation_CH4/INDEX(Crop_data,MATCH(A43,Crop_data_codes,0),6),"") -> #REF! | M43: =IF(D43="Yes",INDEX(Post_harvest_energy_data,MATCH(C43,Post_harvest_energy_categories,0),2)*EF_heating_oil_CH4+INDEX(Post_harvest_energy_data,MATCH(C43,Post_harvest_energy_categories,0),3)*EF_electricity_CH4+INDEX(Post_harvest_energy_data,MATCH(C43,Post_harvest_energy_categories,0),4)*EF_chips_CH4,"") -> #REF!
A44: 01233 | B44: =INDEX(Crop_data,MATCH(A44,Crop_data_codes,0),2) -> #REF! | C44: =INDEX(Crop_data,MATCH(A44,Crop_data_codes,0),3) -> #REF! | D44: =INDEX(Crop_data,MATCH(A44,Crop_data_codes,0),4) -> #REF! | E44: =IF(D44="Yes", SUM(F44:N44),"") -> #REF! | F44: =IF(D44="YES",INDEX(Crop_data,MATCH(A44,Crop_data_codes,0),7)*(Frac_BAT*EF_min_fert_BAT_CH4+Frac_AN*EF_min_fert_AN_CH4)/INDEX(Crop_data,MATCH(A44,Crop_data_codes,0),6),"") -> #REF! | G44: =IF(D44="YES",EF_capital_goods_CH4,"") -> #REF! | J44: =IF(D44="YES",INDEX(Crop_data,MATCH(A44,Crop_data_codes,0),11)*Heating_value_diesel*EF_diesel_CH4/INDEX(Crop_data,MATCH(A44,Crop_data_codes,0),6),"") -> #REF! | L44: =IF(D44="YES",INDEX(Crop_data,MATCH(A44,Crop_data_codes,0),12)*EF_irrigation_CH4/INDEX(Crop_data,MATCH(A44,Crop_data_codes,0),6),"") -> #REF! | M44: =IF(D44="Yes",INDEX(Post_harvest_energy_data,MATCH(C44,Post_harvest_energy_categories,0),2)*EF_heating_oil_CH4+INDEX(Post_harvest_energy_data,MATCH(C44,Post_harvest_energy_categories,0),3)*EF_electricity_CH4+INDEX(Post_harvest_energy_data,MATCH(C44,Post_harvest_energy_categories,0),4)*EF_chips_CH4,"") -> #REF!
A45: 01315 | B45: =INDEX(Crop_data,MATCH(A45,Crop_data_codes,0),2) -> #REF! | C45: =INDEX(Crop_data,MATCH(A45,Crop_data_codes,0),3) -> #REF! | D45: =INDEX(Crop_data,MATCH(A45,Crop_data_codes,0),4) -> #REF! | E45: =IF(D45="Yes", SUM(F45:N45),"") -> #REF! | F45: =IF(D45="YES",INDEX(Crop_data,MATCH(A45,Crop_data_codes,0),7)*(Frac_BAT*EF_min_fert_BAT_CH4+Frac_AN*EF_min_fert_AN_CH4)/INDEX(Crop_data,MATCH(A45,Crop_data_codes,0),6),"") -> #REF! | G45: =IF(D45="YES",EF_capital_goods_CH4,"") -> #REF! | J45: =IF(D45="YES",INDEX(Crop_data,MATCH(A45,Crop_data_codes,0),11)*Heating_value_diesel*EF_diesel_CH4/INDEX(Crop_data,MATCH(A45,Crop_data_codes,0),6),"") -> #REF! | L45: =IF(D45="YES",INDEX(Crop_data,MATCH(A45,Crop_data_codes,0),12)*EF_irrigation_CH4/INDEX(Crop_data,MATCH(A45,Crop_data_codes,0),6),"") -> #REF! | M45: =IF(D45="Yes",INDEX(Post_harvest_energy_data,MATCH(C45,Post_harvest_energy_categories,0),2)*EF_heating_oil_CH4+INDEX(Post_harvest_energy_data,MATCH(C45,Post_harvest_energy_categories,0),3)*EF_electricity_CH4+INDEX(Post_harvest_energy_data,MATCH(C45,Post_harvest_energy_categories,0),4)*EF_chips_CH4,"") -> #REF!
A46: 01351.02 | B46: =INDEX(Crop_data,MATCH(A46,Crop_data_codes,0),2) -> #REF! | C46: =INDEX(Crop_data,MATCH(A46,Crop_data_codes,0),3) -> #REF! | D46: =INDEX(Crop_data,MATCH(A46,Crop_data_codes,0),4) -> #REF! | E46: =IF(D46="Yes", SUM(F46:N46),"") -> #REF! | F46: =IF(D46="YES",INDEX(Crop_data,MATCH(A46,Crop_data_codes,0),7)*(Frac_BAT*EF_min_fert_BAT_CH4+Frac_AN*EF_min_fert_AN_CH4)/INDEX(Crop_data,MATCH(A46,Crop_data_codes,0),6),"") -> #REF! | G46: =IF(D46="YES",EF_capital_goods_CH4,"") -> #REF! | J46: =IF(D46="YES",INDEX(Crop_data,MATCH(A46,Crop_data_codes,0),11)*Heating_value_diesel*EF_diesel_CH4/INDEX(Crop_data,MATCH(A46,Crop_data_codes,0),6),"") -> #REF! | L46: =IF(D46="YES",INDEX(Crop_data,MATCH(A46,Crop_data_codes,0),12)*EF_irrigation_CH4/INDEX(Crop_data,MATCH(A46,Crop_data_codes,0),6),"") -> #REF! | M46: =IF(D46="Yes",INDEX(Post_harvest_energy_data,MATCH(C46,Post_harvest_energy_categories,0),2)*EF_heating_oil_CH4+INDEX(Post_harvest_energy_data,MATCH(C46,Post_harvest_energy_categories,0),3)*EF_electricity_CH4+INDEX(Post_harvest_energy_data,MATCH(C46,Post_harvest_energy_categories,0),4)*EF_chips_CH4,"") -> #REF!
A47: 01330 | B47: =INDEX(Crop_data,MATCH(A47,Crop_data_codes,0),2) -> #REF! | C47: =INDEX(Crop_data,MATCH(A47,Crop_data_codes,0),3) -> #REF! | D47: =INDEX(Crop_data,MATCH(A47,Crop_data_codes,0),4) -> #REF! | E47: =IF(D47="Yes", SUM(F47:N47),"") -> #REF! | F47: =IF(D47="YES",INDEX(Crop_data,MATCH(A47,Crop_data_codes,0),7)*(Frac_BAT*EF_min_fert_BAT_CH4+Frac_AN*EF_min_fert_AN_CH4)/INDEX(Crop_data,MATCH(A47,Crop_data_codes,0),6),"") -> #REF! | G47: =IF(D47="YES",EF_capital_goods_CH4,"") -> #REF! | J47: =IF(D47="YES",INDEX(Crop_data,MATCH(A47,Crop_data_codes,0),11)*Heating_value_diesel*EF_diesel_CH4/INDEX(Crop_data,MATCH(A47,Crop_data_codes,0),6),"") -> #REF! | L47: =IF(D47="YES",INDEX(Crop_data,MATCH(A47,Crop_data_codes,0),12)*EF_irrigation_CH4/INDEX(Crop_data,MATCH(A47,Crop_data_codes,0),6),"") -> #REF! | M47: =IF(D47="Yes",INDEX(Post_harvest_energy_data,MATCH(C47,Post_harvest_energy_categories,0),2)*EF_heating_oil_CH4+INDEX(Post_harvest_energy_data,MATCH(C47,Post_harvest_energy_categories,0),3)*EF_electricity_CH4+INDEX(Post_harvest_energy_data,MATCH(C47,Post_harvest_energy_categories,0),4)*EF_chips_CH4,"") -> #REF!
A48: 01290.01 | B48: =INDEX(Crop_data,MATCH(A48,Crop_data_codes,0),2) -> #REF! | C48: =INDEX(Crop_data,MATCH(A48,Crop_data_codes,0),3) -> #REF! | D48: =INDEX(Crop_data,MATCH(A48,Crop_data_codes,0),4) -> #REF! | E48: =IF(D48="Yes", SUM(F48:N48),"") -> #REF! | F48: =IF(D48="YES",INDEX(Crop_data,MATCH(A48,Crop_data_codes,0),7)*(Frac_BAT*EF_min_fert_BAT_CH4+Frac_AN*EF_min_fert_AN_CH4)/INDEX(Crop_data,MATCH(A48,Crop_data_codes,0),6),"") -> #REF! | G48: =IF(D48="YES",EF_capital_goods_CH4,"") -> #REF! | J48: =IF(D48="YES",INDEX(Crop_data,MATCH(A48,Crop_data_codes,0),11)*Heating_value_diesel*EF_diesel_CH4/INDEX(Crop_data,MATCH(A48,Crop_data_codes,0),6),"") -> #REF! | L48: =IF(D48="YES",INDEX(Crop_data,MATCH(A48,Crop_data_codes,0),12)*EF_irrigation_CH4/INDEX(Crop_data,MATCH(A48,Crop_data_codes,0),6),"") -> #REF! | M48: =IF(D48="Yes",INDEX(Post_harvest_energy_data,MATCH(C48,Post_harvest_energy_categories,0),2)*EF_heating_oil_CH4+INDEX(Post_harvest_energy_data,MATCH(C48,Post_harvest_energy_categories,0),3)*EF_electricity_CH4+INDEX(Post_harvest_energy_data,MATCH(C48,Post_harvest_energy_categories,0),4)*EF_chips_CH4,"") -> #REF!
A49: 01252 | B49: =INDEX(Crop_data,MATCH(A49,Crop_data_codes,0),2) -> #REF! | C49: =INDEX(Crop_data,MATCH(A49,Crop_data_codes,0),3) -> #REF! | D49: =INDEX(Crop_data,MATCH(A49,Crop_data_codes,0),4) -> #REF! | E49: =IF(D49="Yes", SUM(F49:N49),"") -> #REF! | F49: =IF(D49="YES",INDEX(Crop_data,MATCH(A49,Crop_data_codes,0),7)*(Frac_BAT*EF_min_fert_BAT_CH4+Frac_AN*EF_min_fert_AN_CH4)/INDEX(Crop_data,MATCH(A49,Crop_data_codes,0),6),"") -> #REF! | G49: =IF(D49="YES",EF_capital_goods_CH4,"") -> #REF! | J49: =IF(D49="YES",INDEX(Crop_data,MATCH(A49,Crop_data_codes,0),11)*Heating_value_diesel*EF_diesel_CH4/INDEX(Crop_data,MATCH(A49,Crop_data_codes,0),6),"") -> #REF! | L49: =IF(D49="YES",INDEX(Crop_data,MATCH(A49,Crop_data_codes,0),12)*EF_irrigation_CH4/INDEX(Crop_data,MATCH(A49,Crop_data_codes,0),6),"") -> #REF! | M49: =IF(D49="Yes",INDEX(Post_harvest_energy_data,MATCH(C49,Post_harvest_energy_categories,0),2)*EF_heating_oil_CH4+INDEX(Post_harvest_energy_data,MATCH(C49,Post_harvest_energy_categories,0),3)*EF_electricity_CH4+INDEX(Post_harvest_energy_data,MATCH(C49,Post_harvest_energy_categories,0),4)*EF_chips_CH4,"") -> #REF!
A50: 0142 | B50: =INDEX(Crop_data,MATCH(A50,Crop_data_codes,0),2) -> #REF! | C50: =INDEX(Crop_data,MATCH(A50,Crop_data_codes,0),3) -> #REF! | D50: =INDEX(Crop_data,MATCH(A50,Crop_data_codes,0),4) -> #REF! | E50: =IF(D50="Yes", SUM(F50:N50),"") -> #REF! | F50: =IF(D50="YES",INDEX(Crop_data,MATCH(A50,Crop_data_codes,0),7)*(Frac_BAT*EF_min_fert_BAT_CH4+Frac_AN*EF_min_fert_AN_CH4)/INDEX(Crop_data,MATCH(A50,Crop_data_codes,0),6),"") -> #REF! | G50: =IF(D50="YES",EF_capital_goods_CH4,"") -> #REF! | J50: =IF(D50="YES",INDEX(Crop_data,MATCH(A50,Crop_data_codes,0),11)*Heating_value_diesel*EF_diesel_CH4/INDEX(Crop_data,MATCH(A50,Crop_data_codes,0),6),"") -> #REF! | L50: =IF(D50="YES",INDEX(Crop_data,MATCH(A50,Crop_data_codes,0),12)*EF_irrigation_CH4/INDEX(Crop_data,MATCH(A50,Crop_data_codes,0),6),"") -> #REF! | M50: =IF(D50="Yes",INDEX(Post_harvest_energy_data,MATCH(C50,Post_harvest_energy_categories,0),2)*EF_heating_oil_CH4+INDEX(Post_harvest_energy_data,MATCH(C50,Post_harvest_energy_categories,0),3)*EF_electricity_CH4+INDEX(Post_harvest_energy_data,MATCH(C50,Post_harvest_energy_categories,0),4)*EF_chips_CH4,"") -> #REF!
A51: 01374 | B51: =INDEX(Crop_data,MATCH(A51,Crop_data_codes,0),2) -> #REF! | C51: =INDEX(Crop_data,MATCH(A51,Crop_data_codes,0),3) -> #REF! | D51: =INDEX(Crop_data,MATCH(A51,Crop_data_codes,0),4) -> #REF! | E51: =IF(D51="Yes", SUM(F51:N51),"") -> #REF! | F51: =IF(D51="YES",INDEX(Crop_data,MATCH(A51,Crop_data_codes,0),7)*(Frac_BAT*EF_min_fert_BAT_CH4+Frac_AN*EF_min_fert_AN_CH4)/INDEX(Crop_data,MATCH(A51,Crop_data_codes,0),6),"") -> #REF! | G51: =IF(D51="YES",EF_capital_goods_CH4,"") -> #REF! | J51: =IF(D51="YES",INDEX(Crop_data,MATCH(A51,Crop_data_codes,0),11)*Heating_value_diesel*EF_diesel_CH4/INDEX(Crop_data,MATCH(A51,Crop_data_codes,0),6),"") -> #REF! | L51: =IF(D51="YES",INDEX(Crop_data,MATCH(A51,Crop_data_codes,0),12)*EF_irrigation_CH4/INDEX(Crop_data,MATCH(A51,Crop_data_codes,0),6),"") -> #REF! | M51: =IF(D51="Yes",INDEX(Post_harvest_energy_data,MATCH(C51,Post_harvest_energy_categories,0),2)*EF_heating_oil_CH4+INDEX(Post_harvest_energy_data,MATCH(C51,Post_harvest_energy_categories,0),3)*EF_electricity_CH4+INDEX(Post_harvest_energy_data,MATCH(C51,Post_harvest_energy_categories,0),4)*EF_chips_CH4,"") -> #REF!
... A105: 01324 | B105: =INDEX(Crop_data,MATCH(A105,Crop_data_codes,0),2) -> #REF! | C105: =INDEX(Crop_data,MATCH(A105,Crop_data_codes,0),3) -> #REF! | D105: =INDEX(Crop_data,MATCH(A105,Crop_data_codes,0),4) -> #REF! | E105: =IF(D105="Yes", SUM(F105:N105),"") -> #REF! | F105: =IF(D105="YES",INDEX(Crop_data,MATCH(A105,Crop_data_codes,0),7)*(Frac_BAT*EF_min_fert_BAT_CH4+Frac_AN*EF_min_fert_AN_CH4)/INDEX(Crop_data,MATCH(A105,Crop_data_codes,0),6),"") -> #REF! | G105: =IF(D105="YES",EF_capital_goods_CH4,"") -> #REF! | J105: =IF(D105="YES",INDEX(Crop_data,MATCH(A105,Crop_data_codes,0),11)*Heating_value_diesel*EF_diesel_CH4/INDEX(Crop_data,MATCH(A105,Crop_data_codes,0),6),"") -> #REF! | L105: =IF(D105="YES",INDEX(Crop_data,MATCH(A105,Crop_data_codes,0),12)*EF_irrigation_CH4/INDEX(Crop_data,MATCH(A105,Crop_data_codes,0),6),"") -> #REF! | M105: =IF(D105="Yes",INDEX(Post_harvest_energy_data,MATCH(C105,Post_harvest_energy_categories,0),2)*EF_heating_oil_CH4+INDEX(Post_harvest_energy_data,MATCH(C105,Post_harvest_energy_categories,0),3)*EF_electricity_CH4+INDEX(Post_harvest_energy_data,MATCH(C105,Post_harvest_energy_categories,0),4)*EF_chips_CH4,"") -> #REF!
A106: 01234 | B106: =INDEX(Crop_data,MATCH(A106,Crop_data_codes,0),2) -> #REF! | C106: =INDEX(Crop_data,MATCH(A106,Crop_data_codes,0),3) -> #REF! | D106: =INDEX(Crop_data,MATCH(A106,Crop_data_codes,0),4) -> #REF! | E106: =IF(D106="Yes", SUM(F106:N106),"") -> #REF! | F106: =IF(D106="YES",INDEX(Crop_data,MATCH(A106,Crop_data_codes,0),7)*(Frac_BAT*EF_min_fert_BAT_CH4+Frac_AN*EF_min_fert_AN_CH4)/INDEX(Crop_data,MATCH(A106,Crop_data_codes,0),6),"") -> #REF! | G106: =IF(D106="YES",EF_capital_goods_CH4,"") -> #REF! | J106: =IF(D106="YES",INDEX(Crop_data,MATCH(A106,Crop_data_codes,0),11)*Heating_value_diesel*EF_diesel_CH4/INDEX(Crop_data,MATCH(A106,Crop_data_codes,0),6),"") -> #REF! | K106: =Energy!C22/INDEX(Crop_data,MATCH(A106,Crop_data_codes,0),6)*INDEX(Crop_data,MATCH(A106,Crop_data_codes,0),5)/100 -> #REF! | M106: =IF(D106="Yes",INDEX(Post_harvest_energy_data,MATCH(C106,Post_harvest_energy_categories,0),2)*EF_heating_oil_CH4+INDEX(Post_harvest_energy_data,MATCH(C106,Post_harvest_energy_categories,0),3)*EF_electricity_CH4+INDEX(Post_harvest_energy_data,MATCH(C106,Post_harvest_energy_categories,0),4)*EF_chips_CH4,"") -> #REF!
A107: 01234_gh | B107: =INDEX(Crop_data,MATCH(A107,Crop_data_codes,0),2) -> #REF! | C107: =INDEX(Crop_data,MATCH(A107,Crop_data_codes,0),3) -> #REF! | D107: =INDEX(Crop_data,MATCH(A107,Crop_data_codes,0),4) -> #REF! | E107: =IF(D107="Yes", SUM(F107:N107),"") -> #REF! | F107: =IF(D107="YES",INDEX(Crop_data,MATCH(A107,Crop_data_codes,0),7)*(Frac_BAT*EF_min_fert_BAT_CH4+Frac_AN*EF_min_fert_AN_CH4)/INDEX(Crop_data,MATCH(A107,Crop_data_codes,0),6),"") -> #REF! | G107: =IF(D107="YES",EF_capital_goods_CH4,"") -> #REF! | J107: =IF(D107="YES",INDEX(Crop_data,MATCH(A107,Crop_data_codes,0),11)*Heating_value_diesel*EF_diesel_CH4/INDEX(Crop_data,MATCH(A107,Crop_data_codes,0),6),"") -> #REF! | M107: =IF(D107="Yes",INDEX(Post_harvest_energy_data,MATCH(C107,Post_harvest_energy_categories,0),2)*EF_heating_oil_CH4+INDEX(Post_harvest_energy_data,MATCH(C107,Post_harvest_energy_categories,0),3)*EF_electricity_CH4+INDEX(Post_harvest_energy_data,MATCH(C107,Post_harvest_energy_categories,0),4)*EF_chips_CH4,"") -> #REF!
A108: 01234_of | B108: =INDEX(Crop_data,MATCH(A108,Crop_data_codes,0),2) -> #REF! | C108: =INDEX(Crop_data,MATCH(A108,Crop_data_codes,0),3) -> #REF! | D108: =INDEX(Crop_data,MATCH(A108,Crop_data_codes,0),4) -> #REF! | E108: =IF(D108="Yes", SUM(F108:N108),"") -> #REF! | F108: =IF(D108="YES",INDEX(Crop_data,MATCH(A108,Crop_data_codes,0),7)*(Frac_BAT*EF_min_fert_BAT_CH4+Frac_AN*EF_min_fert_AN_CH4)/INDEX(Crop_data,MATCH(A108,Crop_data_codes,0),6),"") -> #REF! | G108: =IF(D108="YES",EF_capital_goods_CH4,"") -> #REF! | J108: =IF(D108="YES",INDEX(Crop_data,MATCH(A108,Crop_data_codes,0),11)*Heating_value_diesel*EF_diesel_CH4/INDEX(Crop_data,MATCH(A108,Crop_data_codes,0),6),"") -> #REF! | L108: =IF(D108="YES",INDEX(Crop_data,MATCH(A108,Crop_data_codes,0),12)*EF_irrigation_CH4/INDEX(Crop_data,MATCH(A108,Crop_data_codes,0),6),"") -> #REF! | M108: =IF(D108="Yes",INDEX(Post_harvest_energy_data,MATCH(C108,Post_harvest_energy_categories,0),2)*EF_heating_oil_CH4+INDEX(Post_harvest_energy_data,MATCH(C108,Post_harvest_energy_categories,0),3)*EF_electricity_CH4+INDEX(Post_harvest_energy_data,MATCH(C108,Post_harvest_energy_categories,0),4)*EF_chips_CH4,"") -> #REF!
A109: 01191 | B109: =INDEX(Crop_data,MATCH(A109,Crop_data_codes,0),2) -> #REF! | C109: =INDEX(Crop_data,MATCH(A109,Crop_data_codes,0),3) -> #REF! | D109: =INDEX(Crop_data,MATCH(A109,Crop_data_codes,0),4) -> #REF! | E109: =IF(D109="Yes", SUM(F109:N109),"") -> #REF! | F109: =IF(D109="YES",INDEX(Crop_data,MATCH(A109,Crop_data_codes,0),7)*(Frac_BAT*EF_min_fert_BAT_CH4+Frac_AN*EF_min_fert_AN_CH4)/INDEX(Crop_data,MATCH(A109,Crop_data_codes,0),6),"") -> #REF! | G109: =IF(D109="YES",EF_capital_goods_CH4,"") -> #REF! | J109: =IF(D109="YES",INDEX(Crop_data,MATCH(A109,Crop_data_codes,0),11)*Heating_value_diesel*EF_diesel_CH4/INDEX(Crop_data,MATCH(A109,Crop_data_codes,0),6),"") -> #REF! | L109: =IF(D109="YES",INDEX(Crop_data,MATCH(A109,Crop_data_codes,0),12)*EF_irrigation_CH4/INDEX(Crop_data,MATCH(A109,Crop_data_codes,0),6),"") -> #REF! | M109: =IF(D109="Yes",INDEX(Post_harvest_energy_data,MATCH(C109,Post_harvest_energy_categories,0),2)*EF_heating_oil_CH4+INDEX(Post_harvest_energy_data,MATCH(C109,Post_harvest_energy_categories,0),3)*EF_electricity_CH4+INDEX(Post_harvest_energy_data,MATCH(C109,Post_harvest_energy_categories,0),4)*EF_chips_CH4,"") -> #REF!
A110: 01929.02 | B110: =INDEX(Crop_data,MATCH(A110,Crop_data_codes,0),2) -> #REF! | C110: =INDEX(Crop_data,MATCH(A110,Crop_data_codes,0),3) -> #REF! | D110: =INDEX(Crop_data,MATCH(A110,Crop_data_codes,0),4) -> #REF! | E110: =IF(D110="Yes", SUM(F110:N110),"") -> #REF! | F110: =IF(D110="YES",INDEX(Crop_data,MATCH(A110,Crop_data_codes,0),7)*(Frac_BAT*EF_min_fert_BAT_CH4+Frac_AN*EF_min_fert_AN_CH4)/INDEX(Crop_data,MATCH(A110,Crop_data_codes,0),6),"") -> #REF! | G110: =IF(D110="YES",EF_capital_goods_CH4,"") -> #REF! | J110: =IF(D110="YES",INDEX(Crop_data,MATCH(A110,Crop_data_codes,0),11)*Heating_value_diesel*EF_diesel_CH4/INDEX(Crop_data,MATCH(A110,Crop_data_codes,0),6),"") -> #REF! | L110: =IF(D110="YES",INDEX(Crop_data,MATCH(A110,Crop_data_codes,0),12)*EF_irrigation_CH4/INDEX(Crop_data,MATCH(A110,Crop_data_codes,0),6),"") -> #REF! | M110: =IF(D110="Yes",INDEX(Post_harvest_energy_data,MATCH(C110,Post_harvest_energy_categories,0),2)*EF_heating_oil_CH4+INDEX(Post_harvest_energy_data,MATCH(C110,Post_harvest_energy_categories,0),3)*EF_electricity_CH4+INDEX(Post_harvest_energy_data,MATCH(C110,Post_harvest_energy_categories,0),4)*EF_chips_CH4,"") -> #REF!
A111: 01709.01 | B111: =INDEX(Crop_data,MATCH(A111,Crop_data_codes,0),2) -> #REF! | C111: =INDEX(Crop_data,MATCH(A111,Crop_data_codes,0),3) -> #REF! | D111: =INDEX(Crop_data,MATCH(A111,Crop_data_codes,0),4) -> #REF! | E111: =IF(D111="Yes", SUM(F111:N111),"") -> #REF! | F111: =IF(D111="YES",INDEX(Crop_data,MATCH(A111,Crop_data_codes,0),7)*(Frac_BAT*EF_min_fert_BAT_CH4+Frac_AN*EF_min_fert_AN_CH4)/INDEX(Crop_data,MATCH(A111,Crop_data_codes,0),6),"") -> #REF! | G111: =IF(D111="YES",EF_capital_goods_CH4,"") -> #REF! | J111: =IF(D111="YES",INDEX(Crop_data,MATCH(A111,Crop_data_codes,0),11)*Heating_value_diesel*EF_diesel_CH4/INDEX(Crop_data,MATCH(A111,Crop_data_codes,0),6),"") -> #REF! | L111: =IF(D111="YES",INDEX(Crop_data,MATCH(A111,Crop_data_codes,0),12)*EF_irrigation_CH4/INDEX(Crop_data,MATCH(A111,Crop_data_codes,0),6),"") -> #REF! | M111: =IF(D111="Yes",INDEX(Post_harvest_energy_data,MATCH(C111,Post_harvest_energy_categories,0),2)*EF_heating_oil_CH4+INDEX(Post_harvest_energy_data,MATCH(C111,Post_harvest_energy_categories,0),3)*EF_electricity_CH4+INDEX(Post_harvest_energy_data,MATCH(C111,Post_harvest_energy_categories,0),4)*EF_chips_CH4,"") -> #REF!
A112: 01376 | B112: =INDEX(Crop_data,MATCH(A112,Crop_data_codes,0),2) -> #REF! | C112: =INDEX(Crop_data,MATCH(A112,Crop_data_codes,0),3) -> #REF! | D112: =INDEX(Crop_data,MATCH(A112,Crop_data_codes,0),4) -> #REF! | E112: =IF(D112="Yes", SUM(F112:N112),"") -> #REF! | F112: =IF(D112="YES",INDEX(Crop_data,MATCH(A112,Crop_data_codes,0),7)*(Frac_BAT*EF_min_fert_BAT_CH4+Frac_AN*EF_min_fert_AN_CH4)/INDEX(Crop_data,MATCH(A112,Crop_data_codes,0),6),"") -> #REF! | G112: =IF(D112="YES",EF_capital_goods_CH4,"") -> #REF! | J112: =IF(D112="YES",INDEX(Crop_data,MATCH(A112,Crop_data_codes,0),11)*Heating_value_diesel*EF_diesel_CH4/INDEX(Crop_data,MATCH(A112,Crop_data_codes,0),6),"") -> #REF! | L112: =IF(D112="YES",INDEX(Crop_data,MATCH(A112,Crop_data_codes,0),12)*EF_irrigation_CH4/INDEX(Crop_data,MATCH(A112,Crop_data_codes,0),6),"") -> #REF! | M112: =IF(D112="Yes",INDEX(Post_harvest_energy_data,MATCH(C112,Post_harvest_energy_categories,0),2)*EF_heating_oil_CH4+INDEX(Post_harvest_energy_data,MATCH(C112,Post_harvest_energy_categories,0),3)*EF_electricity_CH4+INDEX(Post_harvest_energy_data,MATCH(C112,Post_harvest_energy_categories,0),4)*EF_chips_CH4,"") -> #REF!
A113: 01221 | B113: =INDEX(Crop_data,MATCH(A113,Crop_data_codes,0),2) -> #REF! | C113: =INDEX(Crop_data,MATCH(A113,Crop_data_codes,0),3) -> #REF! | D113: =INDEX(Crop_data,MATCH(A113,Crop_data_codes,0),4) -> #REF! | E113: =IF(D113="Yes", SUM(F113:N113),"") -> #REF! | F113: =IF(D113="YES",INDEX(Crop_data,MATCH(A113,Crop_data_codes,0),7)*(Frac_BAT*EF_min_fert_BAT_CH4+Frac_AN*EF_min_fert_AN_CH4)/INDEX(Crop_data,MATCH(A113,Crop_data_codes,0),6),"") -> #REF! | G113: =IF(D113="YES",EF_capital_goods_CH4,"") -> #REF! | J113: =IF(D113="YES",INDEX(Crop_data,MATCH(A113,Crop_data_codes,0),11)*Heating_value_diesel*EF_diesel_CH4/INDEX(Crop_data,MATCH(A113,Crop_data_codes,0),6),"") -> #REF! | L113: =IF(D113="YES",INDEX(Crop_data,MATCH(A113,Crop_data_codes,0),12)*EF_irrigation_CH4/INDEX(Crop_data,MATCH(A113,Crop_data_codes,0),6),"") -> #REF! | M113: =IF(D113="Yes",INDEX(Post_harvest_energy_data,MATCH(C113,Post_harvest_energy_categories,0),2)*EF_heating_oil_CH4+INDEX(Post_harvest_energy_data,MATCH(C113,Post_harvest_energy_categories,0),3)*EF_electricity_CH4+INDEX(Post_harvest_energy_data,MATCH(C113,Post_harvest_energy_categories,0),4)*EF_chips_CH4,"") -> #REF!
A114: 01221_gh | B114: =INDEX(Crop_data,MATCH(A114,Crop_data_codes,0),2) -> #REF! | C114: =INDEX(Crop_data,MATCH(A114,Crop_data_codes,0),3) -> #REF! | D114: =INDEX(Crop_data,MATCH(A114,Crop_data_codes,0),4) -> #REF! | E114: =IF(D114="Yes", SUM(F114:N114),"") -> #REF! | F114: =IF(D114="YES",INDEX(Crop_data,MATCH(A114,Crop_data_codes,0),7)*(Frac_BAT*EF_min_fert_BAT_CH4+Frac_AN*EF_min_fert_AN_CH4)/INDEX(Crop_data,MATCH(A114,Crop_data_codes,0),6),"") -> #REF! | G114: =IF(D114="YES",EF_capital_goods_CH4,"") -> #REF! | J114: =IF(D114="YES",INDEX(Crop_data,MATCH(A114,Crop_data_codes,0),11)*Heating_value_diesel*EF_diesel_CH4/INDEX(Crop_data,MATCH(A114,Crop_data_codes,0),6),"") -> #REF! | L114: =IF(D114="YES",INDEX(Crop_data,MATCH(A114,Crop_data_codes,0),12)*EF_irrigation_CH4/INDEX(Crop_data,MATCH(A114,Crop_data_codes,0),6),"") -> #REF! | M114: =IF(D114="Yes",INDEX(Post_harvest_energy_data,MATCH(C114,Post_harvest_energy_categories,0),2)*EF_heating_oil_CH4+INDEX(Post_harvest_energy_data,MATCH(C114,Post_harvest_energy_categories,0),3)*EF_electricity_CH4+INDEX(Post_harvest_energy_data,MATCH(C114,Post_harvest_energy_categories,0),4)*EF_chips_CH4,"") -> #REF!
A115: 01221_of | B115: =INDEX(Crop_data,MATCH(A115,Crop_data_codes,0),2) -> #REF! | C115: =INDEX(Crop_data,MATCH(A115,Crop_data_codes,0),3) -> #REF! | D115: =INDEX(Crop_data,MATCH(A115,Crop_data_codes,0),4) -> #REF! | E115: =IF(D115="Yes", SUM(F115:N115),"") -> #REF! | F115: =IF(D115="YES",INDEX(Crop_data,MATCH(A115,Crop_data_codes,0),7)*(Frac_BAT*EF_min_fert_BAT_CH4+Frac_AN*EF_min_fert_AN_CH4)/INDEX(Crop_data,MATCH(A115,Crop_data_codes,0),6),"") -> #REF! | G115: =IF(D115="YES",EF_capital_goods_CH4,"") -> #REF! | J115: =IF(D115="YES",INDEX(Crop_data,MATCH(A115,Crop_data_codes,0),11)*Heating_value_diesel*EF_diesel_CH4/INDEX(Crop_data,MATCH(A115,Crop_data_codes,0),6),"") -> #REF! | L115: =IF(D115="YES",INDEX(Crop_data,MATCH(A115,Crop_data_codes,0),12)*EF_irrigation_CH4/INDEX(Crop_data,MATCH(A115,Crop_data_codes,0),6),"") -> #REF! | M115: =IF(D115="Yes",INDEX(Post_harvest_energy_data,MATCH(C115,Post_harvest_energy_categories,0),2)*EF_heating_oil_CH4+INDEX(Post_harvest_energy_data,MATCH(C115,Post_harvest_energy_categories,0),3)*EF_electricity_CH4+INDEX(Post_harvest_energy_data,MATCH(C115,Post_harvest_energy_categories,0),4)*EF_chips_CH4,"") -> #REF!
A116: 0111 | B116: =INDEX(Crop_data,MATCH(A116,Crop_data_codes,0),2) -> #REF! | C116: =INDEX(Crop_data,MATCH(A116,Crop_data_codes,0),3) -> #REF! | D116: =INDEX(Crop_data,MATCH(A116,Crop_data_codes,0),4) -> #REF! | E116: =IF(D116="Yes", SUM(F116:N116),"") -> #REF! | F116: =IF(D116="YES",INDEX(Crop_data,MATCH(A116,Crop_data_codes,0),7)*(Frac_BAT*EF_min_fert_BAT_CH4+Frac_AN*EF_min_fert_AN_CH4)/INDEX(Crop_data,MATCH(A116,Crop_data_codes,0),6),"") -> #REF! | G116: =IF(D116="YES",EF_capital_goods_CH4,"") -> #REF! | J116: =IF(D116="YES",INDEX(Crop_data,MATCH(A116,Crop_data_codes,0),11)*Heating_value_diesel*EF_diesel_CH4/INDEX(Crop_data,MATCH(A116,Crop_data_codes,0),6),"") -> #REF! | L116: =IF(D116="YES",INDEX(Crop_data,MATCH(A116,Crop_data_codes,0),12)*EF_irrigation_CH4/INDEX(Crop_data,MATCH(A116,Crop_data_codes,0),6),"") -> #REF! | M116: =IF(D116="Yes",INDEX(Post_harvest_energy_data,MATCH(C116,Post_harvest_energy_categories,0),2)*EF_heating_oil_CH4+INDEX(Post_harvest_energy_data,MATCH(C116,Post_harvest_energy_categories,0),3)*EF_electricity_CH4+INDEX(Post_harvest_energy_data,MATCH(C116,Post_harvest_energy_categories,0),4)*EF_chips_CH4,"") -> #REF!
A117: 0111_s | B117: =INDEX(Crop_data,MATCH(A117,Crop_data_codes,0),2) -> #REF! | C117: =INDEX(Crop_data,MATCH(A117,Crop_data_codes,0),3) -> #REF! | D117: =INDEX(Crop_data,MATCH(A117,Crop_data_codes,0),4) -> #REF! | E117: =IF(D117="Yes", SUM(F117:N117),"") -> #REF! | F117: =IF(D117="YES",INDEX(Crop_data,MATCH(A117,Crop_data_codes,0),7)*(Frac_BAT*EF_min_fert_BAT_CH4+Frac_AN*EF_min_fert_AN_CH4)/INDEX(Crop_data,MATCH(A117,Crop_data_codes,0),6),"") -> #REF! | G117: =IF(D117="YES",EF_capital_goods_CH4,"") -> #REF! | J117: =IF(D117="YES",INDEX(Crop_data,MATCH(A117,Crop_data_codes,0),11)*Heating_value_diesel*EF_diesel_CH4/INDEX(Crop_data,MATCH(A117,Crop_data_codes,0),6),"") -> #REF! | L117: =IF(D117="YES",INDEX(Crop_data,MATCH(A117,Crop_data_codes,0),12)*EF_irrigation_CH4/INDEX(Crop_data,MATCH(A117,Crop_data_codes,0),6),"") -> #REF! | M117: =IF(D117="Yes",INDEX(Post_harvest_energy_data,MATCH(C117,Post_harvest_energy_categories,0),2)*EF_heating_oil_CH4+INDEX(Post_harvest_energy_data,MATCH(C117,Post_harvest_energy_categories,0),3)*EF_electricity_CH4+INDEX(Post_harvest_energy_data,MATCH(C117,Post_harvest_energy_categories,0),4)*EF_chips_CH4,"") -> #REF!
A118: 0111_w | B118: =INDEX(Crop_data,MATCH(A118,Crop_data_codes,0),2) -> #REF! | C118: =INDEX(Crop_data,MATCH(A118,Crop_data_codes,0),3) -> #REF! | D118: =INDEX(Crop_data,MATCH(A118,Crop_data_codes,0),4) -> #REF! | E118: =IF(D118="Yes", SUM(F118:N118),"") -> #REF! | F118: =IF(D118="YES",INDEX(Crop_data,MATCH(A118,Crop_data_codes,0),7)*(Frac_BAT*EF_min_fert_BAT_CH4+Frac_AN*EF_min_fert_AN_CH4)/INDEX(Crop_data,MATCH(A118,Crop_data_codes,0),6),"") -> #REF! | G118: =IF(D118="YES",EF_capital_goods_CH4,"") -> #REF! | J118: =IF(D118="YES",INDEX(Crop_data,MATCH(A118,Crop_data_codes,0),11)*Heating_value_diesel*EF_diesel_CH4/INDEX(Crop_data,MATCH(A118,Crop_data_codes,0),6),"") -> #REF! | L118: =IF(D118="YES",INDEX(Crop_data,MATCH(A118,Crop_data_codes,0),12)*EF_irrigation_CH4/INDEX(Crop_data,MATCH(A118,Crop_data_codes,0),6),"") -> #REF! | M118: =IF(D118="Yes",INDEX(Post_harvest_energy_data,MATCH(C118,Post_harvest_energy_categories,0),2)*EF_heating_oil_CH4+INDEX(Post_harvest_energy_data,MATCH(C118,Post_harvest_energy_categories,0),3)*EF_electricity_CH4+INDEX(Post_harvest_energy_data,MATCH(C118,Post_harvest_energy_categories,0),4)*EF_chips_CH4,"") -> #REF!

Sheet Crops CH4, bio
A2: Emissions of CH4 (biogenic) per kg of crop [kg CH4 per kg of crop harvested]
A4: Crops | E4: Sum | F4: Inputs | H4: Soil emissions | J4: Energy use | N4: Land use change
A5: Code | B5: Crops | C5: Categories | D5: Cultivated in country | F5: Production of mineral fertilizer | G5: Production of capital goods | H5: Direct emissions | I5: Indirect emissions | J5: Diesel use field mach | K5: Energy use in greenhouses | L5: Energy use for irrigation | M5: Energy use for post-harvest proc | N5: LUC emissions
A6: 01371 | B6: =INDEX(Crop_data,MATCH(A6,Crop_data_codes,0),2) -> #REF! | C6: =INDEX(Crop_data,MATCH(A6,Crop_data_codes,0),3) -> #REF! | D6: =INDEX(Crop_data,MATCH(A6,Crop_data_codes,0),4) -> #REF!
A7: 01654 | B7: =INDEX(Crop_data,MATCH(A7,Crop_data_codes,0),2) -> #REF! | C7: =INDEX(Crop_data,MATCH(A7,Crop_data_codes,0),3) -> #REF! | D7: =INDEX(Crop_data,MATCH(A7,Crop_data_codes,0),4) -> #REF!
A8: 01341 | B8: =INDEX(Crop_data,MATCH(A8,Crop_data_codes,0),2) -> #REF! | C8: =INDEX(Crop_data,MATCH(A8,Crop_data_codes,0),3) -> #REF! | D8: =INDEX(Crop_data,MATCH(A8,Crop_data_codes,0),4) -> #REF!
A9: 01343 | B9: =INDEX(Crop_data,MATCH(A9,Crop_data_codes,0),2) -> #REF! | C9: =INDEX(Crop_data,MATCH(A9,Crop_data_codes,0),3) -> #REF! | D9: =INDEX(Crop_data,MATCH(A9,Crop_data_codes,0),4) -> #REF!
A10: 01216 | B10: =INDEX(Crop_data,MATCH(A10,Crop_data_codes,0),2) -> #REF! | C10: =INDEX(Crop_data,MATCH(A10,Crop_data_codes,0),3) -> #REF! | D10: =INDEX(Crop_data,MATCH(A10,Crop_data_codes,0),4) -> #REF!
A11: 01211 | B11: =INDEX(Crop_data,MATCH(A11,Crop_data_codes,0),2) -> #REF! | C11: =INDEX(Crop_data,MATCH(A11,Crop_data_codes,0),3) -> #REF! | D11: =INDEX(Crop_data,MATCH(A11,Crop_data_codes,0),4) -> #REF!
A12: 01311 | B12: =INDEX(Crop_data,MATCH(A12,Crop_data_codes,0),2) -> #REF! | C12: =INDEX(Crop_data,MATCH(A12,Crop_data_codes,0),3) -> #REF! | D12: =INDEX(Crop_data,MATCH(A12,Crop_data_codes,0),4) -> #REF!
A13: 01312 | B13: =INDEX(Crop_data,MATCH(A13,Crop_data_codes,0),2) -> #REF! | C13: =INDEX(Crop_data,MATCH(A13,Crop_data_codes,0),3) -> #REF! | D13: =INDEX(Crop_data,MATCH(A13,Crop_data_codes,0),4) -> #REF!
A14: 0115 | B14: =INDEX(Crop_data,MATCH(A14,Crop_data_codes,0),2) -> #REF! | C14: =INDEX(Crop_data,MATCH(A14,Crop_data_codes,0),3) -> #REF! | D14: =INDEX(Crop_data,MATCH(A14,Crop_data_codes,0),4) -> #REF!
A15: 0115_s | B15: =INDEX(Crop_data,MATCH(A15,Crop_data_codes,0),2) -> #REF! | C15: =INDEX(Crop_data,MATCH(A15,Crop_data_codes,0),3) -> #REF! | D15: =INDEX(Crop_data,MATCH(A15,Crop_data_codes,0),4) -> #REF!
A16: 0115_w | B16: =INDEX(Crop_data,MATCH(A16,Crop_data_codes,0),2) -> #REF! | C16: =INDEX(Crop_data,MATCH(A16,Crop_data_codes,0),3) -> #REF! | D16: =INDEX(Crop_data,MATCH(A16,Crop_data_codes,0),4) -> #REF!
A17: 01701 | B17: =INDEX(Crop_data,MATCH(A17,Crop_data_codes,0),2) -> #REF! | C17: =INDEX(Crop_data,MATCH(A17,Crop_data_codes,0),3) -> #REF! | D17: =INDEX(Crop_data,MATCH(A17,Crop_data_codes,0),4) -> #REF!
... A93: 01353.01 | B93: =INDEX(Crop_data,MATCH(A93,Crop_data_codes,0),2) -> #REF! | C93: =INDEX(Crop_data,MATCH(A93,Crop_data_codes,0),3) -> #REF! | D93: =INDEX(Crop_data,MATCH(A93,Crop_data_codes,0),4) -> #REF!
A94: 0113 | B94: =INDEX(Crop_data,MATCH(A94,Crop_data_codes,0),2) -> #REF! | C94: =INDEX(Crop_data,MATCH(A94,Crop_data_codes,0),3) -> #REF! | D94: =INDEX(Crop_data,MATCH(A94,Crop_data_codes,0),4) -> #REF! | E94: =IF(D94="Yes",SUM(F94:N94),"") -> #REF! | H94: 0.04
A95: 0116 | B95: =INDEX(Crop_data,MATCH(A95,Crop_data_codes,0),2) -> #REF! | C95: =INDEX(Crop_data,MATCH(A95,Crop_data_codes,0),3) -> #REF! | D95: =INDEX(Crop_data,MATCH(A95,Crop_data_codes,0),4) -> #REF!
A96: 0114 | B96: =INDEX(Crop_data,MATCH(A96,Crop_data_codes,0),2) -> #REF! | C96: =INDEX(Crop_data,MATCH(A96,Crop_data_codes,0),3) -> #REF! | D96: =INDEX(Crop_data,MATCH(A96,Crop_data_codes,0),4) -> #REF!
A97: 01344.01 | B97: =INDEX(Crop_data,MATCH(A97,Crop_data_codes,0),2) -> #REF! | C97: =INDEX(Crop_data,MATCH(A97,Crop_data_codes,0),3) -> #REF! | D97: =INDEX(Crop_data,MATCH(A97,Crop_data_codes,0),4) -> #REF!
A98: 0141 | B98: =INDEX(Crop_data,MATCH(A98,Crop_data_codes,0),2) -> #REF! | C98: =INDEX(Crop_data,MATCH(A98,Crop_data_codes,0),3) -> #REF! | D98: =INDEX(Crop_data,MATCH(A98,Crop_data_codes,0),4) -> #REF!
A99: 01215 | B99: =INDEX(Crop_data,MATCH(A99,Crop_data_codes,0),2) -> #REF! | C99: =INDEX(Crop_data,MATCH(A99,Crop_data_codes,0),3) -> #REF! | D99: =INDEX(Crop_data,MATCH(A99,Crop_data_codes,0),4) -> #REF!
A100: 01354 | B100: =INDEX(Crop_data,MATCH(A100,Crop_data_codes,0),2) -> #REF! | C100: =INDEX(Crop_data,MATCH(A100,Crop_data_codes,0),3) -> #REF! | D100: =INDEX(Crop_data,MATCH(A100,Crop_data_codes,0),4) -> #REF!
A101: 01801 | B101: =INDEX(Crop_data,MATCH(A101,Crop_data_codes,0),2) -> #REF! | C101: =INDEX(Crop_data,MATCH(A101,Crop_data_codes,0),3) -> #REF! | D101: =INDEX(Crop_data,MATCH(A101,Crop_data_codes,0),4) -> #REF!
A102: 01802 | B102: =INDEX(Crop_data,MATCH(A102,Crop_data_codes,0),2) -> #REF! | C102: =INDEX(Crop_data,MATCH(A102,Crop_data_codes,0),3) -> #REF! | D102: =INDEX(Crop_data,MATCH(A102,Crop_data_codes,0),4) -> #REF!
A103: 01445 | B103: =INDEX(Crop_data,MATCH(A103,Crop_data_codes,0),2) -> #REF! | C103: =INDEX(Crop_data,MATCH(A103,Crop_data_codes,0),3) -> #REF! | D103: =INDEX(Crop_data,MATCH(A103,Crop_data_codes,0),4) -> #REF!
A104: 01530 | B104: =INDEX(Crop_data,MATCH(A104,Crop_data_codes,0),2) -> #REF! | C104: =INDEX(Crop_data,MATCH(A104,Crop_data_codes,0),3) -> #REF! | D104: =INDEX(Crop_data,MATCH(A104,Crop_data_codes,0),4) -> #REF!
A105: 01324 | B105: =INDEX(Crop_data,MATCH(A105,Crop_data_codes,0),2) -> #REF! | C105: =INDEX(Crop_data,MATCH(A105,Crop_data_codes,0),3) -> #REF! | D105: =INDEX(Crop_data,MATCH(A105,Crop_data_codes,0),4) -> #REF!
A106: 01234 | B106: =INDEX(Crop_data,MATCH(A106,Crop_data_codes,0),2) -> #REF! | C106: =INDEX(Crop_data,MATCH(A106,Crop_data_codes,0),3) -> #REF! | D106: =INDEX(Crop_data,MATCH(A106,Crop_data_codes,0),4) -> #REF!
... A118: 0111_w | B118: =INDEX(Crop_data,MATCH(A118,Crop_data_codes,0),2) -> #REF! | C118: =INDEX(Crop_data,MATCH(A118,Crop_data_codes,0),3) -> #REF! | D118: =INDEX(Crop_data,MATCH(A118,Crop_data_codes,0),4) -> #REF!

Sheet Crops N2O
A2: Emissions of N2O per kg of crop [kg N2O per kg of crop harvested]
A4: Crops | E4: Sum | F4: Inputs | H4: Soil emissions | J4: Energy use | N4: Land use change
A5: Code | B5: Crops | C5: Categories | D5: Cultivated in country | F5: Production of mineral fertilizer | G5: Production of capital goods | H5: Direct emissions | I5: Indirect emissions | J5: Diesel use field mach | K5: Energy use in greenhouses | L5: Energy use for irrigation | M5: Energy use for post-harvest proc | N5: LUC emissions
A6: 01371 | B6: =INDEX(Crop_data,MATCH(A6,Crop_data_codes,0),2) -> #REF! | C6: =INDEX(Crop_data,MATCH(A6,Crop_data_codes,0),3) -> #REF! | D6: =INDEX(Crop_data,MATCH(A6,Crop_data_codes,0),4) -> #REF! | E6: =IF(D6="Yes", SUM(F6:N6),"") -> #REF! | F6: =IF(D6="YES",INDEX(Crop_data,MATCH(A6,Crop_data_codes,0),7)*(Frac_BAT*EF_min_fert_BAT_N2O+Frac_AN*EF_min_fert_AN_N2O)/INDEX(Crop_data,MATCH(A6,Crop_data_codes,0),6),"") -> #REF! | G6: =IF(D6="YES",EF_capital_goods_N2O,"") -> #REF! | H6: =IF(D6="YES",(INDEX(Crop_data,MATCH(A6,Crop_data_codes,0),7)*EF_N2O_soils_min_fert+INDEX(Crop_data,MATCH(A6,Crop_data_codes,0),9)*EF_N2O_soils_crop_res)*44/28/INDEX(Crop_data,MATCH(A6,Crop_data_codes,0),6),"") -> #REF! | I6: =IF(D6="Yes",H6*EF_N2O_soils_indirect,"") -> #REF! | J6: =IF(D6="YES",INDEX(Crop_data,MATCH(A6,Crop_data_codes,0),11)*Heating_value_diesel*EF_diesel_N2O/INDEX(Crop_data,MATCH(A6,Crop_data_codes,0),6),"") -> #REF! | L6: =IF(D6="YES",INDEX(Crop_data,MATCH(A6,Crop_data_codes,0),12)*EF_irrigation_N2O/INDEX(Crop_data,MATCH(A6,Crop_data_codes,0),6),"") -> #REF!
A7: 01654 | B7: =INDEX(Crop_data,MATCH(A7,Crop_data_codes,0),2) -> #REF! | C7: =INDEX(Crop_data,MATCH(A7,Crop_data_codes,0),3) -> #REF! | D7: =INDEX(Crop_data,MATCH(A7,Crop_data_codes,0),4) -> #REF! | E7: =IF(D7="Yes", SUM(F7:N7),"") -> #REF! | F7: =IF(D7="YES",INDEX(Crop_data,MATCH(A7,Crop_data_codes,0),7)*(Frac_BAT*EF_min_fert_BAT_N2O+Frac_AN*EF_min_fert_AN_N2O)/INDEX(Crop_data,MATCH(A7,Crop_data_codes,0),6),"") -> #REF! | G7: =IF(D7="YES",EF_capital_goods_N2O,"") -> #REF! | H7: =IF(D7="YES",(INDEX(Crop_data,MATCH(A7,Crop_data_codes,0),7)*EF_N2O_soils_min_fert+INDEX(Crop_data,MATCH(A7,Crop_data_codes,0),9)*EF_N2O_soils_crop_res)*44/28/INDEX(Crop_data,MATCH(A7,Crop_data_codes,0),6),"") -> #REF! | I7: =IF(D7="Yes",H7*EF_N2O_soils_indirect,"") -> #REF! | J7: =IF(D7="YES",INDEX(Crop_data,MATCH(A7,Crop_data_codes,0),11)*Heating_value_diesel*EF_diesel_N2O/INDEX(Crop_data,MATCH(A7,Crop_data_codes,0),6),"") -> #REF! | L7: =IF(D7="YES",INDEX(Crop_data,MATCH(A7,Crop_data_codes,0),12)*EF_irrigation_N2O/INDEX(Crop_data,MATCH(A7,Crop_data_codes,0),6),"") -> #REF!
A8: 01341 | B8: =INDEX(Crop_data,MATCH(A8,Crop_data_codes,0),2) -> #REF! | C8: =INDEX(Crop_data,MATCH(A8,Crop_data_codes,0),3) -> #REF! | D8: =INDEX(Crop_data,MATCH(A8,Crop_data_codes,0),4) -> #REF! | E8: =IF(D8="Yes", SUM(F8:N8),"") -> #REF! | F8: =IF(D8="YES",INDEX(Crop_data,MATCH(A8,Crop_data_codes,0),7)*(Frac_BAT*EF_min_fert_BAT_N2O+Frac_AN*EF_min_fert_AN_N2O)/INDEX(Crop_data,MATCH(A8,Crop_data_codes,0),6),"") -> #REF! | G8: =IF(D8="YES",EF_capital_goods_N2O,"") -> #REF! | H8: =IF(D8="YES",(INDEX(Crop_data,MATCH(A8,Crop_data_codes,0),7)*EF_N2O_soils_min_fert+INDEX(Crop_data,MATCH(A8,Crop_data_codes,0),9)*EF_N2O_soils_crop_res)*44/28/INDEX(Crop_data,MATCH(A8,Crop_data_codes,0),6),"") -> #REF! | I8: =IF(D8="Yes",H8*EF_N2O_soils_indirect,"") -> #REF! | J8: =IF(D8="YES",INDEX(Crop_data,MATCH(A8,Crop_data_codes,0),11)*Heating_value_diesel*EF_diesel_N2O/INDEX(Crop_data,MATCH(A8,Crop_data_codes,0),6),"") -> #REF! | L8: =IF(D8="YES",INDEX(Crop_data,MATCH(A8,Crop_data_codes,0),12)*EF_irrigation_N2O/INDEX(Crop_data,MATCH(A8,Crop_data_codes,0),6),"") -> #REF! | M8: =IF(D8="Yes",INDEX(Post_harvest_energy_data,MATCH(C8,Post_harvest_energy_categories,0),2)*EF_heating_oil_N2O+INDEX(Post_harvest_energy_data,MATCH(C8,Post_harvest_energy_categories,0),3)*EF_electricity_N2O+INDEX(Post_harvest_energy_data,MATCH(C8,Post_harvest_energy_categories,0),4)*EF_chips_N2O,"") -> #REF!
A9: 01343 | B9: =INDEX(Crop_data,MATCH(A9,Crop_data_codes,0),2) -> #REF! | C9: =INDEX(Crop_data,MATCH(A9,Crop_data_codes,0),3) -> #REF! | D9: =INDEX(Crop_data,MATCH(A9,Crop_data_codes,0),4) -> #REF! | E9: =IF(D9="Yes", SUM(F9:N9),"") -> #REF! | F9: =IF(D9="YES",INDEX(Crop_data,MATCH(A9,Crop_data_codes,0),7)*(Frac_BAT*EF_min_fert_BAT_N2O+Frac_AN*EF_min_fert_AN_N2O)/INDEX(Crop_data,MATCH(A9,Crop_data_codes,0),6),"") -> #REF! | G9: =IF(D9="YES",EF_capital_goods_N2O,"") -> #REF! | H9: =IF(D9="YES",(INDEX(Crop_data,MATCH(A9,Crop_data_codes,0),7)*EF_N2O_soils_min_fert+INDEX(Crop_data,MATCH(A9,Crop_data_codes,0),9)*EF_N2O_soils_crop_res)*44/28/INDEX(Crop_data,MATCH(A9,Crop_data_codes,0),6),"") -> #REF! | I9: =IF(D9="Yes",H9*EF_N2O_soils_indirect,"") -> #REF! | J9: =IF(D9="YES",INDEX(Crop_data,MATCH(A9,Crop_data_codes,0),11)*Heating_value_diesel*EF_diesel_N2O/INDEX(Crop_data,MATCH(A9,Crop_data_codes,0),6),"") -> #REF! | L9: =IF(D9="YES",INDEX(Crop_data,MATCH(A9,Crop_data_codes,0),12)*EF_irrigation_N2O/INDEX(Crop_data,MATCH(A9,Crop_data_codes,0),6),"") -> #REF! | M9: =IF(D9="Yes",INDEX(Post_harvest_energy_data,MATCH(C9,Post_harvest_energy_categories,0),2)*EF_heating_oil_N2O+INDEX(Post_harvest_energy_data,MATCH(C9,Post_harvest_energy_categories,0),3)*EF_electricity_N2O+INDEX(Post_harvest_energy_data,MATCH(C9,Post_harvest_energy_categories,0),4)*EF_chips_N2O,"") -> #REF!
A10: 01216 | B10: =INDEX(Crop_data,MATCH(A10,Crop_data_codes,0),2) -> #REF! | C10: =INDEX(Crop_data,MATCH(A10,Crop_data_codes,0),3) -> #REF! | D10: =INDEX(Crop_data,MATCH(A10,Crop_data_codes,0),4) -> #REF! | E10: =IF(D10="Yes", SUM(F10:N10),"") -> #REF! | F10: =IF(D10="YES",INDEX(Crop_data,MATCH(A10,Crop_data_codes,0),7)*(Frac_BAT*EF_min_fert_BAT_N2O+Frac_AN*EF_min_fert_AN_N2O)/INDEX(Crop_data,MATCH(A10,Crop_data_codes,0),6),"") -> #REF! | G10: =IF(D10="YES",EF_capital_goods_N2O,"") -> #REF! | H10: =IF(D10="YES",(INDEX(Crop_data,MATCH(A10,Crop_data_codes,0),7)*EF_N2O_soils_min_fert+INDEX(Crop_data,MATCH(A10,Crop_data_codes,0),9)*EF_N2O_soils_crop_res)*44/28/INDEX(Crop_data,MATCH(A10,Crop_data_codes,0),6),"") -> #REF! | I10: =IF(D10="Yes",H10*EF_N2O_soils_indirect,"") -> #REF! | J10: =IF(D10="YES",INDEX(Crop_data,MATCH(A10,Crop_data_codes,0),11)*Heating_value_diesel*EF_diesel_N2O/INDEX(Crop_data,MATCH(A10,Crop_data_codes,0),6),"") -> #REF! | L10: =IF(D10="YES",INDEX(Crop_data,MATCH(A10,Crop_data_codes,0),12)*EF_irrigation_N2O/INDEX(Crop_data,MATCH(A10,Crop_data_codes,0),6),"") -> #REF! | M10: =IF(D10="Yes",INDEX(Post_harvest_energy_data,MATCH(C10,Post_harvest_energy_categories,0),2)*EF_heating_oil_N2O+INDEX(Post_harvest_energy_data,MATCH(C10,Post_harvest_energy_categories,0),3)*EF_electricity_N2O+INDEX(Post_harvest_energy_data,MATCH(C10,Post_harvest_energy_categories,0),4)*EF_chips_N2O,"") -> #REF!
A11: 01211 | B11: =INDEX(Crop_data,MATCH(A11,Crop_data_codes,0),2) -> #REF! | C11: =INDEX(Crop_data,MATCH(A11,Crop_data_codes,0),3) -> #REF! | D11: =INDEX(Crop_data,MATCH(A11,Crop_data_codes,0),4) -> #REF! | E11: =IF(D11="Yes", SUM(F11:N11),"") -> #REF! | F11: =IF(D11="YES",INDEX(Crop_data,MATCH(A11,Crop_data_codes,0),7)*(Frac_BAT*EF_min_fert_BAT_N2O+Frac_AN*EF_min_fert_AN_N2O)/INDEX(Crop_data,MATCH(A11,Crop_data_codes,0),6),"") -> #REF! | G11: =IF(D11="YES",EF_capital_goods_N2O,"") -> #REF! | H11: =IF(D11="YES",(INDEX(Crop_data,MATCH(A11,Crop_data_codes,0),7)*EF_N2O_soils_min_fert+INDEX(Crop_data,MATCH(A11,Crop_data_codes,0),9)*EF_N2O_soils_crop_res)*44/28/INDEX(Crop_data,MATCH(A11,Crop_data_codes,0),6),"") -> #REF! | I11: =IF(D11="Yes",H11*EF_N2O_soils_indirect,"") -> #REF! | J11: =IF(D11="YES",INDEX(Crop_data,MATCH(A11,Crop_data_codes,0),11)*Heating_value_diesel*EF_diesel_N2O/INDEX(Crop_data,MATCH(A11,Crop_data_codes,0),6),"") -> #REF! | L11: =IF(D11="YES",INDEX(Crop_data,MATCH(A11,Crop_data_codes,0),12)*EF_irrigation_N2O/INDEX(Crop_data,MATCH(A11,Crop_data_codes,0),6),"") -> #REF! | M11: =IF(D11="Yes",INDEX(Post_harvest_energy_data,MATCH(C11,Post_harvest_energy_categories,0),2)*EF_heating_oil_N2O+INDEX(Post_harvest_energy_data,MATCH(C11,Post_harvest_energy_categories,0),3)*EF_electricity_N2O+INDEX(Post_harvest_energy_data,MATCH(C11,Post_harvest_energy_categories,0),4)*EF_chips_N2O,"") -> #REF!
A12: 01311 | B12: =INDEX(Crop_data,MATCH(A12,Crop_data_codes,0),2) -> #REF! | C12: =INDEX(Crop_data,MATCH(A12,Crop_data_codes,0),3) -> #REF! | D12: =INDEX(Crop_data,MATCH(A12,Crop_data_codes,0),4) -> #REF! | E12: =IF(D12="Yes", SUM(F12:N12),"") -> #REF! | F12: =IF(D12="YES",INDEX(Crop_data,MATCH(A12,Crop_data_codes,0),7)*(Frac_BAT*EF_min_fert_BAT_N2O+Frac_AN*EF_min_fert_AN_N2O)/INDEX(Crop_data,MATCH(A12,Crop_data_codes,0),6),"") -> #REF! | G12: =IF(D12="YES",EF_capital_goods_N2O,"") -> #REF! | H12: =IF(D12="YES",(INDEX(Crop_data,MATCH(A12,Crop_data_codes,0),7)*EF_N2O_soils_min_fert+INDEX(Crop_data,MATCH(A12,Crop_data_codes,0),9)*EF_N2O_soils_crop_res)*44/28/INDEX(Crop_data,MATCH(A12,Crop_data_codes,0),6),"") -> #REF! | I12: =IF(D12="Yes",H12*EF_N2O_soils_indirect,"") -> #REF! | J12: =IF(D12="YES",INDEX(Crop_data,MATCH(A12,Crop_data_codes,0),11)*Heating_value_diesel*EF_diesel_N2O/INDEX(Crop_data,MATCH(A12,Crop_data_codes,0),6),"") -> #REF! | L12: =IF(D12="YES",INDEX(Crop_data,MATCH(A12,Crop_data_codes,0),12)*EF_irrigation_N2O/INDEX(Crop_data,MATCH(A12,Crop_data_codes,0),6),"") -> #REF! | M12: =IF(D12="Yes",INDEX(Post_harvest_energy_data,MATCH(C12,Post_harvest_energy_categories,0),2)*EF_heating_oil_N2O+INDEX(Post_harvest_energy_data,MATCH(C12,Post_harvest_energy_categories,0),3)*EF_electricity_N2O+INDEX(Post_harvest_energy_data,MATCH(C12,Post_harvest_energy_categories,0),4)*EF_chips_N2O,"") -> #REF!
A13: 01312 | B13: =INDEX(Crop_data,MATCH(A13,Crop_data_codes,0),2) -> #REF! | C13: =INDEX(Crop_data,MATCH(A13,Crop_data_codes,0),3) -> #REF! | D13: =INDEX(Crop_data,MATCH(A13,Crop_data_codes,0),4) -> #REF! | E13: =IF(D13="Yes", SUM(F13:N13),"") -> #REF! | F13: =IF(D13="YES",INDEX(Crop_data,MATCH(A13,Crop_data_codes,0),7)*(Frac_BAT*EF_min_fert_BAT_N2O+Frac_AN*EF_min_fert_AN_N2O)/INDEX(Crop_data,MATCH(A13,Crop_data_codes,0),6),"") -> #REF! | G13: =IF(D13="YES",EF_capital_goods_N2O,"") -> #REF! | H13: =IF(D13="YES",(INDEX(Crop_data,MATCH(A13,Crop_data_codes,0),7)*EF_N2O_soils_min_fert+INDEX(Crop_data,MATCH(A13,Crop_data_codes,0),9)*EF_N2O_soils_crop_res)*44/28/INDEX(Crop_data,MATCH(A13,Crop_data_codes,0),6),"") -> #REF! | I13: =IF(D13="Yes",H13*EF_N2O_soils_indirect,"") -> #REF! | J13: =IF(D13="YES",INDEX(Crop_data,MATCH(A13,Crop_data_codes,0),11)*Heating_value_diesel*EF_diesel_N2O/INDEX(Crop_data,MATCH(A13,Crop_data_codes,0),6),"") -> #REF! | L13: =IF(D13="YES",INDEX(Crop_data,MATCH(A13,Crop_data_codes,0),12)*EF_irrigation_N2O/INDEX(Crop_data,MATCH(A13,Crop_data_codes,0),6),"") -> #REF! | M13: =IF(D13="Yes",INDEX(Post_harvest_energy_data,MATCH(C13,Post_harvest_energy_categories,0),2)*EF_heating_oil_N2O+INDEX(Post_harvest_energy_data,MATCH(C13,Post_harvest_energy_categories,0),3)*EF_electricity_N2O+INDEX(Post_harvest_energy_data,MATCH(C13,Post_harvest_energy_categories,0),4)*EF_chips_N2O,"") -> #REF!
A14: 0115 | B14: =INDEX(Crop_data,MATCH(A14,Crop_data_codes,0),2) -> #REF! | C14: =INDEX(Crop_data,MATCH(A14,Crop_data_codes,0),3) -> #REF! | D14: =INDEX(Crop_data,MATCH(A14,Crop_data_codes,0),4) -> #REF! | E14: =IF(D14="Yes", SUM(F14:N14),"") -> #REF! | F14: =IF(D14="YES",INDEX(Crop_data,MATCH(A14,Crop_data_codes,0),7)*(Frac_BAT*EF_min_fert_BAT_N2O+Frac_AN*EF_min_fert_AN_N2O)/INDEX(Crop_data,MATCH(A14,Crop_data_codes,0),6),"") -> #REF! | G14: =IF(D14="YES",EF_capital_goods_N2O,"") -> #REF! | H14: =IF(D14="YES",(INDEX(Crop_data,MATCH(A14,Crop_data_codes,0),7)*EF_N2O_soils_min_fert+INDEX(Crop_data,MATCH(A14,Crop_data_codes,0),9)*EF_N2O_soils_crop_res)*44/28/INDEX(Crop_data,MATCH(A14,Crop_data_codes,0),6),"") -> #REF! | I14: =IF(D14="Yes",H14*EF_N2O_soils_indirect,"") -> #REF! | J14: =IF(D14="YES",INDEX(Crop_data,MATCH(A14,Crop_data_codes,0),11)*Heating_value_diesel*EF_diesel_N2O/INDEX(Crop_data,MATCH(A14,Crop_data_codes,0),6),"") -> #REF! | L14: =IF(D14="YES",INDEX(Crop_data,MATCH(A14,Crop_data_codes,0),12)*EF_irrigation_N2O/INDEX(Crop_data,MATCH(A14,Crop_data_codes,0),6),"") -> #REF! | M14: =IF(D14="Yes",INDEX(Post_harvest_energy_data,MATCH(C14,Post_harvest_energy_categories,0),2)*EF_heating_oil_N2O+INDEX(Post_harvest_energy_data,MATCH(C14,Post_harvest_energy_categories,0),3)*EF_electricity_N2O+INDEX(Post_harvest_energy_data,MATCH(C14,Post_harvest_energy_categories,0),4)*EF_chips_N2O,"") -> #REF!
A15: 0115_s | B15: =INDEX(Crop_data,MATCH(A15,Crop_data_codes,0),2) -> #REF! | C15: =INDEX(Crop_data,MATCH(A15,Crop_data_codes,0),3) -> #REF! | D15: =INDEX(Crop_data,MATCH(A15,Crop_data_codes,0),4) -> #REF! | E15: =IF(D15="Yes", SUM(F15:N15),"") -> #REF! | F15: =IF(D15="YES",INDEX(Crop_data,MATCH(A15,Crop_data_codes,0),7)*(Frac_BAT*EF_min_fert_BAT_N2O+Frac_AN*EF_min_fert_AN_N2O)/INDEX(Crop_data,MATCH(A15,Crop_data_codes,0),6),"") -> #REF! | G15: =IF(D15="YES",EF_capital_goods_N2O,"") -> #REF! | H15: =IF(D15="YES",(INDEX(Crop_data,MATCH(A15,Crop_data_codes,0),7)*EF_N2O_soils_min_fert+INDEX(Crop_data,MATCH(A15,Crop_data_codes,0),9)*EF_N2O_soils_crop_res)*44/28/INDEX(Crop_data,MATCH(A15,Crop_data_codes,0),6),"") -> #REF! | I15: =IF(D15="Yes",H15*EF_N2O_soils_indirect,"") -> #REF! | J15: =IF(D15="YES",INDEX(Crop_data,MATCH(A15,Crop_data_codes,0),11)*Heating_value_diesel*EF_diesel_N2O/INDEX(Crop_data,MATCH(A15,Crop_data_codes,0),6),"") -> #REF! | L15: =IF(D15="YES",INDEX(Crop_data,MATCH(A15,Crop_data_codes,0),12)*EF_irrigation_N2O/INDEX(Crop_data,MATCH(A15,Crop_data_codes,0),6),"") -> #REF! | M15: =IF(D15="Yes",INDEX(Post_harvest_energy_data,MATCH(C15,Post_harvest_energy_categories,0),2)*EF_heating_oil_N2O+INDEX(Post_harvest_energy_data,MATCH(C15,Post_harvest_energy_categories,0),3)*EF_electricity_N2O+INDEX(Post_harvest_energy_data,MATCH(C15,Post_harvest_energy_categories,0),4)*EF_chips_N2O,"") -> #REF!
A16: 0115_w | B16: =INDEX(Crop_data,MATCH(A16,Crop_data_codes,0),2) -> #REF! | C16: =INDEX(Crop_data,MATCH(A16,Crop_data_codes,0),3) -> #REF! | D16: =INDEX(Crop_data,MATCH(A16,Crop_data_codes,0),4) -> #REF! | E16: =IF(D16="Yes", SUM(F16:N16),"") -> #REF! | F16: =IF(D16="YES",INDEX(Crop_data,MATCH(A16,Crop_data_codes,0),7)*(Frac_BAT*EF_min_fert_BAT_N2O+Frac_AN*EF_min_fert_AN_N2O)/INDEX(Crop_data,MATCH(A16,Crop_data_codes,0),6),"") -> #REF! | G16: =IF(D16="YES",EF_capital_goods_N2O,"") -> #REF! | H16: =IF(D16="YES",(INDEX(Crop_data,MATCH(A16,Crop_data_codes,0),7)*EF_N2O_soils_min_fert+INDEX(Crop_data,MATCH(A16,Crop_data_codes,0),9)*EF_N2O_soils_crop_res)*44/28/INDEX(Crop_data,MATCH(A16,Crop_data_codes,0),6),"") -> #REF! | I16: =IF(D16="Yes",H16*EF_N2O_soils_indirect,"") -> #REF! | J16: =IF(D16="YES",INDEX(Crop_data,MATCH(A16,Crop_data_codes,0),11)*Heating_value_diesel*EF_diesel_N2O/INDEX(Crop_data,MATCH(A16,Crop_data_codes,0),6),"") -> #REF! | L16: =IF(D16="YES",INDEX(Crop_data,MATCH(A16,Crop_data_codes,0),12)*EF_irrigation_N2O/INDEX(Crop_data,MATCH(A16,Crop_data_codes,0),6),"") -> #REF! | M16: =IF(D16="Yes",INDEX(Post_harvest_energy_data,MATCH(C16,Post_harvest_energy_categories,0),2)*EF_heating_oil_N2O+INDEX(Post_harvest_energy_data,MATCH(C16,Post_harvest_energy_categories,0),3)*EF_electricity_N2O+INDEX(Post_harvest_energy_data,MATCH(C16,Post_harvest_energy_categories,0),4)*EF_chips_N2O,"") -> #REF!
A17: 01701 | B17: =INDEX(Crop_data,MATCH(A17,Crop_data_codes,0),2) -> #REF! | C17: =INDEX(Crop_data,MATCH(A17,Crop_data_codes,0),3) -> #REF! | D17: =INDEX(Crop_data,MATCH(A17,Crop_data_codes,0),4) -> #REF! | E17: =IF(D17="Yes", SUM(F17:N17),"") -> #REF! | F17: =IF(D17="YES",INDEX(Crop_data,MATCH(A17,Crop_data_codes,0),7)*(Frac_BAT*EF_min_fert_BAT_N2O+Frac_AN*EF_min_fert_AN_N2O)/INDEX(Crop_data,MATCH(A17,Crop_data_codes,0),6),"") -> #REF! | G17: =IF(D17="YES",EF_capital_goods_N2O,"") -> #REF! | H17: =IF(D17="YES",(INDEX(Crop_data,MATCH(A17,Crop_data_codes,0),7)*EF_N2O_soils_min_fert+INDEX(Crop_data,MATCH(A17,Crop_data_codes,0),9)*EF_N2O_soils_crop_res)*44/28/INDEX(Crop_data,MATCH(A17,Crop_data_codes,0),6),"") -> #REF! | I17: =IF(D17="Yes",H17*EF_N2O_soils_indirect,"") -> #REF! | J17: =IF(D17="YES",INDEX(Crop_data,MATCH(A17,Crop_data_codes,0),11)*Heating_value_diesel*EF_diesel_N2O/INDEX(Crop_data,MATCH(A17,Crop_data_codes,0),6),"") -> #REF! | L17: =IF(D17="YES",INDEX(Crop_data,MATCH(A17,Crop_data_codes,0),12)*EF_irrigation_N2O/INDEX(Crop_data,MATCH(A17,Crop_data_codes,0),6),"") -> #REF! | M17: =IF(D17="Yes",INDEX(Post_harvest_energy_data,MATCH(C17,Post_harvest_energy_categories,0),2)*EF_heating_oil_N2O+INDEX(Post_harvest_energy_data,MATCH(C17,Post_harvest_energy_categories,0),3)*EF_electricity_N2O+INDEX(Post_harvest_energy_data,MATCH(C17,Post_harvest_energy_categories,0),4)*EF_chips_N2O,"") -> #REF!
A18: 01355.01 | B18: =INDEX(Crop_data,MATCH(A18,Crop_data_codes,0),2) -> #REF! | C18: =INDEX(Crop_data,MATCH(A18,Crop_data_codes,0),3) -> #REF! | D18: =INDEX(Crop_data,MATCH(A18,Crop_data_codes,0),4) -> #REF! | E18: =IF(D18="Yes", SUM(F18:N18),"") -> #REF! | F18: =IF(D18="YES",INDEX(Crop_data,MATCH(A18,Crop_data_codes,0),7)*(Frac_BAT*EF_min_fert_BAT_N2O+Frac_AN*EF_min_fert_AN_N2O)/INDEX(Crop_data,MATCH(A18,Crop_data_codes,0),6),"") -> #REF! | G18: =IF(D18="YES",EF_capital_goods_N2O,"") -> #REF! | H18: =IF(D18="YES",(INDEX(Crop_data,MATCH(A18,Crop_data_codes,0),7)*EF_N2O_soils_min_fert+INDEX(Crop_data,MATCH(A18,Crop_data_codes,0),9)*EF_N2O_soils_crop_res)*44/28/INDEX(Crop_data,MATCH(A18,Crop_data_codes,0),6),"") -> #REF! | I18: =IF(D18="Yes",H18*EF_N2O_soils_indirect,"") -> #REF! | J18: =IF(D18="YES",INDEX(Crop_data,MATCH(A18,Crop_data_codes,0),11)*Heating_value_diesel*EF_diesel_N2O/INDEX(Crop_data,MATCH(A18,Crop_data_codes,0),6),"") -> #REF! | L18: =IF(D18="YES",INDEX(Crop_data,MATCH(A18,Crop_data_codes,0),12)*EF_irrigation_N2O/INDEX(Crop_data,MATCH(A18,Crop_data_codes,0),6),"") -> #REF! | M18: =IF(D18="Yes",INDEX(Post_harvest_energy_data,MATCH(C18,Post_harvest_energy_categories,0),2)*EF_heating_oil_N2O+INDEX(Post_harvest_energy_data,MATCH(C18,Post_harvest_energy_categories,0),3)*EF_electricity_N2O+INDEX(Post_harvest_energy_data,MATCH(C18,Post_harvest_energy_categories,0),4)*EF_chips_N2O,"") -> #REF!
A19: 01377 | B19: =INDEX(Crop_data,MATCH(A19,Crop_data_codes,0),2) -> #REF! | C19: =INDEX(Crop_data,MATCH(A19,Crop_data_codes,0),3) -> #REF! | D19: =INDEX(Crop_data,MATCH(A19,Crop_data_codes,0),4) -> #REF! | E19: =IF(D19="Yes", SUM(F19:N19),"") -> #REF! | F19: =IF(D19="YES",INDEX(Crop_data,MATCH(A19,Crop_data_codes,0),7)*(Frac_BAT*EF_min_fert_BAT_N2O+Frac_AN*EF_min_fert_AN_N2O)/INDEX(Crop_data,MATCH(A19,Crop_data_codes,0),6),"") -> #REF! | G19: =IF(D19="YES",EF_capital_goods_N2O,"") -> #REF! | H19: =IF(D19="YES",(INDEX(Crop_data,MATCH(A19,Crop_data_codes,0),7)*EF_N2O_soils_min_fert+INDEX(Crop_data,MATCH(A19,Crop_data_codes,0),9)*EF_N2O_soils_crop_res)*44/28/INDEX(Crop_data,MATCH(A19,Crop_data_codes,0),6),"") -> #REF! | I19: =IF(D19="Yes",H19*EF_N2O_soils_indirect,"") -> #REF! | J19: =IF(D19="YES",INDEX(Crop_data,MATCH(A19,Crop_data_codes,0),11)*Heating_value_diesel*EF_diesel_N2O/INDEX(Crop_data,MATCH(A19,Crop_data_codes,0),6),"") -> #REF! | L19: =IF(D19="YES",INDEX(Crop_data,MATCH(A19,Crop_data_codes,0),12)*EF_irrigation_N2O/INDEX(Crop_data,MATCH(A19,Crop_data_codes,0),6),"") -> #REF! | M19: =IF(D19="Yes",INDEX(Post_harvest_energy_data,MATCH(C19,Post_harvest_energy_categories,0),2)*EF_heating_oil_N2O+INDEX(Post_harvest_energy_data,MATCH(C19,Post_harvest_energy_categories,0),3)*EF_electricity_N2O+INDEX(Post_harvest_energy_data,MATCH(C19,Post_harvest_energy_categories,0),4)*EF_chips_N2O,"") -> #REF!
... A33: 01703 | B33: =INDEX(Crop_data,MATCH(A33,Crop_data_codes,0),2) -> #REF! | C33: =INDEX(Crop_data,MATCH(A33,Crop_data_codes,0),3) -> #REF! | D33: =INDEX(Crop_data,MATCH(A33,Crop_data_codes,0),4) -> #REF! | E33: =IF(D33="Yes", SUM(F33:N33),"") -> #REF! | F33: =IF(D33="YES",INDEX(Crop_data,MATCH(A33,Crop_data_codes,0),7)*(Frac_BAT*EF_min_fert_BAT_N2O+Frac_AN*EF_min_fert_AN_N2O)/INDEX(Crop_data,MATCH(A33,Crop_data_codes,0),6),"") -> #REF! | G33: =IF(D33="YES",EF_capital_goods_N2O,"") -> #REF! | H33: =IF(D33="YES",(INDEX(Crop_data,MATCH(A33,Crop_data_codes,0),7)*EF_N2O_soils_min_fert+INDEX(Crop_data,MATCH(A33,Crop_data_codes,0),9)*EF_N2O_soils_crop_res)*44/28/INDEX(Crop_data,MATCH(A33,Crop_data_codes,0),6),"") -> #REF! | I33: =IF(D33="Yes",H33*EF_N2O_soils_indirect,"") -> #REF! | J33: =IF(D33="YES",INDEX(Crop_data,MATCH(A33,Crop_data_codes,0),11)*Heating_value_diesel*EF_diesel_N2O/INDEX(Crop_data,MATCH(A33,Crop_data_codes,0),6),"") -> #REF! | L33: =IF(D33="YES",INDEX(Crop_data,MATCH(A33,Crop_data_codes,0),12)*EF_irrigation_N2O/INDEX(Crop_data,MATCH(A33,Crop_data_codes,0),6),"") -> #REF! | M33: =IF(D33="Yes",INDEX(Post_harvest_energy_data,MATCH(C33,Post_harvest_energy_categories,0),2)*EF_heating_oil_N2O+INDEX(Post_harvest_energy_data,MATCH(C33,Post_harvest_energy_categories,0),3)*EF_electricity_N2O+INDEX(Post_harvest_energy_data,MATCH(C33,Post_harvest_energy_categories,0),4)*EF_chips_N2O,"") -> #REF!
A34: 01231 | B34: =INDEX(Crop_data,MATCH(A34,Crop_data_codes,0),2) -> #REF! | C34: =INDEX(Crop_data,MATCH(A34,Crop_data_codes,0),3) -> #REF! | D34: =INDEX(Crop_data,MATCH(A34,Crop_data_codes,0),4) -> #REF! | E34: =IF(D34="Yes", SUM(F34:N34),"") -> #REF! | F34: =IF(D34="YES",INDEX(Crop_data,MATCH(A34,Crop_data_codes,0),7)*(Frac_BAT*EF_min_fert_BAT_N2O+Frac_AN*EF_min_fert_AN_N2O)/INDEX(Crop_data,MATCH(A34,Crop_data_codes,0),6),"") -> #REF! | G34: =IF(D34="YES",EF_capital_goods_N2O,"") -> #REF! | H34: =IF(D34="YES",(INDEX(Crop_data,MATCH(A34,Crop_data_codes,0),7)*EF_N2O_soils_min_fert+INDEX(Crop_data,MATCH(A34,Crop_data_codes,0),9)*EF_N2O_soils_crop_res)*44/28/INDEX(Crop_data,MATCH(A34,Crop_data_codes,0),6),"") -> #REF! | I34: =IF(D34="Yes",H34*EF_N2O_soils_indirect,"") -> #REF! | L34: =IF(D34="YES",INDEX(Crop_data,MATCH(A34,Crop_data_codes,0),12)*EF_irrigation_N2O/INDEX(Crop_data,MATCH(A34,Crop_data_codes,0),6),"") -> #REF! | M34: =IF(D34="Yes",INDEX(Post_harvest_energy_data,MATCH(C34,Post_harvest_energy_categories,0),2)*EF_heating_oil_N2O+INDEX(Post_harvest_energy_data,MATCH(C34,Post_harvest_energy_categories,0),3)*EF_electricity_N2O+INDEX(Post_harvest_energy_data,MATCH(C34,Post_harvest_energy_categories,0),4)*EF_chips_N2O,"") -> #REF!
A35: 01640 | B35: =INDEX(Crop_data,MATCH(A35,Crop_data_codes,0),2) -> #REF! | C35: =INDEX(Crop_data,MATCH(A35,Crop_data_codes,0),3) -> #REF! | D35: =INDEX(Crop_data,MATCH(A35,Crop_data_codes,0),4) -> #REF! | E35: =IF(D35="Yes", SUM(F35:N35),"") -> #REF! | F35: =IF(D35="YES",INDEX(Crop_data,MATCH(A35,Crop_data_codes,0),7)*(Frac_BAT*EF_min_fert_BAT_N2O+Frac_AN*EF_min_fert_AN_N2O)/INDEX(Crop_data,MATCH(A35,Crop_data_codes,0),6),"") -> #REF! | G35: =IF(D35="YES",EF_capital_goods_N2O,"") -> #REF! | H35: =IF(D35="YES",(INDEX(Crop_data,MATCH(A35,Crop_data_codes,0),7)*EF_N2O_soils_min_fert+INDEX(Crop_data,MATCH(A35,Crop_data_codes,0),9)*EF_N2O_soils_crop_res)*44/28/INDEX(Crop_data,MATCH(A35,Crop_data_codes,0),6),"") -> #REF! | I35: =IF(D35="Yes",H35*EF_N2O_soils_indirect,"") -> #REF! | J35: =IF(D35="YES",INDEX(Crop_data,MATCH(A35,Crop_data_codes,0),11)*Heating_value_diesel*EF_diesel_N2O/INDEX(Crop_data,MATCH(A35,Crop_data_codes,0),6),"") -> #REF! | L35: =IF(D35="YES",INDEX(Crop_data,MATCH(A35,Crop_data_codes,0),12)*EF_irrigation_N2O/INDEX(Crop_data,MATCH(A35,Crop_data_codes,0),6),"") -> #REF! | M35: =IF(D35="Yes",INDEX(Post_harvest_energy_data,MATCH(C35,Post_harvest_energy_categories,0),2)*EF_heating_oil_N2O+INDEX(Post_harvest_energy_data,MATCH(C35,Post_harvest_energy_categories,0),3)*EF_electricity_N2O+INDEX(Post_harvest_energy_data,MATCH(C35,Post_harvest_energy_categories,0),4)*EF_chips_N2O,"") -> #REF!
A36: 01460 | B36: =INDEX(Crop_data,MATCH(A36,Crop_data_codes,0),2) -> #REF! | C36: =INDEX(Crop_data,MATCH(A36,Crop_data_codes,0),3) -> #REF! | D36: =INDEX(Crop_data,MATCH(A36,Crop_data_codes,0),4) -> #REF! | E36: =IF(D36="Yes", SUM(F36:N36),"") -> #REF! | F36: =IF(D36="YES",INDEX(Crop_data,MATCH(A36,Crop_data_codes,0),7)*(Frac_BAT*EF_min_fert_BAT_N2O+Frac_AN*EF_min_fert_AN_N2O)/INDEX(Crop_data,MATCH(A36,Crop_data_codes,0),6),"") -> #REF! | G36: =IF(D36="YES",EF_capital_goods_N2O,"") -> #REF! | H36: =IF(D36="YES",(INDEX(Crop_data,MATCH(A36,Crop_data_codes,0),7)*EF_N2O_soils_min_fert+INDEX(Crop_data,MATCH(A36,Crop_data_codes,0),9)*EF_N2O_soils_crop_res)*44/28/INDEX(Crop_data,MATCH(A36,Crop_data_codes,0),6),"") -> #REF! | I36: =IF(D36="Yes",H36*EF_N2O_soils_indirect,"") -> #REF! | J36: =IF(D36="YES",INDEX(Crop_data,MATCH(A36,Crop_data_codes,0),11)*Heating_value_diesel*EF_diesel_N2O/INDEX(Crop_data,MATCH(A36,Crop_data_codes,0),6),"") -> #REF! | L36: =IF(D36="YES",INDEX(Crop_data,MATCH(A36,Crop_data_codes,0),12)*EF_irrigation_N2O/INDEX(Crop_data,MATCH(A36,Crop_data_codes,0),6),"") -> #REF! | M36: =IF(D36="Yes",INDEX(Post_harvest_energy_data,MATCH(C36,Post_harvest_energy_categories,0),2)*EF_heating_oil_N2O+INDEX(Post_harvest_energy_data,MATCH(C36,Post_harvest_energy_categories,0),3)*EF_electricity_N2O+INDEX(Post_harvest_energy_data,MATCH(C36,Post_harvest_energy_categories,0),4)*EF_chips_N2O,"") -> #REF!
A37: 01610 | B37: =INDEX(Crop_data,MATCH(A37,Crop_data_codes,0),2) -> #REF! | C37: =INDEX(Crop_data,MATCH(A37,Crop_data_codes,0),3) -> #REF! | D37: =INDEX(Crop_data,MATCH(A37,Crop_data_codes,0),4) -> #REF! | E37: =IF(D37="Yes", SUM(F37:N37),"") -> #REF! | F37: =IF(D37="YES",INDEX(Crop_data,MATCH(A37,Crop_data_codes,0),7)*(Frac_BAT*EF_min_fert_BAT_N2O+Frac_AN*EF_min_fert_AN_N2O)/INDEX(Crop_data,MATCH(A37,Crop_data_codes,0),6),"") -> #REF! | G37: =IF(D37="YES",EF_capital_goods_N2O,"") -> #REF! | H37: =IF(D37="YES",(INDEX(Crop_data,MATCH(A37,Crop_data_codes,0),7)*EF_N2O_soils_min_fert+INDEX(Crop_data,MATCH(A37,Crop_data_codes,0),9)*EF_N2O_soils_crop_res)*44/28/INDEX(Crop_data,MATCH(A37,Crop_data_codes,0),6),"") -> #REF! | I37: =IF(D37="Yes",H37*EF_N2O_soils_indirect,"") -> #REF! | J37: =IF(D37="YES",INDEX(Crop_data,MATCH(A37,Crop_data_codes,0),11)*Heating_value_diesel*EF_diesel_N2O/INDEX(Crop_data,MATCH(A37,Crop_data_codes,0),6),"") -> #REF! | L37: =IF(D37="YES",INDEX(Crop_data,MATCH(A37,Crop_data_codes,0),12)*EF_irrigation_N2O/INDEX(Crop_data,MATCH(A37,Crop_data_codes,0),6),"") -> #REF! | M37: =IF(D37="Yes",INDEX(Post_harvest_energy_data,MATCH(C37,Post_harvest_energy_categories,0),2)*EF_heating_oil_N2O+INDEX(Post_harvest_energy_data,MATCH(C37,Post_harvest_energy_categories,0),3)*EF_electricity_N2O+INDEX(Post_harvest_energy_data,MATCH(C37,Post_harvest_energy_categories,0),4)*EF_chips_N2O,"") -> #REF!
A38: 01232 | B38: =INDEX(Crop_data,MATCH(A38,Crop_data_codes,0),2) -> #REF! | C38: =INDEX(Crop_data,MATCH(A38,Crop_data_codes,0),3) -> #REF! | D38: =INDEX(Crop_data,MATCH(A38,Crop_data_codes,0),4) -> #REF! | E38: =IF(D38="Yes", SUM(F38:N38),"") -> #REF! | F38: =IF(D38="YES",INDEX(Crop_data,MATCH(A38,Crop_data_codes,0),7)*(Frac_BAT*EF_min_fert_BAT_N2O+Frac_AN*EF_min_fert_AN_N2O)/INDEX(Crop_data,MATCH(A38,Crop_data_codes,0),6),"") -> #REF! | G38: =IF(D38="YES",EF_capital_goods_N2O,"") -> #REF! | H38: =IF(D38="YES",(INDEX(Crop_data,MATCH(A38,Crop_data_codes,0),7)*EF_N2O_soils_min_fert+INDEX(Crop_data,MATCH(A38,Crop_data_codes,0),9)*EF_N2O_soils_crop_res)*44/28/INDEX(Crop_data,MATCH(A38,Crop_data_codes,0),6),"") -> #REF! | I38: =IF(D38="Yes",H38*EF_N2O_soils_indirect,"") -> #REF! | J38: =IF(D38="YES",INDEX(Crop_data,MATCH(A38,Crop_data_codes,0),11)*Heating_value_diesel*EF_diesel_N2O/INDEX(Crop_data,MATCH(A38,Crop_data_codes,0),6),"") -> #REF! | K38: =Energy!B23/INDEX(Crop_data,MATCH(A38,Crop_data_codes,0),6)*INDEX(Crop_data,MATCH(A38,Crop_data_codes,0),5)/100 -> #REF! | L38: =IF(D38="YES",INDEX(Crop_data,MATCH(A38,Crop_data_codes,0),12)*EF_irrigation_N2O/INDEX(Crop_data,MATCH(A38,Crop_data_codes,0),6),"") -> #REF! | M38: =IF(D38="Yes",INDEX(Post_harvest_energy_data,MATCH(C38,Post_harvest_energy_categories,0),2)*EF_heating_oil_N2O+INDEX(Post_harvest_energy_data,MATCH(C38,Post_harvest_energy_categories,0),3)*EF_electricity_N2O+INDEX(Post_harvest_energy_data,MATCH(C38,Post_harvest_energy_categories,0),4)*EF_chips_N2O,"") -> #REF!
A39: 01232_gh | B39: =INDEX(Crop_data,MATCH(A39,Crop_data_codes,0),2) -> #REF! | C39: =INDEX(Crop_data,MATCH(A39,Crop_data_codes,0),3) -> #REF! | D39: =INDEX(Crop_data,MATCH(A39,Crop_data_codes,0),4) -> #REF! | E39: =IF(D39="Yes", SUM(F39:N39),"") -> #REF! | F39: =IF(D39="YES",INDEX(Crop_data,MATCH(A39,Crop_data_codes,0),7)*(Frac_BAT*EF_min_fert_BAT_N2O+Frac_AN*EF_min_fert_AN_N2O)/INDEX(Crop_data,MATCH(A39,Crop_data_codes,0),6),"") -> #REF! | G39: =IF(D39="YES",EF_capital_goods_N2O,"") -> #REF! | H39: =IF(D39="YES",(INDEX(Crop_data,MATCH(A39,Crop_data_codes,0),7)*EF_N2O_soils_min_fert+INDEX(Crop_data,MATCH(A39,Crop_data_codes,0),9)*EF_N2O_soils_crop_res)*44/28/INDEX(Crop_data,MATCH(A39,Crop_data_codes,0),6),"") -> #REF! | I39: =IF(D39="Yes",H39*EF_N2O_soils_indirect,"") -> #REF! | J39: =IF(D39="YES",INDEX(Crop_data,MATCH(A39,Crop_data_codes,0),11)*Heating_value_diesel*EF_diesel_N2O/INDEX(Crop_data,MATCH(A39,Crop_data_codes,0),6),"") -> #REF! | K39: =Energy!B23/INDEX(Crop_data,MATCH(A38,Crop_data_codes,0),6) -> #REF! | M39: =IF(D39="Yes",INDEX(Post_harvest_energy_data,MATCH(C39,Post_harvest_energy_categories,0),2)*EF_heating_oil_N2O+INDEX(Post_harvest_energy_data,MATCH(C39,Post_harvest_energy_categories,0),3)*EF_electricity_N2O+INDEX(Post_harvest_energy_data,MATCH(C39,Post_harvest_energy_categories,0),4)*EF_chips_N2O,"") -> #REF!
A40: 01232_of | B40: =INDEX(Crop_data,MATCH(A40,Crop_data_codes,0),2) -> #REF! | C40: =INDEX(Crop_data,MATCH(A40,Crop_data_codes,0),3) -> #REF! | D40: =INDEX(Crop_data,MATCH(A40,Crop_data_codes,0),4) -> #REF! | E40: =IF(D40="Yes", SUM(F40:N40),"") -> #REF! | F40: =IF(D40="YES",INDEX(Crop_data,MATCH(A40,Crop_data_codes,0),7)*(Frac_BAT*EF_min_fert_BAT_N2O+Frac_AN*EF_min_fert_AN_N2O)/INDEX(Crop_data,MATCH(A40,Crop_data_codes,0),6),"") -> #REF! | G40: =IF(D40="YES",EF_capital_goods_N2O,"") -> #REF! | H40: =IF(D40="YES",(INDEX(Crop_data,MATCH(A40,Crop_data_codes,0),7)*EF_N2O_soils_min_fert+INDEX(Crop_data,MATCH(A40,Crop_data_codes,0),9)*EF_N2O_soils_crop_res)*44/28/INDEX(Crop_data,MATCH(A40,Crop_data_codes,0),6),"") -> #REF! | I40: =IF(D40="Yes",H40*EF_N2O_soils_indirect,"") -> #REF! | J40: =IF(D40="YES",INDEX(Crop_data,MATCH(A40,Crop_data_codes,0),11)*Heating_value_diesel*EF_diesel_N2O/INDEX(Crop_data,MATCH(A40,Crop_data_codes,0),6),"") -> #REF! | L40: =IF(D40="YES",INDEX(Crop_data,MATCH(A40,Crop_data_codes,0),12)*EF_irrigation_N2O/INDEX(Crop_data,MATCH(A40,Crop_data_codes,0),6),"") -> #REF! | M40: =IF(D40="Yes",INDEX(Post_harvest_energy_data,MATCH(C40,Post_harvest_energy_categories,0),2)*EF_heating_oil_N2O+INDEX(Post_harvest_energy_data,MATCH(C40,Post_harvest_energy_categories,0),3)*EF_electricity_N2O+INDEX(Post_harvest_energy_data,MATCH(C40,Post_harvest_energy_categories,0),4)*EF_chips_N2O,"") -> #REF!
A41: 01351.01 | B41: =INDEX(Crop_data,MATCH(A41,Crop_data_codes,0),2) -> #REF! | C41: =INDEX(Crop_data,MATCH(A41,Crop_data_codes,0),3) -> #REF! | D41: =INDEX(Crop_data,MATCH(A41,Crop_data_codes,0),4) -> #REF! | E41: =IF(D41="Yes", SUM(F41:N41),"") -> #REF! | F41: =IF(D41="YES",INDEX(Crop_data,MATCH(A41,Crop_data_codes,0),7)*(Frac_BAT*EF_min_fert_BAT_N2O+Frac_AN*EF_min_fert_AN_N2O)/INDEX(Crop_data,MATCH(A41,Crop_data_codes,0),6),"") -> #REF! | G41: =IF(D41="YES",EF_capital_goods_N2O,"") -> #REF! | H41: =IF(D41="YES",(INDEX(Crop_data,MATCH(A41,Crop_data_codes,0),7)*EF_N2O_soils_min_fert+INDEX(Crop_data,MATCH(A41,Crop_data_codes,0),9)*EF_N2O_soils_crop_res)*44/28/INDEX(Crop_data,MATCH(A41,Crop_data_codes,0),6),"") -> #REF! | I41: =IF(D41="Yes",H41*EF_N2O_soils_indirect,"") -> #REF! | J41: =IF(D41="YES",INDEX(Crop_data,MATCH(A41,Crop_data_codes,0),11)*Heating_value_diesel*EF_diesel_N2O/INDEX(Crop_data,MATCH(A41,Crop_data_codes,0),6),"") -> #REF! | L41: =IF(D41="YES",INDEX(Crop_data,MATCH(A41,Crop_data_codes,0),12)*EF_irrigation_N2O/INDEX(Crop_data,MATCH(A41,Crop_data_codes,0),6),"") -> #REF! | M41: =IF(D41="Yes",INDEX(Post_harvest_energy_data,MATCH(C41,Post_harvest_energy_categories,0),2)*EF_heating_oil_N2O+INDEX(Post_harvest_energy_data,MATCH(C41,Post_harvest_energy_categories,0),3)*EF_electricity_N2O+INDEX(Post_harvest_energy_data,MATCH(C41,Post_harvest_energy_categories,0),4)*EF_chips_N2O,"") -> #REF!
A42: 01314 | B42: =INDEX(Crop_data,MATCH(A42,Crop_data_codes,0),2) -> #REF! | C42: =INDEX(Crop_data,MATCH(A42,Crop_data_codes,0),3) -> #REF! | D42: =INDEX(Crop_data,MATCH(A42,Crop_data_codes,0),4) -> #REF! | E42: =IF(D42="Yes", SUM(F42:N42),"") -> #REF! | F42: =IF(D42="YES",INDEX(Crop_data,MATCH(A42,Crop_data_codes,0),7)*(Frac_BAT*EF_min_fert_BAT_N2O+Frac_AN*EF_min_fert_AN_N2O)/INDEX(Crop_data,MATCH(A42,Crop_data_codes,0),6),"") -> #REF! | G42: =IF(D42="YES",EF_capital_goods_N2O,"") -> #REF! | H42: =IF(D42="YES",(INDEX(Crop_data,MATCH(A42,Crop_data_codes,0),7)*EF_N2O_soils_min_fert+INDEX(Crop_data,MATCH(A42,Crop_data_codes,0),9)*EF_N2O_soils_crop_res)*44/28/INDEX(Crop_data,MATCH(A42,Crop_data_codes,0),6),"") -> #REF! | I42: =IF(D42="Yes",H42*EF_N2O_soils_indirect,"") -> #REF! | J42: =IF(D42="YES",INDEX(Crop_data,MATCH(A42,Crop_data_codes,0),11)*Heating_value_diesel*EF_diesel_N2O/INDEX(Crop_data,MATCH(A42,Crop_data_codes,0),6),"") -> #REF! | L42: =IF(D42="YES",INDEX(Crop_data,MATCH(A42,Crop_data_codes,0),12)*EF_irrigation_N2O/INDEX(Crop_data,MATCH(A42,Crop_data_codes,0),6),"") -> #REF! | M42: =IF(D42="Yes",INDEX(Post_harvest_energy_data,MATCH(C42,Post_harvest_energy_categories,0),2)*EF_heating_oil_N2O+INDEX(Post_harvest_energy_data,MATCH(C42,Post_harvest_energy_categories,0),3)*EF_electricity_N2O+INDEX(Post_harvest_energy_data,MATCH(C42,Post_harvest_energy_categories,0),4)*EF_chips_N2O,"") -> #REF!
A43: 01599.10 | B43: =INDEX(Crop_data,MATCH(A43,Crop_data_codes,0),2) -> #REF! | C43: =INDEX(Crop_data,MATCH(A43,Crop_data_codes,0),3) -> #REF! | D43: =INDEX(Crop_data,MATCH(A43,Crop_data_codes,0),4) -> #REF! | E43: =IF(D43="Yes", SUM(F43:N43),"") -> #REF! | F43: =IF(D43="YES",INDEX(Crop_data,MATCH(A43,Crop_data_codes,0),7)*(Frac_BAT*EF_min_fert_BAT_N2O+Frac_AN*EF_min_fert_AN_N2O)/INDEX(Crop_data,MATCH(A43,Crop_data_codes,0),6),"") -> #REF! | G43: =IF(D43="YES",EF_capital_goods_N2O,"") -> #REF! | H43: =IF(D43="YES",(INDEX(Crop_data,MATCH(A43,Crop_data_codes,0),7)*EF_N2O_soils_min_fert+INDEX(Crop_data,MATCH(A43,Crop_data_codes,0),9)*EF_N2O_soils_crop_res)*44/28/INDEX(Crop_data,MATCH(A43,Crop_data_codes,0),6),"") -> #REF! | I43: =IF(D43="Yes",H43*EF_N2O_soils_indirect,"") -> #REF! | J43: =IF(D43="YES",INDEX(Crop_data,MATCH(A43,Crop_data_codes,0),11)*Heating_value_diesel*EF_diesel_N2O/INDEX(Crop_data,MATCH(A43,Crop_data_codes,0),6),"") -> #REF! | L43: =IF(D43="YES",INDEX(Crop_data,MATCH(A43,Crop_data_codes,0),12)*EF_irrigation_N2O/INDEX(Crop_data,MATCH(A43,Crop_data_codes,0),6),"") -> #REF! | M43: =IF(D43="Yes",INDEX(Post_harvest_energy_data,MATCH(C43,Post_harvest_energy_categories,0),2)*EF_heating_oil_N2O+INDEX(Post_harvest_energy_data,MATCH(C43,Post_harvest_energy_categories,0),3)*EF_electricity_N2O+INDEX(Post_harvest_energy_data,MATCH(C43,Post_harvest_energy_categories,0),4)*EF_chips_N2O,"") -> #REF!
A44: 01233 | B44: =INDEX(Crop_data,MATCH(A44,Crop_data_codes,0),2) -> #REF! | C44: =INDEX(Crop_data,MATCH(A44,Crop_data_codes,0),3) -> #REF! | D44: =INDEX(Crop_data,MATCH(A44,Crop_data_codes,0),4) -> #REF! | E44: =IF(D44="Yes", SUM(F44:N44),"") -> #REF! | F44: =IF(D44="YES",INDEX(Crop_data,MATCH(A44,Crop_data_codes,0),7)*(Frac_BAT*EF_min_fert_BAT_N2O+Frac_AN*EF_min_fert_AN_N2O)/INDEX(Crop_data,MATCH(A44,Crop_data_codes,0),6),"") -> #REF! | G44: =IF(D44="YES",EF_capital_goods_N2O,"") -> #REF! | H44: =IF(D44="YES",(INDEX(Crop_data,MATCH(A44,Crop_data_codes,0),7)*EF_N2O_soils_min_fert+INDEX(Crop_data,MATCH(A44,Crop_data_codes,0),9)*EF_N2O_soils_crop_res)*44/28/INDEX(Crop_data,MATCH(A44,Crop_data_codes,0),6),"") -> #REF! | I44: =IF(D44="Yes",H44*EF_N2O_soils_indirect,"") -> #REF! | J44: =IF(D44="YES",INDEX(Crop_data,MATCH(A44,Crop_data_codes,0),11)*Heating_value_diesel*EF_diesel_N2O/INDEX(Crop_data,MATCH(A44,Crop_data_codes,0),6),"") -> #REF! | L44: =IF(D44="YES",INDEX(Crop_data,MATCH(A44,Crop_data_codes,0),12)*EF_irrigation_N2O/INDEX(Crop_data,MATCH(A44,Crop_data_codes,0),6),"") -> #REF! | M44: =IF(D44="Yes",INDEX(Post_harvest_energy_data,MATCH(C44,Post_harvest_energy_categories,0),2)*EF_heating_oil_N2O+INDEX(Post_harvest_energy_data,MATCH(C44,Post_harvest_energy_categories,0),3)*EF_electricity_N2O+INDEX(Post_harvest_energy_data,MATCH(C44,Post_harvest_energy_categories,0),4)*EF_chips_N2O,"") -> #REF!
A45: 01315 | B45: =INDEX(Crop_data,MATCH(A45,Crop_data_codes,0),2) -> #REF! | C45: =INDEX(Crop_data,MATCH(A45,Crop_data_codes,0),3) -> #REF! | D45: =INDEX(Crop_data,MATCH(A45,Crop_data_codes,0),4) -> #REF! | E45: =IF(D45="Yes", SUM(F45:N45),"") -> #REF! | F45: =IF(D45="YES",INDEX(Crop_data,MATCH(A45,Crop_data_codes,0),7)*(Frac_BAT*EF_min_fert_BAT_N2O+Frac_AN*EF_min_fert_AN_N2O)/INDEX(Crop_data,MATCH(A45,Crop_data_codes,0),6),"") -> #REF! | G45: =IF(D45="YES",EF_capital_goods_N2O,"") -> #REF! | H45: =IF(D45="YES",(INDEX(Crop_data,MATCH(A45,Crop_data_codes,0),7)*EF_N2O_soils_min_fert+INDEX(Crop_data,MATCH(A45,Crop_data_codes,0),9)*EF_N2O_soils_crop_res)*44/28/INDEX(Crop_data,MATCH(A45,Crop_data_codes,0),6),"") -> #REF! | I45: =IF(D45="Yes",H45*EF_N2O_soils_indirect,"") -> #REF! | J45: =IF(D45="YES",INDEX(Crop_data,MATCH(A45,Crop_data_codes,0),11)*Heating_value_diesel*EF_diesel_N2O/INDEX(Crop_data,MATCH(A45,Crop_data_codes,0),6),"") -> #REF! | L45: =IF(D45="YES",INDEX(Crop_data,MATCH(A45,Crop_data_codes,0),12)*EF_irrigation_N2O/INDEX(Crop_data,MATCH(A45,Crop_data_codes,0),6),"") -> #REF! | M45: =IF(D45="Yes",INDEX(Post_harvest_energy_data,MATCH(C45,Post_harvest_energy_categories,0),2)*EF_heating_oil_N2O+INDEX(Post_harvest_energy_data,MATCH(C45,Post_harvest_energy_categories,0),3)*EF_electricity_N2O+INDEX(Post_harvest_energy_data,MATCH(C45,Post_harvest_energy_categories,0),4)*EF_chips_N2O,"") -> #REF!
A46: 01351.02 | B46: =INDEX(Crop_data,MATCH(A46,Crop_data_codes,0),2) -> #REF! | C46: =INDEX(Crop_data,MATCH(A46,Crop_data_codes,0),3) -> #REF! | D46: =INDEX(Crop_data,MATCH(A46,Crop_data_codes,0),4) -> #REF! | E46: =IF(D46="Yes", SUM(F46:N46),"") -> #REF! | F46: =IF(D46="YES",INDEX(Crop_data,MATCH(A46,Crop_data_codes,0),7)*(Frac_BAT*EF_min_fert_BAT_N2O+Frac_AN*EF_min_fert_AN_N2O)/INDEX(Crop_data,MATCH(A46,Crop_data_codes,0),6),"") -> #REF! | G46: =IF(D46="YES",EF_capital_goods_N2O,"") -> #REF! | H46: =IF(D46="YES",(INDEX(Crop_data,MATCH(A46,Crop_data_codes,0),7)*EF_N2O_soils_min_fert+INDEX(Crop_data,MATCH(A46,Crop_data_codes,0),9)*EF_N2O_soils_crop_res)*44/28/INDEX(Crop_data,MATCH(A46,Crop_data_codes,0),6),"") -> #REF! | I46: =IF(D46="Yes",H46*EF_N2O_soils_indirect,"") -> #REF! | J46: =IF(D46="YES",INDEX(Crop_data,MATCH(A46,Crop_data_codes,0),11)*Heating_value_diesel*EF_diesel_N2O/INDEX(Crop_data,MATCH(A46,Crop_data_codes,0),6),"") -> #REF! | L46: =IF(D46="YES",INDEX(Crop_data,MATCH(A46,Crop_data_codes,0),12)*EF_irrigation_N2O/INDEX(Crop_data,MATCH(A46,Crop_data_codes,0),6),"") -> #REF! | M46: =IF(D46="Yes",INDEX(Post_harvest_energy_data,MATCH(C46,Post_harvest_energy_categories,0),2)*EF_heating_oil_N2O+INDEX(Post_harvest_energy_data,MATCH(C46,Post_harvest_energy_categories,0),3)*EF_electricity_N2O+INDEX(Post_harvest_energy_data,MATCH(C46,Post_harvest_energy_categories,0),4)*EF_chips_N2O,"") -> #REF!
A47: 01330 | B47: =INDEX(Crop_data,MATCH(A47,Crop_data_codes,0),2) -> #REF! | C47: =INDEX(Crop_data,MATCH(A47,Crop_data_codes,0),3) -> #REF! | D47: =INDEX(Crop_data,MATCH(A47,Crop_data_codes,0),4) -> #REF! | E47: =IF(D47="Yes", SUM(F47:N47),"") -> #REF! | F47: =IF(D47="YES",INDEX(Crop_data,MATCH(A47,Crop_data_codes,0),7)*(Frac_BAT*EF_min_fert_BAT_N2O+Frac_AN*EF_min_fert_AN_N2O)/INDEX(Crop_data,MATCH(A47,Crop_data_codes,0),6),"") -> #REF! | G47: =IF(D47="YES",EF_capital_goods_N2O,"") -> #REF! | H47: =IF(D47="YES",(INDEX(Crop_data,MATCH(A47,Crop_data_codes,0),7)*EF_N2O_soils_min_fert+INDEX(Crop_data,MATCH(A47,Crop_data_codes,0),9)*EF_N2O_soils_crop_res)*44/28/INDEX(Crop_data,MATCH(A47,Crop_data_codes,0),6),"") -> #REF! | I47: =IF(D47="Yes",H47*EF_N2O_soils_indirect,"") -> #REF! | J47: =IF(D47="YES",INDEX(Crop_data,MATCH(A47,Crop_data_codes,0),11)*Heating_value_diesel*EF_diesel_N2O/INDEX(Crop_data,MATCH(A47,Crop_data_codes,0),6),"") -> #REF! | L47: =IF(D47="YES",INDEX(Crop_data,MATCH(A47,Crop_data_codes,0),12)*EF_irrigation_N2O/INDEX(Crop_data,MATCH(A47,Crop_data_codes,0),6),"") -> #REF! | M47: =IF(D47="Yes",INDEX(Post_harvest_energy_data,MATCH(C47,Post_harvest_energy_categories,0),2)*EF_heating_oil_N2O+INDEX(Post_harvest_energy_data,MATCH(C47,Post_harvest_energy_categories,0),3)*EF_electricity_N2O+INDEX(Post_harvest_energy_data,MATCH(C47,Post_harvest_energy_categories,0),4)*EF_chips_N2O,"") -> #REF!
A48: 01290.01 | B48: =INDEX(Crop_data,MATCH(A48,Crop_data_codes,0),2) -> #REF! | C48: =INDEX(Crop_data,MATCH(A48,Crop_data_codes,0),3) -> #REF! | D48: =INDEX(Crop_data,MATCH(A48,Crop_data_codes,0),4) -> #REF! | E48: =IF(D48="Yes", SUM(F48:N48),"") -> #REF! | F48: =IF(D48="YES",INDEX(Crop_data,MATCH(A48,Crop_data_codes,0),7)*(Frac_BAT*EF_min_fert_BAT_N2O+Frac_AN*EF_min_fert_AN_N2O)/INDEX(Crop_data,MATCH(A48,Crop_data_codes,0),6),"") -> #REF! | G48: =IF(D48="YES",EF_capital_goods_N2O,"") -> #REF! | H48: =IF(D48="YES",(INDEX(Crop_data,MATCH(A48,Crop_data_codes,0),7)*EF_N2O_soils_min_fert+INDEX(Crop_data,MATCH(A48,Crop_data_codes,0),9)*EF_N2O_soils_crop_res)*44/28/INDEX(Crop_data,MATCH(A48,Crop_data_codes,0),6),"") -> #REF! | I48: =IF(D48="Yes",H48*EF_N2O_soils_indirect,"") -> #REF! | J48: =IF(D48="YES",INDEX(Crop_data,MATCH(A48,Crop_data_codes,0),11)*Heating_value_diesel*EF_diesel_N2O/INDEX(Crop_data,MATCH(A48,Crop_data_codes,0),6),"") -> #REF! | L48: =IF(D48="YES",INDEX(Crop_data,MATCH(A48,Crop_data_codes,0),12)*EF_irrigation_N2O/INDEX(Crop_data,MATCH(A48,Crop_data_codes,0),6),"") -> #REF! | M48: =IF(D48="Yes",INDEX(Post_harvest_energy_data,MATCH(C48,Post_harvest_energy_categories,0),2)*EF_heating_oil_N2O+INDEX(Post_harvest_energy_data,MATCH(C48,Post_harvest_energy_categories,0),3)*EF_electricity_N2O+INDEX(Post_harvest_energy_data,MATCH(C48,Post_harvest_energy_categories,0),4)*EF_chips_N2O,"") -> #REF!
A49: 01252 | B49: =INDEX(Crop_data,MATCH(A49,Crop_data_codes,0),2) -> #REF! | C49: =INDEX(Crop_data,MATCH(A49,Crop_data_codes,0),3) -> #REF! | D49: =INDEX(Crop_data,MATCH(A49,Crop_data_codes,0),4) -> #REF! | E49: =IF(D49="Yes", SUM(F49:N49),"") -> #REF! | F49: =IF(D49="YES",INDEX(Crop_data,MATCH(A49,Crop_data_codes,0),7)*(Frac_BAT*EF_min_fert_BAT_N2O+Frac_AN*EF_min_fert_AN_N2O)/INDEX(Crop_data,MATCH(A49,Crop_data_codes,0),6),"") -> #REF! | G49: =IF(D49="YES",EF_capital_goods_N2O,"") -> #REF! | H49: =IF(D49="YES",(INDEX(Crop_data,MATCH(A49,Crop_data_codes,0),7)*EF_N2O_soils_min_fert+INDEX(Crop_data,MATCH(A49,Crop_data_codes,0),9)*EF_N2O_soils_crop_res)*44/28/INDEX(Crop_data,MATCH(A49,Crop_data_codes,0),6),"") -> #REF! | I49: =IF(D49="Yes",H49*EF_N2O_soils_indirect,"") -> #REF! | J49: =IF(D49="YES",INDEX(Crop_data,MATCH(A49,Crop_data_codes,0),11)*Heating_value_diesel*EF_diesel_N2O/INDEX(Crop_data,MATCH(A49,Crop_data_codes,0),6),"") -> #REF! | L49: =IF(D49="YES",INDEX(Crop_data,MATCH(A49,Crop_data_codes,0),12)*EF_irrigation_N2O/INDEX(Crop_data,MATCH(A49,Crop_data_codes,0),6),"") -> #REF! | M49: =IF(D49="Yes",INDEX(Post_harvest_energy_data,MATCH(C49,Post_harvest_energy_categories,0),2)*EF_heating_oil_N2O+INDEX(Post_harvest_energy_data,MATCH(C49,Post_harvest_energy_categories,0),3)*EF_electricity_N2O+INDEX(Post_harvest_energy_data,MATCH(C49,Post_harvest_energy_categories,0),4)*EF_chips_N2O,"") -> #REF!
A50: 0142 | B50: =INDEX(Crop_data,MATCH(A50,Crop_data_codes,0),2) -> #REF! | C50: =INDEX(Crop_data,MATCH(A50,Crop_data_codes,0),3) -> #REF! | D50: =INDEX(Crop_data,MATCH(A50,Crop_data_codes,0),4) -> #REF! | E50: =IF(D50="Yes", SUM(F50:N50),"") -> #REF! | F50: =IF(D50="YES",INDEX(Crop_data,MATCH(A50,Crop_data_codes,0),7)*(Frac_BAT*EF_min_fert_BAT_N2O+Frac_AN*EF_min_fert_AN_N2O)/INDEX(Crop_data,MATCH(A50,Crop_data_codes,0),6),"") -> #REF! | G50: =IF(D50="YES",EF_capital_goods_N2O,"") -> #REF! | H50: =IF(D50="YES",(INDEX(Crop_data,MATCH(A50,Crop_data_codes,0),7)*EF_N2O_soils_min_fert+INDEX(Crop_data,MATCH(A50,Crop_data_codes,0),9)*EF_N2O_soils_crop_res)*44/28/INDEX(Crop_data,MATCH(A50,Crop_data_codes,0),6),"") -> #REF! | I50: =IF(D50="Yes",H50*EF_N2O_soils_indirect,"") -> #REF! | J50: =IF(D50="YES",INDEX(Crop_data,MATCH(A50,Crop_data_codes,0),11)*Heating_value_diesel*EF_diesel_N2O/INDEX(Crop_data,MATCH(A50,Crop_data_codes,0),6),"") -> #REF! | L50: =IF(D50="YES",INDEX(Crop_data,MATCH(A50,Crop_data_codes,0),12)*EF_irrigation_N2O/INDEX(Crop_data,MATCH(A50,Crop_data_codes,0),6),"") -> #REF! | M50: =IF(D50="Yes",INDEX(Post_harvest_energy_data,MATCH(C50,Post_harvest_energy_categories,0),2)*EF_heating_oil_N2O+INDEX(Post_harvest_energy_data,MATCH(C50,Post_harvest_energy_categories,0),3)*EF_electricity_N2O+INDEX(Post_harvest_energy_data,MATCH(C50,Post_harvest_energy_categories,0),4)*EF_chips_N2O,"") -> #REF!
A51: 01374 | B51: =INDEX(Crop_data,MATCH(A51,Crop_data_codes,0),2) -> #REF! | C51: =INDEX(Crop_data,MATCH(A51,Crop_data_codes,0),3) -> #REF! | D51: =INDEX(Crop_data,MATCH(A51,Crop_data_codes,0),4) -> #REF! | E51: =IF(D51="Yes", SUM(F51:N51),"") -> #REF! | F51: =IF(D51="YES",INDEX(Crop_data,MATCH(A51,Crop_data_codes,0),7)*(Frac_BAT*EF_min_fert_BAT_N2O+Frac_AN*EF_min_fert_AN_N2O)/INDEX(Crop_data,MATCH(A51,Crop_data_codes,0),6),"") -> #REF! | G51: =IF(D51="YES",EF_capital_goods_N2O,"") -> #REF! | H51: =IF(D51="YES",(INDEX(Crop_data,MATCH(A51,Crop_data_codes,0),7)*EF_N2O_soils_min_fert+INDEX(Crop_data,MATCH(A51,Crop_data_codes,0),9)*EF_N2O_soils_crop_res)*44/28/INDEX(Crop_data,MATCH(A51,Crop_data_codes,0),6),"") -> #REF! | I51: =IF(D51="Yes",H51*EF_N2O_soils_indirect,"") -> #REF! | J51: =IF(D51="YES",INDEX(Crop_data,MATCH(A51,Crop_data_codes,0),11)*Heating_value_diesel*EF_diesel_N2O/INDEX(Crop_data,MATCH(A51,Crop_data_codes,0),6),"") -> #REF! | L51: =IF(D51="YES",INDEX(Crop_data,MATCH(A51,Crop_data_codes,0),12)*EF_irrigation_N2O/INDEX(Crop_data,MATCH(A51,Crop_data_codes,0),6),"") -> #REF! | M51: =IF(D51="Yes",INDEX(Post_harvest_energy_data,MATCH(C51,Post_harvest_energy_categories,0),2)*EF_heating_oil_N2O+INDEX(Post_harvest_energy_data,MATCH(C51,Post_harvest_energy_categories,0),3)*EF_electricity_N2O+INDEX(Post_harvest_energy_data,MATCH(C51,Post_harvest_energy_categories,0),4)*EF_chips_N2O,"") -> #REF!
... A105: 01324 | B105: =INDEX(Crop_data,MATCH(A105,Crop_data_codes,0),2) -> #REF! | C105: =INDEX(Crop_data,MATCH(A105,Crop_data_codes,0),3) -> #REF! | D105: =INDEX(Crop_data,MATCH(A105,Crop_data_codes,0),4) -> #REF! | E105: =IF(D105="Yes", SUM(F105:N105),"") -> #REF! | F105: =IF(D105="YES",INDEX(Crop_data,MATCH(A105,Crop_data_codes,0),7)*(Frac_BAT*EF_min_fert_BAT_N2O+Frac_AN*EF_min_fert_AN_N2O)/INDEX(Crop_data,MATCH(A105,Crop_data_codes,0),6),"") -> #REF! | G105: =IF(D105="YES",EF_capital_goods_N2O,"") -> #REF! | H105: =IF(D105="YES",(INDEX(Crop_data,MATCH(A105,Crop_data_codes,0),7)*EF_N2O_soils_min_fert+INDEX(Crop_data,MATCH(A105,Crop_data_codes,0),9)*EF_N2O_soils_crop_res)*44/28/INDEX(Crop_data,MATCH(A105,Crop_data_codes,0),6),"") -> #REF! | I105: =IF(D105="Yes",H105*EF_N2O_soils_indirect,"") -> #REF! | J105: =IF(D105="YES",INDEX(Crop_data,MATCH(A105,Crop_data_codes,0),11)*Heating_value_diesel*EF_diesel_N2O/INDEX(Crop_data,MATCH(A105,Crop_data_codes,0),6),"") -> #REF! | L105: =IF(D105="YES",INDEX(Crop_data,MATCH(A105,Crop_data_codes,0),12)*EF_irrigation_N2O/INDEX(Crop_data,MATCH(A105,Crop_data_codes,0),6),"") -> #REF! | M105: =IF(D105="Yes",INDEX(Post_harvest_energy_data,MATCH(C105,Post_harvest_energy_categories,0),2)*EF_heating_oil_N2O+INDEX(Post_harvest_energy_data,MATCH(C105,Post_harvest_energy_categories,0),3)*EF_electricity_N2O+INDEX(Post_harvest_energy_data,MATCH(C105,Post_harvest_energy_categories,0),4)*EF_chips_N2O,"") -> #REF!
A106: 01234 | B106: =INDEX(Crop_data,MATCH(A106,Crop_data_codes,0),2) -> #REF! | C106: =INDEX(Crop_data,MATCH(A106,Crop_data_codes,0),3) -> #REF! | D106: =INDEX(Crop_data,MATCH(A106,Crop_data_codes,0),4) -> #REF! | E106: =IF(D106="Yes", SUM(F106:N106),"") -> #REF! | F106: =IF(D106="YES",INDEX(Crop_data,MATCH(A106,Crop_data_codes,0),7)*(Frac_BAT*EF_min_fert_BAT_N2O+Frac_AN*EF_min_fert_AN_N2O)/INDEX(Crop_data,MATCH(A106,Crop_data_codes,0),6),"") -> #REF! | G106: =IF(D106="YES",EF_capital_goods_N2O,"") -> #REF! | H106: =IF(D106="YES",(INDEX(Crop_data,MATCH(A106,Crop_data_codes,0),7)*EF_N2O_soils_min_fert+INDEX(Crop_data,MATCH(A106,Crop_data_codes,0),9)*EF_N2O_soils_crop_res)*44/28/INDEX(Crop_data,MATCH(A106,Crop_data_codes,0),6),"") -> #REF! | I106: =IF(D106="Yes",H106*EF_N2O_soils_indirect,"") -> #REF! | J106: =IF(D106="YES",INDEX(Crop_data,MATCH(A106,Crop_data_codes,0),11)*Heating_value_diesel*EF_diesel_N2O/INDEX(Crop_data,MATCH(A106,Crop_data_codes,0),6),"") -> #REF! | K106: =Energy!C23/INDEX(Crop_data,MATCH(A106,Crop_data_codes,0),6)*INDEX(Crop_data,MATCH(A106,Crop_data_codes,0),5)/100 -> #REF! | M106: =IF(D106="Yes",INDEX(Post_harvest_energy_data,MATCH(C106,Post_harvest_energy_categories,0),2)*EF_heating_oil_N2O+INDEX(Post_harvest_energy_data,MATCH(C106,Post_harvest_energy_categories,0),3)*EF_electricity_N2O+INDEX(Post_harvest_energy_data,MATCH(C106,Post_harvest_energy_categories,0),4)*EF_chips_N2O,"") -> #REF!
A107: 01234_gh | B107: =INDEX(Crop_data,MATCH(A107,Crop_data_codes,0),2) -> #REF! | C107: =INDEX(Crop_data,MATCH(A107,Crop_data_codes,0),3) -> #REF! | D107: =INDEX(Crop_data,MATCH(A107,Crop_data_codes,0),4) -> #REF! | E107: =IF(D107="Yes", SUM(F107:N107),"") -> #REF! | F107: =IF(D107="YES",INDEX(Crop_data,MATCH(A107,Crop_data_codes,0),7)*(Frac_BAT*EF_min_fert_BAT_N2O+Frac_AN*EF_min_fert_AN_N2O)/INDEX(Crop_data,MATCH(A107,Crop_data_codes,0),6),"") -> #REF! | G107: =IF(D107="YES",EF_capital_goods_N2O,"") -> #REF! | H107: =IF(D107="YES",(INDEX(Crop_data,MATCH(A107,Crop_data_codes,0),7)*EF_N2O_soils_min_fert+INDEX(Crop_data,MATCH(A107,Crop_data_codes,0),9)*EF_N2O_soils_crop_res)*44/28/INDEX(Crop_data,MATCH(A107,Crop_data_codes,0),6),"") -> #REF! | I107: =IF(D107="Yes",H107*EF_N2O_soils_indirect,"") -> #REF! | J107: =IF(D107="YES",INDEX(Crop_data,MATCH(A107,Crop_data_codes,0),11)*Heating_value_diesel*EF_diesel_N2O/INDEX(Crop_data,MATCH(A107,Crop_data_codes,0),6),"") -> #REF! | K107: =Energy!C23/INDEX(Crop_data,MATCH(A107,Crop_data_codes,0),6) -> #REF! | M107: =IF(D107="Yes",INDEX(Post_harvest_energy_data,MATCH(C107,Post_harvest_energy_categories,0),2)*EF_heating_oil_N2O+INDEX(Post_harvest_energy_data,MATCH(C107,Post_harvest_energy_categories,0),3)*EF_electricity_N2O+INDEX(Post_harvest_energy_data,MATCH(C107,Post_harvest_energy_categories,0),4)*EF_chips_N2O,"") -> #REF!
A108: 01234_of | B108: =INDEX(Crop_data,MATCH(A108,Crop_data_codes,0),2) -> #REF! | C108: =INDEX(Crop_data,MATCH(A108,Crop_data_codes,0),3) -> #REF! | D108: =INDEX(Crop_data,MATCH(A108,Crop_data_codes,0),4) -> #REF! | E108: =IF(D108="Yes", SUM(F108:N108),"") -> #REF! | F108: =IF(D108="YES",INDEX(Crop_data,MATCH(A108,Crop_data_codes,0),7)*(Frac_BAT*EF_min_fert_BAT_N2O+Frac_AN*EF_min_fert_AN_N2O)/INDEX(Crop_data,MATCH(A108,Crop_data_codes,0),6),"") -> #REF! | G108: =IF(D108="YES",EF_capital_goods_N2O,"") -> #REF! | H108: =IF(D108="YES",(INDEX(Crop_data,MATCH(A108,Crop_data_codes,0),7)*EF_N2O_soils_min_fert+INDEX(Crop_data,MATCH(A108,Crop_data_codes,0),9)*EF_N2O_soils_crop_res)*44/28/INDEX(Crop_data,MATCH(A108,Crop_data_codes,0),6),"") -> #REF! | I108: =IF(D108="Yes",H108*EF_N2O_soils_indirect,"") -> #REF! | J108: =IF(D108="YES",INDEX(Crop_data,MATCH(A108,Crop_data_codes,0),11)*Heating_value_diesel*EF_diesel_N2O/INDEX(Crop_data,MATCH(A108,Crop_data_codes,0),6),"") -> #REF! | L108: =IF(D108="YES",INDEX(Crop_data,MATCH(A108,Crop_data_codes,0),12)*EF_irrigation_N2O/INDEX(Crop_data,MATCH(A108,Crop_data_codes,0),6),"") -> #REF! | M108: =IF(D108="Yes",INDEX(Post_harvest_energy_data,MATCH(C108,Post_harvest_energy_categories,0),2)*EF_heating_oil_N2O+INDEX(Post_harvest_energy_data,MATCH(C108,Post_harvest_energy_categories,0),3)*EF_electricity_N2O+INDEX(Post_harvest_energy_data,MATCH(C108,Post_harvest_energy_categories,0),4)*EF_chips_N2O,"") -> #REF!
