Workbook
Name Ability_to_perceive_handling: 'Parameters, general'!$B$19
Name Bonefree_outof_CW_AT: 'Parameters, country spec'!$B$9
Name Bonefree_outof_CW_BE: 'Parameters, country spec'!$C$9
Name Bonefree_outof_CW_BG: 'Parameters, country spec'!$D$9
Name Bonefree_outof_CW_BR: 'Parameters, country spec'!$AC$9
Name Bonefree_outof_CW_CY: 'Parameters, country spec'!$F$9
Name Bonefree_outof_CW_CZ: 'Parameters, country spec'!$G$9
Name Bonefree_outof_CW_DE: 'Parameters, country spec'!$L$9
Name Bonefree_outof_CW_DK: 'Parameters, country spec'!$H$9
Name Bonefree_outof_CW_EE: 'Parameters, country spec'!$I$9
Name Bonefree_outof_CW_ES: 'Parameters, country spec'!$Z$9
Name Bonefree_outof_CW_FI: 'Parameters, country spec'!$J$9
Name Bonefree_outof_CW_FR: 'Parameters, country spec'!$K$9
Name Bonefree_outof_CW_GB: 'Parameters, country spec'!$AB$9
Name Bonefree_outof_CW_GR: 'Parameters, country spec'!$M$9
Name Bonefree_outof_CW_HR: 'Parameters, country spec'!$E$9
Name Bonefree_outof_CW_HU: 'Parameters, country spec'!$N$9
Name Bonefree_outof_CW_IE: 'Parameters, country spec'!$O$9
Name Bonefree_outof_CW_IT: 'Parameters, country spec'!$P$9
Name Bonefree_outof_CW_LT: 'Parameters, country spec'!$R$9
Name Bonefree_outof_CW_LV: 'Parameters, country spec'!$Q$9
Name Bonefree_outof_CW_MT: 'Parameters, country spec'!$S$9
Name Bonefree_outof_CW_NL: 'Parameters, country spec'!$T$9
Name Bonefree_outof_CW_PL: 'Parameters, country spec'!$U$9
Name Bonefree_outof_CW_PT: 'Parameters, country spec'!$V$9
Name Bonefree_outof_CW_RO: 'Parameters, country spec'!$W$9
Name Bonefree_outof_CW_SE: 'Parameters, country spec'!$AA$9
Name Bonefree_outof_CW_SI: 'Parameters, country spec'!$Y$9
Name Bonefree_outof_CW_SK: 'Parameters, country spec'!$X$9
Name Bonefree_outof_CW_TH: 'Parameters, country spec'!$AD$9
Name Bonefree_outof_CW_US: 'Parameters, country spec'!$AE$9
Name CF_biog_CH4: '[1]CF climate'!$C$5
Name CF_fossil_CH4: '[1]CF climate'!$D$5
Name CF_GWP_CH4_fossil: 'Parameters, general'!$B$14
Name CF_GWP_N2O: 'Parameters, general'!$B$16
Name CF_N2O: '[1]CF climate'!$E$5
Name CH4_bio_codes: '[1]Crops CH4, bio'!$A$6:$A$118
Name CH4_bio_data: '[1]Crops CH4, bio'!$E$6:$N$118
Name CH4_codes: '[1]Crops CH4, fossil'!$A$6:$A$118
Name CH4_data: '[1]Crops CH4, fossil'!$E$6:$N$118
Name CO2_codes: '[1]Crops CO2'!$A$6:$A$118
Name CO2_data: '[1]Crops CO2'!$E$6:$N$118
Name Crop_data: '[1]Crops, input data per ha'!$A$6:$Z$118
Name Crop_data_codes: '[1]Crops, input data per ha'!$A$6:$A$118
Name CY: 'Parameters, country spec'!$F$36
Name EF_ammonia_AT: 'Parameters, country spec'!$B$42
Name EF_ammonia_BE: 'Parameters, country spec'!$C$42
Name EF_ammonia_BG: 'Parameters, country spec'!$D$42
Name EF_ammonia_BR: 'Parameters, country spec'!$AC$42
Name EF_ammonia_CY: 'Parameters, country spec'!$F$42
Name EF_ammonia_CZ: 'Parameters, country spec'!$G$42
Name EF_ammonia_DE: 'Parameters, country spec'!$L$42
Name EF_ammonia_DK: 'Parameters, country spec'!$H$42
Name EF_ammonia_EE: 'Parameters, country spec'!$I$42
Name EF_ammonia_ES: 'Parameters, country spec'!$Z$42
Name EF_ammonia_FI: 'Parameters, country spec'!$J$42
Name EF_ammonia_FR: 'Parameters, country spec'!$K$42
Name EF_ammonia_GB: 'Parameters, country spec'!$AB$42
Name EF_ammonia_GR: 'Parameters, country spec'!$M$42
Name EF_ammonia_HR: 'Parameters, country spec'!$E$42

Sheet README
A2: Read me
A4: This is a file that contains the calculations of environmental footprints, labour requirements, animal welfare and use of antibiotics for chicken production.
A7: Assumptions:
A8: - All parent animals are also eaten
A9: - Impacts are allocated equally across flesh and offals
A13: Tab color codes:
B15: Results
B16: Sheets for input
B17: Intermediate calculations
B18: Figures
A20: Att göra:
A23: Se om det går att få ut en foderstat för denna från Frankrike https://productions-animales.org/article/view/5396
A24: Gödselemissioner från NIR - är det klart? Kolla med Ludvig
A25: Justera till landsspecifik energianvändning https://www.mdpi.com/2076-3417/12/4/2142
A26: Vattenanvändning per land - OBS att detta är för anv i stallar, inte foderodlingen

Sheet Figures
A2: Figures
A4: Greenhouse gas emission for bonefree chicken meat across countries, to farmgate including slaughter, no waste
A42: Lesschen:
J45: Order in this study: | L45: Order in Lesschen:
J47: Poland | L47: Netherlands
J48: UK | L48: Greece
J49: Netherlands | L49: Poland
J50: Denmark | L50: Germany
J51: Sweden | L51: Hungary
J52: Greece | L52: Ireland
J53: Germany | L53: UK
J54: Spain | L54: Denmark
J55: Ireland | L55: Italy
J56: France | L56: France
J57: Italy | L57: Spain
J58: Hungary | L58: Sweden
B71: Production of mineral fertilizer | C71: Production of capital goods | D71: Emissions from soil | E71: Diesel use field machinary | F71: Energy use for feed processing | G71: Land use change emissions | H71: Feed transports | I71: Enteric fermentation | J71: Manure management | K71: Energy use in stables | L71: Energy use for slaughter | M71: Tot
A72: Poland | B72: ='GHG detailed, results per kg'!H106 -> 0.23803531 | C72: ='GHG detailed, results per kg'!I106 -> 0.090380114 | D72: ='GHG detailed, results per kg'!J106+'GHG detailed, results per kg'!K106 -> 0.35702712 | E72: ='GHG detailed, results per kg'!L106+'GHG detailed, results per kg'!N106 -> 0.13266084 | F72: ='GHG detailed, results per kg'!O106 -> 0.15985879 | G72: ='GHG detailed, results per kg'!P106 -> 0.10943919 | H72: ='GHG detailed, results per kg'!R106 -> 0.09632315 | I72: ='GHG detailed, results per kg'!S106 -> 0 | J72: ='GHG detailed, results per kg'!T106 -> 0.1386938 | K72: ='GHG detailed, results per kg'!W106 -> 0.15074932 | L72: ='GHG detailed, results per kg'!X106 -> 0.54600896 | M72: =SUM(B72:L72) -> 2.0191766
A73: UK | B73: ='GHG detailed, results per kg'!H141 -> 0.22131229 | C73: ='GHG detailed, results per kg'!I141 -> 0.09015126 | D73: ='GHG detailed, results per kg'!J141+'GHG detailed, results per kg'!K141 -> 0.4653007 | E73: ='GHG detailed, results per kg'!L141+'GHG detailed, results per kg'!N141 -> 0.1186624 | F73: ='GHG detailed, results per kg'!O141 -> 0.11300219 | G73: ='GHG detailed, results per kg'!P141 -> 0.19408949 | H73: ='GHG detailed, results per kg'!R141 -> 0.17830096 | I73: ='GHG detailed, results per kg'!S141 -> 0 | J73: ='GHG detailed, results per kg'!T141 -> 0.093263729 | K73: ='GHG detailed, results per kg'!W141 -> 0.094238727 | L73: ='GHG detailed, results per kg'!X141 -> 0.22309127 | M73: =SUM(B73:L73) -> 1.791413
A74: Netherlands | B74: ='GHG detailed, results per kg'!H101 -> 0.18889798 | C74: ='GHG detailed, results per kg'!I101 -> 0.088547668 | D74: ='GHG detailed, results per kg'!J101+'GHG detailed, results per kg'!K101 -> 0.38352742 | E74: ='GHG detailed, results per kg'!L101+'GHG detailed, results per kg'!N101 -> 0.098272513 | F74: ='GHG detailed, results per kg'!O101 -> 0.13182431 | G74: ='GHG detailed, results per kg'!P101 -> 0.16580919 | H74: ='GHG detailed, results per kg'!R101 -> 0.16108315 | I74: ='GHG detailed, results per kg'!S101 -> 0 | J74: ='GHG detailed, results per kg'!T101 -> 0.1510445 | K74: ='GHG detailed, results per kg'!W101 -> 0.10486037 | L74: ='GHG detailed, results per kg'!X101 -> 0.28378637 | M74: =SUM(B74:L74) -> 1.7576535
A75: Denmark | B75: ='GHG detailed, results per kg'!H41 -> 0.24971371 | C75: ='GHG detailed, results per kg'!I41 -> 0.090853563 | D75: ='GHG detailed, results per kg'!J41+'GHG detailed, results per kg'!K41 -> 0.48955719 | E75: ='GHG detailed, results per kg'!L41+'GHG detailed, results per kg'!N41 -> 0.099457169 | F75: ='GHG detailed, results per kg'!O41 -> 0.12602944 | G75: ='GHG detailed, results per kg'!P41 -> 0.11199554 | H75: ='GHG detailed, results per kg'!R41 -> 0.10108349 | I75: ='GHG detailed, results per kg'!S41 -> 0 | J75: ='GHG detailed, results per kg'!T41 -> 0.093263729 | K75: ='GHG detailed, results per kg'!W41 -> 0.092086077 | L75: ='GHG detailed, results per kg'!X41 -> 0.21079041 | M75: =SUM(B75:L75) -> 1.6648303
A76: Sweden | B76: ='GHG detailed, results per kg'!H136 -> 0.25129264 | C76: ='GHG detailed, results per kg'!I136 -> 0.092035735 | D76: ='GHG detailed, results per kg'!J136+'GHG detailed, results per kg'!K36 -> 0.48733229 | E76: ='GHG detailed, results per kg'!L136+'GHG detailed, results per kg'!N136 -> 0.11182227 | F76: ='GHG detailed, results per kg'!O136 -> 0.11472904 | G76: ='GHG detailed, results per kg'!P136 -> 0.19366753 | H76: ='GHG detailed, results per kg'!R136 -> 0.17244619 | I76: ='GHG detailed, results per kg'!S136 -> 0 | J76: ='GHG detailed, results per kg'!T136 -> 0.093263729 | K76: ='GHG detailed, results per kg'!W136 -> 0.065053683 | L76: ='GHG detailed, results per kg'!X136 -> 0.056319595 | M76: =SUM(B76:L76) -> 1.6379627
A77: Greece | B77: ='GHG detailed, results per kg'!H66 -> 0.12850413 | C77: ='GHG detailed, results per kg'!I66 -> 0.081097112 | D77: ='GHG detailed, results per kg'!J66+'GHG detailed, results per kg'!K66 -> 0.11730113 | E77: ='GHG detailed, results per kg'!L66+'GHG detailed, results per kg'!N66 -> 0.15210488 | F77: ='GHG detailed, results per kg'!O66 -> 0.12393547 | G77: ='GHG detailed, results per kg'!P66 -> 0.21074569 | H77: ='GHG detailed, results per kg'!R66 -> 0.17453023 | I77: ='GHG detailed, results per kg'!S66 -> 0 | J77: ='GHG detailed, results per kg'!T66 -> 0.14380684 | K77: ='GHG detailed, results per kg'!W66 -> 0.11871036 | L77: ='GHG detailed, results per kg'!X66 -> 0.3629292 | M77: =SUM(B77:L77) -> 1.613665
A78: Germany | B78: ='GHG detailed, results per kg'!H61 -> 0.22779948 | C78: ='GHG detailed, results per kg'!I61 -> 0.090347174 | D78: ='GHG detailed, results per kg'!J61+'GHG detailed, results per kg'!K61 -> 0.34558455 | E78: ='GHG detailed, results per kg'!L61+'GHG detailed, results per kg'!N61 -> 0.090175519 | F78: ='GHG detailed, results per kg'!O61 -> 0.13396724 | G78: ='GHG detailed, results per kg'!P61 -> 0.094471241 | H78: ='GHG detailed, results per kg'!R61 -> 0.097794323 | I78: ='GHG detailed, results per kg'!S1 -> 0 | J78: ='GHG detailed, results per kg'!T61 -> 0.16129506 | K78: ='GHG detailed, results per kg'!W61 -> 0.10159751 | L78: ='GHG detailed, results per kg'!X61 -> 0.26514147 | M78: =SUM(B78:L78) -> 1.6081736
A79: Spain | B79: ='GHG detailed, results per kg'!H131 -> 0.16629826 | C79: ='GHG detailed, results per kg'!I131 -> 0.091990033 | D79: ='GHG detailed, results per kg'!J131+'GHG detailed, results per kg'!K131 -> 0.22550367 | E79: ='GHG detailed, results per kg'!L131+'GHG detailed, results per kg'!N131 -> 0.17747389 | F79: ='GHG detailed, results per kg'!O131 -> 0.12052009 | G79: ='GHG detailed, results per kg'!P131 -> 0.17947456 | H79: ='GHG detailed, results per kg'!R131 -> 0.15094581 | I79: ='GHG detailed, results per kg'!S131 -> 0 | J79: ='GHG detailed, results per kg'!T131 -> 0.1506608 | K79: ='GHG detailed, results per kg'!W131 -> 0.083464271 | L79: ='GHG detailed, results per kg'!X131 -> 0.16152295 | M79: =SUM(B79:L79) -> 1.5078543
A80: Ireland | B80: ='GHG detailed, results per kg'!H76 -> 0.12006494 | C80: ='GHG detailed, results per kg'!I76 -> 0.069390558 | D80: ='GHG detailed, results per kg'!J76+'GHG detailed, results per kg'!K76 -> 0.29117875 | E80: ='GHG detailed, results per kg'!L76+'GHG detailed, results per kg'!N76 -> 0.075023333 | F80: ='GHG detailed, results per kg'!O76 -> 0.10049496 | G80: ='GHG detailed, results per kg'!P76 -> 0.14537906 | H80: ='GHG detailed, results per kg'!R76 -> 0.13484734 | I80: ='GHG detailed, results per kg'!S76 -> 0 | J80: ='GHG detailed, results per kg'!T76 -> 0.12361808 | K80: ='GHG detailed, results per kg'!W76 -> 0.093669772 | L80: ='GHG detailed, results per kg'!X76 -> 0.2198401 | M80: =SUM(B80:L80) -> 1.3735069
A81: France | B81: ='GHG detailed, results per kg'!H56 -> 0.25670205 | C81: ='GHG detailed, results per kg'!I56 -> 0.084528256 | D81: ='GHG detailed, results per kg'!J56+'GHG detailed, results per kg'!K56 -> 0.34183843 | E81: ='GHG detailed, results per kg'!L56+'GHG detailed, results per kg'!N56 -> 0.093381308 | F81: ='GHG detailed, results per kg'!O56 -> 0.10830226 | G81: ='GHG detailed, results per kg'!P56 -> 0.091730991 | H81: ='GHG detailed, results per kg'!R56 -> 0.096283526 | I81: ='GHG detailed, results per kg'!S56 -> 0 | J81: ='GHG detailed, results per kg'!T56 -> 0.11017856 | K81: ='GHG detailed, results per kg'!W56 -> 0.065397296 | L81: ='GHG detailed, results per kg'!X56 -> 0.058283097 | M81: =SUM(B81:L81) -> 1.3066258
A82: Italy | B82: ='GHG detailed, results per kg'!H81 -> 0.20126111 | C82: ='GHG detailed, results per kg'!I81 -> 0.083040166 | D82: ='GHG detailed, results per kg'!J81+'GHG detailed, results per kg'!K81 -> 0.13646328 | E82: ='GHG detailed, results per kg'!L81+'GHG detailed, results per kg'!N81 -> 0.11065477 | F82: ='GHG detailed, results per kg'!O81 -> 0.11751804 | G82: ='GHG detailed, results per kg'!P81 -> 0.12172101 | H82: ='GHG detailed, results per kg'!R81 -> 0.10263629 | I82: ='GHG detailed, results per kg'!S81 -> 0 | J82: ='GHG detailed, results per kg'!T81 -> 0.10084615 | K82: ='GHG detailed, results per kg'!W81 -> 0.095764816 | L82: ='GHG detailed, results per kg'!X81 -> 0.23181178 | M82: =SUM(B82:L82) -> 1.3017174
A83: Hungary | B83: ='GHG detailed, results per kg'!H71 -> 0.19919809 | C83: ='GHG detailed, results per kg'!I71 -> 0.088757377 | D83: ='GHG detailed, results per kg'!J71+'GHG detailed, results per kg'!K71 -> 0.12819491 | E83: ='GHG detailed, results per kg'!L71+'GHG detailed, results per kg'!N71 -> 0.10101657 | F83: ='GHG detailed, results per kg'!O71 -> 0.12688013 | G83: ='GHG detailed, results per kg'!P71 -> 0.10270074 | H83: ='GHG detailed, results per kg'!R71 -> 0.084100047 | I83: ='GHG detailed, results per kg'!S71 -> 0 | J83: ='GHG detailed, results per kg'!T71 -> 0.11443727 | K83: ='GHG detailed, results per kg'!W71 -> 0.099655029 | L83: ='GHG detailed, results per kg'!X71 -> 0.25404157 | M83: =SUM(B83:L83) -> 1.2989817

Sheet Footprints, results per kg
A2: Footprints (per kg of bonefree meat) | M2: * Adjusted for manure
A5: Animal products | F5: Climate | L5: Land | M5: Nitrogen* | N5: Phosphorus | O5: Water | P5: Pesticides | Q5: Biodiversity | R5: Ammonia | S5: Labour | T5: Animal welfare | U5: Use of antibiotics
A6: Code | B6: Name | C6: Category | D6: Country | E6: Country code | F6: Carbon footprint, kg CO2e/kg | G6: Carbon dioxide, kg CO2/kg | H6: Methane, fossil, kg CH4/kg | I6: Methane, biogenic, kg CH4/kg | J6: Nitrous oxide, kg N2O/kg | K6: HFCs, kg HFCs/kg | L6: Cropland use, m2/kg | M6: New N input, kg N/kg | N6: New P input, kg P/kg | O6: Blue freshwater use, m3/kg | P6: Pesticide use, g a.i./kg | Q6: Extinction rate, E/MSY/kg | R6: Ammonia emission, kg NH3/kg | S6: Labour requirements, h/kg | T6: Animal welfare index per kg of bonefree meat
A7: 21121 | B7: Chicken meat | C7: White meat | D7: Austria | E7: AT | F7: ='GHG detailed, results per kg'!G11 -> 1.5092702 | G7: ='GHG detailed, results per kg'!G7 -> 0.86319394 | H7: ='GHG detailed, results per kg'!G8 -> 0.0010944362 | I7: ='GHG detailed, results per kg'!G9 -> 0.0022013861 | J7: ='GHG detailed, results per kg'!G10 -> 0.0020293944 | L7: ='EFP per kg feed'!F17*FCR_bonefree_incl_parents_AT -> 10.389611 | M7: ='EFP per kg feed'!G17*FCR_bonefree_incl_parents_AT-Manure_repl_factor_AT*Excreted_N_after_losses_AT -> 0.051691689 | N7: ='EFP per kg feed'!H17*FCR_bonefree_incl_parents_AT -> 0.0076615155 | O7: ='EFP per kg feed'!I17*FCR_bonefree_incl_parents_AT+Water_stables_AT/Bonefree_outof_CW_AT -> 0.014439502 | P7: ='EFP per kg feed'!J17*FCR_bonefree_incl_parents_AT -> 0.16155118 | Q7: ='EFP per kg feed'!K17*FCR_bonefree_incl_parents_AT -> 2.5375629e-10 | R7: ='EFP per kg feed'!L17*FCR_bonefree_incl_parents_AT+Excreted_N_after_losses_AT -> 0.029187573 | S7: =Production!B52*Labour_per_animal_AT -> 0.16374995
A8: 21121 | B8: Chicken meat | C8: White meat | D8: Belgium | E8: BE | F8: ='GHG detailed, results per kg'!G16 -> 1.4361306 | G8: ='GHG detailed, results per kg'!G12 -> 0.88800536 | H8: ='GHG detailed, results per kg'!G13 -> 0.00092155385 | I8: ='GHG detailed, results per kg'!G14 -> 0.0022013861 | J8: ='GHG detailed, results per kg'!G15 -> 0.0016894707 | L8: ='EFP per kg feed'!F29*FCR_bonefree_incl_parents_BE -> 8.026457 | M8: ='EFP per kg feed'!G29*FCR_bonefree_incl_parents_BE-Manure_repl_factor_BE*Excreted_N_after_losses_BE -> 0.059569596 | N8: ='EFP per kg feed'!H29*FCR_bonefree_incl_parents_BE -> 0.0077825138 | O8: ='EFP per kg feed'!I29*FCR_bonefree_incl_parents_BE+Water_stables_BE/Bonefree_outof_CW_BE -> 0.015369115 | P8: ='EFP per kg feed'!J29*FCR_bonefree_incl_parents_BE -> 0.26539614 | Q8: ='EFP per kg feed'!K29*FCR_bonefree_incl_parents_BE -> 3.9941229e-10 | R8: ='EFP per kg feed'!L29*FCR_bonefree_incl_parents_BE+Excreted_N_after_losses_BE -> 0.029645549 | S8: =Production!C52*Labour_per_animal_BE -> 0.0924884
A9: 21121 | B9: Chicken meat | C9: White meat | D9: Bulgaria | E9: BG | F9: ='GHG detailed, results per kg'!G21 -> 1.4825254 | G9: ='GHG detailed, results per kg'!G17 -> 0.8860164 | H9: ='GHG detailed, results per kg'!G18 -> 0.00083549634 | I9: ='GHG detailed, results per kg'!G19 -> 0.0022013861 | J9: ='GHG detailed, results per kg'!G20 -> 0.0018760945 | L9: ='EFP per kg feed'!F41*FCR_bonefree_incl_parents_BG -> 11.873854 | M9: ='EFP per kg feed'!G41*FCR_bonefree_incl_parents_BG-Manure_repl_factor_BG*Excreted_N_after_losses_BG -> 0.037889187 | N9: ='EFP per kg feed'!H41*FCR_bonefree_incl_parents_BG -> 0.0067014532 | O9: ='EFP per kg feed'!I41*FCR_bonefree_incl_parents_BG+Water_stables_BG/Bonefree_outof_CW_BG -> 0.013771555 | P9: ='EFP per kg feed'!J41*FCR_bonefree_incl_parents_BG -> 0.086617264 | Q9: ='EFP per kg feed'!K41*FCR_bonefree_incl_parents_BG -> 1.609658e-10 | R9: ='EFP per kg feed'!L41*FCR_bonefree_incl_parents_BG+Excreted_N_after_losses_BG -> 0.028661273 | S9: =Production!D52*Labour_per_animal_BG -> 0.30930547
A10: 21121 | B10: Chicken meat | C10: White meat | D10: Croatia | E10: HR | F10: ='GHG detailed, results per kg'!G26 -> 1.6668186 | G10: ='GHG detailed, results per kg'!G22 -> 1.0832445 | H10: ='GHG detailed, results per kg'!G23 -> 0.0012461444 | I10: ='GHG detailed, results per kg'!G24 -> 0.0022013861 | J10: ='GHG detailed, results per kg'!G25 -> 0.0017838884 | L10: ='EFP per kg feed'!F53*FCR_bonefree_incl_parents_HR -> 10.818017 | M10: ='EFP per kg feed'!G53*FCR_bonefree_incl_parents_HR-Manure_repl_factor_HR*Excreted_N_after_losses_HR -> 0.050353677 | N10: ='EFP per kg feed'!H53*FCR_bonefree_incl_parents_HR -> 0.0081656824 | O10: ='EFP per kg feed'!I53*FCR_bonefree_incl_parents_HR+Water_stables_HR/Bonefree_outof_CW_HR -> 0.014594993 | P10: ='EFP per kg feed'!J53*FCR_bonefree_incl_parents_HR -> 0.17611603 | Q10: ='EFP per kg feed'!K53*FCR_bonefree_incl_parents_HR -> 3.8239745e-10 | R10: ='EFP per kg feed'!L53*FCR_bonefree_incl_parents_HR+Excreted_N_after_losses_HR -> 0.028816738 | S10: =Production!E52*Labour_per_animal_HR -> 0.34721055
A11: 21121 | B11: Chicken meat | C11: White meat | D11: Cyprus | E11: CY | F11: ='GHG detailed, results per kg'!G31 -> 2.124919 | G11: ='GHG detailed, results per kg'!G27 -> 1.4349527 | H11: ='GHG detailed, results per kg'!G28 -> 0.0022274804 | I11: ='GHG detailed, results per kg'!G29 -> 0.0022013861 | J11: ='GHG detailed, results per kg'!G30 -> 0.0020664835 | L11: ='EFP per kg feed'!F65*FCR_bonefree_incl_parents_CY -> 9.5598529 | M11: ='EFP per kg feed'!G65*FCR_bonefree_incl_parents_CY-Manure_repl_factor_CY*Excreted_N_after_losses_CY -> 0.060438069 | N11: ='EFP per kg feed'!H65*FCR_bonefree_incl_parents_CY -> 0.0084524034 | O11: ='EFP per kg feed'!I65*FCR_bonefree_incl_parents_CY+Water_stables_CY/Bonefree_outof_CW_CY -> 0.014579277 | P11: ='EFP per kg feed'!J65*FCR_bonefree_incl_parents_CY -> 0.17409708 | Q11: ='EFP per kg feed'!K65*FCR_bonefree_incl_parents_CY -> 3.8972337e-10 | R11: ='EFP per kg feed'!L65*FCR_bonefree_incl_parents_CY+Excreted_N_after_losses_CY -> 0.029038099 | S11: =Production!F52*Labour_per_animal_CY -> 0.069745351
A12: 21121 | B12: Chicken meat | C12: White meat | D12: Czechia | E12: CZ | F12: ='GHG detailed, results per kg'!G36 -> 1.784702 | G12: ='GHG detailed, results per kg'!G32 -> 1.0963773 | H12: ='GHG detailed, results per kg'!G33 -> 0.0011323232 | I12: ='GHG detailed, results per kg'!G34 -> 0.0022013861 | J12: ='GHG detailed, results per kg'!G35 -> 0.0021800147 | L12: ='EFP per kg feed'!F77*FCR_bonefree_incl_parents_CZ -> 9.1816938 | M12: ='EFP per kg feed'!G77*FCR_bonefree_incl_parents_CZ-Manure_repl_factor_CZ*Excreted_N_after_losses_CZ -> 0.056446162 | N12: ='EFP per kg feed'!H77*FCR_bonefree_incl_parents_CZ -> 0.0077073249 | O12: ='EFP per kg feed'!I77*FCR_bonefree_incl_parents_CZ+Water_stables_CZ/Bonefree_outof_CW_CZ -> 0.014247699 | P12: ='EFP per kg feed'!J77*FCR_bonefree_incl_parents_CZ -> 0.13997568 | Q12: ='EFP per kg feed'!K77*FCR_bonefree_incl_parents_CZ -> 2.2926494e-10 | R12: ='EFP per kg feed'!L77*FCR_bonefree_incl_parents_CZ+Excreted_N_after_losses_CZ -> 0.029095855 | S12: =Production!G52*Labour_per_animal_CZ -> 0.13342589
A13: 21121 | B13: Chicken meat | C13: White meat | D13: Denmark | E13: DK | F13: ='GHG detailed, results per kg'!G41 -> 1.6832501 | G13: ='GHG detailed, results per kg'!G37 -> 0.96979988 | H13: ='GHG detailed, results per kg'!G38 -> 0.0011031151 | I13: ='GHG detailed, results per kg'!G39 -> 0.0022013861 | J13: ='GHG detailed, results per kg'!G40 -> 0.0022752379 | L13: ='EFP per kg feed'!F89*FCR_bonefree_incl_parents_DK -> 5.5056842 | M13: ='EFP per kg feed'!G89*FCR_bonefree_incl_parents_DK-Manure_repl_factor_DK*Excreted_N_after_losses_DK -> 0.06802495 | N13: ='EFP per kg feed'!H89*FCR_bonefree_incl_parents_DK -> 0.009368177 | O13: ='EFP per kg feed'!I89*FCR_bonefree_incl_parents_DK+Water_stables_DK/Bonefree_outof_CW_DK -> 0.021950283 | P13: ='EFP per kg feed'!J89*FCR_bonefree_incl_parents_DK -> 0.74850462 | Q13: ='EFP per kg feed'!K89*FCR_bonefree_incl_parents_DK -> 4.6901396e-10 | R13: ='EFP per kg feed'!L89*FCR_bonefree_incl_parents_DK+Excreted_N_after_losses_DK -> 0.032019301 | S13: =Production!H52*Labour_per_animal_DK -> 0.062164334 | T13: 3.7137562 | U13: 19.4
A14: 21121 | B14: Chicken meat | C14: White meat | D14: Estonia | E14: EE | F14: ='GHG detailed, results per kg'!G46 -> 1.2398926 | G14: ='GHG detailed, results per kg'!G42 -> 0.81427153 | H14: ='GHG detailed, results per kg'!G43 -> 0.0018321997 | I14: ='GHG detailed, results per kg'!G44 -> 0.0022013861 | J14: ='GHG detailed, results per kg'!G45 -> 0.0011413336 | L14: ='EFP per kg feed'!F101*FCR_bonefree_incl_parents_EE -> 4.8277187 | M14: ='EFP per kg feed'!G101*FCR_bonefree_incl_parents_EE-Manure_repl_factor_EE*Excreted_N_after_losses_EE -> 0.029066435 | N14: ='EFP per kg feed'!H101*FCR_bonefree_incl_parents_EE -> 0.0046807495 | O14: ='EFP per kg feed'!I101*FCR_bonefree_incl_parents_EE+Water_stables_EE/Bonefree_outof_CW_EE -> 0.01386508 | P14: ='EFP per kg feed'!J101*FCR_bonefree_incl_parents_EE -> 0.098381513 | Q14: ='EFP per kg feed'!K101*FCR_bonefree_incl_parents_EE -> 1.2664368e-10 | R14: ='EFP per kg feed'!L101*FCR_bonefree_incl_parents_EE+Excreted_N_after_losses_EE -> 0.029009395 | S14: =Production!I52*Labour_per_animal_EE -> 0.068229148
A15: 21121 | B15: Chicken meat | C15: White meat | D15: Finland | E15: FI | F15: ='GHG detailed, results per kg'!G51 -> 1.5575329 | G15: ='GHG detailed, results per kg'!G47 -> 0.89988162 | H15: ='GHG detailed, results per kg'!G48 -> 0.0011415948 | I15: ='GHG detailed, results per kg'!G49 -> 0.0022013861 | J15: ='GHG detailed, results per kg'!G50 -> 0.0020666461 | L15: ='EFP per kg feed'!F113*FCR_bonefree_incl_parents_FI -> 6.2414862 | M15: ='EFP per kg feed'!G113*FCR_bonefree_incl_parents_FI-Manure_repl_factor_FI*Excreted_N_after_losses_FI -> 0.064779926 | N15: ='EFP per kg feed'!H113*FCR_bonefree_incl_parents_FI -> 0.011241359 | O15: ='EFP per kg feed'!I113*FCR_bonefree_incl_parents_FI+Water_stables_FI/Bonefree_outof_CW_FI -> 0.015227821 | P15: ='EFP per kg feed'!J113*FCR_bonefree_incl_parents_FI -> 0.25303358 | Q15: ='EFP per kg feed'!K113*FCR_bonefree_incl_parents_FI -> 2.5007746e-10 | R15: ='EFP per kg feed'!L113*FCR_bonefree_incl_parents_FI+Excreted_N_after_losses_FI -> 0.030844704 | S15: =Production!J52*Labour_per_animal_FI -> 0.089455993
A16: 21121 | B16: Chicken meat | C16: White meat | D16: France | E16: FR | F16: ='GHG detailed, results per kg'!G56 -> 1.3265143 | G16: ='GHG detailed, results per kg'!G52 -> 0.7460333 | H16: ='GHG detailed, results per kg'!G53 -> 0.0010169099 | I16: ='GHG detailed, results per kg'!G54 -> 0.0022548527 | J16: ='GHG detailed, results per kg'!G55 -> 0.0017922933 | L16: ='EFP per kg feed'!F125*FCR_bonefree_incl_parents_FR -> 4.7229561 | M16: ='EFP per kg feed'!G125*FCR_bonefree_incl_parents_FR-Manure_repl_factor_FR*Excreted_N_after_losses_FR -> 0.058493449 | N16: ='EFP per kg feed'!H125*FCR_bonefree_incl_parents_FR -> 0.010741997 | O16: ='EFP per kg feed'!I125*FCR_bonefree_incl_parents_FR+Water_stables_FR/Bonefree_outof_CW_FR -> 0.089587279 | P16: ='EFP per kg feed'!J125*FCR_bonefree_incl_parents_FR -> 0.7010948 | Q16: ='EFP per kg feed'!K125*FCR_bonefree_incl_parents_FR -> 1.3831994e-09 | R16: ='EFP per kg feed'!L125*FCR_bonefree_incl_parents_FR+Excreted_N_after_losses_FR -> 0.045473608 | S16: =Production!K52*Labour_per_animal_FR -> 0.094548198 | T16: 4.0414332 | U16: 38.1
A17: 21121 | B17: Chicken meat | C17: White meat | D17: Germany | E17: DE | F17: ='GHG detailed, results per kg'!G61 -> 1.6281702 | G17: ='GHG detailed, results per kg'!G57 -> 0.98916343 | H17: ='GHG detailed, results per kg'!G58 -> 0.0014032805 | I17: ='GHG detailed, results per kg'!G59 -> 0.0033020792 | J17: ='GHG detailed, results per kg'!G60 -> 0.0018609264 | K17: =G17+H17*29.8+I17*27+J17*273 -> 1.6281702 | L17: ='EFP per kg feed'!F137*FCR_bonefree_incl_parents_DE -> 4.7692643 | M17: ='EFP per kg feed'!G137*FCR_bonefree_incl_parents_DE-Manure_repl_factor_DE*Excreted_N_after_losses_DE -> 0.05299851 | N17: ='EFP per kg feed'!H137*FCR_bonefree_incl_parents_DE -> 0.010613089 | O17: ='EFP per kg feed'!I137*FCR_bonefree_incl_parents_DE+Water_stables_DE/Bonefree_outof_CW_DE -> 0.015870449 | P17: ='EFP per kg feed'!J137*FCR_bonefree_incl_parents_DE -> 1.2965167 | Q17: ='EFP per kg feed'!K137*FCR_bonefree_incl_parents_DE -> 3.6072017e-10 | R17: ='EFP per kg feed'!L137*FCR_bonefree_incl_parents_DE+Excreted_N_after_losses_DE -> 0.065457899 | S17: =Production!L52*Labour_per_animal_DE -> 0.10613423 | T17: 3.5910056 | U17: 50.4
A18: 21121 | B18: Chicken meat | C18: White meat | D18: Greece | E18: GR | F18: ='GHG detailed, results per kg'!G66 -> 1.6420556 | G18: ='GHG detailed, results per kg'!G62 -> 1.2701078 | H18: ='GHG detailed, results per kg'!G63 -> 0.0017458147 | I18: ='GHG detailed, results per kg'!G64 -> 0.0033020792 | J18: ='GHG detailed, results per kg'!G65 -> 0.00084529818 | L18: ='EFP per kg feed'!F138*FCR_bonefree_incl_parents_GR -> 11.530704 | M18: ='EFP per kg feed'!G138*FCR_bonefree_incl_parents_GR-Manure_repl_factor_GR*Excreted_N_after_losses_GR -> 0.045724947 | N18: ='EFP per kg feed'!H138*FCR_bonefree_incl_parents_GR -> 0.010154881 | O18: ='EFP per kg feed'!I138*FCR_bonefree_incl_parents_GR+Water_stables_GR/Bonefree_outof_CW_GR -> 0.012987013 | P18: ='EFP per kg feed'!J138*FCR_bonefree_incl_parents_GR -> 0.52412289 | Q18: ='EFP per kg feed'!K138*FCR_bonefree_incl_parents_GR -> 1.9032212e-08 | R18: ='EFP per kg feed'!L138*FCR_bonefree_incl_parents_GR+Excreted_N_after_losses_GR -> 0.050227074 | S18: =Production!M52*Labour_per_animal_GR -> 0.069745351 | T18: 4.0181974 | U18: 111.7
A19: 21121 | B19: Chicken meat | C19: White meat | D19: Hungary | E19: HU | F19: ='GHG detailed, results per kg'!G71 -> 1.3128138 | G19: ='GHG detailed, results per kg'!G67 -> 0.94482381 | H19: ='GHG detailed, results per kg'!G68 -> 0.0014900731 | I19: ='GHG detailed, results per kg'!G69 -> 0.0022013861 | J19: ='GHG detailed, results per kg'!G70 -> 0.0009675764 | L19: ='EFP per kg feed'!F161*FCR_bonefree_incl_parents_HU -> 5.4437521 | M19: ='EFP per kg feed'!G161*FCR_bonefree_incl_parents_HU-Manure_repl_factor_HU*Excreted_N_after_losses_HU -> 0.046445615 | N19: ='EFP per kg feed'!H161*FCR_bonefree_incl_parents_HU -> 0.013406362 | O19: ='EFP per kg feed'!I161*FCR_bonefree_incl_parents_HU+Water_stables_HU/Bonefree_outof_CW_HU -> 0.024492772 | P19: ='EFP per kg feed'!J161*FCR_bonefree_incl_parents_HU -> 0.48488616 | Q19: ='EFP per kg feed'!K161*FCR_bonefree_incl_parents_HU -> 3.8941156e-10 | R19: ='EFP per kg feed'!L161*FCR_bonefree_incl_parents_HU+Excreted_N_after_losses_HU -> 0.049707416 | S19: =Production!N52*Labour_per_animal_HU -> 0.30475686 | T19: 4.0175551 | U19: 102.5
A20: 21121 | B20: Chicken meat | C20: White meat | D20: Ireland | E20: IE | F20: ='GHG detailed, results per kg'!G76 -> 1.3987103 | G20: ='GHG detailed, results per kg'!G72 -> 0.90510556 | H20: ='GHG detailed, results per kg'!G73 -> 0.00092381804 | I20: ='GHG detailed, results per kg'!G74 -> 0.0023114555 | J20: ='GHG detailed, results per kg'!G75 -> 0.0014786289 | L20: ='EFP per kg feed'!F173*FCR_bonefree_incl_parents_IE -> 4.0873594 | M20: ='EFP per kg feed'!G173*FCR_bonefree_incl_parents_IE-Manure_repl_factor_IE*Excreted_N_after_losses_IE -> 0.04409976 | N20: ='EFP per kg feed'!H173*FCR_bonefree_incl_parents_IE -> 0.0078240708 | O20: ='EFP per kg feed'!I173*FCR_bonefree_incl_parents_IE+Water_stables_IE/Bonefree_outof_CW_IE -> 0.014883424 | P20: ='EFP per kg feed'!J173*FCR_bonefree_incl_parents_IE -> 0.99114394 | Q20: ='EFP per kg feed'!K173*FCR_bonefree_incl_parents_IE -> 4.4076574e-10 | R20: ='EFP per kg feed'!L173*FCR_bonefree_incl_parents_IE+Excreted_N_after_losses_IE -> 0.054695165 | S20: =Production!O52*Labour_per_animal_IE -> 0.20317124 | T20: 4.0181974 | U20: 40.6
A21: 21121 | B21: Chicken meat | C21: White meat | D21: Italy | E21: IT | F21: ='GHG detailed, results per kg'!G81 -> 1.3184303 | G21: ='GHG detailed, results per kg'!G77 -> 0.94113879 | H21: ='GHG detailed, results per kg'!G78 -> 0.0019482909 | I21: ='GHG detailed, results per kg'!G79 -> 0.0022013861 | J21: ='GHG detailed, results per kg'!G80 -> 0.00095162992 | L21: ='EFP per kg feed'!F185*FCR_bonefree_incl_parents_IT -> 5.1818383 | M21: ='EFP per kg feed'!G185*FCR_bonefree_incl_parents_IT-Manure_repl_factor_IT*Excreted_N_after_losses_IT -> 0.051948917 | N21: ='EFP per kg feed'!H185*FCR_bonefree_incl_parents_IT -> 0.012513637 | O21: ='EFP per kg feed'!I185*FCR_bonefree_incl_parents_IT+Water_stables_IT/Bonefree_outof_CW_IT -> 0.19261166 | P21: ='EFP per kg feed'!J185*FCR_bonefree_incl_parents_IT -> 0.59106668 | Q21: ='EFP per kg feed'!K185*FCR_bonefree_incl_parents_IT -> 4.9457643e-09 | R21: ='EFP per kg feed'!L185*FCR_bonefree_incl_parents_IT+Excreted_N_after_losses_IT -> 0.037695122 | S21: =Production!P52*Labour_per_animal_IT -> 0.098553213 | T21: 4.0181974 | U21: 129.1
A22: 21121 | B22: Chicken meat | C22: White meat | D22: Latvia | E22: LV | F22: ='GHG detailed, results per kg'!G86 -> 1.646143 | G22: ='GHG detailed, results per kg'!G82 -> 1.0047267 | H22: ='GHG detailed, results per kg'!G83 -> 0.0019934818 | I22: ='GHG detailed, results per kg'!G84 -> 0.0022013861 | J22: ='GHG detailed, results per kg'!G85 -> 0.0019141873 | L22: ='EFP per kg feed'!F197*FCR_bonefree_incl_parents_LV -> 7.4883007 | M22: ='EFP per kg feed'!G197*FCR_bonefree_incl_parents_LV-Manure_repl_factor_LV*Excreted_N_after_losses_LV -> 0.05584175 | N22: ='EFP per kg feed'!H197*FCR_bonefree_incl_parents_LV -> 0.0071391219 | O22: ='EFP per kg feed'!I197*FCR_bonefree_incl_parents_LV+Water_stables_LV/Bonefree_outof_CW_LV -> 0.014686065 | P22: ='EFP per kg feed'!J197*FCR_bonefree_incl_parents_LV -> 0.19032495 | Q22: ='EFP per kg feed'!K197*FCR_bonefree_incl_parents_LV -> 2.4662312e-10 | R22: ='EFP per kg feed'!L197*FCR_bonefree_incl_parents_LV+Excreted_N_after_losses_LV -> 0.029386731 | S22: =Production!Q52*Labour_per_animal_LV -> 0.22743049
A23: 21121 | B23: Chicken meat | C23: White meat | D23: Lithuania | E23: LT | F23: ='GHG detailed, results per kg'!G91 -> 1.6839321 | G23: ='GHG detailed, results per kg'!G87 -> 1.0488961 | H23: ='GHG detailed, results per kg'!G88 -> 0.0016311933 | I23: ='GHG detailed, results per kg'!G89 -> 0.0022013861 | J23: ='GHG detailed, results per kg'!G90 -> 0.001930363 | L23: ='EFP per kg feed'!F209*FCR_bonefree_incl_parents_LT -> 8.6015859 | M23: ='EFP per kg feed'!G209*FCR_bonefree_incl_parents_LT-Manure_repl_factor_LT*Excreted_N_after_losses_LT -> 0.058759057 | N23: ='EFP per kg feed'!H209*FCR_bonefree_incl_parents_LT -> 0.0072175694 | O23: ='EFP per kg feed'!I209*FCR_bonefree_incl_parents_LT+Water_stables_LT/Bonefree_outof_CW_LT -> 0.014556737 | P23: ='EFP per kg feed'!J209*FCR_bonefree_incl_parents_LT -> 0.17309923 | Q23: ='EFP per kg feed'!K209*FCR_bonefree_incl_parents_LT -> 3.2967357e-10 | R23: ='EFP per kg feed'!L209*FCR_bonefree_incl_parents_LT+Excreted_N_after_losses_LT -> 0.028907773 | S23: =Production!R52*Labour_per_animal_LT -> 0.2319791
A24: 21121 | B24: Chicken meat | C24: White meat | D24: Malta | E24: MT | F24: ='GHG detailed, results per kg'!G96 -> 1.7630951 | G24: ='GHG detailed, results per kg'!G92 -> 1.1042139 | H24: ='GHG detailed, results per kg'!G93 -> 0.0019325333 | I24: ='GHG detailed, results per kg'!G94 -> 0.0022013861 | J24: ='GHG detailed, results per kg'!G95 -> 0.001984814 | L24: ='EFP per kg feed'!F221*FCR_bonefree_incl_parents_MT -> 10.774721 | M24: ='EFP per kg feed'!G221*FCR_bonefree_incl_parents_MT-Manure_repl_factor_MT*Excreted_N_after_losses_MT -> 0.057416792 | N24: ='EFP per kg feed'!H221*FCR_bonefree_incl_parents_MT -> 0.0076342443 | O24: ='EFP per kg feed'!I221*FCR_bonefree_incl_parents_MT+Water_stables_MT/Bonefree_outof_CW_MT -> 0.014620402 | P24: ='EFP per kg feed'!J221*FCR_bonefree_incl_parents_MT -> 0.17823711 | Q24: ='EFP per kg feed'!K221*FCR_bonefree_incl_parents_MT -> 4.1304522e-10 | R24: ='EFP per kg feed'!L221*FCR_bonefree_incl_parents_MT+Excreted_N_after_losses_MT -> 0.028644145 | S24: =Production!S52*Labour_per_animal_MT -> 0.11978006
A25: 21121 | B25: Chicken meat | C25: White meat | D25: Netherlands | E25: NL | F25: ='GHG detailed, results per kg'!G101 -> 1.7895472 | G25: ='GHG detailed, results per kg'!G97 -> 1.1319672 | H25: ='GHG detailed, results per kg'!G98 -> 0.0015856929 | I25: ='GHG detailed, results per kg'!G99 -> 0.0031693198 | J25: ='GHG detailed, results per kg'!G100 -> 0.0019221784 | L25: ='EFP per kg feed'!F233*FCR_bonefree_incl_parents_NL -> 5.1252606 | M25: ='EFP per kg feed'!G233*FCR_bonefree_incl_parents_NL-Manure_repl_factor_NL*Excreted_N_after_losses_NL -> 0.061582344 | N25: ='EFP per kg feed'!H233*FCR_bonefree_incl_parents_NL -> 0.011515637 | O25: ='EFP per kg feed'!I233*FCR_bonefree_incl_parents_NL+Water_stables_NL/Bonefree_outof_CW_NL -> 0.027587863 | P25: ='EFP per kg feed'!J233*FCR_bonefree_incl_parents_NL -> 1.4322929 | Q25: ='EFP per kg feed'!K233*FCR_bonefree_incl_parents_NL -> 5.2214194e-10 | R25: ='EFP per kg feed'!L233*FCR_bonefree_incl_parents_NL+Excreted_N_after_losses_NL -> 0.059299832 | S25: =Production!T52*Labour_per_animal_NL -> 0.12736108 | T25: 3.9652974 | U25: 32.1
A26: 21121 | B26: Chicken meat | C26: White meat | D26: Poland | E26: PL | F26: ='GHG detailed, results per kg'!G106 -> 2.0362177 | G26: ='GHG detailed, results per kg'!G102 -> 1.3816965 | H26: ='GHG detailed, results per kg'!G103 -> 0.0021239649 | I26: ='GHG detailed, results per kg'!G104 -> 0.0033020792 | J26: ='GHG detailed, results per kg'!G105 -> 0.0018390874 | L26: ='EFP per kg feed'!F245*FCR_bonefree_incl_parents_PL -> 7.0510223 | M26: ='EFP per kg feed'!G245*FCR_bonefree_incl_parents_PL-Manure_repl_factor_PL*Excreted_N_after_losses_PL -> 0.055335453 | N26: ='EFP per kg feed'!H245*FCR_bonefree_incl_parents_PL -> 0.010506687 | O26: ='EFP per kg feed'!I245*FCR_bonefree_incl_parents_PL+Water_stables_PL/Bonefree_outof_CW_PL -> 0.017549218 | P26: ='EFP per kg feed'!J245*FCR_bonefree_incl_parents_PL -> 0.68914629 | Q26: ='EFP per kg feed'!K245*FCR_bonefree_incl_parents_PL -> 5.148248e-10 | R26: ='EFP per kg feed'!L245*FCR_bonefree_incl_parents_PL+Excreted_N_after_losses_PL -> 0.045305435 | S26: =Production!U52*Labour_per_animal_PL -> 0.32143509 | T26: 4.0175551 | U26: 134.7
A27: 21121 | B27: Chicken meat | C27: White meat | D27: Portugal | E27: PT | F27: ='GHG detailed, results per kg'!G111 -> 1.7759507 | G27: ='GHG detailed, results per kg'!G107 -> 1.0590786 | H27: ='GHG detailed, results per kg'!G108 -> 0.0015130992 | I27: ='GHG detailed, results per kg'!G109 -> 0.0022013861 | J27: ='GHG detailed, results per kg'!G110 -> 0.0022430198 | L27: ='EFP per kg feed'!F246*FCR_bonefree_incl_parents_PL -> 7.1460909 | M27: ='EFP per kg feed'!G246*FCR_bonefree_incl_parents_PL-Manure_repl_factor_PL*Excreted_N_after_losses_PL -> 0.04631184 | N27: ='EFP per kg feed'!H246*FCR_bonefree_incl_parents_PL -> 0.010004527 | O27: ='EFP per kg feed'!I246*FCR_bonefree_incl_parents_PL+Water_stables_PL/Bonefree_outof_CW_PL -> 0.012987013 | P27: ='EFP per kg feed'!J246*FCR_bonefree_incl_parents_PL -> 3.7159672e-07 | Q27: ='EFP per kg feed'!K246*FCR_bonefree_incl_parents_PL -> 3.057246e-15 | R27: ='EFP per kg feed'!L246*FCR_bonefree_incl_parents_PL+Excreted_N_after_losses_PL -> 0.043438013 | S27: =Production!V52*Labour_per_animal_PT -> 0.063680538
A28: 21121 | B28: Chicken meat | C28: White meat | D28: Romania | E28: RO | F28: ='GHG detailed, results per kg'!G116 -> 1.3046117 | G28: ='GHG detailed, results per kg'!G112 -> 0.79410435 | H28: ='GHG detailed, results per kg'!G113 -> 0.00076706291 | I28: ='GHG detailed, results per kg'!G114 -> 0.0022013861 | J28: ='GHG detailed, results per kg'!G115 -> 0.00156854 | L28: ='EFP per kg feed'!F269*FCR_bonefree_incl_parents_RO -> 9.5783283 | M28: ='EFP per kg feed'!G269*FCR_bonefree_incl_parents_RO-Manure_repl_factor_RO*Excreted_N_after_losses_RO -> 0.03544192 | N28: ='EFP per kg feed'!H269*FCR_bonefree_incl_parents_RO -> 0.0064312059 | O28: ='EFP per kg feed'!I269*FCR_bonefree_incl_parents_RO+Water_stables_RO/Bonefree_outof_CW_RO -> 0.013922612 | P28: ='EFP per kg feed'!J269*FCR_bonefree_incl_parents_RO -> 0.10305746 | Q28: ='EFP per kg feed'!K269*FCR_bonefree_incl_parents_RO -> 2.007644e-10 | R28: ='EFP per kg feed'!L269*FCR_bonefree_incl_parents_RO+Excreted_N_after_losses_RO -> 0.028677813 | S28: =Production!W52*Labour_per_animal_RO -> 0.42453692
A29: 21121 | B29: Chicken meat | C29: White meat | D29: Slovakia | E29: SK | F29: ='GHG detailed, results per kg'!G121 -> 1.4811818 | G29: ='GHG detailed, results per kg'!G117 -> 0.92005878 | H29: ='GHG detailed, results per kg'!G118 -> 0.0011282747 | I29: ='GHG detailed, results per kg'!G119 -> 0.0022013861 | J29: ='GHG detailed, results per kg'!G120 -> 0.0017145163 | L29: ='EFP per kg feed'!F281*FCR_bonefree_incl_parents_SK -> 10.992647 | M29: ='EFP per kg feed'!G281*FCR_bonefree_incl_parents_SK-Manure_repl_factor_SK*Excreted_N_after_losses_SK -> 0.043065464 | N29: ='EFP per kg feed'!H281*FCR_bonefree_incl_parents_SK -> 0.0070468092 | O29: ='EFP per kg feed'!I281*FCR_bonefree_incl_parents_SK+Water_stables_SK/Bonefree_outof_CW_SK -> 0.0144725 | P29: ='EFP per kg feed'!J281*FCR_bonefree_incl_parents_SK -> 0.16453258 | Q29: ='EFP per kg feed'!K281*FCR_bonefree_incl_parents_SK -> 2.8513121e-10 | R29: ='EFP per kg feed'!L281*FCR_bonefree_incl_parents_SK+Excreted_N_after_losses_SK -> 0.028895602 | S29: =Production!X52*Labour_per_animal_SK -> 0.15616894
A30: 21121 | B30: Chicken meat | C30: White meat | D30: Slovenia | E30: SI | F30: ='GHG detailed, results per kg'!G126 -> 1.3972174 | G30: ='GHG detailed, results per kg'!G122 -> 0.71718286 | H30: ='GHG detailed, results per kg'!G123 -> 0.00086241939 | I30: ='GHG detailed, results per kg'!G124 -> 0.0022013861 | J30: ='GHG detailed, results per kg'!G125 -> 0.0021791099 | L30: ='EFP per kg feed'!F293*FCR_bonefree_incl_parents_SI -> 10.59831 | M30: ='EFP per kg feed'!G293*FCR_bonefree_incl_parents_SI-Manure_repl_factor_SI*Excreted_N_after_losses_SI -> 0.041838404 | N30: ='EFP per kg feed'!H293*FCR_bonefree_incl_parents_SI -> 0.0069792426 | O30: ='EFP per kg feed'!I293*FCR_bonefree_incl_parents_SI+Water_stables_SI/Bonefree_outof_CW_SI -> 0.013512506 | P30: ='EFP per kg feed'!J293*FCR_bonefree_incl_parents_SI -> 0.059471499 | Q30: ='EFP per kg feed'!K293*FCR_bonefree_incl_parents_SI -> 5.3743107e-11 | R30: ='EFP per kg feed'!L293*FCR_bonefree_incl_parents_SI+Excreted_N_after_losses_SI -> 0.028977955 | S30: =Production!Y52*Labour_per_animal_SI -> 0.45637719
A31: 21121 | B31: Chicken meat | C31: White meat | D31: Spain | E31: ES | F31: ='GHG detailed, results per kg'!G131 -> 1.5335329 | G31: ='GHG detailed, results per kg'!G127 -> 1.0417051 | H31: ='GHG detailed, results per kg'!G128 -> 0.0015090295 | I31: ='GHG detailed, results per kg'!G129 -> 0.0029891817 | J31: ='GHG detailed, results per kg'!G130 -> 0.001341212 | L31: ='EFP per kg feed'!F305*FCR_bonefree_incl_parents_ES -> 7.5137079 | M31: ='EFP per kg feed'!G305*FCR_bonefree_incl_parents_ES-Manure_repl_factor_ES*Excreted_N_after_losses_ES -> 0.05232145 | N31: ='EFP per kg feed'!H305*FCR_bonefree_incl_parents_ES -> 0.011865135 | O31: ='EFP per kg feed'!I305*FCR_bonefree_incl_parents_ES+Water_stables_ES/Bonefree_outof_CW_ES -> 0.65893968 | P31: ='EFP per kg feed'!J305*FCR_bonefree_incl_parents_ES -> 0.52449158 | Q31: ='EFP per kg feed'!K305*FCR_bonefree_incl_parents_ES -> 1.1939788e-08 | R31: ='EFP per kg feed'!L305*FCR_bonefree_incl_parents_ES+Excreted_N_after_losses_ES -> 0.062712675 | S31: =Production!Z52*Labour_per_animal_ES -> 0.030324066 | T31: 4.0175551 | U31: 95.7
A32: 21121 | B32: Chicken meat | C32: White meat | D32: Sweden | E32: SE | F32: ='GHG detailed, results per kg'!G136 -> 1.6703778 | G32: ='GHG detailed, results per kg'!G132 -> 0.96137293 | H32: ='GHG detailed, results per kg'!G133 -> 0.00096050214 | I32: ='GHG detailed, results per kg'!G134 -> 0.0022013861 | J32: ='GHG detailed, results per kg'!G135 -> 0.002274522 | L32: ='EFP per kg feed'!F317*FCR_bonefree_incl_parents_SE -> 6.0474278 | M32: ='EFP per kg feed'!G317*FCR_bonefree_incl_parents_SE-Manure_repl_factor_SE*Excreted_N_after_losses_SE -> 0.078367539 | N32: ='EFP per kg feed'!H317*FCR_bonefree_incl_parents_SE -> 0.0091283907 | O32: ='EFP per kg feed'!I317*FCR_bonefree_incl_parents_SE+Water_stables_SE/Bonefree_outof_CW_SE -> 0.015210233 | P32: ='EFP per kg feed'!J317*FCR_bonefree_incl_parents_SE -> 0.49994899 | Q32: ='EFP per kg feed'!K317*FCR_bonefree_incl_parents_SE -> 4.6739436e-10 | R32: ='EFP per kg feed'!L317*FCR_bonefree_incl_parents_SE+Excreted_N_after_losses_SE -> 0.032095317 | S32: =Production!AA52*Labour_per_animal_SE -> 0.062164334 | T32: 3.2167138 | U32: 10.1
A33: 21121 | B33: Chicken meat | C33: White meat | D33: UK | E33: GB | F33: ='GHG detailed, results per kg'!G141 -> 1.8248724 | G33: ='GHG detailed, results per kg'!G137 -> 1.1435903 | H33: ='GHG detailed, results per kg'!G138 -> 0.0012190321 | I33: ='GHG detailed, results per kg'!G139 -> 0.0022013861 | J33: ='GHG detailed, results per kg'!G140 -> 0.002144753 | L33: ='EFP per kg feed'!F329*FCR_bonefree_incl_parents_GB -> 8.5754518 | M33: ='EFP per kg feed'!G329*FCR_bonefree_incl_parents_GB-Manure_repl_factor_GB*Excreted_N_after_losses_GB -> 0.07326634 | N33: ='EFP per kg feed'!H329*FCR_bonefree_incl_parents_GB -> 0.0089749896 | O33: ='EFP per kg feed'!I329*FCR_bonefree_incl_parents_GB+Water_stables_GB/Bonefree_outof_CW_GB -> 0.015325819 | P33: ='EFP per kg feed'!J329*FCR_bonefree_incl_parents_GB -> 0.25920829 | Q33: ='EFP per kg feed'!K329*FCR_bonefree_incl_parents_GB -> 4.4287036e-10 | R33: ='EFP per kg feed'!L329*FCR_bonefree_incl_parents_GB+Excreted_N_after_losses_GB -> 0.02958822 | S33: =Production!AB52*Labour_per_animal_GB -> 0.086423587 | U33: 29.8
A34: 21121 | B34: Chicken meat | C34: White meat | D34: Brazil | E34: BR | F34: ='GHG detailed, results per kg'!G146 -> 1.975719 | G34: ='GHG detailed, results per kg'!G142 -> 1.2972925 | H34: ='GHG detailed, results per kg'!G143 -> 0.0011640501 | I34: ='GHG detailed, results per kg'!G144 -> 0.0022013861 | J34: ='GHG detailed, results per kg'!G145 -> 0.0021402946 | L34: ='EFP per kg feed'!F341*FCR_bonefree_incl_parents_BR -> 8.5754518 | M34: ='EFP per kg feed'!G341*FCR_bonefree_incl_parents_BR-Manure_repl_factor_BR*Excreted_N_after_losses_BR -> 0.07326634 | N34: ='EFP per kg feed'!H341*FCR_bonefree_incl_parents_BR -> 0.0089749896 | O34: ='EFP per kg feed'!I341*FCR_bonefree_incl_parents_BR+Water_stables_BR/Bonefree_outof_CW_BR -> 0.015325819 | P34: ='EFP per kg feed'!J341*FCR_bonefree_incl_parents_BR -> 0.25920829 | Q34: ='EFP per kg feed'!K341*FCR_bonefree_incl_parents_BR -> 4.4287036e-10 | R34: ='EFP per kg feed'!L341*FCR_bonefree_incl_parents_BR+Excreted_N_after_losses_BR -> 0.02958822 | S34: =Production!AC52*Labour_per_animal_BR -> 0.086423587
A35: 21121 | B35: Chicken meat | C35: White meat | D35: Thailand | E35: TH | F35: ='GHG detailed, results per kg'!G151 -> 2.0457732 | G35: ='GHG detailed, results per kg'!G147 -> 1.3494256 | H35: ='GHG detailed, results per kg'!G148 -> 0.0018170867 | I35: ='GHG detailed, results per kg'!G149 -> 0.0022013861 | J35: ='GHG detailed, results per kg'!G150 -> 0.0021346555 | L35: ='EFP per kg feed'!F353*FCR_bonefree_incl_parents_TH -> 8.5754518 | M35: ='EFP per kg feed'!G353*FCR_bonefree_incl_parents_TH-Manure_repl_factor_TH*Excreted_N_after_losses_TH -> 0.07326634 | N35: ='EFP per kg feed'!H353*FCR_bonefree_incl_parents_TH -> 0.0089749896 | O35: ='EFP per kg feed'!I353*FCR_bonefree_incl_parents_TH+Water_stables_TH/Bonefree_outof_CW_TH -> 0.015325819 | P35: ='EFP per kg feed'!J353*FCR_bonefree_incl_parents_TH -> 0.25920829 | Q35: ='EFP per kg feed'!K353*FCR_bonefree_incl_parents_TH -> 4.4287036e-10 | R35: ='EFP per kg feed'!L353*FCR_bonefree_incl_parents_TH+Excreted_N_after_losses_TH -> 0.02958822 | S35: =Production!AD52*Labour_per_animal_TH -> 0.086423587
A36: 21121 | B36: Chicken meat | C36: White meat | D36: USA | E36: US | F36: ='GHG detailed, results per kg'!G156 -> 2.0214359 | G36: ='GHG detailed, results per kg'!G152 -> 1.344688 | H36: ='GHG detailed, results per kg'!G153 -> 0.0011518059 | I36: ='GHG detailed, results per kg'!G154 -> 0.0022013861 | J36: ='GHG detailed, results per kg'!G155 -> 0.0021354821 | L36: ='EFP per kg feed'!F365*FCR_bonefree_incl_parents_US -> 8.5754518 | M36: ='EFP per kg feed'!G365*FCR_bonefree_incl_parents_US-Manure_repl_factor_US*Excreted_N_after_losses_US -> 0.07326634 | N36: ='EFP per kg feed'!H365*FCR_bonefree_incl_parents_US -> 0.0089749896 | O36: ='EFP per kg feed'!I365*FCR_bonefree_incl_parents_US+Water_stables_US/Bonefree_outof_CW_US -> 0.015325819 | P36: ='EFP per kg feed'!J365*FCR_bonefree_incl_parents_US -> 0.25920829 | Q36: ='EFP per kg feed'!K365*FCR_bonefree_incl_parents_US -> 4.4287036e-10 | R36: ='EFP per kg feed'!L365*FCR_bonefree_incl_parents_US+Excreted_N_after_losses_US -> 0.02958822 | S36: =Production!AE52*Labour_per_animal_US -> 0.086423587

Sheet GHG detailed, results per kg
H1: * Production of mineral fertiliser is adjusted to account for the N supplied by manure.
A2: GHG emissions (per kg of bonefree meat) | H2: ** Adjusted for use of manure instead of mineral fertiliser (lower emission factor for manure)
H3: *** Calculated as percentage of direct emissions due to assumption due to data limitations regarding nitrogen leaching and volatilization from soils in different regions.
S4: Animals | W4: Stables | X4: Slaughter | Z4: Control
A5: Animal products | G5: Sum | H5: Inputs | J5: Soil emissions | L5: Energy use | P5: Land use change | Q5: Feed processing | R5: Transports
A6: FoodEx code | B6: FoodEx name | C6: Food Ex category (L1) | D6: Country | E6: Country code | F6: Gas | G6: GHG | H6: Production of mineral fertilizer* | I6: Production of capital goods | J6: Direct emissions** | K6: Indirect emissions*** | L6: Diesel use field mach | M6: Energy use in greenhouses | N6: Energy use for irrigation | O6: Energy use for post-harvest proc | P6: LUC emissions | Q6: Feed processing | R6: Feed transports | S6: Enteric fermentation | T6: Manure management - tot | U6: Manure management - direct | V6: Manure management - indirect | W6: Energy use in stables | X6: Energy use for slaughter | Z6: Total feed, incl LUC | AA6: Feed mix emissions, kg CO2 per kg feed, excl. adjustement manure
A7: A01SP | B7: Chicken fresh meat | C7: Meat and meat products | D7: Austria | E7: AT | F7: CO2 | G7: =SUM(H7:X7) -> 0.86319394 | H7: ='CO2 per kg feed'!G17*FCR_bonefree_incl_parents_AT-Excreted_N_after_losses_AT*Manure_repl_factor_AT*(EF_min_fert_BAT_CO2*Frac_BAT_AT+EF_min_fert_AN_CO2*Frac_AN_AT) -> 0.130835 | I7: ='CO2 per kg feed'!H17*FCR_bonefree_incl_parents_AT -> 0.075059882 | J7: ='CO2 per kg feed'!I17*FCR_bonefree_incl_parents_AT -> 0 | L7: ='CO2 per kg feed'!K17*FCR_bonefree_incl_parents_AT -> 0.097086501 | N7: ='CO2 per kg feed'!M17*FCR_bonefree_incl_parents_AT -> 0.00010897754 | O7: ='CO2 per kg feed'!N17*FCR_bonefree_incl_parents_AT -> 0.10276169 | P7: ='CO2 per kg feed'!O17*FCR_bonefree_incl_parents_AT -> 0.10488857 | Q7: ='CO2 per kg feed'!P17*FCR_bonefree_incl_parents_AT -> 0.016583652 | R7: ='CO2 per kg feed'!Q17*FCR_bonefree_incl_parents_AT -> 0.09774859 | W7: =Energy_stables_AT/Bonefree_outof_CW_AT*(Share_heating_AT*(Share_biofuels_AT*EF_biofuels_CO2+(1-Share_biofuels_AT)*EF_oil_CO2)+(1-Share_heating_AT)*EF_el_CO2_AT) -> 0.08070981 | X7: =(Energy_slaughter_el_AT*EF_el_CO2_AT+Energy_slaughter_oil_AT*EF_oil_CO2)/Bonefree_outof_CW_AT -> 0.15741128
A8: A01SP | B8: Chicken fresh meat | C8: Meat and meat products | D8: Austria | E8: AT | F8: CH4, fossil | G8: =SUM(H8:X8) -> 0.0010944362 | H8: ='CH4 per kg feed'!G17*FCR_bonefree_incl_parents_AT-Excreted_N_after_losses_AT*Manure_repl_factor_AT*(EF_min_fert_BAT_CH4*Frac_BAT_AT+EF_min_fert_AN_CH4*Frac_AN_AT) -> 0.00014314288 | I8: ='CH4 per kg feed'!H17*FCR_bonefree_incl_parents_AT -> 0.00026409958 | L8: ='CH4 per kg feed'!K17*FCR_bonefree_incl_parents_AT -> 4.3006046e-05 | N8: ='CH4 per kg feed'!M17*FCR_bonefree_incl_parents_AT -> 3.6447126e-07 | O8: ='CH4 per kg feed'!N17*FCR_bonefree_incl_parents_AT -> 4.3299836e-05 | P8: ='CH4 per kg feed'!O17*FCR_bonefree_incl_parents_AT -> 0 | Q8: ='CH4 per kg feed'!P17*FCR_bonefree_incl_parents_AT -> 5.3403781e-05 | R8: ='CH4 per kg feed'!Q17*FCR_bonefree_incl_parents_AT -> 9.0202499e-05 | W8: =Energy_stables_AT/Bonefree_outof_CW_AT*(Share_heating_AT*(Share_biofuels_AT*EF_biofuel_CH4+(1-Share_biofuels_AT)*EF_oil_CH4)+(1-Share_heating_AT)*EF_el_CH4_AT) -> 9.034409e-05 | X8: =(Energy_slaughter_el_AT*EF_el_CH4_AT+Energy_slaughter_oil_AT*EF_oil_CH4)/Bonefree_outof_CW_AT -> 0.00036657298
A9: A01SP | B9: Chicken fresh meat | C9: Meat and meat products | D9: Austria | E9: AT | F9: CH4, biogenic | G9: =SUM(H9:T9)+SUM(W9:X9) -> 0.0022013861 | T9: =SUM(U9:V9) -> 0.0022013861 | U9: =(Production!B40*(Slaughter_age_AT/365)+SUM(Production!B41:B44))*EF_CH4_manure_AT -> 0.0022013861
A10: A01SP | B10: Chicken fresh meat | C10: Meat and meat products | D10: Austria | E10: AT | F10: N2O | G10: =SUM(H10:T10)+SUM(W10:X10) -> 0.0020293944 | H10: ='N2O per kg feed'!G17*FCR_bonefree_incl_parents_AT-Excreted_N_after_losses_AT*Manure_repl_factor_AT*(EF_min_fert_BAT_N2O*Frac_BAT_AT+EF_min_fert_AN_N2O*Frac_AN_AT) -> 0.00026048804 | I10: ='N2O per kg feed'!H17*FCR_bonefree_incl_parents_AT -> 3.0579952e-06 | J10: ='N2O per kg feed'!I17*FCR_bonefree_incl_parents_AT-Excreted_N_after_losses_AT*Manure_repl_factor_AT*EF_N2O_diff_AT -> 0.0014666535 | K10: =J10*EF_indirect_N2O_AT -> 0.00014666535 | L10: ='N2O per kg feed'!K17*FCR_bonefree_incl_parents_AT -> 2.6087521e-06 | N10: ='N2O per kg feed'!M17*FCR_bonefree_incl_parents_AT -> 4.4855073e-09 | O10: ='N2O per kg feed'!N17*FCR_bonefree_incl_parents_AT -> 3.4942022e-06 | P10: ='N2O per kg feed'!O17*FCR_bonefree_incl_parents_AT -> 0 | Q10: ='N2O per kg feed'!P17*FCR_bonefree_incl_parents_AT -> 5.3557563e-06 | R10: ='N2O per kg feed'!Q17*FCR_bonefree_incl_parents_AT -> 3.4308651e-06 | T10: =SUM(U10:V10) -> 0.00012390587 | U10: =Excreted_N_per_kg_of_bonefree_meat_AT*EF_N2O_manure_direct_AT*44/28 -> 4.5919976e-05 | V10: =(Excreted_N_per_kg_of_bonefree_meat_AT-U10*28/44)*EF_ammonia_AT*EF_N2O_manure_indirect_AT*44/28 -> 7.7985895e-05 | W10: =Energy_stables_AT/Bonefree_outof_CW_AT*(Share_heating_AT*(Share_biofuels_AT*EF_biofuel_N2O+(1-Share_biofuels_AT)*EF_oil_N2O)+(1-Share_heating_AT)*EF_el_N2O_AT) -> 5.9551818e-06 | X10: =(Energy_slaughter_el_AT*EF_el_N2O_AT+Energy_slaughter_oil_AT*EF_oil_N2O)/Bonefree_outof_CW_AT -> 7.7744143e-06
A11: A01SP | B11: Chicken fresh meat | C11: Meat and meat products | D11: Austria | E11: AT | F11: CO2e | G11: =SUM(H11:X11) -> 1.5092702 | H11: =SUMPRODUCT(H7:H10,'Parameters, general'!$B$13:$B$16) -> 0.20621389 | I11: =SUMPRODUCT(I7:I10,'Parameters, general'!$B$13:$B$16) -> 0.083764882 | J11: =SUMPRODUCT(J7:J10,'Parameters, general'!$B$13:$B$16) -> 0.4003964 | K11: =SUMPRODUCT(K7:K10,'Parameters, general'!$B$13:$B$16) -> 0.04003964 | L11: =SUMPRODUCT(L7:L10,'Parameters, general'!$B$13:$B$16) -> 0.099080271 | M11: =SUMPRODUCT(M7:M10,'Parameters, general'!$B$13:$B$16) -> 0 | N11: =SUMPRODUCT(N7:N10,'Parameters, general'!$B$13:$B$16) -> 0.00012106333 | O11: =SUMPRODUCT(O7:O10,'Parameters, general'!$B$13:$B$16) -> 0.10500594 | ... T11: =SUMPRODUCT(T7:T10,'Parameters, general'!$B$13:$B$16) -> 0.093263729 | W11: =SUMPRODUCT(W7:W10,'Parameters, general'!$B$13:$B$16) -> 0.085027828 | X11: =SUMPRODUCT(X7:X10,'Parameters, general'!$B$13:$B$16) -> 0.17045757 | Z11: =SUM(H11:R11) -> 1.1605211 | AA11: ='CO2 per kg feed'!F17+'CH4 per kg feed'!F17*CF_GWP_CH4_fossil+'N2O per kg feed'!F17*CF_GWP_N2O -> 0.39397499
A12: A01SP | B12: Chicken fresh meat | C12: Meat and meat products | D12: Belgium | E12: BE | F12: CO2 | G12: =SUM(H12:X12) -> 0.88800536 | H12: ='CO2 per kg feed'!G29*FCR_bonefree_incl_parents_BE-Excreted_N_after_losses_BE*Manure_repl_factor_BE*(EF_min_fert_BAT_CO2*Frac_BAT_BE+EF_min_fert_AN_CO2*Frac_AN_BE) -> 0.1123419 | I12: ='CO2 per kg feed'!H29*FCR_bonefree_incl_parents_BE -> 0.064985012 | J12: ='CO2 per kg feed'!I29*FCR_bonefree_incl_parents_BE -> 0 | L12: ='CO2 per kg feed'!K29*FCR_bonefree_incl_parents_BE -> 0.094632861 | N12: ='CO2 per kg feed'!M29*FCR_bonefree_incl_parents_BE -> 0.0001787247 | O12: ='CO2 per kg feed'!N29*FCR_bonefree_incl_parents_BE -> 0.094131804 | P12: ='CO2 per kg feed'!O29*FCR_bonefree_incl_parents_BE -> 0.15039507 | Q12: ='CO2 per kg feed'!P29*FCR_bonefree_incl_parents_BE -> 0.024886349 | R12: ='CO2 per kg feed'!Q29*FCR_bonefree_incl_parents_BE -> 0.14346438 | W12: =Energy_stables_BE/Bonefree_outof_CW_BE*(Share_heating_BE*(Share_biofuels_BE*EF_biofuels_CO2+(1-Share_biofuels_BE)*EF_oil_CO2)+(1-Share_heating_BE)*EF_el_CO2_BE) -> 0.07547741 | X12: =(Energy_slaughter_el_BE*EF_el_CO2_BE+Energy_slaughter_oil_BE*EF_oil_CO2)/Bonefree_outof_CW_BE -> 0.12751185
A13: A01SP | B13: Chicken fresh meat | C13: Meat and meat products | D13: Belgium | E13: BE | F13: CH4, fossil | G13: =SUM(H13:X13) -> 0.00092155385 | H13: ='CH4 per kg feed'!G29*FCR_bonefree_incl_parents_BE-Excreted_N_after_losses_BE*Manure_repl_factor_BE*(EF_min_fert_BAT_CH4*Frac_BAT_BE+EF_min_fert_AN_CH4*Frac_AN_BE) -> 0.00012643274 | I13: ='CH4 per kg feed'!H29*FCR_bonefree_incl_parents_BE -> 0.00022865097 | L13: ='CH4 per kg feed'!K29*FCR_bonefree_incl_parents_BE -> 4.1919167e-05 | N13: ='CH4 per kg feed'!M29*FCR_bonefree_incl_parents_BE -> 5.9773801e-07 | O13: ='CH4 per kg feed'!N29*FCR_bonefree_incl_parents_BE -> 4.4063929e-05 | P13: ='CH4 per kg feed'!O29*FCR_bonefree_incl_parents_BE -> 0 | Q13: ='CH4 per kg feed'!P29*FCR_bonefree_incl_parents_BE -> 7.8978335e-05 | R13: ='CH4 per kg feed'!Q29*FCR_bonefree_incl_parents_BE -> 0.00013397847 | W13: =Energy_stables_BE/Bonefree_outof_CW_BE*(Share_heating_BE*(Share_biofuels_BE*EF_biofuel_CH4+(1-Share_biofuels_BE)*EF_oil_CH4)+(1-Share_heating_BE)*EF_el_CH4_BE) -> 6.2048517e-05 | X13: =(Energy_slaughter_el_BE*EF_el_CH4_BE+Energy_slaughter_oil_BE*EF_oil_CH4)/Bonefree_outof_CW_BE -> 0.00020488399
A14: A01SP | B14: Chicken fresh meat | C14: Meat and meat products | D14: Belgium | E14: BE | F14: CH4, biogenic | G14: =SUM(H14:T14)+SUM(W14:X14) -> 0.0022013861 | T14: =SUM(U14:V14) -> 0.0022013861 | U14: =(Production!C40*(Slaughter_age_BE/365)+SUM(Production!C41:C44))*EF_CH4_manure_BE -> 0.0022013861
A15: A01SP | B15: Chicken fresh meat | C15: Meat and meat products | D15: Belgium | E15: BE | F15: N2O | G15: =SUM(H15:T15)+SUM(W15:X15) -> 0.0016894707 | H15: ='N2O per kg feed'!G29*FCR_bonefree_incl_parents_BE-Excreted_N_after_losses_BE*Manure_repl_factor_BE*(EF_min_fert_BAT_N2O*Frac_BAT_BE+EF_min_fert_AN_N2O*Frac_AN_BE) -> 0.00021401142 | I15: ='N2O per kg feed'!H29*FCR_bonefree_incl_parents_BE -> 2.6475375e-06 | J15: ='N2O per kg feed'!I29*FCR_bonefree_incl_parents_BE-Excreted_N_after_losses_BE*Manure_repl_factor_BE*EF_N2O_diff_BE -> 0.0011989662 | K15: =J15*EF_indirect_N2O_BE -> 0.00011989662 | L15: ='N2O per kg feed'!K29*FCR_bonefree_incl_parents_BE -> 2.5428219e-06 | N15: ='N2O per kg feed'!M29*FCR_bonefree_incl_parents_BE -> 7.3562952e-09 | O15: ='N2O per kg feed'!N29*FCR_bonefree_incl_parents_BE -> 3.2306694e-06 | P15: ='N2O per kg feed'!O29*FCR_bonefree_incl_parents_BE -> 0 | Q15: ='N2O per kg feed'!P29*FCR_bonefree_incl_parents_BE -> 7.8850902e-06 | R15: ='N2O per kg feed'!Q29*FCR_bonefree_incl_parents_BE -> 5.0150019e-06 | T15: =SUM(U15:V15) -> 0.00012390587 | U15: =Excreted_N_per_kg_of_bonefree_meat_BE*EF_N2O_manure_direct_BE*44/28 -> 4.5919976e-05 | V15: =(Excreted_N_per_kg_of_bonefree_meat_BE-U15*28/44)*EF_ammonia_BE*EF_N2O_manure_indirect_BE*44/28 -> 7.7985895e-05 | W15: =Energy_stables_BE/Bonefree_outof_CW_BE*(Share_heating_BE*(Share_biofuels_BE*EF_biofuel_N2O+(1-Share_biofuels_BE)*EF_oil_N2O)+(1-Share_heating_BE)*EF_el_N2O_BE) -> 5.6025832e-06 | X15: =(Energy_slaughter_el_BE*EF_el_N2O_BE+Energy_slaughter_oil_BE*EF_oil_N2O)/Bonefree_outof_CW_BE -> 5.7595652e-06
A16: A01SP | B16: Chicken fresh meat | C16: Meat and meat products | D16: Belgium | E16: BE | F16: CO2e | G16: =SUM(H16:X16) -> 1.4361306 | H16: =SUMPRODUCT(H12:H15,'Parameters, general'!$B$13:$B$16) -> 0.17453471 | I16: =SUMPRODUCT(I12:I15,'Parameters, general'!$B$13:$B$16) -> 0.072521588 | J16: =SUMPRODUCT(J12:J15,'Parameters, general'!$B$13:$B$16) -> 0.32731777 | K16: =SUMPRODUCT(K12:K15,'Parameters, general'!$B$13:$B$16) -> 0.032731777 | L16: =SUMPRODUCT(L12:L15,'Parameters, general'!$B$13:$B$16) -> 0.096576243 | M16: =SUMPRODUCT(M12:M15,'Parameters, general'!$B$13:$B$16) -> 0 | N16: =SUMPRODUCT(N12:N15,'Parameters, general'!$B$13:$B$16) -> 0.00019854556 | O16: =SUMPRODUCT(O12:O15,'Parameters, general'!$B$13:$B$16) -> 0.096326882 | ... T16: =SUMPRODUCT(T12:T15,'Parameters, general'!$B$13:$B$16) -> 0.093263729 | W16: =SUMPRODUCT(W12:W15,'Parameters, general'!$B$13:$B$16) -> 0.078855961 | X16: =SUMPRODUCT(X12:X15,'Parameters, general'!$B$13:$B$16) -> 0.13518975 | Z16: =SUM(H16:R16) -> 1.1288212 | AA16: ='CO2 per kg feed'!F29+'CH4 per kg feed'!F29*CF_GWP_CH4_fossil+'N2O per kg feed'!F29*CF_GWP_N2O -> 0.38429788
A17: A01SP | B17: Chicken fresh meat | C17: Meat and meat products | D17: Bulgaria | E17: BG | F17: CO2 | G17: =SUM(H17:X17) -> 0.8860164 | H17: ='CO2 per kg feed'!G41*FCR_bonefree_incl_parents_BG-Excreted_N_after_losses_BG*Manure_repl_factor_BG*(EF_min_fert_BAT_CO2*Frac_BAT_BG+EF_min_fert_AN_CO2*Frac_AN_BG) -> 0.10982781 | I17: ='CO2 per kg feed'!H41*FCR_bonefree_incl_parents_BG -> 0.075047726 | J17: ='CO2 per kg feed'!I41*FCR_bonefree_incl_parents_BG -> 0 | L17: ='CO2 per kg feed'!K41*FCR_bonefree_incl_parents_BG -> 0.093347028 | N17: ='CO2 per kg feed'!M41*FCR_bonefree_incl_parents_BG -> 5.886277e-05 | O17: ='CO2 per kg feed'!N41*FCR_bonefree_incl_parents_BG -> 0.099191959 | P17: ='CO2 per kg feed'!O41*FCR_bonefree_incl_parents_BG -> 0.050937137 | Q17: ='CO2 per kg feed'!P41*FCR_bonefree_incl_parents_BG -> 0.0057702282 | R17: ='CO2 per kg feed'!Q41*FCR_bonefree_incl_parents_BG -> 0.040653512 | W17: =Energy_stables_BG/Bonefree_outof_CW_BG*(Share_heating_BG*(Share_biofuels_BG*EF_biofuels_CO2+(1-Share_biofuels_BG)*EF_oil_CO2)+(1-Share_heating_BG)*EF_el_CO2_BG) -> 0.10648486 | X17: =(Energy_slaughter_el_BG*EF_el_CO2_BG+Energy_slaughter_oil_BG*EF_oil_CO2)/Bonefree_outof_CW_BG -> 0.30469728
A18: A01SP | B18: Chicken fresh meat | C18: Meat and meat products | D18: Bulgaria | E18: BG | F18: CH4, fossil | G18: =SUM(H18:X18) -> 0.00083549634 | H18: ='CH4 per kg feed'!G41*FCR_bonefree_incl_parents_BG-Excreted_N_after_losses_BG*Manure_repl_factor_BG*(EF_min_fert_BAT_CH4*Frac_BAT_BG+EF_min_fert_AN_CH4*Frac_AN_BG) -> 0.0001114941 | I18: ='CH4 per kg feed'!H41*FCR_bonefree_incl_parents_BG -> 0.00026405681 | L18: ='CH4 per kg feed'!K41*FCR_bonefree_incl_parents_BG -> 4.1349586e-05 | N18: ='CH4 per kg feed'!M41*FCR_bonefree_incl_parents_BG -> 1.9686431e-07 | O18: ='CH4 per kg feed'!N41*FCR_bonefree_incl_parents_BG -> 3.9342235e-05 | P18: ='CH4 per kg feed'!O41*FCR_bonefree_incl_parents_BG -> 0 | Q18: ='CH4 per kg feed'!P41*FCR_bonefree_incl_parents_BG -> 2.0977434e-05 | R18: ='CH4 per kg feed'!Q41*FCR_bonefree_incl_parents_BG -> 3.4239147e-05 | W18: =Energy_stables_BG/Bonefree_outof_CW_BG*(Share_heating_BG*(Share_biofuels_BG*EF_biofuel_CH4+(1-Share_biofuels_BG)*EF_oil_CH4)+(1-Share_heating_BG)*EF_el_CH4_BG) -> 7.0524123e-05 | X18: =(Energy_slaughter_el_BG*EF_el_CH4_BG+Energy_slaughter_oil_BG*EF_oil_CH4)/Bonefree_outof_CW_BG -> 0.00025331603
A19: A01SP | B19: Chicken fresh meat | C19: Meat and meat products | D19: Bulgaria | E19: BG | F19: CH4, biogenic | G19: =SUM(H19:T19)+SUM(W19:X19) -> 0.0022013861 | T19: =SUM(U19:V19) -> 0.0022013861 | U19: =(Production!D40*(Slaughter_age_BG/365)+SUM(Production!D41:D44))*EF_CH4_manure_BG -> 0.0022013861
A20: A01SP | B20: Chicken fresh meat | C20: Meat and meat products | D20: Bulgaria | E20: BG | F20: N2O | G20: =SUM(H20:T20)+SUM(W20:X20) -> 0.0018760945 | H20: ='N2O per kg feed'!G41*FCR_bonefree_incl_parents_BG-Excreted_N_after_losses_BG*Manure_repl_factor_BG*(EF_min_fert_BAT_N2O*Frac_BAT_BG+EF_min_fert_AN_N2O*Frac_AN_BG) -> 0.00022278321 | I20: ='N2O per kg feed'!H41*FCR_bonefree_incl_parents_BG -> 3.0575e-06 | J20: ='N2O per kg feed'!I41*FCR_bonefree_incl_parents_BG-Excreted_N_after_losses_BG*Manure_repl_factor_BG*EF_N2O_diff_BG -> 0.0013679739 | K20: =J20*EF_indirect_N2O_BG -> 0.00013679739 | L20: ='N2O per kg feed'!K41*FCR_bonefree_incl_parents_BG -> 2.508271e-06 | N20: ='N2O per kg feed'!M41*FCR_bonefree_incl_parents_BG -> 2.4227872e-09 | O20: ='N2O per kg feed'!N41*FCR_bonefree_incl_parents_BG -> 3.3570713e-06 | P20: ='N2O per kg feed'!O41*FCR_bonefree_incl_parents_BG -> 0 | Q20: ='N2O per kg feed'!P41*FCR_bonefree_incl_parents_BG -> 2.1769257e-06 | R20: ='N2O per kg feed'!Q41*FCR_bonefree_incl_parents_BG -> 1.4690134e-06 | T20: =SUM(U20:V20) -> 0.00012390587 | U20: =Excreted_N_per_kg_of_bonefree_meat_BG*EF_N2O_manure_direct_BG*44/28 -> 4.5919976e-05 | V20: =(Excreted_N_per_kg_of_bonefree_meat_BG-U20*28/44)*EF_ammonia_BG*EF_N2O_manure_indirect_BG*44/28 -> 7.7985895e-05 | W20: =Energy_stables_BG/Bonefree_outof_CW_BG*(Share_heating_BG*(Share_biofuels_BG*EF_biofuel_N2O+(1-Share_biofuels_BG)*EF_oil_N2O)+(1-Share_heating_BG)*EF_el_N2O_BG) -> 5.7069597e-06 | X20: =(Energy_slaughter_el_BG*EF_el_N2O_BG+Energy_slaughter_oil_BG*EF_oil_N2O)/Bonefree_outof_CW_BG -> 6.3560025e-06
A21: A01SP | B21: Chicken fresh meat | C21: Meat and meat products | D21: Bulgaria | E21: BG | F21: CO2e | G21: =SUM(H21:X21) -> 1.4825254 | H21: =SUMPRODUCT(H17:H20,'Parameters, general'!$B$13:$B$16) -> 0.17397015 | I21: =SUMPRODUCT(I17:I20,'Parameters, general'!$B$13:$B$16) -> 0.083751317 | J21: =SUMPRODUCT(J17:J20,'Parameters, general'!$B$13:$B$16) -> 0.37345687 | K21: =SUMPRODUCT(K17:K20,'Parameters, general'!$B$13:$B$16) -> 0.037345687 | L21: =SUMPRODUCT(L17:L20,'Parameters, general'!$B$13:$B$16) -> 0.095264003 | M21: =SUMPRODUCT(M17:M20,'Parameters, general'!$B$13:$B$16) -> 0 | N21: =SUMPRODUCT(N17:N20,'Parameters, general'!$B$13:$B$16) -> 6.5390747e-05 | O21: =SUMPRODUCT(O17:O20,'Parameters, general'!$B$13:$B$16) -> 0.10128084 | ... T21: =SUMPRODUCT(T17:T20,'Parameters, general'!$B$13:$B$16) -> 0.093263729 | W21: =SUMPRODUCT(W17:W20,'Parameters, general'!$B$13:$B$16) -> 0.11014448 | X21: =SUMPRODUCT(X17:X20,'Parameters, general'!$B$13:$B$16) -> 0.31398129 | Z21: =SUM(H21:R21) -> 0.96513593 | AA21: ='CO2 per kg feed'!F41+'CH4 per kg feed'!F41*CF_GWP_CH4_fossil+'N2O per kg feed'!F41*CF_GWP_N2O -> 0.33432937
A22: A01SP | B22: Chicken fresh meat | C22: Meat and meat products | D22: Croatia | E22: HR | F22: CO2 | G22: =SUM(H22:X22) -> 1.0832445 | H22: ='CO2 per kg feed'!G53*FCR_bonefree_incl_parents_HR-Excreted_N_after_losses_HR*Manure_repl_factor_HR*(EF_min_fert_BAT_CO2*Frac_BAT_HR+EF_min_fert_AN_CO2*Frac_AN_HR) -> 0.097923164 | I22: ='CO2 per kg feed'!H53*FCR_bonefree_incl_parents_HR -> 0.075806381 | J22: ='CO2 per kg feed'!I53*FCR_bonefree_incl_parents_HR -> 0 | L22: ='CO2 per kg feed'!K53*FCR_bonefree_incl_parents_HR -> 0.10456214 | N22: ='CO2 per kg feed'!M53*FCR_bonefree_incl_parents_HR -> 0.00012064377 | O22: ='CO2 per kg feed'!N53*FCR_bonefree_incl_parents_HR -> 0.10081376 | P22: ='CO2 per kg feed'!O53*FCR_bonefree_incl_parents_HR -> 0.18375273 | Q22: ='CO2 per kg feed'!P53*FCR_bonefree_incl_parents_HR -> 0.021123159 | R22: ='CO2 per kg feed'!Q53*FCR_bonefree_incl_parents_HR -> 0.14757282 | W22: =Energy_stables_HR/Bonefree_outof_CW_HR*(Share_heating_HR*(Share_biofuels_HR*EF_biofuels_CO2+(1-Share_biofuels_HR)*EF_oil_CO2)+(1-Share_heating_HR)*EF_el_CO2_HR) -> 0.09760641 | X22: =(Energy_slaughter_el_HR*EF_el_CO2_HR+Energy_slaughter_oil_HR*EF_oil_CO2)/Bonefree_outof_CW_HR -> 0.25396328
A23: A01SP | B23: Chicken fresh meat | C23: Meat and meat products | D23: Croatia | E23: HR | F23: CH4, fossil | G23: =SUM(H23:X23) -> 0.0012461444 | H23: ='CH4 per kg feed'!G53*FCR_bonefree_incl_parents_HR-Excreted_N_after_losses_HR*Manure_repl_factor_HR*(EF_min_fert_BAT_CH4*Frac_BAT_HR+EF_min_fert_AN_CH4*Frac_AN_HR) -> 9.8346474e-05 | I23: ='CH4 per kg feed'!H53*FCR_bonefree_incl_parents_HR -> 0.00026672616 | L23: ='CH4 per kg feed'!K53*FCR_bonefree_incl_parents_HR -> 4.6317502e-05 | N23: ='CH4 per kg feed'!M53*FCR_bonefree_incl_parents_HR -> 4.0348852e-07 | O23: ='CH4 per kg feed'!N53*FCR_bonefree_incl_parents_HR -> 4.4212965e-05 | P23: ='CH4 per kg feed'!O53*FCR_bonefree_incl_parents_HR -> 0 | Q23: ='CH4 per kg feed'!P53*FCR_bonefree_incl_parents_HR -> 7.6342233e-05 | R23: ='CH4 per kg feed'!Q53*FCR_bonefree_incl_parents_HR -> 0.00012480357 | W23: =Energy_stables_HR/Bonefree_outof_CW_HR*(Share_heating_HR*(Share_biofuels_HR*EF_biofuel_CH4+(1-Share_biofuels_HR)*EF_oil_CH4)+(1-Share_heating_HR)*EF_el_CH4_HR) -> 0.00011001483 | X23: =(Energy_slaughter_el_HR*EF_el_CH4_HR+Energy_slaughter_oil_HR*EF_oil_CH4)/Bonefree_outof_CW_HR -> 0.00047897719
A24: A01SP | B24: Chicken fresh meat | C24: Meat and meat products | D24: Croatia | E24: HR | F24: CH4, biogenic | G24: =SUM(H24:T24)+SUM(W24:X24) -> 0.0022013861 | T24: =SUM(U24:V24) -> 0.0022013861 | U24: =(Production!E40*(Slaughter_age_HR/365)+SUM(Production!E41:E44))*EF_CH4_manure_HR -> 0.0022013861
A25: A01SP | B25: Chicken fresh meat | C25: Meat and meat products | D25: Croatia | E25: HR | F25: N2O | G25: =SUM(H25:T25)+SUM(W25:X25) -> 0.0017838884 | H25: ='N2O per kg feed'!G53*FCR_bonefree_incl_parents_HR-Excreted_N_after_losses_HR*Manure_repl_factor_HR*(EF_min_fert_BAT_N2O*Frac_BAT_HR+EF_min_fert_AN_N2O*Frac_AN_HR) -> 0.00019893192 | I25: ='N2O per kg feed'!H53*FCR_bonefree_incl_parents_HR -> 3.0884081e-06 | J25: ='N2O per kg feed'!I53*FCR_bonefree_incl_parents_HR-Excreted_N_after_losses_HR*Manure_repl_factor_HR*EF_N2O_diff_HR -> 0.0012936077 | K25: =J25*EF_indirect_N2O_HR -> 0.00012936077 | L25: ='N2O per kg feed'!K53*FCR_bonefree_incl_parents_HR -> 2.8096255e-06 | N25: ='N2O per kg feed'!M53*FCR_bonefree_incl_parents_HR -> 4.9656883e-09 | O25: ='N2O per kg feed'!N53*FCR_bonefree_incl_parents_HR -> 3.4466268e-06 | P25: ='N2O per kg feed'!O53*FCR_bonefree_incl_parents_HR -> 0 | Q25: ='N2O per kg feed'!P53*FCR_bonefree_incl_parents_HR -> 7.9102138e-06 | R25: ='N2O per kg feed'!Q53*FCR_bonefree_incl_parents_HR -> 5.3259178e-06 | T25: =SUM(U25:V25) -> 0.00012390587 | U25: =Excreted_N_per_kg_of_bonefree_meat_HR*EF_N2O_manure_direct_HR*44/28 -> 4.5919976e-05 | V25: =(Excreted_N_per_kg_of_bonefree_meat_HR-U25*28/44)*EF_ammonia_HR*EF_N2O_manure_indirect_HR*44/28 -> 7.7985895e-05 | W25: =Energy_stables_HR/Bonefree_outof_CW_HR*(Share_heating_HR*(Share_biofuels_HR*EF_biofuel_N2O+(1-Share_biofuels_HR)*EF_oil_N2O)+(1-Share_heating_HR)*EF_el_N2O_HR) -> 6.2183178e-06 | X25: =(Energy_slaughter_el_HR*EF_el_N2O_HR+Energy_slaughter_oil_HR*EF_oil_N2O)/Bonefree_outof_CW_HR -> 9.2780486e-06
A26: A01SP | B26: Chicken fresh meat | C26: Meat and meat products | D26: Croatia | E26: HR | F26: CO2e | G26: =SUM(H26:X26) -> 1.6668186 | H26: =SUMPRODUCT(H22:H25,'Parameters, general'!$B$13:$B$16) -> 0.1551623 | I26: =SUMPRODUCT(I22:I25,'Parameters, general'!$B$13:$B$16) -> 0.084597956 | J26: =SUMPRODUCT(J22:J25,'Parameters, general'!$B$13:$B$16) -> 0.35315491 | K26: =SUMPRODUCT(K22:K25,'Parameters, general'!$B$13:$B$16) -> 0.035315491 | L26: =SUMPRODUCT(L22:L25,'Parameters, general'!$B$13:$B$16) -> 0.10670943 | M26: =SUMPRODUCT(M22:M25,'Parameters, general'!$B$13:$B$16) -> 0 | N26: =SUMPRODUCT(N22:N25,'Parameters, general'!$B$13:$B$16) -> 0.00013402336 | O26: =SUMPRODUCT(O22:O25,'Parameters, general'!$B$13:$B$16) -> 0.10307224 | ... T26: =SUMPRODUCT(T22:T25,'Parameters, general'!$B$13:$B$16) -> 0.093263729 | W26: =SUMPRODUCT(W22:W25,'Parameters, general'!$B$13:$B$16) -> 0.10258245 | X26: =SUMPRODUCT(X22:X25,'Parameters, general'!$B$13:$B$16) -> 0.2707697 | Z26: =SUM(H26:R26) -> 1.2002027 | AA26: ='CO2 per kg feed'!F53+'CH4 per kg feed'!F53*CF_GWP_CH4_fossil+'N2O per kg feed'!F53*CF_GWP_N2O -> 0.40608865
A27: A01SP | B27: Chicken fresh meat | C27: Meat and meat products | D27: Cyprus | E27: CY | F27: CO2 | G27: =SUM(H27:X27) -> 1.4349527 | H27: ='CO2 per kg feed'!G65*FCR_bonefree_incl_parents_CY-Excreted_N_after_losses_CY*Manure_repl_factor_CY*(EF_min_fert_BAT_CO2*Frac_BAT_CY+EF_min_fert_AN_CO2*Frac_AN_CY) -> 0.11546691 | I27: ='CO2 per kg feed'!H65*FCR_bonefree_incl_parents_CY -> 0.080896502 | J27: ='CO2 per kg feed'!I65*FCR_bonefree_incl_parents_CY -> 0 | L27: ='CO2 per kg feed'!K65*FCR_bonefree_incl_parents_CY -> 0.11613903 | N27: ='CO2 per kg feed'!M65*FCR_bonefree_incl_parents_CY -> 0.00011946464 | O27: ='CO2 per kg feed'!N65*FCR_bonefree_incl_parents_CY -> 0.10696569 | P27: ='CO2 per kg feed'!O65*FCR_bonefree_incl_parents_CY -> 0.19071164 | Q27: ='CO2 per kg feed'!P65*FCR_bonefree_incl_parents_CY -> 0.021462889 | R27: ='CO2 per kg feed'!Q65*FCR_bonefree_incl_parents_CY -> 0.15178767 | W27: =Energy_stables_CY/Bonefree_outof_CW_CY*(Share_heating_CY*(Share_biofuels_CY*EF_biofuels_CO2+(1-Share_biofuels_CY)*EF_oil_CO2)+(1-Share_heating_CY)*EF_el_CO2_CY) -> 0.14226242 | X27: =(Energy_slaughter_el_CY*EF_el_CO2_CY+Energy_slaughter_oil_CY*EF_oil_CO2)/Bonefree_outof_CW_CY -> 0.50914047
A28: A01SP | B28: Chicken fresh meat | C28: Meat and meat products | D28: Cyprus | E28: CY | F28: CH4, fossil | G28: =SUM(H28:X28) -> 0.0022274804 | H28: ='CH4 per kg feed'!G65*FCR_bonefree_incl_parents_CY-Excreted_N_after_losses_CY*Manure_repl_factor_CY*(EF_min_fert_BAT_CH4*Frac_BAT_CY+EF_min_fert_AN_CH4*Frac_AN_CY) -> 0.00011988524 | I28: ='CH4 per kg feed'!H65*FCR_bonefree_incl_parents_CY -> 0.00028463584 | L28: ='CH4 per kg feed'!K65*FCR_bonefree_incl_parents_CY -> 5.1445672e-05 | N28: ='CH4 per kg feed'!M65*FCR_bonefree_incl_parents_CY -> 3.9954499e-07 | O28: ='CH4 per kg feed'!N65*FCR_bonefree_incl_parents_CY -> 4.6453766e-05 | P28: ='CH4 per kg feed'!O65*FCR_bonefree_incl_parents_CY -> 0 | Q28: ='CH4 per kg feed'!P65*FCR_bonefree_incl_parents_CY -> 7.8234234e-05 | R28: ='CH4 per kg feed'!Q65*FCR_bonefree_incl_parents_CY -> 0.00012760188 | W28: =Energy_stables_CY/Bonefree_outof_CW_CY*(Share_heating_CY*(Share_biofuels_CY*EF_biofuel_CH4+(1-Share_biofuels_CY)*EF_oil_CH4)+(1-Share_heating_CY)*EF_el_CH4_CY) -> 0.00024850048 | X28: =(Energy_slaughter_el_CY*EF_el_CH4_CY+Energy_slaughter_oil_CY*EF_oil_CH4)/Bonefree_outof_CW_CY -> 0.0012703238
A29: A01SP | B29: Chicken fresh meat | C29: Meat and meat products | D29: Cyprus | E29: CY | F29: CH4, biogenic | G29: =SUM(H29:T29)+SUM(W29:X29) -> 0.0022013861 | T29: =SUM(U29:V29) -> 0.0022013861 | U29: =(Production!F40*(Slaughter_age_CY/365)+SUM(Production!F41:F44))*EF_CH4_manure_CY -> 0.0022013861
A30: A01SP | B30: Chicken fresh meat | C30: Meat and meat products | D30: Cyprus | E30: CY | F30: N2O | G30: =SUM(H30:T30)+SUM(W30:X30) -> 0.0020664835 | H30: ='N2O per kg feed'!G65*FCR_bonefree_incl_parents_CY-Excreted_N_after_losses_CY*Manure_repl_factor_CY*(EF_min_fert_BAT_N2O*Frac_BAT_CY+EF_min_fert_AN_N2O*Frac_AN_CY) -> 0.000236788 | I30: ='N2O per kg feed'!H65*FCR_bonefree_incl_parents_CY -> 3.2957834e-06 | J30: ='N2O per kg feed'!I65*FCR_bonefree_incl_parents_CY-Excreted_N_after_losses_CY*Manure_repl_factor_CY*EF_N2O_diff_CY -> 0.0014962032 | K30: =J30*EF_indirect_N2O_CY -> 0.00014962032 | L30: ='N2O per kg feed'!K65*FCR_bonefree_incl_parents_CY -> 3.1207009e-06 | N30: ='N2O per kg feed'!M65*FCR_bonefree_incl_parents_CY -> 4.9171557e-09 | O30: ='N2O per kg feed'!N65*FCR_bonefree_incl_parents_CY -> 3.6539781e-06 | P30: ='N2O per kg feed'!O65*FCR_bonefree_incl_parents_CY -> 0 | Q30: ='N2O per kg feed'!P65*FCR_bonefree_incl_parents_CY -> 8.1243207e-06 | R30: ='N2O per kg feed'!Q65*FCR_bonefree_incl_parents_CY -> 5.4878839e-06 | T30: =SUM(U30:V30) -> 0.00012390587 | U30: =Excreted_N_per_kg_of_bonefree_meat_CY*EF_N2O_manure_direct_CY*44/28 -> 4.5919976e-05 | V30: =(Excreted_N_per_kg_of_bonefree_meat_CY-U30*28/44)*EF_ammonia_CY*EF_N2O_manure_indirect_CY*44/28 -> 7.7985895e-05 | W30: =Energy_stables_CY/Bonefree_outof_CW_CY*(Share_heating_CY*(Share_biofuels_CY*EF_biofuel_N2O+(1-Share_biofuels_CY)*EF_oil_N2O)+(1-Share_heating_CY)*EF_el_N2O_CY) -> 9.3135426e-06 | X30: =(Energy_slaughter_el_CY*EF_el_N2O_CY+Energy_slaughter_oil_CY*EF_oil_N2O)/Bonefree_outof_CW_CY -> 2.6965047e-05
A31: A01SP | B31: Chicken fresh meat | C31: Meat and meat products | D31: Cyprus | E31: CY | F31: CO2e | G31: =SUM(H31:X31) -> 2.124919 | H31: =SUMPRODUCT(H27:H30,'Parameters, general'!$B$13:$B$16) -> 0.18368262 | I31: =SUMPRODUCT(I27:I30,'Parameters, general'!$B$13:$B$16) -> 0.090278399 | J31: =SUMPRODUCT(J27:J30,'Parameters, general'!$B$13:$B$16) -> 0.40846347 | K31: =SUMPRODUCT(K27:K30,'Parameters, general'!$B$13:$B$16) -> 0.040846347 | L31: =SUMPRODUCT(L27:L30,'Parameters, general'!$B$13:$B$16) -> 0.11852406 | M31: =SUMPRODUCT(M27:M30,'Parameters, general'!$B$13:$B$16) -> 0 | N31: =SUMPRODUCT(N27:N30,'Parameters, general'!$B$13:$B$16) -> 0.00013271347 | O31: =SUMPRODUCT(O27:O30,'Parameters, general'!$B$13:$B$16) -> 0.10934755 | ... T31: =SUMPRODUCT(T27:T30,'Parameters, general'!$B$13:$B$16) -> 0.093263729 | W31: =SUMPRODUCT(W27:W30,'Parameters, general'!$B$13:$B$16) -> 0.15221033 | X31: =SUMPRODUCT(X27:X30,'Parameters, general'!$B$13:$B$16) -> 0.55435758 | Z31: =SUM(H31:R31) -> 1.3250874 | AA31: ='CO2 per kg feed'!F65+'CH4 per kg feed'!F65*CF_GWP_CH4_fossil+'N2O per kg feed'!F65*CF_GWP_N2O -> 0.44421245
A32: A01SP | B32: Chicken fresh meat | C32: Meat and meat products | D32: Czech Republic | E32: CZ | F32: CO2 | G32: =SUM(H32:X32) -> 1.0963773 | H32: ='CO2 per kg feed'!G77*FCR_bonefree_incl_parents_CZ-Excreted_N_after_losses_CZ*Manure_repl_factor_CZ*(EF_min_fert_BAT_CO2*Frac_BAT_CZ+EF_min_fert_AN_CO2*Frac_AN_CZ) -> 0.13956818 | I32: ='CO2 per kg feed'!H77*FCR_bonefree_incl_parents_CZ -> 0.076633972 | J32: ='CO2 per kg feed'!I77*FCR_bonefree_incl_parents_CZ -> 0 | L32: ='CO2 per kg feed'!K77*FCR_bonefree_incl_parents_CZ -> 0.10137572 | N32: ='CO2 per kg feed'!M77*FCR_bonefree_incl_parents_CZ -> 9.4586978e-05 | O32: ='CO2 per kg feed'!N77*FCR_bonefree_incl_parents_CZ -> 0.10369691 | P32: ='CO2 per kg feed'!O77*FCR_bonefree_incl_parents_CZ -> 0.09659633 | Q32: ='CO2 per kg feed'!P77*FCR_bonefree_incl_parents_CZ -> 0.01455929 | R32: ='CO2 per kg feed'!Q77*FCR_bonefree_incl_parents_CZ -> 0.087891448 | W32: =Energy_stables_CZ/Bonefree_outof_CW_CZ*(Share_heating_CZ*(Share_biofuels_CZ*EF_biofuels_CO2+(1-Share_biofuels_CZ)*EF_oil_CO2)+(1-Share_heating_CZ)*EF_el_CO2_CZ) -> 0.11613275 | X32: =(Energy_slaughter_el_CZ*EF_el_CO2_CZ+Energy_slaughter_oil_CZ*EF_oil_CO2)/Bonefree_outof_CW_CZ -> 0.35982809
A33: A01SP | B33: Chicken fresh meat | C33: Meat and meat products | D33: Czech Republic | E33: CZ | F33: CH4, fossil | G33: =SUM(H33:X33) -> 0.0011323232 | H33: ='CH4 per kg feed'!G77*FCR_bonefree_incl_parents_CZ-Excreted_N_after_losses_CZ*Manure_repl_factor_CZ*(EF_min_fert_BAT_CH4*Frac_BAT_CZ+EF_min_fert_AN_CH4*Frac_AN_CZ) -> 0.0001525378 | I33: ='CH4 per kg feed'!H77*FCR_bonefree_incl_parents_CZ -> 0.00026963805 | L33: ='CH4 per kg feed'!K77*FCR_bonefree_incl_parents_CZ -> 4.4906025e-05 | N33: ='CH4 per kg feed'!M77*FCR_bonefree_incl_parents_CZ -> 3.1634258e-07 | O33: ='CH4 per kg feed'!N77*FCR_bonefree_incl_parents_CZ -> 4.2889332e-05 | P33: ='CH4 per kg feed'!O77*FCR_bonefree_incl_parents_CZ -> 0 | Q33: ='CH4 per kg feed'!P77*FCR_bonefree_incl_parents_CZ -> 4.7633223e-05 | R33: ='CH4 per kg feed'!Q77*FCR_bonefree_incl_parents_CZ -> 8.008292e-05 | W33: =Energy_stables_CZ/Bonefree_outof_CW_CZ*(Share_heating_CZ*(Share_biofuels_CZ*EF_biofuel_CH4+(1-Share_biofuels_CZ)*EF_oil_CH4)+(1-Share_heating_CZ)*EF_el_CH4_CZ) -> 9.5914664e-05 | X33: =(Energy_slaughter_el_CZ*EF_el_CH4_CZ+Energy_slaughter_oil_CZ*EF_oil_CH4)/Bonefree_outof_CW_CZ -> 0.00039840483
A34: A01SP | B34: Chicken fresh meat | C34: Meat and meat products | D34: Czech Republic | E34: CZ | F34: CH4, biogenic | G34: =SUM(H34:T34)+SUM(W34:X34) -> 0.0022013861 | T34: =SUM(U34:V34) -> 0.0022013861 | U34: =(Production!G40*(Slaughter_age_CZ/365)+SUM(Production!G41:G44))*EF_CH4_manure_CZ -> 0.0022013861
A35: A01SP | B35: Chicken fresh meat | C35: Meat and meat products | D35: Czech Republic | E35: CZ | F35: N2O | G35: =SUM(H35:T35)+SUM(W35:X35) -> 0.0021800147 | H35: ='N2O per kg feed'!G77*FCR_bonefree_incl_parents_CZ-Excreted_N_after_losses_CZ*Manure_repl_factor_CZ*(EF_min_fert_BAT_N2O*Frac_BAT_CZ+EF_min_fert_AN_N2O*Frac_AN_CZ) -> 0.00028089363 | I35: ='N2O per kg feed'!H77*FCR_bonefree_incl_parents_CZ -> 3.1221248e-06 | J35: ='N2O per kg feed'!I77*FCR_bonefree_incl_parents_CZ-Excreted_N_after_losses_CZ*Manure_repl_factor_CZ*EF_N2O_diff_CZ -> 0.0015864036 | K35: =J35*EF_indirect_N2O_CZ -> 0.00015864036 | L35: ='N2O per kg feed'!K77*FCR_bonefree_incl_parents_CZ -> 2.7240051e-06 | N35: ='N2O per kg feed'!M77*FCR_bonefree_incl_parents_CZ -> 3.8931929e-09 | O35: ='N2O per kg feed'!N77*FCR_bonefree_incl_parents_CZ -> 3.5209129e-06 | P35: ='N2O per kg feed'!O77*FCR_bonefree_incl_parents_CZ -> 0 | Q35: ='N2O per kg feed'!P77*FCR_bonefree_incl_parents_CZ -> 4.799888e-06 | R35: ='N2O per kg feed'!Q77*FCR_bonefree_incl_parents_CZ -> 3.098049e-06 | T35: =SUM(U35:V35) -> 0.00012390587 | U35: =Excreted_N_per_kg_of_bonefree_meat_CZ*EF_N2O_manure_direct_CZ*44/28 -> 4.5919976e-05 | V35: =(Excreted_N_per_kg_of_bonefree_meat_CZ-U35*28/44)*EF_ammonia_CZ*EF_N2O_manure_indirect_CZ*44/28 -> 7.7985895e-05 | W35: =Energy_stables_CZ/Bonefree_outof_CW_CZ*(Share_heating_CZ*(Share_biofuels_CZ*EF_biofuel_N2O+(1-Share_biofuels_CZ)*EF_oil_N2O)+(1-Share_heating_CZ)*EF_el_N2O_CZ) -> 5.8319779e-06 | X35: =(Energy_slaughter_el_CZ*EF_el_N2O_CZ+Energy_slaughter_oil_CZ*EF_oil_N2O)/Bonefree_outof_CW_CZ -> 7.0703923e-06
A36: A01SP | B36: Chicken fresh meat | C36: Meat and meat products | D36: Czech Republic | E36: CZ | F36: CO2e | G36: =SUM(H36:X36) -> 1.784702 | H36: =SUMPRODUCT(H32:H35,'Parameters, general'!$B$13:$B$16) -> 0.22079777 | I36: =SUMPRODUCT(I32:I35,'Parameters, general'!$B$13:$B$16) -> 0.085521526 | J36: =SUMPRODUCT(J32:J35,'Parameters, general'!$B$13:$B$16) -> 0.43308819 | K36: =SUMPRODUCT(K32:K35,'Parameters, general'!$B$13:$B$16) -> 0.043308819 | L36: =SUMPRODUCT(L32:L35,'Parameters, general'!$B$13:$B$16) -> 0.10345757 | M36: =SUMPRODUCT(M32:M35,'Parameters, general'!$B$13:$B$16) -> 0 | N36: =SUMPRODUCT(N32:N35,'Parameters, general'!$B$13:$B$16) -> 0.00010507683 | O36: =SUMPRODUCT(O32:O35,'Parameters, general'!$B$13:$B$16) -> 0.10593623 | ... T36: =SUMPRODUCT(T32:T35,'Parameters, general'!$B$13:$B$16) -> 0.093263729 | W36: =SUMPRODUCT(W32:W35,'Parameters, general'!$B$13:$B$16) -> 0.12058314 | X36: =SUMPRODUCT(X32:X35,'Parameters, general'!$B$13:$B$16) -> 0.37363077 | Z36: =SUM(H36:R36) -> 1.1972243 | AA36: ='CO2 per kg feed'!F77+'CH4 per kg feed'!F77*CF_GWP_CH4_fossil+'N2O per kg feed'!F77*CF_GWP_N2O -> 0.40517944
A37: A01SP | B37: Chicken fresh meat | C37: Meat and meat products | D37: Denmark | E37: DK | F37: CO2 | G37: =SUM(H37:X37) -> 0.96979988 | H37: ='CO2 per kg feed'!G89*FCR_bonefree_incl_parents_DK-Excreted_N_after_losses_DK*Manure_repl_factor_DK*(EF_min_fert_BAT_CO2*Frac_BAT_DK+EF_min_fert_AN_CO2*Frac_AN_DK) -> 0.1558278 | I37: ='CO2 per kg feed'!H89*FCR_bonefree_incl_parents_DK -> 0.081035416 | J37: ='CO2 per kg feed'!I89*FCR_bonefree_incl_parents_DK -> 0 | L37: ='CO2 per kg feed'!K89*FCR_bonefree_incl_parents_DK -> 0.096796332 | N37: ='CO2 per kg feed'!M89*FCR_bonefree_incl_parents_DK -> 0.00044158907 | O37: ='CO2 per kg feed'!N89*FCR_bonefree_incl_parents_DK -> 0.12254514 | P37: ='CO2 per kg feed'!O89*FCR_bonefree_incl_parents_DK -> 0.11199554 | Q37: ='CO2 per kg feed'!P89*FCR_bonefree_incl_parents_DK -> 0.015422914 | R37: ='CO2 per kg feed'!Q89*FCR_bonefree_incl_parents_DK -> 0.097552273 | W37: =Energy_stables_DK/Bonefree_outof_CW_DK*(Share_heating_DK*(Share_biofuels_DK*EF_biofuels_CO2+(1-Share_biofuels_DK)*EF_oil_CO2)+(1-Share_heating_DK)*EF_el_CO2_DK) -> 0.088165821 | X37: =(Energy_slaughter_el_DK*EF_el_CO2_DK+Energy_slaughter_oil_DK*EF_oil_CO2)/Bonefree_outof_CW_DK -> 0.20001706
A38: A01SP | B38: Chicken fresh meat | C38: Meat and meat products | D38: Denmark | E38: DK | F38: CH4, fossil | G38: =SUM(H38:X38) -> 0.0011031151 | H38: ='CH4 per kg feed'!G89*FCR_bonefree_incl_parents_DK-Excreted_N_after_losses_DK*Manure_repl_factor_DK*(EF_min_fert_BAT_CH4*Frac_BAT_DK+EF_min_fert_AN_CH4*Frac_AN_DK) -> 0.00019891544 | I38: ='CH4 per kg feed'!H89*FCR_bonefree_incl_parents_DK -> 0.00030129717 | L38: ='CH4 per kg feed'!K89*FCR_bonefree_incl_parents_DK -> 4.4219941e-05 | N38: ='CH4 per kg feed'!M89*FCR_bonefree_incl_parents_DK -> 5.060731e-06 | O38: ='CH4 per kg feed'!N89*FCR_bonefree_incl_parents_DK -> 7.3304797e-05 | P38: ='CH4 per kg feed'!O89*FCR_bonefree_incl_parents_DK -> 0 | Q38: ='CH4 per kg feed'!P89*FCR_bonefree_incl_parents_DK -> 5.2062806e-05 | R38: ='CH4 per kg feed'!Q89*FCR_bonefree_incl_parents_DK -> 8.6743813e-05 | W38: =Energy_stables_DK/Bonefree_outof_CW_DK*(Share_heating_DK*(Share_biofuels_DK*EF_biofuel_CH4+(1-Share_biofuels_DK)*EF_oil_CH4)+(1-Share_heating_DK)*EF_el_CH4_DK) -> 7.3155856e-05 | X38: =(Energy_slaughter_el_DK*EF_el_CH4_DK+Energy_slaughter_oil_DK*EF_oil_CH4)/Bonefree_outof_CW_DK -> 0.0002683545
A39: A01SP | B39: Chicken fresh meat | C39: Meat and meat products | D39: Denmark | E39: DK | F39: CH4, biogenic | G39: =SUM(H39:T39)+SUM(W39:X39) -> 0.0022013861 | T39: =SUM(U39:V39) -> 0.0022013861 | U39: =(Production!H40*(Slaughter_age_DK/365)+SUM(Production!H41:H44))*EF_CH4_manure_DK -> 0.0022013861
A40: A01SP | B40: Chicken fresh meat | C40: Meat and meat products | D40: Denmark | E40: DK | F40: N2O | G40: =SUM(H40:T40)+SUM(W40:X40) -> 0.0022752379 | H40: ='N2O per kg feed'!G89*FCR_bonefree_incl_parents_DK-Excreted_N_after_losses_DK*Manure_repl_factor_DK*(EF_min_fert_BAT_N2O*Frac_BAT_DK+EF_min_fert_AN_N2O*Frac_AN_DK) -> 0.00032219133 | I40: ='N2O per kg feed'!H89*FCR_bonefree_incl_parents_DK -> 3.0750563e-06 | J40: ='N2O per kg feed'!I89*FCR_bonefree_incl_parents_DK-Excreted_N_after_losses_DK*Manure_repl_factor_DK*EF_N2O_diff_DK -> 0.0016302271 | K40: =J40*EF_indirect_N2O_DK -> 0.00016302271 | L40: ='N2O per kg feed'!K89*FCR_bonefree_incl_parents_DK -> 2.6876141e-06 | N40: ='N2O per kg feed'!M89*FCR_bonefree_incl_parents_DK -> 6.2144098e-08 | O40: ='N2O per kg feed'!N89*FCR_bonefree_incl_parents_DK -> 4.7612337e-06 | P40: ='N2O per kg feed'!O89*FCR_bonefree_incl_parents_DK -> 0 | Q40: ='N2O per kg feed'!P89*FCR_bonefree_incl_parents_DK -> 5.2944493e-06 | R40: ='N2O per kg feed'!Q89*FCR_bonefree_incl_parents_DK -> 3.4661158e-06 | T40: =SUM(U40:V40) -> 0.00012390587 | U40: =Excreted_N_per_kg_of_bonefree_meat_DK*EF_N2O_manure_direct_DK*44/28 -> 4.5919976e-05 | V40: =(Excreted_N_per_kg_of_bonefree_meat_DK-U40*28/44)*EF_ammonia_DK*EF_N2O_manure_indirect_DK*44/28 -> 7.7985895e-05 | W40: =Energy_stables_DK/Bonefree_outof_CW_DK*(Share_heating_DK*(Share_biofuels_DK*EF_biofuel_N2O+(1-Share_biofuels_DK)*EF_oil_N2O)+(1-Share_heating_DK)*EF_el_N2O_DK) -> 6.3743986e-06 | X40: =(Energy_slaughter_el_DK*EF_el_N2O_DK+Energy_slaughter_oil_DK*EF_oil_N2O)/Bonefree_outof_CW_DK -> 1.0169939e-05
A41: A01SP | B41: Chicken fresh meat | C41: Meat and meat products | D41: Denmark | E41: DK | F41: CO2e | G41: =SUM(H41:X41) -> 1.6832501 | H41: =SUMPRODUCT(H37:H40,'Parameters, general'!$B$13:$B$16) -> 0.24971371 | I41: =SUMPRODUCT(I37:I40,'Parameters, general'!$B$13:$B$16) -> 0.090853563 | J41: =SUMPRODUCT(J37:J40,'Parameters, general'!$B$13:$B$16) -> 0.44505199 | K41: =SUMPRODUCT(K37:K40,'Parameters, general'!$B$13:$B$16) -> 0.044505199 | L41: =SUMPRODUCT(L37:L40,'Parameters, general'!$B$13:$B$16) -> 0.098847804 | M41: =SUMPRODUCT(M37:M40,'Parameters, general'!$B$13:$B$16) -> 0 | N41: =SUMPRODUCT(N37:N40,'Parameters, general'!$B$13:$B$16) -> 0.0006093642 | O41: =SUMPRODUCT(O37:O40,'Parameters, general'!$B$13:$B$16) -> 0.12602944 | ... T41: =SUMPRODUCT(T37:T40,'Parameters, general'!$B$13:$B$16) -> 0.093263729 | W41: =SUMPRODUCT(W37:W40,'Parameters, general'!$B$13:$B$16) -> 0.092086077 | X41: =SUMPRODUCT(X37:X40,'Parameters, general'!$B$13:$B$16) -> 0.21079041 | Z41: =SUM(H41:R41) -> 1.2871099 | AA41: ='CO2 per kg feed'!F89+'CH4 per kg feed'!F89*CF_GWP_CH4_fossil+'N2O per kg feed'!F89*CF_GWP_N2O -> 0.42757257
A42: A01SP | B42: Chicken fresh meat | C42: Meat and meat products | D42: Estonia | E42: EE | F42: CO2 | G42: =SUM(H42:X42) -> 0.81427153 | H42: ='CO2 per kg feed'!G101*FCR_bonefree_incl_parents_EE-Excreted_N_after_losses_EE*Manure_repl_factor_EE*(EF_min_fert_BAT_CO2*Frac_BAT_EE+EF_min_fert_AN_CO2*Frac_AN_EE) -> 0.054738384 | I42: ='CO2 per kg feed'!H101*FCR_bonefree_incl_parents_EE -> 0.044238314 | J42: ='CO2 per kg feed'!I101*FCR_bonefree_incl_parents_EE -> 0 | L42: ='CO2 per kg feed'!K101*FCR_bonefree_incl_parents_EE -> 0.065360692 | N42: ='CO2 per kg feed'!M101*FCR_bonefree_incl_parents_EE -> 6.5879758e-05 | O42: ='CO2 per kg feed'!N101*FCR_bonefree_incl_parents_EE -> 0.061589175 | P42: ='CO2 per kg feed'!O101*FCR_bonefree_incl_parents_EE -> 0.019953417 | Q42: ='CO2 per kg feed'!P101*FCR_bonefree_incl_parents_EE -> 0.0047536523 | R42: ='CO2 per kg feed'!Q101*FCR_bonefree_incl_parents_EE -> 0.023368168 | W42: =Energy_stables_EE/Bonefree_outof_CW_EE*(Share_heating_EE*(Share_biofuels_EE*EF_biofuels_CO2+(1-Share_biofuels_EE)*EF_oil_CO2)+(1-Share_heating_EE)*EF_el_CO2_EE) -> 0.12570086 | X42: =(Energy_slaughter_el_EE*EF_el_CO2_EE+Energy_slaughter_oil_EE*EF_oil_CO2)/Bonefree_outof_CW_EE -> 0.41450299
A43: A01SP | B43: Chicken fresh meat | C43: Meat and meat products | D43: Estonia | E43: EE | F43: CH4, fossil | G43: =SUM(H43:X43) -> 0.0018321997 | H43: ='CH4 per kg feed'!G101*FCR_bonefree_incl_parents_EE-Excreted_N_after_losses_EE*Manure_repl_factor_EE*(EF_min_fert_BAT_CH4*Frac_BAT_EE+EF_min_fert_AN_CH4*Frac_AN_EE) -> 4.4956181e-05 | I43: ='CH4 per kg feed'!H101*FCR_bonefree_incl_parents_EE -> 0.00015565333 | L43: ='CH4 per kg feed'!K101*FCR_bonefree_incl_parents_EE -> 2.8952583e-05 | N43: ='CH4 per kg feed'!M101*FCR_bonefree_incl_parents_EE -> 2.2033236e-07 | O43: ='CH4 per kg feed'!N101*FCR_bonefree_incl_parents_EE -> 2.5735818e-05 | P43: ='CH4 per kg feed'!O101*FCR_bonefree_incl_parents_EE -> 0 | Q43: ='CH4 per kg feed'!P101*FCR_bonefree_incl_parents_EE -> 1.3630412e-05 | R43: ='CH4 per kg feed'!Q101*FCR_bonefree_incl_parents_EE -> 2.3858136e-05 | W43: =Energy_stables_EE/Bonefree_outof_CW_EE*(Share_heating_EE*(Share_biofuels_EE*EF_biofuel_CH4+(1-Share_biofuels_EE)*EF_oil_CH4)+(1-Share_heating_EE)*EF_el_CH4_EE) -> 0.00025153412 | X43: =(Energy_slaughter_el_EE*EF_el_CH4_EE+Energy_slaughter_oil_EE*EF_oil_CH4)/Bonefree_outof_CW_EE -> 0.0012876588
A44: A01SP | B44: Chicken fresh meat | C44: Meat and meat products | D44: Estonia | E44: EE | F44: CH4, biogenic | G44: =SUM(H44:T44)+SUM(W44:X44) -> 0.0022013861 | T44: =SUM(U44:V44) -> 0.0022013861 | U44: =(Production!I40*(Slaughter_age_EE/365)+SUM(Production!I41:I44))*EF_CH4_manure_EE -> 0.0022013861
A45: A01SP | B45: Chicken fresh meat | C45: Meat and meat products | D45: Estonia | E45: EE | F45: N2O | G45: =SUM(H45:T45)+SUM(W45:X45) -> 0.0011413336 | H45: ='N2O per kg feed'!G101*FCR_bonefree_incl_parents_EE-Excreted_N_after_losses_EE*Manure_repl_factor_EE*(EF_min_fert_BAT_N2O*Frac_BAT_EE+EF_min_fert_AN_N2O*Frac_AN_EE) -> 0.00010199026 | I45: ='N2O per kg feed'!H101*FCR_bonefree_incl_parents_EE -> 1.8023017e-06 | J45: ='N2O per kg feed'!I101*FCR_bonefree_incl_parents_EE-Excreted_N_after_losses_EE*Manure_repl_factor_EE*EF_N2O_diff_EE -> 0.00079823901 | K45: =J45*EF_indirect_N2O_EE -> 7.9823901e-05 | L45: ='N2O per kg feed'!K101*FCR_bonefree_incl_parents_EE -> 1.7562673e-06 | N45: ='N2O per kg feed'!M101*FCR_bonefree_incl_parents_EE -> 2.7116059e-09 | O45: ='N2O per kg feed'!N101*FCR_bonefree_incl_parents_EE -> 2.0909956e-06 | P45: ='N2O per kg feed'!O101*FCR_bonefree_incl_parents_EE -> 0 | Q45: ='N2O per kg feed'!P101*FCR_bonefree_incl_parents_EE -> 1.3157493e-06 | R45: ='N2O per kg feed'!Q101*FCR_bonefree_incl_parents_EE -> 7.9070128e-07 | T45: =SUM(U45:V45) -> 0.00012390587 | U45: =Excreted_N_per_kg_of_bonefree_meat_EE*EF_N2O_manure_direct_EE*44/28 -> 4.5919976e-05 | V45: =(Excreted_N_per_kg_of_bonefree_meat_EE-U45*28/44)*EF_ammonia_EE*EF_N2O_manure_indirect_EE*44/28 -> 7.7985895e-05 | W45: =Energy_stables_EE/Bonefree_outof_CW_EE*(Share_heating_EE*(Share_biofuels_EE*EF_biofuel_N2O+(1-Share_biofuels_EE)*EF_oil_N2O)+(1-Share_heating_EE)*EF_el_N2O_EE) -> 8.3212229e-06 | X45: =(Energy_slaughter_el_EE*EF_el_N2O_EE+Energy_slaughter_oil_EE*EF_oil_N2O)/Bonefree_outof_CW_EE -> 2.1294649e-05
A46: A01SP | B46: Chicken fresh meat | C46: Meat and meat products | D46: Estonia | E46: EE | F46: CO2e | G46: =SUM(H46:X46) -> 1.2398926 | H46: =SUMPRODUCT(H42:H45,'Parameters, general'!$B$13:$B$16) -> 0.083921419 | I46: =SUMPRODUCT(I42:I45,'Parameters, general'!$B$13:$B$16) -> 0.049368811 | J46: =SUMPRODUCT(J42:J45,'Parameters, general'!$B$13:$B$16) -> 0.21791925 | K46: =SUMPRODUCT(K42:K45,'Parameters, general'!$B$13:$B$16) -> 0.021791925 | L46: =SUMPRODUCT(L42:L45,'Parameters, general'!$B$13:$B$16) -> 0.06670294 | M46: =SUMPRODUCT(M42:M45,'Parameters, general'!$B$13:$B$16) -> 0 | N46: =SUMPRODUCT(N42:N45,'Parameters, general'!$B$13:$B$16) -> 7.3185931e-05 | O46: =SUMPRODUCT(O42:O45,'Parameters, general'!$B$13:$B$16) -> 0.062926944 | ... T46: =SUMPRODUCT(T42:T45,'Parameters, general'!$B$13:$B$16) -> 0.093263729 | W46: =SUMPRODUCT(W42:W45,'Parameters, general'!$B$13:$B$16) -> 0.13546827 | X46: =SUMPRODUCT(X42:X45,'Parameters, general'!$B$13:$B$16) -> 0.45868867 | Z46: =SUM(H46:R46) -> 0.55247193 | AA46: ='CO2 per kg feed'!F101+'CH4 per kg feed'!F101*CF_GWP_CH4_fossil+'N2O per kg feed'!F101*CF_GWP_N2O -> 0.20835464
A47: A01SP | B47: Chicken fresh meat | C47: Meat and meat products | D47: Finland | E47: FI | F47: CO2 | G47: =SUM(H47:X47) -> 0.89988162 | H47: ='CO2 per kg feed'!G113*FCR_bonefree_incl_parents_FI-Excreted_N_after_losses_FI*Manure_repl_factor_FI*(EF_min_fert_BAT_CO2*Frac_BAT_FI+EF_min_fert_AN_CO2*Frac_AN_FI) -> 0.1612547 | I47: ='CO2 per kg feed'!H113*FCR_bonefree_incl_parents_FI -> 0.071201847 | J47: ='CO2 per kg feed'!I113*FCR_bonefree_incl_parents_FI -> 0 | L47: ='CO2 per kg feed'!K113*FCR_bonefree_incl_parents_FI -> 0.11558591 | N47: ='CO2 per kg feed'!M113*FCR_bonefree_incl_parents_FI -> 0.00017646562 | O47: ='CO2 per kg feed'!N113*FCR_bonefree_incl_parents_FI -> 0.10606328 | P47: ='CO2 per kg feed'!O113*FCR_bonefree_incl_parents_FI -> 0.077197498 | Q47: ='CO2 per kg feed'!P113*FCR_bonefree_incl_parents_FI -> 0.02244952 | R47: ='CO2 per kg feed'!Q113*FCR_bonefree_incl_parents_FI -> 0.10252344 | W47: =Energy_stables_FI/Bonefree_outof_CW_FI*(Share_heating_FI*(Share_biofuels_FI*EF_biofuels_CO2+(1-Share_biofuels_FI)*EF_oil_CO2)+(1-Share_heating_FI)*EF_el_CO2_FI) -> 0.081500343 | X47: =(Energy_slaughter_el_FI*EF_el_CO2_FI+Energy_slaughter_oil_FI*EF_oil_CO2)/Bonefree_outof_CW_FI -> 0.16192861
A48: A01SP | B48: Chicken fresh meat | C48: Meat and meat products | D48: Finland | E48: FI | F48: CH4, fossil | G48: =SUM(H48:X48) -> 0.0011415948 | H48: ='CH4 per kg feed'!G113*FCR_bonefree_incl_parents_FI-Excreted_N_after_losses_FI*Manure_repl_factor_FI*(EF_min_fert_BAT_CH4*Frac_BAT_FI+EF_min_fert_AN_CH4*Frac_AN_FI) -> 0.0002233178 | I48: ='CH4 per kg feed'!H113*FCR_bonefree_incl_parents_FI -> 0.00025052502 | L48: ='CH4 per kg feed'!K113*FCR_bonefree_incl_parents_FI -> 5.1200661e-05 | N48: ='CH4 per kg feed'!M113*FCR_bonefree_incl_parents_FI -> 5.9018261e-07 | O48: ='CH4 per kg feed'!N113*FCR_bonefree_incl_parents_FI -> 4.7159647e-05 | P48: ='CH4 per kg feed'!O113*FCR_bonefree_incl_parents_FI -> 0 | Q48: ='CH4 per kg feed'!P113*FCR_bonefree_incl_parents_FI -> 6.1544887e-05 | R48: ='CH4 per kg feed'!Q113*FCR_bonefree_incl_parents_FI -> 0.00010930628 | W48: =Energy_stables_FI/Bonefree_outof_CW_FI*(Share_heating_FI*(Share_biofuels_FI*EF_biofuel_CH4+(1-Share_biofuels_FI)*EF_oil_CH4)+(1-Share_heating_FI)*EF_el_CH4_FI) -> 8.1561809e-05 | X48: =(Energy_slaughter_el_FI*EF_el_CH4_FI+Energy_slaughter_oil_FI*EF_oil_CH4)/Bonefree_outof_CW_FI -> 0.00031638852
A49: A01SP | B49: Chicken fresh meat | C49: Meat and meat products | D49: Finland | E49: FI | F49: CH4, biogenic | G49: =SUM(H49:T49)+SUM(W49:X49) -> 0.0022013861 | T49: =SUM(U49:V49) -> 0.0022013861 | U49: =(Production!J40*(Slaughter_age_FI/365)+SUM(Production!J41:J44))*EF_CH4_manure_FI -> 0.0022013861
A50: A01SP | B50: Chicken fresh meat | C50: Meat and meat products | D50: Finland | E50: FI | F50: N2O | G50: =SUM(H50:T50)+SUM(W50:X50) -> 0.0020666461 | H50: ='N2O per kg feed'!G113*FCR_bonefree_incl_parents_FI-Excreted_N_after_losses_FI*Manure_repl_factor_FI*(EF_min_fert_BAT_N2O*Frac_BAT_FI+EF_min_fert_AN_N2O*Frac_AN_FI) -> 0.00031219456 | I50: ='N2O per kg feed'!H113*FCR_bonefree_incl_parents_FI -> 2.900816e-06 | J50: ='N2O per kg feed'!I113*FCR_bonefree_incl_parents_FI-Excreted_N_after_losses_FI*Manure_repl_factor_FI*EF_N2O_diff_FI -> 0.0014499338 | K50: =J50*EF_indirect_N2O_FI -> 0.00014499338 | L50: ='N2O per kg feed'!K113*FCR_bonefree_incl_parents_FI -> 3.1058385e-06 | N50: ='N2O per kg feed'!M113*FCR_bonefree_incl_parents_FI -> 7.2633117e-09 | O50: ='N2O per kg feed'!N113*FCR_bonefree_incl_parents_FI -> 3.6154327e-06 | P50: ='N2O per kg feed'!O113*FCR_bonefree_incl_parents_FI -> 0 | Q50: ='N2O per kg feed'!P113*FCR_bonefree_incl_parents_FI -> 5.8440623e-06 | R50: ='N2O per kg feed'!Q113*FCR_bonefree_incl_parents_FI -> 3.4094814e-06 | T50: =SUM(U50:V50) -> 0.00012390587 | U50: =Excreted_N_per_kg_of_bonefree_meat_FI*EF_N2O_manure_direct_FI*44/28 -> 4.5919976e-05 | V50: =(Excreted_N_per_kg_of_bonefree_meat_FI-U50*28/44)*EF_ammonia_FI*EF_N2O_manure_indirect_FI*44/28 -> 7.7985895e-05 | W50: =Energy_stables_FI/Bonefree_outof_CW_FI*(Share_heating_FI*(Share_biofuels_FI*EF_biofuel_N2O+(1-Share_biofuels_FI)*EF_oil_N2O)+(1-Share_heating_FI)*EF_el_N2O_FI) -> 6.4028805e-06 | X50: =(Energy_slaughter_el_FI*EF_el_N2O_FI+Energy_slaughter_oil_FI*EF_oil_N2O)/Bonefree_outof_CW_FI -> 1.0332693e-05
A51: A01SP | B51: Chicken fresh meat | C51: Meat and meat products | D51: Finland | E51: FI | F51: CO2e | G51: =SUM(H51:X51) -> 1.5575329 | H51: =SUMPRODUCT(H47:H50,'Parameters, general'!$B$13:$B$16) -> 0.25313868 | I51: =SUMPRODUCT(I47:I50,'Parameters, general'!$B$13:$B$16) -> 0.079459416 | J51: =SUMPRODUCT(J47:J50,'Parameters, general'!$B$13:$B$16) -> 0.39583193 | K51: =SUMPRODUCT(K47:K50,'Parameters, general'!$B$13:$B$16) -> 0.039583193 | L51: =SUMPRODUCT(L47:L50,'Parameters, general'!$B$13:$B$16) -> 0.11795958 | M51: =SUMPRODUCT(M47:M50,'Parameters, general'!$B$13:$B$16) -> 0 | N51: =SUMPRODUCT(N47:N50,'Parameters, general'!$B$13:$B$16) -> 0.00019603595 | O51: =SUMPRODUCT(O47:O50,'Parameters, general'!$B$13:$B$16) -> 0.10845565 | ... T51: =SUMPRODUCT(T47:T50,'Parameters, general'!$B$13:$B$16) -> 0.093263729 | W51: =SUMPRODUCT(W47:W50,'Parameters, general'!$B$13:$B$16) -> 0.085678871 | X51: =SUMPRODUCT(X47:X50,'Parameters, general'!$B$13:$B$16) -> 0.17417781 | Z51: =SUM(H51:R51) -> 1.2044125 | AA51: ='CO2 per kg feed'!F113+'CH4 per kg feed'!F113*CF_GWP_CH4_fossil+'N2O per kg feed'!F113*CF_GWP_N2O -> 0.4023274
A52: A01SP | B52: Chicken fresh meat | C52: Meat and meat products | D52: France | E52: FR | F52: CO2 | G52: =SUM(H52:X52) -> 0.7460333 | H52: ='CO2 per kg feed'!G125*FCR_bonefree_incl_parents_FR-Excreted_N_after_losses_FR*Manure_repl_factor_FR*(EF_min_fert_BAT_CO2*Frac_BAT_FR+EF_min_fert_AN_CO2*Frac_AN_FR) -> 0.15744981 | I52: ='CO2 per kg feed'!H125*FCR_bonefree_incl_parents_FR -> 0.075484001 | J52: ='CO2 per kg feed'!I125*FCR_bonefree_incl_parents_FR -> 0 | L52: ='CO2 per kg feed'!K125*FCR_bonefree_incl_parents_FR -> 0.085386586 | N52: ='CO2 per kg feed'!M125*FCR_bonefree_incl_parents_FR -> 0.0055928482 | O52: ='CO2 per kg feed'!N125*FCR_bonefree_incl_parents_FR -> 0.10551287 | P52: ='CO2 per kg feed'!O125*FCR_bonefree_incl_parents_FR -> 0.091730991 | Q52: ='CO2 per kg feed'!P125*FCR_bonefree_incl_parents_FR -> 0.016937198 | R52: ='CO2 per kg feed'!Q125*FCR_bonefree_incl_parents_FR -> 0.092752331 | W52: =Energy_stables_FR/Bonefree_outof_CW_FR*(Share_heating_FR*(Share_biofuels_FR*EF_biofuels_CO2+(1-Share_biofuels_FR)*EF_oil_CO2)+(1-Share_heating_FR)*EF_el_CO2_FR) -> 0.062400427 | X52: =(Energy_slaughter_el_FR*EF_el_CO2_FR+Energy_slaughter_oil_FR*EF_oil_CO2)/Bonefree_outof_CW_FR -> 0.052786231
A53: A01SP | B53: Chicken fresh meat | C53: Meat and meat products | D53: France | E53: FR | F53: CH4, fossil | G53: =SUM(H53:X53) -> 0.0010169099 | H53: ='CH4 per kg feed'!G125*FCR_bonefree_incl_parents_FR-Excreted_N_after_losses_FR*Manure_repl_factor_FR*(EF_min_fert_BAT_CH4*Frac_BAT_FR+EF_min_fert_AN_CH4*Frac_AN_FR) -> 0.00028919545 | I53: ='CH4 per kg feed'!H125*FCR_bonefree_incl_parents_FR -> 0.00027750918 | L53: ='CH4 per kg feed'!K125*FCR_bonefree_incl_parents_FR -> 3.7833579e-05 | N53: ='CH4 per kg feed'!M125*FCR_bonefree_incl_parents_FR -> 1.9538692e-05 | O53: ='CH4 per kg feed'!N125*FCR_bonefree_incl_parents_FR -> 5.7353021e-05 | P53: ='CH4 per kg feed'!O125*FCR_bonefree_incl_parents_FR -> 0 | Q53: ='CH4 per kg feed'!P125*FCR_bonefree_incl_parents_FR -> 5.198857e-05 | R53: ='CH4 per kg feed'!Q125*FCR_bonefree_incl_parents_FR -> 8.9083902e-05 | W53: =Energy_stables_FR/Bonefree_outof_CW_FR*(Share_heating_FR*(Share_biofuels_FR*EF_biofuel_CH4+(1-Share_biofuels_FR)*EF_oil_CH4)+(1-Share_heating_FR)*EF_el_CH4_FR) -> 5.1246928e-05 | X53: =(Energy_slaughter_el_FR*EF_el_CH4_FR+Energy_slaughter_oil_FR*EF_oil_CH4)/Bonefree_outof_CW_FR -> 0.00014316063
A54: A01SP | B54: Chicken fresh meat | C54: Meat and meat products | D54: France | E54: FR | F54: CH4, biogenic | G54: =SUM(H54:T54)+SUM(W54:X54) -> 0.0022548527 | T54: =SUM(U54:V54) -> 0.0022548527 | U54: =(Production!K40*(Slaughter_age_FR/365)+SUM(Production!K41:K44))*EF_CH4_manure_FR -> 0.0022548527
A55: A01SP | B55: Chicken fresh meat | C55: Meat and meat products | D55: France | E55: FR | F55: N2O | G55: =SUM(H55:T55)+SUM(W55:X55) -> 0.0017922933 | H55: ='N2O per kg feed'!G125*FCR_bonefree_incl_parents_FR-Excreted_N_after_losses_FR*Manure_repl_factor_FR*(EF_min_fert_BAT_N2O*Frac_BAT_FR+EF_min_fert_AN_N2O*Frac_AN_FR) -> 0.00033199344 | I55: ='N2O per kg feed'!H125*FCR_bonefree_incl_parents_FR -> 2.8369277e-06 | J55: ='N2O per kg feed'!I125*FCR_bonefree_incl_parents_FR-Excreted_N_after_losses_FR*Manure_repl_factor_FR*EF_N2O_diff_FR -> 0.0011383231 | K55: =J55*EF_indirect_N2O_FR -> 0.00011383231 | L55: ='N2O per kg feed'!K125*FCR_bonefree_incl_parents_FR -> 2.294647e-06 | N55: ='N2O per kg feed'!M125*FCR_bonefree_incl_parents_FR -> 2.4080939e-07 | O55: ='N2O per kg feed'!N125*FCR_bonefree_incl_parents_FR -> 3.9570163e-06 | P55: ='N2O per kg feed'!O125*FCR_bonefree_incl_parents_FR -> 0 | Q55: ='N2O per kg feed'!P125*FCR_bonefree_incl_parents_FR -> 5.1358635e-06 | R55: ='N2O per kg feed'!Q125*FCR_bonefree_incl_parents_FR -> 3.2106037e-06 | T55: =SUM(U55:V55) -> 0.00018057705 | U55: =Excreted_N_per_kg_of_bonefree_meat_FR*EF_N2O_manure_direct_FR*44/28 -> 6.6922527e-05 | V55: =(Excreted_N_per_kg_of_bonefree_meat_FR-U55*28/44)*EF_ammonia_FR*EF_N2O_manure_indirect_FR*44/28 -> 0.00011365453 | W55: =Energy_stables_FR/Bonefree_outof_CW_FR*(Share_heating_FR*(Share_biofuels_FR*EF_biofuel_N2O+(1-Share_biofuels_FR)*EF_oil_N2O)+(1-Share_heating_FR)*EF_el_N2O_FR) -> 5.3835558e-06 | X55: =(Energy_slaughter_el_FR*EF_el_N2O_FR+Energy_slaughter_oil_FR*EF_oil_N2O)/Bonefree_outof_CW_FR -> 4.5079803e-06
A56: A01SP | B56: Chicken fresh meat | C56: Meat and meat products | D56: France | E56: FR | F56: CO2e | G56: =SUM(H56:X56) -> 1.3265143 | H56: =SUMPRODUCT(H52:H55,'Parameters, general'!$B$13:$B$16) -> 0.25670205 | I56: =SUMPRODUCT(I52:I55,'Parameters, general'!$B$13:$B$16) -> 0.084528256 | J56: =SUMPRODUCT(J52:J55,'Parameters, general'!$B$13:$B$16) -> 0.31076221 | K56: =SUMPRODUCT(K52:K55,'Parameters, general'!$B$13:$B$16) -> 0.031076221 | L56: =SUMPRODUCT(L52:L55,'Parameters, general'!$B$13:$B$16) -> 0.087140466 | M56: =SUMPRODUCT(M52:M55,'Parameters, general'!$B$13:$B$16) -> 0 | N56: =SUMPRODUCT(N52:N55,'Parameters, general'!$B$13:$B$16) -> 0.0062408422 | O56: =SUMPRODUCT(O52:O55,'Parameters, general'!$B$13:$B$16) -> 0.10830226 | ... T56: =SUMPRODUCT(T52:T55,'Parameters, general'!$B$13:$B$16) -> 0.11017856 | W56: =SUMPRODUCT(W52:W55,'Parameters, general'!$B$13:$B$16) -> 0.065397296 | X56: =SUMPRODUCT(X52:X55,'Parameters, general'!$B$13:$B$16) -> 0.058283097 | Z56: =SUM(H56:R56) -> 1.0926554 | AA56: ='CO2 per kg feed'!F125+'CH4 per kg feed'!F125*CF_GWP_CH4_fossil+'N2O per kg feed'!F125*CF_GWP_N2O -> 0.38891068
A57: A01SP | B57: Chicken fresh meat | C57: Meat and meat products | D57: Germany | E57: DE | F57: CO2 | G57: =SUM(H57:X57) -> 0.98916343 | H57: ='CO2 per kg feed'!G137*FCR_bonefree_incl_parents_DE-Excreted_N_after_losses_DE*Manure_repl_factor_DE*(EF_min_fert_BAT_CO2*Frac_BAT_DE+EF_min_fert_AN_CO2*Frac_AN_DE) -> 0.13971619 | I57: ='CO2 per kg feed'!H137*FCR_bonefree_incl_parents_DE -> 0.080675571 | J57: ='CO2 per kg feed'!I137*FCR_bonefree_incl_parents_DE -> 0 | L57: ='CO2 per kg feed'!K137*FCR_bonefree_incl_parents_DE -> 0.08679244 | N57: ='CO2 per kg feed'!M137*FCR_bonefree_incl_parents_DE -> 0.0014603878 | O57: ='CO2 per kg feed'!N137*FCR_bonefree_incl_parents_DE -> 0.12988624 | P57: ='CO2 per kg feed'!O137*FCR_bonefree_incl_parents_DE -> 0.094471241 | Q57: ='CO2 per kg feed'!P137*FCR_bonefree_incl_parents_DE -> 0.017007422 | R57: ='CO2 per kg feed'!Q137*FCR_bonefree_incl_parents_DE -> 0.094222312 | W57: =Energy_stables_DE/Bonefree_outof_CW_DE*(Share_heating_DE*(Share_biofuels_DE*EF_biofuels_CO2+(1-Share_biofuels_DE)*EF_oil_CO2)+(1-Share_heating_DE)*EF_el_CO2_DE) -> 0.096617763 | X57: =(Energy_slaughter_el_DE*EF_el_CO2_DE+Energy_slaughter_oil_DE*EF_oil_CO2)/Bonefree_outof_CW_DE -> 0.24831387
A58: A01SP | B58: Chicken fresh meat | C58: Meat and meat products | D58: Germany | E58: DE | F58: CH4, fossil | G58: =SUM(H58:X58) -> 0.0014032805 | H58: ='CH4 per kg feed'!G137*FCR_bonefree_incl_parents_DE-Excreted_N_after_losses_DE*Manure_repl_factor_DE*(EF_min_fert_BAT_CH4*Frac_BAT_DE+EF_min_fert_AN_CH4*Frac_AN_DE) -> 0.00025792928 | I58: ='CH4 per kg feed'!H137*FCR_bonefree_incl_parents_DE -> 0.00029681362 | L58: ='CH4 per kg feed'!K137*FCR_bonefree_incl_parents_DE -> 3.835387e-05 | N58: ='CH4 per kg feed'!M137*FCR_bonefree_incl_parents_DE -> 4.359498e-06 | O58: ='CH4 per kg feed'!N137*FCR_bonefree_incl_parents_DE -> 9.2562814e-05 | P58: ='CH4 per kg feed'!O137*FCR_bonefree_incl_parents_DE -> 0 | Q58: ='CH4 per kg feed'!P137*FCR_bonefree_incl_parents_DE -> 5.2595618e-05 | R58: ='CH4 per kg feed'!Q137*FCR_bonefree_incl_parents_DE -> 8.9919548e-05 | W58: =Energy_stables_DE/Bonefree_outof_CW_DE*(Share_heating_DE*(Share_biofuels_DE*EF_biofuel_CH4+(1-Share_biofuels_DE)*EF_oil_CH4)+(1-Share_heating_DE)*EF_el_CH4_DE) -> 0.00010729737 | X58: =(Energy_slaughter_el_DE*EF_el_CH4_DE+Energy_slaughter_oil_DE*EF_oil_CH4)/Bonefree_outof_CW_DE -> 0.00046344887
A59: A01SP | B59: Chicken fresh meat | C59: Meat and meat products | D59: Germany | E59: DE | F59: CH4, biogenic | G59: =SUM(H59:T59)+SUM(W59:X59) -> 0.0033020792 | T59: =SUM(U59:V59) -> 0.0033020792 | U59: =(Production!L40*(Slaughter_age_DE/365)+SUM(Production!L41:L44))*EF_CH4_manure_DE -> 0.0033020792
A60: A01SP | B60: Chicken fresh meat | C60: Meat and meat products | D60: Germany | E60: DE | F60: N2O | G60: =SUM(H60:T60)+SUM(W60:X60) -> 0.0018609264 | H60: ='N2O per kg feed'!G137*FCR_bonefree_incl_parents_DE-Excreted_N_after_losses_DE*Manure_repl_factor_DE*(EF_min_fert_BAT_N2O*Frac_BAT_DE+EF_min_fert_AN_N2O*Frac_AN_DE) -> 0.00029449449 | I60: ='N2O per kg feed'!H137*FCR_bonefree_incl_parents_DE -> 3.0276799e-06 | J60: ='N2O per kg feed'!I137*FCR_bonefree_incl_parents_DE-Excreted_N_after_losses_DE*Manure_repl_factor_DE*EF_N2O_diff_DE -> 0.0011507977 | K60: =J60*EF_indirect_N2O_DE -> 0.00011507977 | L60: ='N2O per kg feed'!K137*FCR_bonefree_incl_parents_DE -> 2.3266654e-06 | N60: ='N2O per kg feed'!M137*FCR_bonefree_incl_parents_DE -> 5.3674875e-08 | O60: ='N2O per kg feed'!N137*FCR_bonefree_incl_parents_DE -> 4.8448061e-06 | P60: ='N2O per kg feed'!O137*FCR_bonefree_incl_parents_DE -> 0 | Q60: ='N2O per kg feed'!P137*FCR_bonefree_incl_parents_DE -> 5.2083721e-06 | R60: ='N2O per kg feed'!Q137*FCR_bonefree_incl_parents_DE -> 3.2688954e-06 | T60: =SUM(U60:V60) -> 0.00026424513 | U60: =Excreted_N_per_kg_of_bonefree_meat_DE*EF_N2O_manure_direct_DE*44/28 -> 9.7930226e-05 | V60: =(Excreted_N_per_kg_of_bonefree_meat_DE-U60*28/44)*EF_ammonia_DE*EF_N2O_manure_indirect_DE*44/28 -> 0.0001663149 | W60: =Energy_stables_DE/Bonefree_outof_CW_DE*(Share_heating_DE*(Share_biofuels_DE*EF_biofuel_N2O+(1-Share_biofuels_DE)*EF_oil_N2O)+(1-Share_heating_DE)*EF_el_N2O_DE) -> 6.52852e-06 | X60: =(Energy_slaughter_el_DE*EF_el_N2O_DE+Energy_slaughter_oil_DE*EF_oil_N2O)/Bonefree_outof_CW_DE -> 1.1050633e-05
A61: A01SP | B61: Chicken fresh meat | C61: Meat and meat products | D61: Germany | E61: DE | F61: CO2e | G61: =SUM(H61:X61) -> 1.6281702 | H61: =SUMPRODUCT(H57:H60,'Parameters, general'!$B$13:$B$16) -> 0.22779948 | I61: =SUMPRODUCT(I57:I60,'Parameters, general'!$B$13:$B$16) -> 0.090347174 | J61: =SUMPRODUCT(J57:J60,'Parameters, general'!$B$13:$B$16) -> 0.31416778 | K61: =SUMPRODUCT(K57:K60,'Parameters, general'!$B$13:$B$16) -> 0.031416778 | L61: =SUMPRODUCT(L57:L60,'Parameters, general'!$B$13:$B$16) -> 0.088570565 | M61: =SUMPRODUCT(M57:M60,'Parameters, general'!$B$13:$B$16) -> 0 | N61: =SUMPRODUCT(N57:N60,'Parameters, general'!$B$13:$B$16) -> 0.0016049541 | O61: =SUMPRODUCT(O57:O60,'Parameters, general'!$B$13:$B$16) -> 0.13396724 | ... T61: =SUMPRODUCT(T57:T60,'Parameters, general'!$B$13:$B$16) -> 0.16129506 | W61: =SUMPRODUCT(W57:W60,'Parameters, general'!$B$13:$B$16) -> 0.10159751 | X61: =SUMPRODUCT(X57:X60,'Parameters, general'!$B$13:$B$16) -> 0.26514147 | Z61: =SUM(H61:R61) -> 1.1001362 | AA61: ='CO2 per kg feed'!F137+'CH4 per kg feed'!F137*CF_GWP_CH4_fossil+'N2O per kg feed'!F137*CF_GWP_N2O -> 0.42210136
A62: A01SP | B62: Chicken fresh meat | C62: Meat and meat products | D62: Greece | E62: GR | F62: CO2 | G62: =SUM(H62:X62) -> 1.2701078 | H62: ='CO2 per kg feed'!G149*FCR_bonefree_incl_parents_GR-Excreted_N_after_losses_GR*Manure_repl_factor_GR*(EF_min_fert_BAT_CO2*Frac_BAT_GR+EF_min_fert_AN_CO2*Frac_AN_GR) -> 0.07722502 | I62: ='CO2 per kg feed'!H149*FCR_bonefree_incl_parents_GR -> 0.072441039 | J62: ='CO2 per kg feed'!I149*FCR_bonefree_incl_parents_GR -> 0 | L62: ='CO2 per kg feed'!K149*FCR_bonefree_incl_parents_GR -> 0.12418653 | N62: ='CO2 per kg feed'!M149*FCR_bonefree_incl_parents_GR -> 0.022798804 | O62: ='CO2 per kg feed'!N149*FCR_bonefree_incl_parents_GR -> 0.11988509 | P62: ='CO2 per kg feed'!O149*FCR_bonefree_incl_parents_GR -> 0.21074569 | Q62: ='CO2 per kg feed'!P149*FCR_bonefree_incl_parents_GR -> 0.023400018 | R62: ='CO2 per kg feed'!Q149*FCR_bonefree_incl_parents_GR -> 0.16678491 | W62: =Energy_stables_GR/Bonefree_outof_CW_GR*(Share_heating_GR*(Share_biofuels_GR*EF_biofuels_CO2+(1-Share_biofuels_GR)*EF_oil_CO2)+(1-Share_heating_GR)*EF_el_CO2_GR) -> 0.11265954 | X62: =(Energy_slaughter_el_GR*EF_el_CO2_GR+Energy_slaughter_oil_GR*EF_oil_CO2)/Bonefree_outof_CW_GR -> 0.33998118
A63: A01SP | B63: Chicken fresh meat | C63: Meat and meat products | D63: Greece | E63: GR | F63: CH4, fossil | G63: =SUM(H63:X63) -> 0.0017458147 | H63: ='CH4 per kg feed'!G149*FCR_bonefree_incl_parents_GR-Excreted_N_after_losses_GR*Manure_repl_factor_GR*(EF_min_fert_BAT_CH4*Frac_BAT_GR+EF_min_fert_AN_CH4*Frac_AN_GR) -> 0.00015547768 | I63: ='CH4 per kg feed'!H149*FCR_bonefree_incl_parents_GR -> 0.00026535314 | L63: ='CH4 per kg feed'!K149*FCR_bonefree_incl_parents_GR -> 5.5030547e-05 | N63: ='CH4 per kg feed'!M149*FCR_bonefree_incl_parents_GR -> 7.7451555e-05 | O63: ='CH4 per kg feed'!N149*FCR_bonefree_incl_parents_GR -> 9.7128688e-05 | P63: ='CH4 per kg feed'!O149*FCR_bonefree_incl_parents_GR -> 0 | Q63: ='CH4 per kg feed'!P149*FCR_bonefree_incl_parents_GR -> 8.5763304e-05 | R63: ='CH4 per kg feed'!Q149*FCR_bonefree_incl_parents_GR -> 0.00020460508 | W63: =Energy_stables_GR/Bonefree_outof_CW_GR*(Share_heating_GR*(Share_biofuels_GR*EF_biofuel_CH4+(1-Share_biofuels_GR)*EF_oil_CH4)+(1-Share_heating_GR)*EF_el_CH4_GR) -> 0.00014218693 | X63: =(Energy_slaughter_el_GR*EF_el_CH4_GR+Energy_slaughter_oil_GR*EF_oil_CH4)/Bonefree_outof_CW_GR -> 0.00066281778
A64: A01SP | B64: Chicken fresh meat | C64: Meat and meat products | D64: Greece | E64: GR | F64: CH4, biogenic | G64: =SUM(H64:T64)+SUM(W64:X64) -> 0.0033020792 | T64: =SUM(U64:V64) -> 0.0033020792 | U64: =(Production!M40*(Slaughter_age_GR/365)+SUM(Production!M41:M44))*EF_CH4_manure_GR -> 0.0033020792
A65: A01SP | B65: Chicken fresh meat | C65: Meat and meat products | D65: Greece | E65: GR | F65: N2O | G65: =SUM(H65:T65)+SUM(W65:X65) -> 0.00084529818 | H65: ='N2O per kg feed'!G149*FCR_bonefree_incl_parents_GR-Excreted_N_after_losses_GR*Manure_repl_factor_GR*(EF_min_fert_BAT_N2O*Frac_BAT_GR+EF_min_fert_AN_N2O*Frac_AN_GR) -> 0.00017086401 | I65: ='N2O per kg feed'!H149*FCR_bonefree_incl_parents_GR -> 2.7419415e-06 | J65: ='N2O per kg feed'!I149*FCR_bonefree_incl_parents_GR-Excreted_N_after_losses_GR*Manure_repl_factor_GR*EF_N2O_diff_GR -> 0.00039061316 | K65: =J65*EF_indirect_N2O_GR -> 3.9061316e-05 | L65: ='N2O per kg feed'!K149*FCR_bonefree_incl_parents_GR -> 3.3385732e-06 | N65: ='N2O per kg feed'!M149*FCR_bonefree_incl_parents_GR -> 9.5293863e-07 | O65: ='N2O per kg feed'!N149*FCR_bonefree_incl_parents_GR -> 4.2342188e-06 | P65: ='N2O per kg feed'!O149*FCR_bonefree_incl_parents_GR -> 0 | Q65: ='N2O per kg feed'!P149*FCR_bonefree_incl_parents_GR -> 8.9188094e-06 | R65: ='N2O per kg feed'!Q149*FCR_bonefree_incl_parents_GR -> 6.0369677e-06 | T65: =SUM(U65:V65) -> 0.0002001857 | U65: =Excreted_N_per_kg_of_bonefree_meat_GR*EF_N2O_manure_direct_GR*44/28 -> 7.4189565e-05 | V65: =(Excreted_N_per_kg_of_bonefree_meat_GR-U65*28/44)*EF_ammonia_GR*EF_N2O_manure_indirect_GR*44/28 -> 0.00012599614 | W65: =Energy_stables_GR/Bonefree_outof_CW_GR*(Share_heating_GR*(Share_biofuels_GR*EF_biofuel_N2O+(1-Share_biofuels_GR)*EF_oil_N2O)+(1-Share_heating_GR)*EF_el_N2O_GR) -> 6.6434077e-06 | X65: =(Energy_slaughter_el_GR*EF_el_N2O_GR+Energy_slaughter_oil_GR*EF_oil_N2O)/Bonefree_outof_CW_GR -> 1.1707134e-05
A66: A01SP | B66: Chicken fresh meat | C66: Meat and meat products | D66: Greece | E66: GR | F66: CO2e | G66: =SUM(H66:X66) -> 1.6420556 | H66: =SUMPRODUCT(H62:H65,'Parameters, general'!$B$13:$B$16) -> 0.12850413 | I66: =SUMPRODUCT(I62:I65,'Parameters, general'!$B$13:$B$16) -> 0.081097112 | J66: =SUMPRODUCT(J62:J65,'Parameters, general'!$B$13:$B$16) -> 0.10663739 | K66: =SUMPRODUCT(K62:K65,'Parameters, general'!$B$13:$B$16) -> 0.010663739 | L66: =SUMPRODUCT(L62:L65,'Parameters, general'!$B$13:$B$16) -> 0.12673787 | M66: =SUMPRODUCT(M62:M65,'Parameters, general'!$B$13:$B$16) -> 0 | N66: =SUMPRODUCT(N62:N65,'Parameters, general'!$B$13:$B$16) -> 0.025367013 | O66: =SUMPRODUCT(O62:O65,'Parameters, general'!$B$13:$B$16) -> 0.12393547 | ... T66: =SUMPRODUCT(T62:T65,'Parameters, general'!$B$13:$B$16) -> 0.14380684 | W66: =SUMPRODUCT(W62:W65,'Parameters, general'!$B$13:$B$16) -> 0.11871036 | X66: =SUMPRODUCT(X62:X65,'Parameters, general'!$B$13:$B$16) -> 0.3629292 | Z66: =SUM(H66:R66) -> 1.0166092 | AA66: ='CO2 per kg feed'!F149+'CH4 per kg feed'!F149*CF_GWP_CH4_fossil+'N2O per kg feed'!F149*CF_GWP_N2O -> 0.37535001
A67: A01SP | B67: Chicken fresh meat | C67: Meat and meat products | D67: Hungary | E67: HU | F67: CO2 | G67: =SUM(H67:X67) -> 0.94482381 | H67: ='CO2 per kg feed'!G161*FCR_bonefree_incl_parents_HU-Excreted_N_after_losses_HU*Manure_repl_factor_HU*(EF_min_fert_BAT_CO2*Frac_BAT_HU+EF_min_fert_AN_CO2*Frac_AN_HU) -> 0.11976552 | I67: ='CO2 per kg feed'!H161*FCR_bonefree_incl_parents_HU -> 0.079244949 | J67: ='CO2 per kg feed'!I161*FCR_bonefree_incl_parents_HU -> 0 | L67: ='CO2 per kg feed'!K161*FCR_bonefree_incl_parents_HU -> 0.098241512 | N67: ='CO2 per kg feed'!M161*FCR_bonefree_incl_parents_HU -> 0.00064481961 | O67: ='CO2 per kg feed'!N161*FCR_bonefree_incl_parents_HU -> 0.12271005 | P67: ='CO2 per kg feed'!O161*FCR_bonefree_incl_parents_HU -> 0.10270074 | Q67: ='CO2 per kg feed'!P161*FCR_bonefree_incl_parents_HU -> 0.011400364 | R67: ='CO2 per kg feed'!Q161*FCR_bonefree_incl_parents_HU -> 0.081268937 | W67: =Energy_stables_HU/Bonefree_outof_CW_HU*(Share_heating_HU*(Share_biofuels_HU*EF_biofuels_CO2+(1-Share_biofuels_HU)*EF_oil_CO2)+(1-Share_heating_HU)*EF_el_CO2_HU) -> 0.094222168 | X67: =(Energy_slaughter_el_HU*EF_el_CO2_HU+Energy_slaughter_oil_HU*EF_oil_CO2)/Bonefree_outof_CW_HU -> 0.23462475
A68: A01SP | B68: Chicken fresh meat | C68: Meat and meat products | D68: Hungary | E68: HU | F68: CH4, fossil | G68: =SUM(H68:X68) -> 0.0014900731 | H68: ='CH4 per kg feed'!G161*FCR_bonefree_incl_parents_HU-Excreted_N_after_losses_HU*Manure_repl_factor_HU*(EF_min_fert_BAT_CH4*Frac_BAT_HU+EF_min_fert_AN_CH4*Frac_AN_HU) -> 0.00023789943 | I68: ='CH4 per kg feed'!H161*FCR_bonefree_incl_parents_HU -> 0.00029205691 | L68: ='CH4 per kg feed'!K161*FCR_bonefree_incl_parents_HU -> 4.3794602e-05 | N68: ='CH4 per kg feed'!M161*FCR_bonefree_incl_parents_HU -> 3.0300551e-06 | O68: ='CH4 per kg feed'!N161*FCR_bonefree_incl_parents_HU -> 0.00010017622 | P68: ='CH4 per kg feed'!O161*FCR_bonefree_incl_parents_HU -> 0 | Q68: ='CH4 per kg feed'!P161*FCR_bonefree_incl_parents_HU -> 4.1787832e-05 | R68: ='CH4 per kg feed'!Q161*FCR_bonefree_incl_parents_HU -> 6.8054673e-05 | W68: =Energy_stables_HU/Bonefree_outof_CW_HU*(Share_heating_HU*(Share_biofuels_HU*EF_biofuel_CH4+(1-Share_biofuels_HU)*EF_oil_CH4)+(1-Share_heating_HU)*EF_el_CH4_HU) -> 0.00012703545 | X68: =(Energy_slaughter_el_HU*EF_el_CH4_HU+Energy_slaughter_oil_HU*EF_oil_CH4)/Bonefree_outof_CW_HU -> 0.00057623792
A69: A01SP | B69: Chicken fresh meat | C69: Meat and meat products | D69: Hungary | E69: HU | F69: CH4, biogenic | G69: =SUM(H69:T69)+SUM(W69:X69) -> 0.0022013861 | T69: =SUM(U69:V69) -> 0.0022013861 | U69: =(Production!N40*(Slaughter_age_HU/365)+SUM(Production!N41:N44))*EF_CH4_manure_HU -> 0.0022013861
A70: A01SP | B70: Chicken fresh meat | C70: Meat and meat products | D70: Hungary | E70: HU | F70: N2O | G70: =SUM(H70:T70)+SUM(W70:X70) -> 0.0009675764 | H70: ='N2O per kg feed'!G161*FCR_bonefree_incl_parents_HU-Excreted_N_after_losses_HU*Manure_repl_factor_HU*(EF_min_fert_BAT_N2O*Frac_BAT_HU+EF_min_fert_AN_N2O*Frac_AN_HU) -> 0.0002649933 | I70: ='N2O per kg feed'!H161*FCR_bonefree_incl_parents_HU -> 2.9638561e-06 | J70: ='N2O per kg feed'!I161*FCR_bonefree_incl_parents_HU-Excreted_N_after_losses_HU*Manure_repl_factor_HU*EF_N2O_diff_HU -> 0.00042688949 | K70: =J70*EF_indirect_N2O_HU -> 4.2688949e-05 | L70: ='N2O per kg feed'!K161*FCR_bonefree_incl_parents_HU -> 2.6545386e-06 | N70: ='N2O per kg feed'!M161*FCR_bonefree_incl_parents_HU -> 3.7289025e-08 | O70: ='N2O per kg feed'!N161*FCR_bonefree_incl_parents_HU -> 4.3400032e-06 | P70: ='N2O per kg feed'!O161*FCR_bonefree_incl_parents_HU -> 0 | Q70: ='N2O per kg feed'!P161*FCR_bonefree_incl_parents_HU -> 4.345773e-06 | R70: ='N2O per kg feed'!Q161*FCR_bonefree_incl_parents_HU -> 2.9416848e-06 | T70: =SUM(U70:V70) -> 0.00020146462 | U70: =Excreted_N_per_kg_of_bonefree_meat_HU*EF_N2O_manure_direct_HU*44/28 -> 7.4663535e-05 | V70: =(Excreted_N_per_kg_of_bonefree_meat_HU-U70*28/44)*EF_ammonia_HU*EF_N2O_manure_indirect_HU*44/28 -> 0.00012680108 | W70: =Energy_stables_HU/Bonefree_outof_CW_HU*(Share_heating_HU*(Share_biofuels_HU*EF_biofuel_N2O+(1-Share_biofuels_HU)*EF_oil_N2O)+(1-Share_heating_HU)*EF_el_N2O_HU) -> 6.0337176e-06 | X70: =(Energy_slaughter_el_HU*EF_el_N2O_HU+Energy_slaughter_oil_HU*EF_oil_N2O)/Bonefree_outof_CW_HU -> 8.2231906e-06
A71: A01SP | B71: Chicken fresh meat | C71: Meat and meat products | D71: Hungary | E71: HU | F71: CO2e | G71: =SUM(H71:X71) -> 1.3128138 | H71: =SUMPRODUCT(H67:H70,'Parameters, general'!$B$13:$B$16) -> 0.19919809 | I71: =SUMPRODUCT(I67:I70,'Parameters, general'!$B$13:$B$16) -> 0.088757377 | J71: =SUMPRODUCT(J67:J70,'Parameters, general'!$B$13:$B$16) -> 0.11654083 | K71: =SUMPRODUCT(K67:K70,'Parameters, general'!$B$13:$B$16) -> 0.011654083 | L71: =SUMPRODUCT(L67:L70,'Parameters, general'!$B$13:$B$16) -> 0.10027128 | M71: =SUMPRODUCT(M67:M70,'Parameters, general'!$B$13:$B$16) -> 0 | N71: =SUMPRODUCT(N67:N70,'Parameters, general'!$B$13:$B$16) -> 0.00074529516 | O71: =SUMPRODUCT(O67:O70,'Parameters, general'!$B$13:$B$16) -> 0.12688013 | ... T71: =SUMPRODUCT(T67:T70,'Parameters, general'!$B$13:$B$16) -> 0.11443727 | W71: =SUMPRODUCT(W67:W70,'Parameters, general'!$B$13:$B$16) -> 0.099655029 | X71: =SUMPRODUCT(X67:X70,'Parameters, general'!$B$13:$B$16) -> 0.25404157 | Z71: =SUM(H71:R71) -> 0.84467991 | AA71: ='CO2 per kg feed'!F161+'CH4 per kg feed'!F161*CF_GWP_CH4_fossil+'N2O per kg feed'!F161*CF_GWP_N2O -> 0.32328911
A72: A01SP | B72: Chicken fresh meat | C72: Meat and meat products | D72: Ireland | E72: IE | F72: CO2 | G72: =SUM(H72:X72) -> 0.90510556 | H72: ='CO2 per kg feed'!G173*FCR_bonefree_incl_parents_IE-Excreted_N_after_losses_IE*Manure_repl_factor_IE*(EF_min_fert_BAT_CO2*Frac_BAT_IE+EF_min_fert_AN_CO2*Frac_AN_IE) -> 0.073870634 | I72: ='CO2 per kg feed'!H173*FCR_bonefree_incl_parents_IE -> 0.061987143 | J72: ='CO2 per kg feed'!I173*FCR_bonefree_incl_parents_IE -> 0 | L72: ='CO2 per kg feed'!K173*FCR_bonefree_incl_parents_IE -> 0.073289325 | N72: ='CO2 per kg feed'!M173*FCR_bonefree_incl_parents_IE -> 0.00019093931 | O72: ='CO2 per kg feed'!N173*FCR_bonefree_incl_parents_IE -> 0.097908903 | P72: ='CO2 per kg feed'!O173*FCR_bonefree_incl_parents_IE -> 0.14537906 | Q72: ='CO2 per kg feed'!P173*FCR_bonefree_incl_parents_IE -> 0.021179504 | R72: ='CO2 per kg feed'!Q173*FCR_bonefree_incl_parents_IE -> 0.13009148 | W72: =Energy_stables_IE/Bonefree_outof_CW_IE*(Share_heating_IE*(Share_biofuels_IE*EF_biofuels_CO2+(1-Share_biofuels_IE)*EF_oil_CO2)+(1-Share_heating_IE)*EF_el_CO2_IE) -> 0.090105819 | X72: =(Energy_slaughter_el_IE*EF_el_CO2_IE+Energy_slaughter_oil_IE*EF_oil_CO2)/Bonefree_outof_CW_IE -> 0.21110276
A73: A01SP | B73: Chicken fresh meat | C73: Meat and meat products | D73: Ireland | E73: IE | F73: CH4, fossil | G73: =SUM(H73:X73) -> 0.00092381804 | H73: ='CH4 per kg feed'!G173*FCR_bonefree_incl_parents_IE-Excreted_N_after_losses_IE*Manure_repl_factor_IE*(EF_min_fert_BAT_CH4*Frac_BAT_IE+EF_min_fert_AN_CH4*Frac_AN_IE) -> 0.00013352964 | I73: ='CH4 per kg feed'!H173*FCR_bonefree_incl_parents_IE -> 0.00022691612 | L73: ='CH4 per kg feed'!K173*FCR_bonefree_incl_parents_IE -> 3.2220328e-05 | N73: ='CH4 per kg feed'!M173*FCR_bonefree_incl_parents_IE -> 1.5062731e-06 | O73: ='CH4 per kg feed'!N173*FCR_bonefree_incl_parents_IE -> 5.4757723e-05 | P73: ='CH4 per kg feed'!O173*FCR_bonefree_incl_parents_IE -> 0 | Q73: ='CH4 per kg feed'!P173*FCR_bonefree_incl_parents_IE -> 7.0098587e-05 | R73: ='CH4 per kg feed'!Q173*FCR_bonefree_incl_parents_IE -> 0.00011745742 | W73: =Energy_stables_IE/Bonefree_outof_CW_IE*(Share_heating_IE*(Share_biofuels_IE*EF_biofuel_CH4+(1-Share_biofuels_IE)*EF_oil_CH4)+(1-Share_heating_IE)*EF_el_CH4_IE) -> 6.5086732e-05 | X73: =(Energy_slaughter_el_IE*EF_el_CH4_IE+Energy_slaughter_oil_IE*EF_oil_CH4)/Bonefree_outof_CW_IE -> 0.00022224522
A74: A01SP | B74: Chicken fresh meat | C74: Meat and meat products | D74: Ireland | E74: IE | F74: CH4, biogenic | G74: =SUM(H74:T74)+SUM(W74:X74) -> 0.0023114555 | T74: =SUM(U74:V74) -> 0.0023114555 | U74: =(Production!O40*(Slaughter_age_IE/365)+SUM(Production!O41:O44))*EF_CH4_manure_IE -> 0.0023114555
A75: A01SP | B75: Chicken fresh meat | C75: Meat and meat products | D75: Ireland | E75: IE | F75: N2O | G75: =SUM(H75:T75)+SUM(W75:X75) -> 0.0014786289 | H75: ='N2O per kg feed'!G173*FCR_bonefree_incl_parents_IE-Excreted_N_after_losses_IE*Manure_repl_factor_IE*(EF_min_fert_BAT_N2O*Frac_BAT_IE+EF_min_fert_AN_N2O*Frac_AN_IE) -> 0.00015463417 | I75: ='N2O per kg feed'!H173*FCR_bonefree_incl_parents_IE -> 2.349138e-06 | J75: ='N2O per kg feed'!I173*FCR_bonefree_incl_parents_IE-Excreted_N_after_losses_IE*Manure_repl_factor_IE*EF_N2O_diff_IE -> 0.0009696262 | K75: =J75*EF_indirect_N2O_IE -> 9.696262e-05 | L75: ='N2O per kg feed'!K173*FCR_bonefree_incl_parents_IE -> 1.9522284e-06 | N75: ='N2O per kg feed'!M173*FCR_bonefree_incl_parents_IE -> 1.8527425e-08 | O75: ='N2O per kg feed'!N173*FCR_bonefree_incl_parents_IE -> 3.4955066e-06 | P75: ='N2O per kg feed'!O173*FCR_bonefree_incl_parents_IE -> 0 | Q75: ='N2O per kg feed'!P173*FCR_bonefree_incl_parents_IE -> 7.0878959e-06 | R75: ='N2O per kg feed'!Q173*FCR_bonefree_incl_parents_IE -> 4.5993798e-06 | T75: =SUM(U75:V75) -> 0.00022420799 | U75: =Excreted_N_per_kg_of_bonefree_meat_IE*EF_N2O_manure_direct_IE*44/28 -> 8.3092313e-05 | V75: =(Excreted_N_per_kg_of_bonefree_meat_IE-U75*28/44)*EF_ammonia_IE*EF_N2O_manure_indirect_IE*44/28 -> 0.00014111568 | W75: =Energy_stables_IE/Bonefree_outof_CW_IE*(Share_heating_IE*(Share_biofuels_IE*EF_biofuel_N2O+(1-Share_biofuels_IE)*EF_oil_N2O)+(1-Share_heating_IE)*EF_el_N2O_IE) -> 5.9500683e-06 | X75: =(Energy_slaughter_el_IE*EF_el_N2O_IE+Energy_slaughter_oil_IE*EF_oil_N2O)/Bonefree_outof_CW_IE -> 7.7451942e-06
A76: A01SP | B76: Chicken fresh meat | C76: Meat and meat products | D76: Ireland | E76: IE | F76: CO2e | G76: =SUM(H76:X76) -> 1.3987103 | H76: =SUMPRODUCT(H72:H75,'Parameters, general'!$B$13:$B$16) -> 0.12006494 | I76: =SUMPRODUCT(I72:I75,'Parameters, general'!$B$13:$B$16) -> 0.069390558 | J76: =SUMPRODUCT(J72:J75,'Parameters, general'!$B$13:$B$16) -> 0.26470795 | K76: =SUMPRODUCT(K72:K75,'Parameters, general'!$B$13:$B$16) -> 0.026470795 | L76: =SUMPRODUCT(L72:L75,'Parameters, general'!$B$13:$B$16) -> 0.074782449 | M76: =SUMPRODUCT(M72:M75,'Parameters, general'!$B$13:$B$16) -> 0 | N76: =SUMPRODUCT(N72:N75,'Parameters, general'!$B$13:$B$16) -> 0.00024088423 | O76: =SUMPRODUCT(O72:O75,'Parameters, general'!$B$13:$B$16) -> 0.10049496 | ... T76: =SUMPRODUCT(T72:T75,'Parameters, general'!$B$13:$B$16) -> 0.12361808 | W76: =SUMPRODUCT(W72:W75,'Parameters, general'!$B$13:$B$16) -> 0.093669772 | X76: =SUMPRODUCT(X72:X75,'Parameters, general'!$B$13:$B$16) -> 0.2198401 | Z76: =SUM(H76:R76) -> 0.96158237 | AA76: ='CO2 per kg feed'!F173+'CH4 per kg feed'!F173*CF_GWP_CH4_fossil+'N2O per kg feed'!F173*CF_GWP_N2O -> 0.36652169
A77: A01SP | B77: Chicken fresh meat | C77: Meat and meat products | D77: Italy | E77: IT | F77: CO2 | G77: =SUM(H77:X77) -> 0.94113879 | H77: ='CO2 per kg feed'!G185*FCR_bonefree_incl_parents_IT-Excreted_N_after_losses_IT*Manure_repl_factor_IT*(EF_min_fert_BAT_CO2*Frac_BAT_IT+EF_min_fert_AN_CO2*Frac_AN_IT) -> 0.12143611 | I77: ='CO2 per kg feed'!H185*FCR_bonefree_incl_parents_IT -> 0.074152094 | J77: ='CO2 per kg feed'!I185*FCR_bonefree_incl_parents_IT -> 0 | L77: ='CO2 per kg feed'!K185*FCR_bonefree_incl_parents_IT -> 0.093443167 | N77: ='CO2 per kg feed'!M185*FCR_bonefree_incl_parents_IT -> 0.013844658 | O77: ='CO2 per kg feed'!N185*FCR_bonefree_incl_parents_IT -> 0.11284311 | P77: ='CO2 per kg feed'!O185*FCR_bonefree_incl_parents_IT -> 0.12172101 | Q77: ='CO2 per kg feed'!P185*FCR_bonefree_incl_parents_IT -> 0.013797801 | R77: ='CO2 per kg feed'!Q185*FCR_bonefree_incl_parents_IT -> 0.097174036 | W77: =Energy_stables_IT/Bonefree_outof_CW_IT*(Share_heating_IT*(Share_biofuels_IT*EF_biofuels_CO2+(1-Share_biofuels_IT)*EF_oil_CO2)+(1-Share_heating_IT)*EF_el_CO2_IT) -> 0.088842576 | X77: =(Energy_slaughter_el_IT*EF_el_CO2_IT+Energy_slaughter_oil_IT*EF_oil_CO2)/Bonefree_outof_CW_IT -> 0.20388423
A78: A01SP | B78: Chicken fresh meat | C78: Meat and meat products | D78: Italy | E78: IT | F78: CH4, fossil | G78: =SUM(H78:X78) -> 0.0019482909 | H78: ='CH4 per kg feed'!G185*FCR_bonefree_incl_parents_IT-Excreted_N_after_losses_IT*Manure_repl_factor_IT*(EF_min_fert_BAT_CH4*Frac_BAT_IT+EF_min_fert_AN_CH4*Frac_AN_IT) -> 0.0002375859 | I78: ='CH4 per kg feed'!H185*FCR_bonefree_incl_parents_IT -> 0.00027275231 | L78: ='CH4 per kg feed'!K185*FCR_bonefree_incl_parents_IT -> 4.1352627e-05 | N78: ='CH4 per kg feed'!M185*FCR_bonefree_incl_parents_IT -> 4.3731438e-05 | O78: ='CH4 per kg feed'!N185*FCR_bonefree_incl_parents_IT -> 0.00011907303 | P78: ='CH4 per kg feed'!O185*FCR_bonefree_incl_parents_IT -> 0 | Q78: ='CH4 per kg feed'!P185*FCR_bonefree_incl_parents_IT -> 5.014806e-05 | R78: ='CH4 per kg feed'!Q185*FCR_bonefree_incl_parents_IT -> 0.0001511309 | W78: =Energy_stables_IT/Bonefree_outof_CW_IT*(Share_heating_IT*(Share_biofuels_IT*EF_biofuel_CH4+(1-Share_biofuels_IT)*EF_oil_CH4)+(1-Share_heating_IT)*EF_el_CH4_IT) -> 0.00017607168 | X78: =(Energy_slaughter_el_IT*EF_el_CH4_IT+Energy_slaughter_oil_IT*EF_oil_CH4)/Bonefree_outof_CW_IT -> 0.0008564449
A79: A01SP | B79: Chicken fresh meat | C79: Meat and meat products | D79: Italy | E79: IT | F79: CH4, biogenic | G79: =SUM(H79:T79)+SUM(W79:X79) -> 0.0022013861 | T79: =SUM(U79:V79) -> 0.0022013861 | U79: =(Production!P40*(Slaughter_age_IT/365)+SUM(Production!P41:P44))*EF_CH4_manure_IT -> 0.0022013861
A80: A01SP | B80: Chicken fresh meat | C80: Meat and meat products | D80: Italy | E80: IT | F80: N2O | G80: =SUM(H80:T80)+SUM(W80:X80) -> 0.00095162992 | H80: ='N2O per kg feed'!G185*FCR_bonefree_incl_parents_IT-Excreted_N_after_losses_IT*Manure_repl_factor_IT*(EF_min_fert_BAT_N2O*Frac_BAT_IT+EF_min_fert_AN_N2O*Frac_AN_IT) -> 0.000266465 | I80: ='N2O per kg feed'!H185*FCR_bonefree_incl_parents_IT -> 2.7840753e-06 | J80: ='N2O per kg feed'!I185*FCR_bonefree_incl_parents_IT-Excreted_N_after_losses_IT*Manure_repl_factor_IT*EF_N2O_diff_IT -> 0.00045442318 | K80: =J80*EF_indirect_N2O_IT -> 4.5442318e-05 | L80: ='N2O per kg feed'!K185*FCR_bonefree_incl_parents_IT -> 2.5072242e-06 | N80: ='N2O per kg feed'!M185*FCR_bonefree_incl_parents_IT -> 5.3832493e-07 | O80: ='N2O per kg feed'!N185*FCR_bonefree_incl_parents_IT -> 4.1265528e-06 | P80: ='N2O per kg feed'!O185*FCR_bonefree_incl_parents_IT -> 0 | Q80: ='N2O per kg feed'!P185*FCR_bonefree_incl_parents_IT -> 5.2037372e-06 | R80: ='N2O per kg feed'!Q185*FCR_bonefree_incl_parents_IT -> 3.5111852e-06 | T80: =SUM(U80:V80) -> 0.00015168032 | U80: =Excreted_N_per_kg_of_bonefree_meat_IT*EF_N2O_manure_direct_IT*44/28 -> 5.6213288e-05 | V80: =(Excreted_N_per_kg_of_bonefree_meat_IT-U80*28/44)*EF_ammonia_IT*EF_N2O_manure_indirect_IT*44/28 -> 9.5467027e-05 | W80: =Energy_stables_IT/Bonefree_outof_CW_IT*(Share_heating_IT*(Share_biofuels_IT*EF_biofuel_N2O+(1-Share_biofuels_IT)*EF_oil_N2O)+(1-Share_heating_IT)*EF_el_N2O_IT) -> 6.1366469e-06 | X80: =(Energy_slaughter_el_IT*EF_el_N2O_IT+Energy_slaughter_oil_IT*EF_oil_N2O)/Bonefree_outof_CW_IT -> 8.8113577e-06
A81: A01SP | B81: Chicken fresh meat | C81: Meat and meat products | D81: Italy | E81: IT | F81: CO2e | G81: =SUM(H81:X81) -> 1.3184303 | H81: =SUMPRODUCT(H77:H80,'Parameters, general'!$B$13:$B$16) -> 0.20126111 | I81: =SUMPRODUCT(I77:I80,'Parameters, general'!$B$13:$B$16) -> 0.083040166 | J81: =SUMPRODUCT(J77:J80,'Parameters, general'!$B$13:$B$16) -> 0.12405753 | K81: =SUMPRODUCT(K77:K80,'Parameters, general'!$B$13:$B$16) -> 0.012405753 | L81: =SUMPRODUCT(L77:L80,'Parameters, general'!$B$13:$B$16) -> 0.095359948 | M81: =SUMPRODUCT(M77:M80,'Parameters, general'!$B$13:$B$16) -> 0 | N81: =SUMPRODUCT(N77:N80,'Parameters, general'!$B$13:$B$16) -> 0.015294818 | O81: =SUMPRODUCT(O77:O80,'Parameters, general'!$B$13:$B$16) -> 0.11751804 | ... T81: =SUMPRODUCT(T77:T80,'Parameters, general'!$B$13:$B$16) -> 0.10084615 | W81: =SUMPRODUCT(W77:W80,'Parameters, general'!$B$13:$B$16) -> 0.095764816 | X81: =SUMPRODUCT(X77:X80,'Parameters, general'!$B$13:$B$16) -> 0.23181178 | Z81: =SUM(H81:R81) -> 0.8900075 | AA81: ='CO2 per kg feed'!F185+'CH4 per kg feed'!F185*CF_GWP_CH4_fossil+'N2O per kg feed'!F185*CF_GWP_N2O -> 0.32060947
A82: A01SP | B82: Chicken fresh meat | C82: Meat and meat products | D82: Latvia | E82: LV | F82: CO2 | G82: =SUM(H82:X82) -> 1.0047267 | H82: ='CO2 per kg feed'!G197*FCR_bonefree_incl_parents_LV-Excreted_N_after_losses_LV*Manure_repl_factor_LV*(EF_min_fert_BAT_CO2*Frac_BAT_LV+EF_min_fert_AN_CO2*Frac_AN_LV) -> 0.12917014 | I82: ='CO2 per kg feed'!H197*FCR_bonefree_incl_parents_LV -> 0.065093013 | J82: ='CO2 per kg feed'!I197*FCR_bonefree_incl_parents_LV -> 0 | L82: ='CO2 per kg feed'!K197*FCR_bonefree_incl_parents_LV -> 0.087913064 | N82: ='CO2 per kg feed'!M197*FCR_bonefree_incl_parents_LV -> 0.0001274767 | O82: ='CO2 per kg feed'!N197*FCR_bonefree_incl_parents_LV -> 0.092658938 | P82: ='CO2 per kg feed'!O197*FCR_bonefree_incl_parents_LV -> 0.082337115 | Q82: ='CO2 per kg feed'!P197*FCR_bonefree_incl_parents_LV -> 0.016808949 | R82: ='CO2 per kg feed'!Q197*FCR_bonefree_incl_parents_LV -> 0.088048865 | W82: =Energy_stables_LV/Bonefree_outof_CW_LV*(Share_heating_LV*(Share_biofuels_LV*EF_biofuels_CO2+(1-Share_biofuels_LV)*EF_oil_CO2)+(1-Share_heating_LV)*EF_el_CO2_LV) -> 0.11115951 | X82: =(Energy_slaughter_el_LV*EF_el_CO2_LV+Energy_slaughter_oil_LV*EF_oil_CO2)/Bonefree_outof_CW_LV -> 0.33140958
A83: A01SP | B83: Chicken fresh meat | C83: Meat and meat products | D83: Latvia | E83: LV | F83: CH4, fossil | G83: =SUM(H83:X83) -> 0.0019934818 | H83: ='CH4 per kg feed'!G197*FCR_bonefree_incl_parents_LV-Excreted_N_after_losses_LV*Manure_repl_factor_LV*(EF_min_fert_BAT_CH4*Frac_BAT_LV+EF_min_fert_AN_CH4*Frac_AN_LV) -> 0.00017198101 | I83: ='CH4 per kg feed'!H197*FCR_bonefree_incl_parents_LV -> 0.0002930079 | L83: ='CH4 per kg feed'!K197*FCR_bonefree_incl_parents_LV -> 3.7165597e-05 | N83: ='CH4 per kg feed'!M197*FCR_bonefree_incl_parents_LV -> 2.7669314e-07 | O83: ='CH4 per kg feed'!N197*FCR_bonefree_incl_parents_LV -> 3.460284e-05 | P83: ='CH4 per kg feed'!O197*FCR_bonefree_incl_parents_LV -> 8.1775775e-06 | Q83: ='CH4 per kg feed'!P197*FCR_bonefree_incl_parents_LV -> 5.4175042e-05 | R83: ='CH4 per kg feed'!Q197*FCR_bonefree_incl_parents_LV -> 5.4440127e-05 | W83: =Energy_stables_LV/Bonefree_outof_CW_LV*(Share_heating_LV*(Share_biofuels_LV*EF_biofuel_CH4+(1-Share_biofuels_LV)*EF_oil_CH4)+(1-Share_heating_LV)*EF_el_CH4_LV) -> 0.00022181569 | X83: =(Energy_slaughter_el_LV*EF_el_CH4_LV+Energy_slaughter_oil_LV*EF_oil_CH4)/Bonefree_outof_CW_LV -> 0.0011178393
A84: A01SP | B84: Chicken fresh meat | C84: Meat and meat products | D84: Latvia | E84: LV | F84: CH4, biogenic | G84: =SUM(H84:T84)+SUM(W84:X84) -> 0.0022013861 | T84: =SUM(U84:V84) -> 0.0022013861 | U84: =(Production!Q40*(Slaughter_age_LV/365)+SUM(Production!Q41:Q44))*EF_CH4_manure_LV -> 0.0022013861
A85: A01SP | B85: Chicken fresh meat | C85: Meat and meat products | D85: Latvia | E85: LV | F85: N2O | G85: =SUM(H85:T85)+SUM(W85:X85) -> 0.0019141873 | H85: ='N2O per kg feed'!G197*FCR_bonefree_incl_parents_LV-Excreted_N_after_losses_LV*Manure_repl_factor_LV*(EF_min_fert_BAT_N2O*Frac_BAT_LV+EF_min_fert_AN_N2O*Frac_AN_LV) -> 0.00025105964 | I85: ='N2O per kg feed'!H197*FCR_bonefree_incl_parents_LV -> 2.6519376e-06 | J85: ='N2O per kg feed'!I197*FCR_bonefree_incl_parents_LV-Excreted_N_after_losses_LV*Manure_repl_factor_LV*EF_N2O_diff_LV -> 0.0013616413 | K85: =J85*EF_indirect_N2O_LV -> 0.00013616413 | L85: ='N2O per kg feed'!K197*FCR_bonefree_incl_parents_LV -> 2.3622583e-06 | N85: ='N2O per kg feed'!M197*FCR_bonefree_incl_parents_LV -> 5.2469314e-09 | O85: ='N2O per kg feed'!N197*FCR_bonefree_incl_parents_LV -> 3.156081e-06 | P85: ='N2O per kg feed'!O197*FCR_bonefree_incl_parents_LV -> 0 | Q85: ='N2O per kg feed'!P197*FCR_bonefree_incl_parents_LV -> 4.9081836e-06 | R85: ='N2O per kg feed'!Q197*FCR_bonefree_incl_parents_LV -> 3.0204844e-06 | T85: =SUM(U85:V85) -> 0.00012390587 | U85: =Excreted_N_per_kg_of_bonefree_meat_LV*EF_N2O_manure_direct_LV*44/28 -> 4.5919976e-05 | V85: =(Excreted_N_per_kg_of_bonefree_meat_LV-U85*28/44)*EF_ammonia_LV*EF_N2O_manure_indirect_LV*44/28 -> 7.7985895e-05 | W85: =Energy_stables_LV/Bonefree_outof_CW_LV*(Share_heating_LV*(Share_biofuels_LV*EF_biofuel_N2O+(1-Share_biofuels_LV)*EF_oil_N2O)+(1-Share_heating_LV)*EF_el_N2O_LV) -> 7.6802463e-06 | X85: =(Energy_slaughter_el_LV*EF_el_N2O_LV+Energy_slaughter_oil_LV*EF_oil_N2O)/Bonefree_outof_CW_LV -> 1.7631926e-05
A86: A01SP | B86: Chicken fresh meat | C86: Meat and meat products | D86: Latvia | E86: LV | F86: CO2e | G86: =SUM(H86:X86) -> 1.646143 | H86: =SUMPRODUCT(H82:H85,'Parameters, general'!$B$13:$B$16) -> 0.20283446 | I86: =SUMPRODUCT(I82:I85,'Parameters, general'!$B$13:$B$16) -> 0.074548628 | J86: =SUMPRODUCT(J82:J85,'Parameters, general'!$B$13:$B$16) -> 0.37172807 | K86: =SUMPRODUCT(K82:K85,'Parameters, general'!$B$13:$B$16) -> 0.037172807 | L86: =SUMPRODUCT(L82:L85,'Parameters, general'!$B$13:$B$16) -> 0.089665495 | M86: =SUMPRODUCT(M82:M85,'Parameters, general'!$B$13:$B$16) -> 0 | N86: =SUMPRODUCT(N82:N85,'Parameters, general'!$B$13:$B$16) -> 0.00013715457 | O86: =SUMPRODUCT(O82:O85,'Parameters, general'!$B$13:$B$16) -> 0.094551713 | ... T86: =SUMPRODUCT(T82:T85,'Parameters, general'!$B$13:$B$16) -> 0.093263729 | W86: =SUMPRODUCT(W82:W85,'Parameters, general'!$B$13:$B$16) -> 0.11986633 | X86: =SUMPRODUCT(X82:X85,'Parameters, general'!$B$13:$B$16) -> 0.36953471 | Z86: =SUM(H86:R86) -> 1.0634782 | AA86: ='CO2 per kg feed'!F197+'CH4 per kg feed'!F197*CF_GWP_CH4_fossil+'N2O per kg feed'!F197*CF_GWP_N2O -> 0.36454895
A87: A01SP | B87: Chicken fresh meat | C87: Meat and meat products | D87: Lithuania | E87: LT | F87: CO2 | G87: =SUM(H87:X87) -> 1.0488961 | H87: ='CO2 per kg feed'!G209*FCR_bonefree_incl_parents_LT-Excreted_N_after_losses_LT*Manure_repl_factor_LT*(EF_min_fert_BAT_CO2*Frac_BAT_LT+EF_min_fert_AN_CO2*Frac_AN_LT) -> 0.11299936 | I87: ='CO2 per kg feed'!H209*FCR_bonefree_incl_parents_LT -> 0.073618213 | J87: ='CO2 per kg feed'!I209*FCR_bonefree_incl_parents_LT -> 0 | L87: ='CO2 per kg feed'!K209*FCR_bonefree_incl_parents_LT -> 0.10378856 | N87: ='CO2 per kg feed'!M209*FCR_bonefree_incl_parents_LT -> 0.00011777347 | O87: ='CO2 per kg feed'!N209*FCR_bonefree_incl_parents_LT -> 0.09944263 | P87: ='CO2 per kg feed'!O209*FCR_bonefree_incl_parents_LT -> 0.14708458 | Q87: ='CO2 per kg feed'!P209*FCR_bonefree_incl_parents_LT -> 0.018861409 | R87: ='CO2 per kg feed'!Q209*FCR_bonefree_incl_parents_LT -> 0.12395584 | W87: =Energy_stables_LT/Bonefree_outof_CW_LT*(Share_heating_LT*(Share_biofuels_LT*EF_biofuels_CO2+(1-Share_biofuels_LT)*EF_oil_CO2)+(1-Share_heating_LT)*EF_el_CO2_LT) -> 0.10020654 | X87: =(Energy_slaughter_el_LT*EF_el_CO2_LT+Energy_slaughter_oil_LT*EF_oil_CO2)/Bonefree_outof_CW_LT -> 0.26882115
A88: A01SP | B88: Chicken fresh meat | C88: Meat and meat products | D88: Lithuania | E88: LT | F88: CH4, fossil | G88: =SUM(H88:X88) -> 0.0016311933 | H88: ='CH4 per kg feed'!G209*FCR_bonefree_incl_parents_LT-Excreted_N_after_losses_LT*Manure_repl_factor_LT*(EF_min_fert_BAT_CH4*Frac_BAT_LT+EF_min_fert_AN_CH4*Frac_AN_LT) -> 0.00012879757 | I88: ='CH4 per kg feed'!H209*FCR_bonefree_incl_parents_LT -> 0.00028542203 | L88: ='CH4 per kg feed'!K209*FCR_bonefree_incl_parents_LT -> 4.5867208e-05 | N88: ='CH4 per kg feed'!M209*FCR_bonefree_incl_parents_LT -> 3.3201733e-07 | O88: ='CH4 per kg feed'!N209*FCR_bonefree_incl_parents_LT -> 4.0915752e-05 | P88: ='CH4 per kg feed'!O209*FCR_bonefree_incl_parents_LT -> 2.7467392e-06 | Q88: ='CH4 per kg feed'!P209*FCR_bonefree_incl_parents_LT -> 6.6700274e-05 | R88: ='CH4 per kg feed'!Q209*FCR_bonefree_incl_parents_LT -> 9.7250228e-05 | W88: =Energy_stables_LT/Bonefree_outof_CW_LT*(Share_heating_LT*(Share_biofuels_LT*EF_biofuel_CH4+(1-Share_biofuels_LT)*EF_oil_CH4)+(1-Share_heating_LT)*EF_el_CH4_LT) -> 0.00016574219 | X88: =(Energy_slaughter_el_LT*EF_el_CH4_LT+Energy_slaughter_oil_LT*EF_oil_CH4)/Bonefree_outof_CW_LT -> 0.00079741925
A89: A01SP | B89: Chicken fresh meat | C89: Meat and meat products | D89: Lithuania | E89: LT | F89: CH4, biogenic | G89: =SUM(H89:T89)+SUM(W89:X89) -> 0.0022013861 | T89: =SUM(U89:V89) -> 0.0022013861 | U89: =(Production!R40*(Slaughter_age_LT/365)+SUM(Production!R41:R44))*EF_CH4_manure_LT -> 0.0022013861
A90: A01SP | B90: Chicken fresh meat | C90: Meat and meat products | D90: Lithuania | E90: LT | F90: N2O | G90: =SUM(H90:T90)+SUM(W90:X90) -> 0.001930363 | H90: ='N2O per kg feed'!G209*FCR_bonefree_incl_parents_LT-Excreted_N_after_losses_LT*Manure_repl_factor_LT*(EF_min_fert_BAT_N2O*Frac_BAT_LT+EF_min_fert_AN_N2O*Frac_AN_LT) -> 0.0002269491 | I90: ='N2O per kg feed'!H209*FCR_bonefree_incl_parents_LT -> 2.9992605e-06 | J90: ='N2O per kg feed'!I209*FCR_bonefree_incl_parents_LT-Excreted_N_after_losses_LT*Manure_repl_factor_LT*EF_N2O_diff_LT -> 0.0013940229 | K90: =J90*EF_indirect_N2O_LT -> 0.00013940229 | L90: ='N2O per kg feed'!K209*FCR_bonefree_incl_parents_LT -> 2.788839e-06 | N90: ='N2O per kg feed'!M209*FCR_bonefree_incl_parents_LT -> 4.847547e-09 | O90: ='N2O per kg feed'!N209*FCR_bonefree_incl_parents_LT -> 3.3934949e-06 | P90: ='N2O per kg feed'!O209*FCR_bonefree_incl_parents_LT -> 0 | Q90: ='N2O per kg feed'!P209*FCR_bonefree_incl_parents_LT -> 6.6944537e-06 | R90: ='N2O per kg feed'!Q209*FCR_bonefree_incl_parents_LT -> 4.4317629e-06 | T90: =SUM(U90:V90) -> 0.00012390587 | U90: =Excreted_N_per_kg_of_bonefree_meat_LT*EF_N2O_manure_direct_LT*44/28 -> 4.5919976e-05 | V90: =(Excreted_N_per_kg_of_bonefree_meat_LT-U90*28/44)*EF_ammonia_LT*EF_N2O_manure_indirect_LT*44/28 -> 7.7985895e-05 | W90: =Energy_stables_LT/Bonefree_outof_CW_LT*(Share_heating_LT*(Share_biofuels_LT*EF_biofuel_N2O+(1-Share_biofuels_LT)*EF_oil_N2O)+(1-Share_heating_LT)*EF_el_N2O_LT) -> 7.7484575e-06 | X90: =(Energy_slaughter_el_LT*EF_el_N2O_LT+Energy_slaughter_oil_LT*EF_oil_N2O)/Bonefree_outof_CW_LT -> 1.8021704e-05
A91: A01SP | B91: Chicken fresh meat | C91: Meat and meat products | D91: Lithuania | E91: LT | F91: CO2e | G91: =SUM(H91:X91) -> 1.6839321 | H91: =SUMPRODUCT(H87:H90,'Parameters, general'!$B$13:$B$16) -> 0.17879463 | I91: =SUMPRODUCT(I87:I90,'Parameters, general'!$B$13:$B$16) -> 0.082942588 | J91: =SUMPRODUCT(J87:J90,'Parameters, general'!$B$13:$B$16) -> 0.38056826 | K91: =SUMPRODUCT(K87:K90,'Parameters, general'!$B$13:$B$16) -> 0.038056826 | L91: =SUMPRODUCT(L87:L90,'Parameters, general'!$B$13:$B$16) -> 0.10591675 | M91: =SUMPRODUCT(M87:M90,'Parameters, general'!$B$13:$B$16) -> 0 | N91: =SUMPRODUCT(N87:N90,'Parameters, general'!$B$13:$B$16) -> 0.00012899096 | O91: =SUMPRODUCT(O87:O90,'Parameters, general'!$B$13:$B$16) -> 0.10158834 | ... T91: =SUMPRODUCT(T87:T90,'Parameters, general'!$B$13:$B$16) -> 0.093263729 | W91: =SUMPRODUCT(W87:W90,'Parameters, general'!$B$13:$B$16) -> 0.10726098 | X91: =SUMPRODUCT(X87:X90,'Parameters, general'!$B$13:$B$16) -> 0.29750417 | Z91: =SUM(H91:R91) -> 1.1859033 | AA91: ='CO2 per kg feed'!F209+'CH4 per kg feed'!F209*CF_GWP_CH4_fossil+'N2O per kg feed'!F209*CF_GWP_N2O -> 0.40185968
A92: A01SP | B92: Chicken fresh meat | C92: Meat and meat products | D92: Malta | E92: MT | F92: CO2 | G92: =SUM(H92:X92) -> 1.1042139 | H92: ='CO2 per kg feed'!G221*FCR_bonefree_incl_parents_MT-Excreted_N_after_losses_MT*Manure_repl_factor_MT*(EF_min_fert_BAT_CO2*Frac_BAT_MT+EF_min_fert_AN_CO2*Frac_AN_MT) -> 0.11127939 | I92: ='CO2 per kg feed'!H221*FCR_bonefree_incl_parents_MT -> 0.079586896 | J92: ='CO2 per kg feed'!I221*FCR_bonefree_incl_parents_MT -> 0 | L92: ='CO2 per kg feed'!K221*FCR_bonefree_incl_parents_MT -> 0.10672243 | N92: ='CO2 per kg feed'!M221*FCR_bonefree_incl_parents_MT -> 0.00012255013 | O92: ='CO2 per kg feed'!N221*FCR_bonefree_incl_parents_MT -> 0.10487976 | P92: ='CO2 per kg feed'!O221*FCR_bonefree_incl_parents_MT -> 0.20819033 | Q92: ='CO2 per kg feed'!P221*FCR_bonefree_incl_parents_MT -> 0.02303753 | R92: ='CO2 per kg feed'!Q221*FCR_bonefree_incl_parents_MT -> 0.16452749 | W92: =Energy_stables_MT/Bonefree_outof_CW_MT*(Share_heating_MT*(Share_biofuels_MT*EF_biofuels_CO2+(1-Share_biofuels_MT)*EF_oil_CO2)+(1-Share_heating_MT)*EF_el_CO2_MT) -> 0.090799709 | X92: =(Energy_slaughter_el_MT*EF_el_CO2_MT+Energy_slaughter_oil_MT*EF_oil_CO2)/Bonefree_outof_CW_MT -> 0.21506784
A93: A01SP | B93: Chicken fresh meat | C93: Meat and meat products | D93: Malta | E93: MT | F93: CH4, fossil | G93: =SUM(H93:X93) -> 0.0019325333 | H93: ='CH4 per kg feed'!G221*FCR_bonefree_incl_parents_MT-Excreted_N_after_losses_MT*Manure_repl_factor_MT*(EF_min_fert_BAT_CH4*Frac_BAT_MT+EF_min_fert_AN_CH4*Frac_AN_MT) -> 0.00011513853 | I93: ='CH4 per kg feed'!H221*FCR_bonefree_incl_parents_MT -> 0.00028262284 | L93: ='CH4 per kg feed'!K221*FCR_bonefree_incl_parents_MT -> 4.7263856e-05 | N93: ='CH4 per kg feed'!M221*FCR_bonefree_incl_parents_MT -> 4.0378171e-07 | O93: ='CH4 per kg feed'!N221*FCR_bonefree_incl_parents_MT -> 4.5813024e-05 | P93: ='CH4 per kg feed'!O221*FCR_bonefree_incl_parents_MT -> 1.5245172e-06 | Q93: ='CH4 per kg feed'!P221*FCR_bonefree_incl_parents_MT -> 8.4552419e-05 | R93: ='CH4 per kg feed'!Q221*FCR_bonefree_incl_parents_MT -> 0.00015188753 | W93: =Energy_stables_MT/Bonefree_outof_CW_MT*(Share_heating_MT*(Share_biofuels_MT*EF_biofuel_CH4+(1-Share_biofuels_MT)*EF_oil_CH4)+(1-Share_heating_MT)*EF_el_CH4_MT) -> 0.00020151149 | X93: =(Energy_slaughter_el_MT*EF_el_CH4_MT+Energy_slaughter_oil_MT*EF_oil_CH4)/Bonefree_outof_CW_MT -> 0.0010018153
A94: A01SP | B94: Chicken fresh meat | C94: Meat and meat products | D94: Malta | E94: MT | F94: CH4, biogenic | G94: =SUM(H94:T94)+SUM(W94:X94) -> 0.0022013861 | T94: =SUM(U94:V94) -> 0.0022013861 | U94: =(Production!S40*(Slaughter_age_MT/365)+SUM(Production!S41:S44))*EF_CH4_manure_MT -> 0.0022013861
A95: A01SP | B95: Chicken fresh meat | C95: Meat and meat products | D95: Malta | E95: MT | F95: N2O | G95: =SUM(H95:T95)+SUM(W95:X95) -> 0.001984814 | H95: ='N2O per kg feed'!G221*FCR_bonefree_incl_parents_MT-Excreted_N_after_losses_MT*Manure_repl_factor_MT*(EF_min_fert_BAT_N2O*Frac_BAT_MT+EF_min_fert_AN_N2O*Frac_AN_MT) -> 0.00022909049 | I95: ='N2O per kg feed'!H221*FCR_bonefree_incl_parents_MT -> 3.2424291e-06 | J95: ='N2O per kg feed'!I221*FCR_bonefree_incl_parents_MT-Excreted_N_after_losses_MT*Manure_repl_factor_MT*EF_N2O_diff_MT -> 0.0014482136 | K95: =J95*EF_indirect_N2O_MT -> 0.00014482136 | L95: ='N2O per kg feed'!K221*FCR_bonefree_incl_parents_MT -> 2.8676732e-06 | N95: ='N2O per kg feed'!M221*FCR_bonefree_incl_parents_MT -> 5.0441539e-09 | O95: ='N2O per kg feed'!N221*FCR_bonefree_incl_parents_MT -> 3.5872832e-06 | P95: ='N2O per kg feed'!O221*FCR_bonefree_incl_parents_MT -> 0 | Q95: ='N2O per kg feed'!P221*FCR_bonefree_incl_parents_MT -> 8.7960418e-06 | R95: ='N2O per kg feed'!Q221*FCR_bonefree_incl_parents_MT -> 5.9569686e-06 | T95: =SUM(U95:V95) -> 0.00012390587 | U95: =Excreted_N_per_kg_of_bonefree_meat_MT*EF_N2O_manure_direct_MT*44/28 -> 4.5919976e-05 | V95: =(Excreted_N_per_kg_of_bonefree_meat_MT-U95*28/44)*EF_ammonia_MT*EF_N2O_manure_indirect_MT*44/28 -> 7.7985895e-05 | W95: =Energy_stables_MT/Bonefree_outof_CW_MT*(Share_heating_MT*(Share_biofuels_MT*EF_biofuel_N2O+(1-Share_biofuels_MT)*EF_oil_N2O)+(1-Share_heating_MT)*EF_el_N2O_MT) -> 6.0441888e-06 | X95: =(Energy_slaughter_el_MT*EF_el_N2O_MT+Energy_slaughter_oil_MT*EF_oil_N2O)/Bonefree_outof_CW_MT -> 8.283026e-06
A96: A01SP | B96: Chicken fresh meat | C96: Meat and meat products | D96: Malta | E96: MT | F96: CO2e | G96: =SUM(H96:X96) -> 1.7630951 | H96: =SUMPRODUCT(H92:H95,'Parameters, general'!$B$13:$B$16) -> 0.17725222 | I96: =SUMPRODUCT(I92:I95,'Parameters, general'!$B$13:$B$16) -> 0.088894239 | J96: =SUMPRODUCT(J92:J95,'Parameters, general'!$B$13:$B$16) -> 0.39536233 | K96: =SUMPRODUCT(K92:K95,'Parameters, general'!$B$13:$B$16) -> 0.039536233 | L96: =SUMPRODUCT(L92:L95,'Parameters, general'!$B$13:$B$16) -> 0.10891376 | M96: =SUMPRODUCT(M92:M95,'Parameters, general'!$B$13:$B$16) -> 0 | N96: =SUMPRODUCT(N92:N95,'Parameters, general'!$B$13:$B$16) -> 0.00013595987 | O96: =SUMPRODUCT(O92:O95,'Parameters, general'!$B$13:$B$16) -> 0.10722432 | ... T96: =SUMPRODUCT(T92:T95,'Parameters, general'!$B$13:$B$16) -> 0.093263729 | W96: =SUMPRODUCT(W92:W95,'Parameters, general'!$B$13:$B$16) -> 0.098454815 | X96: =SUMPRODUCT(X92:X95,'Parameters, general'!$B$13:$B$16) -> 0.24718321 | Z96: =SUM(H96:R96) -> 1.3241933 | AA96: ='CO2 per kg feed'!F221+'CH4 per kg feed'!F221*CF_GWP_CH4_fossil+'N2O per kg feed'!F221*CF_GWP_N2O -> 0.44397476
A97: A01SP | B97: Chicken fresh meat | C97: Meat and meat products | D97: Netherland | E97: NL | F97: CO2 | G97: =SUM(H97:X97) -> 1.1319672 | H97: ='CO2 per kg feed'!G233*FCR_bonefree_incl_parents_NL-Excreted_N_after_losses_NL*Manure_repl_factor_NL*(EF_min_fert_BAT_CO2*Frac_BAT_NL+EF_min_fert_AN_CO2*Frac_AN_NL) -> 0.11726582 | I97: ='CO2 per kg feed'!H233*FCR_bonefree_incl_parents_NL -> 0.076915781 | J97: ='CO2 per kg feed'!I233*FCR_bonefree_incl_parents_NL -> 0 | L97: ='CO2 per kg feed'!K233*FCR_bonefree_incl_parents_NL -> 0.090565867 | N97: ='CO2 per kg feed'!M233*FCR_bonefree_incl_parents_NL -> 0.0052976139 | O97: ='CO2 per kg feed'!N233*FCR_bonefree_incl_parents_NL -> 0.1279805 | P97: ='CO2 per kg feed'!O233*FCR_bonefree_incl_parents_NL -> 0.16553871 | Q97: ='CO2 per kg feed'!P233*FCR_bonefree_incl_parents_NL -> 0.026861901 | R97: ='CO2 per kg feed'!Q233*FCR_bonefree_incl_parents_NL -> 0.15632704 | W97: =Energy_stables_NL/Bonefree_outof_CW_NL*(Share_heating_NL*(Share_biofuels_NL*EF_biofuels_CO2+(1-Share_biofuels_NL)*EF_oil_CO2)+(1-Share_heating_NL)*EF_el_CO2_NL) -> 0.099638536 | X97: =(Energy_slaughter_el_NL*EF_el_CO2_NL+Energy_slaughter_oil_NL*EF_oil_CO2)/Bonefree_outof_CW_NL -> 0.26557543
A98: A01SP | B98: Chicken fresh meat | C98: Meat and meat products | D98: Netherland | E98: NL | F98: CH4, fossil | G98: =SUM(H98:X98) -> 0.0015856929 | H98: ='CH4 per kg feed'!G233*FCR_bonefree_incl_parents_NL-Excreted_N_after_losses_NL*Manure_repl_factor_NL*(EF_min_fert_BAT_CH4*Frac_BAT_NL+EF_min_fert_AN_CH4*Frac_AN_NL) -> 0.00024041031 | I98: ='CH4 per kg feed'!H233*FCR_bonefree_incl_parents_NL -> 0.00036359114 | L98: ='CH4 per kg feed'!K233*FCR_bonefree_incl_parents_NL -> 3.974989e-05 | N98: ='CH4 per kg feed'!M233*FCR_bonefree_incl_parents_NL -> 1.6894328e-05 | O98: ='CH4 per kg feed'!N233*FCR_bonefree_incl_parents_NL -> 8.6416552e-05 | P98: ='CH4 per kg feed'!O233*FCR_bonefree_incl_parents_NL -> 9.0765003e-06 | Q98: ='CH4 per kg feed'!P233*FCR_bonefree_incl_parents_NL -> 9.0245088e-05 | R98: ='CH4 per kg feed'!Q233*FCR_bonefree_incl_parents_NL -> 0.00010945184 | W98: =Energy_stables_NL/Bonefree_outof_CW_NL*(Share_heating_NL*(Share_biofuels_NL*EF_biofuel_CH4+(1-Share_biofuels_NL)*EF_oil_CH4)+(1-Share_heating_NL)*EF_el_CH4_NL) -> 0.00011610113 | X98: =(Energy_slaughter_el_NL*EF_el_CH4_NL+Energy_slaughter_oil_NL*EF_oil_CH4)/Bonefree_outof_CW_NL -> 0.00051375608
A99: A01SP | B99: Chicken fresh meat | C99: Meat and meat products | D99: Netherland | E99: NL | F99: CH4, biogenic | G99: =SUM(H99:T99)+SUM(W99:X99) -> 0.0031693198 | T99: =SUM(U99:V99) -> 0.0031693198 | U99: =(Production!T40*(Slaughter_age_NL/365)+SUM(Production!T41:T44))*EF_CH4_manure_NL -> 0.0031693198
A100: A01SP | B100: Chicken fresh meat | C100: Meat and meat products | D100: Netherland | E100: NL | F100: N2O | G100: =SUM(H100:T100)+SUM(W100:X100) -> 0.0019221784 | H100: ='N2O per kg feed'!G233*FCR_bonefree_incl_parents_NL-Excreted_N_after_losses_NL*Manure_repl_factor_NL*(EF_min_fert_BAT_N2O*Frac_BAT_NL+EF_min_fert_AN_N2O*Frac_AN_NL) -> 0.00023614627 | I100: ='N2O per kg feed'!H233*FCR_bonefree_incl_parents_NL -> 2.9189388e-06 | J100: ='N2O per kg feed'!I233*FCR_bonefree_incl_parents_NL-Excreted_N_after_losses_NL*Manure_repl_factor_NL*EF_N2O_diff_NL -> 0.0012771476 | K100: =J100*EF_indirect_N2O_NL -> 0.00012771476 | L100: ='N2O per kg feed'!K233*FCR_bonefree_incl_parents_NL -> 2.4309735e-06 | N100: ='N2O per kg feed'!M233*FCR_bonefree_incl_parents_NL -> 2.1017858e-07 | O100: ='N2O per kg feed'!N233*FCR_bonefree_incl_parents_NL -> 4.6468627e-06 | P100: ='N2O per kg feed'!O233*FCR_bonefree_incl_parents_NL -> 0 | Q100: ='N2O per kg feed'!P233*FCR_bonefree_incl_parents_NL -> 8.5805829e-06 | R100: ='N2O per kg feed'!Q233*FCR_bonefree_incl_parents_NL -> 5.4741918e-06 | T100: =SUM(U100:V100) -> 0.00023982733 | U100: =Excreted_N_per_kg_of_bonefree_meat_NL*EF_N2O_manure_direct_NL*44/28 -> 8.8880901e-05 | V100: =(Excreted_N_per_kg_of_bonefree_meat_NL-U100*28/44)*EF_ammonia_NL*EF_N2O_manure_indirect_NL*44/28 -> 0.00015094643 | W100: =Energy_stables_NL/Bonefree_outof_CW_NL*(Share_heating_NL*(Share_biofuels_NL*EF_biofuel_N2O+(1-Share_biofuels_NL)*EF_oil_N2O)+(1-Share_heating_NL)*EF_el_N2O_NL) -> 6.4542865e-06 | X100: =(Energy_slaughter_el_NL*EF_el_N2O_NL+Energy_slaughter_oil_NL*EF_oil_N2O)/Bonefree_outof_CW_NL -> 1.0626442e-05
...

Sheet Production
A2: Production system
A4: Animals slaughtered (no) | B4: Austria | C4: Belgium | D4: Bulgaria | E4: Croatia | F4: Cyprus | G4: Czech Republic | H4: Denmark | I4: Estonia | J4: Finland | K4: France | L4: Germany | M4: Greece | N4: Hungary | O4: Ireland | P4: Italy | Q4: Latvia | R4: Lithuania | S4: Malta | T4: Netherlands | U4: Poland | V4: Portugal | W4: Romania | X4: Slovak Republic | Y4: Slovenia | Z4: Spain | AA4: Sweden | AB4: UK | AC4: Brazil | AD4: Thailand | AE4: USA
A5: Chicken | B5: 1 | C5: 1 | D5: 1 | E5: 1 | F5: 1 | G5: 1 | H5: 1 | I5: 1 | J5: 1 | K5: 1 | L5: 1 | M5: 1 | N5: 1 | O5: 1 | P5: 1 | Q5: 1 | R5: 1 | S5: 1 | T5: 1 | U5: 1 | V5: 1 | W5: 1 | X5: 1 | Y5: 1 | Z5: 1 | AA5: 1 | AB5: 1 | AC5: 1 | AD5: 1 | AE5: 1
A6: Parent hens | B6: =B41*(1-'Parameters, country spec'!B16/100) -> 0.0070708356 | C6: =C41*(1-'Parameters, country spec'!C16/100) -> 0.0070708356 | D6: =D41*(1-'Parameters, country spec'!D16/100) -> 0.0070708356 | E6: =E41*(1-'Parameters, country spec'!E16/100) -> 0.0070708356 | F6: =F41*(1-'Parameters, country spec'!F16/100) -> 0.0070708356 | G6: =G41*(1-'Parameters, country spec'!G16/100) -> 0.0070708356 | H6: =H41*(1-'Parameters, country spec'!H16/100) -> 0.0070708356 | I6: =I41*(1-'Parameters, country spec'!I16/100) -> 0.0070708356 | ... AE6: =AE41*(1-'Parameters, country spec'!AE16/100) -> 0.0070708356
A7: Parent roasters | B7: =B42*(1-'Parameters, country spec'!B16/100) -> 0.00056566685 | C7: =C42*(1-'Parameters, country spec'!C16/100) -> 0.00056566685 | D7: =D42*(1-'Parameters, country spec'!D16/100) -> 0.00056566685 | E7: =E42*(1-'Parameters, country spec'!E16/100) -> 0.00056566685 | F7: =F42*(1-'Parameters, country spec'!F16/100) -> 0.00056566685 | G7: =G42*(1-'Parameters, country spec'!G16/100) -> 0.00056566685 | H7: =H42*(1-'Parameters, country spec'!H16/100) -> 0.00056566685 | I7: =I42*(1-'Parameters, country spec'!I16/100) -> 0.00056566685 | ... AE7: =AE42*(1-'Parameters, country spec'!AE16/100) -> 0.00056566685
A8: Grandparent hens | B8: =B43*(1-'Parameters, country spec'!B16/100) -> 5.5336975e-05 | C8: =C43*(1-'Parameters, country spec'!C16/100) -> 5.5336975e-05 | D8: =D43*(1-'Parameters, country spec'!D16/100) -> 5.5336975e-05 | E8: =E43*(1-'Parameters, country spec'!E16/100) -> 5.5336975e-05 | F8: =F43*(1-'Parameters, country spec'!F16/100) -> 5.5336975e-05 | G8: =G43*(1-'Parameters, country spec'!G16/100) -> 5.5336975e-05 | H8: =H43*(1-'Parameters, country spec'!H16/100) -> 5.5336975e-05 | I8: =I43*(1-'Parameters, country spec'!I16/100) -> 5.5336975e-05 | ... AE8: =AE43*(1-'Parameters, country spec'!AE16/100) -> 5.5336975e-05
A9: Grandparent roasters | B9: =B44*(1-'Parameters, country spec'!B16/100) -> 4.426958e-06 | C9: =C44*(1-'Parameters, country spec'!C16/100) -> 4.426958e-06 | D9: =D44*(1-'Parameters, country spec'!D16/100) -> 4.426958e-06 | E9: =E44*(1-'Parameters, country spec'!E16/100) -> 4.426958e-06 | F9: =F44*(1-'Parameters, country spec'!F16/100) -> 4.426958e-06 | G9: =G44*(1-'Parameters, country spec'!G16/100) -> 4.426958e-06 | H9: =H44*(1-'Parameters, country spec'!H16/100) -> 4.426958e-06 | I9: =I44*(1-'Parameters, country spec'!I16/100) -> 4.426958e-06 | ... AE9: =AE44*(1-'Parameters, country spec'!AE16/100) -> 4.426958e-06
A10: Total: | B10: =SUM(B5:B9) -> 1.0076963 | C10: =SUM(C5:C9) -> 1.0076963 | D10: =SUM(D5:D9) -> 1.0076963 | E10: =SUM(E5:E9) -> 1.0076963 | F10: =SUM(F5:F9) -> 1.0076963 | G10: =SUM(G5:G9) -> 1.0076963 | H10: =SUM(H5:H9) -> 1.0076963 | I10: =SUM(I5:I9) -> 1.0076963 | ... AE10: =SUM(AE5:AE9) -> 1.0076963
A11: Meat produced (kg CW)
A12: Chicken | B12: =B5*'Parameters, country spec'!B10 -> 1.4379 | C12: =C5*'Parameters, country spec'!C10 -> 1.4379 | D12: =D5*'Parameters, country spec'!D10 -> 1.4379 | E12: =E5*'Parameters, country spec'!E10 -> 1.4379 | F12: =F5*'Parameters, country spec'!F10 -> 1.4379 | G12: =G5*'Parameters, country spec'!G10 -> 1.4379 | H12: =H5*'Parameters, country spec'!H10 -> 1.4379 | I12: =I5*'Parameters, country spec'!I10 -> 1.4379 | ... AE12: =AE5*'Parameters, country spec'!AE10 -> 1.4379
A13: Parent hens | B13: =B6*'Parameters, country spec'!B11 -> 0.030404593 | C13: =C6*'Parameters, country spec'!C11 -> 0.030404593 | D13: =D6*'Parameters, country spec'!D11 -> 0.030404593 | E13: =E6*'Parameters, country spec'!E11 -> 0.030404593 | F13: =F6*'Parameters, country spec'!F11 -> 0.030404593 | G13: =G6*'Parameters, country spec'!G11 -> 0.030404593 | H13: =H6*'Parameters, country spec'!H11 -> 0.030404593 | I13: =I6*'Parameters, country spec'!I11 -> 0.030404593 | ... AE13: =AE6*'Parameters, country spec'!AE11 -> 0.030404593
A14: Parent roasters | B14: =B7*'Parameters, country spec'!B12 -> 0.0028283343 | C14: =C7*'Parameters, country spec'!C12 -> 0.0028283343 | D14: =D7*'Parameters, country spec'!D12 -> 0.0028283343 | E14: =E7*'Parameters, country spec'!E12 -> 0.0028283343 | F14: =F7*'Parameters, country spec'!F12 -> 0.0028283343 | G14: =G7*'Parameters, country spec'!G12 -> 0.0028283343 | H14: =H7*'Parameters, country spec'!H12 -> 0.0028283343 | I14: =I7*'Parameters, country spec'!I12 -> 0.0028283343 | ... AE14: =AE7*'Parameters, country spec'!AE12 -> 0.0028283343
A15: Grandparent hens | B15: =B8*'Parameters, country spec'!B11 -> 0.00023794899 | C15: =C8*'Parameters, country spec'!C11 -> 0.00023794899 | D15: =D8*'Parameters, country spec'!D11 -> 0.00023794899 | E15: =E8*'Parameters, country spec'!E11 -> 0.00023794899 | F15: =F8*'Parameters, country spec'!F11 -> 0.00023794899 | G15: =G8*'Parameters, country spec'!G11 -> 0.00023794899 | H15: =H8*'Parameters, country spec'!H11 -> 0.00023794899 | I15: =I8*'Parameters, country spec'!I11 -> 0.00023794899 | ... AE15: =AE8*'Parameters, country spec'!AE11 -> 0.00023794899
A16: Grandparent roasters | B16: =B9*'Parameters, country spec'!B12 -> 2.213479e-05 | C16: =C9*'Parameters, country spec'!C12 -> 2.213479e-05 | D16: =D9*'Parameters, country spec'!D12 -> 2.213479e-05 | E16: =E9*'Parameters, country spec'!E12 -> 2.213479e-05 | F16: =F9*'Parameters, country spec'!F12 -> 2.213479e-05 | G16: =G9*'Parameters, country spec'!G12 -> 2.213479e-05 | H16: =H9*'Parameters, country spec'!H12 -> 2.213479e-05 | I16: =I9*'Parameters, country spec'!I12 -> 2.213479e-05 | ... AE16: =AE9*'Parameters, country spec'!AE12 -> 2.213479e-05
A17: Total: | B17: =SUM(B12:B16) -> 1.471393 | C17: =SUM(C12:C16) -> 1.471393 | D17: =SUM(D12:D16) -> 1.471393 | E17: =SUM(E12:E16) -> 1.471393 | F17: =SUM(F12:F16) -> 1.471393 | G17: =SUM(G12:G16) -> 1.471393 | H17: =SUM(H12:H16) -> 1.471393 | I17: =SUM(I12:I16) -> 1.471393 | ... AE17: =SUM(AE12:AE16) -> 1.471393
A18: Meat produced (kg bonefree)
A19: Chicken | B19: =B12*'Parameters, country spec'!B9 -> 1.107183 | C19: =C12*'Parameters, country spec'!C9 -> 1.107183 | D19: =D12*'Parameters, country spec'!D9 -> 1.107183 | E19: =E12*'Parameters, country spec'!E9 -> 1.107183 | F19: =F12*'Parameters, country spec'!F9 -> 1.107183 | G19: =G12*'Parameters, country spec'!G9 -> 1.107183 | H19: =H12*'Parameters, country spec'!H9 -> 1.107183 | I19: =I12*'Parameters, country spec'!I9 -> 1.107183 | ... AE19: =AE12*'Parameters, country spec'!AE9 -> 1.107183
A20: Parent hens | B20: =B13*'Parameters, country spec'!B9 -> 0.023411537 | C20: =C13*'Parameters, country spec'!C9 -> 0.023411537 | D20: =D13*'Parameters, country spec'!D9 -> 0.023411537 | E20: =E13*'Parameters, country spec'!E9 -> 0.023411537 | F20: =F13*'Parameters, country spec'!F9 -> 0.023411537 | G20: =G13*'Parameters, country spec'!G9 -> 0.023411537 | H20: =H13*'Parameters, country spec'!H9 -> 0.023411537 | I20: =I13*'Parameters, country spec'!I9 -> 0.023411537 | ... AE20: =AE13*'Parameters, country spec'!AE9 -> 0.023411537
A21: Parent roasters | B21: =B14*'Parameters, country spec'!B9 -> 0.0021778174 | C21: =C14*'Parameters, country spec'!C9 -> 0.0021778174 | D21: =D14*'Parameters, country spec'!D9 -> 0.0021778174 | E21: =E14*'Parameters, country spec'!E9 -> 0.0021778174 | F21: =F14*'Parameters, country spec'!F9 -> 0.0021778174 | G21: =G14*'Parameters, country spec'!G9 -> 0.0021778174 | H21: =H14*'Parameters, country spec'!H9 -> 0.0021778174 | I21: =I14*'Parameters, country spec'!I9 -> 0.0021778174 | ... AE21: =AE14*'Parameters, country spec'!AE9 -> 0.0021778174
A22: Grandparent hens | B22: =B15*'Parameters, country spec'!B9 -> 0.00018322072 | C22: =C15*'Parameters, country spec'!C9 -> 0.00018322072 | D22: =D15*'Parameters, country spec'!D9 -> 0.00018322072 | E22: =E15*'Parameters, country spec'!E9 -> 0.00018322072 | F22: =F15*'Parameters, country spec'!F9 -> 0.00018322072 | G22: =G15*'Parameters, country spec'!G9 -> 0.00018322072 | H22: =H15*'Parameters, country spec'!H9 -> 0.00018322072 | I22: =I15*'Parameters, country spec'!I9 -> 0.00018322072 | ... AE22: =AE15*'Parameters, country spec'!AE9 -> 0.00018322072
A23: Grandparent roasters | B23: =B16*'Parameters, country spec'!B9 -> 1.7043788e-05 | C23: =C16*'Parameters, country spec'!C9 -> 1.7043788e-05 | D23: =D16*'Parameters, country spec'!D9 -> 1.7043788e-05 | E23: =E16*'Parameters, country spec'!E9 -> 1.7043788e-05 | F23: =F16*'Parameters, country spec'!F9 -> 1.7043788e-05 | G23: =G16*'Parameters, country spec'!G9 -> 1.7043788e-05 | H23: =H16*'Parameters, country spec'!H9 -> 1.7043788e-05 | I23: =I16*'Parameters, country spec'!I9 -> 1.7043788e-05 | ... AE23: =AE16*'Parameters, country spec'!AE9 -> 1.7043788e-05
A24: Total: | B24: =SUM(B19:B23) -> 1.1329726 | C24: =SUM(C19:C23) -> 1.1329726 | D24: =SUM(D19:D23) -> 1.1329726 | E24: =SUM(E19:E23) -> 1.1329726 | F24: =SUM(F19:F23) -> 1.1329726 | G24: =SUM(G19:G23) -> 1.1329726 | H24: =SUM(H19:H23) -> 1.1329726 | I24: =SUM(I19:I23) -> 1.1329726 | ... AE24: =SUM(AE19:AE23) -> 1.1329726
A25: Offal produced (kg edible)
A26: Chicken | B26: =B5*'Parameters, country spec'!B13 -> 0.275 | C26: =C5*'Parameters, country spec'!C13 -> 0.275 | D26: =D5*'Parameters, country spec'!D13 -> 0.275 | E26: =E5*'Parameters, country spec'!E13 -> 0.275 | F26: =F5*'Parameters, country spec'!F13 -> 0.275 | G26: =G5*'Parameters, country spec'!G13 -> 0.275 | H26: =H5*'Parameters, country spec'!H13 -> 0.275 | I26: =I5*'Parameters, country spec'!I13 -> 0.275 | ... AE26: =AE5*'Parameters, country spec'!AE13 -> 0.275
A27: Parent hens | B27: =B6*'Parameters, country spec'!B13 -> 0.0019444798 | C27: =C6*'Parameters, country spec'!C13 -> 0.0019444798 | D27: =D6*'Parameters, country spec'!D13 -> 0.0019444798 | E27: =E6*'Parameters, country spec'!E13 -> 0.0019444798 | F27: =F6*'Parameters, country spec'!F13 -> 0.0019444798 | G27: =G6*'Parameters, country spec'!G13 -> 0.0019444798 | H27: =H6*'Parameters, country spec'!H13 -> 0.0019444798 | I27: =I6*'Parameters, country spec'!I13 -> 0.0019444798 | ... AE27: =AE6*'Parameters, country spec'!AE13 -> 0.0019444798
A28: Parent roasters | B28: =B7*'Parameters, country spec'!B13 -> 0.00015555838 | C28: =C7*'Parameters, country spec'!C13 -> 0.00015555838 | D28: =D7*'Parameters, country spec'!D13 -> 0.00015555838 | E28: =E7*'Parameters, country spec'!E13 -> 0.00015555838 | F28: =F7*'Parameters, country spec'!F13 -> 0.00015555838 | G28: =G7*'Parameters, country spec'!G13 -> 0.00015555838 | H28: =H7*'Parameters, country spec'!H13 -> 0.00015555838 | I28: =I7*'Parameters, country spec'!I13 -> 0.00015555838 | ... AE28: =AE7*'Parameters, country spec'!AE13 -> 0.00015555838
A29: Grandparent hens | B29: =B8*'Parameters, country spec'!B13 -> 1.5217668e-05 | C29: =C8*'Parameters, country spec'!C13 -> 1.5217668e-05 | D29: =D8*'Parameters, country spec'!D13 -> 1.5217668e-05 | E29: =E8*'Parameters, country spec'!E13 -> 1.5217668e-05 | F29: =F8*'Parameters, country spec'!F13 -> 1.5217668e-05 | G29: =G8*'Parameters, country spec'!G13 -> 1.5217668e-05 | H29: =H8*'Parameters, country spec'!H13 -> 1.5217668e-05 | I29: =I8*'Parameters, country spec'!I13 -> 1.5217668e-05 | ... AE29: =AE8*'Parameters, country spec'!AE13 -> 1.5217668e-05
A30: Grandparent roasters | B30: =B9*'Parameters, country spec'!B13 -> 1.2174134e-06 | C30: =C9*'Parameters, country spec'!C13 -> 1.2174134e-06 | D30: =D9*'Parameters, country spec'!D13 -> 1.2174134e-06 | E30: =E9*'Parameters, country spec'!E13 -> 1.2174134e-06 | F30: =F9*'Parameters, country spec'!F13 -> 1.2174134e-06 | G30: =G9*'Parameters, country spec'!G13 -> 1.2174134e-06 | H30: =H9*'Parameters, country spec'!H13 -> 1.2174134e-06 | I30: =I9*'Parameters, country spec'!I13 -> 1.2174134e-06 | ... AE30: =AE9*'Parameters, country spec'!AE13 -> 1.2174134e-06
A31: Total: | B31: =SUM(B26:B30) -> 0.27711647 | C31: =SUM(C26:C30) -> 0.27711647 | D31: =SUM(D26:D30) -> 0.27711647 | E31: =SUM(E26:E30) -> 0.27711647 | F31: =SUM(F26:F30) -> 0.27711647 | G31: =SUM(G26:G30) -> 0.27711647 | H31: =SUM(H26:H30) -> 0.27711647 | I31: =SUM(I26:I30) -> 0.27711647 | ... AE31: =SUM(AE26:AE30) -> 0.27711647
A32: Meat and offal produced (kg bonefree)
A33: Chicken | B33: =B19+B26 -> 1.382183 | C33: =C19+C26 -> 1.382183 | D33: =D19+D26 -> 1.382183 | E33: =E19+E26 -> 1.382183 | F33: =F19+F26 -> 1.382183 | G33: =G19+G26 -> 1.382183 | H33: =H19+H26 -> 1.382183 | I33: =I19+I26 -> 1.382183 | ... AE33: =AE19+AE26 -> 1.382183
A34: Parent hens | B34: =B20+B27 -> 0.025356017 | C34: =C20+C27 -> 0.025356017 | D34: =D20+D27 -> 0.025356017 | E34: =E20+E27 -> 0.025356017 | F34: =F20+F27 -> 0.025356017 | G34: =G20+G27 -> 0.025356017 | H34: =H20+H27 -> 0.025356017 | I34: =I20+I27 -> 0.025356017 | ... AE34: =AE20+AE27 -> 0.025356017
A35: Parent roasters | B35: =B21+B28 -> 0.0023333758 | C35: =C21+C28 -> 0.0023333758 | D35: =D21+D28 -> 0.0023333758 | E35: =E21+E28 -> 0.0023333758 | F35: =F21+F28 -> 0.0023333758 | G35: =G21+G28 -> 0.0023333758 | H35: =H21+H28 -> 0.0023333758 | I35: =I21+I28 -> 0.0023333758 | ... AE35: =AE21+AE28 -> 0.0023333758
A36: Grandparent hens | B36: =B22+B29 -> 0.00019843839 | C36: =C22+C29 -> 0.00019843839 | D36: =D22+D29 -> 0.00019843839 | E36: =E22+E29 -> 0.00019843839 | F36: =F22+F29 -> 0.00019843839 | G36: =G22+G29 -> 0.00019843839 | H36: =H22+H29 -> 0.00019843839 | I36: =I22+I29 -> 0.00019843839 | ... AE36: =AE22+AE29 -> 0.00019843839
A37: Grandparent roasters | B37: =B23+B30 -> 1.8261202e-05 | C37: =C23+C30 -> 1.8261202e-05 | D37: =D23+D30 -> 1.8261202e-05 | E37: =E23+E30 -> 1.8261202e-05 | F37: =F23+F30 -> 1.8261202e-05 | G37: =G23+G30 -> 1.8261202e-05 | H37: =H23+H30 -> 1.8261202e-05 | I37: =I23+I30 -> 1.8261202e-05 | ... AE37: =AE23+AE30 -> 1.8261202e-05
A38: Total: | B38: =SUM(B33:B37) -> 1.4100891 | C38: =SUM(C33:C37) -> 1.4100891 | D38: =SUM(D33:D37) -> 1.4100891 | E38: =SUM(E33:E37) -> 1.4100891 | F38: =SUM(F33:F37) -> 1.4100891 | G38: =SUM(G33:G37) -> 1.4100891 | H38: =SUM(H33:H37) -> 1.4100891 | I38: =SUM(I33:I37) -> 1.4100891 | ... AE38: =SUM(AE33:AE37) -> 1.4100891
A39: Animals in production (no)
A40: Chicken | B40: =B5/(1-'Parameters, country spec'!B6/100)/(1-'Parameters, country spec'!B7/100) -> 1.0606253 | C40: =C5/(1-'Parameters, country spec'!C6/100)/(1-'Parameters, country spec'!C7/100) -> 1.0606253 | D40: =D5/(1-'Parameters, country spec'!D6/100)/(1-'Parameters, country spec'!D7/100) -> 1.0606253 | E40: =E5/(1-'Parameters, country spec'!E6/100)/(1-'Parameters, country spec'!E7/100) -> 1.0606253 | F40: =F5/(1-'Parameters, country spec'!F6/100)/(1-'Parameters, country spec'!F7/100) -> 1.0606253 | G40: =G5/(1-'Parameters, country spec'!G6/100)/(1-'Parameters, country spec'!G7/100) -> 1.0606253 | H40: =H5/(1-'Parameters, country spec'!H6/100)/(1-'Parameters, country spec'!H7/100) -> 1.0606253 | I40: =I5/(1-'Parameters, country spec'!I6/100)/(1-'Parameters, country spec'!I7/100) -> 1.0606253 | ... AE40: =AE5/(1-'Parameters, country spec'!AE6/100)/(1-'Parameters, country spec'!AE7/100) -> 1.0606253
A41: Parent hens | B41: =B40/'Parameters, country spec'!B14/(1-'Parameters, country spec'!B16/100) -> 0.0076856909 | C41: =C40/'Parameters, country spec'!C14/(1-'Parameters, country spec'!C16/100) -> 0.0076856909 | D41: =D40/'Parameters, country spec'!D14/(1-'Parameters, country spec'!D16/100) -> 0.0076856909 | E41: =E40/'Parameters, country spec'!E14/(1-'Parameters, country spec'!E16/100) -> 0.0076856909 | F41: =F40/'Parameters, country spec'!F14/(1-'Parameters, country spec'!F16/100) -> 0.0076856909 | G41: =G40/'Parameters, country spec'!G14/(1-'Parameters, country spec'!G16/100) -> 0.0076856909 | H41: =H40/'Parameters, country spec'!H14/(1-'Parameters, country spec'!H16/100) -> 0.0076856909 | I41: =I40/'Parameters, country spec'!I14/(1-'Parameters, country spec'!I16/100) -> 0.0076856909 | ... AE41: =AE40/'Parameters, country spec'!AE14/(1-'Parameters, country spec'!AE16/100) -> 0.0076856909
A42: Parent roasters | B42: =B41/'Parameters, country spec'!B15 -> 0.00061485527 | C42: =C41/'Parameters, country spec'!C15 -> 0.00061485527 | D42: =D41/'Parameters, country spec'!D15 -> 0.00061485527 | E42: =E41/'Parameters, country spec'!E15 -> 0.00061485527 | F42: =F41/'Parameters, country spec'!F15 -> 0.00061485527 | G42: =G41/'Parameters, country spec'!G15 -> 0.00061485527 | H42: =H41/'Parameters, country spec'!H15 -> 0.00061485527 | I42: =I41/'Parameters, country spec'!I15 -> 0.00061485527 | ... AE42: =AE41/'Parameters, country spec'!AE15 -> 0.00061485527
A43: Grandparent hens | B43: =(B41+B42)/'Parameters, country spec'!B14/(1-'Parameters, country spec'!B16/100) -> 6.0148885e-05 | C43: =(C41+C42)/'Parameters, country spec'!C14/(1-'Parameters, country spec'!C16/100) -> 6.0148885e-05 | D43: =(D41+D42)/'Parameters, country spec'!D14/(1-'Parameters, country spec'!D16/100) -> 6.0148885e-05 | E43: =(E41+E42)/'Parameters, country spec'!E14/(1-'Parameters, country spec'!E16/100) -> 6.0148885e-05 | F43: =(F41+F42)/'Parameters, country spec'!F14/(1-'Parameters, country spec'!F16/100) -> 6.0148885e-05 | G43: =(G41+G42)/'Parameters, country spec'!G14/(1-'Parameters, country spec'!G16/100) -> 6.0148885e-05 | H43: =(H41+H42)/'Parameters, country spec'!H14/(1-'Parameters, country spec'!H16/100) -> 6.0148885e-05 | I43: =(I41+I42)/'Parameters, country spec'!I14/(1-'Parameters, country spec'!I16/100) -> 6.0148885e-05 | ... AE43: =(AE41+AE42)/'Parameters, country spec'!AE14/(1-'Parameters, country spec'!AE16/100) -> 6.0148885e-05
A44: Grandparent roasters | B44: =B43/'Parameters, country spec'!B15 -> 4.8119108e-06 | C44: =C43/'Parameters, country spec'!C15 -> 4.8119108e-06 | D44: =D43/'Parameters, country spec'!D15 -> 4.8119108e-06 | E44: =E43/'Parameters, country spec'!E15 -> 4.8119108e-06 | F44: =F43/'Parameters, country spec'!F15 -> 4.8119108e-06 | G44: =G43/'Parameters, country spec'!G15 -> 4.8119108e-06 | H44: =H43/'Parameters, country spec'!H15 -> 4.8119108e-06 | I44: =I43/'Parameters, country spec'!I15 -> 4.8119108e-06 | ... AE44: =AE43/'Parameters, country spec'!AE15 -> 4.8119108e-06
A45: Total: | B45: =SUM(B40:B44) -> 1.0689909 | C45: =SUM(C40:C44) -> 1.0689909 | D45: =SUM(D40:D44) -> 1.0689909 | E45: =SUM(E40:E44) -> 1.0689909 | F45: =SUM(F40:F44) -> 1.0689909 | G45: =SUM(G40:G44) -> 1.0689909 | H45: =SUM(H40:H44) -> 1.0689909 | I45: =SUM(I40:I44) -> 1.0689909 | ... AE45: =SUM(AE40:AE44) -> 1.0689909
A46: Animals in production per kg of meat/offal produced (no) | B46: Austria | C46: Belgium | D46: Bulgaria | E46: Croatia | F46: Cyprus | G46: Czech Republic | H46: Denmark | I46: Estonia | J46: Finland | K46: France | L46: Germany | M46: Greece | N46: Hungary | O46: Ireland | P46: Italy | Q46: Latvia | R46: Lithuania | S46: Malta | T46: Netherlands | U46: Poland | V46: Portugal | W46: Romania | X46: Slovak Republic | Y46: Slovenia | Z46: Spain | AA46: Sweden | AB46: UK | AC46: Brazil | AD46: Thailand | AE46: USA
A47: Chicken | B47: =B40/B38 -> 0.75216903 | C47: =C40/C38 -> 0.75216903 | D47: =D40/D38 -> 0.75216903 | E47: =E40/E38 -> 0.75216903 | F47: =F40/F38 -> 0.75216903 | G47: =G40/G38 -> 0.75216903 | H47: =H40/H38 -> 0.75216903 | I47: =I40/I38 -> 0.75216903 | ... AE47: =AE40/AE38 -> 0.75216903
A48: Parent hens | B48: =B41/B38 -> 0.0054505002 | C48: =C41/C38 -> 0.0054505002 | D48: =D41/D38 -> 0.0054505002 | E48: =E41/E38 -> 0.0054505002 | F48: =F41/F38 -> 0.0054505002 | G48: =G41/G38 -> 0.0054505002 | H48: =H41/H38 -> 0.0054505002 | I48: =I41/I38 -> 0.0054505002 | ... AE48: =AE41/AE38 -> 0.0054505002
A49: Parent roasters | B49: =B42/B38 -> 0.00043604002 | C49: =C42/C38 -> 0.00043604002 | D49: =D42/D38 -> 0.00043604002 | E49: =E42/E38 -> 0.00043604002 | F49: =F42/F38 -> 0.00043604002 | G49: =G42/G38 -> 0.00043604002 | H49: =H42/H38 -> 0.00043604002 | I49: =I42/I38 -> 0.00043604002 | ... AE49: =AE42/AE38 -> 0.00043604002
A50: Grandparent hens | B50: =B43/B38 -> 4.2656089e-05 | C50: =C43/C38 -> 4.2656089e-05 | D50: =D43/D38 -> 4.2656089e-05 | E50: =E43/E38 -> 4.2656089e-05 | F50: =F43/F38 -> 4.2656089e-05 | G50: =G43/G38 -> 4.2656089e-05 | H50: =H43/H38 -> 4.2656089e-05 | I50: =I43/I38 -> 4.2656089e-05 | ... AE50: =AE43/AE38 -> 4.2656089e-05
A51: Grandparent roasters | B51: =B44/B38 -> 3.4124871e-06 | C51: =C44/C38 -> 3.4124871e-06 | D51: =D44/D38 -> 3.4124871e-06 | E51: =E44/E38 -> 3.4124871e-06 | F51: =F44/F38 -> 3.4124871e-06 | G51: =G44/G38 -> 3.4124871e-06 | H51: =H44/H38 -> 3.4124871e-06 | I51: =I44/I38 -> 3.4124871e-06 | ... AE51: =AE44/AE38 -> 3.4124871e-06
A52: Total: | B52: =SUM(B47:B51) -> 0.75810164 | C52: =SUM(C47:C51) -> 0.75810164 | D52: =SUM(D47:D51) -> 0.75810164 | E52: =SUM(E47:E51) -> 0.75810164 | F52: =SUM(F47:F51) -> 0.75810164 | G52: =SUM(G47:G51) -> 0.75810164 | H52: =SUM(H47:H51) -> 0.75810164 | I52: =SUM(I47:I51) -> 0.75810164 | ... AE52: =SUM(AE47:AE51) -> 0.75810164

Sheet Parameters, country spec
A2: Production parameters and emission factors, country specific
B3: AT | C3: BE | D3: BG | E3: HR | F3: CY | G3: CZ | H3: DK | I3: EE | J3: FI | K3: FR | L3: DE | M3: GR | N3: HU | O3: IE | P3: IT | Q3: LV | R3: LT | S3: MT | T3: NL | U3: PL | V3: PT | W3: RO | X3: SK | Y3: SI | Z3: ES | AA3: SE | AB3: GB | AC3: BR | AD3: TH | AE3: US
A4: Production parameters | B4: Austria | C4: Belgium | D4: Bulgaria | E4: Croatia | F4: Cyprus | G4: Czech Republic | H4: Denmark | I4: Estonia | J4: Finland | K4: France | L4: Germany | M4: Greece | N4: Hungary | O4: Ireland | P4: Italy | Q4: Latvia | R4: Lithuania | S4: Malta | T4: Netherlands | U4: Poland | V4: Portugal | W4: Romania | X4: Slovak Republic | Y4: Slovenia | Z4: Spain | AA4: Sweden | AB4: UK | AC4: Brazil | AD4: Thailand | AE4: USA | AG4: Source France | AH4: Comment: | AI4: Source Sweden: | AJ4: Comment:
A5: Slaughter age, days | B5: 35 | C5: 35 | D5: 35 | E5: 35 | F5: 35 | G5: 35 | H5: 35 | I5: 35 | J5: 35 | K5: 35.6 | L5: 35 | M5: 35 | N5: 35 | O5: 35 | P5: 35 | Q5: 35 | R5: 35 | S5: 35 | T5: 35 | U5: 35 | V5: 35 | W5: 35 | X5: 35 | Y5: 35 | Z5: 35 | AA5: 35 | AB5: 35 | AC5: 35 | AD5: 35 | AE5: 35 | AG5: From LL, dig up source
A6: Mortality rearing, % | B6: 3 | C6: 3 | D6: 3 | E6: 3 | F6: 3 | G6: 3 | H6: 3 | I6: 3 | J6: 3 | K6: 3.8 | L6: 3 | M6: 3 | N6: 3 | O6: 3 | P6: 3 | Q6: 3 | R6: 3 | S6: 3 | T6: 3 | U6: 3 | V6: 3 | W6: 3 | X6: 3 | Y6: 3 | Z6: 3 | AA6: 3 | AB6: 3 | AC6: 3 | AD6: 3 | AE6: 3 | AG6: From LL, dig up source | AI6: Bennetorf & Lindahl, 2016
A7: Rejection after slaughter, % | B7: 2.8 | C7: 2.8 | D7: 2.8 | E7: 2.8 | F7: 2.8 | G7: 2.8 | H7: 2.8 | I7: 2.8 | J7: 2.8 | K7: 2.8 | L7: 2.8 | M7: 2.8 | N7: 2.8 | O7: 2.8 | P7: 2.8 | Q7: 2.8 | R7: 2.8 | S7: 2.8 | T7: 2.8 | U7: 2.8 | V7: 2.8 | W7: 2.8 | X7: 2.8 | Y7: 2.8 | Z7: 2.8 | AA7: 2.8 | AB7: 2.8 | AC7: 2.8 | AD7: 2.8 | AE7: 2.8 | AI7: Jordbruksverket, 2022
A8: Meat yield, kg CW/liveweight | B8: 0.7 | C8: 0.7 | D8: 0.7 | E8: 0.7 | F8: 0.7 | G8: 0.7 | H8: 0.7 | I8: 0.7 | J8: 0.7 | K8: 0.7 | L8: 0.7 | M8: 0.7 | N8: 0.7 | O8: 0.7 | P8: 0.7 | Q8: 0.7 | R8: 0.7 | S8: 0.7 | T8: 0.7 | U8: 0.7 | V8: 0.7 | W8: 0.7 | X8: 0.7 | Y8: 0.7 | Z8: 0.7 | AA8: 0.7 | AB8: 0.7 | AC8: 0.7 | AD8: 0.7 | AE8: 0.7
A9: Meat yield, kg bonefree meat/CW | B9: 0.77 | C9: 0.77 | D9: 0.77 | E9: 0.77 | F9: 0.77 | G9: 0.77 | H9: 0.77 | I9: 0.77 | J9: 0.77 | K9: 0.77 | L9: 0.77 | M9: 0.77 | N9: 0.77 | O9: 0.77 | P9: 0.77 | Q9: 0.77 | R9: 0.77 | S9: 0.77 | T9: 0.77 | U9: 0.77 | V9: 0.77 | W9: 0.77 | X9: 0.77 | Y9: 0.77 | Z9: 0.77 | AA9: 0.77 | AB9: 0.77 | AC9: 0.77 | AD9: 0.77 | AE9: 0.77
A10: Meat yield, kg CW/chicken | B10: 1.4379 | C10: 1.4379 | D10: 1.4379 | E10: 1.4379 | F10: 1.4379 | G10: 1.4379 | H10: 1.4379 | I10: 1.4379 | J10: 1.4379 | K10: 1.4379 | L10: 1.4379 | M10: 1.4379 | N10: 1.4379 | O10: 1.4379 | P10: 1.4379 | Q10: 1.4379 | R10: 1.4379 | S10: 1.4379 | T10: 1.4379 | U10: 1.4379 | V10: 1.4379 | W10: 1.4379 | X10: 1.4379 | Y10: 1.4379 | Z10: 1.4379 | AA10: 1.4379 | AB10: 1.4379 | AC10: 1.4379 | AD10: 1.4379 | AE10: 1.4379 | AG10: From LL, dig up source | AI10: Jordbruksverket (slaktad vikt/slaktade djur)
A11: Meat yield, kg CW/hen | B11: 4.3 | C11: 4.3 | D11: 4.3 | E11: 4.3 | F11: 4.3 | G11: 4.3 | H11: 4.3 | I11: 4.3 | J11: 4.3 | K11: 4.9 | L11: 4.3 | M11: 4.3 | N11: 4.3 | O11: 4.3 | P11: 4.3 | Q11: 4.3 | R11: 4.3 | S11: 4.3 | T11: 4.3 | U11: 4.3 | V11: 4.3 | W11: 4.3 | X11: 4.3 | Y11: 4.3 | Z11: 4.3 | AA11: 4.3 | AB11: 4.3 | AC11: 4.3 | AD11: 4.3 | AE11: 4.3 | AG11: From LL, dig up source | AI11: 4.2-4.4, Ida Ljungkvist
A12: Meat yield, kg CW/roaster | B12: 5 | C12: 5 | D12: 5 | E12: 5 | F12: 5 | G12: 5 | H12: 5 | I12: 5 | J12: 5 | K12: 5 | L12: 5 | M12: 5 | N12: 5 | O12: 5 | P12: 5 | Q12: 5 | R12: 5 | S12: 5 | T12: 5 | U12: 5 | V12: 5 | W12: 5 | X12: 5 | Y12: 5 | Z12: 5 | AA12: 5 | AB12: 5 | AC12: 5 | AD12: 5 | AE12: 5 | AI12: 5 kg, Ida Ljungkvist
A13: Offal yield, kg edible/animal (chicken, hen, roaster) | B13: 0.275 | C13: 0.275 | D13: 0.275 | E13: 0.275 | F13: 0.275 | G13: 0.275 | H13: 0.275 | I13: 0.275 | J13: 0.275 | K13: 0.275 | L13: 0.275 | M13: 0.275 | N13: 0.275 | O13: 0.275 | P13: 0.275 | Q13: 0.275 | R13: 0.275 | S13: 0.275 | T13: 0.275 | U13: 0.275 | V13: 0.275 | W13: 0.275 | X13: 0.275 | Y13: 0.275 | Z13: 0.275 | AA13: 0.275 | AB13: 0.275 | AC13: 0.275 | AD13: 0.275 | AE13: 0.275 | AI13: KunskapsKokboken (hjärta 45 g, muselmage 150 g, lever 80 g)
A14: Eggs per parent hen | B14: 150 | C14: 150 | D14: 150 | E14: 150 | F14: 150 | G14: 150 | H14: 150 | I14: 150 | J14: 150 | K14: 150 | L14: 150 | M14: 150 | N14: 150 | O14: 150 | P14: 150 | Q14: 150 | R14: 150 | S14: 150 | T14: 150 | U14: 150 | V14: 150 | W14: 150 | X14: 150 | Y14: 150 | Z14: 150 | AA14: 150 | AB14: 150 | AC14: 150 | AD14: 150 | AE14: 150 | AI14: Ida Ljungkvist
A15: Parent hens per roaster | B15: 12.5 | C15: 12.5 | D15: 12.5 | E15: 12.5 | F15: 12.5 | G15: 12.5 | H15: 12.5 | I15: 12.5 | J15: 12.5 | K15: 12.5 | L15: 12.5 | M15: 12.5 | N15: 12.5 | O15: 12.5 | P15: 12.5 | Q15: 12.5 | R15: 12.5 | S15: 12.5 | T15: 12.5 | U15: 12.5 | V15: 12.5 | W15: 12.5 | X15: 12.5 | Y15: 12.5 | Z15: 12.5 | AA15: 12.5 | AB15: 12.5 | AC15: 12.5 | AD15: 12.5 | AE15: 12.5 | AI15: Ida Ljungkvist
A16: Mortality parents, % | B16: 8 | C16: 8 | D16: 8 | E16: 8 | F16: 8 | G16: 8 | H16: 8 | I16: 8 | J16: 8 | K16: 8 | L16: 8 | M16: 8 | N16: 8 | O16: 8 | P16: 8 | Q16: 8 | R16: 8 | S16: 8 | T16: 8 | U16: 8 | V16: 8 | W16: 8 | X16: 8 | Y16: 8 | Z16: 8 | AA16: 8 | AB16: 8 | AC16: 8 | AD16: 8 | AE16: 8 | AI16: Ida Ljungkvist
A18: Share of feed ingredients (%)
A19: Barley, average | B19: 0.13880197 | C19: 0.091606903 | D19: 0 | E19: 0.11695101 | F19: 0.3576937 | G19: 0.15495239 | H19: 0.32476622 | I19: 0.046530307 | J19: 0.36213949 | K19: 0.12938618 | L19: 0.12840127 | M19: 0.12227505 | N19: 0.087418006 | O19: 0.30763475 | P19: 0.069755358 | Q19: 0.010251599 | R19: 0.045682815 | S19: 0.16759239 | T19: 0.065976693 | U19: 0.16996899 | V19: 0.046734826 | W19: 0.0015351195 | X19: 0.00039590008 | Y19: 0.12312552 | Z19: 0.218947 | AA19: 0 | AB19: 0.24290688 | AC19: 0.24290688 | AD19: 0.24290688 | AE19: 0.24290688 | AG19: Se om det går att använda denna: | AI19: LCA from RISE, foderstat C, grains delat på alla sädesslag - kolla upp! | AJ19: European feed mixes from Karlsson et al. 2020 for all countries
A20: Maize (corn) | B20: 0.33511299 | C20: 0.13155509 | D20: 0.54552951 | E20: 0.44452068 | F20: 0.19740565 | G20: 0.12121401 | H20: 0.019544149 | I20: 0.009558021 | J20: 0.027285201 | K20: 0.21280975 | L20: 0.19116634 | M20: 0.36571384 | N20: 0.51851225 | O20: 0.08479014 | P20: 0.45612129 | Q20: 0.0045589422 | R20: 0.059441184 | S20: 0.30877373 | T20: 0.19814107 | U20: 0.23283885 | V20: 0.43527572 | W20: 0.39951629 | X20: 0.50619252 | Y20: 0.34829781 | Z20: 0.28877148 | AA20: 0.029 | AB20: 0.011405036 | AC20: 0.011405036 | AD20: 0.011405036 | AE20: 0.011405036 | AG20: https://productions-animales.org/article/view/5396 | AI20: Rest approximated with UK for now | AJ20: BR, TH and US approximated with GB
A21: Oats | B21: 0.010379563 | C21: 0.0092897417 | D21: 0 | E21: 0.060948374 | F21: 0.0013836769 | G21: 0.050556019 | H21: 0.0054547926 | I21: 0.00065141294 | J21: 0.16949283 | K21: 0.014661664 | L21: 2.5558759e-05 | M21: 0.033230482 | N21: 0.04682169 | O21: 0.017732066 | P21: 0.014486342 | Q21: 0.061494854 | R21: 0.045477382 | S21: 0.0069416678 | T21: 0.0021671842 | U21: 0.0050904697 | V21: 0.01326573 | W21: 0.048828546 | X21: 0.030043185 | Y21: 0.018139256 | Z21: 0.034137674 | AA21: 0.049 | AB21: 0.026784717 | AC21: 0.026784717 | AD21: 0.026784717 | AE21: 0.026784717
A22: Rye | B22: 0.025398983 | C22: 0.0020777989 | D22: 0.005651882 | E22: 0.00060703728 | F22: 0 | G22: 0 | H22: 0.0039573904 | I22: 0 | J22: 0.0030629221 | K22: 0.0022515955 | L22: 0.020974186 | M22: 0.0073294725 | N22: 0.018197974 | O22: 0 | P22: 0.0011542188 | Q22: 0 | R22: 0 | S22: 0 | T22: 0.0081550834 | U22: 0.066462864 | V22: 0.00029971474 | W22: 0.0023113487 | X22: 0.00013503019 | Y22: 0.0084436145 | Z22: 0.0090108783 | AA22: 0 | AB22: 0.0012703484 | AC22: 0.0012703484 | AD22: 0.0012703484 | AE22: 0.0012703484
A23: Wheat, average | B23: 0.18920711 | C23: 0.19898022 | D23: 0.060251044 | E23: 0.014335516 | F23: 0.14748783 | G23: 0.4025448 | H23: 0.33524969 | I23: 0.18877613 | J23: 0.037884119 | K23: 0.31521054 | L23: 0.42888207 | M23: 0.0052561606 | N23: 0.0818665 | O23: 0.13212925 | P23: 0.066073028 | Q23: 0.46551967 | R23: 0.43548695 | S23: 0.21985897 | T23: 0.22324493 | U23: 0.2672342 | V23: 0.095453909 | W23: 0.073213246 | X23: 0.048536988 | Y23: 0.24890796 | Z23: 0.18547054 | AA23: 0.591 | AB23: 0.36306225 | AC23: 0.36306225 | AD23: 0.36306225 | AE23: 0.36306225
A24: Peas, dry | B24: 0.0018365818 | C24: 0 | D24: 0 | E24: 0.0024245623 | F24: 0.00067657807 | G24: 0.0013122007 | H24: 0.0006959153 | I24: 0.0040248082 | J24: 0.0037247962 | K24: 0 | L24: 0.00093450155 | M24: 0.0010533674 | N24: 0.0011994594 | O24: 0.0013715569 | P24: 0.0028132125 | Q24: 0.0015919709 | R24: 0.018993498 | S24: 0 | T24: 0 | U24: 0.0041789297 | V24: 0.0028702945 | W24: 0.003349969 | X24: 0.0017240217 | Y24: 0 | Z24: 0.0069661331 | AA24: 0 | AB24: 0.0060909129 | AC24: 0.0060909129 | AD24: 0.0060909129 | AE24: 0.0060909129
A25: Broad beans and horse beans, dry | B25: 0.0018041286 | C25: 0 | D25: 0 | E25: 0.0023817191 | F25: 0.00066462262 | G25: 0.0012890135 | H25: 0.00068361816 | I25: 0.003953688 | J25: 0.0036589774 | K25: 0 | L25: 0.00091798848 | M25: 0.0010347539 | N25: 0.0011782644 | O25: 0.0013473208 | P25: 0.0027635018 | Q25: 0.00156384 | R25: 0.018657874 | S25: 0 | T25: 0 | U25: 0.004105086 | V25: 0.0028195751 | W25: 0.0032907735 | X25: 0.0016935574 | Y25: 0 | Z25: 0.0068430383 | AA25: 0 | AB25: 0.0059832837 | AC25: 0.0059832837 | AD25: 0.0059832837 | AE25: 0.0059832837
A26: Rape seed cake | B26: 0.071767099 | C26: 0.11887736 | D26: 0.0019282223 | E26: 0.011388487 | F26: 0.0051835467 | G26: 0.05580797 | H26: 0.04368996 | I26: 0.036707467 | J26: 0.20053389 | K26: 0.097073459 | L26: 0.094499577 | M26: 0.0011495503 | N26: 0.00051767642 | O26: 0.07343014 | P26: 0.0047386628 | Q26: 0.11099895 | R26: 0.037283067 | S26: 0 | T26: 0.12320055 | U26: 0.030119811 | V26: 0.069220584 | W26: 0.0089876652 | X26: 0.051577992 | Y26: 0.039614142 | Z26: 0.020174582 | AA26: 0.068 | AB26: 0.094633897 | AC26: 0.094633897 | AD26: 0.094633897 | AE26: 0.094633897
A27: Soy cake | B27: 0.10081362 | C27: 0.14455218 | D27: 0.048958215 | E27: 0.17661389 | F27: 0.18330244 | G27: 0.092843535 | H27: 0.10764448 | I27: 0.019178221 | J27: 0.074198354 | K27: 0.087459167 | L27: 0.090801007 | M27: 0.20255816 | N27: 0.098710786 | O27: 0.13973104 | P27: 0.11699212 | Q27: 0.079138296 | R27: 0.1413703 | S27: 0.20010208 | T27: 0.15910749 | U27: 0.10505686 | V27: 0.18854503 | W27: 0.076623107 | X27: 0.1148674 | Y27: 0.00020594878 | Z27: 0.17245935 | AA27: =0.3*0.62 -> 0.186 | AB27: 0.18634937 | AC27: 0.18634937 | AD27: 0.18634937 | AE27: 0.18634937
A28: By-products | B28: 0.090561399 | C28: 0.16248163 | D28: 0.12305697 | E28: 0.094320641 | F28: 0.039284248 | G28: 0.082453002 | H28: 0.017669179 | I28: 0.45814721 | J28: 0.072167354 | K28: 0.080151207 | L28: 0.018113105 | M28: 0.12768205 | N28: 0.077842176 | O28: 0.13800716 | P28: 0.12350411 | Q28: 0.18367698 | R28: 0.11217477 | S28: 0.055344876 | T28: 0.017335419 | U28: 0.051412337 | V28: 0.071006092 | W28: 0.23650161 | X28: 0.15848398 | Y28: 0.10799112 | Z28: 0.02649591 | AA28: 0 | AB28: 0.012143081 | AC28: 0.012143081 | AD28: 0.012143081 | AE28: 0.012143081
A29: Other | B29: 0.034316549 | C29: 0.14057907 | D29: 0.21462416 | E29: 0.075508082 | F29: 0.066917708 | G29: 0.037027066 | H29: 0.14064461 | I29: 0.23247273 | J29: 0.045852073 | K29: 0.060996433 | L29: 0.025284397 | M29: 0.13271712 | N29: 0.067735219 | O29: 0.10382657 | P29: 0.14159815 | Q29: 0.081204888 | R29: 0.085432154 | S29: 0.041386295 | T29: 0.20267158 | U29: 0.063531604 | V29: 0.074508522 | W29: 0.14584233 | X29: 0.086349433 | Y29: 0.10527464 | Z29: 0.030723406 | AA29: =1-SUM(AA19:AA28) -> 0.077 | AB29: 0.049370222 | AC29: 0.049370222 | AD29: 0.049370222 | AE29: 0.049370222
A31: Cereals | B31: =SUM(B19:B23) -> 0.69890062 | C31: =SUM(C19:C23) -> 0.43350976 | D31: =SUM(D19:D23) -> 0.61143244 | E31: =SUM(E19:E23) -> 0.63736262 | F31: =SUM(F19:F23) -> 0.70397085 | G31: =SUM(G19:G23) -> 0.72926721 | H31: =SUM(H19:H23) -> 0.68897224 | I31: =SUM(I19:I23) -> 0.24551587 | ... AE31: =SUM(AE19:AE23) -> 0.64542924
A33: Feed requirement | AI33: Source: | AJ33: Comment:
A34: Feed conversion ratio live slaugher chicken, kg per kg liveweight | B34: 1.52 | C34: 1.52 | D34: 1.52 | E34: 1.52 | F34: 1.52 | G34: 1.52 | H34: 1.52 | I34: 1.52 | J34: 1.52 | K34: 1.52 | L34: 1.52 | M34: 1.52 | N34: 1.52 | O34: 1.52 | P34: 1.52 | Q34: 1.52 | R34: 1.52 | S34: 1.52 | T34: 1.52 | U34: 1.52 | V34: 1.52 | W34: 1.52 | X34: 1.52 | Y34: 1.52 | Z34: 1.52 | AA34: 1.52 | AB34: 1.52 | AC34: 1.52 | AD34: 1.52 | AE34: 1.52 | AG34: Se om det går att använda denna: | AI34: Svensk Fågel, pers. comm., confirmed by Ida Ljungkvist, pers. comm. | AJ34: Feed per kg of liveweight
A35: Feed parent hens, kg per hen | B35: 48 | C35: 48 | D35: 48 | E35: 48 | F35: 48 | G35: 48 | H35: 48 | I35: 48 | J35: 48 | K35: 48 | L35: 48 | M35: 48 | N35: 48 | O35: 48 | P35: 48 | Q35: 48 | R35: 48 | S35: 48 | T35: 48 | U35: 48 | V35: 48 | W35: 48 | X35: 48 | Y35: 48 | Z35: 48 | AA35: 48 | AB35: 48 | AC35: 48 | AD35: 48 | AE35: 48 | AG35: https://productions-animales.org/article/view/5396 | AI35: Ida Ljungkvist, pers. comm. | AJ35: Includes feed for roasters (1 roaster per 12.5 hens)
A36: Feed conversion, kg per kg bonefree including parents and losses | B36: =B34/B8/B9/(1-B6/100)/(1-B7/100)+SUM(Production!B48:B51)*'Parameters, country spec'!B35 -> 3.2757681 | C36: =C34/C8/C9/(1-C6/100)/(1-C7/100)+SUM(Production!C48:C51)*'Parameters, country spec'!C35 -> 3.2757681 | D36: =D34/D8/D9/(1-D6/100)/(1-D7/100)+SUM(Production!D48:D51)*'Parameters, country spec'!D35 -> 3.2757681 | E36: =E34/E8/E9/(1-E6/100)/(1-E7/100)+SUM(Production!E48:E51)*'Parameters, country spec'!E35 -> 3.2757681 | F36: =F34/F8/F9/(1-F6/100)/(1-F7/100)+SUM(Production!F48:F51)*'Parameters, country spec'!F35 -> 3.2757681 | G36: =G34/G8/G9/(1-G6/100)/(1-G7/100)+SUM(Production!G48:G51)*'Parameters, country spec'!G35 -> 3.2757681 | H36: =H34/H8/H9/(1-H6/100)/(1-H7/100)+SUM(Production!H48:H51)*'Parameters, country spec'!H35 -> 3.2757681 | I36: =I34/I8/I9/(1-I6/100)/(1-I7/100)+SUM(Production!I48:I51)*'Parameters, country spec'!I35 -> 3.2757681 | ... AE36: =AE34/AE8/AE9/(1-AE6/100)/(1-AE7/100)+SUM(Production!AE48:AE51)*'Parameters, country spec'!AE35 -> 3.2757681
A38: Excreted N in manure | AL38: France | AM38: Germany | AN38: Greece | AO38: Hungary | AP38: Ireland | AQ38: Italy | AR38: Netherlands | AS38: Poland | AT38: Spain | AU38: Sweden
A39: Slaughter chickens, kg N/animal/year | B39: 0.29 | C39: 0.29 | D39: 0.29 | E39: 0.29 | F39: 0.29 | G39: 0.29 | H39: 0.29 | I39: 0.29 | J39: 0.29 | K39: 0.44843074 | L39: 0.66 | M39: 0.5 | N39: 0.49 | O39: 0.56 | P39: 0.36 | Q39: 0.29 | R39: 0.29 | S39: 0.29 | T39: 0.59901214 | U39: 0.435 | V39: 0.29 | W39: 0.29 | X39: 0.29 | Y39: 0.29 | Z39: 0.64 | AA39: 0.29 | AB39: 0.29 | AC39: 0.29 | AD39: 0.29 | AE39: 0.29 | AI39: NIR, 2022, Table 5.17 | AL39: CRF 2023, Table3.B(b) | AM39: CRF 2023, Table3.B(b) | AN39: CRF 2023, Table3.B(b) | AO39: NIR 2023, Table 5.3.16 | AP39: CRF 2023, Table3.B(b) | AQ39: NIR 2023, 5.31 | AR39: CRF 2023, Table3.B(b) | AS39: NIR 2023, Table 5.3.9 | AU39: NIR, 2022, Table 5.17
A40: Slaughter chickens, kg N/animal | B40: =B39/8.5 -> 0.034117647 | C40: =C39/8.5 -> 0.034117647 | D40: =D39/8.5 -> 0.034117647 | E40: =E39/8.5 -> 0.034117647 | F40: =F39/8.5 -> 0.034117647 | G40: =G39/8.5 -> 0.034117647 | H40: =H39/8.5 -> 0.034117647 | I40: =I39/8.5 -> 0.034117647 | ... AE40: =AE39/8.5 -> 0.034117647 | AI40: NIR, 2022, Table 5.17 (8.5 cycles per year)
A41: Parent and grandparent hens and roaster, kg N/animal/year | B41: 0.6 | C41: 0.6 | D41: 0.6 | E41: 0.6 | F41: 0.6 | G41: 0.6 | H41: 0.6 | I41: 0.6 | J41: 0.6 | K41: 0.44843074 | L41: 0.66 | M41: 0.5 | N41: 0.7 | O41: 0.56 | P41: 0.66 | Q41: 0.6 | R41: 0.6 | S41: 0.6 | T41: 0.59901214 | U41: 0.725 | V41: 0.6 | W41: 0.6 | X41: 0.6 | Y41: 0.6 | Z41: 0.64 | AA41: 0.6 | AB41: 0.6 | AC41: 0.6 | AD41: 0.6 | AE41: 0.6 | AI41: NIR, 2022, Table 5.17 | AJ41: Figure for laying hens | AL41: CRF 2023, Table3.B(b) | AM41: CRF 2023, Table3.B(b) | AN41: CRF 2023, Table3.B(b) | AO41: NIR 2023, Table 5.3.16 | AP41: CRF 2023, Table3.B(b) | AQ41: NIR 2023, 5.31 | AR41: CRF 2023, Table3.B(b) | AS41: NIR 2023, Table 5.3.9 | AU41: NIR, 2022, Table 5.17
A42: Ammonia emissions from excreted N | B42: 0.17 | C42: 0.17 | D42: 0.17 | E42: 0.17 | F42: 0.17 | G42: 0.17 | H42: 0.17 | I42: 0.17 | J42: 0.17 | K42: 0.17 | L42: 0.17 | M42: 0.17 | N42: 0.17 | O42: 0.17 | P42: 0.17 | Q42: 0.17 | R42: 0.17 | S42: 0.17 | T42: 0.17 | U42: 0.17 | V42: 0.17 | W42: 0.17 | X42: 0.17 | Y42: 0.17 | Z42: 0.17 | AA42: 0.17 | AB42: 0.17 | AC42: 0.17 | AD42: 0.17 | AE42: 0.17 | AI42: EMEP/EEA 2019. Table 3.2, Broilers, litter, Tier 1 approach
A43: Excreted N, kg N per kg of bonefree meat/offal | B43: =Production!B47*B40+SUM(Production!B48:B51)*B41 -> 0.029221803 | C43: =Production!C47*C40+SUM(Production!C48:C51)*C41 -> 0.029221803 | D43: =Production!D47*D40+SUM(Production!D48:D51)*D41 -> 0.029221803 | E43: =Production!E47*E40+SUM(Production!E48:E51)*E41 -> 0.029221803 | F43: =Production!F47*F40+SUM(Production!F48:F51)*F41 -> 0.029221803 | G43: =Production!G47*G40+SUM(Production!G48:G51)*G41 -> 0.029221803 | H43: =Production!H47*H40+SUM(Production!H48:H51)*H41 -> 0.029221803 | I43: =Production!I47*I40+SUM(Production!I48:I51)*I41 -> 0.029221803 | ... AE43: =Production!AE47*AE40+SUM(Production!AE48:AE51)*AE41 -> 0.029221803
A44: Losses due to direct N2O emissions, kg N per kg N excreted | B44: =B50 -> 0.001 | C44: =C50 -> 0.001 | D44: =D50 -> 0.001 | E44: =E50 -> 0.001 | F44: =F50 -> 0.001 | G44: =G50 -> 0.001 | H44: =H50 -> 0.001 | I44: =I50 -> 0.001 | ... AE44: =AE50 -> 0.001
A45: Losses due to indirect N2O emissions, kg N per kg N excreted | B45: =(B43-B44*28/44)*B42*B51 -> 4.8595247e-05 | C45: =(C43-C44*28/44)*C42*C51 -> 4.8595247e-05 | D45: =(D43-D44*28/44)*D42*D51 -> 4.8595247e-05 | E45: =(E43-E44*28/44)*E42*E51 -> 4.8595247e-05 | F45: =(F43-F44*28/44)*F42*F51 -> 4.8595247e-05 | G45: =(G43-G44*28/44)*G42*G51 -> 4.8595247e-05 | H45: =(H43-H44*28/44)*H42*H51 -> 4.8595247e-05 | I45: =(I43-I44*28/44)*I42*I51 -> 4.8595247e-05 | ... AE45: =(AE43-AE44*28/44)*AE42*AE51 -> 4.8595247e-05
A46: Excreted N after losses, kg N per kg bonefree meat | B46: =B43-B44-B45 -> 0.028173208 | C46: =C43-C44-C45 -> 0.028173208 | D46: =D43-D44-D45 -> 0.028173208 | E46: =E43-E44-E45 -> 0.028173208 | F46: =F43-F44-F45 -> 0.028173208 | G46: =G43-G44-G45 -> 0.028173208 | H46: =H43-H44-H45 -> 0.028173208 | I46: =I43-I44-I45 -> 0.028173208 | ... AE46: =AE43-AE44-AE45 -> 0.028173208
A48: Emission factors manure management
A49: Methane from manure management, kg CH4/animal/year | B49: 0.02 | C49: 0.02 | D49: 0.02 | E49: 0.02 | F49: 0.02 | G49: 0.02 | H49: 0.02 | I49: 0.02 | J49: 0.02 | K49: 0.02 | L49: 0.03 | M49: 0.03 | N49: 0.02 | O49: 0.021 | P49: 0.02 | Q49: 0.02 | R49: 0.02 | S49: 0.02 | T49: 0.028793856 | U49: 0.03 | V49: 0.02 | W49: 0.02 | X49: 0.02 | Y49: 0.02 | Z49: 0.027157269 | AA49: 0.02 | AB49: 0.02 | AC49: 0.02 | AD49: 0.02 | AE49: 0.02 | AI49: IPCC, 2019 | AJ49: NIR uses the same factor, Table 5.16, RISE gets it from Greppa | AL49: CRF 2023, Table3.B(b) | AM49: CRF 2023, Table3.B(b) | AN49: CRF 2023, Table3.B(b) | AO49: CRF 2023, Table3.B(b) | AP49: CRF 2023, Table3.B(b). In CRF 0.21, assumed that they forgot a zero and adjusted to 0.021 | AQ49: NIR 2023, 5.31 | AR49: CRF 2023, Table3.B(b) | AS49: NIR 2023, Table 5.3.9 | AT49: CRF 2023, Table3.B(b)
A50: Direct nitrous oxide from poultry manure, kg N2O-N/N | B50: 0.001 | C50: 0.001 | D50: 0.001 | E50: 0.001 | F50: 0.001 | G50: 0.001 | H50: 0.001 | I50: 0.001 | J50: 0.001 | K50: 0.001 | L50: 0.001 | M50: 0.001 | N50: 0.001 | O50: 0.001 | P50: 0.001 | Q50: 0.001 | R50: 0.001 | S50: 0.001 | T50: 0.001 | U50: 0.001 | V50: 0.001 | W50: 0.001 | X50: 0.001 | Y50: 0.001 | Z50: 0.001 | AA50: 0.001 | AB50: 0.001 | AC50: 0.001 | AD50: 0.001 | AE50: 0.001 | AI50: IPCC, 2019, Table 10.21 (Poultry manure with litter) | AJ50: Emissions from manure storage, 1% i NIR Table 5.18, but RISE also uses 0.1%
A51: Indirect nitrous oxide from poultry manure, kg N2O-N/NH3-N | B51: 0.01 | C51: 0.01 | D51: 0.01 | E51: 0.01 | F51: 0.01 | G51: 0.01 | H51: 0.01 | I51: 0.01 | J51: 0.01 | K51: 0.01 | L51: 0.01 | M51: 0.01 | N51: 0.01 | O51: 0.01 | P51: 0.01 | Q51: 0.01 | R51: 0.01 | S51: 0.01 | T51: 0.01 | U51: 0.01 | V51: 0.01 | W51: 0.01 | X51: 0.01 | Y51: 0.01 | Z51: 0.01 | AA51: 0.01 | AB51: 0.01 | AC51: 0.01 | AD51: 0.01 | AE51: 0.01 | AI51: IPCC, 2019, Table 11.3, EF4 | AJ51: RISE uses 1%, but Emma had 0.1% but NIR, 2022 also refers EF4 (p. 342)
A53: Energy use in stables
A54: Total energy use, kWh/kg CW | B54: 0.35 | C54: 0.35 | D54: 0.35 | E54: 0.35 | F54: 0.35 | G54: 0.35 | H54: 0.35 | I54: 0.35 | J54: 0.35 | K54: 0.35 | L54: 0.35 | M54: 0.35 | N54: 0.35 | O54: 0.35 | P54: 0.35 | Q54: 0.35 | R54: 0.35 | S54: 0.35 | T54: 0.35 | U54: 0.35 | V54: 0.35 | W54: 0.35 | X54: 0.35 | Y54: 0.35 | Z54: 0.35 | AA54: 0.35 | AB54: 0.35 | AC54: 0.35 | AD54: 0.35 | AE54: 0.35 | AI54: SVENSK FÅGEL undated-a. Energikartläggning Kyckling [Online]. Available: https://svenskfagel.se/wp-content/uploads/2017/09/energikartlaggning_kyckling.pdf [Accessed Sept 2021]
A55: Share for heating | B55: 0.8 | C55: 0.8 | D55: 0.8 | E55: 0.8 | F55: 0.8 | G55: 0.8 | H55: 0.8 | I55: 0.8 | J55: 0.8 | K55: 0.8 | L55: 0.8 | M55: 0.8 | N55: 0.8 | O55: 0.8 | P55: 0.8 | Q55: 0.8 | R55: 0.8 | S55: 0.8 | T55: 0.8 | U55: 0.8 | V55: 0.8 | W55: 0.8 | X55: 0.8 | Y55: 0.8 | Z55: 0.8 | AA55: 0.8 | AB55: 0.8 | AC55: 0.8 | AD55: 0.8 | AE55: 0.8 | AI55: SVENSK FÅGEL undated-a. Energikartläggning Kyckling [Online]. Available: https://svenskfagel.se/wp-content/uploads/2017/09/energikartlaggning_kyckling.pdf [Accessed Sept 2021]
A56: Share biofuels for heating | B56: 0.5 | C56: 0.5 | D56: 0.5 | E56: 0.5 | F56: 0.5 | G56: 0.5 | H56: 0.5 | I56: 0.5 | J56: 0.5 | K56: 0.5 | L56: 0.5 | M56: 0.5 | N56: 0.5 | O56: 0.5 | P56: 0.5 | Q56: 0.5 | R56: 0.5 | S56: 0.5 | T56: 0.5 | U56: 0.5 | V56: 0.5 | W56: 0.5 | X56: 0.5 | Y56: 0.5 | Z56: 0.5 | AA56: 0.5 | AB56: 0.5 | AC56: 0.5 | AD56: 0.5 | AE56: 0.5 | AI56: SVENSK FÅGEL undated-b. Kyckling är klimatsmartare [Online]. Available: https://svenskfagel.se/wp-content/uploads/2018/10/Klimat-150306-MO1-1.pdf
AI57: Men Katarina skriver att de har en högre andel icke-förnybart så att totalen från energianvändningen blir 0.05, vilket motsvarar 50% förnybart här
A58: Energy use at slaughter
A59: Energy use electricity, kWh/kg CW | B59: 0.4 | C59: 0.4 | D59: 0.4 | E59: 0.4 | F59: 0.4 | G59: 0.4 | H59: 0.4 | I59: 0.4 | J59: 0.4 | K59: 0.4 | L59: 0.4 | M59: 0.4 | N59: 0.4 | O59: 0.4 | P59: 0.4 | Q59: 0.4 | R59: 0.4 | S59: 0.4 | T59: 0.4 | U59: 0.4 | V59: 0.4 | W59: 0.4 | X59: 0.4 | Y59: 0.4 | Z59: 0.4 | AA59: 0.4 | AB59: 0.4 | AC59: 0.1 | AD59: 0.1 | AE59: 0.1 | AI59: Edman et al. 2022
A60: Energy use heating oil, kWh/kg CW | B60: 0.02 | C60: 0.02 | D60: 0.02 | E60: 0.02 | F60: 0.02 | G60: 0.02 | H60: 0.02 | I60: 0.02 | J60: 0.02 | K60: 0.02 | L60: 0.02 | M60: 0.02 | N60: 0.02 | O60: 0.02 | P60: 0.02 | Q60: 0.02 | R60: 0.02 | S60: 0.02 | T60: 0.02 | U60: 0.02 | V60: 0.02 | W60: 0.02 | X60: 0.02 | Y60: 0.02 | Z60: 0.02 | AA60: 0.02 | AB60: 0.02 | AC60: 0.9 | AD60: 0.9 | AE60: 0.9 | AI60: https://svenskfagel.se/wp-content/uploads/2022/11/klimatavtryck-sv-kyckling-foder-information-november-2022-publik.pdf
A62: Emission factors electricity
A63: Electricity, kg CO2e/kWh | B63: =B64+EF_el_CH4_AT*CF_GWP_CH4_fossil+EF_el_N2O_AT*CF_GWP_N2O -> 0.3133257 | C63: =C64+EF_el_CH4_BE*CF_GWP_CH4_fossil+EF_el_N2O_BE*CF_GWP_N2O -> 0.24543516 | D63: =D64+EF_el_CH4_BG*CF_GWP_CH4_fossil+EF_el_N2O_BG*CF_GWP_N2O -> 0.58960886 | E63: =E64+EF_el_CH4_HR*CF_GWP_CH4_fossil+EF_el_N2O_HR*CF_GWP_N2O -> 0.50642657 | F63: =F64+EF_el_CH4_CY*CF_GWP_CH4_fossil+EF_el_N2O_CY*CF_GWP_N2O -> 1.0523332 | G63: =G64+EF_el_CH4_CZ*CF_GWP_CH4_fossil+EF_el_N2O_CZ*CF_GWP_N2O -> 0.70443412 | H63: =H64+EF_el_CH4_DK*CF_GWP_CH4_fossil+EF_el_N2O_DK*CF_GWP_N2O -> 0.39096643 | I63: =I64+EF_el_CH4_EE*CF_GWP_CH4_fossil+EF_el_N2O_EE*CF_GWP_N2O -> 0.86817057 | J63: =J64+EF_el_CH4_FI*CF_GWP_CH4_fossil+EF_el_N2O_FI*CF_GWP_N2O -> 0.32048717 | K63: =K64+EF_el_CH4_FR*CF_GWP_CH4_fossil+EF_el_N2O_FR*CF_GWP_N2O -> 0.097389846 | L63: =L64+EF_el_CH4_DE*CF_GWP_CH4_fossil+EF_el_N2O_DE*CF_GWP_N2O -> 0.49559221 | M63: =M64+EF_el_CH4_GR*CF_GWP_CH4_fossil+EF_el_N2O_GR*CF_GWP_N2O -> 0.6838336 | N63: =N64+EF_el_CH4_HU*CF_GWP_CH4_fossil+EF_el_N2O_HU*CF_GWP_N2O -> 0.47422491 | O63: =O64+EF_el_CH4_IE*CF_GWP_CH4_fossil+EF_el_N2O_IE*CF_GWP_N2O -> 0.40838709 | P63: =P64+EF_el_CH4_IT*CF_GWP_CH4_fossil+EF_el_N2O_IT*CF_GWP_N2O -> 0.43143257 | Q63: =Q64+EF_el_CH4_LV*CF_GWP_CH4_fossil+EF_el_N2O_LV*CF_GWP_N2O -> 0.6965492 | R63: =R64+EF_el_CH4_LT*CF_GWP_CH4_fossil+EF_el_N2O_LT*CF_GWP_N2O -> 0.55789041 | S63: =S64+EF_el_CH4_MT*CF_GWP_CH4_fossil+EF_el_N2O_MT*CF_GWP_N2O -> 0.46102256 | T63: =T64+EF_el_CH4_NL*CF_GWP_CH4_fossil+EF_el_N2O_NL*CF_GWP_N2O -> 0.53148366 | U63: =U64+EF_el_CH4_PL*CF_GWP_CH4_fossil+EF_el_N2O_PL*CF_GWP_N2O -> 1.0362621 | V63: =V64+EF_el_CH4_PT*CF_GWP_CH4_fossil+EF_el_N2O_PT*CF_GWP_N2O -> 0.38577563 | W63: =W64+EF_el_CH4_RO*CF_GWP_CH4_fossil+EF_el_N2O_RO*CF_GWP_N2O -> 0.43802969 | X63: =X64+EF_el_CH4_SK*CF_GWP_CH4_fossil+EF_el_N2O_SK*CF_GWP_N2O -> 0.45369091 | Y63: =Y64+EF_el_CH4_SI*CF_GWP_CH4_fossil+EF_el_N2O_SI*CF_GWP_N2O -> 0.39701304 | Z63: =Z64+EF_el_CH4_ES*CF_GWP_CH4_fossil+EF_el_N2O_ES*CF_GWP_N2O -> 0.29612657 | AA63: =AA64+EF_el_CH4_SE*CF_GWP_CH4_fossil+EF_el_N2O_SE*CF_GWP_N2O -> 0.093610106 | AB63: =AB64+EF_el_CH4_GB*CF_GWP_CH4_fossil+EF_el_N2O_GB*CF_GWP_N2O -> 0.41464558 | AC63: =AC64+EF_el_CH4_BR*CF_GWP_CH4_fossil+EF_el_N2O_BR*CF_GWP_N2O -> 0.30803632 | AD63: =AD64+EF_el_CH4_TH*CF_GWP_CH4_fossil+EF_el_N2O_TH*CF_GWP_N2O -> 0.78041622 | AE63: =AE64+EF_el_CH4_US*CF_GWP_CH4_fossil+EF_el_N2O_US*CF_GWP_N2O -> 0.55384183 | AI63: ecoinvent; market for electricity, low voltage
A64: Electricity, kg CO2/kWh | B64: 0.28851591 | C64: 0.23095951 | D64: 0.57204146 | E64: 0.47437851 | F64: 0.96559461 | G64: 0.67816827 | H64: 0.37053204 | I64: 0.78341746 | J64: 0.29721177 | K64: 0.087112695 | L64: 0.4635034 | M64: 0.63996298 | N64: 0.43715185 | O64: 0.39187201 | P64: 0.37797633 | Q64: 0.62346264 | R64: 0.50297992 | S64: 0.3995048 | T64: 0.49673189 | U64: 0.97545106 | V64: 0.3469618 | W64: 0.42277052 | X64: 0.42641705 | Y64: 0.37938638 | Z64: 0.26811508 | AA64: 0.08845034 | AB64: 0.39396369 | AC64: 0.26927825 | AD64: 0.71262143 | AE64: 0.52549509
A65: Electricity, kg CH4/kWh | B65: 0.00070014499 | C65: 0.00038889368 | D65: 0.00048212535 | E65: 0.00091652308 | F65: 0.0024398652 | G65: 0.00076142131 | H65: 0.00051107442 | I65: 0.0024732353 | J65: 0.0006035399 | K65: 0.00027007621 | L65: 0.00088663107 | M65: 0.0012704162 | N65: 0.00110375 | O65: 0.00042231405 | P65: 0.0016431484 | Q65: 0.0021463326 | R65: 0.001529524 | S65: 0.0019229864 | T65: 0.00098347245 | U65: 0.0018794008 | V65: 0.0011803225 | W65: 0.0004116968 | X65: 0.00078863288 | Y65: 0.00046799763 | Z65: 0.00082878482 | AA65: 9.8278549e-05 | AB65: 0.00056578727 | AC65: 0.00098059261 | AD65: 0.002111635 | AE65: 0.00081540695
A66: Electricity, kg N2O/kWh | B66: 1.4452279e-05 | C66: 1.0573695e-05 | D66: 1.1721837e-05 | E66: 1.7346776e-05 | F66: 5.1394248e-05 | G66: 1.3097037e-05 | H66: 1.9063664e-05 | I66: 4.0478731e-05 | J66: 1.9376965e-05 | K66: 8.1643941e-06 | L66: 2.0759e-05 | M66: 2.2022764e-05 | N66: 1.5316174e-05 | O66: 1.4396031e-05 | P66: 1.6448396e-05 | Q66: 3.342799e-05 | R66: 3.4178312e-05 | S66: 1.5431357e-05 | T66: 1.9942432e-05 | U66: 1.7600493e-05 | V66: 1.3334115e-05 | W66: 1.0954603e-05 | X66: 1.3819053e-05 | Y66: 1.3481073e-05 | Z66: 1.2138092e-05 | AA66: 8.1724008e-06 | AB66: 1.3997937e-05 | AC66: 3.4931897e-05 | AD66: 1.783173e-05 | AE66: 1.4826421e-05
A68: Emission factors changes in SOC and LUC
