Workbook
Name Ability_to_perceive_handling: 'Parameters, general'!$B$20
Name Bonefree_outof_CW_AT: 'Parameters, country spec'!#REF!
Name Bonefree_outof_CW_BE: 'Parameters, country spec'!#REF!
Name Bonefree_outof_CW_BG: 'Parameters, country spec'!#REF!
Name Bonefree_outof_CW_BR: 'Parameters, country spec'!#REF!
Name Bonefree_outof_CW_CY: 'Parameters, country spec'!#REF!
Name Bonefree_outof_CW_CZ: 'Parameters, country spec'!#REF!
Name Bonefree_outof_CW_DE: 'Parameters, country spec'!$D$9
Name Bonefree_outof_CW_DK: 'Parameters, country spec'!$B$9
Name Bonefree_outof_CW_EE: 'Parameters, country spec'!#REF!
Name Bonefree_outof_CW_ES: 'Parameters, country spec'!$K$9
Name Bonefree_outof_CW_FI: 'Parameters, country spec'!#REF!
Name Bonefree_outof_CW_FR: 'Parameters, country spec'!$C$9
Name Bonefree_outof_CW_GB: 'Parameters, country spec'!$M$9
Name Bonefree_outof_CW_GR: 'Parameters, country spec'!$E$9
Name Bonefree_outof_CW_HR: 'Parameters, country spec'!#REF!
Name Bonefree_outof_CW_HU: 'Parameters, country spec'!$F$9
Name Bonefree_outof_CW_IE: 'Parameters, country spec'!$G$9
Name Bonefree_outof_CW_IT: 'Parameters, country spec'!$H$9
Name Bonefree_outof_CW_LT: 'Parameters, country spec'!#REF!
Name Bonefree_outof_CW_LV: 'Parameters, country spec'!#REF!
Name Bonefree_outof_CW_MT: 'Parameters, country spec'!#REF!
Name Bonefree_outof_CW_NL: 'Parameters, country spec'!$I$9
Name Bonefree_outof_CW_PL: 'Parameters, country spec'!$J$9
Name Bonefree_outof_CW_PT: 'Parameters, country spec'!#REF!
Name Bonefree_outof_CW_RO: 'Parameters, country spec'!#REF!
Name Bonefree_outof_CW_SE: 'Parameters, country spec'!$L$9
Name Bonefree_outof_CW_SI: 'Parameters, country spec'!#REF!
Name Bonefree_outof_CW_SK: 'Parameters, country spec'!#REF!
Name Bonefree_outof_CW_TH: 'Parameters, country spec'!#REF!
Name Bonefree_outof_CW_US: 'Parameters, country spec'!#REF!
Name CF_biog_CH4: '[1]CF climate'!$C$5
Name CF_fossil_CH4: '[1]CF climate'!$D$5
Name CF_GWP_CH4_fossil: 'Parameters, general'!$B$15
Name CF_GWP_N2O: 'Parameters, general'!$B$17
Name CF_N2O: '[1]CF climate'!$E$5
Name CH4_bio_codes: '[1]Crops CH4, bio'!$A$6:$A$118
Name CH4_bio_data: '[1]Crops CH4, bio'!$E$6:$N$118
Name CH4_codes: '[1]Crops CH4, fossil'!$A$6:$A$118
Name CH4_data: '[1]Crops CH4, fossil'!$E$6:$N$118
Name CO2_codes: '[1]Crops CO2'!$A$6:$A$118
Name CO2_data: '[1]Crops CO2'!$E$6:$N$118
Name Crop_data: '[1]Crops, input data per ha'!$A$6:$Z$118
Name Crop_data_codes: '[1]Crops, input data per ha'!$A$6:$A$118
Name CY: 'Parameters, country spec'!#REF!
Name EF_ammonia_AT: 'Parameters, country spec'!#REF!
Name EF_ammonia_BE: 'Parameters, country spec'!#REF!
Name EF_ammonia_BG: 'Parameters, country spec'!#REF!
Name EF_ammonia_BR: 'Parameters, country spec'!#REF!
Name EF_ammonia_CY: 'Parameters, country spec'!#REF!
Name EF_ammonia_CZ: 'Parameters, country spec'!#REF!
Name EF_ammonia_DE: 'Parameters, country spec'!$D$42
Name EF_ammonia_DK: 'Parameters, country spec'!$B$42
Name EF_ammonia_EE: 'Parameters, country spec'!#REF!
Name EF_ammonia_ES: 'Parameters, country spec'!$K$42
Name EF_ammonia_FI: 'Parameters, country spec'!#REF!
Name EF_ammonia_FR: 'Parameters, country spec'!$C$42
Name EF_ammonia_GB: 'Parameters, country spec'!$M$42
Name EF_ammonia_GR: 'Parameters, country spec'!$E$42
Name EF_ammonia_HR: 'Parameters, country spec'!#REF!

Sheet README
A2: Read me
A4: This is a file that contains the calculations of environmental footprints, labour requirements, animal welfare and use of antibiotics for chicken production.
A7: Assumptions:
A8: - All parent animals are also eaten
A9: - Impacts are allocated equally across flesh and offals
A13: Tab color codes:
B15: Results
B16: Sheets for input
B17: Intermediate calculations
B18: Figures
A20: Att göra:
A23: Se om det går att få ut en foderstat för denna från Frankrike https://productions-animales.org/article/view/5396
A24: Gödselemissioner från NIR - är det klart? Kolla med Ludvig
A25: Justera till landsspecifik energianvändning https://www.mdpi.com/2076-3417/12/4/2142
A26: Vattenanvändning per land - OBS att detta är för anv i stallar, inte foderodlingen

Sheet Figures
A2: Figures
A4: Greenhouse gas emission for bonefree chicken meat across countries, to farmgate including slaughter, no waste
A42: Lesschen:
J45: Order in this study: | L45: Order in Lesschen:
J47: Poland | L47: Netherlands
J48: UK | L48: Greece
J49: Netherlands | L49: Poland
J50: Denmark | L50: Germany
J51: Sweden | L51: Hungary
J52: Greece | L52: Ireland
J53: Germany | L53: UK
J54: Spain | L54: Denmark
J55: Ireland | L55: Italy
J56: France | L56: France
J57: Italy | L57: Spain
J58: Hungary | L58: Sweden
B71: Production of mineral fertilizer | C71: Production of capital goods | D71: Emissions from soil | E71: Diesel use field machinary | F71: Energy use for feed processing | G71: Land use change emissions | H71: Feed transports | I71: Enteric fermentation | J71: Manure management | K71: Energy use in stables | L71: Energy use for slaughter | M71: Tot
A72: Poland | B72: ='GHG detailed, results per kg'!H51 -> 0.23803531 | C72: ='GHG detailed, results per kg'!I51 -> 0.090380114 | D72: ='GHG detailed, results per kg'!J51+'GHG detailed, results per kg'!K51 -> 0.35702712 | E72: ='GHG detailed, results per kg'!L51+'GHG detailed, results per kg'!N51 -> 0.13266084 | F72: ='GHG detailed, results per kg'!O51 -> 0.15985879 | G72: ='GHG detailed, results per kg'!P51 -> 0.10943919 | H72: ='GHG detailed, results per kg'!R51 -> 0.09632315 | I72: ='GHG detailed, results per kg'!S51 -> 0 | J72: ='GHG detailed, results per kg'!T51 -> 0.1386938 | K72: ='GHG detailed, results per kg'!W51 -> 0.15074932 | L72: ='GHG detailed, results per kg'!X51 -> 0.54600896 | M72: =SUM(B72:L72) -> 2.0191766
A73: UK | B73: ='GHG detailed, results per kg'!H66 -> 0.28892789 | C73: ='GHG detailed, results per kg'!I66 -> 0.09015126 | D73: ='GHG detailed, results per kg'!J66+'GHG detailed, results per kg'!K66 -> 0.46015496 | E73: ='GHG detailed, results per kg'!L66+'GHG detailed, results per kg'!N66 -> 0.10133222 | F73: ='GHG detailed, results per kg'!O66 -> 0.12778529 | G73: ='GHG detailed, results per kg'!P66 -> 0.19408949 | H73: ='GHG detailed, results per kg'!R66 -> 0.17830096 | I73: ='GHG detailed, results per kg'!S66 -> 0 | J73: ='GHG detailed, results per kg'!T66 -> 0.093263729 | K73: ='GHG detailed, results per kg'!W66 -> 0.094238727 | L73: ='GHG detailed, results per kg'!X66 -> 0.22309127 | M73: =SUM(B73:L73) -> 1.8513358
A74: Netherlands | B74: ='GHG detailed, results per kg'!H46 -> 0.18889798 | C74: ='GHG detailed, results per kg'!I46 -> 0.088547668 | D74: ='GHG detailed, results per kg'!J46+'GHG detailed, results per kg'!K46 -> 0.38352742 | E74: ='GHG detailed, results per kg'!L46+'GHG detailed, results per kg'!N46 -> 0.098272513 | F74: ='GHG detailed, results per kg'!O46 -> 0.13182431 | G74: ='GHG detailed, results per kg'!P46 -> 0.16580919 | H74: ='GHG detailed, results per kg'!R46 -> 0.16108315 | I74: ='GHG detailed, results per kg'!S46 -> 0 | J74: ='GHG detailed, results per kg'!T46 -> 0.1510445 | K74: ='GHG detailed, results per kg'!W46 -> 0.10486037 | L74: ='GHG detailed, results per kg'!X46 -> 0.28378637 | M74: =SUM(B74:L74) -> 1.7576535
A75: Denmark | B75: ='GHG detailed, results per kg'!H11 -> 0.24971371 | C75: ='GHG detailed, results per kg'!I11 -> 0.090853563 | D75: ='GHG detailed, results per kg'!J11+'GHG detailed, results per kg'!K11 -> 0.48955719 | E75: ='GHG detailed, results per kg'!L11+'GHG detailed, results per kg'!N11 -> 0.099457169 | F75: ='GHG detailed, results per kg'!O11 -> 0.12602944 | G75: ='GHG detailed, results per kg'!P11 -> 0.11199554 | H75: ='GHG detailed, results per kg'!R11 -> 0.10108349 | I75: ='GHG detailed, results per kg'!S11 -> 0 | J75: ='GHG detailed, results per kg'!T11 -> 0.093263729 | K75: ='GHG detailed, results per kg'!W11 -> 0.092086077 | L75: ='GHG detailed, results per kg'!X11 -> 0.21079041 | M75: =SUM(B75:L75) -> 1.6648303
A76: Sweden | B76: ='GHG detailed, results per kg'!H61 -> 0.25129264 | C76: ='GHG detailed, results per kg'!I61 -> 0.092035735 | D76: ='GHG detailed, results per kg'!J61+'GHG detailed, results per kg'!#REF! -> #REF! | E76: ='GHG detailed, results per kg'!L61+'GHG detailed, results per kg'!N61 -> 0.11182227 | F76: ='GHG detailed, results per kg'!O61 -> 0.11472904 | G76: ='GHG detailed, results per kg'!P61 -> 0.19366753 | H76: ='GHG detailed, results per kg'!R61 -> 0.17244619 | I76: ='GHG detailed, results per kg'!S61 -> 0 | J76: ='GHG detailed, results per kg'!T61 -> 0.093263729 | K76: ='GHG detailed, results per kg'!W61 -> 0.065053683 | L76: ='GHG detailed, results per kg'!X61 -> 0.056319595 | M76: =SUM(B76:L76) -> #REF!
A77: Greece | B77: ='GHG detailed, results per kg'!H26 -> 0.12850413 | C77: ='GHG detailed, results per kg'!I26 -> 0.081097112 | D77: ='GHG detailed, results per kg'!J26+'GHG detailed, results per kg'!K26 -> 0.11730113 | E77: ='GHG detailed, results per kg'!L26+'GHG detailed, results per kg'!N26 -> 0.15210488 | F77: ='GHG detailed, results per kg'!O26 -> 0.12393547 | G77: ='GHG detailed, results per kg'!P26 -> 0.21074569 | H77: ='GHG detailed, results per kg'!R26 -> 0.17453023 | I77: ='GHG detailed, results per kg'!S26 -> 0 | J77: ='GHG detailed, results per kg'!T26 -> 0.14380684 | K77: ='GHG detailed, results per kg'!W26 -> 0.11871036 | L77: ='GHG detailed, results per kg'!X26 -> 0.3629292 | M77: =SUM(B77:L77) -> 1.613665
A78: Germany | B78: ='GHG detailed, results per kg'!H21 -> 0.22779948 | C78: ='GHG detailed, results per kg'!I21 -> 0.090347174 | D78: ='GHG detailed, results per kg'!J21+'GHG detailed, results per kg'!K21 -> 0.34558455 | E78: ='GHG detailed, results per kg'!L21+'GHG detailed, results per kg'!N21 -> 0.090175519 | F78: ='GHG detailed, results per kg'!O21 -> 0.13396724 | G78: ='GHG detailed, results per kg'!P21 -> 0.094471241 | H78: ='GHG detailed, results per kg'!R21 -> 0.097794323 | I78: ='GHG detailed, results per kg'!S1 -> 0 | J78: ='GHG detailed, results per kg'!T21 -> 0.16129506 | K78: ='GHG detailed, results per kg'!W21 -> 0.10159751 | L78: ='GHG detailed, results per kg'!X21 -> 0.26514147 | M78: =SUM(B78:L78) -> 1.6081736
A79: Spain | B79: ='GHG detailed, results per kg'!H56 -> 0.16629826 | C79: ='GHG detailed, results per kg'!I56 -> 0.091990033 | D79: ='GHG detailed, results per kg'!J56+'GHG detailed, results per kg'!K56 -> 0.22550367 | E79: ='GHG detailed, results per kg'!L56+'GHG detailed, results per kg'!N56 -> 0.17747389 | F79: ='GHG detailed, results per kg'!O56 -> 0.12052009 | G79: ='GHG detailed, results per kg'!P56 -> 0.17947456 | H79: ='GHG detailed, results per kg'!R56 -> 0.15094581 | I79: ='GHG detailed, results per kg'!S56 -> 0 | J79: ='GHG detailed, results per kg'!T56 -> 0.1506608 | K79: ='GHG detailed, results per kg'!W56 -> 0.083464271 | L79: ='GHG detailed, results per kg'!X56 -> 0.16152295 | M79: =SUM(B79:L79) -> 1.5078543
A80: Ireland | B80: ='GHG detailed, results per kg'!H36 -> 0.12006494 | C80: ='GHG detailed, results per kg'!I36 -> 0.069390558 | D80: ='GHG detailed, results per kg'!J36+'GHG detailed, results per kg'!K36 -> 0.29117875 | E80: ='GHG detailed, results per kg'!L36+'GHG detailed, results per kg'!N36 -> 0.075023333 | F80: ='GHG detailed, results per kg'!O36 -> 0.10049496 | G80: ='GHG detailed, results per kg'!P36 -> 0.14537906 | H80: ='GHG detailed, results per kg'!R36 -> 0.13484734 | I80: ='GHG detailed, results per kg'!S36 -> 0 | J80: ='GHG detailed, results per kg'!T36 -> 0.12361808 | K80: ='GHG detailed, results per kg'!W36 -> 0.093669772 | L80: ='GHG detailed, results per kg'!X36 -> 0.2198401 | M80: =SUM(B80:L80) -> 1.3735069
A81: France | B81: ='GHG detailed, results per kg'!H16 -> 0.25670205 | C81: ='GHG detailed, results per kg'!I16 -> 0.084528256 | D81: ='GHG detailed, results per kg'!J16+'GHG detailed, results per kg'!K16 -> 0.34183843 | E81: ='GHG detailed, results per kg'!L16+'GHG detailed, results per kg'!N16 -> 0.093381308 | F81: ='GHG detailed, results per kg'!O16 -> 0.10830226 | G81: ='GHG detailed, results per kg'!P16 -> 0.091730991 | H81: ='GHG detailed, results per kg'!R16 -> 0.096283526 | I81: ='GHG detailed, results per kg'!S16 -> 0 | J81: ='GHG detailed, results per kg'!T16 -> 0.11017856 | K81: ='GHG detailed, results per kg'!W16 -> 0.065397296 | L81: ='GHG detailed, results per kg'!X16 -> 0.058283097 | M81: =SUM(B81:L81) -> 1.3066258
A82: Italy | B82: ='GHG detailed, results per kg'!H41 -> 0.20126111 | C82: ='GHG detailed, results per kg'!I41 -> 0.083040166 | D82: ='GHG detailed, results per kg'!J41+'GHG detailed, results per kg'!K41 -> 0.13646328 | E82: ='GHG detailed, results per kg'!L41+'GHG detailed, results per kg'!N41 -> 0.11065477 | F82: ='GHG detailed, results per kg'!O41 -> 0.11751804 | G82: ='GHG detailed, results per kg'!P41 -> 0.12172101 | H82: ='GHG detailed, results per kg'!R41 -> 0.10263629 | I82: ='GHG detailed, results per kg'!S41 -> 0 | J82: ='GHG detailed, results per kg'!T41 -> 0.10084615 | K82: ='GHG detailed, results per kg'!W41 -> 0.095764816 | L82: ='GHG detailed, results per kg'!X41 -> 0.23181178 | M82: =SUM(B82:L82) -> 1.3017174
A83: Hungary | B83: ='GHG detailed, results per kg'!H31 -> 0.19919809 | C83: ='GHG detailed, results per kg'!I31 -> 0.088757377 | D83: ='GHG detailed, results per kg'!J31+'GHG detailed, results per kg'!K31 -> 0.12819491 | E83: ='GHG detailed, results per kg'!L31+'GHG detailed, results per kg'!N31 -> 0.10101657 | F83: ='GHG detailed, results per kg'!O31 -> 0.12688013 | G83: ='GHG detailed, results per kg'!P31 -> 0.10270074 | H83: ='GHG detailed, results per kg'!R31 -> 0.084100047 | I83: ='GHG detailed, results per kg'!S31 -> 0 | J83: ='GHG detailed, results per kg'!T31 -> 0.11443727 | K83: ='GHG detailed, results per kg'!W31 -> 0.099655029 | L83: ='GHG detailed, results per kg'!X31 -> 0.25404157 | M83: =SUM(B83:L83) -> 1.2989817

Sheet Footprints, results per kg
A2: Footprints (per kg of bonefree meat) | M2: * Adjusted for manure
A5: Animal products | F5: Climate | L5: Land | M5: Nitrogen* | N5: Phosphorus | O5: Water | P5: Pesticides | Q5: Biodiversity | R5: Ammonia | S5: Labour | T5: Animal welfare | U5: Use of antibiotics
A6: Code | B6: Name | C6: Category | D6: Country | E6: Country code | F6: Carbon footprint, kg CO2e/kg | G6: Carbon dioxide, kg CO2/kg | H6: Methane, fossil, kg CH4/kg | I6: Methane, biogenic, kg CH4/kg | J6: Nitrous oxide, kg N2O/kg | K6: HFCs, kg HFCs/kg | L6: Cropland use, m2/kg | M6: New N input, kg N/kg | N6: New P input, kg P/kg | O6: Blue freshwater use, m3/kg | P6: Pesticide use, g a.i./kg | Q6: Extinction rate, E/MSY/kg | R6: Ammonia emission, kg NH3/kg | S6: Labour requirements, h/kg | T6: Animal welfare index per kg of bonefree meat
A7: 21121 | B7: Chicken meat | C7: White meat | D7: Denmark | E7: DK | F7: ='GHG detailed, results per kg'!G11 -> 1.6832501 | G7: ='GHG detailed, results per kg'!G7 -> 0.96979988 | H7: ='GHG detailed, results per kg'!G8 -> 0.0011031151 | I7: ='GHG detailed, results per kg'!G9 -> 0.0022013861 | J7: ='GHG detailed, results per kg'!G10 -> 0.0022752379 | L7: ='EFP per kg feed'!F17*FCR_bonefree_incl_parents_DK -> 5.5056842 | M7: ='EFP per kg feed'!G17*FCR_bonefree_incl_parents_DK-Manure_repl_factor_DK*Excreted_N_after_losses_DK -> 0.06802495 | N7: ='EFP per kg feed'!H17*FCR_bonefree_incl_parents_DK -> 0.009368177 | O7: ='EFP per kg feed'!I17*FCR_bonefree_incl_parents_DK+Water_stables_DK/Bonefree_outof_CW_DK -> 0.021950283 | P7: ='EFP per kg feed'!J17*FCR_bonefree_incl_parents_DK -> 0.74850462 | Q7: ='EFP per kg feed'!K17*FCR_bonefree_incl_parents_DK -> 4.6901396e-10 | R7: ='EFP per kg feed'!L17*FCR_bonefree_incl_parents_DK+Excreted_N_after_losses_DK -> 0.032019301 | S7: =Production!B52*Labour_per_animal_DK -> 0.062164334 | T7: 70.37812 | U7: 19.4
A8: 21121 | B8: Chicken meat | C8: White meat | D8: France | E8: FR | F8: ='GHG detailed, results per kg'!G16 -> 1.3265143 | G8: ='GHG detailed, results per kg'!G12 -> 0.7460333 | H8: ='GHG detailed, results per kg'!G13 -> 0.0010169099 | I8: ='GHG detailed, results per kg'!G14 -> 0.0022548527 | J8: ='GHG detailed, results per kg'!G15 -> 0.0017922933 | L8: ='EFP per kg feed'!F29*FCR_bonefree_incl_parents_FR -> 4.7229561 | M8: ='EFP per kg feed'!G29*FCR_bonefree_incl_parents_FR-Manure_repl_factor_FR*Excreted_N_after_losses_FR -> 0.058493449 | N8: ='EFP per kg feed'!H29*FCR_bonefree_incl_parents_FR -> 0.010741997 | O8: ='EFP per kg feed'!I29*FCR_bonefree_incl_parents_FR+Water_stables_FR/Bonefree_outof_CW_FR -> 0.089587279 | P8: ='EFP per kg feed'!J29*FCR_bonefree_incl_parents_FR -> 0.7010948 | Q8: ='EFP per kg feed'!K29*FCR_bonefree_incl_parents_FR -> 1.3831994e-09 | R8: ='EFP per kg feed'!L29*FCR_bonefree_incl_parents_FR+Excreted_N_after_losses_FR -> 0.045473608 | S8: =Production!C52*Labour_per_animal_FR -> 0.094548198 | T8: 76.86855 | U8: 38.1
A9: 21121 | B9: Chicken meat | C9: White meat | D9: Germany | E9: DE | F9: ='GHG detailed, results per kg'!G21 -> 1.6281702 | G9: ='GHG detailed, results per kg'!G17 -> 0.98916343 | H9: ='GHG detailed, results per kg'!G18 -> 0.0014032805 | I9: ='GHG detailed, results per kg'!G19 -> 0.0033020792 | J9: ='GHG detailed, results per kg'!G20 -> 0.0018609264 | L9: ='EFP per kg feed'!F41*FCR_bonefree_incl_parents_DE -> 4.7692643 | M9: ='EFP per kg feed'!G41*FCR_bonefree_incl_parents_DE-Manure_repl_factor_DE*Excreted_N_after_losses_DE -> 0.05299851 | N9: ='EFP per kg feed'!H41*FCR_bonefree_incl_parents_DE -> 0.010613089 | O9: ='EFP per kg feed'!I41*FCR_bonefree_incl_parents_DE+Water_stables_DE/Bonefree_outof_CW_DE -> 0.015870449 | P9: ='EFP per kg feed'!J41*FCR_bonefree_incl_parents_DE -> 1.2965167 | Q9: ='EFP per kg feed'!K41*FCR_bonefree_incl_parents_DE -> 3.6072017e-10 | R9: ='EFP per kg feed'!L41*FCR_bonefree_incl_parents_DE+Excreted_N_after_losses_DE -> 0.065457899 | S9: =Production!D52*Labour_per_animal_DE -> 0.10613423 | T9: 67.939375 | U9: 50.4
A10: 21121 | B10: Chicken meat | C10: White meat | D10: Greece | E10: GR | F10: ='GHG detailed, results per kg'!G26 -> 1.6420556 | G10: ='GHG detailed, results per kg'!G22 -> 1.2701078 | H10: ='GHG detailed, results per kg'!G23 -> 0.0017458147 | I10: ='GHG detailed, results per kg'!G24 -> 0.0033020792 | J10: ='GHG detailed, results per kg'!G25 -> 0.00084529818 | L10: ='EFP per kg feed'!F42*FCR_bonefree_incl_parents_GR -> 11.530704 | M10: ='EFP per kg feed'!G42*FCR_bonefree_incl_parents_GR-Manure_repl_factor_GR*Excreted_N_after_losses_GR -> 0.045724947 | N10: ='EFP per kg feed'!H42*FCR_bonefree_incl_parents_GR -> 0.010154881 | O10: ='EFP per kg feed'!I42*FCR_bonefree_incl_parents_GR+Water_stables_GR/Bonefree_outof_CW_GR -> 0.012987013 | P10: ='EFP per kg feed'!J42*FCR_bonefree_incl_parents_GR -> 0.52412289 | Q10: ='EFP per kg feed'!K42*FCR_bonefree_incl_parents_GR -> 1.9032212e-08 | R10: ='EFP per kg feed'!L42*FCR_bonefree_incl_parents_GR+Excreted_N_after_losses_GR -> 0.050227074 | S10: =Production!E52*Labour_per_animal_GR -> 0.069745351 | T10: 76.426602 | U10: 111.7
A11: 21121 | B11: Chicken meat | C11: White meat | D11: Hungary | E11: HU | F11: ='GHG detailed, results per kg'!G31 -> 1.3128138 | G11: ='GHG detailed, results per kg'!G27 -> 0.94482381 | H11: ='GHG detailed, results per kg'!G28 -> 0.0014900731 | I11: ='GHG detailed, results per kg'!G29 -> 0.0022013861 | J11: ='GHG detailed, results per kg'!G30 -> 0.0009675764 | L11: ='EFP per kg feed'!F65*FCR_bonefree_incl_parents_HU -> 5.4437521 | M11: ='EFP per kg feed'!G65*FCR_bonefree_incl_parents_HU-Manure_repl_factor_HU*Excreted_N_after_losses_HU -> 0.046445615 | N11: ='EFP per kg feed'!H65*FCR_bonefree_incl_parents_HU -> 0.013406362 | O11: ='EFP per kg feed'!I65*FCR_bonefree_incl_parents_HU+Water_stables_HU/Bonefree_outof_CW_HU -> 0.024492772 | P11: ='EFP per kg feed'!J65*FCR_bonefree_incl_parents_HU -> 0.48488616 | Q11: ='EFP per kg feed'!K65*FCR_bonefree_incl_parents_HU -> 3.8941156e-10 | R11: ='EFP per kg feed'!L65*FCR_bonefree_incl_parents_HU+Excreted_N_after_losses_HU -> 0.049707416 | S11: =Production!F52*Labour_per_animal_HU -> 0.30475686 | T11: 76.413841 | U11: 102.5
A12: 21121 | B12: Chicken meat | C12: White meat | D12: Ireland | E12: IE | F12: ='GHG detailed, results per kg'!G36 -> 1.3987103 | G12: ='GHG detailed, results per kg'!G32 -> 0.90510556 | H12: ='GHG detailed, results per kg'!G33 -> 0.00092381804 | I12: ='GHG detailed, results per kg'!G34 -> 0.0023114555 | J12: ='GHG detailed, results per kg'!G35 -> 0.0014786289 | L12: ='EFP per kg feed'!F77*FCR_bonefree_incl_parents_IE -> 4.0873594 | M12: ='EFP per kg feed'!G77*FCR_bonefree_incl_parents_IE-Manure_repl_factor_IE*Excreted_N_after_losses_IE -> 0.04409976 | N12: ='EFP per kg feed'!H77*FCR_bonefree_incl_parents_IE -> 0.0078240708 | O12: ='EFP per kg feed'!I77*FCR_bonefree_incl_parents_IE+Water_stables_IE/Bonefree_outof_CW_IE -> 0.014883424 | P12: ='EFP per kg feed'!J77*FCR_bonefree_incl_parents_IE -> 0.99114394 | Q12: ='EFP per kg feed'!K77*FCR_bonefree_incl_parents_IE -> 4.4076574e-10 | R12: ='EFP per kg feed'!L77*FCR_bonefree_incl_parents_IE+Excreted_N_after_losses_IE -> 0.054695165 | S12: =Production!G52*Labour_per_animal_IE -> 0.20317124 | T12: 76.426602 | U12: 40.6
A13: 21121 | B13: Chicken meat | C13: White meat | D13: Italy | E13: IT | F13: ='GHG detailed, results per kg'!G41 -> 1.3184303 | G13: ='GHG detailed, results per kg'!G37 -> 0.94113879 | H13: ='GHG detailed, results per kg'!G38 -> 0.0019482909 | I13: ='GHG detailed, results per kg'!G39 -> 0.0022013861 | J13: ='GHG detailed, results per kg'!G40 -> 0.00095162992 | L13: ='EFP per kg feed'!F89*FCR_bonefree_incl_parents_IT -> 5.1818383 | M13: ='EFP per kg feed'!G89*FCR_bonefree_incl_parents_IT-Manure_repl_factor_IT*Excreted_N_after_losses_IT -> 0.051948917 | N13: ='EFP per kg feed'!H89*FCR_bonefree_incl_parents_IT -> 0.012513637 | O13: ='EFP per kg feed'!I89*FCR_bonefree_incl_parents_IT+Water_stables_IT/Bonefree_outof_CW_IT -> 0.19261166 | P13: ='EFP per kg feed'!J89*FCR_bonefree_incl_parents_IT -> 0.59106668 | Q13: ='EFP per kg feed'!K89*FCR_bonefree_incl_parents_IT -> 4.9457643e-09 | R13: ='EFP per kg feed'!L89*FCR_bonefree_incl_parents_IT+Excreted_N_after_losses_IT -> 0.037695122 | S13: =Production!H52*Labour_per_animal_IT -> 0.098553213 | T13: 76.426602 | U13: 129.1
A14: 21121 | B14: Chicken meat | C14: White meat | D14: Netherlands | E14: NL | F14: ='GHG detailed, results per kg'!G46 -> 1.7895472 | G14: ='GHG detailed, results per kg'!G42 -> 1.1319672 | H14: ='GHG detailed, results per kg'!G43 -> 0.0015856929 | I14: ='GHG detailed, results per kg'!G44 -> 0.0031693198 | J14: ='GHG detailed, results per kg'!G45 -> 0.0019221784 | L14: ='EFP per kg feed'!F101*FCR_bonefree_incl_parents_NL -> 5.1252606 | M14: ='EFP per kg feed'!G101*FCR_bonefree_incl_parents_NL-Manure_repl_factor_NL*Excreted_N_after_losses_NL -> 0.061582344 | N14: ='EFP per kg feed'!H101*FCR_bonefree_incl_parents_NL -> 0.011515637 | O14: ='EFP per kg feed'!I101*FCR_bonefree_incl_parents_NL+Water_stables_NL/Bonefree_outof_CW_NL -> 0.027587863 | P14: ='EFP per kg feed'!J101*FCR_bonefree_incl_parents_NL -> 1.4322929 | Q14: ='EFP per kg feed'!K101*FCR_bonefree_incl_parents_NL -> 5.2214194e-10 | R14: ='EFP per kg feed'!L101*FCR_bonefree_incl_parents_NL+Excreted_N_after_losses_NL -> 0.059299832 | S14: =Production!I52*Labour_per_animal_NL -> 0.12736108 | T14: 75.375612 | U14: 32.1
A15: 21121 | B15: Chicken meat | C15: White meat | D15: Poland | E15: PL | F15: ='GHG detailed, results per kg'!G51 -> 2.0362177 | G15: ='GHG detailed, results per kg'!G47 -> 1.3816965 | H15: ='GHG detailed, results per kg'!G48 -> 0.0021239649 | I15: ='GHG detailed, results per kg'!G49 -> 0.0033020792 | J15: ='GHG detailed, results per kg'!G50 -> 0.0018390874 | L15: ='EFP per kg feed'!F113*FCR_bonefree_incl_parents_PL -> 7.0510223 | M15: ='EFP per kg feed'!G113*FCR_bonefree_incl_parents_PL-Manure_repl_factor_PL*Excreted_N_after_losses_PL -> 0.055335453 | N15: ='EFP per kg feed'!H113*FCR_bonefree_incl_parents_PL -> 0.010506687 | O15: ='EFP per kg feed'!I113*FCR_bonefree_incl_parents_PL+Water_stables_PL/Bonefree_outof_CW_PL -> 0.017549218 | P15: ='EFP per kg feed'!J113*FCR_bonefree_incl_parents_PL -> 0.68914629 | Q15: ='EFP per kg feed'!K113*FCR_bonefree_incl_parents_PL -> 5.148248e-10 | R15: ='EFP per kg feed'!L113*FCR_bonefree_incl_parents_PL+Excreted_N_after_losses_PL -> 0.045305435 | S15: =Production!J52*Labour_per_animal_PL -> 0.32143509 | T15: 76.413841 | U15: 134.7
A16: 21121 | B16: Chicken meat | C16: White meat | D16: Spain | E16: ES | F16: ='GHG detailed, results per kg'!G56 -> 1.5335329 | G16: ='GHG detailed, results per kg'!G52 -> 1.0417051 | H16: ='GHG detailed, results per kg'!G53 -> 0.0015090295 | I16: ='GHG detailed, results per kg'!G54 -> 0.0029891817 | J16: ='GHG detailed, results per kg'!G55 -> 0.001341212 | L16: ='EFP per kg feed'!F125*FCR_bonefree_incl_parents_ES -> 7.5137079 | M16: ='EFP per kg feed'!G125*FCR_bonefree_incl_parents_ES-Manure_repl_factor_ES*Excreted_N_after_losses_ES -> 0.05232145 | N16: ='EFP per kg feed'!H125*FCR_bonefree_incl_parents_ES -> 0.011865135 | O16: ='EFP per kg feed'!I125*FCR_bonefree_incl_parents_ES+Water_stables_ES/Bonefree_outof_CW_ES -> 0.65893968 | P16: ='EFP per kg feed'!J125*FCR_bonefree_incl_parents_ES -> 0.52449158 | Q16: ='EFP per kg feed'!K125*FCR_bonefree_incl_parents_ES -> 1.1939788e-08 | R16: ='EFP per kg feed'!L125*FCR_bonefree_incl_parents_ES+Excreted_N_after_losses_ES -> 0.062712675 | S16: =Production!K52*Labour_per_animal_ES -> 0.030324066 | T16: 76.413841 | U16: 95.7
A17: 21121 | B17: Chicken meat | C17: White meat | D17: Sweden | E17: SE | F17: ='GHG detailed, results per kg'!G61 -> 1.6703778 | G17: ='GHG detailed, results per kg'!G57 -> 0.96137293 | H17: ='GHG detailed, results per kg'!G58 -> 0.00096050214 | I17: ='GHG detailed, results per kg'!G59 -> 0.0022013861 | J17: ='GHG detailed, results per kg'!G60 -> 0.002274522 | L17: ='EFP per kg feed'!F137*FCR_bonefree_incl_parents_SE -> 6.0474278 | M17: ='EFP per kg feed'!G137*FCR_bonefree_incl_parents_SE-Manure_repl_factor_SE*Excreted_N_after_losses_SE -> 0.078367539 | N17: ='EFP per kg feed'!H137*FCR_bonefree_incl_parents_SE -> 0.0091283907 | O17: ='EFP per kg feed'!I137*FCR_bonefree_incl_parents_SE+Water_stables_SE/Bonefree_outof_CW_SE -> 0.015210233 | P17: ='EFP per kg feed'!J137*FCR_bonefree_incl_parents_SE -> 0.49994899 | Q17: ='EFP per kg feed'!K137*FCR_bonefree_incl_parents_SE -> 4.6739436e-10 | R17: ='EFP per kg feed'!L137*FCR_bonefree_incl_parents_SE+Excreted_N_after_losses_SE -> 0.032095317 | S17: =Production!L52*Labour_per_animal_SE -> 0.062164334 | T17: 60.503138 | U17: 10.1
A18: 21121 | B18: Chicken meat | C18: White meat | D18: UK | E18: GB | F18: ='GHG detailed, results per kg'!G66 -> 1.8847952 | G18: ='GHG detailed, results per kg'!G62 -> 1.1766977 | H18: ='GHG detailed, results per kg'!G63 -> 0.001406488 | I18: ='GHG detailed, results per kg'!G64 -> 0.0022013861 | J18: ='GHG detailed, results per kg'!G65 -> 0.0022225154 | L18: ='EFP per kg feed'!F149*FCR_bonefree_incl_parents_GB -> 5.7620019 | M18: ='EFP per kg feed'!G149*FCR_bonefree_incl_parents_GB-Manure_repl_factor_GB*Excreted_N_after_losses_GB -> 0.075136044 | N18: ='EFP per kg feed'!H149*FCR_bonefree_incl_parents_GB -> 0.0092824579 | O18: ='EFP per kg feed'!I149*FCR_bonefree_incl_parents_GB+Water_stables_GB/Bonefree_outof_CW_GB -> 0.016921113 | P18: ='EFP per kg feed'!J149*FCR_bonefree_incl_parents_GB -> 1.0742659 | Q18: ='EFP per kg feed'!K149*FCR_bonefree_incl_parents_GB -> 4.1401874e-09 | R18: ='EFP per kg feed'!L149*FCR_bonefree_incl_parents_GB+Excreted_N_after_losses_GB -> 0.031976318 | S18: =Production!M52*Labour_per_animal_GB -> 0.086423587 | T18: =T12 -> 76.426602 | U18: 29.8

Sheet GHG detailed, results per kg
H1: * Production of mineral fertiliser is adjusted to account for the N supplied by manure.
A2: GHG emissions (per kg of bonefree meat) | H2: ** Adjusted for use of manure instead of mineral fertiliser (lower emission factor for manure)
H3: *** Calculated as percentage of direct emissions due to assumption due to data limitations regarding nitrogen leaching and volatilization from soils in different regions.
S4: Animals | W4: Stables | X4: Slaughter | Z4: Control
A5: Animal products | G5: Sum | H5: Inputs | J5: Soil emissions | L5: Energy use | P5: Land use change | Q5: Feed processing | R5: Transports
A6: FoodEx code | B6: FoodEx name | C6: Food Ex category (L1) | D6: Country | E6: Country code | F6: Gas | G6: GHG | H6: Production of mineral fertilizer* | I6: Production of capital goods | J6: Direct emissions** | K6: Indirect emissions*** | L6: Diesel use field mach | M6: Energy use in greenhouses | N6: Energy use for irrigation | O6: Energy use for post-harvest proc | P6: LUC emissions | Q6: Feed processing | R6: Feed transports | S6: Enteric fermentation | T6: Manure management - tot | U6: Manure management - direct | V6: Manure management - indirect | W6: Energy use in stables | X6: Energy use for slaughter | Z6: Total feed, incl LUC | AA6: Feed mix emissions, kg CO2 per kg feed, excl. adjustement manure
A7: A01SP | B7: Chicken fresh meat | C7: Meat and meat products | D7: Denmark | E7: DK | F7: CO2 | G7: =SUM(H7:X7) -> 0.96979988 | H7: ='CO2 per kg feed'!G17*FCR_bonefree_incl_parents_DK-Excreted_N_after_losses_DK*Manure_repl_factor_DK*(EF_min_fert_BAT_CO2*Frac_BAT_DK+EF_min_fert_AN_CO2*Frac_AN_DK) -> 0.1558278 | I7: ='CO2 per kg feed'!H17*FCR_bonefree_incl_parents_DK -> 0.081035416 | J7: ='CO2 per kg feed'!I17*FCR_bonefree_incl_parents_DK -> 0 | L7: ='CO2 per kg feed'!K17*FCR_bonefree_incl_parents_DK -> 0.096796332 | N7: ='CO2 per kg feed'!M17*FCR_bonefree_incl_parents_DK -> 0.00044158907 | O7: ='CO2 per kg feed'!N17*FCR_bonefree_incl_parents_DK -> 0.12254514 | P7: ='CO2 per kg feed'!O17*FCR_bonefree_incl_parents_DK -> 0.11199554 | Q7: ='CO2 per kg feed'!P17*FCR_bonefree_incl_parents_DK -> 0.015422914 | R7: ='CO2 per kg feed'!Q17*FCR_bonefree_incl_parents_DK -> 0.097552273 | W7: =Energy_stables_DK/Bonefree_outof_CW_DK*(Share_heating_DK*(Share_biofuels_DK*EF_biofuels_CO2+(1-Share_biofuels_DK)*EF_oil_CO2)+(1-Share_heating_DK)*EF_el_CO2_DK) -> 0.088165821 | X7: =(Energy_slaughter_el_DK*EF_el_CO2_DK+Energy_slaughter_oil_DK*EF_oil_CO2)/Bonefree_outof_CW_DK -> 0.20001706
A8: A01SP | B8: Chicken fresh meat | C8: Meat and meat products | D8: Denmark | E8: DK | F8: CH4, fossil | G8: =SUM(H8:X8) -> 0.0011031151 | H8: ='CH4 per kg feed'!G17*FCR_bonefree_incl_parents_DK-Excreted_N_after_losses_DK*Manure_repl_factor_DK*(EF_min_fert_BAT_CH4*Frac_BAT_DK+EF_min_fert_AN_CH4*Frac_AN_DK) -> 0.00019891544 | I8: ='CH4 per kg feed'!H17*FCR_bonefree_incl_parents_DK -> 0.00030129717 | L8: ='CH4 per kg feed'!K17*FCR_bonefree_incl_parents_DK -> 4.4219941e-05 | N8: ='CH4 per kg feed'!M17*FCR_bonefree_incl_parents_DK -> 5.060731e-06 | O8: ='CH4 per kg feed'!N17*FCR_bonefree_incl_parents_DK -> 7.3304797e-05 | P8: ='CH4 per kg feed'!O17*FCR_bonefree_incl_parents_DK -> 0 | Q8: ='CH4 per kg feed'!P17*FCR_bonefree_incl_parents_DK -> 5.2062806e-05 | R8: ='CH4 per kg feed'!Q17*FCR_bonefree_incl_parents_DK -> 8.6743813e-05 | W8: =Energy_stables_DK/Bonefree_outof_CW_DK*(Share_heating_DK*(Share_biofuels_DK*EF_biofuel_CH4+(1-Share_biofuels_DK)*EF_oil_CH4)+(1-Share_heating_DK)*EF_el_CH4_DK) -> 7.3155856e-05 | X8: =(Energy_slaughter_el_DK*EF_el_CH4_DK+Energy_slaughter_oil_DK*EF_oil_CH4)/Bonefree_outof_CW_DK -> 0.0002683545
A9: A01SP | B9: Chicken fresh meat | C9: Meat and meat products | D9: Denmark | E9: DK | F9: CH4, biogenic | G9: =SUM(H9:T9)+SUM(W9:X9) -> 0.0022013861 | T9: =SUM(U9:V9) -> 0.0022013861 | U9: =(Production!B40*(Slaughter_age_DK/365)+SUM(Production!B41:B44))*EF_CH4_manure_DK -> 0.0022013861
A10: A01SP | B10: Chicken fresh meat | C10: Meat and meat products | D10: Denmark | E10: DK | F10: N2O | G10: =SUM(H10:T10)+SUM(W10:X10) -> 0.0022752379 | H10: ='N2O per kg feed'!G17*FCR_bonefree_incl_parents_DK-Excreted_N_after_losses_DK*Manure_repl_factor_DK*(EF_min_fert_BAT_N2O*Frac_BAT_DK+EF_min_fert_AN_N2O*Frac_AN_DK) -> 0.00032219133 | I10: ='N2O per kg feed'!H17*FCR_bonefree_incl_parents_DK -> 3.0750563e-06 | J10: ='N2O per kg feed'!I17*FCR_bonefree_incl_parents_DK-Excreted_N_after_losses_DK*Manure_repl_factor_DK*EF_N2O_diff_DK -> 0.0016302271 | K10: =J10*EF_indirect_N2O_DK -> 0.00016302271 | L10: ='N2O per kg feed'!K17*FCR_bonefree_incl_parents_DK -> 2.6876141e-06 | N10: ='N2O per kg feed'!M17*FCR_bonefree_incl_parents_DK -> 6.2144098e-08 | O10: ='N2O per kg feed'!N17*FCR_bonefree_incl_parents_DK -> 4.7612337e-06 | P10: ='N2O per kg feed'!O17*FCR_bonefree_incl_parents_DK -> 0 | Q10: ='N2O per kg feed'!P17*FCR_bonefree_incl_parents_DK -> 5.2944493e-06 | R10: ='N2O per kg feed'!Q17*FCR_bonefree_incl_parents_DK -> 3.4661158e-06 | T10: =SUM(U10:V10) -> 0.00012390587 | U10: =Excreted_N_per_kg_of_bonefree_meat_DK*EF_N2O_manure_direct_DK*44/28 -> 4.5919976e-05 | V10: =(Excreted_N_per_kg_of_bonefree_meat_DK-U10*28/44)*EF_ammonia_DK*EF_N2O_manure_indirect_DK*44/28 -> 7.7985895e-05 | W10: =Energy_stables_DK/Bonefree_outof_CW_DK*(Share_heating_DK*(Share_biofuels_DK*EF_biofuel_N2O+(1-Share_biofuels_DK)*EF_oil_N2O)+(1-Share_heating_DK)*EF_el_N2O_DK) -> 6.3743986e-06 | X10: =(Energy_slaughter_el_DK*EF_el_N2O_DK+Energy_slaughter_oil_DK*EF_oil_N2O)/Bonefree_outof_CW_DK -> 1.0169939e-05
A11: A01SP | B11: Chicken fresh meat | C11: Meat and meat products | D11: Denmark | E11: DK | F11: CO2e | G11: =SUM(H11:X11) -> 1.6832501 | H11: =SUMPRODUCT(H7:H10,'Parameters, general'!$B$14:$B$17) -> 0.24971371 | I11: =SUMPRODUCT(I7:I10,'Parameters, general'!$B$14:$B$17) -> 0.090853563 | J11: =SUMPRODUCT(J7:J10,'Parameters, general'!$B$14:$B$17) -> 0.44505199 | K11: =SUMPRODUCT(K7:K10,'Parameters, general'!$B$14:$B$17) -> 0.044505199 | L11: =SUMPRODUCT(L7:L10,'Parameters, general'!$B$14:$B$17) -> 0.098847804 | M11: =SUMPRODUCT(M7:M10,'Parameters, general'!$B$14:$B$17) -> 0 | N11: =SUMPRODUCT(N7:N10,'Parameters, general'!$B$14:$B$17) -> 0.0006093642 | O11: =SUMPRODUCT(O7:O10,'Parameters, general'!$B$14:$B$17) -> 0.12602944 | ... T11: =SUMPRODUCT(T7:T10,'Parameters, general'!$B$14:$B$17) -> 0.093263729 | W11: =SUMPRODUCT(W7:W10,'Parameters, general'!$B$14:$B$17) -> 0.092086077 | X11: =SUMPRODUCT(X7:X10,'Parameters, general'!$B$14:$B$17) -> 0.21079041 | Z11: =SUM(H11:R11) -> 1.2871099 | AA11: ='CO2 per kg feed'!F17+'CH4 per kg feed'!F17*CF_GWP_CH4_fossil+'N2O per kg feed'!F17*CF_GWP_N2O -> 0.42757257
A12: A01SP | B12: Chicken fresh meat | C12: Meat and meat products | D12: France | E12: FR | F12: CO2 | G12: =SUM(H12:X12) -> 0.7460333 | H12: ='CO2 per kg feed'!G29*FCR_bonefree_incl_parents_FR-Excreted_N_after_losses_FR*Manure_repl_factor_FR*(EF_min_fert_BAT_CO2*Frac_BAT_FR+EF_min_fert_AN_CO2*Frac_AN_FR) -> 0.15744981 | I12: ='CO2 per kg feed'!H29*FCR_bonefree_incl_parents_FR -> 0.075484001 | J12: ='CO2 per kg feed'!I29*FCR_bonefree_incl_parents_FR -> 0 | L12: ='CO2 per kg feed'!K29*FCR_bonefree_incl_parents_FR -> 0.085386586 | N12: ='CO2 per kg feed'!M29*FCR_bonefree_incl_parents_FR -> 0.0055928482 | O12: ='CO2 per kg feed'!N29*FCR_bonefree_incl_parents_FR -> 0.10551287 | P12: ='CO2 per kg feed'!O29*FCR_bonefree_incl_parents_FR -> 0.091730991 | Q12: ='CO2 per kg feed'!P29*FCR_bonefree_incl_parents_FR -> 0.016937198 | R12: ='CO2 per kg feed'!Q29*FCR_bonefree_incl_parents_FR -> 0.092752331 | W12: =Energy_stables_FR/Bonefree_outof_CW_FR*(Share_heating_FR*(Share_biofuels_FR*EF_biofuels_CO2+(1-Share_biofuels_FR)*EF_oil_CO2)+(1-Share_heating_FR)*EF_el_CO2_FR) -> 0.062400427 | X12: =(Energy_slaughter_el_FR*EF_el_CO2_FR+Energy_slaughter_oil_FR*EF_oil_CO2)/Bonefree_outof_CW_FR -> 0.052786231
A13: A01SP | B13: Chicken fresh meat | C13: Meat and meat products | D13: France | E13: FR | F13: CH4, fossil | G13: =SUM(H13:X13) -> 0.0010169099 | H13: ='CH4 per kg feed'!G29*FCR_bonefree_incl_parents_FR-Excreted_N_after_losses_FR*Manure_repl_factor_FR*(EF_min_fert_BAT_CH4*Frac_BAT_FR+EF_min_fert_AN_CH4*Frac_AN_FR) -> 0.00028919545 | I13: ='CH4 per kg feed'!H29*FCR_bonefree_incl_parents_FR -> 0.00027750918 | L13: ='CH4 per kg feed'!K29*FCR_bonefree_incl_parents_FR -> 3.7833579e-05 | N13: ='CH4 per kg feed'!M29*FCR_bonefree_incl_parents_FR -> 1.9538692e-05 | O13: ='CH4 per kg feed'!N29*FCR_bonefree_incl_parents_FR -> 5.7353021e-05 | P13: ='CH4 per kg feed'!O29*FCR_bonefree_incl_parents_FR -> 0 | Q13: ='CH4 per kg feed'!P29*FCR_bonefree_incl_parents_FR -> 5.198857e-05 | R13: ='CH4 per kg feed'!Q29*FCR_bonefree_incl_parents_FR -> 8.9083902e-05 | W13: =Energy_stables_FR/Bonefree_outof_CW_FR*(Share_heating_FR*(Share_biofuels_FR*EF_biofuel_CH4+(1-Share_biofuels_FR)*EF_oil_CH4)+(1-Share_heating_FR)*EF_el_CH4_FR) -> 5.1246928e-05 | X13: =(Energy_slaughter_el_FR*EF_el_CH4_FR+Energy_slaughter_oil_FR*EF_oil_CH4)/Bonefree_outof_CW_FR -> 0.00014316063
A14: A01SP | B14: Chicken fresh meat | C14: Meat and meat products | D14: France | E14: FR | F14: CH4, biogenic | G14: =SUM(H14:T14)+SUM(W14:X14) -> 0.0022548527 | T14: =SUM(U14:V14) -> 0.0022548527 | U14: =(Production!C40*(Slaughter_age_FR/365)+SUM(Production!C41:C44))*EF_CH4_manure_FR -> 0.0022548527
A15: A01SP | B15: Chicken fresh meat | C15: Meat and meat products | D15: France | E15: FR | F15: N2O | G15: =SUM(H15:T15)+SUM(W15:X15) -> 0.0017922933 | H15: ='N2O per kg feed'!G29*FCR_bonefree_incl_parents_FR-Excreted_N_after_losses_FR*Manure_repl_factor_FR*(EF_min_fert_BAT_N2O*Frac_BAT_FR+EF_min_fert_AN_N2O*Frac_AN_FR) -> 0.00033199344 | I15: ='N2O per kg feed'!H29*FCR_bonefree_incl_parents_FR -> 2.8369277e-06 | J15: ='N2O per kg feed'!I29*FCR_bonefree_incl_parents_FR-Excreted_N_after_losses_FR*Manure_repl_factor_FR*EF_N2O_diff_FR -> 0.0011383231 | K15: =J15*EF_indirect_N2O_FR -> 0.00011383231 | L15: ='N2O per kg feed'!K29*FCR_bonefree_incl_parents_FR -> 2.294647e-06 | N15: ='N2O per kg feed'!M29*FCR_bonefree_incl_parents_FR -> 2.4080939e-07 | O15: ='N2O per kg feed'!N29*FCR_bonefree_incl_parents_FR -> 3.9570163e-06 | P15: ='N2O per kg feed'!O29*FCR_bonefree_incl_parents_FR -> 0 | Q15: ='N2O per kg feed'!P29*FCR_bonefree_incl_parents_FR -> 5.1358635e-06 | R15: ='N2O per kg feed'!Q29*FCR_bonefree_incl_parents_FR -> 3.2106037e-06 | T15: =SUM(U15:V15) -> 0.00018057705 | U15: =Excreted_N_per_kg_of_bonefree_meat_FR*EF_N2O_manure_direct_FR*44/28 -> 6.6922527e-05 | V15: =(Excreted_N_per_kg_of_bonefree_meat_FR-U15*28/44)*EF_ammonia_FR*EF_N2O_manure_indirect_FR*44/28 -> 0.00011365453 | W15: =Energy_stables_FR/Bonefree_outof_CW_FR*(Share_heating_FR*(Share_biofuels_FR*EF_biofuel_N2O+(1-Share_biofuels_FR)*EF_oil_N2O)+(1-Share_heating_FR)*EF_el_N2O_FR) -> 5.3835558e-06 | X15: =(Energy_slaughter_el_FR*EF_el_N2O_FR+Energy_slaughter_oil_FR*EF_oil_N2O)/Bonefree_outof_CW_FR -> 4.5079803e-06
A16: A01SP | B16: Chicken fresh meat | C16: Meat and meat products | D16: France | E16: FR | F16: CO2e | G16: =SUM(H16:X16) -> 1.3265143 | H16: =SUMPRODUCT(H12:H15,'Parameters, general'!$B$14:$B$17) -> 0.25670205 | I16: =SUMPRODUCT(I12:I15,'Parameters, general'!$B$14:$B$17) -> 0.084528256 | J16: =SUMPRODUCT(J12:J15,'Parameters, general'!$B$14:$B$17) -> 0.31076221 | K16: =SUMPRODUCT(K12:K15,'Parameters, general'!$B$14:$B$17) -> 0.031076221 | L16: =SUMPRODUCT(L12:L15,'Parameters, general'!$B$14:$B$17) -> 0.087140466 | M16: =SUMPRODUCT(M12:M15,'Parameters, general'!$B$14:$B$17) -> 0 | N16: =SUMPRODUCT(N12:N15,'Parameters, general'!$B$14:$B$17) -> 0.0062408422 | O16: =SUMPRODUCT(O12:O15,'Parameters, general'!$B$14:$B$17) -> 0.10830226 | ... T16: =SUMPRODUCT(T12:T15,'Parameters, general'!$B$14:$B$17) -> 0.11017856 | W16: =SUMPRODUCT(W12:W15,'Parameters, general'!$B$14:$B$17) -> 0.065397296 | X16: =SUMPRODUCT(X12:X15,'Parameters, general'!$B$14:$B$17) -> 0.058283097 | Z16: =SUM(H16:R16) -> 1.0926554 | AA16: ='CO2 per kg feed'!F29+'CH4 per kg feed'!F29*CF_GWP_CH4_fossil+'N2O per kg feed'!F29*CF_GWP_N2O -> 0.38891068
A17: A01SP | B17: Chicken fresh meat | C17: Meat and meat products | D17: Germany | E17: DE | F17: CO2 | G17: =SUM(H17:X17) -> 0.98916343 | H17: ='CO2 per kg feed'!G41*FCR_bonefree_incl_parents_DE-Excreted_N_after_losses_DE*Manure_repl_factor_DE*(EF_min_fert_BAT_CO2*Frac_BAT_DE+EF_min_fert_AN_CO2*Frac_AN_DE) -> 0.13971619 | I17: ='CO2 per kg feed'!H41*FCR_bonefree_incl_parents_DE -> 0.080675571 | J17: ='CO2 per kg feed'!I41*FCR_bonefree_incl_parents_DE -> 0 | L17: ='CO2 per kg feed'!K41*FCR_bonefree_incl_parents_DE -> 0.08679244 | N17: ='CO2 per kg feed'!M41*FCR_bonefree_incl_parents_DE -> 0.0014603878 | O17: ='CO2 per kg feed'!N41*FCR_bonefree_incl_parents_DE -> 0.12988624 | P17: ='CO2 per kg feed'!O41*FCR_bonefree_incl_parents_DE -> 0.094471241 | Q17: ='CO2 per kg feed'!P41*FCR_bonefree_incl_parents_DE -> 0.017007422 | R17: ='CO2 per kg feed'!Q41*FCR_bonefree_incl_parents_DE -> 0.094222312 | W17: =Energy_stables_DE/Bonefree_outof_CW_DE*(Share_heating_DE*(Share_biofuels_DE*EF_biofuels_CO2+(1-Share_biofuels_DE)*EF_oil_CO2)+(1-Share_heating_DE)*EF_el_CO2_DE) -> 0.096617763 | X17: =(Energy_slaughter_el_DE*EF_el_CO2_DE+Energy_slaughter_oil_DE*EF_oil_CO2)/Bonefree_outof_CW_DE -> 0.24831387
A18: A01SP | B18: Chicken fresh meat | C18: Meat and meat products | D18: Germany | E18: DE | F18: CH4, fossil | G18: =SUM(H18:X18) -> 0.0014032805 | H18: ='CH4 per kg feed'!G41*FCR_bonefree_incl_parents_DE-Excreted_N_after_losses_DE*Manure_repl_factor_DE*(EF_min_fert_BAT_CH4*Frac_BAT_DE+EF_min_fert_AN_CH4*Frac_AN_DE) -> 0.00025792928 | I18: ='CH4 per kg feed'!H41*FCR_bonefree_incl_parents_DE -> 0.00029681362 | L18: ='CH4 per kg feed'!K41*FCR_bonefree_incl_parents_DE -> 3.835387e-05 | N18: ='CH4 per kg feed'!M41*FCR_bonefree_incl_parents_DE -> 4.359498e-06 | O18: ='CH4 per kg feed'!N41*FCR_bonefree_incl_parents_DE -> 9.2562814e-05 | P18: ='CH4 per kg feed'!O41*FCR_bonefree_incl_parents_DE -> 0 | Q18: ='CH4 per kg feed'!P41*FCR_bonefree_incl_parents_DE -> 5.2595618e-05 | R18: ='CH4 per kg feed'!Q41*FCR_bonefree_incl_parents_DE -> 8.9919548e-05 | W18: =Energy_stables_DE/Bonefree_outof_CW_DE*(Share_heating_DE*(Share_biofuels_DE*EF_biofuel_CH4+(1-Share_biofuels_DE)*EF_oil_CH4)+(1-Share_heating_DE)*EF_el_CH4_DE) -> 0.00010729737 | X18: =(Energy_slaughter_el_DE*EF_el_CH4_DE+Energy_slaughter_oil_DE*EF_oil_CH4)/Bonefree_outof_CW_DE -> 0.00046344887
A19: A01SP | B19: Chicken fresh meat | C19: Meat and meat products | D19: Germany | E19: DE | F19: CH4, biogenic | G19: =SUM(H19:T19)+SUM(W19:X19) -> 0.0033020792 | T19: =SUM(U19:V19) -> 0.0033020792 | U19: =(Production!D40*(Slaughter_age_DE/365)+SUM(Production!D41:D44))*EF_CH4_manure_DE -> 0.0033020792
A20: A01SP | B20: Chicken fresh meat | C20: Meat and meat products | D20: Germany | E20: DE | F20: N2O | G20: =SUM(H20:T20)+SUM(W20:X20) -> 0.0018609264 | H20: ='N2O per kg feed'!G41*FCR_bonefree_incl_parents_DE-Excreted_N_after_losses_DE*Manure_repl_factor_DE*(EF_min_fert_BAT_N2O*Frac_BAT_DE+EF_min_fert_AN_N2O*Frac_AN_DE) -> 0.00029449449 | I20: ='N2O per kg feed'!H41*FCR_bonefree_incl_parents_DE -> 3.0276799e-06 | J20: ='N2O per kg feed'!I41*FCR_bonefree_incl_parents_DE-Excreted_N_after_losses_DE*Manure_repl_factor_DE*EF_N2O_diff_DE -> 0.0011507977 | K20: =J20*EF_indirect_N2O_DE -> 0.00011507977 | L20: ='N2O per kg feed'!K41*FCR_bonefree_incl_parents_DE -> 2.3266654e-06 | N20: ='N2O per kg feed'!M41*FCR_bonefree_incl_parents_DE -> 5.3674875e-08 | O20: ='N2O per kg feed'!N41*FCR_bonefree_incl_parents_DE -> 4.8448061e-06 | P20: ='N2O per kg feed'!O41*FCR_bonefree_incl_parents_DE -> 0 | Q20: ='N2O per kg feed'!P41*FCR_bonefree_incl_parents_DE -> 5.2083721e-06 | R20: ='N2O per kg feed'!Q41*FCR_bonefree_incl_parents_DE -> 3.2688954e-06 | T20: =SUM(U20:V20) -> 0.00026424513 | U20: =Excreted_N_per_kg_of_bonefree_meat_DE*EF_N2O_manure_direct_DE*44/28 -> 9.7930226e-05 | V20: =(Excreted_N_per_kg_of_bonefree_meat_DE-U20*28/44)*EF_ammonia_DE*EF_N2O_manure_indirect_DE*44/28 -> 0.0001663149 | W20: =Energy_stables_DE/Bonefree_outof_CW_DE*(Share_heating_DE*(Share_biofuels_DE*EF_biofuel_N2O+(1-Share_biofuels_DE)*EF_oil_N2O)+(1-Share_heating_DE)*EF_el_N2O_DE) -> 6.52852e-06 | X20: =(Energy_slaughter_el_DE*EF_el_N2O_DE+Energy_slaughter_oil_DE*EF_oil_N2O)/Bonefree_outof_CW_DE -> 1.1050633e-05
A21: A01SP | B21: Chicken fresh meat | C21: Meat and meat products | D21: Germany | E21: DE | F21: CO2e | G21: =SUM(H21:X21) -> 1.6281702 | H21: =SUMPRODUCT(H17:H20,'Parameters, general'!$B$14:$B$17) -> 0.22779948 | I21: =SUMPRODUCT(I17:I20,'Parameters, general'!$B$14:$B$17) -> 0.090347174 | J21: =SUMPRODUCT(J17:J20,'Parameters, general'!$B$14:$B$17) -> 0.31416778 | K21: =SUMPRODUCT(K17:K20,'Parameters, general'!$B$14:$B$17) -> 0.031416778 | L21: =SUMPRODUCT(L17:L20,'Parameters, general'!$B$14:$B$17) -> 0.088570565 | M21: =SUMPRODUCT(M17:M20,'Parameters, general'!$B$14:$B$17) -> 0 | N21: =SUMPRODUCT(N17:N20,'Parameters, general'!$B$14:$B$17) -> 0.0016049541 | O21: =SUMPRODUCT(O17:O20,'Parameters, general'!$B$14:$B$17) -> 0.13396724 | ... T21: =SUMPRODUCT(T17:T20,'Parameters, general'!$B$14:$B$17) -> 0.16129506 | W21: =SUMPRODUCT(W17:W20,'Parameters, general'!$B$14:$B$17) -> 0.10159751 | X21: =SUMPRODUCT(X17:X20,'Parameters, general'!$B$14:$B$17) -> 0.26514147 | Z21: =SUM(H21:R21) -> 1.1001362 | AA21: ='CO2 per kg feed'!F41+'CH4 per kg feed'!F41*CF_GWP_CH4_fossil+'N2O per kg feed'!F41*CF_GWP_N2O -> 0.42210136
A22: A01SP | B22: Chicken fresh meat | C22: Meat and meat products | D22: Greece | E22: GR | F22: CO2 | G22: =SUM(H22:X22) -> 1.2701078 | H22: ='CO2 per kg feed'!G53*FCR_bonefree_incl_parents_GR-Excreted_N_after_losses_GR*Manure_repl_factor_GR*(EF_min_fert_BAT_CO2*Frac_BAT_GR+EF_min_fert_AN_CO2*Frac_AN_GR) -> 0.07722502 | I22: ='CO2 per kg feed'!H53*FCR_bonefree_incl_parents_GR -> 0.072441039 | J22: ='CO2 per kg feed'!I53*FCR_bonefree_incl_parents_GR -> 0 | L22: ='CO2 per kg feed'!K53*FCR_bonefree_incl_parents_GR -> 0.12418653 | N22: ='CO2 per kg feed'!M53*FCR_bonefree_incl_parents_GR -> 0.022798804 | O22: ='CO2 per kg feed'!N53*FCR_bonefree_incl_parents_GR -> 0.11988509 | P22: ='CO2 per kg feed'!O53*FCR_bonefree_incl_parents_GR -> 0.21074569 | Q22: ='CO2 per kg feed'!P53*FCR_bonefree_incl_parents_GR -> 0.023400018 | R22: ='CO2 per kg feed'!Q53*FCR_bonefree_incl_parents_GR -> 0.16678491 | W22: =Energy_stables_GR/Bonefree_outof_CW_GR*(Share_heating_GR*(Share_biofuels_GR*EF_biofuels_CO2+(1-Share_biofuels_GR)*EF_oil_CO2)+(1-Share_heating_GR)*EF_el_CO2_GR) -> 0.11265954 | X22: =(Energy_slaughter_el_GR*EF_el_CO2_GR+Energy_slaughter_oil_GR*EF_oil_CO2)/Bonefree_outof_CW_GR -> 0.33998118
A23: A01SP | B23: Chicken fresh meat | C23: Meat and meat products | D23: Greece | E23: GR | F23: CH4, fossil | G23: =SUM(H23:X23) -> 0.0017458147 | H23: ='CH4 per kg feed'!G53*FCR_bonefree_incl_parents_GR-Excreted_N_after_losses_GR*Manure_repl_factor_GR*(EF_min_fert_BAT_CH4*Frac_BAT_GR+EF_min_fert_AN_CH4*Frac_AN_GR) -> 0.00015547768 | I23: ='CH4 per kg feed'!H53*FCR_bonefree_incl_parents_GR -> 0.00026535314 | L23: ='CH4 per kg feed'!K53*FCR_bonefree_incl_parents_GR -> 5.5030547e-05 | N23: ='CH4 per kg feed'!M53*FCR_bonefree_incl_parents_GR -> 7.7451555e-05 | O23: ='CH4 per kg feed'!N53*FCR_bonefree_incl_parents_GR -> 9.7128688e-05 | P23: ='CH4 per kg feed'!O53*FCR_bonefree_incl_parents_GR -> 0 | Q23: ='CH4 per kg feed'!P53*FCR_bonefree_incl_parents_GR -> 8.5763304e-05 | R23: ='CH4 per kg feed'!Q53*FCR_bonefree_incl_parents_GR -> 0.00020460508 | W23: =Energy_stables_GR/Bonefree_outof_CW_GR*(Share_heating_GR*(Share_biofuels_GR*EF_biofuel_CH4+(1-Share_biofuels_GR)*EF_oil_CH4)+(1-Share_heating_GR)*EF_el_CH4_GR) -> 0.00014218693 | X23: =(Energy_slaughter_el_GR*EF_el_CH4_GR+Energy_slaughter_oil_GR*EF_oil_CH4)/Bonefree_outof_CW_GR -> 0.00066281778
A24: A01SP | B24: Chicken fresh meat | C24: Meat and meat products | D24: Greece | E24: GR | F24: CH4, biogenic | G24: =SUM(H24:T24)+SUM(W24:X24) -> 0.0033020792 | T24: =SUM(U24:V24) -> 0.0033020792 | U24: =(Production!E40*(Slaughter_age_GR/365)+SUM(Production!E41:E44))*EF_CH4_manure_GR -> 0.0033020792
A25: A01SP | B25: Chicken fresh meat | C25: Meat and meat products | D25: Greece | E25: GR | F25: N2O | G25: =SUM(H25:T25)+SUM(W25:X25) -> 0.00084529818 | H25: ='N2O per kg feed'!G53*FCR_bonefree_incl_parents_GR-Excreted_N_after_losses_GR*Manure_repl_factor_GR*(EF_min_fert_BAT_N2O*Frac_BAT_GR+EF_min_fert_AN_N2O*Frac_AN_GR) -> 0.00017086401 | I25: ='N2O per kg feed'!H53*FCR_bonefree_incl_parents_GR -> 2.7419415e-06 | J25: ='N2O per kg feed'!I53*FCR_bonefree_incl_parents_GR-Excreted_N_after_losses_GR*Manure_repl_factor_GR*EF_N2O_diff_GR -> 0.00039061316 | K25: =J25*EF_indirect_N2O_GR -> 3.9061316e-05 | L25: ='N2O per kg feed'!K53*FCR_bonefree_incl_parents_GR -> 3.3385732e-06 | N25: ='N2O per kg feed'!M53*FCR_bonefree_incl_parents_GR -> 9.5293863e-07 | O25: ='N2O per kg feed'!N53*FCR_bonefree_incl_parents_GR -> 4.2342188e-06 | P25: ='N2O per kg feed'!O53*FCR_bonefree_incl_parents_GR -> 0 | Q25: ='N2O per kg feed'!P53*FCR_bonefree_incl_parents_GR -> 8.9188094e-06 | R25: ='N2O per kg feed'!Q53*FCR_bonefree_incl_parents_GR -> 6.0369677e-06 | T25: =SUM(U25:V25) -> 0.0002001857 | U25: =Excreted_N_per_kg_of_bonefree_meat_GR*EF_N2O_manure_direct_GR*44/28 -> 7.4189565e-05 | V25: =(Excreted_N_per_kg_of_bonefree_meat_GR-U25*28/44)*EF_ammonia_GR*EF_N2O_manure_indirect_GR*44/28 -> 0.00012599614 | W25: =Energy_stables_GR/Bonefree_outof_CW_GR*(Share_heating_GR*(Share_biofuels_GR*EF_biofuel_N2O+(1-Share_biofuels_GR)*EF_oil_N2O)+(1-Share_heating_GR)*EF_el_N2O_GR) -> 6.6434077e-06 | X25: =(Energy_slaughter_el_GR*EF_el_N2O_GR+Energy_slaughter_oil_GR*EF_oil_N2O)/Bonefree_outof_CW_GR -> 1.1707134e-05
A26: A01SP | B26: Chicken fresh meat | C26: Meat and meat products | D26: Greece | E26: GR | F26: CO2e | G26: =SUM(H26:X26) -> 1.6420556 | H26: =SUMPRODUCT(H22:H25,'Parameters, general'!$B$14:$B$17) -> 0.12850413 | I26: =SUMPRODUCT(I22:I25,'Parameters, general'!$B$14:$B$17) -> 0.081097112 | J26: =SUMPRODUCT(J22:J25,'Parameters, general'!$B$14:$B$17) -> 0.10663739 | K26: =SUMPRODUCT(K22:K25,'Parameters, general'!$B$14:$B$17) -> 0.010663739 | L26: =SUMPRODUCT(L22:L25,'Parameters, general'!$B$14:$B$17) -> 0.12673787 | M26: =SUMPRODUCT(M22:M25,'Parameters, general'!$B$14:$B$17) -> 0 | N26: =SUMPRODUCT(N22:N25,'Parameters, general'!$B$14:$B$17) -> 0.025367013 | O26: =SUMPRODUCT(O22:O25,'Parameters, general'!$B$14:$B$17) -> 0.12393547 | ... T26: =SUMPRODUCT(T22:T25,'Parameters, general'!$B$14:$B$17) -> 0.14380684 | W26: =SUMPRODUCT(W22:W25,'Parameters, general'!$B$14:$B$17) -> 0.11871036 | X26: =SUMPRODUCT(X22:X25,'Parameters, general'!$B$14:$B$17) -> 0.3629292 | Z26: =SUM(H26:R26) -> 1.0166092 | AA26: ='CO2 per kg feed'!F53+'CH4 per kg feed'!F53*CF_GWP_CH4_fossil+'N2O per kg feed'!F53*CF_GWP_N2O -> 0.37535001
A27: A01SP | B27: Chicken fresh meat | C27: Meat and meat products | D27: Hungary | E27: HU | F27: CO2 | G27: =SUM(H27:X27) -> 0.94482381 | H27: ='CO2 per kg feed'!G65*FCR_bonefree_incl_parents_HU-Excreted_N_after_losses_HU*Manure_repl_factor_HU*(EF_min_fert_BAT_CO2*Frac_BAT_HU+EF_min_fert_AN_CO2*Frac_AN_HU) -> 0.11976552 | I27: ='CO2 per kg feed'!H65*FCR_bonefree_incl_parents_HU -> 0.079244949 | J27: ='CO2 per kg feed'!I65*FCR_bonefree_incl_parents_HU -> 0 | L27: ='CO2 per kg feed'!K65*FCR_bonefree_incl_parents_HU -> 0.098241512 | N27: ='CO2 per kg feed'!M65*FCR_bonefree_incl_parents_HU -> 0.00064481961 | O27: ='CO2 per kg feed'!N65*FCR_bonefree_incl_parents_HU -> 0.12271005 | P27: ='CO2 per kg feed'!O65*FCR_bonefree_incl_parents_HU -> 0.10270074 | Q27: ='CO2 per kg feed'!P65*FCR_bonefree_incl_parents_HU -> 0.011400364 | R27: ='CO2 per kg feed'!Q65*FCR_bonefree_incl_parents_HU -> 0.081268937 | W27: =Energy_stables_HU/Bonefree_outof_CW_HU*(Share_heating_HU*(Share_biofuels_HU*EF_biofuels_CO2+(1-Share_biofuels_HU)*EF_oil_CO2)+(1-Share_heating_HU)*EF_el_CO2_HU) -> 0.094222168 | X27: =(Energy_slaughter_el_HU*EF_el_CO2_HU+Energy_slaughter_oil_HU*EF_oil_CO2)/Bonefree_outof_CW_HU -> 0.23462475
A28: A01SP | B28: Chicken fresh meat | C28: Meat and meat products | D28: Hungary | E28: HU | F28: CH4, fossil | G28: =SUM(H28:X28) -> 0.0014900731 | H28: ='CH4 per kg feed'!G65*FCR_bonefree_incl_parents_HU-Excreted_N_after_losses_HU*Manure_repl_factor_HU*(EF_min_fert_BAT_CH4*Frac_BAT_HU+EF_min_fert_AN_CH4*Frac_AN_HU) -> 0.00023789943 | I28: ='CH4 per kg feed'!H65*FCR_bonefree_incl_parents_HU -> 0.00029205691 | L28: ='CH4 per kg feed'!K65*FCR_bonefree_incl_parents_HU -> 4.3794602e-05 | N28: ='CH4 per kg feed'!M65*FCR_bonefree_incl_parents_HU -> 3.0300551e-06 | O28: ='CH4 per kg feed'!N65*FCR_bonefree_incl_parents_HU -> 0.00010017622 | P28: ='CH4 per kg feed'!O65*FCR_bonefree_incl_parents_HU -> 0 | Q28: ='CH4 per kg feed'!P65*FCR_bonefree_incl_parents_HU -> 4.1787832e-05 | R28: ='CH4 per kg feed'!Q65*FCR_bonefree_incl_parents_HU -> 6.8054673e-05 | W28: =Energy_stables_HU/Bonefree_outof_CW_HU*(Share_heating_HU*(Share_biofuels_HU*EF_biofuel_CH4+(1-Share_biofuels_HU)*EF_oil_CH4)+(1-Share_heating_HU)*EF_el_CH4_HU) -> 0.00012703545 | X28: =(Energy_slaughter_el_HU*EF_el_CH4_HU+Energy_slaughter_oil_HU*EF_oil_CH4)/Bonefree_outof_CW_HU -> 0.00057623792
A29: A01SP | B29: Chicken fresh meat | C29: Meat and meat products | D29: Hungary | E29: HU | F29: CH4, biogenic | G29: =SUM(H29:T29)+SUM(W29:X29) -> 0.0022013861 | T29: =SUM(U29:V29) -> 0.0022013861 | U29: =(Production!F40*(Slaughter_age_HU/365)+SUM(Production!F41:F44))*EF_CH4_manure_HU -> 0.0022013861
A30: A01SP | B30: Chicken fresh meat | C30: Meat and meat products | D30: Hungary | E30: HU | F30: N2O | G30: =SUM(H30:T30)+SUM(W30:X30) -> 0.0009675764 | H30: ='N2O per kg feed'!G65*FCR_bonefree_incl_parents_HU-Excreted_N_after_losses_HU*Manure_repl_factor_HU*(EF_min_fert_BAT_N2O*Frac_BAT_HU+EF_min_fert_AN_N2O*Frac_AN_HU) -> 0.0002649933 | I30: ='N2O per kg feed'!H65*FCR_bonefree_incl_parents_HU -> 2.9638561e-06 | J30: ='N2O per kg feed'!I65*FCR_bonefree_incl_parents_HU-Excreted_N_after_losses_HU*Manure_repl_factor_HU*EF_N2O_diff_HU -> 0.00042688949 | K30: =J30*EF_indirect_N2O_HU -> 4.2688949e-05 | L30: ='N2O per kg feed'!K65*FCR_bonefree_incl_parents_HU -> 2.6545386e-06 | N30: ='N2O per kg feed'!M65*FCR_bonefree_incl_parents_HU -> 3.7289025e-08 | O30: ='N2O per kg feed'!N65*FCR_bonefree_incl_parents_HU -> 4.3400032e-06 | P30: ='N2O per kg feed'!O65*FCR_bonefree_incl_parents_HU -> 0 | Q30: ='N2O per kg feed'!P65*FCR_bonefree_incl_parents_HU -> 4.345773e-06 | R30: ='N2O per kg feed'!Q65*FCR_bonefree_incl_parents_HU -> 2.9416848e-06 | T30: =SUM(U30:V30) -> 0.00020146462 | U30: =Excreted_N_per_kg_of_bonefree_meat_HU*EF_N2O_manure_direct_HU*44/28 -> 7.4663535e-05 | V30: =(Excreted_N_per_kg_of_bonefree_meat_HU-U30*28/44)*EF_ammonia_HU*EF_N2O_manure_indirect_HU*44/28 -> 0.00012680108 | W30: =Energy_stables_HU/Bonefree_outof_CW_HU*(Share_heating_HU*(Share_biofuels_HU*EF_biofuel_N2O+(1-Share_biofuels_HU)*EF_oil_N2O)+(1-Share_heating_HU)*EF_el_N2O_HU) -> 6.0337176e-06 | X30: =(Energy_slaughter_el_HU*EF_el_N2O_HU+Energy_slaughter_oil_HU*EF_oil_N2O)/Bonefree_outof_CW_HU -> 8.2231906e-06
A31: A01SP | B31: Chicken fresh meat | C31: Meat and meat products | D31: Hungary | E31: HU | F31: CO2e | G31: =SUM(H31:X31) -> 1.3128138 | H31: =SUMPRODUCT(H27:H30,'Parameters, general'!$B$14:$B$17) -> 0.19919809 | I31: =SUMPRODUCT(I27:I30,'Parameters, general'!$B$14:$B$17) -> 0.088757377 | J31: =SUMPRODUCT(J27:J30,'Parameters, general'!$B$14:$B$17) -> 0.11654083 | K31: =SUMPRODUCT(K27:K30,'Parameters, general'!$B$14:$B$17) -> 0.011654083 | L31: =SUMPRODUCT(L27:L30,'Parameters, general'!$B$14:$B$17) -> 0.10027128 | M31: =SUMPRODUCT(M27:M30,'Parameters, general'!$B$14:$B$17) -> 0 | N31: =SUMPRODUCT(N27:N30,'Parameters, general'!$B$14:$B$17) -> 0.00074529516 | O31: =SUMPRODUCT(O27:O30,'Parameters, general'!$B$14:$B$17) -> 0.12688013 | ... T31: =SUMPRODUCT(T27:T30,'Parameters, general'!$B$14:$B$17) -> 0.11443727 | W31: =SUMPRODUCT(W27:W30,'Parameters, general'!$B$14:$B$17) -> 0.099655029 | X31: =SUMPRODUCT(X27:X30,'Parameters, general'!$B$14:$B$17) -> 0.25404157 | Z31: =SUM(H31:R31) -> 0.84467991 | AA31: ='CO2 per kg feed'!F65+'CH4 per kg feed'!F65*CF_GWP_CH4_fossil+'N2O per kg feed'!F65*CF_GWP_N2O -> 0.32328911
A32: A01SP | B32: Chicken fresh meat | C32: Meat and meat products | D32: Ireland | E32: IE | F32: CO2 | G32: =SUM(H32:X32) -> 0.90510556 | H32: ='CO2 per kg feed'!G77*FCR_bonefree_incl_parents_IE-Excreted_N_after_losses_IE*Manure_repl_factor_IE*(EF_min_fert_BAT_CO2*Frac_BAT_IE+EF_min_fert_AN_CO2*Frac_AN_IE) -> 0.073870634 | I32: ='CO2 per kg feed'!H77*FCR_bonefree_incl_parents_IE -> 0.061987143 | J32: ='CO2 per kg feed'!I77*FCR_bonefree_incl_parents_IE -> 0 | L32: ='CO2 per kg feed'!K77*FCR_bonefree_incl_parents_IE -> 0.073289325 | N32: ='CO2 per kg feed'!M77*FCR_bonefree_incl_parents_IE -> 0.00019093931 | O32: ='CO2 per kg feed'!N77*FCR_bonefree_incl_parents_IE -> 0.097908903 | P32: ='CO2 per kg feed'!O77*FCR_bonefree_incl_parents_IE -> 0.14537906 | Q32: ='CO2 per kg feed'!P77*FCR_bonefree_incl_parents_IE -> 0.021179504 | R32: ='CO2 per kg feed'!Q77*FCR_bonefree_incl_parents_IE -> 0.13009148 | W32: =Energy_stables_IE/Bonefree_outof_CW_IE*(Share_heating_IE*(Share_biofuels_IE*EF_biofuels_CO2+(1-Share_biofuels_IE)*EF_oil_CO2)+(1-Share_heating_IE)*EF_el_CO2_IE) -> 0.090105819 | X32: =(Energy_slaughter_el_IE*EF_el_CO2_IE+Energy_slaughter_oil_IE*EF_oil_CO2)/Bonefree_outof_CW_IE -> 0.21110276
A33: A01SP | B33: Chicken fresh meat | C33: Meat and meat products | D33: Ireland | E33: IE | F33: CH4, fossil | G33: =SUM(H33:X33) -> 0.00092381804 | H33: ='CH4 per kg feed'!G77*FCR_bonefree_incl_parents_IE-Excreted_N_after_losses_IE*Manure_repl_factor_IE*(EF_min_fert_BAT_CH4*Frac_BAT_IE+EF_min_fert_AN_CH4*Frac_AN_IE) -> 0.00013352964 | I33: ='CH4 per kg feed'!H77*FCR_bonefree_incl_parents_IE -> 0.00022691612 | L33: ='CH4 per kg feed'!K77*FCR_bonefree_incl_parents_IE -> 3.2220328e-05 | N33: ='CH4 per kg feed'!M77*FCR_bonefree_incl_parents_IE -> 1.5062731e-06 | O33: ='CH4 per kg feed'!N77*FCR_bonefree_incl_parents_IE -> 5.4757723e-05 | P33: ='CH4 per kg feed'!O77*FCR_bonefree_incl_parents_IE -> 0 | Q33: ='CH4 per kg feed'!P77*FCR_bonefree_incl_parents_IE -> 7.0098587e-05 | R33: ='CH4 per kg feed'!Q77*FCR_bonefree_incl_parents_IE -> 0.00011745742 | W33: =Energy_stables_IE/Bonefree_outof_CW_IE*(Share_heating_IE*(Share_biofuels_IE*EF_biofuel_CH4+(1-Share_biofuels_IE)*EF_oil_CH4)+(1-Share_heating_IE)*EF_el_CH4_IE) -> 6.5086732e-05 | X33: =(Energy_slaughter_el_IE*EF_el_CH4_IE+Energy_slaughter_oil_IE*EF_oil_CH4)/Bonefree_outof_CW_IE -> 0.00022224522
A34: A01SP | B34: Chicken fresh meat | C34: Meat and meat products | D34: Ireland | E34: IE | F34: CH4, biogenic | G34: =SUM(H34:T34)+SUM(W34:X34) -> 0.0023114555 | T34: =SUM(U34:V34) -> 0.0023114555 | U34: =(Production!G40*(Slaughter_age_IE/365)+SUM(Production!G41:G44))*EF_CH4_manure_IE -> 0.0023114555
A35: A01SP | B35: Chicken fresh meat | C35: Meat and meat products | D35: Ireland | E35: IE | F35: N2O | G35: =SUM(H35:T35)+SUM(W35:X35) -> 0.0014786289 | H35: ='N2O per kg feed'!G77*FCR_bonefree_incl_parents_IE-Excreted_N_after_losses_IE*Manure_repl_factor_IE*(EF_min_fert_BAT_N2O*Frac_BAT_IE+EF_min_fert_AN_N2O*Frac_AN_IE) -> 0.00015463417 | I35: ='N2O per kg feed'!H77*FCR_bonefree_incl_parents_IE -> 2.349138e-06 | J35: ='N2O per kg feed'!I77*FCR_bonefree_incl_parents_IE-Excreted_N_after_losses_IE*Manure_repl_factor_IE*EF_N2O_diff_IE -> 0.0009696262 | K35: =J35*EF_indirect_N2O_IE -> 9.696262e-05 | L35: ='N2O per kg feed'!K77*FCR_bonefree_incl_parents_IE -> 1.9522284e-06 | N35: ='N2O per kg feed'!M77*FCR_bonefree_incl_parents_IE -> 1.8527425e-08 | O35: ='N2O per kg feed'!N77*FCR_bonefree_incl_parents_IE -> 3.4955066e-06 | P35: ='N2O per kg feed'!O77*FCR_bonefree_incl_parents_IE -> 0 | Q35: ='N2O per kg feed'!P77*FCR_bonefree_incl_parents_IE -> 7.0878959e-06 | R35: ='N2O per kg feed'!Q77*FCR_bonefree_incl_parents_IE -> 4.5993798e-06 | T35: =SUM(U35:V35) -> 0.00022420799 | U35: =Excreted_N_per_kg_of_bonefree_meat_IE*EF_N2O_manure_direct_IE*44/28 -> 8.3092313e-05 | V35: =(Excreted_N_per_kg_of_bonefree_meat_IE-U35*28/44)*EF_ammonia_IE*EF_N2O_manure_indirect_IE*44/28 -> 0.00014111568 | W35: =Energy_stables_IE/Bonefree_outof_CW_IE*(Share_heating_IE*(Share_biofuels_IE*EF_biofuel_N2O+(1-Share_biofuels_IE)*EF_oil_N2O)+(1-Share_heating_IE)*EF_el_N2O_IE) -> 5.9500683e-06 | X35: =(Energy_slaughter_el_IE*EF_el_N2O_IE+Energy_slaughter_oil_IE*EF_oil_N2O)/Bonefree_outof_CW_IE -> 7.7451942e-06
A36: A01SP | B36: Chicken fresh meat | C36: Meat and meat products | D36: Ireland | E36: IE | F36: CO2e | G36: =SUM(H36:X36) -> 1.3987103 | H36: =SUMPRODUCT(H32:H35,'Parameters, general'!$B$14:$B$17) -> 0.12006494 | I36: =SUMPRODUCT(I32:I35,'Parameters, general'!$B$14:$B$17) -> 0.069390558 | J36: =SUMPRODUCT(J32:J35,'Parameters, general'!$B$14:$B$17) -> 0.26470795 | K36: =SUMPRODUCT(K32:K35,'Parameters, general'!$B$14:$B$17) -> 0.026470795 | L36: =SUMPRODUCT(L32:L35,'Parameters, general'!$B$14:$B$17) -> 0.074782449 | M36: =SUMPRODUCT(M32:M35,'Parameters, general'!$B$14:$B$17) -> 0 | N36: =SUMPRODUCT(N32:N35,'Parameters, general'!$B$14:$B$17) -> 0.00024088423 | O36: =SUMPRODUCT(O32:O35,'Parameters, general'!$B$14:$B$17) -> 0.10049496 | ... T36: =SUMPRODUCT(T32:T35,'Parameters, general'!$B$14:$B$17) -> 0.12361808 | W36: =SUMPRODUCT(W32:W35,'Parameters, general'!$B$14:$B$17) -> 0.093669772 | X36: =SUMPRODUCT(X32:X35,'Parameters, general'!$B$14:$B$17) -> 0.2198401 | Z36: =SUM(H36:R36) -> 0.96158237 | AA36: ='CO2 per kg feed'!F77+'CH4 per kg feed'!F77*CF_GWP_CH4_fossil+'N2O per kg feed'!F77*CF_GWP_N2O -> 0.36652169
A37: A01SP | B37: Chicken fresh meat | C37: Meat and meat products | D37: Italy | E37: IT | F37: CO2 | G37: =SUM(H37:X37) -> 0.94113879 | H37: ='CO2 per kg feed'!G89*FCR_bonefree_incl_parents_IT-Excreted_N_after_losses_IT*Manure_repl_factor_IT*(EF_min_fert_BAT_CO2*Frac_BAT_IT+EF_min_fert_AN_CO2*Frac_AN_IT) -> 0.12143611 | I37: ='CO2 per kg feed'!H89*FCR_bonefree_incl_parents_IT -> 0.074152094 | J37: ='CO2 per kg feed'!I89*FCR_bonefree_incl_parents_IT -> 0 | L37: ='CO2 per kg feed'!K89*FCR_bonefree_incl_parents_IT -> 0.093443167 | N37: ='CO2 per kg feed'!M89*FCR_bonefree_incl_parents_IT -> 0.013844658 | O37: ='CO2 per kg feed'!N89*FCR_bonefree_incl_parents_IT -> 0.11284311 | P37: ='CO2 per kg feed'!O89*FCR_bonefree_incl_parents_IT -> 0.12172101 | Q37: ='CO2 per kg feed'!P89*FCR_bonefree_incl_parents_IT -> 0.013797801 | R37: ='CO2 per kg feed'!Q89*FCR_bonefree_incl_parents_IT -> 0.097174036 | W37: =Energy_stables_IT/Bonefree_outof_CW_IT*(Share_heating_IT*(Share_biofuels_IT*EF_biofuels_CO2+(1-Share_biofuels_IT)*EF_oil_CO2)+(1-Share_heating_IT)*EF_el_CO2_IT) -> 0.088842576 | X37: =(Energy_slaughter_el_IT*EF_el_CO2_IT+Energy_slaughter_oil_IT*EF_oil_CO2)/Bonefree_outof_CW_IT -> 0.20388423
A38: A01SP | B38: Chicken fresh meat | C38: Meat and meat products | D38: Italy | E38: IT | F38: CH4, fossil | G38: =SUM(H38:X38) -> 0.0019482909 | H38: ='CH4 per kg feed'!G89*FCR_bonefree_incl_parents_IT-Excreted_N_after_losses_IT*Manure_repl_factor_IT*(EF_min_fert_BAT_CH4*Frac_BAT_IT+EF_min_fert_AN_CH4*Frac_AN_IT) -> 0.0002375859 | I38: ='CH4 per kg feed'!H89*FCR_bonefree_incl_parents_IT -> 0.00027275231 | L38: ='CH4 per kg feed'!K89*FCR_bonefree_incl_parents_IT -> 4.1352627e-05 | N38: ='CH4 per kg feed'!M89*FCR_bonefree_incl_parents_IT -> 4.3731438e-05 | O38: ='CH4 per kg feed'!N89*FCR_bonefree_incl_parents_IT -> 0.00011907303 | P38: ='CH4 per kg feed'!O89*FCR_bonefree_incl_parents_IT -> 0 | Q38: ='CH4 per kg feed'!P89*FCR_bonefree_incl_parents_IT -> 5.014806e-05 | R38: ='CH4 per kg feed'!Q89*FCR_bonefree_incl_parents_IT -> 0.0001511309 | W38: =Energy_stables_IT/Bonefree_outof_CW_IT*(Share_heating_IT*(Share_biofuels_IT*EF_biofuel_CH4+(1-Share_biofuels_IT)*EF_oil_CH4)+(1-Share_heating_IT)*EF_el_CH4_IT) -> 0.00017607168 | X38: =(Energy_slaughter_el_IT*EF_el_CH4_IT+Energy_slaughter_oil_IT*EF_oil_CH4)/Bonefree_outof_CW_IT -> 0.0008564449
A39: A01SP | B39: Chicken fresh meat | C39: Meat and meat products | D39: Italy | E39: IT | F39: CH4, biogenic | G39: =SUM(H39:T39)+SUM(W39:X39) -> 0.0022013861 | T39: =SUM(U39:V39) -> 0.0022013861 | U39: =(Production!H40*(Slaughter_age_IT/365)+SUM(Production!H41:H44))*EF_CH4_manure_IT -> 0.0022013861
A40: A01SP | B40: Chicken fresh meat | C40: Meat and meat products | D40: Italy | E40: IT | F40: N2O | G40: =SUM(H40:T40)+SUM(W40:X40) -> 0.00095162992 | H40: ='N2O per kg feed'!G89*FCR_bonefree_incl_parents_IT-Excreted_N_after_losses_IT*Manure_repl_factor_IT*(EF_min_fert_BAT_N2O*Frac_BAT_IT+EF_min_fert_AN_N2O*Frac_AN_IT) -> 0.000266465 | I40: ='N2O per kg feed'!H89*FCR_bonefree_incl_parents_IT -> 2.7840753e-06 | J40: ='N2O per kg feed'!I89*FCR_bonefree_incl_parents_IT-Excreted_N_after_losses_IT*Manure_repl_factor_IT*EF_N2O_diff_IT -> 0.00045442318 | K40: =J40*EF_indirect_N2O_IT -> 4.5442318e-05 | L40: ='N2O per kg feed'!K89*FCR_bonefree_incl_parents_IT -> 2.5072242e-06 | N40: ='N2O per kg feed'!M89*FCR_bonefree_incl_parents_IT -> 5.3832493e-07 | O40: ='N2O per kg feed'!N89*FCR_bonefree_incl_parents_IT -> 4.1265528e-06 | P40: ='N2O per kg feed'!O89*FCR_bonefree_incl_parents_IT -> 0 | Q40: ='N2O per kg feed'!P89*FCR_bonefree_incl_parents_IT -> 5.2037372e-06 | R40: ='N2O per kg feed'!Q89*FCR_bonefree_incl_parents_IT -> 3.5111852e-06 | T40: =SUM(U40:V40) -> 0.00015168032 | U40: =Excreted_N_per_kg_of_bonefree_meat_IT*EF_N2O_manure_direct_IT*44/28 -> 5.6213288e-05 | V40: =(Excreted_N_per_kg_of_bonefree_meat_IT-U40*28/44)*EF_ammonia_IT*EF_N2O_manure_indirect_IT*44/28 -> 9.5467027e-05 | W40: =Energy_stables_IT/Bonefree_outof_CW_IT*(Share_heating_IT*(Share_biofuels_IT*EF_biofuel_N2O+(1-Share_biofuels_IT)*EF_oil_N2O)+(1-Share_heating_IT)*EF_el_N2O_IT) -> 6.1366469e-06 | X40: =(Energy_slaughter_el_IT*EF_el_N2O_IT+Energy_slaughter_oil_IT*EF_oil_N2O)/Bonefree_outof_CW_IT -> 8.8113577e-06
A41: A01SP | B41: Chicken fresh meat | C41: Meat and meat products | D41: Italy | E41: IT | F41: CO2e | G41: =SUM(H41:X41) -> 1.3184303 | H41: =SUMPRODUCT(H37:H40,'Parameters, general'!$B$14:$B$17) -> 0.20126111 | I41: =SUMPRODUCT(I37:I40,'Parameters, general'!$B$14:$B$17) -> 0.083040166 | J41: =SUMPRODUCT(J37:J40,'Parameters, general'!$B$14:$B$17) -> 0.12405753 | K41: =SUMPRODUCT(K37:K40,'Parameters, general'!$B$14:$B$17) -> 0.012405753 | L41: =SUMPRODUCT(L37:L40,'Parameters, general'!$B$14:$B$17) -> 0.095359948 | M41: =SUMPRODUCT(M37:M40,'Parameters, general'!$B$14:$B$17) -> 0 | N41: =SUMPRODUCT(N37:N40,'Parameters, general'!$B$14:$B$17) -> 0.015294818 | O41: =SUMPRODUCT(O37:O40,'Parameters, general'!$B$14:$B$17) -> 0.11751804 | ... T41: =SUMPRODUCT(T37:T40,'Parameters, general'!$B$14:$B$17) -> 0.10084615 | W41: =SUMPRODUCT(W37:W40,'Parameters, general'!$B$14:$B$17) -> 0.095764816 | X41: =SUMPRODUCT(X37:X40,'Parameters, general'!$B$14:$B$17) -> 0.23181178 | Z41: =SUM(H41:R41) -> 0.8900075 | AA41: ='CO2 per kg feed'!F89+'CH4 per kg feed'!F89*CF_GWP_CH4_fossil+'N2O per kg feed'!F89*CF_GWP_N2O -> 0.32060947
A42: A01SP | B42: Chicken fresh meat | C42: Meat and meat products | D42: Netherland | E42: NL | F42: CO2 | G42: =SUM(H42:X42) -> 1.1319672 | H42: ='CO2 per kg feed'!G101*FCR_bonefree_incl_parents_NL-Excreted_N_after_losses_NL*Manure_repl_factor_NL*(EF_min_fert_BAT_CO2*Frac_BAT_NL+EF_min_fert_AN_CO2*Frac_AN_NL) -> 0.11726582 | I42: ='CO2 per kg feed'!H101*FCR_bonefree_incl_parents_NL -> 0.076915781 | J42: ='CO2 per kg feed'!I101*FCR_bonefree_incl_parents_NL -> 0 | L42: ='CO2 per kg feed'!K101*FCR_bonefree_incl_parents_NL -> 0.090565867 | N42: ='CO2 per kg feed'!M101*FCR_bonefree_incl_parents_NL -> 0.0052976139 | O42: ='CO2 per kg feed'!N101*FCR_bonefree_incl_parents_NL -> 0.1279805 | P42: ='CO2 per kg feed'!O101*FCR_bonefree_incl_parents_NL -> 0.16553871 | Q42: ='CO2 per kg feed'!P101*FCR_bonefree_incl_parents_NL -> 0.026861901 | R42: ='CO2 per kg feed'!Q101*FCR_bonefree_incl_parents_NL -> 0.15632704 | W42: =Energy_stables_NL/Bonefree_outof_CW_NL*(Share_heating_NL*(Share_biofuels_NL*EF_biofuels_CO2+(1-Share_biofuels_NL)*EF_oil_CO2)+(1-Share_heating_NL)*EF_el_CO2_NL) -> 0.099638536 | X42: =(Energy_slaughter_el_NL*EF_el_CO2_NL+Energy_slaughter_oil_NL*EF_oil_CO2)/Bonefree_outof_CW_NL -> 0.26557543
A43: A01SP | B43: Chicken fresh meat | C43: Meat and meat products | D43: Netherland | E43: NL | F43: CH4, fossil | G43: =SUM(H43:X43) -> 0.0015856929 | H43: ='CH4 per kg feed'!G101*FCR_bonefree_incl_parents_NL-Excreted_N_after_losses_NL*Manure_repl_factor_NL*(EF_min_fert_BAT_CH4*Frac_BAT_NL+EF_min_fert_AN_CH4*Frac_AN_NL) -> 0.00024041031 | I43: ='CH4 per kg feed'!H101*FCR_bonefree_incl_parents_NL -> 0.00036359114 | L43: ='CH4 per kg feed'!K101*FCR_bonefree_incl_parents_NL -> 3.974989e-05 | N43: ='CH4 per kg feed'!M101*FCR_bonefree_incl_parents_NL -> 1.6894328e-05 | O43: ='CH4 per kg feed'!N101*FCR_bonefree_incl_parents_NL -> 8.6416552e-05 | P43: ='CH4 per kg feed'!O101*FCR_bonefree_incl_parents_NL -> 9.0765003e-06 | Q43: ='CH4 per kg feed'!P101*FCR_bonefree_incl_parents_NL -> 9.0245088e-05 | R43: ='CH4 per kg feed'!Q101*FCR_bonefree_incl_parents_NL -> 0.00010945184 | W43: =Energy_stables_NL/Bonefree_outof_CW_NL*(Share_heating_NL*(Share_biofuels_NL*EF_biofuel_CH4+(1-Share_biofuels_NL)*EF_oil_CH4)+(1-Share_heating_NL)*EF_el_CH4_NL) -> 0.00011610113 | X43: =(Energy_slaughter_el_NL*EF_el_CH4_NL+Energy_slaughter_oil_NL*EF_oil_CH4)/Bonefree_outof_CW_NL -> 0.00051375608
A44: A01SP | B44: Chicken fresh meat | C44: Meat and meat products | D44: Netherland | E44: NL | F44: CH4, biogenic | G44: =SUM(H44:T44)+SUM(W44:X44) -> 0.0031693198 | T44: =SUM(U44:V44) -> 0.0031693198 | U44: =(Production!I40*(Slaughter_age_NL/365)+SUM(Production!I41:I44))*EF_CH4_manure_NL -> 0.0031693198
A45: A01SP | B45: Chicken fresh meat | C45: Meat and meat products | D45: Netherland | E45: NL | F45: N2O | G45: =SUM(H45:T45)+SUM(W45:X45) -> 0.0019221784 | H45: ='N2O per kg feed'!G101*FCR_bonefree_incl_parents_NL-Excreted_N_after_losses_NL*Manure_repl_factor_NL*(EF_min_fert_BAT_N2O*Frac_BAT_NL+EF_min_fert_AN_N2O*Frac_AN_NL) -> 0.00023614627 | I45: ='N2O per kg feed'!H101*FCR_bonefree_incl_parents_NL -> 2.9189388e-06 | J45: ='N2O per kg feed'!I101*FCR_bonefree_incl_parents_NL-Excreted_N_after_losses_NL*Manure_repl_factor_NL*EF_N2O_diff_NL -> 0.0012771476 | K45: =J45*EF_indirect_N2O_NL -> 0.00012771476 | L45: ='N2O per kg feed'!K101*FCR_bonefree_incl_parents_NL -> 2.4309735e-06 | N45: ='N2O per kg feed'!M101*FCR_bonefree_incl_parents_NL -> 2.1017858e-07 | O45: ='N2O per kg feed'!N101*FCR_bonefree_incl_parents_NL -> 4.6468627e-06 | P45: ='N2O per kg feed'!O101*FCR_bonefree_incl_parents_NL -> 0 | Q45: ='N2O per kg feed'!P101*FCR_bonefree_incl_parents_NL -> 8.5805829e-06 | R45: ='N2O per kg feed'!Q101*FCR_bonefree_incl_parents_NL -> 5.4741918e-06 | T45: =SUM(U45:V45) -> 0.00023982733 | U45: =Excreted_N_per_kg_of_bonefree_meat_NL*EF_N2O_manure_direct_NL*44/28 -> 8.8880901e-05 | V45: =(Excreted_N_per_kg_of_bonefree_meat_NL-U45*28/44)*EF_ammonia_NL*EF_N2O_manure_indirect_NL*44/28 -> 0.00015094643 | W45: =Energy_stables_NL/Bonefree_outof_CW_NL*(Share_heating_NL*(Share_biofuels_NL*EF_biofuel_N2O+(1-Share_biofuels_NL)*EF_oil_N2O)+(1-Share_heating_NL)*EF_el_N2O_NL) -> 6.4542865e-06 | X45: =(Energy_slaughter_el_NL*EF_el_N2O_NL+Energy_slaughter_oil_NL*EF_oil_N2O)/Bonefree_outof_CW_NL -> 1.0626442e-05
A46: A01SP | B46: Chicken fresh meat | C46: Meat and meat products | D46: Netherland | E46: NL | F46: CO2e | G46: =SUM(H46:X46) -> 1.7895472 | H46: =SUMPRODUCT(H42:H45,'Parameters, general'!$B$14:$B$17) -> 0.18889798 | I46: =SUMPRODUCT(I42:I45,'Parameters, general'!$B$14:$B$17) -> 0.088547668 | J46: =SUMPRODUCT(J42:J45,'Parameters, general'!$B$14:$B$17) -> 0.34866129 | K46: =SUMPRODUCT(K42:K45,'Parameters, general'!$B$14:$B$17) -> 0.034866129 | L46: =SUMPRODUCT(L42:L45,'Parameters, general'!$B$14:$B$17) -> 0.09241407 | M46: =SUMPRODUCT(M42:M45,'Parameters, general'!$B$14:$B$17) -> 0 | N46: =SUMPRODUCT(N42:N45,'Parameters, general'!$B$14:$B$17) -> 0.0058584436 | O46: =SUMPRODUCT(O42:O45,'Parameters, general'!$B$14:$B$17) -> 0.13182431 | ... T46: =SUMPRODUCT(T42:T45,'Parameters, general'!$B$14:$B$17) -> 0.1510445 | W46: =SUMPRODUCT(W42:W45,'Parameters, general'!$B$14:$B$17) -> 0.10486037 | X46: =SUMPRODUCT(X42:X45,'Parameters, general'!$B$14:$B$17) -> 0.28378637 | Z46: =SUM(H46:R46) -> 1.2498559 | AA46: ='CO2 per kg feed'!F101+'CH4 per kg feed'!F101*CF_GWP_CH4_fossil+'N2O per kg feed'!F101*CF_GWP_N2O -> 0.46008793
A47: A01SP | B47: Chicken fresh meat | C47: Meat and meat products | D47: Poland | E47: PL | F47: CO2 | G47: =SUM(H47:X47) -> 1.3816965 | H47: ='CO2 per kg feed'!G113*FCR_bonefree_incl_parents_PL-Excreted_N_after_losses_PL*Manure_repl_factor_PL*(EF_min_fert_BAT_CO2*Frac_BAT_PL+EF_min_fert_AN_CO2*Frac_AN_PL) -> 0.14368949 | I47: ='CO2 per kg feed'!H113*FCR_bonefree_incl_parents_PL -> 0.080141891 | J47: ='CO2 per kg feed'!I113*FCR_bonefree_incl_parents_PL -> 0 | L47: ='CO2 per kg feed'!K113*FCR_bonefree_incl_parents_PL -> 0.12903981 | N47: ='CO2 per kg feed'!M113*FCR_bonefree_incl_parents_PL -> 0.00087490449 | O47: ='CO2 per kg feed'!N113*FCR_bonefree_incl_parents_PL -> 0.15442876 | P47: ='CO2 per kg feed'!O113*FCR_bonefree_incl_parents_PL -> 0.10930332 | Q47: ='CO2 per kg feed'!P113*FCR_bonefree_incl_parents_PL -> 0.014183907 | R47: ='CO2 per kg feed'!Q113*FCR_bonefree_incl_parents_PL -> 0.092615279 | W47: =Energy_stables_PL/Bonefree_outof_CW_PL*(Share_heating_PL*(Share_biofuels_PL*EF_biofuels_CO2+(1-Share_biofuels_PL)*EF_oil_CO2)+(1-Share_heating_PL)*EF_el_CO2_PL) -> 0.14315846 | X47: =(Energy_slaughter_el_PL*EF_el_CO2_PL+Energy_slaughter_oil_PL*EF_oil_CO2)/Bonefree_outof_CW_PL -> 0.51426071
A48: A01SP | B48: Chicken fresh meat | C48: Meat and meat products | D48: Poland | E48: PL | F48: CH4, fossil | G48: =SUM(H48:X48) -> 0.0021239649 | H48: ='CH4 per kg feed'!G113*FCR_bonefree_incl_parents_PL-Excreted_N_after_losses_PL*Manure_repl_factor_PL*(EF_min_fert_BAT_CH4*Frac_BAT_PL+EF_min_fert_AN_CH4*Frac_AN_PL) -> 0.0002818714 | I48: ='CH4 per kg feed'!H113*FCR_bonefree_incl_parents_PL -> 0.0003160519 | L48: ='CH4 per kg feed'!K113*FCR_bonefree_incl_parents_PL -> 5.7061792e-05 | N48: ='CH4 per kg feed'!M113*FCR_bonefree_incl_parents_PL -> 2.9951441e-06 | O48: ='CH4 per kg feed'!N113*FCR_bonefree_incl_parents_PL -> 0.00014056293 | P48: ='CH4 per kg feed'!O113*FCR_bonefree_incl_parents_PL -> 4.5592717e-06 | Q48: ='CH4 per kg feed'!P113*FCR_bonefree_incl_parents_PL -> 5.0018008e-05 | R48: ='CH4 per kg feed'!Q113*FCR_bonefree_incl_parents_PL -> 9.4121854e-05 | W48: =Energy_stables_PL/Bonefree_outof_CW_PL*(Share_heating_PL*(Share_biofuels_PL*EF_biofuel_CH4+(1-Share_biofuels_PL)*EF_oil_CH4)+(1-Share_heating_PL)*EF_el_CH4_PL) -> 0.00019754917 | X48: =(Energy_slaughter_el_PL*EF_el_CH4_PL+Energy_slaughter_oil_PL*EF_oil_CH4)/Bonefree_outof_CW_PL -> 0.00097917341
A49: A01SP | B49: Chicken fresh meat | C49: Meat and meat products | D49: Poland | E49: PL | F49: CH4, biogenic | G49: =SUM(H49:T49)+SUM(W49:X49) -> 0.0033020792 | T49: =SUM(U49:V49) -> 0.0033020792 | U49: =(Production!J40*(Slaughter_age_PL/365)+SUM(Production!J41:J44))*EF_CH4_manure_PL -> 0.0033020792
A50: A01SP | B50: Chicken fresh meat | C50: Meat and meat products | D50: Poland | E50: PL | F50: N2O | G50: =SUM(H50:T50)+SUM(W50:X50) -> 0.0018390874 | H50: ='N2O per kg feed'!G113*FCR_bonefree_incl_parents_PL-Excreted_N_after_losses_PL*Manure_repl_factor_PL*(EF_min_fert_BAT_N2O*Frac_BAT_PL+EF_min_fert_AN_N2O*Frac_AN_PL) -> 0.00031482071 | I50: ='N2O per kg feed'!H113*FCR_bonefree_incl_parents_PL -> 3.0032102e-06 | J50: ='N2O per kg feed'!I113*FCR_bonefree_incl_parents_PL-Excreted_N_after_losses_PL*Manure_repl_factor_PL*EF_N2O_diff_PL -> 0.0011889015 | K50: =J50*EF_indirect_N2O_PL -> 0.00011889015 | L50: ='N2O per kg feed'!K113*FCR_bonefree_incl_parents_PL -> 3.4658925e-06 | N50: ='N2O per kg feed'!M113*FCR_bonefree_incl_parents_PL -> 3.7511821e-08 | O50: ='N2O per kg feed'!N113*FCR_bonefree_incl_parents_PL -> 4.5467421e-06 | P50: ='N2O per kg feed'!O113*FCR_bonefree_incl_parents_PL -> 0 | Q50: ='N2O per kg feed'!P113*FCR_bonefree_incl_parents_PL -> 5.0059474e-06 | R50: ='N2O per kg feed'!Q113*FCR_bonefree_incl_parents_PL -> 3.3078371e-06 | T50: =SUM(U50:V50) -> 0.00018145662 | U50: =Excreted_N_per_kg_of_bonefree_meat_PL*EF_N2O_manure_direct_PL*44/28 -> 6.7248496e-05 | V50: =(Excreted_N_per_kg_of_bonefree_meat_PL-U50*28/44)*EF_ammonia_PL*EF_N2O_manure_indirect_PL*44/28 -> 0.00011420812 | W50: =Energy_stables_PL/Bonefree_outof_CW_PL*(Share_heating_PL*(Share_biofuels_PL*EF_biofuel_N2O+(1-Share_biofuels_PL)*EF_oil_N2O)+(1-Share_heating_PL)*EF_el_N2O_PL) -> 6.241383e-06 | X50: =(Energy_slaughter_el_PL*EF_el_N2O_PL+Energy_slaughter_oil_PL*EF_oil_N2O)/Bonefree_outof_CW_PL -> 9.4098499e-06
A51: A01SP | B51: Chicken fresh meat | C51: Meat and meat products | D51: Poland | E51: PL | F51: CO2e | G51: =SUM(H51:X51) -> 2.0362177 | H51: =SUMPRODUCT(H47:H50,'Parameters, general'!$B$14:$B$17) -> 0.23803531 | I51: =SUMPRODUCT(I47:I50,'Parameters, general'!$B$14:$B$17) -> 0.090380114 | J51: =SUMPRODUCT(J47:J50,'Parameters, general'!$B$14:$B$17) -> 0.32457011 | K51: =SUMPRODUCT(K47:K50,'Parameters, general'!$B$14:$B$17) -> 0.032457011 | L51: =SUMPRODUCT(L47:L50,'Parameters, general'!$B$14:$B$17) -> 0.13168644 | M51: =SUMPRODUCT(M47:M50,'Parameters, general'!$B$14:$B$17) -> 0 | N51: =SUMPRODUCT(N47:N50,'Parameters, general'!$B$14:$B$17) -> 0.00097440051 | O51: =SUMPRODUCT(O47:O50,'Parameters, general'!$B$14:$B$17) -> 0.15985879 | ... T51: =SUMPRODUCT(T47:T50,'Parameters, general'!$B$14:$B$17) -> 0.1386938 | W51: =SUMPRODUCT(W47:W50,'Parameters, general'!$B$14:$B$17) -> 0.15074932 | X51: =SUMPRODUCT(X47:X50,'Parameters, general'!$B$14:$B$17) -> 0.54600896 | Z51: =SUM(H51:R51) -> 1.2007656 | AA51: ='CO2 per kg feed'!F113+'CH4 per kg feed'!F113*CF_GWP_CH4_fossil+'N2O per kg feed'!F113*CF_GWP_N2O -> 0.42545943
A52: A01SP | B52: Chicken fresh meat | C52: Meat and meat products | D52: Spain | E52: ES | F52: CO2 | G52: =SUM(H52:X52) -> 1.0417051 | H52: ='CO2 per kg feed'!G125*FCR_bonefree_incl_parents_ES-Excreted_N_after_losses_ES*Manure_repl_factor_ES*(EF_min_fert_BAT_CO2*Frac_BAT_ES+EF_min_fert_AN_CO2*Frac_AN_ES) -> 0.099951184 | I52: ='CO2 per kg feed'!H125*FCR_bonefree_incl_parents_ES -> 0.081798311 | J52: ='CO2 per kg feed'!I125*FCR_bonefree_incl_parents_ES -> 0 | L52: ='CO2 per kg feed'!K125*FCR_bonefree_incl_parents_ES -> 0.13617481 | N52: ='CO2 per kg feed'!M125*FCR_bonefree_incl_parents_ES -> 0.034723121 | O52: ='CO2 per kg feed'!N125*FCR_bonefree_incl_parents_ES -> 0.11672871 | P52: ='CO2 per kg feed'!O125*FCR_bonefree_incl_parents_ES -> 0.17943027 | Q52: ='CO2 per kg feed'!P125*FCR_bonefree_incl_parents_ES -> 0.021254173 | R52: ='CO2 per kg feed'!Q125*FCR_bonefree_incl_parents_ES -> 0.14597586 | W52: =Energy_stables_ES/Bonefree_outof_CW_ES*(Share_heating_ES*(Share_biofuels_ES*EF_biofuels_CO2+(1-Share_biofuels_ES)*EF_oil_CO2)+(1-Share_heating_ES)*EF_el_CO2_ES) -> 0.078855189 | X52: =(Energy_slaughter_el_ES*EF_el_CO2_ES+Energy_slaughter_oil_ES*EF_oil_CO2)/Bonefree_outof_CW_ES -> 0.14681344
A53: A01SP | B53: Chicken fresh meat | C53: Meat and meat products | D53: Spain | E53: ES | F53: CH4, fossil | G53: =SUM(H53:X53) -> 0.0015090295 | H53: ='CH4 per kg feed'!G125*FCR_bonefree_incl_parents_ES-Excreted_N_after_losses_ES*Manure_repl_factor_ES*(EF_min_fert_BAT_CH4*Frac_BAT_ES+EF_min_fert_AN_CH4*Frac_AN_ES) -> 0.00020118114 | I53: ='CH4 per kg feed'!H125*FCR_bonefree_incl_parents_ES -> 0.00031379744 | L53: ='CH4 per kg feed'!K125*FCR_bonefree_incl_parents_ES -> 6.0444429e-05 | N53: ='CH4 per kg feed'!M125*FCR_bonefree_incl_parents_ES -> 0.00011374409 | O53: ='CH4 per kg feed'!N125*FCR_bonefree_incl_parents_ES -> 8.7660976e-05 | P53: ='CH4 per kg feed'!O125*FCR_bonefree_incl_parents_ES -> 1.4863132e-06 | Q53: ='CH4 per kg feed'!P125*FCR_bonefree_incl_parents_ES -> 7.6640848e-05 | R53: ='CH4 per kg feed'!Q125*FCR_bonefree_incl_parents_ES -> 0.00011863674 | W53: =Energy_stables_ES/Bonefree_outof_CW_ES*(Share_heating_ES*(Share_biofuels_ES*EF_biofuel_CH4+(1-Share_biofuels_ES)*EF_oil_CH4)+(1-Share_heating_ES)*EF_el_CH4_ES) -> 0.00010203862 | X53: =(Energy_slaughter_el_ES*EF_el_CH4_ES+Energy_slaughter_oil_ES*EF_oil_CH4)/Bonefree_outof_CW_ES -> 0.00043339887
A54: A01SP | B54: Chicken fresh meat | C54: Meat and meat products | D54: Spain | E54: ES | F54: CH4, biogenic | G54: =SUM(H54:T54)+SUM(W54:X54) -> 0.0029891817 | T54: =SUM(U54:V54) -> 0.0029891817 | U54: =(Production!K40*(Slaughter_age_ES/365)+SUM(Production!K41:K44))*EF_CH4_manure_ES -> 0.0029891817
A55: A01SP | B55: Chicken fresh meat | C55: Meat and meat products | D55: Spain | E55: ES | F55: N2O | G55: =SUM(H55:T55)+SUM(W55:X55) -> 0.001341212 | H55: ='N2O per kg feed'!G125*FCR_bonefree_incl_parents_ES-Excreted_N_after_losses_ES*Manure_repl_factor_ES*(EF_min_fert_BAT_N2O*Frac_BAT_ES+EF_min_fert_AN_N2O*Frac_AN_ES) -> 0.00022106914 | I55: ='N2O per kg feed'!H125*FCR_bonefree_incl_parents_ES -> 3.0789654e-06 | J55: ='N2O per kg feed'!I125*FCR_bonefree_incl_parents_ES-Excreted_N_after_losses_ES*Manure_repl_factor_ES*EF_N2O_diff_ES -> 0.00075092799 | K55: =J55*EF_indirect_N2O_ES -> 7.5092799e-05 | L55: ='N2O per kg feed'!K125*FCR_bonefree_incl_parents_ES -> 3.6736123e-06 | N55: ='N2O per kg feed'!M125*FCR_bonefree_incl_parents_ES -> 1.40016e-06 | O55: ='N2O per kg feed'!N125*FCR_bonefree_incl_parents_ES -> 4.3189815e-06 | P55: ='N2O per kg feed'!O125*FCR_bonefree_incl_parents_ES -> 0 | Q55: ='N2O per kg feed'!P125*FCR_bonefree_incl_parents_ES -> 7.8407367e-06 | R55: ='N2O per kg feed'!Q125*FCR_bonefree_incl_parents_ES -> 5.2548423e-06 | T55: =SUM(U55:V55) -> 0.0002562377 | U55: =Excreted_N_per_kg_of_bonefree_meat_ES*EF_N2O_manure_direct_ES*44/28 -> 9.4962643e-05 | V55: =(Excreted_N_per_kg_of_bonefree_meat_ES-U55*28/44)*EF_ammonia_ES*EF_N2O_manure_indirect_ES*44/28 -> 0.00016127506 | W55: =Energy_stables_ES/Bonefree_outof_CW_ES*(Share_heating_ES*(Share_biofuels_ES*EF_biofuel_N2O+(1-Share_biofuels_ES)*EF_oil_N2O)+(1-Share_heating_ES)*EF_el_N2O_ES) -> 5.7448011e-06 | X55: =(Energy_slaughter_el_ES*EF_el_N2O_ES+Energy_slaughter_oil_ES*EF_oil_N2O)/Bonefree_outof_CW_ES -> 6.5722389e-06
A56: A01SP | B56: Chicken fresh meat | C56: Meat and meat products | D56: Spain | E56: ES | F56: CO2e | G56: =SUM(H56:X56) -> 1.5335329 | H56: =SUMPRODUCT(H52:H55,'Parameters, general'!$B$14:$B$17) -> 0.16629826 | I56: =SUMPRODUCT(I52:I55,'Parameters, general'!$B$14:$B$17) -> 0.091990033 | J56: =SUMPRODUCT(J52:J55,'Parameters, general'!$B$14:$B$17) -> 0.20500334 | K56: =SUMPRODUCT(K52:K55,'Parameters, general'!$B$14:$B$17) -> 0.020500334 | L56: =SUMPRODUCT(L52:L55,'Parameters, general'!$B$14:$B$17) -> 0.13897895 | M56: =SUMPRODUCT(M52:M55,'Parameters, general'!$B$14:$B$17) -> 0 | N56: =SUMPRODUCT(N52:N55,'Parameters, general'!$B$14:$B$17) -> 0.038494938 | O56: =SUMPRODUCT(O52:O55,'Parameters, general'!$B$14:$B$17) -> 0.12052009 | ... T56: =SUMPRODUCT(T52:T55,'Parameters, general'!$B$14:$B$17) -> 0.1506608 | W56: =SUMPRODUCT(W52:W55,'Parameters, general'!$B$14:$B$17) -> 0.083464271 | X56: =SUMPRODUCT(X52:X55,'Parameters, general'!$B$14:$B$17) -> 0.16152295 | Z56: =SUM(H56:R56) -> 1.1378849 | AA56: ='CO2 per kg feed'!#REF!+'CH4 per kg feed'!#REF!*CF_GWP_CH4_fossil+'N2O per kg feed'!#REF!*CF_GWP_N2O -> #REF!
A57: A01SP | B57: Chicken fresh meat | C57: Meat and meat products | D57: Sweden | E57: SE | F57: CO2 | G57: =SUM(H57:X57) -> 0.96137293 | H57: ='CO2 per kg feed'!G137*FCR_bonefree_incl_parents_SE-Excreted_N_after_losses_SE*Manure_repl_factor_SE*(EF_min_fert_BAT_CO2*Frac_BAT_SE+EF_min_fert_AN_CO2*Frac_AN_SE) -> 0.15557897 | I57: ='CO2 per kg feed'!H137*FCR_bonefree_incl_parents_SE -> 0.081376058 | J57: ='CO2 per kg feed'!I137*FCR_bonefree_incl_parents_SE -> 0 | L57: ='CO2 per kg feed'!K137*FCR_bonefree_incl_parents_SE -> 0.10890908 | N57: ='CO2 per kg feed'!M137*FCR_bonefree_incl_parents_SE -> 0.00065424829 | O57: ='CO2 per kg feed'!N137*FCR_bonefree_incl_parents_SE -> 0.11219293 | P57: ='CO2 per kg feed'!O137*FCR_bonefree_incl_parents_SE -> 0.19351824 | Q57: ='CO2 per kg feed'!P137*FCR_bonefree_incl_parents_SE -> 0.026129814 | R57: ='CO2 per kg feed'!Q137*FCR_bonefree_incl_parents_SE -> 0.16701045 | W57: =Energy_stables_SE/Bonefree_outof_CW_SE*(Share_heating_SE*(Share_biofuels_SE*EF_biofuels_CO2+(1-Share_biofuels_SE)*EF_oil_CO2)+(1-Share_heating_SE)*EF_el_CO2_SE) -> 0.062522031 | X57: =(Energy_slaughter_el_SE*EF_el_CO2_SE+Energy_slaughter_oil_SE*EF_oil_CO2)/Bonefree_outof_CW_SE -> 0.053481112
A58: A01SP | B58: Chicken fresh meat | C58: Meat and meat products | D58: Sweden | E58: SE | F58: CH4, fossil | G58: =SUM(H58:X58) -> 0.00096050214 | H58: ='CH4 per kg feed'!G137*FCR_bonefree_incl_parents_SE-Excreted_N_after_losses_SE*Manure_repl_factor_SE*(EF_min_fert_BAT_CH4*Frac_BAT_SE+EF_min_fert_AN_CH4*Frac_AN_SE) -> 0.00022203505 | I58: ='CH4 per kg feed'!H137*FCR_bonefree_incl_parents_SE -> 0.00032952273 | L58: ='CH4 per kg feed'!K137*FCR_bonefree_incl_parents_SE -> 4.8163741e-05 | N58: ='CH4 per kg feed'!M137*FCR_bonefree_incl_parents_SE -> 4.4105911e-07 | O58: ='CH4 per kg feed'!N137*FCR_bonefree_incl_parents_SE -> 4.6537722e-05 | P58: ='CH4 per kg feed'!O137*FCR_bonefree_incl_parents_SE -> 5.0097343e-06 | Q58: ='CH4 per kg feed'!P137*FCR_bonefree_incl_parents_SE -> 9.1296546e-05 | R58: ='CH4 per kg feed'!Q137*FCR_bonefree_incl_parents_SE -> 0.0001279515 | W58: =Energy_stables_SE/Bonefree_outof_CW_SE*(Share_heating_SE*(Share_biofuels_SE*EF_biofuel_CH4+(1-Share_biofuels_SE)*EF_oil_CH4)+(1-Share_heating_SE)*EF_el_CH4_SE) -> 3.5628959e-05 | X58: =(Energy_slaughter_el_SE*EF_el_CH4_SE+Energy_slaughter_oil_SE*EF_oil_CH4)/Bonefree_outof_CW_SE -> 5.391509e-05
A59: A01SP | B59: Chicken fresh meat | C59: Meat and meat products | D59: Sweden | E59: SE | F59: CH4, biogenic | G59: =SUM(H59:T59)+SUM(W59:X59) -> 0.0022013861 | T59: =SUM(U59:V59) -> 0.0022013861 | U59: =(Production!L40*(Slaughter_age_SE/365)+SUM(Production!L41:L44))*EF_CH4_manure_SE -> 0.0022013861
A60: A01SP | B60: Chicken fresh meat | C60: Meat and meat products | D60: Sweden | E60: SE | F60: N2O | G60: =SUM(H60:T60)+SUM(W60:X60) -> 0.002274522 | H60: ='N2O per kg feed'!G137*FCR_bonefree_incl_parents_SE-Excreted_N_after_losses_SE*Manure_repl_factor_SE*(EF_min_fert_BAT_N2O*Frac_BAT_SE+EF_min_fert_AN_N2O*Frac_AN_SE) -> 0.00032636271 | I60: ='N2O per kg feed'!H137*FCR_bonefree_incl_parents_SE -> 3.0765538e-06 | J60: ='N2O per kg feed'!I137*FCR_bonefree_incl_parents_SE-Excreted_N_after_losses_SE*Manure_repl_factor_SE*EF_N2O_diff_SE -> 0.0016264596 | K60: =J60*EF_indirect_N2O_SE -> 0.00016264596 | L60: ='N2O per kg feed'!K137*FCR_bonefree_incl_parents_SE -> 2.9309947e-06 | N60: ='N2O per kg feed'!M137*FCR_bonefree_incl_parents_SE -> 3.7930631e-08 | O60: ='N2O per kg feed'!N137*FCR_bonefree_incl_parents_SE -> 4.2098362e-06 | P60: ='N2O per kg feed'!O137*FCR_bonefree_incl_parents_SE -> 0 | Q60: ='N2O per kg feed'!P137*FCR_bonefree_incl_parents_SE -> 9.0518472e-06 | R60: ='N2O per kg feed'!Q137*FCR_bonefree_incl_parents_SE -> 5.9442795e-06 | T60: =SUM(U60:V60) -> 0.00012390587 | U60: =Excreted_N_per_kg_of_bonefree_meat_SE*EF_N2O_manure_direct_SE*44/28 -> 4.5919976e-05 | V60: =(Excreted_N_per_kg_of_bonefree_meat_SE-U60*28/44)*EF_ammonia_SE*EF_N2O_manure_indirect_SE*44/28 -> 7.7985895e-05 | W60: =Energy_stables_SE/Bonefree_outof_CW_SE*(Share_heating_SE*(Share_biofuels_SE*EF_biofuel_N2O+(1-Share_biofuels_SE)*EF_oil_N2O)+(1-Share_heating_SE)*EF_el_N2O_SE) -> 5.3842837e-06 | X60: =(Energy_slaughter_el_SE*EF_el_N2O_SE+Energy_slaughter_oil_SE*EF_oil_N2O)/Bonefree_outof_CW_SE -> 4.5121396e-06
A61: A01SP | B61: Chicken fresh meat | C61: Meat and meat products | D61: Sweden | E61: SE | F61: CO2e | G61: =SUM(H61:X61) -> 1.6703778 | H61: =SUMPRODUCT(H57:H60,'Parameters, general'!$B$14:$B$17) -> 0.25129264 | I61: =SUMPRODUCT(I57:I60,'Parameters, general'!$B$14:$B$17) -> 0.092035735 | J61: =SUMPRODUCT(J57:J60,'Parameters, general'!$B$14:$B$17) -> 0.44402347 | K61: =SUMPRODUCT(K57:K60,'Parameters, general'!$B$14:$B$17) -> 0.044402347 | L61: =SUMPRODUCT(L57:L60,'Parameters, general'!$B$14:$B$17) -> 0.11114452 | M61: =SUMPRODUCT(M57:M60,'Parameters, general'!$B$14:$B$17) -> 0 | N61: =SUMPRODUCT(N57:N60,'Parameters, general'!$B$14:$B$17) -> 0.00067774692 | O61: =SUMPRODUCT(O57:O60,'Parameters, general'!$B$14:$B$17) -> 0.11472904 | ... T61: =SUMPRODUCT(T57:T60,'Parameters, general'!$B$14:$B$17) -> 0.093263729 | W61: =SUMPRODUCT(W57:W60,'Parameters, general'!$B$14:$B$17) -> 0.065053683 | X61: =SUMPRODUCT(X57:X60,'Parameters, general'!$B$14:$B$17) -> 0.056319595 | Z61: =SUM(H61:R61) -> 1.4557408 | AA61: ='CO2 per kg feed'!F137+'CH4 per kg feed'!F137*CF_GWP_CH4_fossil+'N2O per kg feed'!F137*CF_GWP_N2O -> 0.47923224
A62: A01SP | B62: Chicken fresh meat | C62: Meat and meat products | D62: UK | E62: GB | F62: CO2 | G62: =SUM(H62:X62) -> 1.1766977 | H62: ='CO2 per kg feed'!G149*FCR_bonefree_incl_parents_GB-Excreted_N_after_losses_GB*Manure_repl_factor_GB*(EF_min_fert_BAT_CO2*Frac_BAT_GB+EF_min_fert_AN_CO2*Frac_AN_GB) -> 0.17650025 | I62: ='CO2 per kg feed'!H149*FCR_bonefree_incl_parents_GB -> 0.079273943 | J62: ='CO2 per kg feed'!I149*FCR_bonefree_incl_parents_GB -> 0 | L62: ='CO2 per kg feed'!K149*FCR_bonefree_incl_parents_GB -> 0.098977905 | N62: ='CO2 per kg feed'!M149*FCR_bonefree_incl_parents_GB -> 0.00029931955 | O62: ='CO2 per kg feed'!N149*FCR_bonefree_incl_parents_GB -> 0.12445047 | P62: ='CO2 per kg feed'!O149*FCR_bonefree_incl_parents_GB -> 0.19388173 | Q62: ='CO2 per kg feed'!P149*FCR_bonefree_incl_parents_GB -> 0.028017114 | R62: ='CO2 per kg feed'!Q149*FCR_bonefree_incl_parents_GB -> 0.17281168 | W62: =Energy_stables_GB/Bonefree_outof_CW_GB*(Share_heating_GB*(Share_biofuels_GB*EF_biofuels_CO2+(1-Share_biofuels_GB)*EF_oil_CO2)+(1-Share_heating_GB)*EF_el_CO2_GB) -> 0.090295972 | X62: =(Energy_slaughter_el_GB*EF_el_CO2_GB+Energy_slaughter_oil_GB*EF_oil_CO2)/Bonefree_outof_CW_GB -> 0.21218934
A63: A01SP | B63: Chicken fresh meat | C63: Meat and meat products | D63: UK | E63: GB | F63: CH4, fossil | G63: =SUM(H63:X63) -> 0.001406488 | H63: ='CH4 per kg feed'!G149*FCR_bonefree_incl_parents_GB-Excreted_N_after_losses_GB*Manure_repl_factor_GB*(EF_min_fert_BAT_CH4*Frac_BAT_GB+EF_min_fert_AN_CH4*Frac_AN_GB) -> 0.00034874528 | I63: ='CH4 per kg feed'!H149*FCR_bonefree_incl_parents_GB -> 0.0003354233 | L63: ='CH4 per kg feed'!K149*FCR_bonefree_incl_parents_GB -> 4.3613516e-05 | N63: ='CH4 per kg feed'!M149*FCR_bonefree_incl_parents_GB -> 8.6863152e-07 | O63: ='CH4 per kg feed'!N149*FCR_bonefree_incl_parents_GB -> 7.1347446e-05 | P63: ='CH4 per kg feed'!O149*FCR_bonefree_incl_parents_GB -> 6.9719219e-06 | Q63: ='CH4 per kg feed'!P149*FCR_bonefree_incl_parents_GB -> 9.6419582e-05 | R63: ='CH4 per kg feed'!Q149*FCR_bonefree_incl_parents_GB -> 0.00012819183 | W63: =Energy_stables_GB/Bonefree_outof_CW_GB*(Share_heating_GB*(Share_biofuels_GB*EF_biofuel_CH4+(1-Share_biofuels_GB)*EF_oil_CH4)+(1-Share_heating_GB)*EF_el_CH4_GB) -> 7.8129751e-05 | X63: =(Energy_slaughter_el_GB*EF_el_CH4_GB+Energy_slaughter_oil_GB*EF_oil_CH4)/Bonefree_outof_CW_GB -> 0.00029677676
A64: A01SP | B64: Chicken fresh meat | C64: Meat and meat products | D64: UK | E64: GB | F64: CH4, biogenic | G64: =SUM(H64:T64)+SUM(W64:X64) -> 0.0022013861 | T64: =SUM(U64:V64) -> 0.0022013861 | U64: =(Production!M40*(Slaughter_age_GB/365)+SUM(Production!M41:M44))*EF_CH4_manure_GB -> 0.0022013861
A65: A01SP | B65: Chicken fresh meat | C65: Meat and meat products | D65: UK | E65: GB | F65: N2O | G65: =SUM(H65:T65)+SUM(W65:X65) -> 0.0022225154 | H65: ='N2O per kg feed'!G149*FCR_bonefree_incl_parents_GB-Excreted_N_after_losses_GB*Manure_repl_factor_GB*(EF_min_fert_BAT_N2O*Frac_BAT_GB+EF_min_fert_AN_N2O*Frac_AN_GB) -> 0.00037375469 | I65: ='N2O per kg feed'!H149*FCR_bonefree_incl_parents_GB -> 3.2296792e-06 | J65: ='N2O per kg feed'!I149*FCR_bonefree_incl_parents_GB-Excreted_N_after_losses_GB*Manure_repl_factor_GB*EF_N2O_diff_GB -> 0.0015323175 | K65: =J65*EF_indirect_N2O_GB -> 0.00015323175 | L65: ='N2O per kg feed'!K149*FCR_bonefree_incl_parents_GB -> 2.6595749e-06 | N65: ='N2O per kg feed'!M149*FCR_bonefree_incl_parents_GB -> 1.231997e-08 | O65: ='N2O per kg feed'!N149*FCR_bonefree_incl_parents_GB -> 4.4273385e-06 | P65: ='N2O per kg feed'!O149*FCR_bonefree_incl_parents_GB -> 0 | Q65: ='N2O per kg feed'!P149*FCR_bonefree_incl_parents_GB -> 9.410195e-06 | R65: ='N2O per kg feed'!Q149*FCR_bonefree_incl_parents_GB -> 6.1141407e-06 | T65: =SUM(U65:V65) -> 0.00012390587 | U65: =Excreted_N_per_kg_of_bonefree_meat_GB*EF_N2O_manure_direct_GB*44/28 -> 4.5919976e-05 | V65: =(Excreted_N_per_kg_of_bonefree_meat_GB-U65*28/44)*EF_ammonia_GB*EF_N2O_manure_indirect_GB*44/28 -> 7.7985895e-05 | W65: =Energy_stables_GB/Bonefree_outof_CW_GB*(Share_heating_GB*(Share_biofuels_GB*EF_biofuel_N2O+(1-Share_biofuels_GB)*EF_oil_N2O)+(1-Share_heating_GB)*EF_el_N2O_GB) -> 5.9138779e-06 | X65: =(Energy_slaughter_el_GB*EF_el_N2O_GB+Energy_slaughter_oil_GB*EF_oil_N2O)/Bonefree_outof_CW_GB -> 7.5383922e-06
A66: A01SP | B66: Chicken fresh meat | C66: Meat and meat products | D66: UK | E66: GB | F66: CO2e | G66: =SUM(H66:X66) -> 1.8847952 | H66: =SUMPRODUCT(H62:H65,'Parameters, general'!$B$14:$B$17) -> 0.28892789 | I66: =SUMPRODUCT(I62:I65,'Parameters, general'!$B$14:$B$17) -> 0.09015126 | J66: =SUMPRODUCT(J62:J65,'Parameters, general'!$B$14:$B$17) -> 0.41832269 | K66: =SUMPRODUCT(K62:K65,'Parameters, general'!$B$14:$B$17) -> 0.041832269 | L66: =SUMPRODUCT(L62:L65,'Parameters, general'!$B$14:$B$17) -> 0.10100365 | M66: =SUMPRODUCT(M62:M65,'Parameters, general'!$B$14:$B$17) -> 0 | N66: =SUMPRODUCT(N62:N65,'Parameters, general'!$B$14:$B$17) -> 0.00032856812 | O66: =SUMPRODUCT(O62:O65,'Parameters, general'!$B$14:$B$17) -> 0.12778529 | ... T66: =SUMPRODUCT(T62:T65,'Parameters, general'!$B$14:$B$17) -> 0.093263729 | W66: =SUMPRODUCT(W62:W65,'Parameters, general'!$B$14:$B$17) -> 0.094238727 | X66: =SUMPRODUCT(X62:X65,'Parameters, general'!$B$14:$B$17) -> 0.22309127 | Z66: =SUM(H66:R66) -> 1.4742015 | AA66: ='CO2 per kg feed'!F149+'CH4 per kg feed'!F149*CF_GWP_CH4_fossil+'N2O per kg feed'!F149*CF_GWP_N2O -> 0.489936

Sheet Production
A2: Production system
A4: Animals slaughtered (no) | B4: Denmark | C4: France | D4: Germany | E4: Greece | F4: Hungary | G4: Ireland | H4: Italy | I4: Netherlands | J4: Poland | K4: Spain | L4: Sweden | M4: UK
A5: Chicken | B5: 1 | C5: 1 | D5: 1 | E5: 1 | F5: 1 | G5: 1 | H5: 1 | I5: 1 | J5: 1 | K5: 1 | L5: 1 | M5: 1
A6: Parent hens | B6: =B41*(1-'Parameters, country spec'!B16/100) -> 0.0070708356 | C6: =C41*(1-'Parameters, country spec'!C16/100) -> 0.0071296368 | D6: =D41*(1-'Parameters, country spec'!D16/100) -> 0.0070708356 | E6: =E41*(1-'Parameters, country spec'!E16/100) -> 0.0070708356 | F6: =F41*(1-'Parameters, country spec'!F16/100) -> 0.0070708356 | G6: =G41*(1-'Parameters, country spec'!G16/100) -> 0.0070708356 | H6: =H41*(1-'Parameters, country spec'!H16/100) -> 0.0070708356 | I6: =I41*(1-'Parameters, country spec'!I16/100) -> 0.0070708356 | ... M6: =M41*(1-'Parameters, country spec'!M16/100) -> 0.0070708356
A7: Parent roasters | B7: =B42*(1-'Parameters, country spec'!B16/100) -> 0.00056566685 | C7: =C42*(1-'Parameters, country spec'!C16/100) -> 0.00057037094 | D7: =D42*(1-'Parameters, country spec'!D16/100) -> 0.00056566685 | E7: =E42*(1-'Parameters, country spec'!E16/100) -> 0.00056566685 | F7: =F42*(1-'Parameters, country spec'!F16/100) -> 0.00056566685 | G7: =G42*(1-'Parameters, country spec'!G16/100) -> 0.00056566685 | H7: =H42*(1-'Parameters, country spec'!H16/100) -> 0.00056566685 | I7: =I42*(1-'Parameters, country spec'!I16/100) -> 0.00056566685 | ... M7: =M42*(1-'Parameters, country spec'!M16/100) -> 0.00056566685
A8: Grandparent hens | B8: =B43*(1-'Parameters, country spec'!B16/100) -> 5.5336975e-05 | C8: =C43*(1-'Parameters, country spec'!C16/100) -> 5.5797157e-05 | D8: =D43*(1-'Parameters, country spec'!D16/100) -> 5.5336975e-05 | E8: =E43*(1-'Parameters, country spec'!E16/100) -> 5.5336975e-05 | F8: =F43*(1-'Parameters, country spec'!F16/100) -> 5.5336975e-05 | G8: =G43*(1-'Parameters, country spec'!G16/100) -> 5.5336975e-05 | H8: =H43*(1-'Parameters, country spec'!H16/100) -> 5.5336975e-05 | I8: =I43*(1-'Parameters, country spec'!I16/100) -> 5.5336975e-05 | ... M8: =M43*(1-'Parameters, country spec'!M16/100) -> 5.5336975e-05
A9: Grandparent roasters | B9: =B44*(1-'Parameters, country spec'!B16/100) -> 4.426958e-06 | C9: =C44*(1-'Parameters, country spec'!C16/100) -> 4.4637726e-06 | D9: =D44*(1-'Parameters, country spec'!D16/100) -> 4.426958e-06 | E9: =E44*(1-'Parameters, country spec'!E16/100) -> 4.426958e-06 | F9: =F44*(1-'Parameters, country spec'!F16/100) -> 4.426958e-06 | G9: =G44*(1-'Parameters, country spec'!G16/100) -> 4.426958e-06 | H9: =H44*(1-'Parameters, country spec'!H16/100) -> 4.426958e-06 | I9: =I44*(1-'Parameters, country spec'!I16/100) -> 4.426958e-06 | ... M9: =M44*(1-'Parameters, country spec'!M16/100) -> 4.426958e-06
A10: Total: | B10: =SUM(B5:B9) -> 1.0076963 | C10: =SUM(C5:C9) -> 1.0077603 | D10: =SUM(D5:D9) -> 1.0076963 | E10: =SUM(E5:E9) -> 1.0076963 | F10: =SUM(F5:F9) -> 1.0076963 | G10: =SUM(G5:G9) -> 1.0076963 | H10: =SUM(H5:H9) -> 1.0076963 | I10: =SUM(I5:I9) -> 1.0076963 | ... M10: =SUM(M5:M9) -> 1.0076963
A11: Meat produced (kg CW)
A12: Chicken | B12: =B5*'Parameters, country spec'!B10 -> 1.4379 | C12: =C5*'Parameters, country spec'!C10 -> 1.4379 | D12: =D5*'Parameters, country spec'!D10 -> 1.4379 | E12: =E5*'Parameters, country spec'!E10 -> 1.4379 | F12: =F5*'Parameters, country spec'!F10 -> 1.4379 | G12: =G5*'Parameters, country spec'!G10 -> 1.4379 | H12: =H5*'Parameters, country spec'!H10 -> 1.4379 | I12: =I5*'Parameters, country spec'!I10 -> 1.4379 | ... M12: =M5*'Parameters, country spec'!M10 -> 1.4379
A13: Parent hens | B13: =B6*'Parameters, country spec'!B11 -> 0.030404593 | C13: =C6*'Parameters, country spec'!C11 -> 0.03493522 | D13: =D6*'Parameters, country spec'!D11 -> 0.030404593 | E13: =E6*'Parameters, country spec'!E11 -> 0.030404593 | F13: =F6*'Parameters, country spec'!F11 -> 0.030404593 | G13: =G6*'Parameters, country spec'!G11 -> 0.030404593 | H13: =H6*'Parameters, country spec'!H11 -> 0.030404593 | I13: =I6*'Parameters, country spec'!I11 -> 0.030404593 | ... M13: =M6*'Parameters, country spec'!M11 -> 0.030404593
A14: Parent roasters | B14: =B7*'Parameters, country spec'!B12 -> 0.0028283343 | C14: =C7*'Parameters, country spec'!C12 -> 0.0028518547 | D14: =D7*'Parameters, country spec'!D12 -> 0.0028283343 | E14: =E7*'Parameters, country spec'!E12 -> 0.0028283343 | F14: =F7*'Parameters, country spec'!F12 -> 0.0028283343 | G14: =G7*'Parameters, country spec'!G12 -> 0.0028283343 | H14: =H7*'Parameters, country spec'!H12 -> 0.0028283343 | I14: =I7*'Parameters, country spec'!I12 -> 0.0028283343 | ... M14: =M7*'Parameters, country spec'!M12 -> 0.0028283343
A15: Grandparent hens | B15: =B8*'Parameters, country spec'!B11 -> 0.00023794899 | C15: =C8*'Parameters, country spec'!C11 -> 0.00027340607 | D15: =D8*'Parameters, country spec'!D11 -> 0.00023794899 | E15: =E8*'Parameters, country spec'!E11 -> 0.00023794899 | F15: =F8*'Parameters, country spec'!F11 -> 0.00023794899 | G15: =G8*'Parameters, country spec'!G11 -> 0.00023794899 | H15: =H8*'Parameters, country spec'!H11 -> 0.00023794899 | I15: =I8*'Parameters, country spec'!I11 -> 0.00023794899 | ... M15: =M8*'Parameters, country spec'!M11 -> 0.00023794899
A16: Grandparent roasters | B16: =B9*'Parameters, country spec'!B12 -> 2.213479e-05 | C16: =C9*'Parameters, country spec'!C12 -> 2.2318863e-05 | D16: =D9*'Parameters, country spec'!D12 -> 2.213479e-05 | E16: =E9*'Parameters, country spec'!E12 -> 2.213479e-05 | F16: =F9*'Parameters, country spec'!F12 -> 2.213479e-05 | G16: =G9*'Parameters, country spec'!G12 -> 2.213479e-05 | H16: =H9*'Parameters, country spec'!H12 -> 2.213479e-05 | I16: =I9*'Parameters, country spec'!I12 -> 2.213479e-05 | ... M16: =M9*'Parameters, country spec'!M12 -> 2.213479e-05
A17: Total: | B17: =SUM(B12:B16) -> 1.471393 | C17: =SUM(C12:C16) -> 1.4759828 | D17: =SUM(D12:D16) -> 1.471393 | E17: =SUM(E12:E16) -> 1.471393 | F17: =SUM(F12:F16) -> 1.471393 | G17: =SUM(G12:G16) -> 1.471393 | H17: =SUM(H12:H16) -> 1.471393 | I17: =SUM(I12:I16) -> 1.471393 | ... M17: =SUM(M12:M16) -> 1.471393
A18: Meat produced (kg bonefree)
A19: Chicken | B19: =B12*'Parameters, country spec'!B9 -> 1.107183 | C19: =C12*'Parameters, country spec'!C9 -> 1.107183 | D19: =D12*'Parameters, country spec'!D9 -> 1.107183 | E19: =E12*'Parameters, country spec'!E9 -> 1.107183 | F19: =F12*'Parameters, country spec'!F9 -> 1.107183 | G19: =G12*'Parameters, country spec'!G9 -> 1.107183 | H19: =H12*'Parameters, country spec'!H9 -> 1.107183 | I19: =I12*'Parameters, country spec'!I9 -> 1.107183 | ... M19: =M12*'Parameters, country spec'!M9 -> 1.107183
A20: Parent hens | B20: =B13*'Parameters, country spec'!B9 -> 0.023411537 | C20: =C13*'Parameters, country spec'!C9 -> 0.026900119 | D20: =D13*'Parameters, country spec'!D9 -> 0.023411537 | E20: =E13*'Parameters, country spec'!E9 -> 0.023411537 | F20: =F13*'Parameters, country spec'!F9 -> 0.023411537 | G20: =G13*'Parameters, country spec'!G9 -> 0.023411537 | H20: =H13*'Parameters, country spec'!H9 -> 0.023411537 | I20: =I13*'Parameters, country spec'!I9 -> 0.023411537 | ... M20: =M13*'Parameters, country spec'!M9 -> 0.023411537
A21: Parent roasters | B21: =B14*'Parameters, country spec'!B9 -> 0.0021778174 | C21: =C14*'Parameters, country spec'!C9 -> 0.0021959281 | D21: =D14*'Parameters, country spec'!D9 -> 0.0021778174 | E21: =E14*'Parameters, country spec'!E9 -> 0.0021778174 | F21: =F14*'Parameters, country spec'!F9 -> 0.0021778174 | G21: =G14*'Parameters, country spec'!G9 -> 0.0021778174 | H21: =H14*'Parameters, country spec'!H9 -> 0.0021778174 | I21: =I14*'Parameters, country spec'!I9 -> 0.0021778174 | ... M21: =M14*'Parameters, country spec'!M9 -> 0.0021778174
A22: Grandparent hens | B22: =B15*'Parameters, country spec'!B9 -> 0.00018322072 | C22: =C15*'Parameters, country spec'!C9 -> 0.00021052267 | D22: =D15*'Parameters, country spec'!D9 -> 0.00018322072 | E22: =E15*'Parameters, country spec'!E9 -> 0.00018322072 | F22: =F15*'Parameters, country spec'!F9 -> 0.00018322072 | G22: =G15*'Parameters, country spec'!G9 -> 0.00018322072 | H22: =H15*'Parameters, country spec'!H9 -> 0.00018322072 | I22: =I15*'Parameters, country spec'!I9 -> 0.00018322072 | ... M22: =M15*'Parameters, country spec'!M9 -> 0.00018322072
A23: Grandparent roasters | B23: =B16*'Parameters, country spec'!B9 -> 1.7043788e-05 | C23: =C16*'Parameters, country spec'!C9 -> 1.7185524e-05 | D23: =D16*'Parameters, country spec'!D9 -> 1.7043788e-05 | E23: =E16*'Parameters, country spec'!E9 -> 1.7043788e-05 | F23: =F16*'Parameters, country spec'!F9 -> 1.7043788e-05 | G23: =G16*'Parameters, country spec'!G9 -> 1.7043788e-05 | H23: =H16*'Parameters, country spec'!H9 -> 1.7043788e-05 | I23: =I16*'Parameters, country spec'!I9 -> 1.7043788e-05 | ... M23: =M16*'Parameters, country spec'!M9 -> 1.7043788e-05
A24: Total: | B24: =SUM(B19:B23) -> 1.1329726 | C24: =SUM(C19:C23) -> 1.1365068 | D24: =SUM(D19:D23) -> 1.1329726 | E24: =SUM(E19:E23) -> 1.1329726 | F24: =SUM(F19:F23) -> 1.1329726 | G24: =SUM(G19:G23) -> 1.1329726 | H24: =SUM(H19:H23) -> 1.1329726 | I24: =SUM(I19:I23) -> 1.1329726 | ... M24: =SUM(M19:M23) -> 1.1329726
A25: Offal produced (kg edible)
A26: Chicken | B26: =B5*'Parameters, country spec'!B13 -> 0.275 | C26: =C5*'Parameters, country spec'!C13 -> 0.275 | D26: =D5*'Parameters, country spec'!D13 -> 0.275 | E26: =E5*'Parameters, country spec'!E13 -> 0.275 | F26: =F5*'Parameters, country spec'!F13 -> 0.275 | G26: =G5*'Parameters, country spec'!G13 -> 0.275 | H26: =H5*'Parameters, country spec'!H13 -> 0.275 | I26: =I5*'Parameters, country spec'!I13 -> 0.275 | ... M26: =M5*'Parameters, country spec'!M13 -> 0.275
A27: Parent hens | B27: =B6*'Parameters, country spec'!B13 -> 0.0019444798 | C27: =C6*'Parameters, country spec'!C13 -> 0.0019606501 | D27: =D6*'Parameters, country spec'!D13 -> 0.0019444798 | E27: =E6*'Parameters, country spec'!E13 -> 0.0019444798 | F27: =F6*'Parameters, country spec'!F13 -> 0.0019444798 | G27: =G6*'Parameters, country spec'!G13 -> 0.0019444798 | H27: =H6*'Parameters, country spec'!H13 -> 0.0019444798 | I27: =I6*'Parameters, country spec'!I13 -> 0.0019444798 | ... M27: =M6*'Parameters, country spec'!M13 -> 0.0019444798
A28: Parent roasters | B28: =B7*'Parameters, country spec'!B13 -> 0.00015555838 | C28: =C7*'Parameters, country spec'!C13 -> 0.00015685201 | D28: =D7*'Parameters, country spec'!D13 -> 0.00015555838 | E28: =E7*'Parameters, country spec'!E13 -> 0.00015555838 | F28: =F7*'Parameters, country spec'!F13 -> 0.00015555838 | G28: =G7*'Parameters, country spec'!G13 -> 0.00015555838 | H28: =H7*'Parameters, country spec'!H13 -> 0.00015555838 | I28: =I7*'Parameters, country spec'!I13 -> 0.00015555838 | ... M28: =M7*'Parameters, country spec'!M13 -> 0.00015555838
A29: Grandparent hens | B29: =B8*'Parameters, country spec'!B13 -> 1.5217668e-05 | C29: =C8*'Parameters, country spec'!C13 -> 1.5344218e-05 | D29: =D8*'Parameters, country spec'!D13 -> 1.5217668e-05 | E29: =E8*'Parameters, country spec'!E13 -> 1.5217668e-05 | F29: =F8*'Parameters, country spec'!F13 -> 1.5217668e-05 | G29: =G8*'Parameters, country spec'!G13 -> 1.5217668e-05 | H29: =H8*'Parameters, country spec'!H13 -> 1.5217668e-05 | I29: =I8*'Parameters, country spec'!I13 -> 1.5217668e-05 | ... M29: =M8*'Parameters, country spec'!M13 -> 1.5217668e-05
A30: Grandparent roasters | B30: =B9*'Parameters, country spec'!B13 -> 1.2174134e-06 | C30: =C9*'Parameters, country spec'!C13 -> 1.2275375e-06 | D30: =D9*'Parameters, country spec'!D13 -> 1.2174134e-06 | E30: =E9*'Parameters, country spec'!E13 -> 1.2174134e-06 | F30: =F9*'Parameters, country spec'!F13 -> 1.2174134e-06 | G30: =G9*'Parameters, country spec'!G13 -> 1.2174134e-06 | H30: =H9*'Parameters, country spec'!H13 -> 1.2174134e-06 | I30: =I9*'Parameters, country spec'!I13 -> 1.2174134e-06 | ... M30: =M9*'Parameters, country spec'!M13 -> 1.2174134e-06
A31: Total: | B31: =SUM(B26:B30) -> 0.27711647 | C31: =SUM(C26:C30) -> 0.27713407 | D31: =SUM(D26:D30) -> 0.27711647 | E31: =SUM(E26:E30) -> 0.27711647 | F31: =SUM(F26:F30) -> 0.27711647 | G31: =SUM(G26:G30) -> 0.27711647 | H31: =SUM(H26:H30) -> 0.27711647 | I31: =SUM(I26:I30) -> 0.27711647 | ... M31: =SUM(M26:M30) -> 0.27711647
A32: Meat and offal produced (kg bonefree)
A33: Chicken | B33: =B19+B26 -> 1.382183 | C33: =C19+C26 -> 1.382183 | D33: =D19+D26 -> 1.382183 | E33: =E19+E26 -> 1.382183 | F33: =F19+F26 -> 1.382183 | G33: =G19+G26 -> 1.382183 | H33: =H19+H26 -> 1.382183 | I33: =I19+I26 -> 1.382183 | ... M33: =M19+M26 -> 1.382183
A34: Parent hens | B34: =B20+B27 -> 0.025356017 | C34: =C20+C27 -> 0.02886077 | D34: =D20+D27 -> 0.025356017 | E34: =E20+E27 -> 0.025356017 | F34: =F20+F27 -> 0.025356017 | G34: =G20+G27 -> 0.025356017 | H34: =H20+H27 -> 0.025356017 | I34: =I20+I27 -> 0.025356017 | ... M34: =M20+M27 -> 0.025356017
A35: Parent roasters | B35: =B21+B28 -> 0.0023333758 | C35: =C21+C28 -> 0.0023527801 | D35: =D21+D28 -> 0.0023333758 | E35: =E21+E28 -> 0.0023333758 | F35: =F21+F28 -> 0.0023333758 | G35: =G21+G28 -> 0.0023333758 | H35: =H21+H28 -> 0.0023333758 | I35: =I21+I28 -> 0.0023333758 | ... M35: =M21+M28 -> 0.0023333758
A36: Grandparent hens | B36: =B22+B29 -> 0.00019843839 | C36: =C22+C29 -> 0.00022586689 | D36: =D22+D29 -> 0.00019843839 | E36: =E22+E29 -> 0.00019843839 | F36: =F22+F29 -> 0.00019843839 | G36: =G22+G29 -> 0.00019843839 | H36: =H22+H29 -> 0.00019843839 | I36: =I22+I29 -> 0.00019843839 | ... M36: =M22+M29 -> 0.00019843839
A37: Grandparent roasters | B37: =B23+B30 -> 1.8261202e-05 | C37: =C23+C30 -> 1.8413062e-05 | D37: =D23+D30 -> 1.8261202e-05 | E37: =E23+E30 -> 1.8261202e-05 | F37: =F23+F30 -> 1.8261202e-05 | G37: =G23+G30 -> 1.8261202e-05 | H37: =H23+H30 -> 1.8261202e-05 | I37: =I23+I30 -> 1.8261202e-05 | ... M37: =M23+M30 -> 1.8261202e-05
A38: Total: | B38: =SUM(B33:B37) -> 1.4100891 | C38: =SUM(C33:C37) -> 1.4136408 | D38: =SUM(D33:D37) -> 1.4100891 | E38: =SUM(E33:E37) -> 1.4100891 | F38: =SUM(F33:F37) -> 1.4100891 | G38: =SUM(G33:G37) -> 1.4100891 | H38: =SUM(H33:H37) -> 1.4100891 | I38: =SUM(I33:I37) -> 1.4100891 | ... M38: =SUM(M33:M37) -> 1.4100891
A39: Animals in production (no)
A40: Chicken | B40: =B5/(1-'Parameters, country spec'!B6/100)/(1-'Parameters, country spec'!B7/100) -> 1.0606253 | C40: =C5/(1-'Parameters, country spec'!C6/100)/(1-'Parameters, country spec'!C7/100) -> 1.0694455 | D40: =D5/(1-'Parameters, country spec'!D6/100)/(1-'Parameters, country spec'!D7/100) -> 1.0606253 | E40: =E5/(1-'Parameters, country spec'!E6/100)/(1-'Parameters, country spec'!E7/100) -> 1.0606253 | F40: =F5/(1-'Parameters, country spec'!F6/100)/(1-'Parameters, country spec'!F7/100) -> 1.0606253 | G40: =G5/(1-'Parameters, country spec'!G6/100)/(1-'Parameters, country spec'!G7/100) -> 1.0606253 | H40: =H5/(1-'Parameters, country spec'!H6/100)/(1-'Parameters, country spec'!H7/100) -> 1.0606253 | I40: =I5/(1-'Parameters, country spec'!I6/100)/(1-'Parameters, country spec'!I7/100) -> 1.0606253 | ... M40: =M5/(1-'Parameters, country spec'!M6/100)/(1-'Parameters, country spec'!M7/100) -> 1.0606253
A41: Parent hens | B41: =B40/'Parameters, country spec'!B14/(1-'Parameters, country spec'!B16/100) -> 0.0076856909 | C41: =C40/'Parameters, country spec'!C14/(1-'Parameters, country spec'!C16/100) -> 0.0077496052 | D41: =D40/'Parameters, country spec'!D14/(1-'Parameters, country spec'!D16/100) -> 0.0076856909 | E41: =E40/'Parameters, country spec'!E14/(1-'Parameters, country spec'!E16/100) -> 0.0076856909 | F41: =F40/'Parameters, country spec'!F14/(1-'Parameters, country spec'!F16/100) -> 0.0076856909 | G41: =G40/'Parameters, country spec'!G14/(1-'Parameters, country spec'!G16/100) -> 0.0076856909 | H41: =H40/'Parameters, country spec'!H14/(1-'Parameters, country spec'!H16/100) -> 0.0076856909 | I41: =I40/'Parameters, country spec'!I14/(1-'Parameters, country spec'!I16/100) -> 0.0076856909 | ... M41: =M40/'Parameters, country spec'!M14/(1-'Parameters, country spec'!M16/100) -> 0.0076856909
A42: Parent roasters | B42: =B41/'Parameters, country spec'!B15 -> 0.00061485527 | C42: =C41/'Parameters, country spec'!C15 -> 0.00061996841 | D42: =D41/'Parameters, country spec'!D15 -> 0.00061485527 | E42: =E41/'Parameters, country spec'!E15 -> 0.00061485527 | F42: =F41/'Parameters, country spec'!F15 -> 0.00061485527 | G42: =G41/'Parameters, country spec'!G15 -> 0.00061485527 | H42: =H41/'Parameters, country spec'!H15 -> 0.00061485527 | I42: =I41/'Parameters, country spec'!I15 -> 0.00061485527 | ... M42: =M41/'Parameters, country spec'!M15 -> 0.00061485527
A43: Grandparent hens | B43: =(B41+B42)/'Parameters, country spec'!B14/(1-'Parameters, country spec'!B16/100) -> 6.0148885e-05 | C43: =(C41+C42)/'Parameters, country spec'!C14/(1-'Parameters, country spec'!C16/100) -> 6.0649084e-05 | D43: =(D41+D42)/'Parameters, country spec'!D14/(1-'Parameters, country spec'!D16/100) -> 6.0148885e-05 | E43: =(E41+E42)/'Parameters, country spec'!E14/(1-'Parameters, country spec'!E16/100) -> 6.0148885e-05 | F43: =(F41+F42)/'Parameters, country spec'!F14/(1-'Parameters, country spec'!F16/100) -> 6.0148885e-05 | G43: =(G41+G42)/'Parameters, country spec'!G14/(1-'Parameters, country spec'!G16/100) -> 6.0148885e-05 | H43: =(H41+H42)/'Parameters, country spec'!H14/(1-'Parameters, country spec'!H16/100) -> 6.0148885e-05 | I43: =(I41+I42)/'Parameters, country spec'!I14/(1-'Parameters, country spec'!I16/100) -> 6.0148885e-05 | ... M43: =(M41+M42)/'Parameters, country spec'!M14/(1-'Parameters, country spec'!M16/100) -> 6.0148885e-05
A44: Grandparent roasters | B44: =B43/'Parameters, country spec'!B15 -> 4.8119108e-06 | C44: =C43/'Parameters, country spec'!C15 -> 4.8519267e-06 | D44: =D43/'Parameters, country spec'!D15 -> 4.8119108e-06 | E44: =E43/'Parameters, country spec'!E15 -> 4.8119108e-06 | F44: =F43/'Parameters, country spec'!F15 -> 4.8119108e-06 | G44: =G43/'Parameters, country spec'!G15 -> 4.8119108e-06 | H44: =H43/'Parameters, country spec'!H15 -> 4.8119108e-06 | I44: =I43/'Parameters, country spec'!I15 -> 4.8119108e-06 | ... M44: =M43/'Parameters, country spec'!M15 -> 4.8119108e-06
A45: Total: | B45: =SUM(B40:B44) -> 1.0689909 | C45: =SUM(C40:C44) -> 1.0778806 | D45: =SUM(D40:D44) -> 1.0689909 | E45: =SUM(E40:E44) -> 1.0689909 | F45: =SUM(F40:F44) -> 1.0689909 | G45: =SUM(G40:G44) -> 1.0689909 | H45: =SUM(H40:H44) -> 1.0689909 | I45: =SUM(I40:I44) -> 1.0689909 | ... M45: =SUM(M40:M44) -> 1.0689909
A46: Animals in production per kg of meat/offal produced (no) | B46: Denmark | C46: France | D46: Germany | E46: Greece | F46: Hungary | G46: Ireland | H46: Italy | I46: Netherlands | J46: Poland | K46: Spain | L46: Sweden | M46: UK
A47: Chicken | B47: =B40/B38 -> 0.75216903 | C47: =C40/C38 -> 0.75651855 | D47: =D40/D38 -> 0.75216903 | E47: =E40/E38 -> 0.75216903 | F47: =F40/F38 -> 0.75216903 | G47: =G40/G38 -> 0.75216903 | H47: =H40/H38 -> 0.75216903 | I47: =I40/I38 -> 0.75216903 | ... M47: =M40/M38 -> 0.75216903
A48: Parent hens | B48: =B41/B38 -> 0.0054505002 | C48: =C41/C38 -> 0.0054820185 | D48: =D41/D38 -> 0.0054505002 | E48: =E41/E38 -> 0.0054505002 | F48: =F41/F38 -> 0.0054505002 | G48: =G41/G38 -> 0.0054505002 | H48: =H41/H38 -> 0.0054505002 | I48: =I41/I38 -> 0.0054505002 | ... M48: =M41/M38 -> 0.0054505002
A49: Parent roasters | B49: =B42/B38 -> 0.00043604002 | C49: =C42/C38 -> 0.00043856148 | D49: =D42/D38 -> 0.00043604002 | E49: =E42/E38 -> 0.00043604002 | F49: =F42/F38 -> 0.00043604002 | G49: =G42/G38 -> 0.00043604002 | H49: =H42/H38 -> 0.00043604002 | I49: =I42/I38 -> 0.00043604002 | ... M49: =M42/M38 -> 0.00043604002
A50: Grandparent hens | B50: =B43/B38 -> 4.2656089e-05 | C50: =C43/C38 -> 4.2902753e-05 | D50: =D43/D38 -> 4.2656089e-05 | E50: =E43/E38 -> 4.2656089e-05 | F50: =F43/F38 -> 4.2656089e-05 | G50: =G43/G38 -> 4.2656089e-05 | H50: =H43/H38 -> 4.2656089e-05 | I50: =I43/I38 -> 4.2656089e-05 | ... M50: =M43/M38 -> 4.2656089e-05
A51: Grandparent roasters | B51: =B44/B38 -> 3.4124871e-06 | C51: =C44/C38 -> 3.4322203e-06 | D51: =D44/D38 -> 3.4124871e-06 | E51: =E44/E38 -> 3.4124871e-06 | F51: =F44/F38 -> 3.4124871e-06 | G51: =G44/G38 -> 3.4124871e-06 | H51: =H44/H38 -> 3.4124871e-06 | I51: =I44/I38 -> 3.4124871e-06 | ... M51: =M44/M38 -> 3.4124871e-06
A52: Total: | B52: =SUM(B47:B51) -> 0.75810164 | C52: =SUM(C47:C51) -> 0.76248547 | D52: =SUM(D47:D51) -> 0.75810164 | E52: =SUM(E47:E51) -> 0.75810164 | F52: =SUM(F47:F51) -> 0.75810164 | G52: =SUM(G47:G51) -> 0.75810164 | H52: =SUM(H47:H51) -> 0.75810164 | I52: =SUM(I47:I51) -> 0.75810164 | ... M52: =SUM(M47:M51) -> 0.75810164

Sheet Parameters, country spec
A2: Production parameters and emission factors, country specific
B3: DK | C3: FR | D3: DE | E3: GR | F3: HU | G3: IE | H3: IT | I3: NL | J3: PL | K3: ES | L3: SE | M3: GB
A4: Production parameters | B4: Denmark | C4: France | D4: Germany | E4: Greece | F4: Hungary | G4: Ireland | H4: Italy | I4: Netherlands | J4: Poland | K4: Spain | L4: Sweden | M4: UK | O4: Source France | P4: Comment: | Q4: Source Sweden: | R4: Comment:
A5: Slaughter age, days | B5: 35 | C5: 35.6 | D5: 35 | E5: 35 | F5: 35 | G5: 35 | H5: 35 | I5: 35 | J5: 35 | K5: 35 | L5: 35 | M5: 35 | O5: From LL, dig up source
A6: Mortality rearing, % | B6: 3 | C6: 3.8 | D6: 3 | E6: 3 | F6: 3 | G6: 3 | H6: 3 | I6: 3 | J6: 3 | K6: 3 | L6: 3 | M6: 3 | O6: From LL, dig up source | Q6: Bennetorf & Lindahl, 2016
A7: Rejection after slaughter, % | B7: 2.8 | C7: 2.8 | D7: 2.8 | E7: 2.8 | F7: 2.8 | G7: 2.8 | H7: 2.8 | I7: 2.8 | J7: 2.8 | K7: 2.8 | L7: 2.8 | M7: 2.8 | Q7: Jordbruksverket, 2022
A8: Meat yield, kg CW/liveweight | B8: 0.7 | C8: 0.7 | D8: 0.7 | E8: 0.7 | F8: 0.7 | G8: 0.7 | H8: 0.7 | I8: 0.7 | J8: 0.7 | K8: 0.7 | L8: 0.7 | M8: 0.7
A9: Meat yield, kg bonefree meat/CW | B9: 0.77 | C9: 0.77 | D9: 0.77 | E9: 0.77 | F9: 0.77 | G9: 0.77 | H9: 0.77 | I9: 0.77 | J9: 0.77 | K9: 0.77 | L9: 0.77 | M9: 0.77
A10: Meat yield, kg CW/chicken | B10: 1.4379 | C10: 1.4379 | D10: 1.4379 | E10: 1.4379 | F10: 1.4379 | G10: 1.4379 | H10: 1.4379 | I10: 1.4379 | J10: 1.4379 | K10: 1.4379 | L10: 1.4379 | M10: 1.4379 | O10: From LL, dig up source | Q10: Jordbruksverket (slaktad vikt/slaktade djur)
A11: Meat yield, kg CW/hen | B11: 4.3 | C11: 4.9 | D11: 4.3 | E11: 4.3 | F11: 4.3 | G11: 4.3 | H11: 4.3 | I11: 4.3 | J11: 4.3 | K11: 4.3 | L11: 4.3 | M11: 4.3 | O11: From LL, dig up source | Q11: 4.2-4.4, Ida Ljungkvist
A12: Meat yield, kg CW/roaster | B12: 5 | C12: 5 | D12: 5 | E12: 5 | F12: 5 | G12: 5 | H12: 5 | I12: 5 | J12: 5 | K12: 5 | L12: 5 | M12: 5 | Q12: 5 kg, Ida Ljungkvist
A13: Offal yield, kg edible/animal (chicken, hen, roaster) | B13: 0.275 | C13: 0.275 | D13: 0.275 | E13: 0.275 | F13: 0.275 | G13: 0.275 | H13: 0.275 | I13: 0.275 | J13: 0.275 | K13: 0.275 | L13: 0.275 | M13: 0.275 | Q13: KunskapsKokboken (hjärta 45 g, muselmage 150 g, lever 80 g)
A14: Eggs per parent hen | B14: 150 | C14: 150 | D14: 150 | E14: 150 | F14: 150 | G14: 150 | H14: 150 | I14: 150 | J14: 150 | K14: 150 | L14: 150 | M14: 150 | Q14: Ida Ljungkvist
A15: Parent hens per roaster | B15: 12.5 | C15: 12.5 | D15: 12.5 | E15: 12.5 | F15: 12.5 | G15: 12.5 | H15: 12.5 | I15: 12.5 | J15: 12.5 | K15: 12.5 | L15: 12.5 | M15: 12.5 | Q15: Ida Ljungkvist
A16: Mortality parents, % | B16: 8 | C16: 8 | D16: 8 | E16: 8 | F16: 8 | G16: 8 | H16: 8 | I16: 8 | J16: 8 | K16: 8 | L16: 8 | M16: 8 | Q16: Ida Ljungkvist
A18: Share of feed ingredients (%)
A19: Barley, average | B19: 0.32476622 | C19: 0.12938618 | D19: 0.12840127 | E19: 0.12227505 | F19: 0.087418006 | G19: 0.30763475 | H19: 0.069755358 | I19: 0.065976693 | J19: 0.16996899 | K19: 0.218947 | L19: 0 | M19: 0.24290688 | O19: Se om det går att använda denna: | Q19: LCA from RISE, foderstat C, grains delat på alla sädesslag - kolla upp! | R19: European feed mixes from Karlsson et al. 2020 for all countries
A20: Maize (corn) | B20: 0.019544149 | C20: 0.21280975 | D20: 0.19116634 | E20: 0.36571384 | F20: 0.51851225 | G20: 0.08479014 | H20: 0.45612129 | I20: 0.19814107 | J20: 0.23283885 | K20: 0.28877148 | L20: 0.029 | M20: 0.011405036 | O20: https://productions-animales.org/article/view/5396 | Q20: Rest approximated with UK for now | R20: BR, TH and US approximated with GB
A21: Oats | B21: 0.0054547926 | C21: 0.014661664 | D21: 2.5558759e-05 | E21: 0.033230482 | F21: 0.04682169 | G21: 0.017732066 | H21: 0.014486342 | I21: 0.0021671842 | J21: 0.0050904697 | K21: 0.034137674 | L21: 0.049 | M21: 0.026784717
A22: Rye | B22: 0.0039573904 | C22: 0.0022515955 | D22: 0.020974186 | E22: 0.0073294725 | F22: 0.018197974 | G22: 0 | H22: 0.0011542188 | I22: 0.0081550834 | J22: 0.066462864 | K22: 0.0090108783 | L22: 0 | M22: 0.0012703484
A23: Wheat, average | B23: 0.33524969 | C23: 0.31521054 | D23: 0.42888207 | E23: 0.0052561606 | F23: 0.0818665 | G23: 0.13212925 | H23: 0.066073028 | I23: 0.22324493 | J23: 0.2672342 | K23: 0.18547054 | L23: 0.591 | M23: 0.36306225
A24: Peas, dry | B24: 0.0006959153 | C24: 0 | D24: 0.00093450155 | E24: 0.0010533674 | F24: 0.0011994594 | G24: 0.0013715569 | H24: 0.0028132125 | I24: 0 | J24: 0.0041789297 | K24: 0.0069661331 | L24: 0 | M24: 0.0060909129
A25: Broad beans and horse beans, dry | B25: 0.00068361816 | C25: 0 | D25: 0.00091798848 | E25: 0.0010347539 | F25: 0.0011782644 | G25: 0.0013473208 | H25: 0.0027635018 | I25: 0 | J25: 0.004105086 | K25: 0.0068430383 | L25: 0 | M25: 0.0059832837
A26: Rape seed cake | B26: 0.04368996 | C26: 0.097073459 | D26: 0.094499577 | E26: 0.0011495503 | F26: 0.00051767642 | G26: 0.07343014 | H26: 0.0047386628 | I26: 0.12320055 | J26: 0.030119811 | K26: 0.020174582 | L26: 0.068 | M26: 0.094633897
A27: Soy cake | B27: 0.10764448 | C27: 0.087459167 | D27: 0.090801007 | E27: 0.20255816 | F27: 0.098710786 | G27: 0.13973104 | H27: 0.11699212 | I27: 0.15910749 | J27: 0.10505686 | K27: 0.17245935 | L27: =0.3*0.62 -> 0.186 | M27: 0.18634937
A28: By-products | B28: 0.017669179 | C28: 0.080151207 | D28: 0.018113105 | E28: 0.12768205 | F28: 0.077842176 | G28: 0.13800716 | H28: 0.12350411 | I28: 0.017335419 | J28: 0.051412337 | K28: 0.02649591 | L28: 0 | M28: 0.012143081
A29: Other | B29: 0.14064461 | C29: 0.060996433 | D29: 0.025284397 | E29: 0.13271712 | F29: 0.067735219 | G29: 0.10382657 | H29: 0.14159815 | I29: 0.20267158 | J29: 0.063531604 | K29: 0.030723406 | L29: =1-SUM(L19:L28) -> 0.077 | M29: 0.049370222
A31: Cereals | B31: =SUM(B19:B23) -> 0.68897224 | C31: =SUM(C19:C23) -> 0.67431973 | D31: =SUM(D19:D23) -> 0.76944942 | E31: =SUM(E19:E23) -> 0.533805 | F31: =SUM(F19:F23) -> 0.75281642 | G31: =SUM(G19:G23) -> 0.54228621 | H31: =SUM(H19:H23) -> 0.60759024 | I31: =SUM(I19:I23) -> 0.49768496 | ... M31: =SUM(M19:M23) -> 0.64542924
A33: Feed requirement | Q33: Source: | R33: Comment:
A34: Feed conversion ratio live slaugher chicken, kg per kg liveweight | B34: 1.52 | C34: 1.52 | D34: 1.52 | E34: 1.52 | F34: 1.52 | G34: 1.52 | H34: 1.52 | I34: 1.52 | J34: 1.52 | K34: 1.52 | L34: 1.52 | M34: 1.52 | O34: Se om det går att använda denna: | Q34: Svensk Fågel, pers. comm., confirmed by Ida Ljungkvist, pers. comm. | R34: Feed per kg of liveweight
A35: Feed parent hens, kg per hen | B35: 48 | C35: 48 | D35: 48 | E35: 48 | F35: 48 | G35: 48 | H35: 48 | I35: 48 | J35: 48 | K35: 48 | L35: 48 | M35: 48 | O35: https://productions-animales.org/article/view/5396 | Q35: Ida Ljungkvist, pers. comm. | R35: Includes feed for roasters (1 roaster per 12.5 hens)
A36: Feed conversion, kg per kg bonefree including parents and losses | B36: =B34/B8/B9/(1-B6/100)/(1-B7/100)+SUM(Production!B48:B51)*'Parameters, country spec'!B35 -> 3.2757681 | C36: =C34/C8/C9/(1-C6/100)/(1-C7/100)+SUM(Production!C48:C51)*'Parameters, country spec'!C35 -> 3.3022879 | D36: =D34/D8/D9/(1-D6/100)/(1-D7/100)+SUM(Production!D48:D51)*'Parameters, country spec'!D35 -> 3.2757681 | E36: =E34/E8/E9/(1-E6/100)/(1-E7/100)+SUM(Production!E48:E51)*'Parameters, country spec'!E35 -> 3.2757681 | F36: =F34/F8/F9/(1-F6/100)/(1-F7/100)+SUM(Production!F48:F51)*'Parameters, country spec'!F35 -> 3.2757681 | G36: =G34/G8/G9/(1-G6/100)/(1-G7/100)+SUM(Production!G48:G51)*'Parameters, country spec'!G35 -> 3.2757681 | H36: =H34/H8/H9/(1-H6/100)/(1-H7/100)+SUM(Production!H48:H51)*'Parameters, country spec'!H35 -> 3.2757681 | I36: =I34/I8/I9/(1-I6/100)/(1-I7/100)+SUM(Production!I48:I51)*'Parameters, country spec'!I35 -> 3.2757681 | ... M36: =M34/M8/M9/(1-M6/100)/(1-M7/100)+SUM(Production!M48:M51)*'Parameters, country spec'!M35 -> 3.2757681
A38: Excreted N in manure | T38: France | U38: Germany | V38: Greece | W38: Hungary | X38: Ireland | Y38: Italy | Z38: Netherlands | AA38: Poland | AB38: Spain | AC38: Sweden
A39: Slaughter chickens, kg N/animal/year | B39: 0.29 | C39: 0.44843074 | D39: 0.66 | E39: 0.5 | F39: 0.49 | G39: 0.56 | H39: 0.36 | I39: 0.59901214 | J39: 0.435 | K39: 0.64 | L39: 0.29 | M39: 0.29 | Q39: NIR, 2022, Table 5.17 | T39: CRF 2023, Table3.B(b) | U39: CRF 2023, Table3.B(b) | V39: CRF 2023, Table3.B(b) | W39: NIR 2023, Table 5.3.16 | X39: CRF 2023, Table3.B(b) | Y39: NIR 2023, 5.31 | Z39: CRF 2023, Table3.B(b) | AA39: NIR 2023, Table 5.3.9 | AC39: NIR, 2022, Table 5.17
A40: Slaughter chickens, kg N/animal | B40: =B39/8.5 -> 0.034117647 | C40: =C39/8.5 -> 0.052756558 | D40: =D39/8.5 -> 0.077647059 | E40: =E39/8.5 -> 0.058823529 | F40: =F39/8.5 -> 0.057647059 | G40: =G39/8.5 -> 0.065882353 | H40: =H39/8.5 -> 0.042352941 | I40: =I39/8.5 -> 0.070472017 | ... M40: =M39/8.5 -> 0.034117647 | Q40: NIR, 2022, Table 5.17 (8.5 cycles per year)
A41: Parent and grandparent hens and roaster, kg N/animal/year | B41: 0.6 | C41: 0.44843074 | D41: 0.66 | E41: 0.5 | F41: 0.7 | G41: 0.56 | H41: 0.66 | I41: 0.59901214 | J41: 0.725 | K41: 0.64 | L41: 0.6 | M41: 0.6 | Q41: NIR, 2022, Table 5.17 | R41: Figure for laying hens | T41: CRF 2023, Table3.B(b) | U41: CRF 2023, Table3.B(b) | V41: CRF 2023, Table3.B(b) | W41: NIR 2023, Table 5.3.16 | X41: CRF 2023, Table3.B(b) | Y41: NIR 2023, 5.31 | Z41: CRF 2023, Table3.B(b) | AA41: NIR 2023, Table 5.3.9 | AC41: NIR, 2022, Table 5.17
A42: Ammonia emissions from excreted N | B42: 0.17 | C42: 0.17 | D42: 0.17 | E42: 0.17 | F42: 0.17 | G42: 0.17 | H42: 0.17 | I42: 0.17 | J42: 0.17 | K42: 0.17 | L42: 0.17 | M42: 0.17 | Q42: EMEP/EEA 2019. Table 3.2, Broilers, litter, Tier 1 approach
A43: Excreted N, kg N per kg of bonefree meat/offal | B43: =Production!B47*B40+SUM(Production!B48:B51)*B41 -> 0.029221803 | C43: =Production!C47*C40+SUM(Production!C48:C51)*C41 -> 0.042587063 | D43: =Production!D47*D40+SUM(Production!D48:D51)*D41 -> 0.062319235 | E43: =Production!E47*E40+SUM(Production!E48:E51)*E41 -> 0.047211541 | F43: =Production!F47*F40+SUM(Production!F48:F51)*F41 -> 0.047513158 | G43: =Production!G47*G40+SUM(Production!G48:G51)*G41 -> 0.052876926 | H43: =Production!H47*H40+SUM(Production!H48:H51)*H41 -> 0.035772093 | I43: =Production!I47*I40+SUM(Production!I48:I51)*I41 -> 0.056560573 | ... M43: =Production!M47*M40+SUM(Production!M48:M51)*M41 -> 0.029221803
A44: Losses due to direct N2O emissions, kg N per kg N excreted | B44: =B50 -> 0.001 | C44: =C50 -> 0.001 | D44: =D50 -> 0.001 | E44: =E50 -> 0.001 | F44: =F50 -> 0.001 | G44: =G50 -> 0.001 | H44: =H50 -> 0.001 | I44: =I50 -> 0.001 | ... M44: =M50 -> 0.001
A45: Losses due to indirect N2O emissions, kg N per kg N excreted | B45: =(B43-B44*28/44)*B42*B51 -> 4.8595247e-05 | C45: =(C43-C44*28/44)*C42*C51 -> 7.1316188e-05 | D45: =(D43-D44*28/44)*D42*D51 -> 0.00010486088 | E45: =(E43-E44*28/44)*E42*E51 -> 7.9177802e-05 | F45: =(F43-F44*28/44)*F42*F51 -> 7.9690551e-05 | G45: =(G43-G44*28/44)*G42*G51 -> 8.8808957e-05 | H45: =(H43-H44*28/44)*H42*H51 -> 5.9730739e-05 | I45: =(I43-I44*28/44)*I42*I51 -> 9.5071156e-05 | ... M45: =(M43-M44*28/44)*M42*M51 -> 4.8595247e-05
A46: Excreted N after losses, kg N per kg bonefree meat | B46: =B43-B44-B45 -> 0.028173208 | C46: =C43-C44-C45 -> 0.041515746 | D46: =D43-D44-D45 -> 0.061214374 | E46: =E43-E44-E45 -> 0.046132364 | F46: =F43-F44-F45 -> 0.046433468 | G46: =G43-G44-G45 -> 0.051788117 | H46: =H43-H44-H45 -> 0.034712362 | I46: =I43-I44-I45 -> 0.055465502 | ... M46: =M43-M44-M45 -> 0.028173208
A48: Emission factors manure management
A49: Methane from manure management, kg CH4/animal/year | B49: 0.02 | C49: 0.02 | D49: 0.03 | E49: 0.03 | F49: 0.02 | G49: 0.021 | H49: 0.02 | I49: 0.028793856 | J49: 0.03 | K49: 0.027157269 | L49: 0.02 | M49: 0.02 | Q49: IPCC, 2019 | R49: NIR uses the same factor, Table 5.16, RISE gets it from Greppa | T49: CRF 2023, Table3.B(b) | U49: CRF 2023, Table3.B(b) | V49: CRF 2023, Table3.B(b) | W49: CRF 2023, Table3.B(b) | X49: CRF 2023, Table3.B(b). In CRF 0.21, assumed that they forgot a zero and adjusted to 0.021 | Y49: NIR 2023, 5.31 | Z49: CRF 2023, Table3.B(b) | AA49: NIR 2023, Table 5.3.9 | AB49: CRF 2023, Table3.B(b)
A50: Direct nitrous oxide from poultry manure, kg N2O-N/N | B50: 0.001 | C50: 0.001 | D50: 0.001 | E50: 0.001 | F50: 0.001 | G50: 0.001 | H50: 0.001 | I50: 0.001 | J50: 0.001 | K50: 0.001 | L50: 0.001 | M50: 0.001 | Q50: IPCC, 2019, Table 10.21 (Poultry manure with litter) | R50: Emissions from manure storage, 1% i NIR Table 5.18, but RISE also uses 0.1%
A51: Indirect nitrous oxide from poultry manure, kg N2O-N/NH3-N | B51: 0.01 | C51: 0.01 | D51: 0.01 | E51: 0.01 | F51: 0.01 | G51: 0.01 | H51: 0.01 | I51: 0.01 | J51: 0.01 | K51: 0.01 | L51: 0.01 | M51: 0.01 | Q51: IPCC, 2019, Table 11.3, EF4 | R51: RISE uses 1%, but Emma had 0.1% but NIR, 2022 also refers EF4 (p. 342)
A53: Energy use in stables
A54: Total energy use, kWh/kg CW | B54: 0.35 | C54: 0.35 | D54: 0.35 | E54: 0.35 | F54: 0.35 | G54: 0.35 | H54: 0.35 | I54: 0.35 | J54: 0.35 | K54: 0.35 | L54: 0.35 | M54: 0.35 | Q54: SVENSK FÅGEL undated-a. Energikartläggning Kyckling [Online]. Available: https://svenskfagel.se/wp-content/uploads/2017/09/energikartlaggning_kyckling.pdf [Accessed Sept 2021]
A55: Share for heating | B55: 0.8 | C55: 0.8 | D55: 0.8 | E55: 0.8 | F55: 0.8 | G55: 0.8 | H55: 0.8 | I55: 0.8 | J55: 0.8 | K55: 0.8 | L55: 0.8 | M55: 0.8 | Q55: SVENSK FÅGEL undated-a. Energikartläggning Kyckling [Online]. Available: https://svenskfagel.se/wp-content/uploads/2017/09/energikartlaggning_kyckling.pdf [Accessed Sept 2021]
A56: Share biofuels for heating | B56: 0.5 | C56: 0.5 | D56: 0.5 | E56: 0.5 | F56: 0.5 | G56: 0.5 | H56: 0.5 | I56: 0.5 | J56: 0.5 | K56: 0.5 | L56: 0.5 | M56: 0.5 | Q56: SVENSK FÅGEL undated-b. Kyckling är klimatsmartare [Online]. Available: https://svenskfagel.se/wp-content/uploads/2018/10/Klimat-150306-MO1-1.pdf
Q57: Men Katarina skriver att de har en högre andel icke-förnybart så att totalen från energianvändningen blir 0.05, vilket motsvarar 50% förnybart här
A58: Energy use at slaughter
A59: Energy use electricity, kWh/kg CW | B59: 0.4 | C59: 0.4 | D59: 0.4 | E59: 0.4 | F59: 0.4 | G59: 0.4 | H59: 0.4 | I59: 0.4 | J59: 0.4 | K59: 0.4 | L59: 0.4 | M59: 0.4 | Q59: Edman et al. 2022
A60: Energy use heating oil, kWh/kg CW | B60: 0.02 | C60: 0.02 | D60: 0.02 | E60: 0.02 | F60: 0.02 | G60: 0.02 | H60: 0.02 | I60: 0.02 | J60: 0.02 | K60: 0.02 | L60: 0.02 | M60: 0.02 | Q60: https://svenskfagel.se/wp-content/uploads/2022/11/klimatavtryck-sv-kyckling-foder-information-november-2022-publik.pdf
A62: Emission factors electricity
A63: Electricity, kg CO2e/kWh | B63: =B64+EF_el_CH4_DK*CF_GWP_CH4_fossil+EF_el_N2O_DK*CF_GWP_N2O -> 0.39096643 | C63: =C64+EF_el_CH4_FR*CF_GWP_CH4_fossil+EF_el_N2O_FR*CF_GWP_N2O -> 0.097389846 | D63: =D64+EF_el_CH4_DE*CF_GWP_CH4_fossil+EF_el_N2O_DE*CF_GWP_N2O -> 0.49559221 | E63: =E64+EF_el_CH4_GR*CF_GWP_CH4_fossil+EF_el_N2O_GR*CF_GWP_N2O -> 0.6838336 | F63: =F64+EF_el_CH4_HU*CF_GWP_CH4_fossil+EF_el_N2O_HU*CF_GWP_N2O -> 0.47422491 | G63: =G64+EF_el_CH4_IE*CF_GWP_CH4_fossil+EF_el_N2O_IE*CF_GWP_N2O -> 0.40838709 | H63: =H64+EF_el_CH4_IT*CF_GWP_CH4_fossil+EF_el_N2O_IT*CF_GWP_N2O -> 0.43143257 | I63: =I64+EF_el_CH4_NL*CF_GWP_CH4_fossil+EF_el_N2O_NL*CF_GWP_N2O -> 0.53148366 | J63: =J64+EF_el_CH4_PL*CF_GWP_CH4_fossil+EF_el_N2O_PL*CF_GWP_N2O -> 1.0362621 | K63: =K64+EF_el_CH4_ES*CF_GWP_CH4_fossil+EF_el_N2O_ES*CF_GWP_N2O -> 0.29612657 | L63: =L64+EF_el_CH4_SE*CF_GWP_CH4_fossil+EF_el_N2O_SE*CF_GWP_N2O -> 0.093610106 | M63: =M64+EF_el_CH4_GB*CF_GWP_CH4_fossil+EF_el_N2O_GB*CF_GWP_N2O -> 0.41464558 | Q63: ecoinvent; market for electricity, low voltage
A64: Electricity, kg CO2/kWh | B64: 0.37053204 | C64: 0.087112695 | D64: 0.4635034 | E64: 0.63996298 | F64: 0.43715185 | G64: 0.39187201 | H64: 0.37797633 | I64: 0.49673189 | J64: 0.97545106 | K64: 0.26811508 | L64: 0.08845034 | M64: 0.39396369
A65: Electricity, kg CH4/kWh | B65: 0.00051107442 | C65: 0.00027007621 | D65: 0.00088663107 | E65: 0.0012704162 | F65: 0.00110375 | G65: 0.00042231405 | H65: 0.0016431484 | I65: 0.00098347245 | J65: 0.0018794008 | K65: 0.00082878482 | L65: 9.8278549e-05 | M65: 0.00056578727
A66: Electricity, kg N2O/kWh | B66: 1.9063664e-05 | C66: 8.1643941e-06 | D66: 2.0759e-05 | E66: 2.2022764e-05 | F66: 1.5316174e-05 | G66: 1.4396031e-05 | H66: 1.6448396e-05 | I66: 1.9942432e-05 | J66: 1.7600493e-05 | K66: 1.2138092e-05 | L66: 8.1724008e-06 | M66: 1.3997937e-05
A68: Emission factors changes in SOC and LUC
A69: Soil carbon loss, kg CO2e/feed | B69: 0.19 | C69: 0.19 | D69: 0.19 | E69: 0.19 | F69: 0.19 | G69: 0.19 | H69: 0.19 | I69: 0.19 | J69: 0.19 | K69: 0.19 | L69: 0.19 | M69: 0.19 | Q69: Moberg et al. 2019
A70: LUC emissions from soy, kg CO2/kg soy | B70: 0.4 | C70: 0.4 | D70: 0.4 | E70: 0.4 | F70: 0.4 | G70: 0.4 | H70: 0.4 | I70: 0.4 | J70: 0.4 | K70: 0.4 | L70: 0.4 | M70: 0.4 | Q70: Pendrill et al. 2020
A71: Soy meal per kg soy, kg | B71: 0.82 | C71: 0.82 | D71: 0.82 | E71: 0.82 | F71: 0.82 | G71: 0.82 | H71: 0.82 | I71: 0.82 | J71: 0.82 | K71: 0.82 | L71: 0.82 | M71: 0.82 | Q71: Flysjö et al. 2010
A72: Economic allocation of impact to meal | B72: 0.65 | C72: 0.65 | D72: 0.65 | E72: 0.65 | F72: 0.65 | G72: 0.65 | H72: 0.65 | I72: 0.65 | J72: 0.65 | K72: 0.65 | L72: 0.65 | M72: 0.65 | Q72: Flysjö et al. 2010
A74: Emission from the production of mineral fertilisers (kg)
A75: Fraction BAT | B75: 0.6 | C75: 0.3 | D75: 0.3 | E75: 0.3 | F75: 0.3 | G75: 0.3 | H75: 0.3 | I75: 0.3 | J75: 0.3 | K75: 0.3 | L75: 0.6 | M75: 0.3 | O75: Swedish Agency for Public Management (2010)
A76: Fraction AN | B76: 0.4 | C76: 0.7 | D76: 0.7 | E76: 0.7 | F76: 0.7 | G76: 0.7 | H76: 0.7 | I76: 0.7 | J76: 0.7 | K76: 0.7 | L76: 0.4 | M76: 0.7
A78: Emission factors N2O from soil
A79: Direct emissions from mineral fertiliser | B79: 0.016 | C79: 0.016 | D79: 0.016 | E79: 0.016 | F79: 0.016 | G79: 0.016 | H79: 0.016 | I79: 0.016 | J79: 0.016 | K79: 0.005 | L79: 0.016 | M79: 0.016 | O79: IPCC, 2019, Table 11.1, figure 3A.5.1 for whether countries are wet/dry (only Spain dry in Europé, US both)
A80: Direct emissions from manure | B80: 0.006 | C80: 0.006 | D80: 0.006 | E80: 0.006 | F80: 0.006 | G80: 0.006 | H80: 0.006 | I80: 0.006 | J80: 0.006 | K80: 0.005 | L80: 0.006 | M80: 0.006
A81: Difference in emission factor min. fert - manure | B81: =B79-B80 -> 0.01 | C81: =C79-C80 -> 0.01 | D81: =D79-D80 -> 0.01 | E81: =E79-E80 -> 0.01 | F81: =F79-F80 -> 0.01 | G81: =G79-G80 -> 0.01 | H81: =H79-H80 -> 0.01 | I81: =I79-I80 -> 0.01 | ... M81: =M79-M80 -> 0.01
A82: Indirect emissions, share of direct emissions | B82: 0.1 | C82: 0.1 | D82: 0.1 | E82: 0.1 | F82: 0.1 | G82: 0.1 | H82: 0.1 | I82: 0.1 | J82: 0.1 | K82: 0.1 | L82: 0.1 | M82: 0.1
A84: Manure replacement factor
A85: Manure replacement factor | B85: 0.5 | C85: 0.5 | D85: 0.5 | E85: 0.5 | F85: 0.5 | G85: 0.5 | H85: 0.5 | I85: 0.5 | J85: 0.5 | K85: 0.5 | L85: 0.5 | M85: 0.5 | Q85: Based on växttillgängligt kväve
A87: Water use
A88: Water use for housing and drinking, m3 per kg CW | B88: 0.01 | C88: 0.01 | D88: 0.01 | E88: 0.01 | F88: 0.01 | G88: 0.01 | H88: 0.01 | I88: 0.01 | J88: 0.01 | K88: 0.01 | L88: 0.01 | M88: 0.01 | Q88: Mekonnen and Hoekstra (2012)
A90: Labour requirements
A91: Labour requirements, h per animal | B91: 0.082 | C91: 0.124 | D91: 0.14 | E91: 0.092 | F91: 0.402 | G91: 0.268 | H91: 0.13 | I91: 0.168 | J91: 0.424 | K91: 0.04 | L91: 0.082 | M91: 0.114
A93: Animal welfare
A94: Diseases chicken (ratio of animals) | C94: 0.1 | D94: 0.05 | E94: 0.05 | F94: 0.05 | G94: 0.05 | H94: 0.05 | I94: 0.05 | J94: 0.05 | K94: 0.05 | L94: 0.05 | M94: 0.05
A95: Diseas parents (ratio of animals) | C95: 0.1 | D95: 1 | E95: 1 | F95: 1 | G95: 1 | H95: 1 | I95: 1 | J95: 1 | K95: 1 | L95: 1 | M95: 1
A96: Space chicken | C96: 0.639 | D96: 1 | E96: 1 | F96: 1 | G96: 1 | H96: 1 | I96: 1 | J96: 1 | K96: 1 | L96: 1 | M96: 1
A97: Space parents | C97: 0.64 | D97: 1 | E97: 1 | F97: 1 | G97: 1 | H97: 1 | I97: 1 | J97: 1 | K97: 1 | L97: 1 | M97: 1
A98: Animal welfare in production system chicken | C98: 2.538 | D98: =D6/100*Weight_mortality+D94*Weight_diseases+D96*Weight_space+Slaughter_duration_class*Weight_slaughter_duration_class -> 3.16 | E98: =E6/100*Weight_mortality+E94*Weight_diseases+E96*Weight_space+Slaughter_duration_class*Weight_slaughter_duration_class -> 3.16 | F98: =F6/100*Weight_mortality+F94*Weight_diseases+F96*Weight_space+Slaughter_duration_class*Weight_slaughter_duration_class -> 3.16 | G98: =G6/100*Weight_mortality+G94*Weight_diseases+G96*Weight_space+Slaughter_duration_class*Weight_slaughter_duration_class -> 3.16 | H98: =H6/100*Weight_mortality+H94*Weight_diseases+H96*Weight_space+Slaughter_duration_class*Weight_slaughter_duration_class -> 3.16 | I98: =I6/100*Weight_mortality+I94*Weight_diseases+I96*Weight_space+Slaughter_duration_class*Weight_slaughter_duration_class -> 3.16 | J98: =J6/100*Weight_mortality+J94*Weight_diseases+J96*Weight_space+Slaughter_duration_class*Weight_slaughter_duration_class -> 3.16 | K98: =K6/100*Weight_mortality+K94*Weight_diseases+K96*Weight_space+Slaughter_duration_class*Weight_slaughter_duration_class -> 3.16 | ... M98: =M6/100*Weight_mortality+M94*Weight_diseases+M96*Weight_space+Slaughter_duration_class*Weight_slaughter_duration_class -> 3.16
A99: Animal welfare in production system parents | C99: 0.08 | D99: =D16/100*Weight_mortality+D95*Weight_diseases+D97*Weight_space+Slaughter_duration_class*Weight_slaughter_duration_class -> 5.16 | E99: =E16/100*Weight_mortality+E95*Weight_diseases+E97*Weight_space+Slaughter_duration_class*Weight_slaughter_duration_class -> 5.16 | F99: =F16/100*Weight_mortality+F95*Weight_diseases+F97*Weight_space+Slaughter_duration_class*Weight_slaughter_duration_class -> 5.16 | G99: =G16/100*Weight_mortality+G95*Weight_diseases+G97*Weight_space+Slaughter_duration_class*Weight_slaughter_duration_class -> 5.16 | H99: =H16/100*Weight_mortality+H95*Weight_diseases+H97*Weight_space+Slaughter_duration_class*Weight_slaughter_duration_class -> 5.16 | I99: =I16/100*Weight_mortality+I95*Weight_diseases+I97*Weight_space+Slaughter_duration_class*Weight_slaughter_duration_class -> 5.16 | J99: =J16/100*Weight_mortality+J95*Weight_diseases+J97*Weight_space+Slaughter_duration_class*Weight_slaughter_duration_class -> 5.16 | K99: =K16/100*Weight_mortality+K95*Weight_diseases+K97*Weight_space+Slaughter_duration_class*Weight_slaughter_duration_class -> 5.16 | ... M99: =M16/100*Weight_mortality+M95*Weight_diseases+M97*Weight_space+Slaughter_duration_class*Weight_slaughter_duration_class -> 5.16
A100: Animal welfare index per kg of meat | C100: =Ability_to_perceive_handling*(Weight_no_of_animal*Production!C47*'Parameters, country spec'!C98+Weight_no_of_animal*SUM(Production!C48:C51)*'Parameters, country spec'!C99)*100 -> 5.85615 | D100: =Ability_to_perceive_handling*(Weight_no_of_animal*Production!D47*'Parameters, country spec'!D98+Weight_no_of_animal*SUM(Production!D48:D51)*'Parameters, country spec'!D99)*100 -> 7.3409669 | E100: =Ability_to_perceive_handling*(Weight_no_of_animal*Production!E47*'Parameters, country spec'!E98+Weight_no_of_animal*SUM(Production!E48:E51)*'Parameters, country spec'!E99)*100 -> 7.3409669 | F100: =Ability_to_perceive_handling*(Weight_no_of_animal*Production!F47*'Parameters, country spec'!F98+Weight_no_of_animal*SUM(Production!F48:F51)*'Parameters, country spec'!F99)*100 -> 7.3409669 | G100: =Ability_to_perceive_handling*(Weight_no_of_animal*Production!G47*'Parameters, country spec'!G98+Weight_no_of_animal*SUM(Production!G48:G51)*'Parameters, country spec'!G99)*100 -> 7.3409669 | H100: =Ability_to_perceive_handling*(Weight_no_of_animal*Production!H47*'Parameters, country spec'!H98+Weight_no_of_animal*SUM(Production!H48:H51)*'Parameters, country spec'!H99)*100 -> 7.3409669 | I100: =Ability_to_perceive_handling*(Weight_no_of_animal*Production!I47*'Parameters, country spec'!I98+Weight_no_of_animal*SUM(Production!I48:I51)*'Parameters, country spec'!I99)*100 -> 7.3409669 | J100: =Ability_to_perceive_handling*(Weight_no_of_animal*Production!J47*'Parameters, country spec'!J98+Weight_no_of_animal*SUM(Production!J48:J51)*'Parameters, country spec'!J99)*100 -> 7.3409669 | ... M100: =Ability_to_perceive_handling*(Weight_no_of_animal*Production!M47*'Parameters, country spec'!M98+Weight_no_of_animal*SUM(Production!M48:M51)*'Parameters, country spec'!M99)*100 -> 7.3409669
A103: * approx with Greece
A105: Det är olika 0,64 på rad 95 96 97, bara råkar bli samma
A109: Production parameters | B109: Denmark | C109: France | D109: Germany | E109: Greece | F109: Hungary | G109: Ireland | H109: Italy | I109: Netherlands | J109: Poland | K109: Spain | L109: Sweden | M109: UK | O109: Source France | P109: Comment: | Q109: Source Sweden: | R109: Comment:

Sheet CO2 per kg feed
A2: Emissions of CO2 from feed crops (per kg of crop) | G2: Columns A-M copied straight from RPC filerna | Q2: Shares from Karlsson et al.
A4: Crops | F4: Sum | G4: Inputs | I4: Soil emissions | K4: Energy use | O4: Land use change | P4: Feed processing | Q4: Transports | R4: Share
A5: Code | B5: Crops | C5: Categories | D5: Country | E5: Country code | G5: Production of mineral fertilizer | H5: Production of capital goods | I5: Direct emissions | J5: Indirect emissions | K5: Diesel use field mach | L5: Energy use in greenhouses | M5: Energy use for irrigation | N5: Energy use for post-harvest proc | O5: LUC emissions | P5: Energy use feed processing | Q5: Transports of feed
A6: 0115 | B6: Barley, average | C6: Cereals, incl feed | D6: Denmark | E6: DK | F6: =SUM(G6:Q6) -> 0.164 | G6: 0.064 | H6: 0.027 | I6: 0 | K6: 0.033 | M6: 0 | N6: 0.04 | R6: ='Parameters, country spec'!B19 -> 0.32476622
A7: 0112 | B7: Maize (corn) | C7: Cereals, incl feed | D7: Denmark | E7: DK | F7: =SUM(G7:Q7) -> 0.161 | G7: 0.063 | H7: 0.027 | I7: 0 | K7: 0.027 | M7: 0.004 | N7: 0.04 | R7: ='Parameters, country spec'!B20 -> 0.019544149
A8: 0117 | B8: Oats | C8: Cereals, incl feed | D8: Denmark | E8: DK | F8: =SUM(G8:Q8) -> 0.162 | G8: 0.057 | H8: 0.027 | I8: 0 | K8: 0.038 | M8: 0 | N8: 0.04 | R8: ='Parameters, country spec'!B21 -> 0.0054547926
A9: 0116 | B9: Rye | C9: Cereals, incl feed | D9: Denmark | E9: DK | F9: =SUM(G9:Q9) -> 0.148 | G9: 0.05 | H9: 0.027 | I9: 0 | K9: 0.031 | M9: 0 | N9: 0.04 | R9: ='Parameters, country spec'!B22 -> 0.0039573904
A10: 0111 | B10: Wheat, average | C10: Cereals, incl feed | D10: Denmark | E10: DK | F10: =SUM(G10:Q10) -> 0.166 | G10: 0.074 | H10: 0.027 | I10: 0 | K10: 0.025 | M10: 0 | N10: 0.04 | R10: ='Parameters, country spec'!B23 -> 0.33524969
A11: 01705 | B11: Peas, dry | C11: Pulses, incl feed | D11: Denmark | E11: DK | F11: =SUM(G11:Q11) -> 0.112 | G11: 0 | H11: 0.027 | I11: 0 | K11: 0.045 | M11: 0 | N11: 0.04 | R11: ='Parameters, country spec'!B24 -> 0.0006959153
A12: 01702 | B12: Broad beans and horse beans, dry | C12: Pulses, incl feed | D12: Denmark | E12: DK | F12: =SUM(G12:Q12) -> 0.126 | G12: 0.003 | H12: 0.027 | I12: 0 | K12: 0.047 | M12: 0.009 | N12: 0.04 | R12: ='Parameters, country spec'!B25 -> 0.00068361816
B13: Rape seed cake | C13: Protein feed | D13: ='Off-farm feed'!$D$74 -> France, Germany, Poland | F13: =SUM(G13:Q13) -> 0.27085685 | G13: ='Off-farm feed'!$F$74 -> 0.11176753 | H13: ='Off-farm feed'!$G$74 -> 0.013034483 | I13: ='Off-farm feed'!$H$74 -> 0 | J13: ='Off-farm feed'!$I$74 -> 0 | K13: ='Off-farm feed'!$J$74 -> 0.02468874 | L13: ='Off-farm feed'!$K$74 -> 0 | M13: ='Off-farm feed'!$L$74 -> 0.00019317593 | N13: ='Off-farm feed'!$M$74 -> 0.036802129 | O13: ='Off-farm feed'!$N$74 -> 0 | P13: ='Off-farm feed'!$O$74 -> 0.021170792 | Q13: ='Off-farm feed'!$P$74 -> 0.0632 | R13: ='Parameters, country spec'!B26 -> 0.04368996
B14: Soy bean meal | C14: Protein feed | D14: ='Off-farm feed'!$D$23 -> Brazil, Argentina | F14: =SUM(G14:Q14) -> 0.70611717 | G14: ='Off-farm feed'!$F$23 -> 0.0072632671 | H14: ='Off-farm feed'!$G$23 -> 0.021402439 | I14: ='Off-farm feed'!$H$23 -> 0 | J14: ='Off-farm feed'!$I$23 -> 0 | K14: ='Off-farm feed'!$J$23 -> 0.04308362 | L14: ='Off-farm feed'!$K$23 -> 0 | M14: ='Off-farm feed'!$L$23 -> 0.0001784206 | N14: ='Off-farm feed'!$M$23 -> 0.030432605 | O14: ='Off-farm feed'!$N$23 -> 0.3176112 | P14: ='Off-farm feed'!$O$23 -> 0.035145617 | Q14: ='Off-farm feed'!$P$23 -> 0.251 | R14: ='Parameters, country spec'!B27 -> 0.10764448
B15: By-products | C15: By-product | D15: Denmark | E15: DK | R15: ='Parameters, country spec'!B28 -> 0.017669179
B16: Other, feed | C16: Feed, other | D16: Denmark | E16: DK | F16: =SUM(G16:Q16) -> 0.14243308 | G16: =SUMPRODUCT(G6:G14,$R$126:$R$134) -> 0.05730516 | H16: =SUMPRODUCT(H6:H14,$R$126:$R$134) -> 0.022930198 | I16: =SUMPRODUCT(I6:I14,$R$126:$R$134) -> 0 | J16: =SUMPRODUCT(J6:J14,$R$126:$R$134) -> 0 | K16: =SUMPRODUCT(K6:K14,$R$126:$R$134) -> 0.027112388 | L16: =SUMPRODUCT(L6:L14,$R$126:$R$134) -> 0 | M16: =SUMPRODUCT(M6:M14,$R$126:$R$134) -> 0.0001623222 | N16: =SUMPRODUCT(N6:N14,$R$126:$R$134) -> 0.034923009 | R16: ='Parameters, country spec'!B29 -> 0.14064461
B17: Total for the feed mix: | F17: =SUMPRODUCT(F6:F16,$R$6:$R$16) -> 0.22156895 | G17: =SUMPRODUCT(G6:G16,$R$6:$R$16) -> 0.061060271 | H17: =SUMPRODUCT(H6:H16,$R$6:$R$16) -> 0.024737837 | I17: =SUMPRODUCT(I6:I16,$R$6:$R$16) -> 0 | J17: =SUMPRODUCT(J6:J16,$R$6:$R$16) -> 0 | K17: =SUMPRODUCT(K6:K16,$R$6:$R$16) -> 0.029549202 | L17: =SUMPRODUCT(L6:L16,$R$6:$R$16) -> 0 | M17: =SUMPRODUCT(M6:M16,$R$6:$R$16) -> 0.00013480474 | ... O17: =SUMPRODUCT(O6:O16,$R$6:$R$16) -> 0.034189092 | P17: =SUMPRODUCT(P6:P16,R6:R16) -> 0.0047081827 | Q17: =SUMPRODUCT(Q6:Q16,$R$6:$R$16) -> 0.02977997
A18: 0115 | B18: Barley, average | C18: Cereals, incl feed | D18: France | E18: FR | F18: =SUM(G18:Q18) -> 0.171 | G18: 0.079 | H18: 0.027 | I18: 0 | K18: 0.03 | M18: 0 | N18: 0.035 | R18: ='Parameters, country spec'!C19 -> 0.12938618
A19: 0112 | B19: Maize (corn) | C19: Cereals, incl feed | D19: France | E19: FR | F19: =SUM(G19:Q19) -> 0.166 | G19: 0.077 | H19: 0.027 | I19: 0 | K19: 0.02 | M19: 0.007 | N19: 0.035 | R19: ='Parameters, country spec'!C20 -> 0.21280975
A20: 0117 | B20: Oats | C20: Cereals, incl feed | D20: France | E20: FR | F20: =SUM(G20:Q20) -> 0.177 | G20: 0.07 | H20: 0.027 | I20: 0 | K20: 0.041 | M20: 0.004 | N20: 0.035 | R20: ='Parameters, country spec'!C21 -> 0.014661664
A21: 0116 | B21: Rye | C21: Cereals, incl feed | D21: France | E21: FR | F21: =SUM(G21:Q21) -> 0.165 | G21: 0.062 | H21: 0.027 | I21: 0 | K21: 0.041 | M21: 0 | N21: 0.035 | R21: ='Parameters, country spec'!C22 -> 0.0022515955
A22: 0111 | B22: Wheat, average | C22: Cereals, incl feed | D22: France | E22: FR | F22: =SUM(G22:Q22) -> 0.18 | G22: 0.091 | H22: 0.027 | I22: 0 | K22: 0.027 | M22: 0 | N22: 0.035 | R22: ='Parameters, country spec'!C23 -> 0.31521054
A23: 01705 | B23: Peas, dry | C23: Pulses, incl feed | D23: France | E23: FR | F23: =SUM(G23:Q23) -> 0.115 | G23: 0 | H23: 0.027 | I23: 0 | K23: 0.051 | M23: 0.002 | N23: 0.035 | R23: ='Parameters, country spec'!C24 -> 0
A24: 01702 | B24: Broad beans and horse beans, dry | C24: Pulses, incl feed | D24: France | E24: FR | F24: =SUM(G24:Q24) -> 0.138 | G24: 0.004 | H24: 0.027 | I24: 0 | K24: 0.069 | M24: 0.003 | N24: 0.035 | R24: ='Parameters, country spec'!C25 -> 0
B25: Rape seed cake | C25: Protein feed | D25: ='Off-farm feed'!$D$74 -> France, Germany, Poland | F25: =SUM(G25:Q25) -> 0.27085685 | G25: ='Off-farm feed'!$F$74 -> 0.11176753 | H25: ='Off-farm feed'!$G$74 -> 0.013034483 | I25: ='Off-farm feed'!$H$74 -> 0 | J25: ='Off-farm feed'!$I$74 -> 0 | K25: ='Off-farm feed'!$J$74 -> 0.02468874 | L25: ='Off-farm feed'!$K$74 -> 0 | M25: ='Off-farm feed'!$L$74 -> 0.00019317593 | N25: ='Off-farm feed'!$M$74 -> 0.036802129 | O25: ='Off-farm feed'!$N$74 -> 0 | P25: ='Off-farm feed'!$O$74 -> 0.021170792 | Q25: ='Off-farm feed'!$P$74 -> 0.0632 | R25: ='Parameters, country spec'!C26 -> 0.097073459
B26: Soy bean meal | C26: Protein feed | D26: ='Off-farm feed'!$D$23 -> Brazil, Argentina | F26: =SUM(G26:Q26) -> 0.70611717 | G26: ='Off-farm feed'!$F$23 -> 0.0072632671 | H26: ='Off-farm feed'!$G$23 -> 0.021402439 | I26: ='Off-farm feed'!$H$23 -> 0 | J26: ='Off-farm feed'!$I$23 -> 0 | K26: ='Off-farm feed'!$J$23 -> 0.04308362 | L26: ='Off-farm feed'!$K$23 -> 0 | M26: ='Off-farm feed'!$L$23 -> 0.0001784206 | N26: ='Off-farm feed'!$M$23 -> 0.030432605 | O26: ='Off-farm feed'!$N$23 -> 0.3176112 | P26: ='Off-farm feed'!$O$23 -> 0.035145617 | Q26: ='Off-farm feed'!$P$23 -> 0.251 | R26: ='Parameters, country spec'!C27 -> 0.087459167
B27: By-products | C27: By-product | D27: France | E27: FR | R27: ='Parameters, country spec'!C28 -> 0.080151207
B28: Other, feed | C28: Feed, other | D28: France | E28: FR | F28: =SUM(G28:Q28) -> 0.1556496 | G28: =AVERAGE(G18:G26) -> 0.0557812 | H28: =AVERAGE(H18:H26) -> 0.024826325 | I28: =AVERAGE(I18:I26) -> 0 | K28: =AVERAGE(K18:K26) -> 0.038530262 | M28: =AVERAGE(M18:M26) -> 0.0018190663 | N28: =AVERAGE(N18:N26) -> 0.034692748 | R28: ='Parameters, country spec'!C29 -> 0.060996433
B29: Total for the feed mix: | F29: =SUMPRODUCT(F18:F28,$R$18:$R$28) -> 0.21469948 | G29: =SUMPRODUCT(G18:G28,$R$18:$R$28) -> 0.071345288 | H29: =SUMPRODUCT(H18:H28,$R$18:$R$28) -> 0.022858092 | I29: =SUMPRODUCT(I18:I28,$R$18:$R$28) -> 0 | K29: =SUMPRODUCT(K18:K28,$R$18:$R$28) -> 0.025856796 | M29: =SUMPRODUCT(M18:M28,$R$18:$R$28) -> 0.0016936283 | N29: =SUMPRODUCT(N18:N28,$R$18:$R$28) -> 0.031951445 | O29: =SUMPRODUCT(O18:O28,$R$18:$R$28) -> 0.027778011 | P29: =SUMPRODUCT(P18:P28,R18:R28) -> 0.0051289284 | Q29: =SUMPRODUCT(Q18:Q28,$R$18:$R$28) -> 0.028087293
A30: 0115 | B30: Barley, average | C30: Cereals, incl feed | D30: Germany | E30: DE | F30: =SUM(G30:Q30) -> 0.177 | G30: 0.079 | H30: 0.027 | I30: 0 | K30: 0.029 | M30: 0 | N30: 0.042 | R30: ='Parameters, country spec'!D19 -> 0.12840127
A31: 0112 | B31: Maize (corn) | C31: Cereals, incl feed | D31: Germany | E31: DE | F31: =SUM(G31:Q31) -> 0.167 | G31: 0.077 | H31: 0.027 | I31: 0 | K31: 0.019 | M31: 0.002 | N31: 0.042 | R31: ='Parameters, country spec'!D20 -> 0.19116634
A32: 0117 | B32: Oats | C32: Cereals, incl feed | D32: Germany | E32: DE | F32: =SUM(G32:Q32) -> 0.181 | G32: 0.07 | H32: 0.027 | I32: 0 | K32: 0.042 | M32: 0 | N32: 0.042 | R32: ='Parameters, country spec'!D21 -> 2.5558759e-05
A33: 0116 | B33: Rye | C33: Cereals, incl feed | D33: Germany | E33: DE | F33: =SUM(G33:Q33) -> 0.167 | G33: 0.062 | H33: 0.027 | I33: 0 | K33: 0.036 | M33: 0 | N33: 0.042 | R33: ='Parameters, country spec'!D22 -> 0.020974186
A34: 0111 | B34: Wheat, average | C34: Cereals, incl feed | D34: Germany | E34: DE | F34: =SUM(G34:Q34) -> 0.186 | G34: 0.091 | H34: 0.027 | I34: 0 | K34: 0.026 | M34: 0 | N34: 0.042 | R34: ='Parameters, country spec'!D23 -> 0.42888207
A35: 01705 | B35: Peas, dry | C35: Pulses, incl feed | D35: Germany | E35: DE | F35: =SUM(G35:Q35) -> 0.122 | G35: 0 | H35: 0.027 | I35: 0 | K35: 0.053 | M35: 0 | N35: 0.042 | R35: ='Parameters, country spec'!D24 -> 0.00093450155
A36: 01702 | B36: Broad beans and horse beans, dry | C36: Pulses, incl feed | D36: Germany | E36: DE | F36: =SUM(G36:Q36) -> 0.125 | G36: 0.004 | H36: 0.027 | I36: 0 | K36: 0.046 | M36: 0.006 | N36: 0.042 | R36: ='Parameters, country spec'!D25 -> 0.00091798848
B37: Rape seed cake | C37: Protein feed | D37: ='Off-farm feed'!$D$74 -> France, Germany, Poland | F37: =SUM(G37:Q37) -> 0.27085685 | G37: ='Off-farm feed'!$F$74 -> 0.11176753 | H37: ='Off-farm feed'!$G$74 -> 0.013034483 | I37: ='Off-farm feed'!$H$74 -> 0 | J37: ='Off-farm feed'!$I$74 -> 0 | K37: ='Off-farm feed'!$J$74 -> 0.02468874 | L37: ='Off-farm feed'!$K$74 -> 0 | M37: ='Off-farm feed'!$L$74 -> 0.00019317593 | N37: ='Off-farm feed'!$M$74 -> 0.036802129 | O37: ='Off-farm feed'!$N$74 -> 0 | P37: ='Off-farm feed'!$O$74 -> 0.021170792 | Q37: ='Off-farm feed'!$P$74 -> 0.0632 | R37: ='Parameters, country spec'!D26 -> 0.094499577
B38: Soy bean meal | C38: Protein feed | D38: ='Off-farm feed'!$D$23 -> Brazil, Argentina | F38: =SUM(G38:Q38) -> 0.70611717 | G38: ='Off-farm feed'!$F$23 -> 0.0072632671 | H38: ='Off-farm feed'!$G$23 -> 0.021402439 | I38: ='Off-farm feed'!$H$23 -> 0 | J38: ='Off-farm feed'!$I$23 -> 0 | K38: ='Off-farm feed'!$J$23 -> 0.04308362 | L38: ='Off-farm feed'!$K$23 -> 0 | M38: ='Off-farm feed'!$L$23 -> 0.0001784206 | N38: ='Off-farm feed'!$M$23 -> 0.030432605 | O38: ='Off-farm feed'!$N$23 -> 0.3176112 | P38: ='Off-farm feed'!$O$23 -> 0.035145617 | Q38: ='Off-farm feed'!$P$23 -> 0.251 | R38: ='Parameters, country spec'!D27 -> 0.090801007
B39: By-products | C39: By-product | D39: Germany | E39: DE | R39: ='Parameters, country spec'!D28 -> 0.018113105
B40: Other, feed | C40: Feed, other | D40: Germany | E40: DE | F40: =SUM(G40:Q40) -> 0.15709405 | G40: =AVERAGE(G30:G38) -> 0.0557812 | H40: =AVERAGE(H30:H38) -> 0.024826325 | I40: =AVERAGE(I30:I38) -> 0 | K40: =AVERAGE(K30:K38) -> 0.035419151 | M40: =AVERAGE(M30:M38) -> 0.00093017739 | N40: =AVERAGE(N30:N38) -> 0.040137193 | R40: ='Parameters, country spec'!D29 -> 0.025284397
B41: Total for the feed mix: | F41: =SUMPRODUCT(F30:F40,$R$30:$R$40) -> 0.23184398 | G41: =SUMPRODUCT(G30:G40,$R$30:$R$40) -> 0.077829528 | H41: =SUMPRODUCT(H30:H40,$R$30:$R$40) -> 0.024627986 | I41: =SUMPRODUCT(I30:I40,$R$30:$R$40) -> 0 | K41: =SUMPRODUCT(K30:K40,$R$30:$R$40) -> 0.026495295 | M41: =SUMPRODUCT(M30:M40,$R$30:$R$40) -> 0.00044581539 | N41: =SUMPRODUCT(N30:N40,$R$30:$R$40) -> 0.039650622 | O41: =SUMPRODUCT(O30:O40,$R$30:$R$40) -> 0.028839417 | P41: =SUMPRODUCT(P30:P40,R30:R40) -> 0.0051918883 | Q41: =SUMPRODUCT(Q30:Q40,$R$30:$R$40) -> 0.028763426
A42: 0115 | B42: Barley, average | C42: Cereals, incl feed | D42: Greece | E42: GR | F42: =SUM(G42:Q42) -> 0.219 | G42: 0.079 | H42: 0.027 | I42: 0 | K42: 0.066 | M42: 0.001 | N42: 0.046 | R42: ='Parameters, country spec'!E19 -> 0.12227505
A43: 0112 | B43: Maize (corn) | C43: Cereals, incl feed | D43: Greece | E43: GR | F43: =SUM(G43:Q43) -> 0.182 | G43: 0.077 | H43: 0.027 | I43: 0 | K43: 0.017 | M43: 0.015 | N43: 0.046 | R43: ='Parameters, country spec'!E20 -> 0.36571384
A44: 0117 | B44: Oats | C44: Cereals, incl feed | D44: Greece | E44: GR | F44: =SUM(G44:Q44) -> 0.295 | G44: 0.07 | H44: 0.027 | I44: 0 | K44: 0.139 | M44: 0.013 | N44: 0.046 | R44: ='Parameters, country spec'!E21 -> 0.033230482
A45: 0116 | B45: Rye | C45: Cereals, incl feed | D45: Greece | E45: GR | F45: =SUM(G45:Q45) -> 0.225 | G45: 0.062 | H45: 0.027 | I45: 0 | K45: 0.09 | M45: 0 | N45: 0.046 | R45: ='Parameters, country spec'!E22 -> 0.0073294725
A46: 0111 | B46: Wheat, average | C46: Cereals, incl feed | D46: Greece | E46: GR | F46: =SUM(G46:Q46) -> 0.232 | G46: 0.091 | H46: 0.027 | I46: 0 | K46: 0.066 | M46: 0.002 | N46: 0.046 | R46: ='Parameters, country spec'!E23 -> 0.0052561606
A47: 01705 | B47: Peas, dry | C47: Pulses, incl feed | D47: Greece | E47: GR | F47: =SUM(G47:Q47) -> 0.18 | G47: 0 | H47: 0.027 | I47: 0 | K47: 0.104 | M47: 0.003 | N47: 0.046 | R47: ='Parameters, country spec'!E24 -> 0.0010533674
A48: 01702 | B48: Broad beans and horse beans, dry | C48: Pulses, incl feed | D48: Greece | E48: GR | F48: =SUM(G48:Q48) -> 0.165 | G48: 0.004 | H48: 0.027 | I48: 0 | K48: 0.065 | M48: 0.023 | N48: 0.046 | R48: ='Parameters, country spec'!E25 -> 0.0010347539
B49: Rape seed cake | C49: Protein feed | D49: ='Off-farm feed'!$D$74 -> France, Germany, Poland | F49: =SUM(G49:Q49) -> 0.27085685 | G49: ='Off-farm feed'!$F$74 -> 0.11176753 | H49: ='Off-farm feed'!$G$74 -> 0.013034483 | I49: ='Off-farm feed'!$H$74 -> 0 | J49: ='Off-farm feed'!$I$74 -> 0 | K49: ='Off-farm feed'!$J$74 -> 0.02468874 | L49: ='Off-farm feed'!$K$74 -> 0 | M49: ='Off-farm feed'!$L$74 -> 0.00019317593 | N49: ='Off-farm feed'!$M$74 -> 0.036802129 | O49: ='Off-farm feed'!$N$74 -> 0 | P49: ='Off-farm feed'!$O$74 -> 0.021170792 | Q49: ='Off-farm feed'!$P$74 -> 0.0632 | R49: ='Parameters, country spec'!E26 -> 0.0011495503
B50: Soy bean meal | C50: Protein feed | D50: ='Off-farm feed'!$D$23 -> Brazil, Argentina | F50: =SUM(G50:Q50) -> 0.70611717 | G50: ='Off-farm feed'!$F$23 -> 0.0072632671 | H50: ='Off-farm feed'!$G$23 -> 0.021402439 | I50: ='Off-farm feed'!$H$23 -> 0 | J50: ='Off-farm feed'!$I$23 -> 0 | K50: ='Off-farm feed'!$J$23 -> 0.04308362 | L50: ='Off-farm feed'!$K$23 -> 0 | M50: ='Off-farm feed'!$L$23 -> 0.0001784206 | N50: ='Off-farm feed'!$M$23 -> 0.030432605 | O50: ='Off-farm feed'!$N$23 -> 0.3176112 | P50: ='Off-farm feed'!$O$23 -> 0.035145617 | Q50: ='Off-farm feed'!$P$23 -> 0.251 | R50: ='Parameters, country spec'!E27 -> 0.20255816
B51: By-products | C51: By-product | D51: Greece | E51: GR | R51: ='Parameters, country spec'!E28 -> 0.12768205
B52: Other, feed | C52: Feed, other | D52: Greece | E52: GR | F52: =SUM(G52:Q52) -> 0.19853849 | G52: =AVERAGE(G42:G50) -> 0.0557812 | H52: =AVERAGE(H42:H50) -> 0.024826325 | I52: =AVERAGE(I42:I50) -> 0 | K52: =AVERAGE(K42:K50) -> 0.06830804 | M52: =AVERAGE(M42:M50) -> 0.0063746218 | N52: =AVERAGE(N42:N50) -> 0.043248304 | R52: ='Parameters, country spec'!E29 -> 0.13271712
B53: Total for the feed mix: | F53: =SUMPRODUCT(F42:F52,$R$42:$R$52) -> 0.27606066 | G53: =SUMPRODUCT(G42:G52,$R$42:$R$52) -> 0.050085541 | H53: =SUMPRODUCT(H42:H52,$R$42:$R$52) -> 0.022114215 | I53: =SUMPRODUCT(I42:I52,$R$42:$R$52) -> 0 | K53: =SUMPRODUCT(K42:K52,$R$42:$R$52) -> 0.037910659 | M53: =SUMPRODUCT(M42:M52,$R$42:$R$52) -> 0.0069598347 | N53: =SUMPRODUCT(N42:N52,$R$42:$R$52) -> 0.036597552 | O53: =SUMPRODUCT(O42:O52,$R$42:$R$52) -> 0.06433474 | P53: =SUMPRODUCT(P42:P52,R42:R52) -> 0.0071433683 | Q53: =SUMPRODUCT(Q42:Q52,$R$42:$R$52) -> 0.050914749
A54: 0115 | B54: Barley, average | C54: Cereals, incl feed | D54: Hungary | E54: HU | F54: =SUM(G54:Q54) -> 0.182 | G54: 0.079 | H54: 0.027 | I54: 0 | K54: 0.034 | M54: 0 | N54: 0.042 | R54: ='Parameters, country spec'!F19 -> 0.087418006
A55: 0112 | B55: Maize (corn) | C55: Cereals, incl feed | D55: Hungary | E55: HU | F55: =SUM(G55:Q55) -> 0.17 | G55: 0.077 | H55: 0.027 | I55: 0 | K55: 0.024 | M55: 0 | N55: 0.042 | R55: ='Parameters, country spec'!F20 -> 0.51851225
A56: 0117 | B56: Oats | C56: Cereals, incl feed | D56: Hungary | E56: HU | F56: =SUM(G56:Q56) -> 0.203 | G56: 0.07 | H56: 0.027 | I56: 0 | K56: 0.063 | M56: 0.001 | N56: 0.042 | R56: ='Parameters, country spec'!F21 -> 0.04682169
A57: 0116 | B57: Rye | C57: Cereals, incl feed | D57: Hungary | E57: HU | F57: =SUM(G57:Q57) -> 0.186 | G57: 0.062 | H57: 0.027 | I57: 0 | K57: 0.055 | M57: 0 | N57: 0.042 | R57: ='Parameters, country spec'!F22 -> 0.018197974
A58: 0111 | B58: Wheat, average | C58: Cereals, incl feed | D58: Hungary | E58: HU | F58: =SUM(G58:Q58) -> 0.195 | G58: 0.091 | H58: 0.027 | I58: 0 | K58: 0.035 | M58: 0 | N58: 0.042 | R58: ='Parameters, country spec'!F23 -> 0.0818665
A59: 01705 | B59: Peas, dry | C59: Pulses, incl feed | D59: Hungary | E59: HU | F59: =SUM(G59:Q59) -> 0.146 | G59: 0 | H59: 0.027 | I59: 0 | K59: 0.071 | M59: 0.006 | N59: 0.042 | R59: ='Parameters, country spec'!F24 -> 0.0011994594
A60: 01702 | B60: Broad beans and horse beans, dry | C60: Pulses, incl feed | D60: Hungary | E60: HU | F60: =SUM(G60:Q60) -> 0.17 | G60: 0.004 | H60: 0.027 | I60: 0 | K60: 0.089 | M60: 0.008 | N60: 0.042 | R60: ='Parameters, country spec'!F25 -> 0.0011782644
B61: Rape seed cake | C61: Protein feed | D61: ='Off-farm feed'!$D$74 -> France, Germany, Poland | F61: =SUM(G61:Q61) -> 0.27085685 | G61: ='Off-farm feed'!$F$74 -> 0.11176753 | H61: ='Off-farm feed'!$G$74 -> 0.013034483 | I61: ='Off-farm feed'!$H$74 -> 0 | J61: ='Off-farm feed'!$I$74 -> 0 | K61: ='Off-farm feed'!$J$74 -> 0.02468874 | L61: ='Off-farm feed'!$K$74 -> 0 | M61: ='Off-farm feed'!$L$74 -> 0.00019317593 | N61: ='Off-farm feed'!$M$74 -> 0.036802129 | O61: ='Off-farm feed'!$N$74 -> 0 | P61: ='Off-farm feed'!$O$74 -> 0.021170792 | Q61: ='Off-farm feed'!$P$74 -> 0.0632 | R61: ='Parameters, country spec'!F26 -> 0.00051767642
B62: Soy bean meal | C62: Protein feed | D62: ='Off-farm feed'!$D$23 -> Brazil, Argentina | F62: =SUM(G62:Q62) -> 0.70611717 | G62: ='Off-farm feed'!$F$23 -> 0.0072632671 | H62: ='Off-farm feed'!$G$23 -> 0.021402439 | I62: ='Off-farm feed'!$H$23 -> 0 | J62: ='Off-farm feed'!$I$23 -> 0 | K62: ='Off-farm feed'!$J$23 -> 0.04308362 | L62: ='Off-farm feed'!$K$23 -> 0 | M62: ='Off-farm feed'!$L$23 -> 0.0001784206 | N62: ='Off-farm feed'!$M$23 -> 0.030432605 | O62: ='Off-farm feed'!$N$23 -> 0.3176112 | P62: ='Off-farm feed'!$O$23 -> 0.035145617 | Q62: ='Off-farm feed'!$P$23 -> 0.251 | R62: ='Parameters, country spec'!F27 -> 0.098710786
B63: By-products | C63: By-product | D63: Hungary | E63: HU | R63: ='Parameters, country spec'!F28 -> 0.077842176
B64: Other, feed | C64: Feed, other | D64: Hungary | E64: HU | F64: =SUM(G64:Q64) -> 0.17120516 | G64: =AVERAGE(G54:G62) -> 0.0557812 | H64: =AVERAGE(H54:H62) -> 0.024826325 | I64: =AVERAGE(I54:I62) -> 0 | K64: =AVERAGE(K54:K62) -> 0.048752484 | M64: =AVERAGE(M54:M62) -> 0.0017079552 | N64: =AVERAGE(N54:N62) -> 0.040137193 | R64: ='Parameters, country spec'!F29 -> 0.067735219
B65: Total for the feed mix: | F65: =SUMPRODUCT(F54:F64,$R$54:$R$64) -> 0.2147244 | G65: =SUMPRODUCT(G54:G64,$R$54:$R$64) -> 0.063244997 | H65: =SUMPRODUCT(H54:H64,$R$54:$R$64) -> 0.024191258 | I65: =SUMPRODUCT(I54:I64,$R$54:$R$64) -> 0 | K65: =SUMPRODUCT(K54:K64,$R$54:$R$64) -> 0.029990375 | M65: =SUMPRODUCT(M54:M64,$R$54:$R$64) -> 0.00019684532 | N65: =SUMPRODUCT(N54:N64,$R$54:$R$64) -> 0.037459933 | O65: =SUMPRODUCT(O54:O64,$R$54:$R$64) -> 0.031351652 | P65: =SUMPRODUCT(P54:P64,R54:R64) -> 0.0034802111 | Q65: =SUMPRODUCT(Q54:Q64,$R$54:$R$64) -> 0.024809125
A66: 0115 | B66: Barley, average | C66: Cereals, incl feed | D66: Ireland | E66: IE | F66: =SUM(G66:Q66) -> 0.172 | G66: 0.079 | H66: 0.027 | I66: 0 | K66: 0.025 | M66: 0 | N66: 0.041 | R66: ='Parameters, country spec'!G19 -> 0.30763475
A67: 0112 | B67: Maize (corn) | C67: Cereals, incl feed | D67: Ireland | E67: IE | F67: =SUM(G67:Q67) -> 0 | R67: ='Parameters, country spec'!G20 -> 0.08479014
A68: 0117 | B68: Oats | C68: Cereals, incl feed | D68: Ireland | E68: IE | F68: =SUM(G68:Q68) -> 0.162 | G68: 0.07 | H68: 0.027 | I68: 0 | K68: 0.024 | M68: 0 | N68: 0.041 | R68: ='Parameters, country spec'!G21 -> 0.017732066
A69: 0116 | B69: Rye | C69: Cereals, incl feed | D69: Ireland | E69: IE | F69: =SUM(G69:Q69) -> 0.185 | G69: 0.062 | H69: 0.027 | I69: 0 | K69: 0.055 | M69: 0 | N69: 0.041 | R69: ='Parameters, country spec'!G22 -> 0
A70: 0111 | B70: Wheat, average | C70: Cereals, incl feed | D70: Ireland | E70: IE | F70: =SUM(G70:Q70) -> 0.18 | G70: 0.091 | H70: 0.027 | I70: 0 | K70: 0.021 | M70: 0 | N70: 0.041 | R70: ='Parameters, country spec'!G23 -> 0.13212925
A71: 01705 | B71: Peas, dry | C71: Pulses, incl feed | D71: Ireland | E71: IE | F71: =SUM(G71:Q71) -> 0.114 | G71: 0 | H71: 0.027 | I71: 0 | K71: 0.045 | M71: 0.001 | N71: 0.041 | R71: ='Parameters, country spec'!G24 -> 0.0013715569
A72: 01702 | B72: Broad beans and horse beans, dry | C72: Pulses, incl feed | D72: Ireland | E72: IE | F72: =SUM(G72:Q72) -> 0.107 | G72: 0.004 | H72: 0.027 | I72: 0 | K72: 0.035 | M72: 0 | N72: 0.041 | R72: ='Parameters, country spec'!G25 -> 0.0013473208
B73: Rape seed cake | C73: Protein feed | D73: ='Off-farm feed'!$D$74 -> France, Germany, Poland | F73: =SUM(G73:Q73) -> 0.27085685 | G73: ='Off-farm feed'!$F$74 -> 0.11176753 | H73: ='Off-farm feed'!$G$74 -> 0.013034483 | I73: ='Off-farm feed'!$H$74 -> 0 | J73: ='Off-farm feed'!$I$74 -> 0 | K73: ='Off-farm feed'!$J$74 -> 0.02468874 | L73: ='Off-farm feed'!$K$74 -> 0 | M73: ='Off-farm feed'!$L$74 -> 0.00019317593 | N73: ='Off-farm feed'!$M$74 -> 0.036802129 | O73: ='Off-farm feed'!$N$74 -> 0 | P73: ='Off-farm feed'!$O$74 -> 0.021170792 | Q73: ='Off-farm feed'!$P$74 -> 0.0632 | R73: ='Parameters, country spec'!G26 -> 0.07343014
B74: Soy bean meal | C74: Protein feed | D74: ='Off-farm feed'!$D$23 -> Brazil, Argentina | F74: =SUM(G74:Q74) -> 0.70611717 | G74: ='Off-farm feed'!$F$23 -> 0.0072632671 | H74: ='Off-farm feed'!$G$23 -> 0.021402439 | I74: ='Off-farm feed'!$H$23 -> 0 | J74: ='Off-farm feed'!$I$23 -> 0 | K74: ='Off-farm feed'!$J$23 -> 0.04308362 | L74: ='Off-farm feed'!$K$23 -> 0 | M74: ='Off-farm feed'!$L$23 -> 0.0001784206 | N74: ='Off-farm feed'!$M$23 -> 0.030432605 | O74: ='Off-farm feed'!$N$23 -> 0.3176112 | P74: ='Off-farm feed'!$O$23 -> 0.035145617 | Q74: ='Off-farm feed'!$P$23 -> 0.251 | R74: ='Parameters, country spec'!G27 -> 0.13973104
B75: By-products | C75: By-product | D75: Ireland | E75: IE | R75: ='Parameters, country spec'!G28 -> 0.13800716
B76: Other, feed | C76: Feed, other | D76: Ireland | E76: IE | F76: =SUM(G76:Q76) -> 0.1511058 | G76: =AVERAGE(G66:G74) -> 0.05312885 | H76: =AVERAGE(H66:H74) -> 0.024554615 | I76: =AVERAGE(I66:I74) -> 0 | K76: =AVERAGE(K66:K74) -> 0.034096545 | M76: =AVERAGE(M66:M74) -> 0.00017144957 | N76: =AVERAGE(N66:N74) -> 0.039154342 | R76: ='Parameters, country spec'!G29 -> 0.10382657
B77: Total for the feed mix: | F77: =SUMPRODUCT(F66:F76,$R$66:$R$76) -> 0.2141139 | G77: =SUMPRODUCT(G66:G76,$R$66:$R$76) -> 0.052311737 | H77: =SUMPRODUCT(H66:H76,$R$66:$R$76) -> 0.018922934 | I77: =SUMPRODUCT(I66:I76,$R$66:$R$76) -> 0 | K77: =SUMPRODUCT(K66:K76,$R$66:$R$76) -> 0.022373173 | M77: =SUMPRODUCT(M66:M76,$R$66:$R$76) -> 5.8288409e-05 | N77: =SUMPRODUCT(N66:N76,$R$66:$R$76) -> 0.029888839 | O77: =SUMPRODUCT(O66:O76,$R$66:$R$76) -> 0.044380143 | P77: =SUMPRODUCT(P66:P76,R66:R76) -> 0.0064655078 | Q77: =SUMPRODUCT(Q66:Q76,$R$66:$R$76) -> 0.039713276
A78: 0115 | B78: Barley, average | C78: Cereals, incl feed | D78: Italy | E78: IT | F78: =SUM(G78:Q78) -> 0.192 | G78: 0.079 | H78: 0.027 | I78: 0 | K78: 0.045 | M78: 0 | N78: 0.041 | R78: ='Parameters, country spec'!H19 -> 0.069755358
A79: 0112 | B79: Maize (corn) | C79: Cereals, incl feed | D79: Italy | E79: IT | F79: =SUM(G79:Q79) -> 0.171 | G79: 0.077 | H79: 0.027 | I79: 0 | K79: 0.018 | M79: 0.008 | N79: 0.041 | R79: ='Parameters, country spec'!H20 -> 0.45612129
A80: 0117 | B80: Oats | C80: Cereals, incl feed | D80: Italy | E80: IT | F80: =SUM(G80:Q80) -> 0.225 | G80: 0.07 | H80: 0.027 | I80: 0 | K80: 0.079 | M80: 0.008 | N80: 0.041 | R80: ='Parameters, country spec'!H21 -> 0.014486342
A81: 0116 | B81: Rye | C81: Cereals, incl feed | D81: Italy | E81: IT | F81: =SUM(G81:Q81) -> 0.187 | G81: 0.062 | H81: 0.027 | I81: 0 | K81: 0.057 | M81: 0 | N81: 0.041 | R81: ='Parameters, country spec'!H22 -> 0.0011542188
A82: 0111 | B82: Wheat, average | C82: Cereals, incl feed | D82: Italy | E82: IT | F82: =SUM(G82:Q82) -> 0.209 | G82: 0.091 | H82: 0.027 | I82: 0 | K82: 0.048 | M82: 0.002 | N82: 0.041 | R82: ='Parameters, country spec'!H23 -> 0.066073028
A83: 01705 | B83: Peas, dry | C83: Pulses, incl feed | D83: Italy | E83: IT | F83: =SUM(G83:Q83) -> 0.127 | G83: 0 | H83: 0.027 | I83: 0 | K83: 0.058 | M83: 0.001 | N83: 0.041 | R83: ='Parameters, country spec'!H24 -> 0.0028132125
A84: 01702 | B84: Broad beans and horse beans, dry | C84: Pulses, incl feed | D84: Italy | E84: IT | F84: =SUM(G84:Q84) -> 0.159 | G84: 0.004 | H84: 0.027 | I84: 0 | K84: 0.087 | M84: 0 | N84: 0.041 | R84: ='Parameters, country spec'!H25 -> 0.0027635018
B85: Rape seed cake | C85: Protein feed | D85: ='Off-farm feed'!$D$74 -> France, Germany, Poland | F85: =SUM(G85:Q85) -> 0.27085685 | G85: ='Off-farm feed'!$F$74 -> 0.11176753 | H85: ='Off-farm feed'!$G$74 -> 0.013034483 | I85: ='Off-farm feed'!$H$74 -> 0 | J85: ='Off-farm feed'!$I$74 -> 0 | K85: ='Off-farm feed'!$J$74 -> 0.02468874 | L85: ='Off-farm feed'!$K$74 -> 0 | M85: ='Off-farm feed'!$L$74 -> 0.00019317593 | N85: ='Off-farm feed'!$M$74 -> 0.036802129 | O85: ='Off-farm feed'!$N$74 -> 0 | P85: ='Off-farm feed'!$O$74 -> 0.021170792 | Q85: ='Off-farm feed'!$P$74 -> 0.0632 | R85: ='Parameters, country spec'!H26 -> 0.0047386628
B86: Soy bean meal | C86: Protein feed | D86: ='Off-farm feed'!$D$23 -> Brazil, Argentina | F86: =SUM(G86:Q86) -> 0.70611717 | G86: ='Off-farm feed'!$F$23 -> 0.0072632671 | H86: ='Off-farm feed'!$G$23 -> 0.021402439 | I86: ='Off-farm feed'!$H$23 -> 0 | J86: ='Off-farm feed'!$I$23 -> 0 | K86: ='Off-farm feed'!$J$23 -> 0.04308362 | L86: ='Off-farm feed'!$K$23 -> 0 | M86: ='Off-farm feed'!$L$23 -> 0.0001784206 | N86: ='Off-farm feed'!$M$23 -> 0.030432605 | O86: ='Off-farm feed'!$N$23 -> 0.3176112 | P86: ='Off-farm feed'!$O$23 -> 0.035145617 | Q86: ='Off-farm feed'!$P$23 -> 0.251 | R86: ='Parameters, country spec'!H27 -> 0.11699212
B87: By-products | C87: By-product | D87: Italy | E87: IT | R87: ='Parameters, country spec'!H28 -> 0.12350411
B88: Other, feed | C88: Feed, other | D88: Italy | E88: IT | F88: =SUM(G88:Q88) -> 0.17320516 | G88: =AVERAGE(G78:G86) -> 0.0557812 | H88: =AVERAGE(H78:H86) -> 0.024826325 | I88: =AVERAGE(I78:I86) -> 0 | K88: =AVERAGE(K78:K86) -> 0.051085818 | M88: =AVERAGE(M78:M86) -> 0.0021523996 | N88: =AVERAGE(N78:N86) -> 0.039359415 | R88: ='Parameters, country spec'!H29 -> 0.14159815
B89: Total for the feed mix: | F89: =SUMPRODUCT(F78:F88,$R$78:$R$88) -> 0.21789014 | G89: =SUMPRODUCT(G78:G88,$R$78:$R$88) -> 0.057019206 | H89: =SUMPRODUCT(H78:H88,$R$78:$R$88) -> 0.022636552 | I89: =SUMPRODUCT(I78:I88,$R$78:$R$88) -> 0 | K89: =SUMPRODUCT(K78:K88,$R$78:$R$88) -> 0.028525575 | M89: =SUMPRODUCT(M78:M88,$R$78:$R$88) -> 0.0042263854 | N89: =SUMPRODUCT(N78:N88,$R$78:$R$88) -> 0.034447833 | O89: =SUMPRODUCT(O78:O88,$R$78:$R$88) -> 0.037158007 | P89: =SUMPRODUCT(P78:P88,R78:R88) -> 0.0042120813 | Q89: =SUMPRODUCT(Q78:Q88,$R$78:$R$88) -> 0.029664505
A90: 0115 | B90: Barley, average | C90: Cereals, incl feed | D90: Netherlands | E90: NL | F90: =SUM(G90:Q90) -> 0.177 | G90: 0.079 | H90: 0.027 | I90: 0 | K90: 0.027 | M90: 0.001 | N90: 0.043 | R90: ='Parameters, country spec'!I19 -> 0.065976693
A91: 0112 | B91: Maize (corn) | C91: Cereals, incl feed | D91: Netherlands | E91: NL | F91: =SUM(G91:Q91) -> 0.172 | G91: 0.077 | H91: 0.027 | I91: 0 | K91: 0.02 | M91: 0.005 | N91: 0.043 | R91: ='Parameters, country spec'!I20 -> 0.19814107
A92: 0117 | B92: Oats | C92: Cereals, incl feed | D92: Netherlands | E92: NL | F92: =SUM(G92:Q92) -> 0.179 | G92: 0.07 | H92: 0.027 | I92: 0 | K92: 0.036 | M92: 0.003 | N92: 0.043 | R92: ='Parameters, country spec'!I21 -> 0.0021671842
A93: 0116 | B93: Rye | C93: Cereals, incl feed | D93: Netherlands | E93: NL | F93: =SUM(G93:Q93) -> 0.184 | G93: 0.062 | H93: 0.027 | I93: 0 | K93: 0.052 | M93: 0 | N93: 0.043 | R93: ='Parameters, country spec'!I22 -> 0.0081550834
A94: 0111 | B94: Wheat, average | C94: Cereals, incl feed | D94: Netherlands | E94: NL | F94: =SUM(G94:Q94) -> 0.184 | G94: 0.091 | H94: 0.027 | I94: 0 | K94: 0.022 | M94: 0.001 | N94: 0.043 | R94: ='Parameters, country spec'!I23 -> 0.22324493
A95: 01705 | B95: Peas, dry | C95: Pulses, incl feed | D95: Netherlands | E95: NL | F95: =SUM(G95:Q95) -> 0.105 | G95: 0 | H95: 0.027 | I95: 0 | K95: 0.034 | M95: 0.001 | N95: 0.043 | R95: ='Parameters, country spec'!I24 -> 0
A96: 01702 | B96: Broad beans and horse beans, dry | C96: Pulses, incl feed | D96: Netherlands | E96: NL | F96: =SUM(G96:Q96) -> 0.109 | G96: 0.004 | H96: 0.027 | I96: 0 | K96: 0.034 | M96: 0.001 | N96: 0.043 | R96: ='Parameters, country spec'!I25 -> 0
B97: Rape seed cake | C97: Protein feed | D97: ='Off-farm feed'!$D$74 -> France, Germany, Poland | F97: =SUM(G97:Q97) -> 0.27085685 | G97: ='Off-farm feed'!$F$74 -> 0.11176753 | H97: ='Off-farm feed'!$G$74 -> 0.013034483 | I97: ='Off-farm feed'!$H$74 -> 0 | J97: ='Off-farm feed'!$I$74 -> 0 | K97: ='Off-farm feed'!$J$74 -> 0.02468874 | L97: ='Off-farm feed'!$K$74 -> 0 | M97: ='Off-farm feed'!$L$74 -> 0.00019317593 | N97: ='Off-farm feed'!$M$74 -> 0.036802129 | O97: ='Off-farm feed'!$N$74 -> 0 | P97: ='Off-farm feed'!$O$74 -> 0.021170792 | Q97: ='Off-farm feed'!$P$74 -> 0.0632 | R97: ='Parameters, country spec'!I26 -> 0.12320055
B98: Soy bean meal | C98: Protein feed | D98: ='Off-farm feed'!$D$23 -> Brazil, Argentina | F98: =SUM(G98:Q98) -> 0.70611717 | G98: ='Off-farm feed'!$F$23 -> 0.0072632671 | H98: ='Off-farm feed'!$G$23 -> 0.021402439 | I98: ='Off-farm feed'!$H$23 -> 0 | J98: ='Off-farm feed'!$I$23 -> 0 | K98: ='Off-farm feed'!$J$23 -> 0.04308362 | L98: ='Off-farm feed'!$K$23 -> 0 | M98: ='Off-farm feed'!$L$23 -> 0.0001784206 | N98: ='Off-farm feed'!$M$23 -> 0.030432605 | O98: ='Off-farm feed'!$N$23 -> 0.3176112 | P98: ='Off-farm feed'!$O$23 -> 0.035145617 | Q98: ='Off-farm feed'!$P$23 -> 0.251 | R98: ='Parameters, country spec'!I27 -> 0.15910749
B99: By-products | C99: By-product | D99: Netherlands | E99: NL | R99: ='Parameters, country spec'!I28 -> 0.017335419
B100: Other, feed | C100: Feed, other | D100: Netherlands | E100: NL | F100: =SUM(G100:Q100) -> 0.15542738 | G100: =AVERAGE(G90:G98) -> 0.0557812 | H100: =AVERAGE(H90:H98) -> 0.024826325 | I100: =AVERAGE(I90:I98) -> 0 | K100: =AVERAGE(K90:K98) -> 0.032530262 | M100: =AVERAGE(M90:M98) -> 0.0013746218 | N100: =AVERAGE(N90:N98) -> 0.04091497 | R100: ='Parameters, country spec'!I29 -> 0.20267158
B101: Total for the feed mix: | F101: =SUMPRODUCT(F90:F100,$R$90:$R$100) -> 0.26594262 | G101: =SUMPRODUCT(G90:G100,$R$90:$R$100) -> 0.067672353 | H101: =SUMPRODUCT(H90:H100,$R$90:$R$100) -> 0.023480228 | I101: =SUMPRODUCT(I90:I100,$R$90:$R$100) -> 0 | K101: =SUMPRODUCT(K90:K100,$R$90:$R$100) -> 0.027647216 | M101: =SUMPRODUCT(M90:M100,$R$90:$R$100) -> 0.0016172128 | N101: =SUMPRODUCT(N90:N100,$R$90:$R$100) -> 0.039068853 | O101: =SUMPRODUCT(O90:O100,$R$90:$R$100) -> 0.050534321 | P101: =SUMPRODUCT(P90:P100,R90:R100) -> 0.008200184 | Q101: =SUMPRODUCT(Q90:Q100,$R$90:$R$100) -> 0.047722254
A102: 0115 | B102: Barley, average | C102: Cereals, incl feed | D102: Poland | E102: PL | F102: =SUM(G102:Q102) -> 0.208 | G102: 0.079 | H102: 0.027 | I102: 0 | K102: 0.049 | M102: 0 | N102: 0.053 | R102: ='Parameters, country spec'!J19 -> 0.16996899
...

Sheet CH4 per kg feed
A2: Emissions of CH4 from feed crops (per kg of crop) | F2: Columns A-M copied straight from RPC filerna | O2: Shares from Karlsson et al.
A4: Crops | F4: Sum | G4: Inputs | I4: Soil emissions | K4: Energy use | O4: Land use change | P4: Feed processing | Q4: Transports | R4: Share
A5: Code | B5: Crops | C5: Categories | D5: Country | E5: Country code | G5: Production of mineral fertilizer | H5: Production of capital goods | I5: Direct emissions | J5: Indirect emissions | K5: Diesel use field mach | L5: Energy use in greenhouses | M5: Energy use for irrigation | N5: Energy use for post-harvest proc | O5: LUC emissions | P5: Energy use feed processing | Q5: Transports of feed
A6: 0115 | B6: Barley, average | C6: Cereals, incl feed | D6: Denmark | E6: DK | F6: =SUM(G6:Q6) -> 0.0002183 | G6: 8.1e-05 | H6: 0.0001 | K6: 1.45e-05 | M6: 0 | N6: 2.28e-05 | R6: ='Parameters, country spec'!B19 -> 0.32476622
A7: 0112 | B7: Maize (corn) | C7: Cereals, incl feed | D7: Denmark | E7: DK | F7: =SUM(G7:Q7) -> 0.0002261 | G7: 7.9e-05 | H7: 0.0001 | K7: 1.2e-05 | M7: 1.23e-05 | N7: 2.28e-05 | R7: ='Parameters, country spec'!B20 -> 0.019544149
A8: 0117 | B8: Oats | C8: Cereals, incl feed | D8: Denmark | E8: DK | F8: =SUM(G8:Q8) -> 0.0002104 | G8: 7.1e-05 | H8: 0.0001 | K8: 1.66e-05 | M8: 0 | N8: 2.28e-05 | R8: ='Parameters, country spec'!B21 -> 0.0054547926
A9: 0116 | B9: Rye | C9: Cereals, incl feed | D9: Denmark | E9: DK | F9: =SUM(G9:Q9) -> 0.0001994 | G9: 6.3e-05 | H9: 0.0001 | K9: 1.36e-05 | M9: 0 | N9: 2.28e-05 | R9: ='Parameters, country spec'!B22 -> 0.0039573904
A10: 0111 | B10: Wheat, average | C10: Cereals, incl feed | D10: Denmark | E10: DK | F10: =SUM(G10:Q10) -> 0.00022831 | G10: 9.3e-05 | H10: 0.0001 | K10: 1.1e-05 | M10: 1.51e-06 | N10: 2.28e-05 | R10: ='Parameters, country spec'!B23 -> 0.33524969
A11: 01705 | B11: Peas, dry | C11: Pulses, incl feed | D11: Denmark | E11: DK | F11: =SUM(G11:Q11) -> 0.000142751 | G11: 0 | H11: 0.0001 | K11: 1.97e-05 | M11: 2.51e-07 | N11: 2.28e-05 | R11: ='Parameters, country spec'!B24 -> 0.0006959153
A12: 01702 | B12: Broad beans and horse beans, dry | C12: Pulses, incl feed | D12: Denmark | E12: DK | F12: =SUM(G12:Q12) -> 0.0001764 | G12: 4e-06 | H12: 0.0001 | K12: 2.1e-05 | M12: 2.86e-05 | N12: 2.28e-05 | R12: ='Parameters, country spec'!B25 -> 0.00068361816
B13: Rape seed cake | C13: Protein feed | D13: ='Off-farm feed'!$D$75 -> France, Germany, Poland | E13: AT | F13: ='Off-farm feed'!$E$75 -> 0.00038246444 | G13: ='Off-farm feed'!$F$75 -> 0.00016847748 | H13: ='Off-farm feed'!$G$75 -> 4.5862069e-05 | I13: ='Off-farm feed'!$H$75 -> 0 | J13: ='Off-farm feed'!$I$75 -> 0 | K13: ='Off-farm feed'!$J$75 -> 1.0936279e-05 | L13: ='Off-farm feed'!$K$75 -> 0 | M13: ='Off-farm feed'!$L$75 -> 6.4606961e-07 | N13: ='Off-farm feed'!$M$75 -> 2.1884762e-05 | O13: ='Off-farm feed'!$N$75 -> 0 | P13: ='Off-farm feed'!$O$75 -> 4.5962128e-05 | Q13: ='Off-farm feed'!$P$75 -> 8.8695652e-05 | R13: ='Parameters, country spec'!B26 -> 0.04368996
B14: Soy bean meal | C14: Protein feed | D14: ='Off-farm feed'!$D$24 -> Brazil, Argentina | F14: ='Off-farm feed'!$E$24 -> 0.00047266554 | G14: ='Off-farm feed'!$F$24 -> 1.5603516e-05 | H14: ='Off-farm feed'!$G$24 -> 7.5304878e-05 | I14: ='Off-farm feed'!$H$24 -> 0 | J14: ='Off-farm feed'!$I$24 -> 0 | K14: ='Off-farm feed'!$J$24 -> 1.9084591e-05 | L14: ='Off-farm feed'!$K$24 -> 0 | M14: ='Off-farm feed'!$L$24 -> 5.9672097e-07 | N14: ='Off-farm feed'!$M$24 -> 2.3084272e-05 | O14: ='Off-farm feed'!$N$24 -> 0 | P14: ='Off-farm feed'!$O$24 -> 0.00012899156 | Q14: ='Off-farm feed'!$P$24 -> 0.00021 | R14: ='Parameters, country spec'!B27 -> 0.10764448
B15: By-products | C15: By-product | D15: Denmark | E15: DK | R15: ='Parameters, country spec'!B28 -> 0.017669179
B16: Other, feed | C16: Feed, other | D16: Denmark | E16: DK | F16: =SUM(G16:Q16) -> 0.00019812685 | G16: =AVERAGE(G6:G14) -> 6.3897888e-05 | H16: =AVERAGE(H6:H14) -> 9.1240772e-05 | I16: =AVERAGE(I6:I14) -> 0 | J16: =AVERAGE(J6:J14) -> 0 | K16: =AVERAGE(K6:K14) -> 1.5380097e-05 | L16: =AVERAGE(L6:L14) -> 0 | M16: =AVERAGE(M6:M14) -> 4.878199e-06 | N16: =AVERAGE(N6:N14) -> 2.2729893e-05 | R16: ='Parameters, country spec'!B29 -> 0.14064461
B17: Total for the feed mix: | F17: =SUMPRODUCT(F6:F16,$R$6:$R$16) -> 0.00024946814 | G17: =SUMPRODUCT(G6:G16,$R$6:$R$16) -> 7.7694913e-05 | H17: =SUMPRODUCT(H6:H16,$R$6:$R$16) -> 9.1977566e-05 | I17: =SUMPRODUCT(I6:I16,$R$6:$R$16) -> 0 | J17: =SUMPRODUCT(J6:J16,$R$6:$R$16) -> 0 | K17: =SUMPRODUCT(K6:K16,$R$6:$R$16) -> 1.3499106e-05 | L17: =SUMPRODUCT(L6:L16,$R$6:$R$16) -> 0 | M17: =SUMPRODUCT(M6:M16,$R$6:$R$16) -> 1.5448991e-06 | ... O17: =SUMPRODUCT(O6:O16,$R$6:$R$16) -> 0 | P17: =SUMPRODUCT(P6:P16,R6:R16) -> 1.5893313e-05 | Q17: =SUMPRODUCT(Q6:Q16,$R$6:$R$16) -> 2.648045e-05
A18: 0115 | B18: Barley, average | C18: Cereals, incl feed | D18: France | E18: FR | F18: =SUM(G18:Q18) -> 0.0002821 | G18: 0.00015 | H18: 0.0001 | K18: 1.32e-05 | M18: 1e-06 | N18: 1.79e-05 | R18: ='Parameters, country spec'!C19 -> 0.12938618
A19: 0112 | B19: Maize (corn) | C19: Cereals, incl feed | D19: France | E19: FR | F19: =SUM(G19:Q19) -> 0.00029971 | G19: 0.00015 | H19: 0.0001 | K19: 9.01e-06 | M19: 2.28e-05 | N19: 1.79e-05 | R19: ='Parameters, country spec'!C20 -> 0.21280975
A20: 0117 | B20: Oats | C20: Cereals, incl feed | D20: France | E20: FR | F20: =SUM(G20:Q20) -> 0.0002794 | G20: 0.00013 | H20: 0.0001 | K20: 1.82e-05 | M20: 1.33e-05 | N20: 1.79e-05 | R20: ='Parameters, country spec'!C21 -> 0.014661664
A21: 0116 | B21: Rye | C21: Cereals, incl feed | D21: France | E21: FR | F21: =SUM(G21:Q21) -> 0.000256351 | G21: 0.00012 | H21: 0.0001 | K21: 1.82e-05 | M21: 2.51e-07 | N21: 1.79e-05 | R21: ='Parameters, country spec'!C22 -> 0.0022515955
A22: 0111 | B22: Wheat, average | C22: Cereals, incl feed | D22: France | E22: FR | F22: =SUM(G22:Q22) -> 0.000300553 | G22: 0.00017 | H22: 0.0001 | K22: 1.19e-05 | M22: 7.53e-07 | N22: 1.79e-05 | R22: ='Parameters, country spec'!C23 -> 0.31521054
A23: 01705 | B23: Peas, dry | C23: Pulses, incl feed | D23: France | E23: FR | F23: =SUM(G23:Q23) -> 0.00014692 | G23: 0 | H23: 0.0001 | K23: 2.25e-05 | M23: 6.52e-06 | N23: 1.79e-05 | R23: ='Parameters, country spec'!C24 -> 0
A24: 01702 | B24: Broad beans and horse beans, dry | C24: Pulses, incl feed | D24: France | E24: FR | F24: =SUM(G24:Q24) -> 0.0001674 | G24: 7.5e-06 | H24: 0.0001 | K24: 3.07e-05 | M24: 1.13e-05 | N24: 1.79e-05 | R24: ='Parameters, country spec'!C25 -> 0
B25: Rape seed cake | C25: Protein feed | D25: ='Off-farm feed'!$D$75 -> France, Germany, Poland | E25: AT | F25: ='Off-farm feed'!$E$75 -> 0.00038246444 | G25: ='Off-farm feed'!$F$75 -> 0.00016847748 | H25: ='Off-farm feed'!$G$75 -> 4.5862069e-05 | I25: ='Off-farm feed'!$H$75 -> 0 | J25: ='Off-farm feed'!$I$75 -> 0 | K25: ='Off-farm feed'!$J$75 -> 1.0936279e-05 | L25: ='Off-farm feed'!$K$75 -> 0 | M25: ='Off-farm feed'!$L$75 -> 6.4606961e-07 | N25: ='Off-farm feed'!$M$75 -> 2.1884762e-05 | O25: ='Off-farm feed'!$N$75 -> 0 | P25: ='Off-farm feed'!$O$75 -> 4.5962128e-05 | Q25: ='Off-farm feed'!$P$75 -> 8.8695652e-05 | R25: ='Parameters, country spec'!C26 -> 0.097073459
B26: Soy bean meal | C26: Protein feed | D26: ='Off-farm feed'!$D$24 -> Brazil, Argentina | F26: ='Off-farm feed'!$E$24 -> 0.00047266554 | G26: ='Off-farm feed'!$F$24 -> 1.5603516e-05 | H26: ='Off-farm feed'!$G$24 -> 7.5304878e-05 | I26: ='Off-farm feed'!$H$24 -> 0 | J26: ='Off-farm feed'!$I$24 -> 0 | K26: ='Off-farm feed'!$J$24 -> 1.9084591e-05 | L26: ='Off-farm feed'!$K$24 -> 0 | M26: ='Off-farm feed'!$L$24 -> 5.9672097e-07 | N26: ='Off-farm feed'!$M$24 -> 2.3084272e-05 | O26: ='Off-farm feed'!$N$24 -> 0 | P26: ='Off-farm feed'!$O$24 -> 0.00012899156 | Q26: ='Off-farm feed'!$P$24 -> 0.00021 | R26: ='Parameters, country spec'!C27 -> 0.087459167
B27: By-products | C27: By-product | D27: France | E27: FR | R27: ='Parameters, country spec'!C28 -> 0.080151207
B28: Other, feed | C28: Feed, other | D28: France | E28: FR | F28: =SUM(G28:Q28) -> 0.0002348794 | G28: =AVERAGE(G18:G26) -> 0.00010128678 | H28: =AVERAGE(H18:H26) -> 9.1240772e-05 | I28: =AVERAGE(I18:I26) -> 0 | J28: =AVERAGE(J18:J26) -> 0 | K28: =AVERAGE(K18:K26) -> 1.7081208e-05 | L28: =AVERAGE(L18:L26) -> 0 | M28: =AVERAGE(M18:M26) -> 6.3518656e-06 | N28: =AVERAGE(N18:N26) -> 1.8918781e-05 | R28: ='Parameters, country spec'!C29 -> 0.060996433
B29: Total for the feed mix: | F29: =SUMPRODUCT(F18:F28,$R$18:$R$28) -> 0.00029248508 | G29: =SUMPRODUCT(G18:G28,$R$18:$R$28) -> 0.00013098888 | H29: =SUMPRODUCT(H18:H28,$R$18:$R$28) -> 8.4035427e-05 | I29: =SUMPRODUCT(I18:I28,$R$18:$R$28) -> 0 | J29: =SUMPRODUCT(J18:J28,$R$18:$R$28) -> 0 | K29: =SUMPRODUCT(K18:K28,$R$18:$R$28) -> 1.1456778e-05 | L29: =SUMPRODUCT(L18:L28,$R$18:$R$28) -> 0 | M29: =SUMPRODUCT(M18:M28,$R$18:$R$28) -> 5.9167135e-06 | ... O29: =SUMPRODUCT(O18:O28,$R$18:$R$28) -> 0 | P29: =SUMPRODUCT(P18:P28,R18:R28) -> 1.5743197e-05 | Q29: =SUMPRODUCT(Q18:Q28,$R$18:$R$28) -> 2.6976419e-05
A30: 0115 | B30: Barley, average | C30: Cereals, incl feed | D30: Germany | E30: DE | F30: =SUM(G30:Q30) -> 0.000293 | G30: 0.00015 | H30: 0.0001 | K30: 1.27e-05 | M30: 0 | N30: 3.03e-05 | R30: ='Parameters, country spec'!D19 -> 0.12840127
A31: 0112 | B31: Maize (corn) | C31: Cereals, incl feed | D31: Germany | E31: DE | F31: =SUM(G31:Q31) -> 0.00029418 | G31: 0.00015 | H31: 0.0001 | K31: 8.61e-06 | M31: 5.27e-06 | N31: 3.03e-05 | R31: ='Parameters, country spec'!D20 -> 0.19116634
A32: 0117 | B32: Oats | C32: Cereals, incl feed | D32: Germany | E32: DE | F32: =SUM(G32:Q32) -> 0.0002801 | G32: 0.00013 | H32: 0.0001 | K32: 1.88e-05 | M32: 1e-06 | N32: 3.03e-05 | R32: ='Parameters, country spec'!D21 -> 2.5558759e-05
A33: 0116 | B33: Rye | C33: Cereals, incl feed | D33: Germany | E33: DE | F33: =SUM(G33:Q33) -> 0.0002664 | G33: 0.00012 | H33: 0.0001 | K33: 1.61e-05 | M33: 0 | N33: 3.03e-05 | R33: ='Parameters, country spec'!D22 -> 0.020974186
A34: 0111 | B34: Wheat, average | C34: Cereals, incl feed | D34: Germany | E34: DE | F34: =SUM(G34:Q34) -> 0.000311951 | G34: 0.00017 | H34: 0.0001 | K34: 1.14e-05 | M34: 2.51e-07 | N34: 3.03e-05 | R34: ='Parameters, country spec'!D23 -> 0.42888207
A35: 01705 | B35: Peas, dry | C35: Pulses, incl feed | D35: Germany | E35: DE | F35: =SUM(G35:Q35) -> 0.000154202 | G35: 0 | H35: 0.0001 | K35: 2.34e-05 | M35: 5.02e-07 | N35: 3.03e-05 | R35: ='Parameters, country spec'!D24 -> 0.00093450155
A36: 01702 | B36: Broad beans and horse beans, dry | C36: Pulses, incl feed | D36: Germany | E36: DE | F36: =SUM(G36:Q36) -> 0.0001788 | G36: 7.5e-06 | H36: 0.0001 | K36: 2.04e-05 | M36: 2.06e-05 | N36: 3.03e-05 | R36: ='Parameters, country spec'!D25 -> 0.00091798848
B37: Rape seed cake | C37: Protein feed | D37: ='Off-farm feed'!$D$75 -> France, Germany, Poland | E37: AT | F37: ='Off-farm feed'!$E$75 -> 0.00038246444 | G37: ='Off-farm feed'!$F$75 -> 0.00016847748 | H37: ='Off-farm feed'!$G$75 -> 4.5862069e-05 | I37: ='Off-farm feed'!$H$75 -> 0 | J37: ='Off-farm feed'!$I$75 -> 0 | K37: ='Off-farm feed'!$J$75 -> 1.0936279e-05 | L37: ='Off-farm feed'!$K$75 -> 0 | M37: ='Off-farm feed'!$L$75 -> 6.4606961e-07 | N37: ='Off-farm feed'!$M$75 -> 2.1884762e-05 | O37: ='Off-farm feed'!$N$75 -> 0 | P37: ='Off-farm feed'!$O$75 -> 4.5962128e-05 | Q37: ='Off-farm feed'!$P$75 -> 8.8695652e-05 | R37: ='Parameters, country spec'!D26 -> 0.094499577
B38: Soy bean meal | C38: Protein feed | D38: ='Off-farm feed'!$D$24 -> Brazil, Argentina | F38: ='Off-farm feed'!$E$24 -> 0.00047266554 | G38: ='Off-farm feed'!$F$24 -> 1.5603516e-05 | H38: ='Off-farm feed'!$G$24 -> 7.5304878e-05 | I38: ='Off-farm feed'!$H$24 -> 0 | J38: ='Off-farm feed'!$I$24 -> 0 | K38: ='Off-farm feed'!$J$24 -> 1.9084591e-05 | L38: ='Off-farm feed'!$K$24 -> 0 | M38: ='Off-farm feed'!$L$24 -> 5.9672097e-07 | N38: ='Off-farm feed'!$M$24 -> 2.3084272e-05 | O38: ='Off-farm feed'!$N$24 -> 0 | P38: ='Off-farm feed'!$O$24 -> 0.00012899156 | Q38: ='Off-farm feed'!$P$24 -> 0.00021 | R38: ='Parameters, country spec'!D27 -> 0.090801007
B39: By-products | C39: By-product | D39: Germany | E39: DE | R39: ='Parameters, country spec'!D28 -> 0.018113105
B40: Other, feed | C40: Feed, other | D40: Germany | E40: DE | F40: =SUM(G40:Q40) -> 0.00024001263 | G40: =AVERAGE(G30:G38) -> 0.00010128678 | H40: =AVERAGE(H30:H38) -> 9.1240772e-05 | I40: =AVERAGE(I30:I38) -> 0 | J40: =AVERAGE(J30:J38) -> 0 | K40: =AVERAGE(K30:K38) -> 1.5714541e-05 | L40: =AVERAGE(L30:L38) -> 0 | M40: =AVERAGE(M30:M38) -> 3.2073101e-06 | N40: =AVERAGE(N30:N38) -> 2.8563226e-05 | R40: ='Parameters, country spec'!D29 -> 0.025284397
B41: Total for the feed mix: | F41: =SUMPRODUCT(F30:F40,$R$30:$R$40) -> 0.00031868181 | G41: =SUMPRODUCT(G30:G40,$R$30:$R$40) -> 0.00014327104 | H41: =SUMPRODUCT(H30:H40,$R$30:$R$40) -> 9.0608864e-05 | I41: =SUMPRODUCT(I30:I40,$R$30:$R$40) -> 0 | J41: =SUMPRODUCT(J30:J40,$R$30:$R$40) -> 0 | K41: =SUMPRODUCT(K30:K40,$R$30:$R$40) -> 1.170836e-05 | L41: =SUMPRODUCT(L30:L40,$R$30:$R$40) -> 0 | M41: =SUMPRODUCT(M30:M40,$R$30:$R$40) -> 1.3308323e-06 | ... O41: =SUMPRODUCT(O30:O40,$R$30:$R$40) -> 0 | P41: =SUMPRODUCT(P30:P40,R30:R40) -> 1.6055965e-05 | Q41: =SUMPRODUCT(Q30:Q40,$R$30:$R$40) -> 2.7449913e-05
A42: 0115 | B42: Barley, average | C42: Cereals, incl feed | D42: Greece | E42: GR | F42: =SUM(G42:Q42) -> 0.00031946 | G42: 0.00015 | H42: 0.0001 | K42: 2.92e-05 | M42: 2.26e-06 | N42: 3.8e-05 | R42: ='Parameters, country spec'!E19 -> 0.12227505
A43: 0112 | B43: Maize (corn) | C43: Cereals, incl feed | D43: Greece | E43: GR | F43: =SUM(G43:Q43) -> 0.00034726 | G43: 0.00015 | H43: 0.0001 | K43: 7.56e-06 | M43: 5.17e-05 | N43: 3.8e-05 | R43: ='Parameters, country spec'!E20 -> 0.36571384
A44: 0117 | B44: Oats | C44: Cereals, incl feed | D44: Greece | E44: GR | F44: =SUM(G44:Q44) -> 0.0003719 | G44: 0.00013 | H44: 0.0001 | K44: 6.15e-05 | M44: 4.24e-05 | N44: 3.8e-05 | R44: ='Parameters, country spec'!E21 -> 0.033230482
A45: 0116 | B45: Rye | C45: Cereals, incl feed | D45: Greece | E45: GR | F45: =SUM(G45:Q45) -> 0.000298251 | G45: 0.00012 | H45: 0.0001 | K45: 4e-05 | M45: 2.51e-07 | N45: 3.8e-05 | R45: ='Parameters, country spec'!E22 -> 0.0073294725
A46: 0111 | B46: Wheat, average | C46: Cereals, incl feed | D46: Greece | E46: GR | F46: =SUM(G46:Q46) -> 0.00034382 | G46: 0.00017 | H46: 0.0001 | K46: 2.93e-05 | M46: 6.52e-06 | N46: 3.8e-05 | R46: ='Parameters, country spec'!E23 -> 0.0052561606
A47: 01705 | B47: Peas, dry | C47: Pulses, incl feed | D47: Greece | E47: GR | F47: =SUM(G47:Q47) -> 0.0001945 | G47: 0 | H47: 0.0001 | K47: 4.62e-05 | M47: 1.03e-05 | N47: 3.8e-05 | R47: ='Parameters, country spec'!E24 -> 0.0010533674
A48: 01702 | B48: Broad beans and horse beans, dry | C48: Pulses, incl feed | D48: Greece | E48: GR | F48: =SUM(G48:Q48) -> 0.0002496 | G48: 7.5e-06 | H48: 0.0001 | K48: 2.86e-05 | M48: 7.55e-05 | N48: 3.8e-05 | R48: ='Parameters, country spec'!E25 -> 0.0010347539
B49: Rape seed cake | C49: Protein feed | D49: ='Off-farm feed'!$D$75 -> France, Germany, Poland | E49: AT | F49: ='Off-farm feed'!$E$75 -> 0.00038246444 | G49: ='Off-farm feed'!$F$75 -> 0.00016847748 | H49: ='Off-farm feed'!$G$75 -> 4.5862069e-05 | I49: ='Off-farm feed'!$H$75 -> 0 | J49: ='Off-farm feed'!$I$75 -> 0 | K49: ='Off-farm feed'!$J$75 -> 1.0936279e-05 | L49: ='Off-farm feed'!$K$75 -> 0 | M49: ='Off-farm feed'!$L$75 -> 6.4606961e-07 | N49: ='Off-farm feed'!$M$75 -> 2.1884762e-05 | O49: ='Off-farm feed'!$N$75 -> 0 | P49: ='Off-farm feed'!$O$75 -> 4.5962128e-05 | Q49: ='Off-farm feed'!$P$75 -> 8.8695652e-05 | R49: ='Parameters, country spec'!E26 -> 0.0011495503
B50: Soy bean meal | C50: Protein feed | D50: ='Off-farm feed'!$D$24 -> Brazil, Argentina | F50: ='Off-farm feed'!$E$24 -> 0.00047266554 | G50: ='Off-farm feed'!$F$24 -> 1.5603516e-05 | H50: ='Off-farm feed'!$G$24 -> 7.5304878e-05 | I50: ='Off-farm feed'!$H$24 -> 0 | J50: ='Off-farm feed'!$I$24 -> 0 | K50: ='Off-farm feed'!$J$24 -> 1.9084591e-05 | L50: ='Off-farm feed'!$K$24 -> 0 | M50: ='Off-farm feed'!$L$24 -> 5.9672097e-07 | N50: ='Off-farm feed'!$M$24 -> 2.3084272e-05 | O50: ='Off-farm feed'!$N$24 -> 0 | P50: ='Off-farm feed'!$O$24 -> 0.00012899156 | Q50: ='Off-farm feed'!$P$24 -> 0.00021 | R50: ='Parameters, country spec'!E27 -> 0.20255816
B51: By-products | C51: By-product | D51: Greece | E51: GR | R51: ='Parameters, country spec'!E28 -> 0.12768205
B52: Other, feed | C52: Feed, other | D52: Greece | E52: GR | F52: =SUM(G52:Q52) -> 0.00042782245 | G52: =AVERAGE(G42:G50) -> 0.00010128678 | H52: =AVERAGE(H42:H50) -> 9.1240772e-05 | I52: =AVERAGE(I42:I50) -> 0 | J52: =AVERAGE(J42:J50) -> 0 | K52: =AVERAGE(K42:K50) -> 3.0264541e-05 | L52: =AVERAGE(L42:L50) -> 0 | M52: =AVERAGE(M42:M50) -> 2.1130421e-05 | N52: =AVERAGE(N42:N50) -> 3.4552115e-05 | O52: =AVERAGE(O42:O50) -> 0 | Q52: =AVERAGE(Q42:Q50) -> 0.00014934783 | R52: ='Parameters, country spec'!E29 -> 0.13271712
B53: Total for the feed mix: | F53: =SUMPRODUCT(F42:F52,$R$42:$R$52) -> 0.00033583583 | G53: =SUMPRODUCT(G42:G52,$R$42:$R$52) -> 9.6095922e-05 | H53: =SUMPRODUCT(H42:H52,$R$42:$R$52) -> 8.1004863e-05 | I53: =SUMPRODUCT(I42:I52,$R$42:$R$52) -> 0 | J53: =SUMPRODUCT(J42:J52,$R$42:$R$52) -> 0 | K53: =SUMPRODUCT(K42:K52,$R$42:$R$52) -> 1.6799281e-05 | L53: =SUMPRODUCT(L42:L52,$R$42:$R$52) -> 0 | M53: =SUMPRODUCT(M42:M52,$R$42:$R$52) -> 2.3643785e-05 | ... O53: =SUMPRODUCT(O42:O52,$R$42:$R$52) -> 0 | P53: =SUMPRODUCT(P42:P52,R42:R52) -> 2.6181128e-05 | Q53: =SUMPRODUCT(Q42:Q52,$R$42:$R$52) -> 6.2460186e-05
A54: 0115 | B54: Barley, average | C54: Cereals, incl feed | D54: Hungary | E54: HU | F54: =SUM(G54:Q54) -> 0.000299851 | G54: 0.00015 | H54: 0.0001 | K54: 1.5e-05 | M54: 2.51e-07 | N54: 3.46e-05 | R54: ='Parameters, country spec'!F19 -> 0.087418006
A55: 0112 | B55: Maize (corn) | C55: Cereals, incl feed | D55: Hungary | E55: HU | F55: =SUM(G55:Q55) -> 0.000295902 | G55: 0.00015 | H55: 0.0001 | K55: 1.08e-05 | M55: 5.02e-07 | N55: 3.46e-05 | R55: ='Parameters, country spec'!F20 -> 0.51851225
A56: 0117 | B56: Oats | C56: Cereals, incl feed | D56: Hungary | E56: HU | F56: =SUM(G56:Q56) -> 0.00029496 | G56: 0.00013 | H56: 0.0001 | K56: 2.81e-05 | M56: 2.26e-06 | N56: 3.46e-05 | R56: ='Parameters, country spec'!F21 -> 0.04682169
A57: 0116 | B57: Rye | C57: Cereals, incl feed | D57: Hungary | E57: HU | F57: =SUM(G57:Q57) -> 0.000279 | G57: 0.00012 | H57: 0.0001 | K57: 2.44e-05 | M57: 0 | N57: 3.46e-05 | R57: ='Parameters, country spec'!F22 -> 0.018197974
A58: 0111 | B58: Wheat, average | C58: Cereals, incl feed | D58: Hungary | E58: HU | F58: =SUM(G58:Q58) -> 0.000320502 | G58: 0.00017 | H58: 0.0001 | K58: 1.54e-05 | M58: 5.02e-07 | N58: 3.46e-05 | R58: ='Parameters, country spec'!F23 -> 0.0818665
A59: 01705 | B59: Peas, dry | C59: Pulses, incl feed | D59: Hungary | E59: HU | F59: =SUM(G59:Q59) -> 0.0001847 | G59: 0 | H59: 0.0001 | K59: 3.15e-05 | M59: 1.86e-05 | N59: 3.46e-05 | R59: ='Parameters, country spec'!F24 -> 0.0011994594
A60: 01702 | B60: Broad beans and horse beans, dry | C60: Pulses, incl feed | D60: Hungary | E60: HU | F60: =SUM(G60:Q60) -> 0.0002088 | G60: 7.5e-06 | H60: 0.0001 | K60: 3.93e-05 | M60: 2.74e-05 | N60: 3.46e-05 | R60: ='Parameters, country spec'!F25 -> 0.0011782644
B61: Rape seed cake | C61: Protein feed | D61: ='Off-farm feed'!$D$75 -> France, Germany, Poland | E61: AT | F61: ='Off-farm feed'!$E$75 -> 0.00038246444 | G61: ='Off-farm feed'!$F$75 -> 0.00016847748 | H61: ='Off-farm feed'!$G$75 -> 4.5862069e-05 | I61: ='Off-farm feed'!$H$75 -> 0 | J61: ='Off-farm feed'!$I$75 -> 0 | K61: ='Off-farm feed'!$J$75 -> 1.0936279e-05 | L61: ='Off-farm feed'!$K$75 -> 0 | M61: ='Off-farm feed'!$L$75 -> 6.4606961e-07 | N61: ='Off-farm feed'!$M$75 -> 2.1884762e-05 | O61: ='Off-farm feed'!$N$75 -> 0 | P61: ='Off-farm feed'!$O$75 -> 4.5962128e-05 | Q61: ='Off-farm feed'!$P$75 -> 8.8695652e-05 | R61: ='Parameters, country spec'!F26 -> 0.00051767642
B62: Soy bean meal | C62: Protein feed | D62: ='Off-farm feed'!$D$24 -> Brazil, Argentina | F62: ='Off-farm feed'!$E$24 -> 0.00047266554 | G62: ='Off-farm feed'!$F$24 -> 1.5603516e-05 | H62: ='Off-farm feed'!$G$24 -> 7.5304878e-05 | I62: ='Off-farm feed'!$H$24 -> 0 | J62: ='Off-farm feed'!$I$24 -> 0 | K62: ='Off-farm feed'!$J$24 -> 1.9084591e-05 | L62: ='Off-farm feed'!$K$24 -> 0 | M62: ='Off-farm feed'!$L$24 -> 5.9672097e-07 | N62: ='Off-farm feed'!$M$24 -> 2.3084272e-05 | O62: ='Off-farm feed'!$N$24 -> 0 | P62: ='Off-farm feed'!$O$24 -> 0.00012899156 | Q62: ='Off-farm feed'!$P$24 -> 0.00021 | R62: ='Parameters, country spec'!F27 -> 0.098710786
B63: By-products | C63: By-product | D63: Hungary | E63: HU | R63: ='Parameters, country spec'!F28 -> 0.077842176
B64: Other, feed | C64: Feed, other | D64: Hungary | E64: HU | F64: =SUM(G64:Q64) -> 0.0002516884 | G64: =AVERAGE(G54:G62) -> 0.00010128678 | H64: =AVERAGE(H54:H62) -> 9.1240772e-05 | I64: =AVERAGE(I54:I62) -> 0 | J64: =AVERAGE(J54:J62) -> 0 | K64: =AVERAGE(K54:K62) -> 2.161343e-05 | L64: =AVERAGE(L54:L62) -> 0 | M64: =AVERAGE(M54:M62) -> 5.6397545e-06 | N64: =AVERAGE(N54:N62) -> 3.190767e-05 | R64: ='Parameters, country spec'!F29 -> 0.067735219
B65: Total for the feed mix: | F65: =SUMPRODUCT(F54:F64,$R$54:$R$64) -> 0.00028913824 | G65: =SUMPRODUCT(G54:G64,$R$54:$R$64) -> 0.00012157439 | H65: =SUMPRODUCT(H54:H64,$R$54:$R$64) -> 8.9156773e-05 | I65: =SUMPRODUCT(I54:I64,$R$54:$R$64) -> 0 | J65: =SUMPRODUCT(J54:J64,$R$54:$R$64) -> 0 | K65: =SUMPRODUCT(K54:K64,$R$54:$R$64) -> 1.3369262e-05 | L65: =SUMPRODUCT(L54:L64,$R$54:$R$64) -> 0 | M65: =SUMPRODUCT(M54:M64,$R$54:$R$64) -> 9.2499072e-07 | ... O65: =SUMPRODUCT(O54:O64,$R$54:$R$64) -> 0 | P65: =SUMPRODUCT(P54:P64,R54:R64) -> 1.2756652e-05 | Q65: =SUMPRODUCT(Q54:Q64,$R$54:$R$64) -> 2.0775181e-05
A66: 0115 | B66: Barley, average | C66: Cereals, incl feed | D66: Ireland | E66: IE | F66: =SUM(G66:Q66) -> 0.000282653 | G66: 0.00015 | H66: 0.0001 | K66: 1.09e-05 | M66: 7.53e-07 | N66: 2.1e-05 | R66: ='Parameters, country spec'!G19 -> 0.30763475
A67: 0112 | B67: Maize (corn) | C67: Cereals, incl feed | D67: Ireland | E67: IE | F67: =SUM(G67:Q67) -> 0 | R67: ='Parameters, country spec'!G20 -> 0.08479014
A68: 0117 | B68: Oats | C68: Cereals, incl feed | D68: Ireland | E68: IE | F68: =SUM(G68:Q68) -> 0.0002616 | G68: 0.00013 | H68: 0.0001 | K68: 1.06e-05 | M68: 0 | N68: 2.1e-05 | R68: ='Parameters, country spec'!G21 -> 0.017732066
A69: 0116 | B69: Rye | C69: Cereals, incl feed | D69: Ireland | E69: IE | F69: =SUM(G69:Q69) -> 0.000266153 | G69: 0.00012 | H69: 0.0001 | K69: 2.44e-05 | M69: 7.53e-07 | N69: 2.1e-05 | R69: ='Parameters, country spec'!G22 -> 0
A70: 0111 | B70: Wheat, average | C70: Cereals, incl feed | D70: Ireland | E70: IE | F70: =SUM(G70:Q70) -> 0.000300431 | G70: 0.00017 | H70: 0.0001 | K70: 9.18e-06 | M70: 2.51e-07 | N70: 2.1e-05 | R70: ='Parameters, country spec'!G23 -> 0.13212925
A71: 01705 | B71: Peas, dry | C71: Pulses, incl feed | D71: Ireland | E71: IE | F71: =SUM(G71:Q71) -> 0.00014256 | G71: 0 | H71: 0.0001 | K71: 1.98e-05 | M71: 1.76e-06 | N71: 2.1e-05 | R71: ='Parameters, country spec'!G24 -> 0.0013715569
A72: 01702 | B72: Broad beans and horse beans, dry | C72: Pulses, incl feed | D72: Ireland | E72: IE | F72: =SUM(G72:Q72) -> 0.0001441 | G72: 7.5e-06 | H72: 0.0001 | K72: 1.56e-05 | M72: 0 | N72: 2.1e-05 | R72: ='Parameters, country spec'!G25 -> 0.0013473208
B73: Rape seed cake | C73: Protein feed | D73: ='Off-farm feed'!$D$75 -> France, Germany, Poland | E73: AT | F73: ='Off-farm feed'!$E$75 -> 0.00038246444 | G73: ='Off-farm feed'!$F$75 -> 0.00016847748 | H73: ='Off-farm feed'!$G$75 -> 4.5862069e-05 | I73: ='Off-farm feed'!$H$75 -> 0 | J73: ='Off-farm feed'!$I$75 -> 0 | K73: ='Off-farm feed'!$J$75 -> 1.0936279e-05 | L73: ='Off-farm feed'!$K$75 -> 0 | M73: ='Off-farm feed'!$L$75 -> 6.4606961e-07 | N73: ='Off-farm feed'!$M$75 -> 2.1884762e-05 | O73: ='Off-farm feed'!$N$75 -> 0 | P73: ='Off-farm feed'!$O$75 -> 4.5962128e-05 | Q73: ='Off-farm feed'!$P$75 -> 8.8695652e-05 | R73: ='Parameters, country spec'!G26 -> 0.07343014
B74: Soy bean meal | C74: Protein feed | D74: ='Off-farm feed'!$D$24 -> Brazil, Argentina | F74: ='Off-farm feed'!$E$24 -> 0.00047266554 | G74: ='Off-farm feed'!$F$24 -> 1.5603516e-05 | H74: ='Off-farm feed'!$G$24 -> 7.5304878e-05 | I74: ='Off-farm feed'!$H$24 -> 0 | J74: ='Off-farm feed'!$I$24 -> 0 | K74: ='Off-farm feed'!$J$24 -> 1.9084591e-05 | L74: ='Off-farm feed'!$K$24 -> 0 | M74: ='Off-farm feed'!$L$24 -> 5.9672097e-07 | N74: ='Off-farm feed'!$M$24 -> 2.3084272e-05 | O74: ='Off-farm feed'!$N$24 -> 0 | P74: ='Off-farm feed'!$O$24 -> 0.00012899156 | Q74: ='Off-farm feed'!$P$24 -> 0.00021 | R74: ='Parameters, country spec'!G27 -> 0.13973104
B75: By-products | C75: By-product | D75: Ireland | E75: IE | R75: ='Parameters, country spec'!G28 -> 0.13800716
B76: Other, feed | C76: Feed, other | D76: Ireland | E76: IE | F76: =SUM(G76:Q76) -> 0.0002223722 | G76: =AVERAGE(G66:G74) -> 9.5197624e-05 | H76: =AVERAGE(H66:H74) -> 9.0145868e-05 | I76: =AVERAGE(I66:I74) -> 0 | J76: =AVERAGE(J66:J74) -> 0 | K76: =AVERAGE(K66:K74) -> 1.5062609e-05 | L76: =AVERAGE(L66:L74) -> 0 | M76: =AVERAGE(M66:M74) -> 5.9497382e-07 | N76: =AVERAGE(N66:N74) -> 2.1371129e-05 | R76: ='Parameters, country spec'!G29 -> 0.10382657
B77: Total for the feed mix: | F77: =SUMPRODUCT(F66:F76,$R$66:$R$76) -> 0.0002488966 | G77: =SUMPRODUCT(G66:G76,$R$66:$R$76) -> 9.5358122e-05 | H77: =SUMPRODUCT(H66:H76,$R$66:$R$76) -> 6.9271118e-05 | I77: =SUMPRODUCT(I66:I76,$R$66:$R$76) -> 0 | J77: =SUMPRODUCT(J66:J76,$R$66:$R$76) -> 0 | K77: =SUMPRODUCT(K66:K76,$R$66:$R$76) -> 9.8359615e-06 | L77: =SUMPRODUCT(L66:L76,$R$66:$R$76) -> 0 | M77: =SUMPRODUCT(M66:M76,$R$66:$R$76) -> 4.5982287e-07 | ... O77: =SUMPRODUCT(O66:O76,$R$66:$R$76) -> 0 | P77: =SUMPRODUCT(P66:P76,R66:R76) -> 2.139913e-05 | Q77: =SUMPRODUCT(Q66:Q76,$R$66:$R$76) -> 3.5856452e-05
A78: 0115 | B78: Barley, average | C78: Cereals, incl feed | D78: Italy | E78: IT | F78: =SUM(G78:Q78) -> 0.000316153 | G78: 0.00015 | H78: 0.0001 | K78: 2e-05 | M78: 7.53e-07 | N78: 4.54e-05 | R78: ='Parameters, country spec'!H19 -> 0.069755358
A79: 0112 | B79: Maize (corn) | C79: Cereals, incl feed | D79: Italy | E79: IT | F79: =SUM(G79:Q79) -> 0.00032844 | G79: 0.00015 | H79: 0.0001 | K79: 7.94e-06 | M79: 2.51e-05 | N79: 4.54e-05 | R79: ='Parameters, country spec'!H20 -> 0.45612129
A80: 0117 | B80: Oats | C80: Cereals, incl feed | D80: Italy | E80: IT | F80: =SUM(G80:Q80) -> 0.0003383 | G80: 0.00013 | H80: 0.0001 | K80: 3.5e-05 | M80: 2.79e-05 | N80: 4.54e-05 | R80: ='Parameters, country spec'!H21 -> 0.014486342
A81: 0116 | B81: Rye | C81: Cereals, incl feed | D81: Italy | E81: IT | F81: =SUM(G81:Q81) -> 0.0002917 | G81: 0.00012 | H81: 0.0001 | K81: 2.53e-05 | M81: 1e-06 | N81: 4.54e-05 | R81: ='Parameters, country spec'!H22 -> 0.0011542188
A82: 0111 | B82: Wheat, average | C82: Cereals, incl feed | D82: Italy | E82: IT | F82: =SUM(G82:Q82) -> 0.00034172 | G82: 0.00017 | H82: 0.0001 | K82: 2.13e-05 | M82: 5.02e-06 | N82: 4.54e-05 | R82: ='Parameters, country spec'!H23 -> 0.066073028
A83: 01705 | B83: Peas, dry | C83: Pulses, incl feed | D83: Italy | E83: IT | F83: =SUM(G83:Q83) -> 0.00017426 | G83: 0 | H83: 0.0001 | K83: 2.56e-05 | M83: 3.26e-06 | N83: 4.54e-05 | R83: ='Parameters, country spec'!H24 -> 0.0028132125
A84: 01702 | B84: Broad beans and horse beans, dry | C84: Pulses, incl feed | D84: Italy | E84: IT | F84: =SUM(G84:Q84) -> 0.0001922 | G84: 7.5e-06 | H84: 0.0001 | K84: 3.83e-05 | M84: 1e-06 | N84: 4.54e-05 | R84: ='Parameters, country spec'!H25 -> 0.0027635018
