Workbook
Name Ability_to_perceive_handling: 'Parameters, general'!$B$19
Name BGBE: 'Parameters, country spec'!#REF!
Name Boars_per_sow: 'Parameters, country spec'!$L$17
Name Bonefree_outof_CW_AT: 'Parameters, country spec'!#REF!
Name Bonefree_outof_CW_BE: 'Parameters, country spec'!#REF!
Name Bonefree_outof_CW_BG: 'Parameters, country spec'!#REF!
Name Bonefree_outof_CW_BR: 'Parameters, country spec'!#REF!
Name Bonefree_outof_CW_CY: 'Parameters, country spec'!#REF!
Name Bonefree_outof_CW_CZ: 'Parameters, country spec'!#REF!
Name Bonefree_outof_CW_DE: 'Parameters, country spec'!$D$8
Name Bonefree_outof_CW_DK: 'Parameters, country spec'!$B$8
Name Bonefree_outof_CW_EE: 'Parameters, country spec'!#REF!
Name Bonefree_outof_CW_ES: 'Parameters, country spec'!$K$8
Name Bonefree_outof_CW_FI: 'Parameters, country spec'!#REF!
Name Bonefree_outof_CW_FR: 'Parameters, country spec'!$C$8
Name Bonefree_outof_CW_GB: 'Parameters, country spec'!#REF!
Name Bonefree_outof_CW_GR: 'Parameters, country spec'!$E$8
Name Bonefree_outof_CW_HR: 'Parameters, country spec'!#REF!
Name Bonefree_outof_CW_HU: 'Parameters, country spec'!$F$8
Name Bonefree_outof_CW_IE: 'Parameters, country spec'!$G$8
Name Bonefree_outof_CW_IT: 'Parameters, country spec'!$H$8
Name Bonefree_outof_CW_LT: 'Parameters, country spec'!#REF!
Name Bonefree_outof_CW_LV: 'Parameters, country spec'!#REF!
Name Bonefree_outof_CW_MT: 'Parameters, country spec'!#REF!
Name Bonefree_outof_CW_NL: 'Parameters, country spec'!$I$8
Name Bonefree_outof_CW_PL: 'Parameters, country spec'!$J$8
Name Bonefree_outof_CW_PT: 'Parameters, country spec'!#REF!
Name Bonefree_outof_CW_RO: 'Parameters, country spec'!#REF!
Name Bonefree_outof_CW_SE: 'Parameters, country spec'!$L$8
Name Bonefree_outof_CW_SI: 'Parameters, country spec'!#REF!
Name Bonefree_outof_CW_SK: 'Parameters, country spec'!#REF!
Name Bonefree_outof_CW_TH: 'Parameters, country spec'!#REF!
Name Bonefree_outof_CW_US: 'Parameters, country spec'!#REF!
Name CF_GWP_CH4_fossil: 'Parameters, general'!$B$14
Name CF_GWP_N2O: 'Parameters, general'!$B$15
Name CY: 'Parameters, country spec'!#REF!
Name EF_ammonia_AT: Manure!#REF!
Name EF_ammonia_AT: #REF!
Name EF_ammonia_BE: Manure!#REF!
Name EF_ammonia_BE: #REF!
Name EF_ammonia_BG: Manure!#REF!
Name EF_ammonia_BG: #REF!
Name EF_ammonia_BR: Manure!#REF!
Name EF_ammonia_BR: #REF!
Name EF_ammonia_CY: Manure!#REF!
Name EF_ammonia_CY: #REF!
Name EF_ammonia_CZ: Manure!#REF!
Name EF_ammonia_CZ: #REF!
Name EF_ammonia_DE: Manure!#REF!
Name EF_ammonia_DE: #REF!
Name EF_ammonia_DK: Manure!#REF!
Name EF_ammonia_DK: #REF!
Name EF_ammonia_EE: Manure!#REF!
Name EF_ammonia_EE: #REF!
Name EF_ammonia_ES: Manure!#REF!
Name EF_ammonia_ES: #REF!
Name EF_ammonia_FI: Manure!#REF!
Name EF_ammonia_FI: #REF!
Name EF_ammonia_FR: Manure!#REF!
Name EF_ammonia_FR: #REF!

Sheet README
A2: Read me
A4: This is a file that contains…
A7: Assumptions:
A8: - All parent animals are also eaten
A9: - Impacts are allocated equally across flesh and offals
A17: Color codes:
B19: Results
B20: Sheets for input
B21: Intermediate calculations
A26: Att göra:
A27: Fyll i olika gödselsystem från NIR-rapporterna
A28: Lägg in landspecifika foderstater
A29: Energianvändning slakt

Sheet Footprints, results per kg
A2: Footprints (per kg of bonefree meat) | D2: Data from https://www.diva-portal.org/smash/get/diva2:1718732/FULLTEXT01.pdf so not calculated here | M2: * Adjusted for manure
A5: Animal products | F5: Climate | L5: Land | M5: Nitrogen* | N5: Phosphorus | O5: Water | P5: Pesticides | Q5: Biodiversity | R5: Ammonia | S5: Labour | T5: Animal welfare | U5: Use of antibiotics
A6: Code | B6: Name | C6: Category | D6: Country | E6: Country code | F6: Carbon footprint, kg CO2e/kg | G6: Carbon dioxide, kg CO2/kg | H6: Methane, fossil, kg CH4/kg | I6: Methane, biogenic, kg CH4/kg | J6: Nitrous oxide, kg N2O/kg | K6: HFCs, kg HFCs/kg | L6: Cropland use, m2/kg | M6: New N input, kg N/kg | N6: New P input, kg P/kg | O6: Blue freshwater use, m3/kg | P6: Pesticide use, g a.i./kg | Q6: Extinction rate, E/MSY/kg | R6: Ammonia emission, kg NH3/kg | S6: Labour requirements, h/kg | T6: Animal welfare index per kg of bonefree meat
A7: 21115 | B7: Sheep meat | C7: Red meat | D7: France | E7: FR | F7: 34.395484 | G7: 3.6400991 | I7: 0.68500477 | J7: 0.025051082 | L7: =25.2782591151659/0.7 -> 36.111799 | M7: =0.731629558788247/0.7 -> 1.0451851 | N7: =0.0184851691675996/0.7 -> 0.026407385 | O7: 0.322 | P7: =0.00117435421640243/0.7 -> 0.0016776489 | Q7: =1.03063593462921E-08/0.7 -> 1.472337e-08 | R7: =0.116777886949226/0.7 -> 0.16682555 | S7: ='Parameters, country spec'!$C$83/Production!$C$35 -> 0.044138136 | T7: 0.026 | U7: 38.1
A8: 21115 | B8: Sheep meat | C8: Red meat | D8: Germany | E8: DE | F8: 34.395484 | G8: 3.6400991 | I8: 0.68500477 | J8: 0.025051082 | L8: =25.2782591151659/0.7 -> 36.111799 | M8: =0.731629558788247/0.7 -> 1.0451851 | N8: =0.0184851691675996/0.7 -> 0.026407385 | O8: 0.161 | P8: =0.00117435421640243/0.7 -> 0.0016776489 | Q8: =1.95138714626237E-09/0.7 -> 2.7876959e-09 | R8: =0.116777886949226/0.7 -> 0.16682555 | S8: ='Parameters, country spec'!$D$83/Production!$D$35 -> 0.04983338 | T8: 0.018 | U8: 50.4
A9: 21115 | B9: Sheep meat | C9: Red meat | D9: Greece | E9: GR | F9: 34.395484 | G9: 3.6400991 | I9: 0.68500477 | J9: 0.025051082 | L9: =25.2782591151659/0.7 -> 36.111799 | M9: =0.731629558788247/0.7 -> 1.0451851 | N9: =0.0184851691675996/0.7 -> 0.026407385 | O9: 1.19 | P9: =0.00117435421640243/0.7 -> 0.0016776489 | Q9: =4.72214019813801E-08/0.7 -> 6.7459146e-08 | R9: =0.116777886949226/0.7 -> 0.16682555 | S9: ='Parameters, country spec'!$E$83/Production!$E$35 -> 0.03274765 | T9: 0.026 | U9: 111.7
A10: 21115 | B10: Sheep meat | C10: Red meat | D10: Hungary | E10: HU | F10: 34.395484 | G10: 3.6400991 | I10: 0.68500477 | J10: 0.025051082 | L10: =25.2782591151659/0.7 -> 36.111799 | M10: =0.731629558788247/0.7 -> 1.0451851 | N10: =0.0184851691675996/0.7 -> 0.026407385 | O10: 0.219 | P10: =0.00117435421640243/0.7 -> 0.0016776489 | Q10: =2.08599117042857E-09/0.7 -> 2.9799874e-09 | R10: =0.116777886949226/0.7 -> 0.16682555 | S10: ='Parameters, country spec'!$F$83/Production!$F$35 -> 0.14309299 | T10: 0.026 | U10: 102.5
A11: 21115 | B11: Sheep meat | C11: Red meat | D11: Ireland | E11: IE | F11: 34.395484 | G11: 3.6400991 | I11: 0.68500477 | J11: 0.025051082 | L11: =25.2782591151659/0.7 -> 36.111799 | M11: =0.731629558788247/0.7 -> 1.0451851 | N11: =0.0184851691675996/0.7 -> 0.026407385 | O11: 0.241 | P11: =0.00117435421640243/0.7 -> 0.0016776489 | Q11: =2.01045385112878E-09/0.7 -> 2.8720769e-09 | R11: =0.116777886949226/0.7 -> 0.16682555 | S11: ='Parameters, country spec'!$G$83/Production!$G$35 -> 0.095395327 | T11: 0.026 | U11: 40.6
A12: 21115 | B12: Sheep meat | C12: Red meat | D12: Italy | E12: IT | F12: 34.395484 | G12: 3.6400991 | I12: 0.68500477 | J12: 0.025051082 | L12: =25.2782591151659/0.7 -> 36.111799 | M12: =0.731629558788247/0.7 -> 1.0451851 | N12: =0.0184851691675996/0.7 -> 0.026407385 | O12: 0.512 | P12: =0.00117435421640243/0.7 -> 0.0016776489 | Q12: =3.38805721381219E-08/0.7 -> 4.8400817e-08 | R12: =0.116777886949226/0.7 -> 0.16682555 | S12: ='Parameters, country spec'!$H$83/Production!$H$35 -> 0.046273853 | T12: 0.026 | U12: 129.1
A13: 21115 | B13: Sheep meat | C13: Red meat | D13: New Zealand | E13: NZ | F13: 34.395484 | G13: 3.6400991 | I13: 0.68500477 | J13: 0.025051082 | L13: =25.2782591151659/0.7 -> 36.111799 | M13: =0.731629558788247/0.7 -> 1.0451851 | N13: =0.0184851691675996/0.7 -> 0.026407385 | O13: 0.423 | P13: =0.00117435421640243/0.7 -> 0.0016776489 | Q13: =1.73745552407811E-09/0.7 -> 2.4820793e-09 | R13: =0.116777886949226/0.7 -> 0.16682555 | S13: ='Parameters, country spec'!$I$83/Production!$I$35 -> 0.059800056 | T13: 0.018 | U13: 32.1
A14: 21115 | B14: Sheep meat | C14: Red meat | D14: Poland | E14: PL | F14: 34.395484 | G14: 3.6400991 | I14: 0.68500477 | J14: 0.025051082 | L14: =25.2782591151659/0.7 -> 36.111799 | M14: =0.731629558788247/0.7 -> 1.0451851 | N14: =0.0184851691675996/0.7 -> 0.026407385 | O14: 0.4 | P14: =0.00117435421640243/0.7 -> 0.0016776489 | Q14: =2.28129287616524E-09/0.7 -> 3.2589898e-09 | R14: =0.116777886949226/0.7 -> 0.16682555 | S14: ='Parameters, country spec'!$J$83/Production!$J$35 -> 0.15092395 | T14: 0.026 | U14: 134.7
A15: 21115 | B15: Sheep meat | C15: Red meat | D15: Spain | E15: ES | F15: 34.395484 | G15: 3.6400991 | I15: 0.68500477 | J15: 0.025051082 | L15: =25.2782591151659/0.7 -> 36.111799 | M15: =0.731629558788247/0.7 -> 1.0451851 | N15: =0.0184851691675996/0.7 -> 0.026407385 | O15: 0.949 | P15: =0.00117435421640243/0.7 -> 0.0016776489 | Q15: =5.55001978047497E-08/0.7 -> 7.9285997e-08 | R15: =0.116777886949226/0.7 -> 0.16682555 | S15: ='Parameters, country spec'!$K$83/Production!$K$35 -> 0.014238109 | T15: 0.026 | U15: 95.7
A16: 21115 | B16: Sheep meat | C16: Red meat | D16: Sweden | E16: SE | F16: 34.395484 | G16: 3.6400991 | I16: 0.68500477 | J16: 0.025051082 | L16: =25.2782591151659/0.7 -> 36.111799 | M16: =0.731629558788247/0.7 -> 1.0451851 | N16: =0.0184851691675996/0.7 -> 0.026407385 | O16: 0.172 | P16: =0.00117435421640243/0.7 -> 0.0016776489 | Q16: =1.24339395138407E-09/0.7 -> 1.7762771e-09 | R16: =0.116777886949226/0.7 -> 0.16682555 | S16: ='Parameters, country spec'!$L$83/Production!$L$35 -> 0.029188122 | T16: 0.016 | U16: 10.1
A17: 21115 | B17: Sheep meat | C17: Red meat | D17: UK | E17: GB | F17: 34.395484 | G17: 3.6400991 | I17: 0.68500477 | J17: 0.025051082 | L17: =25.2782591151659/0.7 -> 36.111799 | M17: =0.731629558788247/0.7 -> 1.0451851 | N17: =0.0184851691675996/0.7 -> 0.026407385 | O17: 0.341 | P17: =0.00117435421640243/0.7 -> 0.0016776489 | Q17: =2.24979718582115E-08/0.7 -> 3.213996e-08 | R17: =0.116777886949226/0.7 -> 0.16682555 | S17: ='Parameters, country spec'!$L$83/Production!$L$35 -> 0.029188122 | U17: 29.8

Sheet GHG detailed, results per kg
H1: * Production of mineral fertiliser is adjusted to account for the N supplied by manure.
A2: GHG emissions (per kg of milk) | D2: Not updated | H2: ** Adjusted for use of manure instead of mineral fertiliser (lower emission factor for manure)
H3: *** Calculated as percentage of direct emissions due to assumption due to data limitations regarding nitrogen leaching and volatilization from soils in different regions.
R4: Animals | V4: Stables | W4: Slaughter | Y4: Control
A5: Animal products | G5: Sum | H5: Inputs | J5: Soil emissions | L5: Energy use | P5: Land use change | Q5: Transports
A6: FoodEx code | B6: FoodEx name | C6: Food Ex category (L1) | D6: Country | E6: Country code | F6: Gas | G6: GHG | H6: Production of mineral fertilizer* | I6: Production of capital goods | J6: Direct emissions** | K6: Indirect emissions*** | L6: Diesel use field mach | M6: Energy use in greenhouses | N6: Energy use for irrigation | O6: Energy use for post-harvest proc | P6: LUC emissions | Q6: Feed transports | R6: Enteric fermentation* | S6: Manure management - tot | T6: Manure management - direct | U6: Manure management - indirect | V6: Energy use in stables | W6: Energy use for slaughter | Y6: Total feed, excl LUC | Z6: Feed mix emissions, kg CO2 per kg feed, excl. adjustement manure
A7: A01QV | B7: Bovine muscle | C7: Meat and meat products | D7: Denmark | E7: DK | F7: CO2 | G7: =SUM(H7:W7) -> 3.3278628 | H7: ='CO2 per kg feed'!G17*FCR_bonefree_incl_parents_DK-Excreted_N_after_losses_DK*Manure_repl_factor_DK*(EF_min_fert_BAT_CO2*Frac_BAT_DK+EF_min_fert_AN_CO2*Frac_AN_DK) -> 0.25774626 | I7: ='CO2 per kg feed'!H17*FCR_bonefree_incl_parents_DK -> 0.14920613 | J7: ='CO2 per kg feed'!I17*FCR_bonefree_incl_parents_DK -> 1.142928 | L7: ='CO2 per kg feed'!K17*FCR_bonefree_incl_parents_DK -> 0.21958707 | N7: ='CO2 per kg feed'!M17*FCR_bonefree_incl_parents_DK -> 0 | O7: ='CO2 per kg feed'!N17*FCR_bonefree_incl_parents_DK -> 0.1925179 | P7: ='CO2 per kg feed'!O17*FCR_bonefree_incl_parents_DK -> 0.096183216 | Q7: ='CO2 per kg feed'!P17*FCR_bonefree_incl_parents_DK -> 0.071861229 | V7: =Energy_stables_DK/Bonefree_outof_CW_DK*(Share_heating_DK*(Share_biofuels_DK*EF_biofuels_CO2+(1-Share_biofuels_DK)*EF_oil_CO2)+(1-Share_heating_DK)*EF_el_CO2_DK) -> 0.31038958 | W7: =(Energy_slaughter_el_DK*EF_el_CO2_DK+Energy_slaughter_oil_DK*EF_oil_CO2)/Bonefree_outof_CW_DK -> 0.88744346
A8: A01QV | B8: Bovine muscle | C8: Meat and meat products | D8: Denmark | E8: DK | F8: CH4 | G8: =SUM(H8:W8) -> 0.040565463 | H8: ='CH4 per kg feed'!G17*FCR_bonefree_incl_parents_DK-Excreted_N_after_losses_DK*Manure_repl_factor_DK*(EF_min_fert_BAT_CH4*Frac_BAT_DK+EF_min_fert_AN_CH4*Frac_AN_DK) -> 0.00030406944 | I8: ='CH4 per kg feed'!H17*FCR_bonefree_incl_parents_DK -> 0.00052655737 | L8: ='CH4 per kg feed'!K17*FCR_bonefree_incl_parents_DK -> 0.00010043929 | N8: ='CH4 per kg feed'!M17*FCR_bonefree_incl_parents_DK -> 0 | O8: ='CH4 per kg feed'!N17*FCR_bonefree_incl_parents_DK -> 6.9538829e-05 | P8: ='CH4 per kg feed'!O17*FCR_bonefree_incl_parents_DK -> 0 | Q8: ='CH4 per kg feed'!P17*FCR_bonefree_incl_parents_DK -> 0.0050657669 | R8: =(Production!B37+Production!B38+Production!B39*4/12)*EF_ent_ferm_DK -> 0.010683314 | S8: =SUM(T8:U8) -> 0.011236433 | T8: =Manure!E32 -> 0.011236433 | V8: =Energy_stables_DK/Bonefree_outof_CW_DK*(Share_heating_DK*(Share_biofuels_DK*EF_biofuel_CH4+(1-Share_biofuels_DK)*EF_oil_CH4)+(1-Share_heating_DK)*EF_el_CH4_DK) -> 0.00031537651 | W8: =(Energy_slaughter_el_DK*EF_el_CH4_DK+Energy_slaughter_oil_DK*EF_oil_CH4)/Bonefree_outof_CW_DK -> 0.0010275354
A9: A01QV | B9: Bovine muscle | C9: Meat and meat products | D9: Denmark | E9: DK | F9: N2O | G9: =SUM(H9:W9) -> 0.0054696458 | H9: ='N2O per kg feed'!G17*FCR_bonefree_incl_parents_DK-Excreted_N_after_losses_DK*Manure_repl_factor_DK*(EF_min_fert_BAT_N2O*Frac_BAT_DK+EF_min_fert_AN_N2O*Frac_AN_DK) -> 0.00057716801 | I9: ='N2O per kg feed'!H17*FCR_bonefree_incl_parents_DK -> 7.6689942e-05 | J9: ='N2O per kg feed'!I17*FCR_bonefree_incl_parents_DK-Excreted_N_after_losses_DK*Manure_repl_factor_DK*EF_N2O_diff_DK -> 0.0029402166 | K9: =J9*EF_indirect_N2O_DK -> 0.00029402166 | L9: ='N2O per kg feed'!K17*FCR_bonefree_incl_parents_DK -> 1.5687779e-05 | N9: ='N2O per kg feed'!M17*FCR_bonefree_incl_parents_DK -> 0 | O9: ='N2O per kg feed'!N17*FCR_bonefree_incl_parents_DK -> 1.5805256e-05 | P9: ='N2O per kg feed'!O17*FCR_bonefree_incl_parents_DK -> 0 | Q9: ='N2O per kg feed'!P17*FCR_bonefree_incl_parents_DK -> 0.00021885712 | S9: =SUM(T9:U9) -> 0.00063249264 | T9: =Manure!E88*44/28 -> 0.00010126684 | U9: =NH3_per_kg_DK*17/14*Manure!B117 -> 0.00053122581 | V9: =Energy_stables_DK/Bonefree_outof_CW_DK*(Share_heating_DK*(Share_biofuels_DK*EF_biofuel_N2O+(1-Share_biofuels_DK)*EF_oil_N2O)+(1-Share_heating_DK)*EF_el_N2O_DK) -> 2.3709428e-05 | W9: =(Energy_slaughter_el_DK*EF_el_N2O_DK+Energy_slaughter_oil_DK*EF_oil_N2O)/Bonefree_outof_CW_DK -> 4.2504703e-05
A10: A01QV | B10: Bovine muscle | C10: Meat and meat products | D10: Denmark | E10: DK | F10: CO2e | G10: =SUM(H10:W10) -> 5.5224107 | H10: =SUMPRODUCT(H7:H9,'Parameters, general'!$B$13:$B$15) -> 0.4243744 | I10: =SUMPRODUCT(I7:I9,'Parameters, general'!$B$13:$B$15) -> 0.18583389 | J10: =SUMPRODUCT(J7:J9,'Parameters, general'!$B$13:$B$15) -> 1.9456071 | K10: =SUMPRODUCT(K7:K9,'Parameters, general'!$B$13:$B$15) -> 0.080267913 | L10: =SUMPRODUCT(L7:L9,'Parameters, general'!$B$13:$B$15) -> 0.22686293 | M10: =SUMPRODUCT(M7:M9,'Parameters, general'!$B$13:$B$15) -> 0 | N10: =SUMPRODUCT(N7:N9,'Parameters, general'!$B$13:$B$15) -> 0 | O10: =SUMPRODUCT(O7:O9,'Parameters, general'!$B$13:$B$15) -> 0.19890499 | ... S10: =SUMPRODUCT(S7:S9,'Parameters, general'!$B$13:$B$15) -> 0.50751618 | V10: =SUMPRODUCT(V7:V9,'Parameters, general'!$B$13:$B$15) -> 0.32626048 | W10: =SUMPRODUCT(W7:W9,'Parameters, general'!$B$13:$B$15) -> 0.92966779 | Y10: =SUM(H10:Q10) -> 3.4406035 | Z10: ='CO2 per kg feed'!F17+'CH4 per kg feed'!F17*CF_GWP_CH4_fossil+'N2O per kg feed'!F17*CF_GWP_N2O -> 0.54104631
A11: A01QV | B11: Bovine muscle | C11: Meat and meat products | D11: France | E11: FR | F11: CO2 | G11: =SUM(H11:W11) -> 2.747787 | H11: ='CO2 per kg feed'!G29*FCR_bonefree_incl_parents_FR-Excreted_N_after_losses_FR*Manure_repl_factor_FR*(EF_min_fert_BAT_CO2*Frac_BAT_FR+EF_min_fert_AN_CO2*Frac_AN_FR) -> 0.25444396 | I11: ='CO2 per kg feed'!H29*FCR_bonefree_incl_parents_FR -> 0.15431962 | J11: ='CO2 per kg feed'!I29*FCR_bonefree_incl_parents_FR -> 1.2050269 | L11: ='CO2 per kg feed'!K29*FCR_bonefree_incl_parents_FR -> 0.23178064 | N11: ='CO2 per kg feed'!M29*FCR_bonefree_incl_parents_FR -> 0 | O11: ='CO2 per kg feed'!N29*FCR_bonefree_incl_parents_FR -> 0.19911574 | P11: ='CO2 per kg feed'!O29*FCR_bonefree_incl_parents_FR -> 0.096183216 | Q11: ='CO2 per kg feed'!P29*FCR_bonefree_incl_parents_FR -> 0.071861229 | V11: =Energy_stables_FR/Bonefree_outof_CW_FR*(Share_heating_FR*(Share_biofuels_FR*EF_biofuels_CO2+(1-Share_biofuels_FR)*EF_oil_CO2)+(1-Share_heating_FR)*EF_el_CO2_FR) -> 0.17602118 | W11: =(Energy_slaughter_el_FR*EF_el_CO2_FR+Energy_slaughter_oil_FR*EF_oil_CO2)/Bonefree_outof_CW_FR -> 0.35903452
A12: A01QV | B12: Bovine muscle | C12: Meat and meat products | D12: France | E12: FR | F12: CH4 | G12: =SUM(H12:W12) -> 0.040001887 | H12: ='CH4 per kg feed'!G29*FCR_bonefree_incl_parents_FR-Excreted_N_after_losses_FR*Manure_repl_factor_FR*(EF_min_fert_BAT_CH4*Frac_BAT_FR+EF_min_fert_AN_CH4*Frac_AN_FR) -> 0.00030406944 | I12: ='CH4 per kg feed'!H29*FCR_bonefree_incl_parents_FR -> 0.00052655737 | L12: ='CH4 per kg feed'!K29*FCR_bonefree_incl_parents_FR -> 0.00010043929 | N12: ='CH4 per kg feed'!M29*FCR_bonefree_incl_parents_FR -> 0 | O12: ='CH4 per kg feed'!N29*FCR_bonefree_incl_parents_FR -> 6.9538829e-05 | P12: ='CH4 per kg feed'!O29*FCR_bonefree_incl_parents_FR -> 0 | Q12: ='CH4 per kg feed'!P29*FCR_bonefree_incl_parents_FR -> 0.0050657669 | R12: =(Production!C37+Production!C38+Production!C39*4/12)*EF_ent_ferm_FR -> 0.010683314 | S12: =SUM(T12:U12) -> 0.011236433 | T12: =Manure!I32 -> 0.011236433 | V12: =Energy_stables_FR/Bonefree_outof_CW_FR*(Share_heating_FR*(Share_biofuels_FR*EF_biofuel_CH4+(1-Share_biofuels_FR)*EF_oil_CH4)+(1-Share_heating_FR)*EF_el_CH4_FR) -> 0.00020111986 | W12: =(Energy_slaughter_el_FR*EF_el_CH4_FR+Energy_slaughter_oil_FR*EF_oil_CH4)/Bonefree_outof_CW_FR -> 0.00057821667
A13: A01QV | B13: Bovine muscle | C13: Meat and meat products | D13: France | E13: FR | F13: N2O | G13: =SUM(H13:W13) -> 0.0054441578 | H13: ='N2O per kg feed'!G29*FCR_bonefree_incl_parents_FR-Excreted_N_after_losses_FR*Manure_repl_factor_FR*(EF_min_fert_BAT_N2O*Frac_BAT_FR+EF_min_fert_AN_N2O*Frac_AN_FR) -> 0.00057716801 | I13: ='N2O per kg feed'!H29*FCR_bonefree_incl_parents_FR -> 7.6689942e-05 | J13: ='N2O per kg feed'!I29*FCR_bonefree_incl_parents_FR-Excreted_N_after_losses_FR*Manure_repl_factor_FR*EF_N2O_diff_FR -> 0.0029402166 | K13: =J13*EF_indirect_N2O_FR -> 0.00029402166 | L13: ='N2O per kg feed'!K29*FCR_bonefree_incl_parents_FR -> 1.5687779e-05 | N13: ='N2O per kg feed'!M29*FCR_bonefree_incl_parents_FR -> 0 | O13: ='N2O per kg feed'!N29*FCR_bonefree_incl_parents_FR -> 1.5805256e-05 | P13: ='N2O per kg feed'!O29*FCR_bonefree_incl_parents_FR -> 0 | Q13: ='N2O per kg feed'!P29*FCR_bonefree_incl_parents_FR -> 0.00021885712 | S13: =SUM(T13:U13) -> 0.00063249264 | T13: =Manure!I88*44/28 -> 0.00010126684 | U13: =NH3_per_kg_FR*17/14*Manure!F117 -> 0.00053122581 | V13: =Energy_stables_FR/Bonefree_outof_CW_FR*(Share_heating_FR*(Share_biofuels_FR*EF_biofuel_N2O+(1-Share_biofuels_FR)*EF_oil_N2O)+(1-Share_heating_FR)*EF_el_N2O_FR) -> 1.8542111e-05 | W13: =(Energy_slaughter_el_FR*EF_el_N2O_FR+Energy_slaughter_oil_FR*EF_oil_N2O)/Bonefree_outof_CW_FR -> 2.218403e-05
A14: A01QV | B14: Bovine muscle | C14: Meat and meat products | D14: France | E14: FR | F14: CO2e | G14: =SUM(H14:W14) -> 4.9185821 | H14: =SUMPRODUCT(H11:H13,'Parameters, general'!$B$13:$B$15) -> 0.42107209 | I14: =SUMPRODUCT(I11:I13,'Parameters, general'!$B$13:$B$15) -> 0.19094738 | J14: =SUMPRODUCT(J11:J13,'Parameters, general'!$B$13:$B$15) -> 2.007706 | K14: =SUMPRODUCT(K11:K13,'Parameters, general'!$B$13:$B$15) -> 0.080267913 | L14: =SUMPRODUCT(L11:L13,'Parameters, general'!$B$13:$B$15) -> 0.23905649 | M14: =SUMPRODUCT(M11:M13,'Parameters, general'!$B$13:$B$15) -> 0 | N14: =SUMPRODUCT(N11:N13,'Parameters, general'!$B$13:$B$15) -> 0 | O14: =SUMPRODUCT(O11:O13,'Parameters, general'!$B$13:$B$15) -> 0.20550283 | ... S14: =SUMPRODUCT(S11:S13,'Parameters, general'!$B$13:$B$15) -> 0.50751618 | V14: =SUMPRODUCT(V11:V13,'Parameters, general'!$B$13:$B$15) -> 0.18707654 | W14: =SUMPRODUCT(W11:W13,'Parameters, general'!$B$13:$B$15) -> 0.38232161 | Y14: =SUM(H14:Q14) -> 3.523305 | Z14: ='CO2 per kg feed'!F29+'CH4 per kg feed'!F29*CF_GWP_CH4_fossil+'N2O per kg feed'!F29*CF_GWP_N2O -> 0.55339912
A15: A01QV | B15: Bovine muscle | C15: Meat and meat products | D15: Germany | E15: DE | F15: CO2 | G15: =SUM(H15:W15) -> 3.6279783 | H15: ='CO2 per kg feed'!G41*FCR_bonefree_incl_parents_DE-Excreted_N_after_losses_DE*Manure_repl_factor_DE*(EF_min_fert_BAT_CO2*Frac_BAT_DE+EF_min_fert_AN_CO2*Frac_AN_DE) -> 0.25444396 | I15: ='CO2 per kg feed'!H41*FCR_bonefree_incl_parents_DE -> 0.15431962 | J15: ='CO2 per kg feed'!I41*FCR_bonefree_incl_parents_DE -> 1.2050269 | L15: ='CO2 per kg feed'!K41*FCR_bonefree_incl_parents_DE -> 0.23178064 | N15: ='CO2 per kg feed'!M41*FCR_bonefree_incl_parents_DE -> 0 | O15: ='CO2 per kg feed'!N41*FCR_bonefree_incl_parents_DE -> 0.19911574 | P15: ='CO2 per kg feed'!O41*FCR_bonefree_incl_parents_DE -> 0.096183216 | Q15: ='CO2 per kg feed'!P41*FCR_bonefree_incl_parents_DE -> 0.071861229 | V15: =Energy_stables_DE/Bonefree_outof_CW_DE*(Share_heating_DE*(Share_biofuels_DE*EF_biofuels_CO2+(1-Share_biofuels_DE)*EF_oil_CO2)+(1-Share_heating_DE)*EF_el_CO2_DE) -> 0.35446708 | W15: =(Energy_slaughter_el_DE*EF_el_CO2_DE+Energy_slaughter_oil_DE*EF_oil_CO2)/Bonefree_outof_CW_DE -> 1.0607799
A16: A01QV | B16: Bovine muscle | C16: Meat and meat products | D16: Germany | E16: DE | F16: CH4 | G16: =SUM(H16:W16) -> 0.041443704 | H16: ='CH4 per kg feed'!G41*FCR_bonefree_incl_parents_DE-Excreted_N_after_losses_DE*Manure_repl_factor_DE*(EF_min_fert_BAT_CH4*Frac_BAT_DE+EF_min_fert_AN_CH4*Frac_AN_DE) -> 0.00030406944 | I16: ='CH4 per kg feed'!H41*FCR_bonefree_incl_parents_DE -> 0.00052655737 | L16: ='CH4 per kg feed'!K41*FCR_bonefree_incl_parents_DE -> 0.00010043929 | N16: ='CH4 per kg feed'!M41*FCR_bonefree_incl_parents_DE -> 0 | O16: ='CH4 per kg feed'!N41*FCR_bonefree_incl_parents_DE -> 6.9538829e-05 | P16: ='CH4 per kg feed'!O41*FCR_bonefree_incl_parents_DE -> 0 | Q16: ='CH4 per kg feed'!P41*FCR_bonefree_incl_parents_DE -> 0.0050657669 | R16: =(Production!D37+Production!D38+Production!D39*4/12)*EF_ent_ferm_DE -> 0.010683314 | S16: =SUM(T16:U16) -> 0.011236433 | T16: =Manure!M32 -> 0.011236433 | V16: =Energy_stables_DE/Bonefree_outof_CW_DE*(Share_heating_DE*(Share_biofuels_DE*EF_biofuel_CH4+(1-Share_biofuels_DE)*EF_oil_CH4)+(1-Share_heating_DE)*EF_el_CH4_DE) -> 0.00049342699 | W16: =(Energy_slaughter_el_DE*EF_el_CH4_DE+Energy_slaughter_oil_DE*EF_oil_CH4)/Bonefree_outof_CW_DE -> 0.0017277257
A17: A01QV | B17: Bovine muscle | C17: Meat and meat products | D17: Germany | E17: DE | F17: N2O | G17: =SUM(H17:W17) -> 0.0054736103 | H17: ='N2O per kg feed'!G41*FCR_bonefree_incl_parents_DE-Excreted_N_after_losses_DE*Manure_repl_factor_DE*(EF_min_fert_BAT_N2O*Frac_BAT_DE+EF_min_fert_AN_N2O*Frac_AN_DE) -> 0.00057716801 | I17: ='N2O per kg feed'!H41*FCR_bonefree_incl_parents_DE -> 7.6689942e-05 | J17: ='N2O per kg feed'!I41*FCR_bonefree_incl_parents_DE-Excreted_N_after_losses_DE*Manure_repl_factor_DE*EF_N2O_diff_DE -> 0.0029402166 | K17: =J17*EF_indirect_N2O_DE -> 0.00029402166 | L17: ='N2O per kg feed'!K41*FCR_bonefree_incl_parents_DE -> 1.5687779e-05 | N17: ='N2O per kg feed'!M41*FCR_bonefree_incl_parents_DE -> 0 | O17: ='N2O per kg feed'!N41*FCR_bonefree_incl_parents_DE -> 1.5805256e-05 | P17: ='N2O per kg feed'!O41*FCR_bonefree_incl_parents_DE -> 0 | Q17: ='N2O per kg feed'!P41*FCR_bonefree_incl_parents_DE -> 0.00021885712 | S17: =SUM(T17:U17) -> 0.00063249264 | T17: =Manure!M88*44/28 -> 0.00010126684 | U17: =NH3_per_kg_DE*17/14*Manure!J117 -> 0.00053122581 | V17: =Energy_stables_DE/Bonefree_outof_CW_DE*(Share_heating_DE*(Share_biofuels_DE*EF_biofuel_N2O+(1-Share_biofuels_DE)*EF_oil_N2O)+(1-Share_heating_DE)*EF_el_N2O_DE) -> 2.4513183e-05 | W17: =(Energy_slaughter_el_DE*EF_el_N2O_DE+Energy_slaughter_oil_DE*EF_oil_N2O)/Bonefree_outof_CW_DE -> 4.5665499e-05
A18: A01QV | B18: Bovine muscle | C18: Meat and meat products | D18: Germany | E18: DE | F18: CO2e | G18: =SUM(H18:W18) -> 5.8497801 | H18: =SUMPRODUCT(H15:H17,'Parameters, general'!$B$13:$B$15) -> 0.42107209 | I18: =SUMPRODUCT(I15:I17,'Parameters, general'!$B$13:$B$15) -> 0.19094738 | J18: =SUMPRODUCT(J15:J17,'Parameters, general'!$B$13:$B$15) -> 2.007706 | K18: =SUMPRODUCT(K15:K17,'Parameters, general'!$B$13:$B$15) -> 0.080267913 | L18: =SUMPRODUCT(L15:L17,'Parameters, general'!$B$13:$B$15) -> 0.23905649 | M18: =SUMPRODUCT(M15:M17,'Parameters, general'!$B$13:$B$15) -> 0 | N18: =SUMPRODUCT(N15:N17,'Parameters, general'!$B$13:$B$15) -> 0 | O18: =SUMPRODUCT(O15:O17,'Parameters, general'!$B$13:$B$15) -> 0.20550283 | ... S18: =SUMPRODUCT(S15:S17,'Parameters, general'!$B$13:$B$15) -> 0.50751618 | V18: =SUMPRODUCT(V15:V17,'Parameters, general'!$B$13:$B$15) -> 0.3758633 | W18: =SUMPRODUCT(W15:W17,'Parameters, general'!$B$13:$B$15) -> 1.1247328 | Y18: =SUM(H18:Q18) -> 3.523305 | Z18: ='CO2 per kg feed'!F41+'CH4 per kg feed'!F41*CF_GWP_CH4_fossil+'N2O per kg feed'!F41*CF_GWP_N2O -> 0.55339912
A19: A01QV | B19: Bovine muscle | C19: Meat and meat products | D19: Greece | E19: GR | F19: CO2 | G19: =SUM(H19:W19) -> 4.0406298 | H19: ='CO2 per kg feed'!G53*FCR_bonefree_incl_parents_GR-Excreted_N_after_losses_GR*Manure_repl_factor_GR*(EF_min_fert_BAT_CO2*Frac_BAT_GR+EF_min_fert_AN_CO2*Frac_AN_GR) -> 0.25444396 | I19: ='CO2 per kg feed'!H53*FCR_bonefree_incl_parents_GR -> 0.15431962 | J19: ='CO2 per kg feed'!I53*FCR_bonefree_incl_parents_GR -> 1.2050269 | L19: ='CO2 per kg feed'!K53*FCR_bonefree_incl_parents_GR -> 0.23178064 | N19: ='CO2 per kg feed'!M53*FCR_bonefree_incl_parents_GR -> 0 | O19: ='CO2 per kg feed'!N53*FCR_bonefree_incl_parents_GR -> 0.19911574 | P19: ='CO2 per kg feed'!O53*FCR_bonefree_incl_parents_GR -> 0.096183216 | Q19: ='CO2 per kg feed'!P53*FCR_bonefree_incl_parents_GR -> 0.071861229 | V19: =Energy_stables_GR/Bonefree_outof_CW_GR*(Share_heating_GR*(Share_biofuels_GR*EF_biofuels_CO2+(1-Share_biofuels_GR)*EF_oil_CO2)+(1-Share_heating_GR)*EF_el_CO2_GR) -> 0.43812613 | W19: =(Energy_slaughter_el_GR*EF_el_CO2_GR+Energy_slaughter_oil_GR*EF_oil_CO2)/Bonefree_outof_CW_GR -> 1.3897723
A20: A01QV | B20: Bovine muscle | C20: Meat and meat products | D20: Greece | E20: GR | F20: CH4 | G20: =SUM(H20:W20) -> 0.051070459 | H20: ='CH4 per kg feed'!G53*FCR_bonefree_incl_parents_GR-Excreted_N_after_losses_GR*Manure_repl_factor_GR*(EF_min_fert_BAT_CH4*Frac_BAT_GR+EF_min_fert_AN_CH4*Frac_AN_GR) -> 0.00030406944 | I20: ='CH4 per kg feed'!H53*FCR_bonefree_incl_parents_GR -> 0.00052655737 | L20: ='CH4 per kg feed'!K53*FCR_bonefree_incl_parents_GR -> 0.00010043929 | N20: ='CH4 per kg feed'!M53*FCR_bonefree_incl_parents_GR -> 0 | O20: ='CH4 per kg feed'!N53*FCR_bonefree_incl_parents_GR -> 6.9538829e-05 | P20: ='CH4 per kg feed'!O53*FCR_bonefree_incl_parents_GR -> 0 | Q20: ='CH4 per kg feed'!P53*FCR_bonefree_incl_parents_GR -> 0.013795039 | R20: =(Production!E37+Production!E38+Production!E39*4/12)*EF_ent_ferm_GR -> 0.010683314 | S20: =SUM(T20:U20) -> 0.011236433 | T20: =Manure!Q32 -> 0.011236433 | V20: =Energy_stables_GR/Bonefree_outof_CW_GR*(Share_heating_GR*(Share_biofuels_GR*EF_biofuel_CH4+(1-Share_biofuels_GR)*EF_oil_CH4)+(1-Share_heating_GR)*EF_el_CH4_GR) -> 0.00067537859 | W20: =(Energy_slaughter_el_GR*EF_el_CH4_GR+Energy_slaughter_oil_GR*EF_oil_CH4)/Bonefree_outof_CW_GR -> 0.0024432574
A21: A01QV | B21: Bovine muscle | C21: Meat and meat products | D21: Greece | E21: GR | F21: N2O | G21: =SUM(H21:W21) -> 0.0054765656 | H21: ='N2O per kg feed'!G53*FCR_bonefree_incl_parents_GR-Excreted_N_after_losses_GR*Manure_repl_factor_GR*(EF_min_fert_BAT_N2O*Frac_BAT_GR+EF_min_fert_AN_N2O*Frac_AN_GR) -> 0.00057716801 | I21: ='N2O per kg feed'!H53*FCR_bonefree_incl_parents_GR -> 7.6689942e-05 | J21: ='N2O per kg feed'!I53*FCR_bonefree_incl_parents_GR-Excreted_N_after_losses_GR*Manure_repl_factor_GR*EF_N2O_diff_GR -> 0.0029402166 | K21: =J21*EF_indirect_N2O_GR -> 0.00029402166 | L21: ='N2O per kg feed'!K53*FCR_bonefree_incl_parents_GR -> 1.5687779e-05 | N21: ='N2O per kg feed'!M53*FCR_bonefree_incl_parents_GR -> 0 | O21: ='N2O per kg feed'!N53*FCR_bonefree_incl_parents_GR -> 1.5805256e-05 | P21: ='N2O per kg feed'!O53*FCR_bonefree_incl_parents_GR -> 0 | Q21: ='N2O per kg feed'!P53*FCR_bonefree_incl_parents_GR -> 0.00021885712 | S21: =SUM(T21:U21) -> 0.00063249264 | T21: =Manure!Q88*44/28 -> 0.00010126684 | U21: =NH3_per_kg_GR*17/14*Manure!N117 -> 0.00053122581 | V21: =Energy_stables_GR/Bonefree_outof_CW_GR*(Share_heating_GR*(Share_biofuels_GR*EF_biofuel_N2O+(1-Share_biofuels_GR)*EF_oil_N2O)+(1-Share_heating_GR)*EF_el_N2O_GR) -> 2.511233e-05 | W21: =(Energy_slaughter_el_GR*EF_el_N2O_GR+Energy_slaughter_oil_GR*EF_oil_N2O)/Bonefree_outof_CW_GR -> 4.8021669e-05
A22: A01QV | B22: Bovine muscle | C22: Meat and meat products | D22: Greece | E22: GR | F22: CO2e | G22: =SUM(H22:W22) -> 6.5501157 | H22: =SUMPRODUCT(H19:H21,'Parameters, general'!$B$13:$B$15) -> 0.42107209 | I22: =SUMPRODUCT(I19:I21,'Parameters, general'!$B$13:$B$15) -> 0.19094738 | J22: =SUMPRODUCT(J19:J21,'Parameters, general'!$B$13:$B$15) -> 2.007706 | K22: =SUMPRODUCT(K19:K21,'Parameters, general'!$B$13:$B$15) -> 0.080267913 | L22: =SUMPRODUCT(L19:L21,'Parameters, general'!$B$13:$B$15) -> 0.23905649 | M22: =SUMPRODUCT(M19:M21,'Parameters, general'!$B$13:$B$15) -> 0 | N22: =SUMPRODUCT(N19:N21,'Parameters, general'!$B$13:$B$15) -> 0 | O22: =SUMPRODUCT(O19:O21,'Parameters, general'!$B$13:$B$15) -> 0.20550283 | ... S22: =SUMPRODUCT(S19:S21,'Parameters, general'!$B$13:$B$15) -> 0.50751618 | V22: =SUMPRODUCT(V19:V21,'Parameters, general'!$B$13:$B$15) -> 0.46510808 | W22: =SUMPRODUCT(W19:W21,'Parameters, general'!$B$13:$B$15) -> 1.4756913 | Y22: =SUM(H22:Q22) -> 3.7834373 | Z22: ='CO2 per kg feed'!F53+'CH4 per kg feed'!F53*CF_GWP_CH4_fossil+'N2O per kg feed'!F53*CF_GWP_N2O -> 0.59225411
A23: A01QV | B23: Bovine muscle | C23: Meat and meat products | D23: Hungary | E23: HU | F23: CO2 | G23: =SUM(H23:W23) -> 3.5663551 | H23: ='CO2 per kg feed'!G65*FCR_bonefree_incl_parents_HU-Excreted_N_after_losses_HU*Manure_repl_factor_HU*(EF_min_fert_BAT_CO2*Frac_BAT_HU+EF_min_fert_AN_CO2*Frac_AN_HU) -> 0.25444396 | I23: ='CO2 per kg feed'!H65*FCR_bonefree_incl_parents_HU -> 0.15431962 | J23: ='CO2 per kg feed'!I65*FCR_bonefree_incl_parents_HU -> 1.2050269 | L23: ='CO2 per kg feed'!K65*FCR_bonefree_incl_parents_HU -> 0.23178064 | N23: ='CO2 per kg feed'!M65*FCR_bonefree_incl_parents_HU -> 0 | O23: ='CO2 per kg feed'!N65*FCR_bonefree_incl_parents_HU -> 0.19911574 | P23: ='CO2 per kg feed'!O65*FCR_bonefree_incl_parents_HU -> 0.096183216 | Q23: ='CO2 per kg feed'!P65*FCR_bonefree_incl_parents_HU -> 0.071861229 | V23: =Energy_stables_HU/Bonefree_outof_CW_HU*(Share_heating_HU*(Share_biofuels_HU*EF_biofuels_CO2+(1-Share_biofuels_HU)*EF_oil_CO2)+(1-Share_heating_HU)*EF_el_CO2_HU) -> 0.34197387 | W23: =(Energy_slaughter_el_HU*EF_el_CO2_HU+Energy_slaughter_oil_HU*EF_oil_CO2)/Bonefree_outof_CW_HU -> 1.0116499
A24: A01QV | B24: Bovine muscle | C24: Meat and meat products | D24: Hungary | E24: HU | F24: CH4 | G24: =SUM(H24:W24) -> 0.041951437 | H24: ='CH4 per kg feed'!G65*FCR_bonefree_incl_parents_HU-Excreted_N_after_losses_HU*Manure_repl_factor_HU*(EF_min_fert_BAT_CH4*Frac_BAT_HU+EF_min_fert_AN_CH4*Frac_AN_HU) -> 0.00030406944 | I24: ='CH4 per kg feed'!H65*FCR_bonefree_incl_parents_HU -> 0.00052655737 | L24: ='CH4 per kg feed'!K65*FCR_bonefree_incl_parents_HU -> 0.00010043929 | N24: ='CH4 per kg feed'!M65*FCR_bonefree_incl_parents_HU -> 0 | O24: ='CH4 per kg feed'!N65*FCR_bonefree_incl_parents_HU -> 6.9538829e-05 | P24: ='CH4 per kg feed'!O65*FCR_bonefree_incl_parents_HU -> 0 | Q24: ='CH4 per kg feed'!P65*FCR_bonefree_incl_parents_HU -> 0.0050657669 | R24: =(Production!F37+Production!F38+Production!F39*4/12)*EF_ent_ferm_HU -> 0.010683314 | S24: =SUM(T24:U24) -> 0.011236433 | T24: =Manure!U32 -> 0.011236433 | V24: =Energy_stables_HU/Bonefree_outof_CW_HU*(Share_heating_HU*(Share_biofuels_HU*EF_biofuel_CH4+(1-Share_biofuels_HU)*EF_oil_CH4)+(1-Share_heating_HU)*EF_el_CH4_HU) -> 0.00059636254 | W24: =(Energy_slaughter_el_HU*EF_el_CH4_HU+Energy_slaughter_oil_HU*EF_oil_CH4)/Bonefree_outof_CW_HU -> 0.0021325237
A25: A01QV | B25: Bovine muscle | C25: Meat and meat products | D25: Hungary | E25: HU | F25: N2O | G25: =SUM(H25:W25) -> 0.0054608822 | H25: ='N2O per kg feed'!G65*FCR_bonefree_incl_parents_HU-Excreted_N_after_losses_HU*Manure_repl_factor_HU*(EF_min_fert_BAT_N2O*Frac_BAT_HU+EF_min_fert_AN_N2O*Frac_AN_HU) -> 0.00057716801 | I25: ='N2O per kg feed'!H65*FCR_bonefree_incl_parents_HU -> 7.6689942e-05 | J25: ='N2O per kg feed'!I65*FCR_bonefree_incl_parents_HU-Excreted_N_after_losses_HU*Manure_repl_factor_HU*EF_N2O_diff_HU -> 0.0029402166 | K25: =J25*EF_indirect_N2O_HU -> 0.00029402166 | L25: ='N2O per kg feed'!K65*FCR_bonefree_incl_parents_HU -> 1.5687779e-05 | N25: ='N2O per kg feed'!M65*FCR_bonefree_incl_parents_HU -> 0 | O25: ='N2O per kg feed'!N65*FCR_bonefree_incl_parents_HU -> 1.5805256e-05 | P25: ='N2O per kg feed'!O65*FCR_bonefree_incl_parents_HU -> 0 | Q25: ='N2O per kg feed'!P65*FCR_bonefree_incl_parents_HU -> 0.00021885712 | S25: =SUM(T25:U25) -> 0.00063249264 | T25: =Manure!U88*44/28 -> 0.00010126684 | U25: =NH3_per_kg_HU*17/14*Manure!R117 -> 0.00053122581 | V25: =Energy_stables_HU/Bonefree_outof_CW_HU*(Share_heating_HU*(Share_biofuels_HU*EF_biofuel_N2O+(1-Share_biofuels_HU)*EF_oil_N2O)+(1-Share_heating_HU)*EF_el_N2O_HU) -> 2.1932752e-05 | W25: =(Energy_slaughter_el_HU*EF_el_N2O_HU+Energy_slaughter_oil_HU*EF_oil_N2O)/Bonefree_outof_CW_HU -> 3.5517856e-05
A26: A01QV | B26: Bovine muscle | C26: Meat and meat products | D26: Hungary | E26: HU | F26: CO2e | G26: =SUM(H26:W26) -> 5.7998126 | H26: =SUMPRODUCT(H23:H25,'Parameters, general'!$B$13:$B$15) -> 0.42107209 | I26: =SUMPRODUCT(I23:I25,'Parameters, general'!$B$13:$B$15) -> 0.19094738 | J26: =SUMPRODUCT(J23:J25,'Parameters, general'!$B$13:$B$15) -> 2.007706 | K26: =SUMPRODUCT(K23:K25,'Parameters, general'!$B$13:$B$15) -> 0.080267913 | L26: =SUMPRODUCT(L23:L25,'Parameters, general'!$B$13:$B$15) -> 0.23905649 | M26: =SUMPRODUCT(M23:M25,'Parameters, general'!$B$13:$B$15) -> 0 | N26: =SUMPRODUCT(N23:N25,'Parameters, general'!$B$13:$B$15) -> 0 | O26: =SUMPRODUCT(O23:O25,'Parameters, general'!$B$13:$B$15) -> 0.20550283 | ... S26: =SUMPRODUCT(S23:S25,'Parameters, general'!$B$13:$B$15) -> 0.50751618 | V26: =SUMPRODUCT(V23:V25,'Parameters, general'!$B$13:$B$15) -> 0.36573312 | W26: =SUMPRODUCT(W23:W25,'Parameters, general'!$B$13:$B$15) -> 1.0848955 | Y26: =SUM(H26:Q26) -> 3.523305 | Z26: ='CO2 per kg feed'!F65+'CH4 per kg feed'!F65*CF_GWP_CH4_fossil+'N2O per kg feed'!F65*CF_GWP_N2O -> 0.55339912
A27: A01QV | B27: Bovine muscle | C27: Meat and meat products | D27: Ireland | E27: IE | F27: CO2 | G27: =SUM(H27:W27) -> 3.460468 | H27: ='CO2 per kg feed'!G77*FCR_bonefree_incl_parents_IE-Excreted_N_after_losses_IE*Manure_repl_factor_IE*(EF_min_fert_BAT_CO2*Frac_BAT_IE+EF_min_fert_AN_CO2*Frac_AN_IE) -> 0.25444396 | I27: ='CO2 per kg feed'!H77*FCR_bonefree_incl_parents_IE -> 0.15431962 | J27: ='CO2 per kg feed'!I77*FCR_bonefree_incl_parents_IE -> 1.2050269 | L27: ='CO2 per kg feed'!K77*FCR_bonefree_incl_parents_IE -> 0.23178064 | N27: ='CO2 per kg feed'!M77*FCR_bonefree_incl_parents_IE -> 0 | O27: ='CO2 per kg feed'!N77*FCR_bonefree_incl_parents_IE -> 0.19911574 | P27: ='CO2 per kg feed'!O77*FCR_bonefree_incl_parents_IE -> 0.096183216 | Q27: ='CO2 per kg feed'!P77*FCR_bonefree_incl_parents_IE -> 0.071861229 | V27: =Energy_stables_IE/Bonefree_outof_CW_IE*(Share_heating_IE*(Share_biofuels_IE*EF_biofuels_CO2+(1-Share_biofuels_IE)*EF_oil_CO2)+(1-Share_heating_IE)*EF_el_CO2_IE) -> 0.32050681 | W27: =(Energy_slaughter_el_IE*EF_el_CO2_IE+Energy_slaughter_oil_IE*EF_oil_CO2)/Bonefree_outof_CW_IE -> 0.92722985
A28: A01QV | B28: Bovine muscle | C28: Meat and meat products | D28: Ireland | E28: IE | F28: CH4 | G28: =SUM(H28:W28) -> 0.040357896 | H28: ='CH4 per kg feed'!G77*FCR_bonefree_incl_parents_IE-Excreted_N_after_losses_IE*Manure_repl_factor_IE*(EF_min_fert_BAT_CH4*Frac_BAT_IE+EF_min_fert_AN_CH4*Frac_AN_IE) -> 0.00030406944 | I28: ='CH4 per kg feed'!H77*FCR_bonefree_incl_parents_IE -> 0.00052655737 | L28: ='CH4 per kg feed'!K77*FCR_bonefree_incl_parents_IE -> 0.00010043929 | N28: ='CH4 per kg feed'!M77*FCR_bonefree_incl_parents_IE -> 0 | O28: ='CH4 per kg feed'!N77*FCR_bonefree_incl_parents_IE -> 6.9538829e-05 | P28: ='CH4 per kg feed'!O77*FCR_bonefree_incl_parents_IE -> 0 | Q28: ='CH4 per kg feed'!P77*FCR_bonefree_incl_parents_IE -> 0.0050657669 | R28: =(Production!G37+Production!G38+Production!G39*4/12)*EF_ent_ferm_IE -> 0.010683314 | S28: =SUM(T28:U28) -> 0.011236433 | T28: =Manure!Y32 -> 0.011236433 | V28: =Energy_stables_IE/Bonefree_outof_CW_IE*(Share_heating_IE*(Share_biofuels_IE*EF_biofuel_CH4+(1-Share_biofuels_IE)*EF_oil_CH4)+(1-Share_heating_IE)*EF_el_CH4_IE) -> 0.00027329544 | W28: =(Energy_slaughter_el_IE*EF_el_CH4_IE+Energy_slaughter_oil_IE*EF_oil_CH4)/Bonefree_outof_CW_IE -> 0.00086204992
A29: A01QV | B29: Bovine muscle | C29: Meat and meat products | D29: Ireland | E29: IE | F29: N2O | G29: =SUM(H29:W29) -> 0.0054587305 | H29: ='N2O per kg feed'!G77*FCR_bonefree_incl_parents_IE-Excreted_N_after_losses_IE*Manure_repl_factor_IE*(EF_min_fert_BAT_N2O*Frac_BAT_IE+EF_min_fert_AN_N2O*Frac_AN_IE) -> 0.00057716801 | I29: ='N2O per kg feed'!H77*FCR_bonefree_incl_parents_IE -> 7.6689942e-05 | J29: ='N2O per kg feed'!I77*FCR_bonefree_incl_parents_IE-Excreted_N_after_losses_IE*Manure_repl_factor_IE*EF_N2O_diff_IE -> 0.0029402166 | K29: =J29*EF_indirect_N2O_IE -> 0.00029402166 | L29: ='N2O per kg feed'!K77*FCR_bonefree_incl_parents_IE -> 1.5687779e-05 | N29: ='N2O per kg feed'!M77*FCR_bonefree_incl_parents_IE -> 0 | O29: ='N2O per kg feed'!N77*FCR_bonefree_incl_parents_IE -> 1.5805256e-05 | P29: ='N2O per kg feed'!O77*FCR_bonefree_incl_parents_IE -> 0 | Q29: ='N2O per kg feed'!P77*FCR_bonefree_incl_parents_IE -> 0.00021885712 | S29: =SUM(T29:U29) -> 0.00063249264 | T29: =Manure!Y88*44/28 -> 0.00010126684 | U29: =NH3_per_kg_IE*17/14*Manure!V117 -> 0.00053122581 | V29: =Energy_stables_IE/Bonefree_outof_CW_IE*(Share_heating_IE*(Share_biofuels_IE*EF_biofuel_N2O+(1-Share_biofuels_IE)*EF_oil_N2O)+(1-Share_heating_IE)*EF_el_N2O_IE) -> 2.1496515e-05 | W29: =(Energy_slaughter_el_IE*EF_el_N2O_IE+Energy_slaughter_oil_IE*EF_oil_N2O)/Bonefree_outof_CW_IE -> 3.3802335e-05
A30: A01QV | B30: Bovine muscle | C30: Meat and meat products | D30: Ireland | E30: IE | F30: CO2e | G30: =SUM(H30:W30) -> 5.6458505 | H30: =SUMPRODUCT(H27:H29,'Parameters, general'!$B$13:$B$15) -> 0.42107209 | I30: =SUMPRODUCT(I27:I29,'Parameters, general'!$B$13:$B$15) -> 0.19094738 | J30: =SUMPRODUCT(J27:J29,'Parameters, general'!$B$13:$B$15) -> 2.007706 | K30: =SUMPRODUCT(K27:K29,'Parameters, general'!$B$13:$B$15) -> 0.080267913 | L30: =SUMPRODUCT(L27:L29,'Parameters, general'!$B$13:$B$15) -> 0.23905649 | M30: =SUMPRODUCT(M27:M29,'Parameters, general'!$B$13:$B$15) -> 0 | N30: =SUMPRODUCT(N27:N29,'Parameters, general'!$B$13:$B$15) -> 0 | O30: =SUMPRODUCT(O27:O29,'Parameters, general'!$B$13:$B$15) -> 0.20550283 | ... S30: =SUMPRODUCT(S27:S29,'Parameters, general'!$B$13:$B$15) -> 0.50751618 | V30: =SUMPRODUCT(V27:V29,'Parameters, general'!$B$13:$B$15) -> 0.33451957 | W30: =SUMPRODUCT(W27:W29,'Parameters, general'!$B$13:$B$15) -> 0.96214697 | Y30: =SUM(H30:Q30) -> 3.523305 | Z30: ='CO2 per kg feed'!F77+'CH4 per kg feed'!F77*CF_GWP_CH4_fossil+'N2O per kg feed'!F77*CF_GWP_N2O -> 0.55339912
A31: A01QV | B31: Bovine muscle | C31: Meat and meat products | D31: Italy | E31: IT | F31: CO2 | G31: =SUM(H31:W31) -> 3.4279729 | H31: ='CO2 per kg feed'!G89*FCR_bonefree_incl_parents_IT-Excreted_N_after_losses_IT*Manure_repl_factor_IT*(EF_min_fert_BAT_CO2*Frac_BAT_IT+EF_min_fert_AN_CO2*Frac_AN_IT) -> 0.25444396 | I31: ='CO2 per kg feed'!H89*FCR_bonefree_incl_parents_IT -> 0.15431962 | J31: ='CO2 per kg feed'!I89*FCR_bonefree_incl_parents_IT -> 1.2050269 | L31: ='CO2 per kg feed'!K89*FCR_bonefree_incl_parents_IT -> 0.23178064 | N31: ='CO2 per kg feed'!M89*FCR_bonefree_incl_parents_IT -> 0 | O31: ='CO2 per kg feed'!N89*FCR_bonefree_incl_parents_IT -> 0.19911574 | P31: ='CO2 per kg feed'!O89*FCR_bonefree_incl_parents_IT -> 0.096183216 | Q31: ='CO2 per kg feed'!P89*FCR_bonefree_incl_parents_IT -> 0.071861229 | V31: =Energy_stables_IT/Bonefree_outof_CW_IT*(Share_heating_IT*(Share_biofuels_IT*EF_biofuels_CO2+(1-Share_biofuels_IT)*EF_oil_CO2)+(1-Share_heating_IT)*EF_el_CO2_IT) -> 0.31391891 | W31: =(Energy_slaughter_el_IT*EF_el_CO2_IT+Energy_slaughter_oil_IT*EF_oil_CO2)/Bonefree_outof_CW_IT -> 0.90132266
A32: A01QV | B32: Bovine muscle | C32: Meat and meat products | D32: Italy | E32: IT | F32: CH4 | G32: =SUM(H32:W32) -> 0.051942095 | H32: ='CH4 per kg feed'!G89*FCR_bonefree_incl_parents_IT-Excreted_N_after_losses_IT*Manure_repl_factor_IT*(EF_min_fert_BAT_CH4*Frac_BAT_IT+EF_min_fert_AN_CH4*Frac_AN_IT) -> 0.00030406944 | I32: ='CH4 per kg feed'!H89*FCR_bonefree_incl_parents_IT -> 0.00052655737 | L32: ='CH4 per kg feed'!K89*FCR_bonefree_incl_parents_IT -> 0.00010043929 | N32: ='CH4 per kg feed'!M89*FCR_bonefree_incl_parents_IT -> 0 | O32: ='CH4 per kg feed'!N89*FCR_bonefree_incl_parents_IT -> 6.9538829e-05 | P32: ='CH4 per kg feed'!O89*FCR_bonefree_incl_parents_IT -> 0 | Q32: ='CH4 per kg feed'!P89*FCR_bonefree_incl_parents_IT -> 0.013795039 | R32: =(Production!H37+Production!H38+Production!H39*4/12)*EF_ent_ferm_IT -> 0.010683314 | S32: =SUM(T32:U32) -> 0.011236433 | T32: =Manure!AC32 -> 0.011236433 | V32: =Energy_stables_IT/Bonefree_outof_CW_IT*(Share_heating_IT*(Share_biofuels_IT*EF_biofuel_CH4+(1-Share_biofuels_IT)*EF_oil_CH4)+(1-Share_heating_IT)*EF_el_CH4_IT) -> 0.00085209001 | W32: =(Energy_slaughter_el_IT*EF_el_CH4_IT+Energy_slaughter_oil_IT*EF_oil_CH4)/Bonefree_outof_CW_IT -> 0.0031381818
A33: A01QV | B33: Bovine muscle | C33: Meat and meat products | D33: Italy | E33: IT | F33: N2O | G33: =SUM(H33:W33) -> 0.00546353 | H33: ='N2O per kg feed'!G89*FCR_bonefree_incl_parents_IT-Excreted_N_after_losses_IT*Manure_repl_factor_IT*(EF_min_fert_BAT_N2O*Frac_BAT_IT+EF_min_fert_AN_N2O*Frac_AN_IT) -> 0.00057716801 | I33: ='N2O per kg feed'!H89*FCR_bonefree_incl_parents_IT -> 7.6689942e-05 | J33: ='N2O per kg feed'!I89*FCR_bonefree_incl_parents_IT-Excreted_N_after_losses_IT*Manure_repl_factor_IT*EF_N2O_diff_IT -> 0.0029402166 | K33: =J33*EF_indirect_N2O_IT -> 0.00029402166 | L33: ='N2O per kg feed'!K89*FCR_bonefree_incl_parents_IT -> 1.5687779e-05 | N33: ='N2O per kg feed'!M89*FCR_bonefree_incl_parents_IT -> 0 | O33: ='N2O per kg feed'!N89*FCR_bonefree_incl_parents_IT -> 1.5805256e-05 | P33: ='N2O per kg feed'!O89*FCR_bonefree_incl_parents_IT -> 0 | Q33: ='N2O per kg feed'!P89*FCR_bonefree_incl_parents_IT -> 0.00021885712 | S33: =SUM(T33:U33) -> 0.00063249264 | T33: =Manure!AC88*44/28 -> 0.00010126684 | U33: =NH3_per_kg_IT*17/14*Manure!Z117 -> 0.00053122581 | V33: =Energy_stables_IT/Bonefree_outof_CW_IT*(Share_heating_IT*(Share_biofuels_IT*EF_biofuel_N2O+(1-Share_biofuels_IT)*EF_oil_N2O)+(1-Share_heating_IT)*EF_el_N2O_IT) -> 2.2469536e-05 | W33: =(Energy_slaughter_el_IT*EF_el_N2O_IT+Energy_slaughter_oil_IT*EF_oil_N2O)/Bonefree_outof_CW_IT -> 3.7628778e-05
A34: A01QV | B34: Bovine muscle | C34: Meat and meat products | D34: Italy | E34: IT | F34: CO2e | G34: =SUM(H34:W34) -> 5.9598748 | H34: =SUMPRODUCT(H31:H33,'Parameters, general'!$B$13:$B$15) -> 0.42107209 | I34: =SUMPRODUCT(I31:I33,'Parameters, general'!$B$13:$B$15) -> 0.19094738 | J34: =SUMPRODUCT(J31:J33,'Parameters, general'!$B$13:$B$15) -> 2.007706 | K34: =SUMPRODUCT(K31:K33,'Parameters, general'!$B$13:$B$15) -> 0.080267913 | L34: =SUMPRODUCT(L31:L33,'Parameters, general'!$B$13:$B$15) -> 0.23905649 | M34: =SUMPRODUCT(M31:M33,'Parameters, general'!$B$13:$B$15) -> 0 | N34: =SUMPRODUCT(N31:N33,'Parameters, general'!$B$13:$B$15) -> 0 | O34: =SUMPRODUCT(O31:O33,'Parameters, general'!$B$13:$B$15) -> 0.20550283 | ... S34: =SUMPRODUCT(S31:S33,'Parameters, general'!$B$13:$B$15) -> 0.50751618 | V34: =SUMPRODUCT(V31:V33,'Parameters, general'!$B$13:$B$15) -> 0.34544537 | W34: =SUMPRODUCT(W31:W33,'Parameters, general'!$B$13:$B$15) -> 1.0051131 | Y34: =SUM(H34:Q34) -> 3.7834373 | Z34: ='CO2 per kg feed'!F89+'CH4 per kg feed'!F89*CF_GWP_CH4_fossil+'N2O per kg feed'!F89*CF_GWP_N2O -> 0.59225411
A35: A01QV | B35: Bovine muscle | C35: Meat and meat products | D35: Netherland | E35: NL | F35: CO2 | G35: =SUM(H35:W35) -> 3.7056833 | H35: ='CO2 per kg feed'!G101*FCR_bonefree_incl_parents_NL-Excreted_N_after_losses_NL*Manure_repl_factor_NL*(EF_min_fert_BAT_CO2*Frac_BAT_NL+EF_min_fert_AN_CO2*Frac_AN_NL) -> 0.25444396 | I35: ='CO2 per kg feed'!H101*FCR_bonefree_incl_parents_NL -> 0.15431962 | J35: ='CO2 per kg feed'!I101*FCR_bonefree_incl_parents_NL -> 1.2050269 | L35: ='CO2 per kg feed'!K101*FCR_bonefree_incl_parents_NL -> 0.23178064 | N35: ='CO2 per kg feed'!M101*FCR_bonefree_incl_parents_NL -> 0 | O35: ='CO2 per kg feed'!N101*FCR_bonefree_incl_parents_NL -> 0.19911574 | P35: ='CO2 per kg feed'!O101*FCR_bonefree_incl_parents_NL -> 0.096183216 | Q35: ='CO2 per kg feed'!P101*FCR_bonefree_incl_parents_NL -> 0.071861229 | V35: =Energy_stables_NL/Bonefree_outof_CW_NL*(Share_heating_NL*(Share_biofuels_NL*EF_biofuels_CO2+(1-Share_biofuels_NL)*EF_oil_CO2)+(1-Share_heating_NL)*EF_el_CO2_NL) -> 0.37022063 | W35: =(Energy_slaughter_el_NL*EF_el_CO2_NL+Energy_slaughter_oil_NL*EF_oil_CO2)/Bonefree_outof_CW_NL -> 1.1227313
A36: A01QV | B36: Bovine muscle | C36: Meat and meat products | D36: Netherland | E36: NL | F36: CH4 | G36: =SUM(H36:W36) -> 0.041670168 | H36: ='CH4 per kg feed'!G101*FCR_bonefree_incl_parents_NL-Excreted_N_after_losses_NL*Manure_repl_factor_NL*(EF_min_fert_BAT_CH4*Frac_BAT_NL+EF_min_fert_AN_CH4*Frac_AN_NL) -> 0.00030406944 | I36: ='CH4 per kg feed'!H101*FCR_bonefree_incl_parents_NL -> 0.00052655737 | L36: ='CH4 per kg feed'!K101*FCR_bonefree_incl_parents_NL -> 0.00010043929 | N36: ='CH4 per kg feed'!M101*FCR_bonefree_incl_parents_NL -> 0 | O36: ='CH4 per kg feed'!N101*FCR_bonefree_incl_parents_NL -> 6.9538829e-05 | P36: ='CH4 per kg feed'!O101*FCR_bonefree_incl_parents_NL -> 0 | Q36: ='CH4 per kg feed'!P101*FCR_bonefree_incl_parents_NL -> 0.0050657669 | R36: =(Production!I37+Production!I38+Production!I39*4/12)*EF_ent_ferm_NL -> 0.010683314 | S36: =SUM(T36:U36) -> 0.011236433 | T36: =Manure!AG32 -> 0.011236433 | V36: =Energy_stables_NL/Bonefree_outof_CW_NL*(Share_heating_NL*(Share_biofuels_NL*EF_biofuel_CH4+(1-Share_biofuels_NL)*EF_oil_CH4)+(1-Share_heating_NL)*EF_el_CH4_NL) -> 0.00053933926 | W36: =(Energy_slaughter_el_NL*EF_el_CH4_NL+Energy_slaughter_oil_NL*EF_oil_CH4)/Bonefree_outof_CW_NL -> 0.0019082775
A37: A01QV | B37: Bovine muscle | C37: Meat and meat products | D37: Netherland | E37: NL | F37: N2O | G37: =SUM(H37:W37) -> 0.0054717008 | H37: ='N2O per kg feed'!G101*FCR_bonefree_incl_parents_NL-Excreted_N_after_losses_NL*Manure_repl_factor_NL*(EF_min_fert_BAT_N2O*Frac_BAT_NL+EF_min_fert_AN_N2O*Frac_AN_NL) -> 0.00057716801 | I37: ='N2O per kg feed'!H101*FCR_bonefree_incl_parents_NL -> 7.6689942e-05 | J37: ='N2O per kg feed'!I101*FCR_bonefree_incl_parents_NL-Excreted_N_after_losses_NL*Manure_repl_factor_NL*EF_N2O_diff_NL -> 0.0029402166 | K37: =J37*EF_indirect_N2O_NL -> 0.00029402166 | L37: ='N2O per kg feed'!K101*FCR_bonefree_incl_parents_NL -> 1.5687779e-05 | N37: ='N2O per kg feed'!M101*FCR_bonefree_incl_parents_NL -> 0 | O37: ='N2O per kg feed'!N101*FCR_bonefree_incl_parents_NL -> 1.5805256e-05 | P37: ='N2O per kg feed'!O101*FCR_bonefree_incl_parents_NL -> 0 | Q37: ='N2O per kg feed'!P101*FCR_bonefree_incl_parents_NL -> 0.00021885712 | S37: =SUM(T37:U37) -> 0.00063249264 | T37: =Manure!AG88*44/28 -> 0.00010126684 | U37: =NH3_per_kg_NL*17/14*Manure!AD117 -> 0.00053122581 | V37: =Energy_stables_NL/Bonefree_outof_CW_NL*(Share_heating_NL*(Share_biofuels_NL*EF_biofuel_N2O+(1-Share_biofuels_NL)*EF_oil_N2O)+(1-Share_heating_NL)*EF_el_N2O_NL) -> 2.412605e-05 | W37: =(Energy_slaughter_el_NL*EF_el_N2O_NL+Energy_slaughter_oil_NL*EF_oil_N2O)/Bonefree_outof_CW_NL -> 4.4143083e-05
A38: A01QV | B38: Bovine muscle | C38: Meat and meat products | D38: Netherland | E38: NL | F38: CO2e | G38: =SUM(H38:W38) -> 5.9337124 | H38: =SUMPRODUCT(H35:H37,'Parameters, general'!$B$13:$B$15) -> 0.42107209 | I38: =SUMPRODUCT(I35:I37,'Parameters, general'!$B$13:$B$15) -> 0.19094738 | J38: =SUMPRODUCT(J35:J37,'Parameters, general'!$B$13:$B$15) -> 2.007706 | K38: =SUMPRODUCT(K35:K37,'Parameters, general'!$B$13:$B$15) -> 0.080267913 | L38: =SUMPRODUCT(L35:L37,'Parameters, general'!$B$13:$B$15) -> 0.23905649 | M38: =SUMPRODUCT(M35:M37,'Parameters, general'!$B$13:$B$15) -> 0 | N38: =SUMPRODUCT(N35:N37,'Parameters, general'!$B$13:$B$15) -> 0 | O38: =SUMPRODUCT(O35:O37,'Parameters, general'!$B$13:$B$15) -> 0.20550283 | ... S38: =SUMPRODUCT(S35:S37,'Parameters, general'!$B$13:$B$15) -> 0.50751618 | V38: =SUMPRODUCT(V35:V37,'Parameters, general'!$B$13:$B$15) -> 0.39287935 | W38: =SUMPRODUCT(W35:W37,'Parameters, general'!$B$13:$B$15) -> 1.1916491 | Y38: =SUM(H38:Q38) -> 3.523305 | Z38: ='CO2 per kg feed'!F101+'CH4 per kg feed'!F101*CF_GWP_CH4_fossil+'N2O per kg feed'!F101*CF_GWP_N2O -> 0.55339912
A39: A01QV | B39: Bovine muscle | C39: Meat and meat products | D39: Poland | E39: PL | F39: CO2 | G39: =SUM(H39:W39) -> 4.8251701 | H39: ='CO2 per kg feed'!G113*FCR_bonefree_incl_parents_PL-Excreted_N_after_losses_PL*Manure_repl_factor_PL*(EF_min_fert_BAT_CO2*Frac_BAT_PL+EF_min_fert_AN_CO2*Frac_AN_PL) -> 0.25444396 | I39: ='CO2 per kg feed'!H113*FCR_bonefree_incl_parents_PL -> 0.15431962 | J39: ='CO2 per kg feed'!I113*FCR_bonefree_incl_parents_PL -> 1.2050269 | L39: ='CO2 per kg feed'!K113*FCR_bonefree_incl_parents_PL -> 0.23178064 | N39: ='CO2 per kg feed'!M113*FCR_bonefree_incl_parents_PL -> 0 | O39: ='CO2 per kg feed'!N113*FCR_bonefree_incl_parents_PL -> 0.19911574 | P39: ='CO2 per kg feed'!O113*FCR_bonefree_incl_parents_PL -> 0.096183216 | Q39: ='CO2 per kg feed'!P113*FCR_bonefree_incl_parents_PL -> 0.071861229 | V39: =Energy_stables_PL/Bonefree_outof_CW_PL*(Share_heating_PL*(Share_biofuels_PL*EF_biofuels_CO2+(1-Share_biofuels_PL)*EF_oil_CO2)+(1-Share_heating_PL)*EF_el_CO2_PL) -> 0.5971802 | W39: =(Energy_slaughter_el_PL*EF_el_CO2_PL+Energy_slaughter_oil_PL*EF_oil_CO2)/Bonefree_outof_CW_PL -> 2.0152586
A40: A01QV | B40: Bovine muscle | C40: Meat and meat products | D40: Poland | E40: PL | F40: CH4 | G40: =SUM(H40:W40) -> 0.052494572 | H40: ='CH4 per kg feed'!G113*FCR_bonefree_incl_parents_PL-Excreted_N_after_losses_PL*Manure_repl_factor_PL*(EF_min_fert_BAT_CH4*Frac_BAT_PL+EF_min_fert_AN_CH4*Frac_AN_PL) -> 0.00030406944 | I40: ='CH4 per kg feed'!H113*FCR_bonefree_incl_parents_PL -> 0.00052655737 | L40: ='CH4 per kg feed'!K113*FCR_bonefree_incl_parents_PL -> 0.00010043929 | N40: ='CH4 per kg feed'!M113*FCR_bonefree_incl_parents_PL -> 0 | O40: ='CH4 per kg feed'!N113*FCR_bonefree_incl_parents_PL -> 6.9538829e-05 | P40: ='CH4 per kg feed'!O113*FCR_bonefree_incl_parents_PL -> 0 | Q40: ='CH4 per kg feed'!P113*FCR_bonefree_incl_parents_PL -> 0.013795039 | R40: =(Production!J37+Production!J38+Production!J39*4/12)*EF_ent_ferm_PL -> 0.010683314 | S40: =SUM(T40:U40) -> 0.011236433 | T40: =Manure!AK32 -> 0.011236433 | V40: =Energy_stables_PL/Bonefree_outof_CW_PL*(Share_heating_PL*(Share_biofuels_PL*EF_biofuel_CH4+(1-Share_biofuels_PL)*EF_oil_CH4)+(1-Share_heating_PL)*EF_el_CH4_PL) -> 0.00096409668 | W40: =(Energy_slaughter_el_PL*EF_el_CH4_PL+Energy_slaughter_oil_PL*EF_oil_CH4)/Bonefree_outof_CW_PL -> 0.0035786524
A41: A01QV | B41: Bovine muscle | C41: Meat and meat products | D41: Poland | E41: PL | F41: N2O | G41: =SUM(H41:W41) -> 0.0054662241 | H41: ='N2O per kg feed'!G113*FCR_bonefree_incl_parents_PL-Excreted_N_after_losses_PL*Manure_repl_factor_PL*(EF_min_fert_BAT_N2O*Frac_BAT_PL+EF_min_fert_AN_N2O*Frac_AN_PL) -> 0.00057716801 | I41: ='N2O per kg feed'!H113*FCR_bonefree_incl_parents_PL -> 7.6689942e-05 | J41: ='N2O per kg feed'!I113*FCR_bonefree_incl_parents_PL-Excreted_N_after_losses_PL*Manure_repl_factor_PL*EF_N2O_diff_PL -> 0.0029402166 | K41: =J41*EF_indirect_N2O_PL -> 0.00029402166 | L41: ='N2O per kg feed'!K113*FCR_bonefree_incl_parents_PL -> 1.5687779e-05 | N41: ='N2O per kg feed'!M113*FCR_bonefree_incl_parents_PL -> 0 | O41: ='N2O per kg feed'!N113*FCR_bonefree_incl_parents_PL -> 1.5805256e-05 | P41: ='N2O per kg feed'!O113*FCR_bonefree_incl_parents_PL -> 0 | Q41: ='N2O per kg feed'!P113*FCR_bonefree_incl_parents_PL -> 0.00021885712 | S41: =SUM(T41:U41) -> 0.00063249264 | T41: =Manure!AK88*44/28 -> 0.00010126684 | U41: =NH3_per_kg_PL*17/14*Manure!AH117 -> 0.00053122581 | V41: =Energy_stables_PL/Bonefree_outof_CW_PL*(Share_heating_PL*(Share_biofuels_PL*EF_biofuel_N2O+(1-Share_biofuels_PL)*EF_oil_N2O)+(1-Share_heating_PL)*EF_el_N2O_PL) -> 2.3015742e-05 | W41: =(Energy_slaughter_el_PL*EF_el_N2O_PL+Energy_slaughter_oil_PL*EF_oil_N2O)/Bonefree_outof_CW_PL -> 3.9776756e-05
A42: A01QV | B42: Bovine muscle | C42: Meat and meat products | D42: Poland | E42: PL | F42: CO2e | G42: =SUM(H42:W42) -> 7.3742714 | H42: =SUMPRODUCT(H39:H41,'Parameters, general'!$B$13:$B$15) -> 0.42107209 | I42: =SUMPRODUCT(I39:I41,'Parameters, general'!$B$13:$B$15) -> 0.19094738 | J42: =SUMPRODUCT(J39:J41,'Parameters, general'!$B$13:$B$15) -> 2.007706 | K42: =SUMPRODUCT(K39:K41,'Parameters, general'!$B$13:$B$15) -> 0.080267913 | L42: =SUMPRODUCT(L39:L41,'Parameters, general'!$B$13:$B$15) -> 0.23905649 | M42: =SUMPRODUCT(M39:M41,'Parameters, general'!$B$13:$B$15) -> 0 | N42: =SUMPRODUCT(N39:N41,'Parameters, general'!$B$13:$B$15) -> 0 | O42: =SUMPRODUCT(O39:O41,'Parameters, general'!$B$13:$B$15) -> 0.20550283 | ... S42: =SUMPRODUCT(S39:S41,'Parameters, general'!$B$13:$B$15) -> 0.50751618 | V42: =SUMPRODUCT(V39:V41,'Parameters, general'!$B$13:$B$15) -> 0.63219358 | W42: =SUMPRODUCT(W39:W41,'Parameters, general'!$B$13:$B$15) -> 2.1327615 | Y42: =SUM(H42:Q42) -> 3.7834373 | Z42: ='CO2 per kg feed'!F113+'CH4 per kg feed'!F113*CF_GWP_CH4_fossil+'N2O per kg feed'!F113*CF_GWP_N2O -> 0.59225411
A43: A01QV | B43: Bovine muscle | C43: Meat and meat products | D43: Spain | E43: ES | F43: CO2 | G43: =SUM(H43:W43) -> 3.1710619 | H43: ='CO2 per kg feed'!G125*FCR_bonefree_incl_parents_ES-Excreted_N_after_losses_ES*Manure_repl_factor_ES*(EF_min_fert_BAT_CO2*Frac_BAT_ES+EF_min_fert_AN_CO2*Frac_AN_ES) -> 0.25444396 | I43: ='CO2 per kg feed'!H125*FCR_bonefree_incl_parents_ES -> 0.15431962 | J43: ='CO2 per kg feed'!I125*FCR_bonefree_incl_parents_ES -> 1.2050269 | L43: ='CO2 per kg feed'!K125*FCR_bonefree_incl_parents_ES -> 0.23178064 | N43: ='CO2 per kg feed'!M125*FCR_bonefree_incl_parents_ES -> 0 | O43: ='CO2 per kg feed'!N125*FCR_bonefree_incl_parents_ES -> 0.19911574 | P43: ='CO2 per kg feed'!O125*FCR_bonefree_incl_parents_ES -> 0.096183216 | Q43: ='CO2 per kg feed'!P125*FCR_bonefree_incl_parents_ES -> 0.071861229 | V43: =Energy_stables_ES/Bonefree_outof_CW_ES*(Share_heating_ES*(Share_biofuels_ES*EF_biofuels_CO2+(1-Share_biofuels_ES)*EF_oil_CO2)+(1-Share_heating_ES)*EF_el_CO2_ES) -> 0.26183396 | W43: =(Energy_slaughter_el_ES*EF_el_CO2_ES+Energy_slaughter_oil_ES*EF_oil_CO2)/Bonefree_outof_CW_ES -> 0.69649659
A44: A01QV | B44: Bovine muscle | C44: Meat and meat products | D44: Spain | E44: ES | F44: CH4 | G44: =SUM(H44:W44) -> 0.04130843 | H44: ='CH4 per kg feed'!G125*FCR_bonefree_incl_parents_ES-Excreted_N_after_losses_ES*Manure_repl_factor_ES*(EF_min_fert_BAT_CH4*Frac_BAT_ES+EF_min_fert_AN_CH4*Frac_AN_ES) -> 0.00030406944 | I44: ='CH4 per kg feed'!H125*FCR_bonefree_incl_parents_ES -> 0.00052655737 | L44: ='CH4 per kg feed'!K125*FCR_bonefree_incl_parents_ES -> 0.00010043929 | N44: ='CH4 per kg feed'!M125*FCR_bonefree_incl_parents_ES -> 0 | O44: ='CH4 per kg feed'!N125*FCR_bonefree_incl_parents_ES -> 6.9538829e-05 | P44: ='CH4 per kg feed'!O125*FCR_bonefree_incl_parents_ES -> 0 | Q44: ='CH4 per kg feed'!P125*FCR_bonefree_incl_parents_ES -> 0.0050657669 | R44: =(Production!K37+Production!K38+Production!K39*4/12)*EF_ent_ferm_ES -> 0.010683314 | S44: =SUM(T44:U44) -> 0.011236433 | T44: =Manure!AO32 -> 0.011236433 | V44: =Energy_stables_ES/Bonefree_outof_CW_ES*(Share_heating_ES*(Share_biofuels_ES*EF_biofuel_CH4+(1-Share_biofuels_ES)*EF_oil_CH4)+(1-Share_heating_ES)*EF_el_CH4_ES) -> 0.00046600223 | W44: =(Energy_slaughter_el_ES*EF_el_CH4_ES+Energy_slaughter_oil_ES*EF_oil_CH4)/Bonefree_outof_CW_ES -> 0.0016198768
A45: A01QV | B45: Bovine muscle | C45: Meat and meat products | D45: Spain | E45: ES | F45: N2O | G45: =SUM(H45:W45) -> 0.0054534503 | H45: ='N2O per kg feed'!G125*FCR_bonefree_incl_parents_ES-Excreted_N_after_losses_ES*Manure_repl_factor_ES*(EF_min_fert_BAT_N2O*Frac_BAT_ES+EF_min_fert_AN_N2O*Frac_AN_ES) -> 0.00057716801 | I45: ='N2O per kg feed'!H125*FCR_bonefree_incl_parents_ES -> 7.6689942e-05 | J45: ='N2O per kg feed'!I125*FCR_bonefree_incl_parents_ES-Excreted_N_after_losses_ES*Manure_repl_factor_ES*EF_N2O_diff_ES -> 0.0029402166 | K45: =J45*EF_indirect_N2O_ES -> 0.00029402166 | L45: ='N2O per kg feed'!K125*FCR_bonefree_incl_parents_ES -> 1.5687779e-05 | N45: ='N2O per kg feed'!M125*FCR_bonefree_incl_parents_ES -> 0 | O45: ='N2O per kg feed'!N125*FCR_bonefree_incl_parents_ES -> 1.5805256e-05 | P45: ='N2O per kg feed'!O125*FCR_bonefree_incl_parents_ES -> 0 | Q45: ='N2O per kg feed'!P125*FCR_bonefree_incl_parents_ES -> 0.00021885712 | S45: =SUM(T45:U45) -> 0.00063249264 | T45: =Manure!AO88*44/28 -> 0.00010126684 | U45: =NH3_per_kg_ES*17/14*Manure!AL117 -> 0.00053122581 | V45: =Energy_stables_ES/Bonefree_outof_CW_ES*(Share_heating_ES*(Share_biofuels_ES*EF_biofuel_N2O+(1-Share_biofuels_ES)*EF_oil_N2O)+(1-Share_heating_ES)*EF_el_N2O_ES) -> 2.0426031e-05 | W45: =(Energy_slaughter_el_ES*EF_el_N2O_ES+Energy_slaughter_oil_ES*EF_oil_N2O)/Bonefree_outof_CW_ES -> 2.9592619e-05
A46: A01QV | B46: Bovine muscle | C46: Meat and meat products | D46: Spain | E46: ES | F46: CO2e | G46: =SUM(H46:W46) -> 5.3833288 | H46: =SUMPRODUCT(H43:H45,'Parameters, general'!$B$13:$B$15) -> 0.42107209 | I46: =SUMPRODUCT(I43:I45,'Parameters, general'!$B$13:$B$15) -> 0.19094738 | J46: =SUMPRODUCT(J43:J45,'Parameters, general'!$B$13:$B$15) -> 2.007706 | K46: =SUMPRODUCT(K43:K45,'Parameters, general'!$B$13:$B$15) -> 0.080267913 | L46: =SUMPRODUCT(L43:L45,'Parameters, general'!$B$13:$B$15) -> 0.23905649 | M46: =SUMPRODUCT(M43:M45,'Parameters, general'!$B$13:$B$15) -> 0 | N46: =SUMPRODUCT(N43:N45,'Parameters, general'!$B$13:$B$15) -> 0 | O46: =SUMPRODUCT(O43:O45,'Parameters, general'!$B$13:$B$15) -> 0.20550283 | ... S46: =SUMPRODUCT(S43:S45,'Parameters, general'!$B$13:$B$15) -> 0.50751618 | V46: =SUMPRODUCT(V43:V45,'Parameters, general'!$B$13:$B$15) -> 0.28129713 | W46: =SUMPRODUCT(W43:W45,'Parameters, general'!$B$13:$B$15) -> 0.75284771 | Y46: =SUM(H46:Q46) -> 3.523305 | Z46: ='CO2 per kg feed'!F125+'CH4 per kg feed'!F125*CF_GWP_CH4_fossil+'N2O per kg feed'!F125*CF_GWP_N2O -> 0.55339912
A47: A01QV | B47: Bovine muscle | C47: Meat and meat products | D47: Sweden | E47: SE | F47: CO2 | G47: =SUM(H47:W47) -> 2.6788552 | H47: ='CO2 per kg feed'!G137*FCR_bonefree_incl_parents_SE-Excreted_N_after_losses_SE*Manure_repl_factor_SE*(EF_min_fert_BAT_CO2*Frac_BAT_SE+EF_min_fert_AN_CO2*Frac_AN_SE) -> 0.25481277 | I47: ='CO2 per kg feed'!H137*FCR_bonefree_incl_parents_SE -> 0.15431962 | J47: ='CO2 per kg feed'!I137*FCR_bonefree_incl_parents_SE -> 1.2050269 | L47: ='CO2 per kg feed'!K137*FCR_bonefree_incl_parents_SE -> 0.23178064 | N47: ='CO2 per kg feed'!M137*FCR_bonefree_incl_parents_SE -> 0 | O47: ='CO2 per kg feed'!N137*FCR_bonefree_incl_parents_SE -> 0.19911574 | P47: ='CO2 per kg feed'!O137*FCR_bonefree_incl_parents_SE -> 0.096183216 | Q47: ='CO2 per kg feed'!P137*FCR_bonefree_incl_parents_SE -> 0.071861229 | V47: =Energy_stables_SE*(Share_heating_SE*(Share_biofuels_SE*EF_biofuels_CO2+(1-Share_biofuels_SE)*EF_oil_CO2)+(1-Share_heating_SE)*EF_el_CO2_SE) -> 0.10422666 | W47: =(Energy_slaughter_el_SE*EF_el_CO2_SE+Energy_slaughter_oil_SE*EF_oil_CO2)/Bonefree_outof_CW_SE -> 0.36152843
A48: A01QV | B48: Bovine muscle | C48: Meat and meat products | D48: Sweden | E48: SE | F48: CH4 | G48: =SUM(H48:W48) -> 0.039551537 | H48: ='CH4 per kg feed'!G137*FCR_bonefree_incl_parents_SE-Excreted_N_after_losses_SE*Manure_repl_factor_SE*(EF_min_fert_BAT_CH4*Frac_BAT_SE+EF_min_fert_AN_CH4*Frac_AN_SE) -> 0.00030453342 | I48: ='CH4 per kg feed'!H137*FCR_bonefree_incl_parents_SE -> 0.00052655737 | L48: ='CH4 per kg feed'!K137*FCR_bonefree_incl_parents_SE -> 0.00010043929 | N48: ='CH4 per kg feed'!M137*FCR_bonefree_incl_parents_SE -> 0 | O48: ='CH4 per kg feed'!N137*FCR_bonefree_incl_parents_SE -> 6.9538829e-05 | P48: ='CH4 per kg feed'!O137*FCR_bonefree_incl_parents_SE -> 0 | Q48: ='CH4 per kg feed'!P137*FCR_bonefree_incl_parents_SE -> 0.0050657669 | R48: =(Production!L37+Production!L38+Production!L39*4/12)*EF_ent_ferm_SE -> 0.010683314 | S48: =SUM(T48:U48) -> 0.011236433 | T48: =Manure!AS32 -> 0.011236433 | V48: =Energy_stables_SE*(Share_heating_SE*(Share_biofuels_SE*EF_biofuel_CH4+(1-Share_biofuels_SE)*EF_oil_CH4)+(1-Share_heating_SE)*EF_el_CH4_SE) -> 7.0605896e-05 | W48: =(Energy_slaughter_el_SE*EF_el_CH4_SE+Energy_slaughter_oil_SE*EF_oil_CH4)/Bonefree_outof_CW_SE -> 0.00025791594
A49: A01QV | B49: Bovine muscle | C49: Meat and meat products | D49: Sweden | E49: SE | F49: N2O | G49: =SUM(H49:W49) -> 0.0066085406 | H49: ='N2O per kg feed'!G137*FCR_bonefree_incl_parents_SE-Excreted_N_after_losses_SE*Manure_repl_factor_SE*(EF_min_fert_BAT_N2O*Frac_BAT_SE+EF_min_fert_AN_N2O*Frac_AN_SE) -> 0.00057794354 | I49: ='N2O per kg feed'!H137*FCR_bonefree_incl_parents_SE -> 7.6689942e-05 | J49: ='N2O per kg feed'!I137*FCR_bonefree_incl_parents_SE-Excreted_N_after_losses_SE*Manure_repl_factor_SE*EF_N2O_diff_SE -> 0.0029413922 | K49: =J49*EF_indirect_N2O_SE -> 0.00029413922 | L49: ='N2O per kg feed'!K137*FCR_bonefree_incl_parents_SE -> 1.5687779e-05 | N49: ='N2O per kg feed'!M137*FCR_bonefree_incl_parents_SE -> 0 | O49: ='N2O per kg feed'!N137*FCR_bonefree_incl_parents_SE -> 1.5805256e-05 | P49: ='N2O per kg feed'!O137*FCR_bonefree_incl_parents_SE -> 0 | Q49: ='N2O per kg feed'!P137*FCR_bonefree_incl_parents_SE -> 0.00021885712 | S49: =SUM(T49:U49) -> 0.0012174422 | T49: =Manure!AS88*44/28 -> 0.00068825728 | U49: =NH3_per_kg_SE*17/14*Manure!AP117 -> 0.00052918493 | V49: =Energy_stables_SE*(Share_heating_SE*(Share_biofuels_SE*EF_biofuel_N2O+(1-Share_biofuels_SE)*EF_oil_N2O)+(1-Share_heating_SE)*EF_el_N2O_SE) -> 1.0942085e-05 | W49: =(Energy_slaughter_el_SE*EF_el_N2O_SE+Energy_slaughter_oil_SE*EF_oil_N2O)/Bonefree_outof_CW_SE -> 2.2198957e-05
A50: A01QV | B50: Bovine muscle | C50: Meat and meat products | D50: Sweden | E50: SE | F50: CO2e | G50: =SUM(H50:W50) -> 4.9944152 | H50: =SUMPRODUCT(H47:H49,'Parameters, general'!$B$13:$B$15) -> 0.42166645 | I50: =SUMPRODUCT(I47:I49,'Parameters, general'!$B$13:$B$15) -> 0.19094738 | J50: =SUMPRODUCT(J47:J49,'Parameters, general'!$B$13:$B$15) -> 2.008027 | K50: =SUMPRODUCT(K47:K49,'Parameters, general'!$B$13:$B$15) -> 0.080300008 | L50: =SUMPRODUCT(L47:L49,'Parameters, general'!$B$13:$B$15) -> 0.23905649 | M50: =SUMPRODUCT(M47:M49,'Parameters, general'!$B$13:$B$15) -> 0 | N50: =SUMPRODUCT(N47:N49,'Parameters, general'!$B$13:$B$15) -> 0 | O50: =SUMPRODUCT(O47:O49,'Parameters, general'!$B$13:$B$15) -> 0.20550283 | ... S50: =SUMPRODUCT(S47:S49,'Parameters, general'!$B$13:$B$15) -> 0.66720742 | V50: =SUMPRODUCT(V47:V49,'Parameters, general'!$B$13:$B$15) -> 0.1093179 | W50: =SUMPRODUCT(W47:W49,'Parameters, general'!$B$13:$B$15) -> 0.37527464 | Y50: =SUM(H50:Q50) -> 3.5242524 | Z50: ='CO2 per kg feed'!F137+'CH4 per kg feed'!F137*CF_GWP_CH4_fossil+'N2O per kg feed'!F137*CF_GWP_N2O -> 0.55339912

Sheet Production
A2: Production system | B2: DK | C2: FR | D2: DE | E2: GR | F2: HU | G2: IE | H2: IT | I2: NL | J2: PL | K2: ES | L2: SE | M2: GB
B3: Denmark | C3: France | D3: Germany | E3: Greece | F3: Hungary | G3: Ireland | H3: Italy | I3: Netherlands | J3: Poland | K3: Spain | L3: Sweden | M3: UK
A4: Animals in production per year (no)
A5: Sows | B5: 1 | C5: 1 | D5: 1 | E5: 1 | F5: 1 | G5: 1 | H5: 1 | I5: 1 | J5: 1 | K5: 1 | L5: 1 | M5: 1 | O5: Number of sows (any number can be used here)
A6: Recruitment sows | B6: =B5*'Parameters, country spec'!B12/100 -> 0.55 | C6: =C5*'Parameters, country spec'!C12/100 -> 0.55 | D6: =D5*'Parameters, country spec'!D12/100 -> 0.55 | E6: =E5*'Parameters, country spec'!E12/100 -> 0.55 | F6: =F5*'Parameters, country spec'!F12/100 -> 0.55 | G6: =G5*'Parameters, country spec'!G12/100 -> 0.55 | H6: =H5*'Parameters, country spec'!H12/100 -> 0.55 | I6: =I5*'Parameters, country spec'!I12/100 -> 0.55 | ... M6: =M5*'Parameters, country spec'!M12/100 -> 0.55 | O6: Number of sows * recruitment rate
A7: Boars | B7: =B5*Boars_per_sow -> 0.012143013 | C7: =C5*Boars_per_sow -> 0.012143013 | D7: =D5*Boars_per_sow -> 0.012143013 | E7: =E5*Boars_per_sow -> 0.012143013 | F7: =F5*Boars_per_sow -> 0.012143013 | G7: =G5*Boars_per_sow -> 0.012143013 | H7: =H5*Boars_per_sow -> 0.012143013 | I7: =I5*Boars_per_sow -> 0.012143013 | ... M7: =M5*Boars_per_sow -> 0.012143013
A8: Fattening pigs | B8: =B5*'Parameters, country spec'!B16-B6 -> 22 | C8: =C5*'Parameters, country spec'!C16-C6 -> 22 | D8: =D5*'Parameters, country spec'!D16-D6 -> 22 | E8: =E5*'Parameters, country spec'!E16-E6 -> 22 | F8: =F5*'Parameters, country spec'!F16-F6 -> 22 | G8: =G5*'Parameters, country spec'!G16-G6 -> 22 | H8: =H5*'Parameters, country spec'!H16-H6 -> 22 | I8: =I5*'Parameters, country spec'!I16-I6 -> 22 | ... M8: =M5*'Parameters, country spec'!M16-M6 -> 22 | O8: Number of sows * live piglets at weaning - recruitment sows
A9: Piglets | B9: =B5*'Parameters, country spec'!B16 -> 22.55 | C9: =C5*'Parameters, country spec'!C16 -> 22.55 | D9: =D5*'Parameters, country spec'!D16 -> 22.55 | E9: =E5*'Parameters, country spec'!E16 -> 22.55 | F9: =F5*'Parameters, country spec'!F16 -> 22.55 | G9: =G5*'Parameters, country spec'!G16 -> 22.55 | H9: =H5*'Parameters, country spec'!H16 -> 22.55 | I9: =I5*'Parameters, country spec'!I16 -> 22.55 | ... M9: =M5*'Parameters, country spec'!M16 -> 22.55 | O9: Number of sows * live piglets at weaning
A10: Total: | B10: =SUM(B5:B8) -> 23.562143 | C10: =SUM(C5:C8) -> 23.562143 | D10: =SUM(D5:D8) -> 23.562143 | E10: =SUM(E5:E8) -> 23.562143 | F10: =SUM(F5:F8) -> 23.562143 | G10: =SUM(G5:G8) -> 23.562143 | H10: =SUM(H5:H8) -> 23.562143 | I10: =SUM(I5:I8) -> 23.562143 | ... M10: =SUM(M5:M8) -> 23.562143
A11: Animals slaughtered per year (no)
A12: Sows | B12: =B5*'Parameters, country spec'!B12/100*(1-'Parameters, country spec'!B18/100) -> 0.53113947 | C12: =C5*'Parameters, country spec'!C12/100*(1-'Parameters, country spec'!C18/100) -> 0.53113947 | D12: =D5*'Parameters, country spec'!D12/100*(1-'Parameters, country spec'!D18/100) -> 0.53113947 | E12: =E5*'Parameters, country spec'!E12/100*(1-'Parameters, country spec'!E18/100) -> 0.53113947 | F12: =F5*'Parameters, country spec'!F12/100*(1-'Parameters, country spec'!F18/100) -> 0.53113947 | G12: =G5*'Parameters, country spec'!G12/100*(1-'Parameters, country spec'!G18/100) -> 0.53113947 | H12: =H5*'Parameters, country spec'!H12/100*(1-'Parameters, country spec'!H18/100) -> 0.53113947 | I12: =I5*'Parameters, country spec'!I12/100*(1-'Parameters, country spec'!I18/100) -> 0.53113947 | ... M12: =M5*'Parameters, country spec'!M12/100*(1-'Parameters, country spec'!M18/100) -> 0.53113947 | O12: Number of sows * recruitment rate * (1 - mortality sows)
A13: Boars | B13: =B7*(1-'Parameters, country spec'!B18/100) -> 0.011726606 | C13: =C7*(1-'Parameters, country spec'!C18/100) -> 0.011726606 | D13: =D7*(1-'Parameters, country spec'!D18/100) -> 0.011726606 | E13: =E7*(1-'Parameters, country spec'!E18/100) -> 0.011726606 | F13: =F7*(1-'Parameters, country spec'!F18/100) -> 0.011726606 | G13: =G7*(1-'Parameters, country spec'!G18/100) -> 0.011726606 | H13: =H7*(1-'Parameters, country spec'!H18/100) -> 0.011726606 | I13: =I7*(1-'Parameters, country spec'!I18/100) -> 0.011726606 | ... M13: =M7*(1-'Parameters, country spec'!M18/100) -> 0.011726606
A14: Fattening pigs | B14: =B8*(1-'Parameters, country spec'!B6/100)*(1-'Parameters, country spec'!B7/100) -> 21.497476 | C14: =C8*(1-'Parameters, country spec'!C6/100)*(1-'Parameters, country spec'!C7/100) -> 21.497476 | D14: =D8*(1-'Parameters, country spec'!D6/100)*(1-'Parameters, country spec'!D7/100) -> 21.497476 | E14: =E8*(1-'Parameters, country spec'!E6/100)*(1-'Parameters, country spec'!E7/100) -> 21.497476 | F14: =F8*(1-'Parameters, country spec'!F6/100)*(1-'Parameters, country spec'!F7/100) -> 21.497476 | G14: =G8*(1-'Parameters, country spec'!G6/100)*(1-'Parameters, country spec'!G7/100) -> 21.497476 | H14: =H8*(1-'Parameters, country spec'!H6/100)*(1-'Parameters, country spec'!H7/100) -> 21.497476 | I14: =I8*(1-'Parameters, country spec'!I6/100)*(1-'Parameters, country spec'!I7/100) -> 21.497476 | ... M14: =M8*(1-'Parameters, country spec'!M6/100)*(1-'Parameters, country spec'!M7/100) -> 21.497476 | O14: Number of slaughter pig adjusted for mortality and rejection at slaughter
A15: Total: | B15: =SUM(B12:B14) -> 22.040342 | C15: =SUM(C12:C14) -> 22.040342 | D15: =SUM(D12:D14) -> 22.040342 | E15: =SUM(E12:E14) -> 22.040342 | F15: =SUM(F12:F14) -> 22.040342 | G15: =SUM(G12:G14) -> 22.040342 | H15: =SUM(H12:H14) -> 22.040342 | I15: =SUM(I12:I14) -> 22.040342 | ... M15: =SUM(M12:M14) -> 22.040342
A16: Meat produced (kg CW)
A17: Sows | B17: =B12*'Parameters, country spec'!B10 -> 95.339535 | C17: =C12*'Parameters, country spec'!C10 -> 95.339535 | D17: =D12*'Parameters, country spec'!D10 -> 95.339535 | E17: =E12*'Parameters, country spec'!E10 -> 95.339535 | F17: =F12*'Parameters, country spec'!F10 -> 95.339535 | G17: =G12*'Parameters, country spec'!G10 -> 95.339535 | H17: =H12*'Parameters, country spec'!H10 -> 95.339535 | I17: =I12*'Parameters, country spec'!I10 -> 95.339535 | ... M17: =M12*'Parameters, country spec'!M10 -> 95.339535 | O17: Number of animals * slaughtering weight
A18: Boars | B18: =B13*'Parameters, country spec'!B9 -> 1.0741571 | C18: =C13*'Parameters, country spec'!C9 -> 1.0741571 | D18: =D13*'Parameters, country spec'!D9 -> 1.0741571 | E18: =E13*'Parameters, country spec'!E9 -> 1.0741571 | F18: =F13*'Parameters, country spec'!F9 -> 1.0741571 | G18: =G13*'Parameters, country spec'!G9 -> 1.0741571 | H18: =H13*'Parameters, country spec'!H9 -> 1.0741571 | I18: =I13*'Parameters, country spec'!I9 -> 1.0741571 | ... M18: =M13*'Parameters, country spec'!M9 -> 1.0741571
A19: Fattening pigs | B19: =B14*'Parameters, country spec'!B9 -> 1969.1688 | C19: =C14*'Parameters, country spec'!C9 -> 1969.1688 | D19: =D14*'Parameters, country spec'!D9 -> 1969.1688 | E19: =E14*'Parameters, country spec'!E9 -> 1969.1688 | F19: =F14*'Parameters, country spec'!F9 -> 1969.1688 | G19: =G14*'Parameters, country spec'!G9 -> 1969.1688 | H19: =H14*'Parameters, country spec'!H9 -> 1969.1688 | I19: =I14*'Parameters, country spec'!I9 -> 1969.1688 | ... M19: =M14*'Parameters, country spec'!M9 -> 1969.1688
A20: Total: | B20: =SUM(B17:B19) -> 2065.5825 | C20: =SUM(C17:C19) -> 2065.5825 | D20: =SUM(D17:D19) -> 2065.5825 | E20: =SUM(E17:E19) -> 2065.5825 | F20: =SUM(F17:F19) -> 2065.5825 | G20: =SUM(G17:G19) -> 2065.5825 | H20: =SUM(H17:H19) -> 2065.5825 | I20: =SUM(I17:I19) -> 2065.5825 | ... M20: =SUM(M17:M19) -> 2065.5825
A21: Meat produced (kg bonefree)
A22: Sows | B22: =B17*Bonefree_outof_CW_SE -> 56.250326 | C22: =C17*Bonefree_outof_CW_SE -> 56.250326 | D22: =D17*Bonefree_outof_CW_SE -> 56.250326 | E22: =E17*Bonefree_outof_CW_SE -> 56.250326 | F22: =F17*Bonefree_outof_CW_SE -> 56.250326 | G22: =G17*Bonefree_outof_CW_SE -> 56.250326 | H22: =H17*Bonefree_outof_CW_SE -> 56.250326 | I22: =I17*Bonefree_outof_CW_SE -> 56.250326 | ... M22: =M17*Bonefree_outof_CW_SE -> 56.250326
A23: Boars | B23: =B18*Bonefree_outof_CW_SE -> 0.63375271 | C23: =C18*Bonefree_outof_CW_SE -> 0.63375271 | D23: =D18*Bonefree_outof_CW_SE -> 0.63375271 | E23: =E18*Bonefree_outof_CW_SE -> 0.63375271 | F23: =F18*Bonefree_outof_CW_SE -> 0.63375271 | G23: =G18*Bonefree_outof_CW_SE -> 0.63375271 | H23: =H18*Bonefree_outof_CW_SE -> 0.63375271 | I23: =I18*Bonefree_outof_CW_SE -> 0.63375271 | ... M23: =M18*Bonefree_outof_CW_SE -> 0.63375271
A24: Fattening pigs | B24: =B19*Bonefree_outof_CW_SE -> 1161.8096 | C24: =C19*Bonefree_outof_CW_SE -> 1161.8096 | D24: =D19*Bonefree_outof_CW_SE -> 1161.8096 | E24: =E19*Bonefree_outof_CW_SE -> 1161.8096 | F24: =F19*Bonefree_outof_CW_SE -> 1161.8096 | G24: =G19*Bonefree_outof_CW_SE -> 1161.8096 | H24: =H19*Bonefree_outof_CW_SE -> 1161.8096 | I24: =I19*Bonefree_outof_CW_SE -> 1161.8096 | ... M24: =M19*Bonefree_outof_CW_SE -> 1161.8096
A25: Total: | B25: =SUM(B22:B24) -> 1218.6937 | C25: =SUM(C22:C24) -> 1218.6937 | D25: =SUM(D22:D24) -> 1218.6937 | E25: =SUM(E22:E24) -> 1218.6937 | F25: =SUM(F22:F24) -> 1218.6937 | G25: =SUM(G22:G24) -> 1218.6937 | H25: =SUM(H22:H24) -> 1218.6937 | I25: =SUM(I22:I24) -> 1218.6937 | ... M25: =SUM(M22:M24) -> 1218.6937
A26: Offal produced (kg edible)
A27: Sows | B27: =B12*'Parameters, country spec'!B11 -> 0.72978563 | C27: =C12*'Parameters, country spec'!C11 -> 0.72978563 | D27: =D12*'Parameters, country spec'!D11 -> 0.72978563 | E27: =E12*'Parameters, country spec'!E11 -> 0.72978563 | F27: =F12*'Parameters, country spec'!F11 -> 0.72978563 | G27: =G12*'Parameters, country spec'!G11 -> 0.72978563 | H27: =H12*'Parameters, country spec'!H11 -> 0.72978563 | I27: =I12*'Parameters, country spec'!I11 -> 0.72978563 | ... M27: =M12*'Parameters, country spec'!M11 -> 0.72978563
A28: Boars | B28: =B13*'Parameters, country spec'!B11 -> 0.016112357 | C28: =C13*'Parameters, country spec'!C11 -> 0.016112357 | D28: =D13*'Parameters, country spec'!D11 -> 0.016112357 | E28: =E13*'Parameters, country spec'!E11 -> 0.016112357 | F28: =F13*'Parameters, country spec'!F11 -> 0.016112357 | G28: =G13*'Parameters, country spec'!G11 -> 0.016112357 | H28: =H13*'Parameters, country spec'!H11 -> 0.016112357 | I28: =I13*'Parameters, country spec'!I11 -> 0.016112357 | ... M28: =M13*'Parameters, country spec'!M11 -> 0.016112357
A29: Fattening pigs | B29: =B14*'Parameters, country spec'!B11 -> 29.537532 | C29: =C14*'Parameters, country spec'!C11 -> 29.537532 | D29: =D14*'Parameters, country spec'!D11 -> 29.537532 | E29: =E14*'Parameters, country spec'!E11 -> 29.537532 | F29: =F14*'Parameters, country spec'!F11 -> 29.537532 | G29: =G14*'Parameters, country spec'!G11 -> 29.537532 | H29: =H14*'Parameters, country spec'!H11 -> 29.537532 | I29: =I14*'Parameters, country spec'!I11 -> 29.537532 | ... M29: =M14*'Parameters, country spec'!M11 -> 29.537532
A30: Total: | B30: =SUM(B27:B29) -> 30.28343 | C30: =SUM(C27:C29) -> 30.28343 | D30: =SUM(D27:D29) -> 30.28343 | E30: =SUM(E27:E29) -> 30.28343 | F30: =SUM(F27:F29) -> 30.28343 | G30: =SUM(G27:G29) -> 30.28343 | H30: =SUM(H27:H29) -> 30.28343 | I30: =SUM(I27:I29) -> 30.28343 | ... M30: =SUM(M27:M29) -> 30.28343
A31: Meat and offal produced (kg bonefree)
A32: Sows | B32: =B22+B27 -> 56.980111 | C32: =C22+C27 -> 56.980111 | D32: =D22+D27 -> 56.980111 | E32: =E22+E27 -> 56.980111 | F32: =F22+F27 -> 56.980111 | G32: =G22+G27 -> 56.980111 | H32: =H22+H27 -> 56.980111 | I32: =I22+I27 -> 56.980111 | ... M32: =M22+M27 -> 56.980111
A33: Boars | B33: =B23+B28 -> 0.64986507 | C33: =C23+C28 -> 0.64986507 | D33: =D23+D28 -> 0.64986507 | E33: =E23+E28 -> 0.64986507 | F33: =F23+F28 -> 0.64986507 | G33: =G23+G28 -> 0.64986507 | H33: =H23+H28 -> 0.64986507 | I33: =I23+I28 -> 0.64986507 | ... M33: =M23+M28 -> 0.64986507
A34: Fattening pigs | B34: =B24+B29 -> 1191.3471 | C34: =C24+C29 -> 1191.3471 | D34: =D24+D29 -> 1191.3471 | E34: =E24+E29 -> 1191.3471 | F34: =F24+F29 -> 1191.3471 | G34: =G24+G29 -> 1191.3471 | H34: =H24+H29 -> 1191.3471 | I34: =I24+I29 -> 1191.3471 | ... M34: =M24+M29 -> 1191.3471
A35: Total: | B35: =SUM(B32:B34) -> 1248.9771 | C35: =SUM(C32:C34) -> 1248.9771 | D35: =SUM(D32:D34) -> 1248.9771 | E35: =SUM(E32:E34) -> 1248.9771 | F35: =SUM(F32:F34) -> 1248.9771 | G35: =SUM(G32:G34) -> 1248.9771 | H35: =SUM(H32:H34) -> 1248.9771 | I35: =SUM(I32:I34) -> 1248.9771 | ... M35: =SUM(M32:M34) -> 1248.9771
A36: Animals in production per kg of meat&offal produced (no)
A37: Sow, incl recruitment | B37: =(B5+B6)/B35 -> 0.0012410155 | C37: =(C5+C6)/C35 -> 0.0012410155 | D37: =(D5+D6)/D35 -> 0.0012410155 | E37: =(E5+E6)/E35 -> 0.0012410155 | F37: =(F5+F6)/F35 -> 0.0012410155 | G37: =(G5+G6)/G35 -> 0.0012410155 | H37: =(H5+H6)/H35 -> 0.0012410155 | I37: =(I5+I6)/I35 -> 0.0012410155 | ... M37: =(M5+M6)/M35 -> 0.0012410155
A38: Boars | B38: =B7/B35 -> 9.7223664e-06 | C38: =C7/C35 -> 9.7223664e-06 | D38: =D7/D35 -> 9.7223664e-06 | E38: =E7/E35 -> 9.7223664e-06 | F38: =F7/F35 -> 9.7223664e-06 | G38: =G7/G35 -> 9.7223664e-06 | H38: =H7/H35 -> 9.7223664e-06 | I38: =I7/I35 -> 9.7223664e-06 | ... M38: =M7/M35 -> 9.7223664e-06
A39: Fattening pigs | B39: =B8/B35 -> 0.017614414 | C39: =C8/C35 -> 0.017614414 | D39: =D8/D35 -> 0.017614414 | E39: =E8/E35 -> 0.017614414 | F39: =F8/F35 -> 0.017614414 | G39: =G8/G35 -> 0.017614414 | H39: =H8/H35 -> 0.017614414 | I39: =I8/I35 -> 0.017614414 | ... M39: =M8/M35 -> 0.017614414
A40: Total: | B40: =SUM(B37:B39) -> 0.018865152 | C40: =SUM(C37:C39) -> 0.018865152 | D40: =SUM(D37:D39) -> 0.018865152 | E40: =SUM(E37:E39) -> 0.018865152 | F40: =SUM(F37:F39) -> 0.018865152 | G40: =SUM(G37:G39) -> 0.018865152 | H40: =SUM(H37:H39) -> 0.018865152 | I40: =SUM(I37:I39) -> 0.018865152 | ... M40: =SUM(M37:M39) -> 0.018865152

Sheet Parameters, country spec
A2: Production parameters and emission factors, country specific
B3: DK | C3: FR | D3: DE | E3: GR | F3: HU | G3: IE | H3: IT | I3: NL | J3: PL | K3: ES | L3: SE | M3: GB | O3: Sources:
A4: Production parameters | B4: Denmark | C4: France | D4: Germany | E4: Greece | F4: Hungary | G4: Ireland | H4: Italy | I4: Netherlands | J4: Poland | K4: Spain | L4: Sweden | M4: UK | O4: Sweden | P4: Comment: | Q4: Denmark
A5: Time of fattening phase, days | B5: 97 | C5: 97 | D5: 97 | E5: 97 | F5: 97 | G5: 97 | H5: 97 | I5: 97 | J5: 97 | K5: 97 | L5: 97 | M5: 97 | O5: Moberg et al. 2019
A6: Mortality rearing, % | B6: 2 | C6: 2 | D6: 2 | E6: 2 | F6: 2 | G6: 2 | H6: 2 | I6: 2 | J6: 2 | K6: 2 | L6: 2 | M6: 2 | O6: Landquist et al. 2020, Tabell 3
A7: Rejection after slaughter, % | B7: 0.29 | C7: 0.29 | D7: 0.29 | E7: 0.29 | F7: 0.29 | G7: 0.29 | H7: 0.29 | I7: 0.29 | J7: 0.29 | K7: 0.29 | L7: 0.29 | M7: 0.29 | O7: Röös et al. 2016 - unclear original source! Kolla Ingrids rapport
A8: Meat yield, kg bonefree meat per CW | B8: 0.59 | C8: 0.59 | D8: 0.59 | E8: 0.59 | F8: 0.59 | G8: 0.59 | H8: 0.59 | I8: 0.59 | J8: 0.59 | K8: 0.59 | L8: 0.59 | M8: 0.59 | O8: Clune et al. 2017
A9: Meat yield, kg CW per fattening pig | B9: 91.6 | C9: 91.6 | D9: 91.6 | E9: 91.6 | F9: 91.6 | G9: 91.6 | H9: 91.6 | I9: 91.6 | J9: 91.6 | K9: 91.6 | L9: 91.6 | M9: 91.6 | O9: Landquist et al. 2020, p. 11
A10: Meat yield, kg CW per sow | B10: 179.5 | C10: 179.5 | D10: 179.5 | E10: 179.5 | F10: 179.5 | G10: 179.5 | H10: 179.5 | I10: 179.5 | J10: 179.5 | K10: 179.5 | L10: 179.5 | M10: 179.5 | O10: Landquist et al. 2020, p. 11
A11: Offal yield, kg edible per animal | B11: =B9*0.015 -> 1.374 | C11: =C9*0.015 -> 1.374 | D11: =D9*0.015 -> 1.374 | E11: =E9*0.015 -> 1.374 | F11: =F9*0.015 -> 1.374 | G11: =G9*0.015 -> 1.374 | H11: =H9*0.015 -> 1.374 | I11: =I9*0.015 -> 1.374 | ... M11: =M9*0.015 -> 1.374 | O11: Kolla Ingrids rapport | P11: https://www.fao.org/3/I8686EN/i8686en.pdf
A12: Recruitment rate, % | B12: 55 | C12: 55 | D12: 55 | E12: 55 | F12: 55 | G12: 55 | H12: 55 | I12: 55 | J12: 55 | K12: 55 | L12: 55 | M12: 55 | O12: Landquist et al. 2020, p. 11
A13: Liveborn piglets per sow and year | B13: 27.5 | C13: 27.5 | D13: 27.5 | E13: 27.5 | F13: 27.5 | G13: 27.5 | H13: 27.5 | I13: 27.5 | J13: 27.5 | K13: 27.5 | L13: 27.5 | M13: 27.5 | O13: Zira et al. 2023, Table 1 - INKLUDERAR DENNA SMÅGRISDÖDLIGHETEN????
A14: Time birth to weaning, days | B14: 79 | C14: 79 | D14: 79 | E14: 79 | F14: 79 | G14: 79 | H14: 79 | I14: 79 | J14: 79 | K14: 79 | L14: 79 | M14: 79 | O14: Moberg et al. 2019
A15: Mortality piglets, % of born | B15: 18 | C15: 18 | D15: 18 | E15: 18 | F15: 18 | G15: 18 | H15: 18 | I15: 18 | J15: 18 | K15: 18 | L15: 18 | M15: 18 | O15: Zira et al. 2023
A16: Living piglets at weaning per sow and year | B16: =B13*(100-B15)/100 -> 22.55 | C16: =C13*(100-C15)/100 -> 22.55 | D16: =D13*(100-D15)/100 -> 22.55 | E16: =E13*(100-E15)/100 -> 22.55 | F16: =F13*(100-F15)/100 -> 22.55 | G16: =G13*(100-G15)/100 -> 22.55 | H16: =H13*(100-H15)/100 -> 22.55 | I16: =I13*(100-I15)/100 -> 22.55 | ... M16: =M13*(100-M15)/100 -> 22.55
A17: Boars per sow, no | B17: =1725/142057 -> 0.012143013 | C17: =1725/142057 -> 0.012143013 | D17: =1725/142057 -> 0.012143013 | E17: =1725/142057 -> 0.012143013 | F17: =1725/142057 -> 0.012143013 | G17: =1725/142057 -> 0.012143013 | H17: =1725/142057 -> 0.012143013 | I17: =1725/142057 -> 0.012143013 | ... M17: =1725/142057 -> 0.012143013 | O17: Calculated based on national statistics as in Moberg et al. 2019
A18: Mortality parents, % | B18: =3500/102065*100 -> 3.4291873 | C18: =3500/102065*100 -> 3.4291873 | D18: =3500/102065*100 -> 3.4291873 | E18: =3500/102065*100 -> 3.4291873 | F18: =3500/102065*100 -> 3.4291873 | G18: =3500/102065*100 -> 3.4291873 | H18: =3500/102065*100 -> 3.4291873 | I18: =3500/102065*100 -> 3.4291873 | ... M18: =3500/102065*100 -> 3.4291873 | O18: Landquist et al. 2020, p. 11
A20: Share of feed ingredients (%)
A21: Barley, average | B21: 0.24551367 | C21: 0.24551367 | D21: 0.24551367 | E21: 0.24551367 | F21: 0.24551367 | G21: 0.24551367 | H21: 0.24551367 | I21: 0.24551367 | J21: 0.24551367 | K21: 0.24551367 | L21: 0.24551367 | M21: 0.24551367 | O21: Landquist et al. 2020. Bilaga 1, shares calculated in "Livestock feed.xlsx"
A22: Maize (corn) | B22: 0.0025654511 | C22: 0.0025654511 | D22: 0.0025654511 | E22: 0.0025654511 | F22: 0.0025654511 | G22: 0.0025654511 | H22: 0.0025654511 | I22: 0.0025654511 | J22: 0.0025654511 | K22: 0.0025654511 | L22: 0.0025654511 | M22: 0.0025654511
A23: Oats | B23: 0.041303762 | C23: 0.041303762 | D23: 0.041303762 | E23: 0.041303762 | F23: 0.041303762 | G23: 0.041303762 | H23: 0.041303762 | I23: 0.041303762 | J23: 0.041303762 | K23: 0.041303762 | L23: 0.041303762 | M23: 0.041303762
A24: Rye | B24: 0.026167601 | C24: 0.026167601 | D24: 0.026167601 | E24: 0.026167601 | F24: 0.026167601 | G24: 0.026167601 | H24: 0.026167601 | I24: 0.026167601 | J24: 0.026167601 | K24: 0.026167601 | L24: 0.026167601 | M24: 0.026167601
A25: Wheat, average | B25: 0.30682795 | C25: 0.30682795 | D25: 0.30682795 | E25: 0.30682795 | F25: 0.30682795 | G25: 0.30682795 | H25: 0.30682795 | I25: 0.30682795 | J25: 0.30682795 | K25: 0.30682795 | L25: 0.30682795 | M25: 0.30682795
A26: Peas, dry | B26: 0.0046178119 | C26: 0.0046178119 | D26: 0.0046178119 | E26: 0.0046178119 | F26: 0.0046178119 | G26: 0.0046178119 | H26: 0.0046178119 | I26: 0.0046178119 | J26: 0.0046178119 | K26: 0.0046178119 | L26: 0.0046178119 | M26: 0.0046178119
A27: Broad beans and horse beans, dry | B27: 0.053104837 | C27: 0.053104837 | D27: 0.053104837 | E27: 0.053104837 | F27: 0.053104837 | G27: 0.053104837 | H27: 0.053104837 | I27: 0.053104837 | J27: 0.053104837 | K27: 0.053104837 | L27: 0.053104837 | M27: 0.053104837
A28: Rape seed cake | B28: 0.027193781 | C28: 0.027193781 | D28: 0.027193781 | E28: 0.027193781 | F28: 0.027193781 | G28: 0.027193781 | H28: 0.027193781 | I28: 0.027193781 | J28: 0.027193781 | K28: 0.027193781 | L28: 0.027193781 | M28: 0.027193781
A29: Soy cake | B29: 0.035916315 | C29: 0.035916315 | D29: 0.035916315 | E29: 0.035916315 | F29: 0.035916315 | G29: 0.035916315 | H29: 0.035916315 | I29: 0.035916315 | J29: 0.035916315 | K29: 0.035916315 | L29: 0.035916315 | M29: 0.035916315
A30: By-products | B30: 0.13313408 | C30: 0.13313408 | D30: 0.13313408 | E30: 0.13313408 | F30: 0.13313408 | G30: 0.13313408 | H30: 0.13313408 | I30: 0.13313408 | J30: 0.13313408 | K30: 0.13313408 | L30: 0.13313408 | M30: 0.13313408
A31: Other | B31: 0.12365474 | C31: 0.12365474 | D31: 0.12365474 | E31: 0.12365474 | F31: 0.12365474 | G31: 0.12365474 | H31: 0.12365474 | I31: 0.12365474 | J31: 0.12365474 | K31: 0.12365474 | L31: 0.12365474 | M31: 0.12365474
A33: Cereals | B33: =SUM(B21:B25) -> 0.62237843 | C33: =SUM(C21:C25) -> 0.62237843 | D33: =SUM(D21:D25) -> 0.62237843 | E33: =SUM(E21:E25) -> 0.62237843 | F33: =SUM(F21:F25) -> 0.62237843 | G33: =SUM(G21:G25) -> 0.62237843 | H33: =SUM(H21:H25) -> 0.62237843 | I33: =SUM(I21:I25) -> 0.62237843 | ... M33: =SUM(M21:M25) -> 0.62237843
A35: Feed requirement | O35: Source: | P35: Comment:
A36: Sows, kg per year | B36: 1400 | C36: 1400 | D36: 1400 | E36: 1400 | F36: 1400 | G36: 1400 | H36: 1400 | I36: 1400 | J36: 1400 | K36: 1400 | L36: 1400 | M36: 1400 | O36: Zira et al. 2023, Table 2
A37: Recruitment sows, kg per animal | B37: 720 | C37: 720 | D37: 720 | E37: 720 | F37: 720 | G37: 720 | H37: 720 | I37: 720 | J37: 720 | K37: 720 | L37: 720 | M37: 720 | O37: Zira et al. 2023, Table 2
A38: Boars, kg per year | B38: 720 | C38: 720 | D38: 720 | E38: 720 | F38: 720 | G38: 720 | H38: 720 | I38: 720 | J38: 720 | K38: 720 | L38: 720 | M38: 720 | O38: Zira et al. 2023, Table 2
A39: Fattening pigs, kg per animal | B39: 255 | C39: 255 | D39: 255 | E39: 255 | F39: 255 | G39: 255 | H39: 255 | I39: 255 | J39: 255 | K39: 255 | L39: 255 | M39: 255
A40: Piglets, kg per animal | B40: 42 | C40: 42 | D40: 42 | E40: 42 | F40: 42 | G40: 42 | H40: 42 | I40: 42 | J40: 42 | K40: 42 | L40: 42 | M40: 42
A41: Feed conversion, kg per kg bonefree including parents and losses | B41: =SUMPRODUCT(Production!$L$5:$L$9,B36:B40)/Production!$L$35 -> 6.694953 | C41: =SUMPRODUCT(Production!$L$5:$L$9,C36:C40)/Production!$L$35 -> 6.694953 | D41: =SUMPRODUCT(Production!$L$5:$L$9,D36:D40)/Production!$L$35 -> 6.694953 | E41: =SUMPRODUCT(Production!$L$5:$L$9,E36:E40)/Production!$L$35 -> 6.694953 | F41: =SUMPRODUCT(Production!$L$5:$L$9,F36:F40)/Production!$L$35 -> 6.694953 | G41: =SUMPRODUCT(Production!$L$5:$L$9,G36:G40)/Production!$L$35 -> 6.694953 | H41: =SUMPRODUCT(Production!$L$5:$L$9,H36:H40)/Production!$L$35 -> 6.694953 | I41: =SUMPRODUCT(Production!$L$5:$L$9,I36:I40)/Production!$L$35 -> 6.694953 | ... M41: =SUMPRODUCT(Production!$L$5:$L$9,M36:M40)/Production!$L$35 -> 6.694953
A43: Enteric fermentation
A44: Methane enteric fermentation, kg CH4 per animal and year | B44: 1.5 | C44: 1.5 | D44: 1.5 | E44: 1.5 | F44: 1.5 | G44: 1.5 | H44: 1.5 | I44: 1.5 | J44: 1.5 | K44: 1.5 | L44: 1.5 | M44: 1.5
A46: Energy use in stables
A47: Energy use per fattening pig, kWh per animal | B47: 0.4 | C47: 0.4 | D47: 0.4 | E47: 0.4 | F47: 0.4 | G47: 0.4 | H47: 0.4 | I47: 0.4 | J47: 0.4 | K47: 0.4 | L47: 0.4 | M47: 0.4 | O47: Landquist et al. 2020, p.11
A48: Energy use per piglet, kWh per animal | B48: 50 | C48: 50 | D48: 50 | E48: 50 | F48: 50 | G48: 50 | H48: 50 | I48: 50 | J48: 50 | K48: 50 | L48: 50 | M48: 50 | O48: Landquist et al. 2020, p.11
A49: Total energy use, kWh per kg bonefree meat&offal | B49: =(No_fattening_pigs_DK*B47+No_piglets_DK*B48)/Production!B25 -> 0.93239181 | C49: =(No_fattening_pigs_FR*C47+No_piglets_FR*C48)/Production!C25 -> 0.93239181 | D49: =(No_fattening_pigs_DE*D47+No_piglets_DE*D48)/Production!D25 -> 0.93239181 | E49: =(No_fattening_pigs_GR*E47+No_piglets_GR*E48)/Production!E25 -> 0.93239181 | F49: =(No_fattening_pigs_HU*F47+No_piglets_HU*F48)/Production!F25 -> 0.93239181 | G49: =(No_fattening_pigs_IE*G47+No_piglets_IE*G48)/Production!G25 -> 0.93239181 | H49: =(No_fattening_pigs_IT*H47+No_piglets_IT*H48)/Production!H25 -> 0.93239181 | I49: =(No_fattening_pigs_NL*I47+No_piglets_NL*I48)/Production!I25 -> 0.93239181 | J49: =(No_fattening_pigs_PL*J47+No_piglets_PL*J48)/Production!J25 -> 0.93239181 | K49: =(No_fattening_pigs_ES*K47+No_piglets_ES*K48)/Production!K25 -> 0.93239181 | L49: =(No_fattening_pigs_SE*L47+No_piglets_SE*L48)/Production!L25 -> 0.93239181 | M49: =(No_fattening_pigs_SE*M47+No_piglets_SE*M48)/Production!K25 -> 0.93239181
A50: Share non electricity | B50: 0.7 | C50: 0.7 | D50: 0.7 | E50: 0.7 | F50: 0.7 | G50: 0.7 | H50: 0.7 | I50: 0.7 | J50: 0.7 | K50: 0.7 | L50: 0.7 | M50: 0.7 | O50: Approximated from Table 6 in Landquist et al. 2020
A51: Share biofuels for non-electricity | B51: 0.6 | C51: 0.6 | D51: 0.6 | E51: 0.6 | F51: 0.6 | G51: 0.6 | H51: 0.6 | I51: 0.6 | J51: 0.6 | K51: 0.6 | L51: 0.6 | M51: 0.6 | O51: Approximated from Table 6 in Landquist et al. 2020
A53: Energy use at slaughter
A54: Energy use electricity, kWh/kg CW | B54: 1.1 | C54: 1.1 | D54: 1.1 | E54: 1.1 | F54: 1.1 | G54: 1.1 | H54: 1.1 | I54: 1.1 | J54: 1.1 | K54: 1.1 | L54: 1.1 | M54: 1.1 | O54: Edström et al. 2005, retrieved from Moberg et al. 2019
A55: Energy use heating oil, kWh/kg CW | B55: 0.4 | C55: 0.4 | D55: 0.4 | E55: 0.4 | F55: 0.4 | G55: 0.4 | H55: 0.4 | I55: 0.4 | J55: 0.4 | K55: 0.4 | L55: 0.4 | M55: 0.4
A57: Emission factors electricity
A58: Electricity, kg CO2e/kWh | B58: =SUMPRODUCT(B59:B61,'Parameters, general'!$B$13:$B$15) -> 0.39096643 | C58: =SUMPRODUCT(C59:C61,'Parameters, general'!$B$13:$B$15) -> 0.097389846 | D58: =SUMPRODUCT(D59:D61,'Parameters, general'!$B$13:$B$15) -> 0.49559221 | E58: =SUMPRODUCT(E59:E61,'Parameters, general'!$B$13:$B$15) -> 0.6838336 | F58: =SUMPRODUCT(F59:F61,'Parameters, general'!$B$13:$B$15) -> 0.47422491 | G58: =SUMPRODUCT(G59:G61,'Parameters, general'!$B$13:$B$15) -> 0.40838709 | H58: =SUMPRODUCT(H59:H61,'Parameters, general'!$B$13:$B$15) -> 0.43143257 | I58: =SUMPRODUCT(I59:I61,'Parameters, general'!$B$13:$B$15) -> 0.53148366 | ... M58: =SUMPRODUCT(M59:M61,'Parameters, general'!$B$13:$B$15) -> 0.093610106 | O58: ecoinvent; market for electricity, low voltage
A59: Electricity, kg CO2/kWh | B59: 0.37053204 | C59: 0.087112695 | D59: 0.4635034 | E59: 0.63996298 | F59: 0.43715185 | G59: 0.39187201 | H59: 0.37797633 | I59: 0.49673189 | J59: 0.97545106 | K59: 0.26811508 | L59: 0.08845034 | M59: 0.08845034
A60: Electricity, kg CH4/kWh | B60: 0.00051107442 | C60: 0.00027007621 | D60: 0.00088663107 | E60: 0.0012704162 | F60: 0.00110375 | G60: 0.00042231405 | H60: 0.0016431484 | I60: 0.00098347245 | J60: 0.0018794008 | K60: 0.00082878482 | L60: 9.8278549e-05 | M60: 9.8278549e-05
A61: Electricity, kg N2O/kWh | B61: 1.9063664e-05 | C61: 8.1643941e-06 | D61: 2.0759e-05 | E61: 2.2022764e-05 | F61: 1.5316174e-05 | G61: 1.4396031e-05 | H61: 1.6448396e-05 | I61: 1.9942432e-05 | J61: 1.7600493e-05 | K61: 1.2138092e-05 | L61: 8.1724008e-06 | M61: 8.1724008e-06
A63: Emission factors changes in SOC and LUC
A64: Soil carbon loss, kg CO2e/feed | B64: 0.19 | C64: 0.19 | D64: 0.19 | E64: 0.19 | F64: 0.19 | G64: 0.19 | H64: 0.19 | I64: 0.19 | J64: 0.19 | K64: 0.19 | L64: 0.19 | M64: 0.19 | O64: Moberg et al. 2019
A66: Emission from the production of mineral fertilisers (kg)
A67: Fraction BAT | B67: 0.6 | C67: 0.6 | D67: 0.6 | E67: 0.6 | F67: 0.6 | G67: 0.6 | H67: 0.6 | I67: 0.6 | J67: 0.6 | K67: 0.6 | L67: 0.6 | M67: 0.6
A68: Fraction AN | B68: 0.4 | C68: 0.4 | D68: 0.4 | E68: 0.4 | F68: 0.4 | G68: 0.4 | H68: 0.4 | I68: 0.4 | J68: 0.4 | K68: 0.4 | L68: 0.4 | M68: 0.4
A70: Emission factors N2O from soil
A71: Direct emissions from mineral fertiliser | B71: 0.016 | C71: 0.016 | D71: 0.016 | E71: 0.016 | F71: 0.016 | G71: 0.016 | H71: 0.016 | I71: 0.016 | J71: 0.016 | K71: 0.016 | L71: 0.016 | M71: 0.016
A72: Direct emissions from manure | B72: 0.006 | C72: 0.006 | D72: 0.006 | E72: 0.006 | F72: 0.006 | G72: 0.006 | H72: 0.006 | I72: 0.006 | J72: 0.006 | K72: 0.006 | L72: 0.006 | M72: 0.006
A73: Difference in emission factor min. fert - manure | B73: =B71-B72 -> 0.01 | C73: =C71-C72 -> 0.01 | D73: =D71-D72 -> 0.01 | E73: =E71-E72 -> 0.01 | F73: =F71-F72 -> 0.01 | G73: =G71-G72 -> 0.01 | H73: =H71-H72 -> 0.01 | I73: =I71-I72 -> 0.01 | ... M73: =M71-M72 -> 0.01
A74: Indirect emissions, share of direct emissions | B74: 0.1 | C74: 0.1 | D74: 0.1 | E74: 0.1 | F74: 0.1 | G74: 0.1 | H74: 0.1 | I74: 0.1 | J74: 0.1 | K74: 0.1 | L74: 0.1 | M74: 0.1
A76: Manure replacement factor
A77: Manure replacement factor | B77: 0.5 | C77: 0.5 | D77: 0.5 | E77: 0.5 | F77: 0.5 | G77: 0.5 | H77: 0.5 | I77: 0.5 | J77: 0.5 | K77: 0.5 | L77: 0.5 | M77: 0.5 | O77: Based on växttillgängligt kväve
A79: Water use
A80: Water use for housing and drinking, m3 per kg CW | B80: 0.19 | C80: 0.19 | D80: 0.19 | E80: 0.19 | F80: 0.19 | G80: 0.19 | H80: 0.19 | I80: 0.19 | J80: 0.19 | K80: 0.19 | L80: 0.19 | M80: 0.19 | O80: Mekonnen and Hoekstra (2012), collected from Moberg et al. 2019
A82: Labour requirements
A83: Labour requirements, h tot in production | B83: =No_sows_DK*11.48+No_recruit_sows_DK*1.025+No_boars_DK*1.025+No_fattening_pigs_DK*1.025+No_piglets_DK*0.082 -> 36.455297 | C83: =No_sows_FR*17.36+No_recruit_sows_FR*1.55+No_boars_FR*1.55+No_fattening_pigs_FR*1.55+No_piglets_FR*0.124 -> 55.127522 | D83: =No_sows_DE*19.6+No_recruit_sows_DE*1.75+No_boars_DE*1.75+No_fattening_pigs_DE*1.75+No_piglets_DE*0.14 -> 62.24075 | E83: =No_sows_GR*12.88+No_recruit_sows_GR*1.15+No_boars_GR*1.15+No_fattening_pigs_GR*1.15+No_piglets_GR*0.092 -> 40.901064 | F83: =No_sows_HU*56.28+No_recruit_sows_HU*5.025+No_boars_HU*5.025+No_fattening_pigs_HU*5.025+No_piglets_HU*0.402 -> 178.71987 | G83: =No_sows_IE*37.52+No_recruit_sows_IE*3.35+No_boars_IE*3.35+No_fattening_pigs_IE*3.35+No_piglets_IE*0.268 -> 119.14658 | H83: =No_sows_IT*18.2+No_recruit_sows_IT*1.625+No_boars_IT*1.625+No_fattening_pigs_IT*1.625+No_piglets_IT*0.13 -> 57.794982 | I83: =No_sows_NL*23.52+No_recruit_sows_NL*2.1+No_boars_NL*2.1+No_fattening_pigs_NL*2.1+No_piglets_NL*0.168 -> 74.6889 | J83: =No_sows_PL*59.36+No_recruit_sows_PL*5.3+No_boars_PL*5.3+No_fattening_pigs_PL*5.3+No_piglets_PL*0.424 -> 188.50056 | K83: =No_sows_ES*5.6+No_recruit_sows_ES*0.5+No_boars_ES*0.5+No_fattening_pigs_ES*0.5+No_piglets_ES*0.04 -> 17.783072 | L83: =No_sows_SE*11.48+No_recruit_sows_SE*1.025+No_boars_SE*1.025+No_fattening_pigs_SE*1.025+No_piglets_SE*0.082 -> 36.455297 | M83: =No_sows_SE*11.48+No_recruit_sows_SE*1.025+No_boars_SE*1.025+No_fattening_pigs_SE*1.025+No_piglets_SE*0.082 -> 36.455297
A85: Animal welfare
A86: Diseases sows (ratio of animals) | B86: 0.05 | C86: 0.05 | D86: 0.05 | E86: 0.05 | F86: 0.05 | G86: 0.05 | H86: 0.05 | I86: 0.05 | J86: 0.05 | K86: 0.05 | L86: 0.05 | M86: 0.05 | O86: Sow disease???
A87: Diseases fattening pigs (ratio of animals) | B87: 0.05 | C87: 0.05 | D87: 0.05 | E87: 0.05 | F87: 0.05 | G87: 0.05 | H87: 0.05 | I87: 0.05 | J87: 0.05 | K87: 0.05 | L87: 0.05 | M87: 0.05 | O87: Lung infection
A88: Space sows | B88: 1 | C88: 1 | D88: 1 | E88: 1 | F88: 1 | G88: 1 | H88: 1 | I88: 1 | J88: 1 | K88: 1 | L88: 1 | M88: 1
A89: Space fattening pigs | B89: 1 | C89: 1 | D89: 1 | E89: 1 | F89: 1 | G89: 1 | H89: 1 | I89: 1 | J89: 1 | K89: 1 | L89: 1 | M89: 1
A90: Animal welfare in production system sows | B90: =B6/100*Weight_mortality+B86*Weight_diseases+B88*Weight_space+Slaughter_duration_class*Weight_slaughter_duration_class -> 2.14 | C90: =C6/100*Weight_mortality+C86*Weight_diseases+C88*Weight_space+Slaughter_duration_class*Weight_slaughter_duration_class -> 2.14 | D90: =D6/100*Weight_mortality+D86*Weight_diseases+D88*Weight_space+Slaughter_duration_class*Weight_slaughter_duration_class -> 2.14 | E90: =E6/100*Weight_mortality+E86*Weight_diseases+E88*Weight_space+Slaughter_duration_class*Weight_slaughter_duration_class -> 2.14 | F90: =F6/100*Weight_mortality+F86*Weight_diseases+F88*Weight_space+Slaughter_duration_class*Weight_slaughter_duration_class -> 2.14 | G90: =G6/100*Weight_mortality+G86*Weight_diseases+G88*Weight_space+Slaughter_duration_class*Weight_slaughter_duration_class -> 2.14 | H90: =H6/100*Weight_mortality+H86*Weight_diseases+H88*Weight_space+Slaughter_duration_class*Weight_slaughter_duration_class -> 2.14 | I90: =I6/100*Weight_mortality+I86*Weight_diseases+I88*Weight_space+Slaughter_duration_class*Weight_slaughter_duration_class -> 2.14 | ... M90: =M6/100*Weight_mortality+M86*Weight_diseases+M88*Weight_space+Slaughter_duration_class*Weight_slaughter_duration_class -> 2.14
A91: Animal welfare in production system fattening pigs | B91: =B18/100*Weight_mortality+B87*Weight_diseases+B89*Weight_space+Slaughter_duration_class*Weight_slaughter_duration_class -> 2.1685837 | C91: =C18/100*Weight_mortality+C87*Weight_diseases+C89*Weight_space+Slaughter_duration_class*Weight_slaughter_duration_class -> 2.1685837 | D91: =D18/100*Weight_mortality+D87*Weight_diseases+D89*Weight_space+Slaughter_duration_class*Weight_slaughter_duration_class -> 2.1685837 | E91: =E18/100*Weight_mortality+E87*Weight_diseases+E89*Weight_space+Slaughter_duration_class*Weight_slaughter_duration_class -> 2.1685837 | F91: =F18/100*Weight_mortality+F87*Weight_diseases+F89*Weight_space+Slaughter_duration_class*Weight_slaughter_duration_class -> 2.1685837 | G91: =G18/100*Weight_mortality+G87*Weight_diseases+G89*Weight_space+Slaughter_duration_class*Weight_slaughter_duration_class -> 2.1685837 | H91: =H18/100*Weight_mortality+H87*Weight_diseases+H89*Weight_space+Slaughter_duration_class*Weight_slaughter_duration_class -> 2.1685837 | I91: =I18/100*Weight_mortality+I87*Weight_diseases+I89*Weight_space+Slaughter_duration_class*Weight_slaughter_duration_class -> 2.1685837 | ... M91: =M18/100*Weight_mortality+M87*Weight_diseases+M89*Weight_space+Slaughter_duration_class*Weight_slaughter_duration_class -> 2.1685837
A92: Animal welfare index per kg of meat | B92: =Ability_to_perceive_handling*(Weight_no_of_animal*SUM(Production!B37:B38)*'Parameters, country spec'!B90+Weight_no_of_animal*Production!B39*'Parameters, country spec'!B91)*100 -> 0.16153312 | C92: =Ability_to_perceive_handling*(Weight_no_of_animal*SUM(Production!C37:C38)*'Parameters, country spec'!C90+Weight_no_of_animal*Production!C39*'Parameters, country spec'!C91)*100 -> 0.16153312 | D92: =Ability_to_perceive_handling*(Weight_no_of_animal*SUM(Production!D37:D38)*'Parameters, country spec'!D90+Weight_no_of_animal*Production!D39*'Parameters, country spec'!D91)*100 -> 0.16153312 | E92: =Ability_to_perceive_handling*(Weight_no_of_animal*SUM(Production!E37:E38)*'Parameters, country spec'!E90+Weight_no_of_animal*Production!E39*'Parameters, country spec'!E91)*100 -> 0.16153312 | F92: =Ability_to_perceive_handling*(Weight_no_of_animal*SUM(Production!F37:F38)*'Parameters, country spec'!F90+Weight_no_of_animal*Production!F39*'Parameters, country spec'!F91)*100 -> 0.16153312 | G92: =Ability_to_perceive_handling*(Weight_no_of_animal*SUM(Production!G37:G38)*'Parameters, country spec'!G90+Weight_no_of_animal*Production!G39*'Parameters, country spec'!G91)*100 -> 0.16153312 | H92: =Ability_to_perceive_handling*(Weight_no_of_animal*SUM(Production!H37:H38)*'Parameters, country spec'!H90+Weight_no_of_animal*Production!H39*'Parameters, country spec'!H91)*100 -> 0.16153312 | I92: =Ability_to_perceive_handling*(Weight_no_of_animal*SUM(Production!I37:I38)*'Parameters, country spec'!I90+Weight_no_of_animal*Production!I39*'Parameters, country spec'!I91)*100 -> 0.16153312 | ... L92: =Ability_to_perceive_handling*(Weight_no_of_animal*SUM(Production!L37:L38)*'Parameters, country spec'!L90+Weight_no_of_animal*Production!L39*'Parameters, country spec'!L91)*100 -> 0.16153312 | M92: =Ability_to_perceive_handling*(Weight_no_of_animal*SUM(Production!N37:N38)*'Parameters, country spec'!M90+Weight_no_of_animal*Production!N39*'Parameters, country spec'!M91)*100 -> 0
A95: * approx with Greece

Sheet Manure
A2: Manure emissions | E2: Fyll på här med landspecifika gödselsystem och MCF-värden, från NIR rapporterna eller andra källor om möjligt
B3: DK | F3: FR | J3: DE | N3: GR | R3: HU | V3: IE | Z3: IT | AD3: NL | AH3: PL | AL3: ES | AP3: SE
B4: Denmark | F4: France | J4: Germany | N4: Greece | R4: Hungary | V4: Ireland | Z4: Italy | AD4: Netherlands | AH4: Poland | AL4: Spain | AP4: Sweden | AU4: Sources:
B5: Sows | C5: Boars | D5: Fattening pigs | E5: Piglets | F5: Sows | G5: Boars | H5: Fattening pigs | I5: Piglets | J5: Sows | K5: Boars | L5: Fattening pigs | M5: Piglets | N5: Sows | O5: Boars | P5: Fattening pigs | Q5: Piglets | R5: Sows | S5: Boars | T5: Fattening pigs | U5: Piglets | V5: Sows | W5: Boars | X5: Fattening pigs | Y5: Piglets | Z5: Sows | AA5: Boars | AB5: Fattening pigs | AC5: Piglets | AD5: Sows | AE5: Boars | AF5: Fattening pigs | AG5: Piglets | AH5: Sows | AI5: Boars | AJ5: Fattening pigs | AK5: Piglets | AL5: Sows | AM5: Boars | AN5: Fattening pigs | AO5: Piglets | AP5: Sows | AQ5: Boars | AR5: Fattening pigs | AS5: Piglets
A6: Share solid | B6: 0.2 | C6: 0.2 | D6: 0 | E6: 0.2 | F6: 0.2 | G6: 0.2 | H6: 0 | I6: 0.2 | J6: 0.2 | K6: 0.2 | L6: 0 | M6: 0.2 | N6: 0.2 | O6: 0.2 | P6: 0 | Q6: 0.2 | R6: 0.2 | S6: 0.2 | T6: 0 | U6: 0.2 | V6: 0.2 | W6: 0.2 | X6: 0 | Y6: 0.2 | Z6: 0.2 | AA6: 0.2 | AB6: 0 | AC6: 0.2 | AD6: 0.2 | AE6: 0.2 | AF6: 0 | AG6: 0.2 | AH6: 0.2 | AI6: 0.2 | AJ6: 0 | AK6: 0.2 | AL6: 0.2 | AM6: 0.2 | AN6: 0 | AO6: 0.2 | AP6: 0.2 | AQ6: 0.2 | AR6: 0 | AS6: 0.2 | AU6: Landquist et al. 2020, p. 12
A7: Share liquid | B7: 0.63 | C7: 0.63 | D7: 1 | E7: 0.63 | F7: 0.63 | G7: 0.63 | H7: 1 | I7: 0.63 | J7: 0.63 | K7: 0.63 | L7: 1 | M7: 0.63 | N7: 0.63 | O7: 0.63 | P7: 1 | Q7: 0.63 | R7: 0.63 | S7: 0.63 | T7: 1 | U7: 0.63 | V7: 0.63 | W7: 0.63 | X7: 1 | Y7: 0.63 | Z7: 0.63 | AA7: 0.63 | AB7: 1 | AC7: 0.63 | AD7: 0.63 | AE7: 0.63 | AF7: 1 | AG7: 0.63 | AH7: 0.63 | AI7: 0.63 | AJ7: 1 | AK7: 0.63 | AL7: 0.63 | AM7: 0.63 | AN7: 1 | AO7: 0.63 | AP7: 0.63 | AQ7: 0.63 | AR7: 1 | AS7: 0.63
A8: Share deep litter | B8: =0.17 -> 0.17 | C8: =0.17 -> 0.17 | D8: 0 | E8: =0.17 -> 0.17 | F8: =0.17 -> 0.17 | G8: =0.17 -> 0.17 | H8: 0 | I8: =0.17 -> 0.17 | J8: =0.17 -> 0.17 | K8: =0.17 -> 0.17 | L8: 0 | M8: =0.17 -> 0.17 | N8: =0.17 -> 0.17 | O8: =0.17 -> 0.17 | P8: 0 | Q8: =0.17 -> 0.17 | R8: =0.17 -> 0.17 | S8: =0.17 -> 0.17 | T8: 0 | U8: =0.17 -> 0.17 | V8: =0.17 -> 0.17 | W8: =0.17 -> 0.17 | X8: 0 | Y8: =0.17 -> 0.17 | Z8: =0.17 -> 0.17 | AA8: =0.17 -> 0.17 | AB8: 0 | AC8: =0.17 -> 0.17 | AD8: =0.17 -> 0.17 | AE8: =0.17 -> 0.17 | AF8: 0 | AG8: =0.17 -> 0.17 | AH8: =0.17 -> 0.17 | AI8: =0.17 -> 0.17 | AJ8: 0 | AK8: =0.17 -> 0.17 | AL8: =0.17 -> 0.17 | AM8: =0.17 -> 0.17 | AN8: 0 | AO8: =0.17 -> 0.17 | AP8: =0.17 -> 0.17 | AQ8: =0.17 -> 0.17 | AR8: 0 | AS8: =0.17 -> 0.17
A10: METHANE EMISSIONS
A11: Emission factors methane emissions
A12: MCF solid manure | B12: 0.02 | F12: 0.02 | J12: 0.02 | N12: 0.02 | R12: 0.02 | V12: 0.02 | Z12: 0.02 | AD12: 0.02 | AH12: 0.02 | AL12: 0.02 | AP12: 0.02 | AU12: NIR 2022, Table 5.18
A13: MCF liquid manure | B13: 0.035 | F13: 0.035 | J13: 0.035 | N13: 0.035 | R13: 0.035 | V13: 0.035 | Z13: 0.035 | AD13: 0.035 | AH13: 0.035 | AL13: 0.035 | AP13: 0.035 | AU13: NIR 2022, Table 5.18
A14: MCF deep litter sows and boars | B14: 0.17 | F14: 0.17 | J14: 0.17 | N14: 0.17 | R14: 0.17 | V14: 0.17 | Z14: 0.17 | AD14: 0.17 | AH14: 0.17 | AL14: 0.17 | AP14: 0.17 | AU14: NIR 2022, Table 5.18
A15: MCF deep litter fattening pigs | B15: 0.17 | F15: 0.17 | J15: 0.17 | N15: 0.17 | R15: 0.17 | V15: 0.17 | Z15: 0.17 | AD15: 0.17 | AH15: 0.17 | AL15: 0.17 | AP15: 0.17 | AU15: NIR 2022, Table 5.18
A16: MCF deep litter piglets | B16: 0.17 | F16: 0.17 | J16: 0.17 | N16: 0.17 | R16: 0.17 | V16: 0.17 | Z16: 0.17 | AD16: 0.17 | AH16: 0.17 | AL16: 0.17 | AP16: 0.17 | AU16: NIR 2022, Table 5.18
A17: Volatile solids (VS), fraction of manure | B17: 0.87 | F17: 0.87 | J17: 0.87 | N17: 0.87 | R17: 0.87 | V17: 0.87 | Z17: 0.87 | AD17: 0.87 | AH17: 0.87 | AL17: 0.87 | AP17: 0.87 | AU17: NIR 2022, Table 5.18
A18: Bo, m3 CH4/kg VS | B18: 0.45 | F18: 0.45 | J18: 0.45 | N18: 0.45 | R18: 0.45 | V18: 0.45 | Z18: 0.45 | AD18: 0.45 | AH18: 0.45 | AL18: 0.45 | AP18: 0.45 | AU18: NIR 2022, Table 5.18
A20: Manure production, kg DM VS per day | B20: 0.69 | C20: 0.45 | D20: 0.37 | E20: 0.044 | F20: 0.69 | G20: 0.45 | H20: 0.37 | I20: 0.044 | J20: 0.69 | K20: 0.45 | L20: 0.37 | M20: 0.044 | N20: 0.69 | O20: 0.45 | P20: 0.37 | Q20: 0.044 | R20: 0.69 | S20: 0.45 | T20: 0.37 | U20: 0.044 | V20: 0.69 | W20: 0.45 | X20: 0.37 | Y20: 0.044 | Z20: 0.69 | AA20: 0.45 | AB20: 0.37 | AC20: 0.044 | AD20: 0.69 | AE20: 0.45 | AF20: 0.37 | AG20: 0.044 | AH20: 0.69 | AI20: 0.45 | AJ20: 0.37 | AK20: 0.044 | AL20: 0.69 | AM20: 0.45 | AN20: 0.37 | AO20: 0.044 | AP20: 0.69 | AQ20: 0.45 | AR20: 0.37 | AS20: 0.044 | AU20: NIR 2022, Table 5.16
A22: Total amount of DM VS produced, kg per year
A23: Solid | B23: =(No_sows_SE+No_recruit_sows_SE)*B6*$AP$20*365 -> 78.0735 | C23: =No_boars_SE*C6*$AQ$20*365 -> 0.39889798 | D23: =No_fattening_pigs_SE*D6*$AR$20*Time_fattening_days_SE -> 0 | E23: =No_piglets_SE*E6*$AS$20*Time_to_weaning_SE -> 15.67676 | F23: =(No_sows_SE+No_recruit_sows_SE)*F6*$AP$20*365 -> 78.0735 | G23: =No_boars_SE*G6*$AQ$20*365 -> 0.39889798 | H23: =No_fattening_pigs_SE*H6*$AR$20*Time_fattening_days_SE -> 0 | I23: =No_piglets_SE*I6*$AS$20*Time_to_weaning_SE -> 15.67676 | J23: =(No_sows_SE+No_recruit_sows_SE)*J6*$AP$20*365 -> 78.0735 | K23: =No_boars_SE*K6*$AQ$20*365 -> 0.39889798 | L23: =No_fattening_pigs_SE*L6*$AR$20*Time_fattening_days_SE -> 0 | M23: =No_piglets_SE*M6*$AS$20*Time_to_weaning_SE -> 15.67676 | N23: =(No_sows_SE+No_recruit_sows_SE)*N6*$AP$20*365 -> 78.0735 | O23: =No_boars_SE*O6*$AQ$20*365 -> 0.39889798 | P23: =No_fattening_pigs_SE*P6*$AR$20*Time_fattening_days_SE -> 0 | Q23: =No_piglets_SE*Q6*$AS$20*Time_to_weaning_SE -> 15.67676 | R23: =(No_sows_SE+No_recruit_sows_SE)*R6*$AP$20*365 -> 78.0735 | S23: =No_boars_SE*S6*$AQ$20*365 -> 0.39889798 | T23: =No_fattening_pigs_SE*T6*$AR$20*Time_fattening_days_SE -> 0 | U23: =No_piglets_SE*U6*$AS$20*Time_to_weaning_SE -> 15.67676 | V23: =(No_sows_SE+No_recruit_sows_SE)*V6*$AP$20*365 -> 78.0735 | W23: =No_boars_SE*W6*$AQ$20*365 -> 0.39889798 | X23: =No_fattening_pigs_SE*X6*$AR$20*Time_fattening_days_SE -> 0 | Y23: =No_piglets_SE*Y6*$AS$20*Time_to_weaning_SE -> 15.67676 | Z23: =(No_sows_SE+No_recruit_sows_SE)*Z6*$AP$20*365 -> 78.0735 | AA23: =No_boars_SE*AA6*$AQ$20*365 -> 0.39889798 | AB23: =No_fattening_pigs_SE*AB6*$AR$20*Time_fattening_days_SE -> 0 | AC23: =No_piglets_SE*AC6*$AS$20*Time_to_weaning_SE -> 15.67676 | AD23: =(No_sows_SE+No_recruit_sows_SE)*AD6*$AP$20*365 -> 78.0735 | AE23: =No_boars_SE*AE6*$AQ$20*365 -> 0.39889798 | AF23: =No_fattening_pigs_SE*AF6*$AR$20*Time_fattening_days_SE -> 0 | AG23: =No_piglets_SE*AG6*$AS$20*Time_to_weaning_SE -> 15.67676 | AH23: =(No_sows_SE+No_recruit_sows_SE)*AH6*$AP$20*365 -> 78.0735 | AI23: =No_boars_SE*AI6*$AQ$20*365 -> 0.39889798 | AJ23: =No_fattening_pigs_SE*AJ6*$AR$20*Time_fattening_days_SE -> 0 | AK23: =No_piglets_SE*AK6*$AS$20*Time_to_weaning_SE -> 15.67676 | AL23: =(No_sows_SE+No_recruit_sows_SE)*AL6*$AP$20*365 -> 78.0735 | AM23: =No_boars_SE*AM6*$AQ$20*365 -> 0.39889798 | AN23: =No_fattening_pigs_SE*AN6*$AR$20*Time_fattening_days_SE -> 0 | AO23: =No_piglets_SE*AO6*$AS$20*Time_to_weaning_SE -> 15.67676 | AP23: =(No_sows_SE+No_recruit_sows_SE)*AP6*$AP$20*365 -> 78.0735 | AQ23: =No_boars_SE*AQ6*$AQ$20*365 -> 0.39889798 | AR23: =No_fattening_pigs_SE*AR6*$AR$20*Time_fattening_days_SE -> 0 | AS23: =No_piglets_SE*AS6*$AS$20*Time_to_weaning_SE -> 15.67676
A24: Liquid | B24: =(No_sows_SE+No_recruit_sows_SE)*B7*$AP$20*365 -> 245.93152 | C24: =No_boars_SE*C7*$AQ$20*365 -> 1.2565286 | D24: =No_fattening_pigs_SE*D7*$AR$20*Time_fattening_days_SE -> 789.58 | E24: =No_piglets_SE*E7*$AS$20*Time_to_weaning_SE -> 49.381794 | F24: =(No_sows_SE+No_recruit_sows_SE)*F7*$AP$20*365 -> 245.93152 | G24: =No_boars_SE*G7*$AQ$20*365 -> 1.2565286 | H24: =No_fattening_pigs_SE*H7*$AR$20*Time_fattening_days_SE -> 789.58 | I24: =No_piglets_SE*I7*$AS$20*Time_to_weaning_SE -> 49.381794 | J24: =(No_sows_SE+No_recruit_sows_SE)*J7*$AP$20*365 -> 245.93152 | K24: =No_boars_SE*K7*$AQ$20*365 -> 1.2565286 | L24: =No_fattening_pigs_SE*L7*$AR$20*Time_fattening_days_SE -> 789.58 | M24: =No_piglets_SE*M7*$AS$20*Time_to_weaning_SE -> 49.381794 | N24: =(No_sows_SE+No_recruit_sows_SE)*N7*$AP$20*365 -> 245.93152 | O24: =No_boars_SE*O7*$AQ$20*365 -> 1.2565286 | P24: =No_fattening_pigs_SE*P7*$AR$20*Time_fattening_days_SE -> 789.58 | Q24: =No_piglets_SE*Q7*$AS$20*Time_to_weaning_SE -> 49.381794 | R24: =(No_sows_SE+No_recruit_sows_SE)*R7*$AP$20*365 -> 245.93152 | S24: =No_boars_SE*S7*$AQ$20*365 -> 1.2565286 | T24: =No_fattening_pigs_SE*T7*$AR$20*Time_fattening_days_SE -> 789.58 | U24: =No_piglets_SE*U7*$AS$20*Time_to_weaning_SE -> 49.381794 | V24: =(No_sows_SE+No_recruit_sows_SE)*V7*$AP$20*365 -> 245.93152 | W24: =No_boars_SE*W7*$AQ$20*365 -> 1.2565286 | X24: =No_fattening_pigs_SE*X7*$AR$20*Time_fattening_days_SE -> 789.58 | Y24: =No_piglets_SE*Y7*$AS$20*Time_to_weaning_SE -> 49.381794 | Z24: =(No_sows_SE+No_recruit_sows_SE)*Z7*$AP$20*365 -> 245.93152 | AA24: =No_boars_SE*AA7*$AQ$20*365 -> 1.2565286 | AB24: =No_fattening_pigs_SE*AB7*$AR$20*Time_fattening_days_SE -> 789.58 | AC24: =No_piglets_SE*AC7*$AS$20*Time_to_weaning_SE -> 49.381794 | AD24: =(No_sows_SE+No_recruit_sows_SE)*AD7*$AP$20*365 -> 245.93152 | AE24: =No_boars_SE*AE7*$AQ$20*365 -> 1.2565286 | AF24: =No_fattening_pigs_SE*AF7*$AR$20*Time_fattening_days_SE -> 789.58 | AG24: =No_piglets_SE*AG7*$AS$20*Time_to_weaning_SE -> 49.381794 | AH24: =(No_sows_SE+No_recruit_sows_SE)*AH7*$AP$20*365 -> 245.93152 | AI24: =No_boars_SE*AI7*$AQ$20*365 -> 1.2565286 | AJ24: =No_fattening_pigs_SE*AJ7*$AR$20*Time_fattening_days_SE -> 789.58 | AK24: =No_piglets_SE*AK7*$AS$20*Time_to_weaning_SE -> 49.381794 | AL24: =(No_sows_SE+No_recruit_sows_SE)*AL7*$AP$20*365 -> 245.93152 | AM24: =No_boars_SE*AM7*$AQ$20*365 -> 1.2565286 | AN24: =No_fattening_pigs_SE*AN7*$AR$20*Time_fattening_days_SE -> 789.58 | AO24: =No_piglets_SE*AO7*$AS$20*Time_to_weaning_SE -> 49.381794 | AP24: =(No_sows_SE+No_recruit_sows_SE)*AP7*$AP$20*365 -> 245.93152 | AQ24: =No_boars_SE*AQ7*$AQ$20*365 -> 1.2565286 | AR24: =No_fattening_pigs_SE*AR7*$AR$20*Time_fattening_days_SE -> 789.58 | AS24: =No_piglets_SE*AS7*$AS$20*Time_to_weaning_SE -> 49.381794
A25: Deep litter | B25: =(No_sows_SE+No_recruit_sows_SE)*B8*$AP$20*365 -> 66.362475 | C25: =No_boars_SE*C8*$AQ$20*365 -> 0.33906328 | D25: =No_fattening_pigs_SE*D8*$AR$20*Time_fattening_days_SE -> 0 | E25: =No_piglets_SE*E8*$AS$20*Time_to_weaning_SE -> 13.325246 | F25: =(No_sows_SE+No_recruit_sows_SE)*F8*$AP$20*365 -> 66.362475 | G25: =No_boars_SE*G8*$AQ$20*365 -> 0.33906328 | H25: =No_fattening_pigs_SE*H8*$AR$20*Time_fattening_days_SE -> 0 | I25: =No_piglets_SE*I8*$AS$20*Time_to_weaning_SE -> 13.325246 | J25: =(No_sows_SE+No_recruit_sows_SE)*J8*$AP$20*365 -> 66.362475 | K25: =No_boars_SE*K8*$AQ$20*365 -> 0.33906328 | L25: =No_fattening_pigs_SE*L8*$AR$20*Time_fattening_days_SE -> 0 | M25: =No_piglets_SE*M8*$AS$20*Time_to_weaning_SE -> 13.325246 | N25: =(No_sows_SE+No_recruit_sows_SE)*N8*$AP$20*365 -> 66.362475 | O25: =No_boars_SE*O8*$AQ$20*365 -> 0.33906328 | P25: =No_fattening_pigs_SE*P8*$AR$20*Time_fattening_days_SE -> 0 | Q25: =No_piglets_SE*Q8*$AS$20*Time_to_weaning_SE -> 13.325246 | R25: =(No_sows_SE+No_recruit_sows_SE)*R8*$AP$20*365 -> 66.362475 | S25: =No_boars_SE*S8*$AQ$20*365 -> 0.33906328 | T25: =No_fattening_pigs_SE*T8*$AR$20*Time_fattening_days_SE -> 0 | U25: =No_piglets_SE*U8*$AS$20*Time_to_weaning_SE -> 13.325246 | V25: =(No_sows_SE+No_recruit_sows_SE)*V8*$AP$20*365 -> 66.362475 | W25: =No_boars_SE*W8*$AQ$20*365 -> 0.33906328 | X25: =No_fattening_pigs_SE*X8*$AR$20*Time_fattening_days_SE -> 0 | Y25: =No_piglets_SE*Y8*$AS$20*Time_to_weaning_SE -> 13.325246 | Z25: =(No_sows_SE+No_recruit_sows_SE)*Z8*$AP$20*365 -> 66.362475 | AA25: =No_boars_SE*AA8*$AQ$20*365 -> 0.33906328 | AB25: =No_fattening_pigs_SE*AB8*$AR$20*Time_fattening_days_SE -> 0 | AC25: =No_piglets_SE*AC8*$AS$20*Time_to_weaning_SE -> 13.325246 | AD25: =(No_sows_SE+No_recruit_sows_SE)*AD8*$AP$20*365 -> 66.362475 | AE25: =No_boars_SE*AE8*$AQ$20*365 -> 0.33906328 | AF25: =No_fattening_pigs_SE*AF8*$AR$20*Time_fattening_days_SE -> 0 | AG25: =No_piglets_SE*AG8*$AS$20*Time_to_weaning_SE -> 13.325246 | AH25: =(No_sows_SE+No_recruit_sows_SE)*AH8*$AP$20*365 -> 66.362475 | AI25: =No_boars_SE*AI8*$AQ$20*365 -> 0.33906328 | AJ25: =No_fattening_pigs_SE*AJ8*$AR$20*Time_fattening_days_SE -> 0 | AK25: =No_piglets_SE*AK8*$AS$20*Time_to_weaning_SE -> 13.325246 | AL25: =(No_sows_SE+No_recruit_sows_SE)*AL8*$AP$20*365 -> 66.362475 | AM25: =No_boars_SE*AM8*$AQ$20*365 -> 0.33906328 | AN25: =No_fattening_pigs_SE*AN8*$AR$20*Time_fattening_days_SE -> 0 | AO25: =No_piglets_SE*AO8*$AS$20*Time_to_weaning_SE -> 13.325246 | AP25: =(No_sows_SE+No_recruit_sows_SE)*AP8*$AP$20*365 -> 66.362475 | AQ25: =No_boars_SE*AQ8*$AQ$20*365 -> 0.33906328 | AR25: =No_fattening_pigs_SE*AR8*$AR$20*Time_fattening_days_SE -> 0 | AS25: =No_piglets_SE*AS8*$AS$20*Time_to_weaning_SE -> 13.325246
A27: Methane emissions, kg CH4 per year
A28: Solid | B28: =B23*$AP$17*$AP$18*0.67*$AP$12 -> 0.40958139 | C28: =C23*$AP$17*$AP$18*0.67*$AP$12 -> 0.0020926587 | D28: =D23*$AP$17*$AP$18*0.67*$AP$12 -> 0 | E28: =E23*$AP$17*$AP$18*0.67*$AP$12 -> 0.082241851 | F28: =F23*$AP$17*$AP$18*0.67*$AP$12 -> 0.40958139 | G28: =G23*$AP$17*$AP$18*0.67*$AP$12 -> 0.0020926587 | H28: =H23*$AP$17*$AP$18*0.67*$AP$12 -> 0 | I28: =I23*$AP$17*$AP$18*0.67*$AP$12 -> 0.082241851 | ... AS28: =AS23*$AP$17*$AP$18*0.67*$AP$12 -> 0.082241851
A29: Liquid | B29: =B24*$AP$17*$AP$18*0.67*$AP$13 -> 2.2578174 | C29: =C24*$AP$17*$AP$18*0.67*$AP$13 -> 0.011535781 | D29: =D24*$AP$17*$AP$18*0.67*$AP$13 -> 7.2488774 | E29: =E24*$AP$17*$AP$18*0.67*$AP$13 -> 0.4533582 | F29: =F24*$AP$17*$AP$18*0.67*$AP$13 -> 2.2578174 | G29: =G24*$AP$17*$AP$18*0.67*$AP$13 -> 0.011535781 | H29: =H24*$AP$17*$AP$18*0.67*$AP$13 -> 7.2488774 | I29: =I24*$AP$17*$AP$18*0.67*$AP$13 -> 0.4533582 | ... AS29: =AS24*$AP$17*$AP$18*0.67*$AP$13 -> 0.4533582
A30: Deep litter | B30: =B25*$AP$17*$AP$18*0.67*$AP$14 -> 2.9592255 | C30: =C25*$AP$17*$AP$18*0.67*$AP$14 -> 0.015119459 | D30: =D25*$AP$17*$AP$18*0.67*$AP$15 -> 0 | E30: =E25*$AP$17*$AP$18*0.67*$AP$16 -> 0.59419737 | F30: =F25*$AP$17*$AP$18*0.67*$AP$14 -> 2.9592255 | G30: =G25*$AP$17*$AP$18*0.67*$AP$14 -> 0.015119459 | H30: =H25*$AP$17*$AP$18*0.67*$AP$15 -> 0 | I30: =I25*$AP$17*$AP$18*0.67*$AP$16 -> 0.59419737 | J30: =J25*$AP$17*$AP$18*0.67*$AP$14 -> 2.9592255 | K30: =K25*$AP$17*$AP$18*0.67*$AP$14 -> 0.015119459 | L30: =L25*$AP$17*$AP$18*0.67*$AP$15 -> 0 | M30: =M25*$AP$17*$AP$18*0.67*$AP$16 -> 0.59419737 | N30: =N25*$AP$17*$AP$18*0.67*$AP$14 -> 2.9592255 | O30: =O25*$AP$17*$AP$18*0.67*$AP$14 -> 0.015119459 | P30: =P25*$AP$17*$AP$18*0.67*$AP$15 -> 0 | Q30: =Q25*$AP$17*$AP$18*0.67*$AP$16 -> 0.59419737 | R30: =R25*$AP$17*$AP$18*0.67*$AP$14 -> 2.9592255 | S30: =S25*$AP$17*$AP$18*0.67*$AP$14 -> 0.015119459 | T30: =T25*$AP$17*$AP$18*0.67*$AP$15 -> 0 | U30: =U25*$AP$17*$AP$18*0.67*$AP$16 -> 0.59419737 | V30: =V25*$AP$17*$AP$18*0.67*$AP$14 -> 2.9592255 | W30: =W25*$AP$17*$AP$18*0.67*$AP$14 -> 0.015119459 | X30: =X25*$AP$17*$AP$18*0.67*$AP$15 -> 0 | Y30: =Y25*$AP$17*$AP$18*0.67*$AP$16 -> 0.59419737 | Z30: =Z25*$AP$17*$AP$18*0.67*$AP$14 -> 2.9592255 | AA30: =AA25*$AP$17*$AP$18*0.67*$AP$14 -> 0.015119459 | AB30: =AB25*$AP$17*$AP$18*0.67*$AP$15 -> 0 | AC30: =AC25*$AP$17*$AP$18*0.67*$AP$16 -> 0.59419737 | AD30: =AD25*$AP$17*$AP$18*0.67*$AP$14 -> 2.9592255 | AE30: =AE25*$AP$17*$AP$18*0.67*$AP$14 -> 0.015119459 | AF30: =AF25*$AP$17*$AP$18*0.67*$AP$15 -> 0 | AG30: =AG25*$AP$17*$AP$18*0.67*$AP$16 -> 0.59419737 | AH30: =AH25*$AP$17*$AP$18*0.67*$AP$14 -> 2.9592255 | AI30: =AI25*$AP$17*$AP$18*0.67*$AP$14 -> 0.015119459 | AJ30: =AJ25*$AP$17*$AP$18*0.67*$AP$15 -> 0 | AK30: =AK25*$AP$17*$AP$18*0.67*$AP$16 -> 0.59419737 | AL30: =AL25*$AP$17*$AP$18*0.67*$AP$14 -> 2.9592255 | AM30: =AM25*$AP$17*$AP$18*0.67*$AP$14 -> 0.015119459 | AN30: =AN25*$AP$17*$AP$18*0.67*$AP$15 -> 0 | AO30: =AO25*$AP$17*$AP$18*0.67*$AP$16 -> 0.59419737 | AP30: =AP25*$AP$17*$AP$18*0.67*$AP$14 -> 2.9592255 | AQ30: =AQ25*$AP$17*$AP$18*0.67*$AP$14 -> 0.015119459 | AR30: =AR25*$AP$17*$AP$18*0.67*$AP$15 -> 0 | AS30: =AS25*$AP$17*$AP$18*0.67*$AP$16 -> 0.59419737
A31: Total | E31: =SUM(B28:E30) -> 14.034047 | I31: =SUM(F28:I30) -> 14.034047 | M31: =SUM(J28:M30) -> 14.034047 | Q31: =SUM(N28:Q30) -> 14.034047 | U31: =SUM(R28:U30) -> 14.034047 | Y31: =SUM(V28:Y30) -> 14.034047 | AC31: =SUM(Z28:AC30) -> 14.034047 | AG31: =SUM(AD28:AG30) -> 14.034047 | AK31: =SUM(AH28:AK30) -> 14.034047 | AO31: =SUM(AL28:AO30) -> 14.034047 | AS31: =SUM(AP28:AS30) -> 14.034047
A32: Per kg meat&offal | E32: =E31/Production!B35 -> 0.011236433 | I32: =I31/Production!C35 -> 0.011236433 | M32: =M31/Production!D35 -> 0.011236433 | Q32: =Q31/Production!E35 -> 0.011236433 | U32: =U31/Production!F35 -> 0.011236433 | Y32: =Y31/Production!G35 -> 0.011236433 | AC32: =AC31/Production!H35 -> 0.011236433 | AG32: =AG31/Production!I35 -> 0.011236433 | AK32: =AK31/Production!J35 -> 0.011236433 | AO32: =AO31/Production!K35 -> 0.011236433 | AS32: =AS31/Production!L35 -> 0.011236433
A34: NITROGEN EMISSIONS
A35: N excreted per animal
A36: N excreted, kg per head per year | B36: 22.5 | C36: 13 | D36: 10.8 | E36: 1.2 | F36: 22.5 | G36: 13 | H36: 10.8 | I36: 1.2 | J36: 22.5 | K36: 13 | L36: 10.8 | M36: 1.2 | N36: 22.5 | O36: 13 | P36: 10.8 | Q36: 1.2 | R36: 22.5 | S36: 13 | T36: 10.8 | U36: 1.2 | V36: 22.5 | W36: 13 | X36: 10.8 | Y36: 1.2 | Z36: 22.5 | AA36: 13 | AB36: 10.8 | AC36: 1.2 | AD36: 22.5 | AE36: 13 | AF36: 10.8 | AG36: 1.2 | AH36: 22.5 | AI36: 13 | AJ36: 10.8 | AK36: 1.2 | AL36: 22.5 | AM36: 13 | AN36: 10.8 | AO36: 1.2 | AP36: 22.5 | AQ36: 13 | AR36: 10.8 | AS36: 1.2 | AU36: NIR 2022, Table 5.17, note that this is for a pig for a whole year, not per animal slaughtered
A37: Proportion of TAN | B37: 0.7 | C37: 0.7 | D37: 0.7 | E37: 0.7 | F37: 0.7 | G37: 0.7 | H37: 0.7 | I37: 0.7 | J37: 0.7 | K37: 0.7 | L37: 0.7 | M37: 0.7 | N37: 0.7 | O37: 0.7 | P37: 0.7 | Q37: 0.7 | R37: 0.7 | S37: 0.7 | T37: 0.7 | U37: 0.7 | V37: 0.7 | W37: 0.7 | X37: 0.7 | Y37: 0.7 | Z37: 0.7 | AA37: 0.7 | AB37: 0.7 | AC37: 0.7 | AD37: 0.7 | AE37: 0.7 | AF37: 0.7 | AG37: 0.7 | AH37: 0.7 | AI37: 0.7 | AJ37: 0.7 | AK37: 0.7 | AL37: 0.7 | AM37: 0.7 | AN37: 0.7 | AO37: 0.7 | AP37: 0.7 | AQ37: 0.7 | AR37: 0.7 | AS37: 0.7 | AU37: EMEP/EEA 2019. Table 3.9
A39: N excreted in different systems, kg per year
A40: Solid | B40: =(No_sows_SE+No_recruit_sows_SE)*B6*B36 -> 6.975 | C40: =No_boars_SE*C6*$AQ$36 -> 0.031571834 | D40: =No_fattening_pigs_SE*Time_fattening_days_SE/365*D6*$AR$36 -> 0 | E40: =No_piglets_SE*Time_to_weaning_SE/365*E6*$AS$36 -> 1.1713644 | F40: =(No_sows_SE+No_recruit_sows_SE)*F6*F36 -> 6.975 | G40: =No_boars_SE*G6*$AQ$36 -> 0.031571834 | H40: =No_fattening_pigs_SE*Time_fattening_days_SE/365*H6*$AR$36 -> 0 | I40: =No_piglets_SE*Time_to_weaning_SE/365*I6*$AS$36 -> 1.1713644 | J40: =(No_sows_SE+No_recruit_sows_SE)*J6*J36 -> 6.975 | K40: =No_boars_SE*K6*$AQ$36 -> 0.031571834 | L40: =No_fattening_pigs_SE*Time_fattening_days_SE/365*L6*$AR$36 -> 0 | M40: =No_piglets_SE*Time_to_weaning_SE/365*M6*$AS$36 -> 1.1713644 | N40: =(No_sows_SE+No_recruit_sows_SE)*N6*N36 -> 6.975 | O40: =No_boars_SE*O6*$AQ$36 -> 0.031571834 | P40: =No_fattening_pigs_SE*Time_fattening_days_SE/365*P6*$AR$36 -> 0 | Q40: =No_piglets_SE*Time_to_weaning_SE/365*Q6*$AS$36 -> 1.1713644 | R40: =(No_sows_SE+No_recruit_sows_SE)*R6*R36 -> 6.975 | S40: =No_boars_SE*S6*$AQ$36 -> 0.031571834 | T40: =No_fattening_pigs_SE*Time_fattening_days_SE/365*T6*$AR$36 -> 0 | U40: =No_piglets_SE*Time_to_weaning_SE/365*U6*$AS$36 -> 1.1713644 | V40: =(No_sows_SE+No_recruit_sows_SE)*V6*V36 -> 6.975 | W40: =No_boars_SE*W6*$AQ$36 -> 0.031571834 | X40: =No_fattening_pigs_SE*Time_fattening_days_SE/365*X6*$AR$36 -> 0 | Y40: =No_piglets_SE*Time_to_weaning_SE/365*Y6*$AS$36 -> 1.1713644 | Z40: =(No_sows_SE+No_recruit_sows_SE)*Z6*Z36 -> 6.975 | AA40: =No_boars_SE*AA6*$AQ$36 -> 0.031571834 | AB40: =No_fattening_pigs_SE*Time_fattening_days_SE/365*AB6*$AR$36 -> 0 | AC40: =No_piglets_SE*Time_to_weaning_SE/365*AC6*$AS$36 -> 1.1713644 | AD40: =(No_sows_SE+No_recruit_sows_SE)*AD6*AD36 -> 6.975 | AE40: =No_boars_SE*AE6*$AQ$36 -> 0.031571834 | AF40: =No_fattening_pigs_SE*Time_fattening_days_SE/365*AF6*$AR$36 -> 0 | AG40: =No_piglets_SE*Time_to_weaning_SE/365*AG6*$AS$36 -> 1.1713644 | AH40: =(No_sows_SE+No_recruit_sows_SE)*AH6*AH36 -> 6.975 | AI40: =No_boars_SE*AI6*$AQ$36 -> 0.031571834 | AJ40: =No_fattening_pigs_SE*Time_fattening_days_SE/365*AJ6*$AR$36 -> 0 | AK40: =No_piglets_SE*Time_to_weaning_SE/365*AK6*$AS$36 -> 1.1713644 | AL40: =(No_sows_SE+No_recruit_sows_SE)*AL6*AL36 -> 6.975 | AM40: =No_boars_SE*AM6*$AQ$36 -> 0.031571834 | AN40: =No_fattening_pigs_SE*Time_fattening_days_SE/365*AN6*$AR$36 -> 0 | AO40: =No_piglets_SE*Time_to_weaning_SE/365*AO6*$AS$36 -> 1.1713644 | AP40: =(No_sows_SE+No_recruit_sows_SE)*AP6*AP36 -> 6.975 | AQ40: =No_boars_SE*AQ6*$AQ$36 -> 0.031571834 | AR40: =No_fattening_pigs_SE*Time_fattening_days_SE/365*AR6*$AR$36 -> 0 | AS40: =No_piglets_SE*Time_to_weaning_SE/365*AS6*$AS$36 -> 1.1713644
A41: Liquid | B41: =(No_sows_SE+No_recruit_sows_SE)*B7*B36 -> 21.97125 | C41: =No_boars_SE*C7*$AQ$36 -> 0.099451277 | D41: =No_fattening_pigs_SE*Time_fattening_days_SE/365*D7*$AR$36 -> 63.143014 | E41: =No_piglets_SE*Time_to_weaning_SE/365*E7*$AS$36 -> 3.6897978 | F41: =(No_sows_SE+No_recruit_sows_SE)*F7*F36 -> 21.97125 | G41: =No_boars_SE*G7*$AQ$36 -> 0.099451277 | H41: =No_fattening_pigs_SE*Time_fattening_days_SE/365*H7*$AR$36 -> 63.143014 | I41: =No_piglets_SE*Time_to_weaning_SE/365*I7*$AS$36 -> 3.6897978 | J41: =(No_sows_SE+No_recruit_sows_SE)*J7*J36 -> 21.97125 | K41: =No_boars_SE*K7*$AQ$36 -> 0.099451277 | L41: =No_fattening_pigs_SE*Time_fattening_days_SE/365*L7*$AR$36 -> 63.143014 | M41: =No_piglets_SE*Time_to_weaning_SE/365*M7*$AS$36 -> 3.6897978 | N41: =(No_sows_SE+No_recruit_sows_SE)*N7*N36 -> 21.97125 | O41: =No_boars_SE*O7*$AQ$36 -> 0.099451277 | P41: =No_fattening_pigs_SE*Time_fattening_days_SE/365*P7*$AR$36 -> 63.143014 | Q41: =No_piglets_SE*Time_to_weaning_SE/365*Q7*$AS$36 -> 3.6897978 | R41: =(No_sows_SE+No_recruit_sows_SE)*R7*R36 -> 21.97125 | S41: =No_boars_SE*S7*$AQ$36 -> 0.099451277 | T41: =No_fattening_pigs_SE*Time_fattening_days_SE/365*T7*$AR$36 -> 63.143014 | U41: =No_piglets_SE*Time_to_weaning_SE/365*U7*$AS$36 -> 3.6897978 | V41: =(No_sows_SE+No_recruit_sows_SE)*V7*V36 -> 21.97125 | W41: =No_boars_SE*W7*$AQ$36 -> 0.099451277 | X41: =No_fattening_pigs_SE*Time_fattening_days_SE/365*X7*$AR$36 -> 63.143014 | Y41: =No_piglets_SE*Time_to_weaning_SE/365*Y7*$AS$36 -> 3.6897978 | Z41: =(No_sows_SE+No_recruit_sows_SE)*Z7*Z36 -> 21.97125 | AA41: =No_boars_SE*AA7*$AQ$36 -> 0.099451277 | AB41: =No_fattening_pigs_SE*Time_fattening_days_SE/365*AB7*$AR$36 -> 63.143014 | AC41: =No_piglets_SE*Time_to_weaning_SE/365*AC7*$AS$36 -> 3.6897978 | AD41: =(No_sows_SE+No_recruit_sows_SE)*AD7*AD36 -> 21.97125 | AE41: =No_boars_SE*AE7*$AQ$36 -> 0.099451277 | AF41: =No_fattening_pigs_SE*Time_fattening_days_SE/365*AF7*$AR$36 -> 63.143014 | AG41: =No_piglets_SE*Time_to_weaning_SE/365*AG7*$AS$36 -> 3.6897978 | AH41: =(No_sows_SE+No_recruit_sows_SE)*AH7*AH36 -> 21.97125 | AI41: =No_boars_SE*AI7*$AQ$36 -> 0.099451277 | AJ41: =No_fattening_pigs_SE*Time_fattening_days_SE/365*AJ7*$AR$36 -> 63.143014 | AK41: =No_piglets_SE*Time_to_weaning_SE/365*AK7*$AS$36 -> 3.6897978 | AL41: =(No_sows_SE+No_recruit_sows_SE)*AL7*AL36 -> 21.97125 | AM41: =No_boars_SE*AM7*$AQ$36 -> 0.099451277 | AN41: =No_fattening_pigs_SE*Time_fattening_days_SE/365*AN7*$AR$36 -> 63.143014 | AO41: =No_piglets_SE*Time_to_weaning_SE/365*AO7*$AS$36 -> 3.6897978 | AP41: =(No_sows_SE+No_recruit_sows_SE)*AP7*AP36 -> 21.97125 | AQ41: =No_boars_SE*AQ7*$AQ$36 -> 0.099451277 | AR41: =No_fattening_pigs_SE*Time_fattening_days_SE/365*AR7*$AR$36 -> 63.143014 | AS41: =No_piglets_SE*Time_to_weaning_SE/365*AS7*$AS$36 -> 3.6897978
A42: Deep litter | B42: =(No_sows_SE+No_recruit_sows_SE)*B8*B36 -> 5.92875 | C42: =No_boars_SE*C8*$AQ$36 -> 0.026836059 | D42: =No_fattening_pigs_SE*Time_fattening_days_SE/365*D8*$AR$36 -> 0 | E42: =No_piglets_SE*Time_to_weaning_SE/365*E8*$AS$36 -> 0.99565973 | F42: =(No_sows_SE+No_recruit_sows_SE)*F8*F36 -> 5.92875 | G42: =No_boars_SE*G8*$AQ$36 -> 0.026836059 | H42: =No_fattening_pigs_SE*Time_fattening_days_SE/365*H8*$AR$36 -> 0 | I42: =No_piglets_SE*Time_to_weaning_SE/365*I8*$AS$36 -> 0.99565973 | J42: =(No_sows_SE+No_recruit_sows_SE)*J8*J36 -> 5.92875 | K42: =No_boars_SE*K8*$AQ$36 -> 0.026836059 | L42: =No_fattening_pigs_SE*Time_fattening_days_SE/365*L8*$AR$36 -> 0 | M42: =No_piglets_SE*Time_to_weaning_SE/365*M8*$AS$36 -> 0.99565973 | N42: =(No_sows_SE+No_recruit_sows_SE)*N8*N36 -> 5.92875 | O42: =No_boars_SE*O8*$AQ$36 -> 0.026836059 | P42: =No_fattening_pigs_SE*Time_fattening_days_SE/365*P8*$AR$36 -> 0 | Q42: =No_piglets_SE*Time_to_weaning_SE/365*Q8*$AS$36 -> 0.99565973 | R42: =(No_sows_SE+No_recruit_sows_SE)*R8*R36 -> 5.92875 | S42: =No_boars_SE*S8*$AQ$36 -> 0.026836059 | T42: =No_fattening_pigs_SE*Time_fattening_days_SE/365*T8*$AR$36 -> 0 | U42: =No_piglets_SE*Time_to_weaning_SE/365*U8*$AS$36 -> 0.99565973 | V42: =(No_sows_SE+No_recruit_sows_SE)*V8*V36 -> 5.92875 | W42: =No_boars_SE*W8*$AQ$36 -> 0.026836059 | X42: =No_fattening_pigs_SE*Time_fattening_days_SE/365*X8*$AR$36 -> 0 | Y42: =No_piglets_SE*Time_to_weaning_SE/365*Y8*$AS$36 -> 0.99565973 | Z42: =(No_sows_SE+No_recruit_sows_SE)*Z8*Z36 -> 5.92875 | AA42: =No_boars_SE*AA8*$AQ$36 -> 0.026836059 | AB42: =No_fattening_pigs_SE*Time_fattening_days_SE/365*AB8*$AR$36 -> 0 | AC42: =No_piglets_SE*Time_to_weaning_SE/365*AC8*$AS$36 -> 0.99565973 | AD42: =(No_sows_SE+No_recruit_sows_SE)*AD8*AD36 -> 5.92875 | AE42: =No_boars_SE*AE8*$AQ$36 -> 0.026836059 | AF42: =No_fattening_pigs_SE*Time_fattening_days_SE/365*AF8*$AR$36 -> 0 | AG42: =No_piglets_SE*Time_to_weaning_SE/365*AG8*$AS$36 -> 0.99565973 | AH42: =(No_sows_SE+No_recruit_sows_SE)*AH8*AH36 -> 5.92875 | AI42: =No_boars_SE*AI8*$AQ$36 -> 0.026836059 | AJ42: =No_fattening_pigs_SE*Time_fattening_days_SE/365*AJ8*$AR$36 -> 0 | AK42: =No_piglets_SE*Time_to_weaning_SE/365*AK8*$AS$36 -> 0.99565973 | AL42: =(No_sows_SE+No_recruit_sows_SE)*AL8*AL36 -> 5.92875 | AM42: =No_boars_SE*AM8*$AQ$36 -> 0.026836059 | AN42: =No_fattening_pigs_SE*Time_fattening_days_SE/365*AN8*$AR$36 -> 0 | AO42: =No_piglets_SE*Time_to_weaning_SE/365*AO8*$AS$36 -> 0.99565973 | AP42: =(No_sows_SE+No_recruit_sows_SE)*AP8*AP36 -> 5.92875 | AQ42: =No_boars_SE*AQ8*$AQ$36 -> 0.026836059 | AR42: =No_fattening_pigs_SE*Time_fattening_days_SE/365*AR8*$AR$36 -> 0 | AS42: =No_piglets_SE*Time_to_weaning_SE/365*AS8*$AS$36 -> 0.99565973
A44: TAN excreted in different systems, kg per year, m_house, TAN
A45: Solid | B45: =B40*$AP$37 -> 4.8825 | C45: =C40*$AQ$37 -> 0.022100284 | D45: =D40*$AR$37 -> 0 | E45: =E40*$AS$37 -> 0.81995507 | F45: =F40*$AP$37 -> 4.8825 | G45: =G40*$AQ$37 -> 0.022100284 | H45: =H40*$AR$37 -> 0 | I45: =I40*$AS$37 -> 0.81995507 | J45: =J40*$AP$37 -> 4.8825 | K45: =K40*$AQ$37 -> 0.022100284 | L45: =L40*$AR$37 -> 0 | M45: =M40*$AS$37 -> 0.81995507 | N45: =N40*$AP$37 -> 4.8825 | O45: =O40*$AQ$37 -> 0.022100284 | P45: =P40*$AR$37 -> 0 | Q45: =Q40*$AS$37 -> 0.81995507 | R45: =R40*$AP$37 -> 4.8825 | S45: =S40*$AQ$37 -> 0.022100284 | T45: =T40*$AR$37 -> 0 | U45: =U40*$AS$37 -> 0.81995507 | V45: =V40*$AP$37 -> 4.8825 | W45: =W40*$AQ$37 -> 0.022100284 | X45: =X40*$AR$37 -> 0 | Y45: =Y40*$AS$37 -> 0.81995507 | Z45: =Z40*$AP$37 -> 4.8825 | AA45: =AA40*$AQ$37 -> 0.022100284 | AB45: =AB40*$AR$37 -> 0 | AC45: =AC40*$AS$37 -> 0.81995507 | AD45: =AD40*$AP$37 -> 4.8825 | AE45: =AE40*$AQ$37 -> 0.022100284 | AF45: =AF40*$AR$37 -> 0 | AG45: =AG40*$AS$37 -> 0.81995507 | AH45: =AH40*$AP$37 -> 4.8825 | AI45: =AI40*$AQ$37 -> 0.022100284 | AJ45: =AJ40*$AR$37 -> 0 | AK45: =AK40*$AS$37 -> 0.81995507 | AL45: =AL40*$AP$37 -> 4.8825 | AM45: =AM40*$AQ$37 -> 0.022100284 | AN45: =AN40*$AR$37 -> 0 | AO45: =AO40*$AS$37 -> 0.81995507 | AP45: =AP40*$AP$37 -> 4.8825 | AQ45: =AQ40*$AQ$37 -> 0.022100284 | AR45: =AR40*$AR$37 -> 0 | AS45: =AS40*$AS$37 -> 0.81995507
A46: Liquid | B46: =B41*$AP$37 -> 15.379875 | C46: =C41*$AQ$37 -> 0.069615894 | D46: =D41*$AR$37 -> 44.20011 | E46: =E41*$AS$37 -> 2.5828585 | F46: =F41*$AP$37 -> 15.379875 | G46: =G41*$AQ$37 -> 0.069615894 | H46: =H41*$AR$37 -> 44.20011 | I46: =I41*$AS$37 -> 2.5828585 | J46: =J41*$AP$37 -> 15.379875 | K46: =K41*$AQ$37 -> 0.069615894 | L46: =L41*$AR$37 -> 44.20011 | M46: =M41*$AS$37 -> 2.5828585 | N46: =N41*$AP$37 -> 15.379875 | O46: =O41*$AQ$37 -> 0.069615894 | P46: =P41*$AR$37 -> 44.20011 | Q46: =Q41*$AS$37 -> 2.5828585 | R46: =R41*$AP$37 -> 15.379875 | S46: =S41*$AQ$37 -> 0.069615894 | T46: =T41*$AR$37 -> 44.20011 | U46: =U41*$AS$37 -> 2.5828585 | V46: =V41*$AP$37 -> 15.379875 | W46: =W41*$AQ$37 -> 0.069615894 | X46: =X41*$AR$37 -> 44.20011 | Y46: =Y41*$AS$37 -> 2.5828585 | Z46: =Z41*$AP$37 -> 15.379875 | AA46: =AA41*$AQ$37 -> 0.069615894 | AB46: =AB41*$AR$37 -> 44.20011 | AC46: =AC41*$AS$37 -> 2.5828585 | AD46: =AD41*$AP$37 -> 15.379875 | AE46: =AE41*$AQ$37 -> 0.069615894 | AF46: =AF41*$AR$37 -> 44.20011 | AG46: =AG41*$AS$37 -> 2.5828585 | AH46: =AH41*$AP$37 -> 15.379875 | AI46: =AI41*$AQ$37 -> 0.069615894 | AJ46: =AJ41*$AR$37 -> 44.20011 | AK46: =AK41*$AS$37 -> 2.5828585 | AL46: =AL41*$AP$37 -> 15.379875 | AM46: =AM41*$AQ$37 -> 0.069615894 | AN46: =AN41*$AR$37 -> 44.20011 | AO46: =AO41*$AS$37 -> 2.5828585 | AP46: =AP41*$AP$37 -> 15.379875 | AQ46: =AQ41*$AQ$37 -> 0.069615894 | AR46: =AR41*$AR$37 -> 44.20011 | AS46: =AS41*$AS$37 -> 2.5828585
A47: Deep litter | B47: =B42*$AP$37 -> 4.150125 | C47: =C42*$AQ$37 -> 0.018785241 | D47: =D42*$AR$37 -> 0 | E47: =E42*$AS$37 -> 0.69696181 | F47: =F42*$AP$37 -> 4.150125 | G47: =G42*$AQ$37 -> 0.018785241 | H47: =H42*$AR$37 -> 0 | I47: =I42*$AS$37 -> 0.69696181 | J47: =J42*$AP$37 -> 4.150125 | K47: =K42*$AQ$37 -> 0.018785241 | L47: =L42*$AR$37 -> 0 | M47: =M42*$AS$37 -> 0.69696181 | N47: =N42*$AP$37 -> 4.150125 | O47: =O42*$AQ$37 -> 0.018785241 | P47: =P42*$AR$37 -> 0 | Q47: =Q42*$AS$37 -> 0.69696181 | R47: =R42*$AP$37 -> 4.150125 | S47: =S42*$AQ$37 -> 0.018785241 | T47: =T42*$AR$37 -> 0 | U47: =U42*$AS$37 -> 0.69696181 | V47: =V42*$AP$37 -> 4.150125 | W47: =W42*$AQ$37 -> 0.018785241 | X47: =X42*$AR$37 -> 0 | Y47: =Y42*$AS$37 -> 0.69696181 | Z47: =Z42*$AP$37 -> 4.150125 | AA47: =AA42*$AQ$37 -> 0.018785241 | AB47: =AB42*$AR$37 -> 0 | AC47: =AC42*$AS$37 -> 0.69696181 | AD47: =AD42*$AP$37 -> 4.150125 | AE47: =AE42*$AQ$37 -> 0.018785241 | AF47: =AF42*$AR$37 -> 0 | AG47: =AG42*$AS$37 -> 0.69696181 | AH47: =AH42*$AP$37 -> 4.150125 | AI47: =AI42*$AQ$37 -> 0.018785241 | AJ47: =AJ42*$AR$37 -> 0 | AK47: =AK42*$AS$37 -> 0.69696181 | AL47: =AL42*$AP$37 -> 4.150125 | AM47: =AM42*$AQ$37 -> 0.018785241 | AN47: =AN42*$AR$37 -> 0 | AO47: =AO42*$AS$37 -> 0.69696181 | AP47: =AP42*$AP$37 -> 4.150125 | AQ47: =AQ42*$AQ$37 -> 0.018785241 | AR47: =AR42*$AR$37 -> 0 | AS47: =AS42*$AS$37 -> 0.69696181
A49: Emissions from housing, kg NH3-N per year, E_house | AU49: Step 6
A50: Solid | B50: =B45*B56 -> 1.1718 | C50: =C45*C56 -> 0.0053040681 | D50: =D45*D56 -> 0 | E50: =E45*E56 -> 0.19678922 | F50: =F45*F56 -> 1.1718 | G50: =G45*G56 -> 0.0053040681 | H50: =H45*H56 -> 0 | I50: =I45*I56 -> 0.19678922 | ... AS50: =AS45*AS56 -> 0.19678922
A51: Liquid | B51: =B46*B57 -> 5.3829562 | C51: =C46*C57 -> 0.024365563 | D51: =D46*D57 -> 11.93403 | E51: =E46*E57 -> 0.90400046 | F51: =F46*F57 -> 5.3829562 | G51: =G46*G57 -> 0.024365563 | H51: =H46*H57 -> 11.93403 | I51: =I46*I57 -> 0.90400046 | ... AS51: =AS46*AS57 -> 0.90400046
A52: Deep litter | B52: =B47*B56 -> 0.99603 | C52: =C47*C56 -> 0.0045084579 | D52: =D47*D56 -> 0 | E52: =E47*E56 -> 0.16727083 | F52: =F47*F56 -> 0.99603 | G52: =G47*G56 -> 0.0045084579 | H52: =H47*H56 -> 0 | I52: =I47*I56 -> 0.16727083 | ... AS52: =AS47*AS56 -> 0.16727083 | AU52: Using EF for solid manure
A53: Total | E53: =SUM(B50:E52) -> 20.787054 | I53: =SUM(F50:I52) -> 20.787054 | M53: =SUM(J50:M52) -> 20.787054 | Q53: =SUM(N50:Q52) -> 20.787054 | U53: =SUM(R50:U52) -> 20.787054 | Y53: =SUM(V50:Y52) -> 20.787054 | AC53: =SUM(Z50:AC52) -> 20.787054 | AG53: =SUM(AD50:AG52) -> 20.787054 | AK53: =SUM(AH50:AK52) -> 20.787054 | AO53: =SUM(AL50:AO52) -> 20.787054 | AS53: =SUM(AP50:AS52) -> 20.787054
A54: Per kg meat&offal | E54: =E53/Production!B35 -> 0.016643263 | I54: =I53/Production!C35 -> 0.016643263 | M54: =M53/Production!D35 -> 0.016643263 | Q54: =Q53/Production!E35 -> 0.016643263 | U54: =U53/Production!F35 -> 0.016643263 | Y54: =Y53/Production!G35 -> 0.016643263 | AC54: =AC53/Production!H35 -> 0.016643263 | AG54: =AG53/Production!I35 -> 0.016643263 | AK54: =AK53/Production!J35 -> 0.016643263 | AO54: =AO53/Production!K35 -> 0.016643263 | AS54: =AS53/Production!L35 -> 0.016643263
A56: EF NH3-N housing solid | B56: 0.24 | C56: 0.24 | D56: 0.23 | E56: 0.24 | F56: 0.24 | G56: 0.24 | H56: 0.23 | I56: 0.24 | J56: 0.24 | K56: 0.24 | L56: 0.23 | M56: 0.24 | N56: 0.24 | O56: 0.24 | P56: 0.23 | Q56: 0.24 | R56: 0.24 | S56: 0.24 | T56: 0.23 | U56: 0.24 | V56: 0.24 | W56: 0.24 | X56: 0.23 | Y56: 0.24 | Z56: 0.24 | AA56: 0.24 | AB56: 0.23 | AC56: 0.24 | AD56: 0.24 | AE56: 0.24 | AF56: 0.23 | AG56: 0.24 | AH56: 0.24 | AI56: 0.24 | AJ56: 0.23 | AK56: 0.24 | AL56: 0.24 | AM56: 0.24 | AN56: 0.23 | AO56: 0.24 | AP56: 0.24 | AQ56: 0.24 | AR56: 0.23 | AS56: 0.24 | AU56: EMEP/EEA 2019. Table 3.9, value for sows includes piglets, boars approx. with sows
A57: EF NH3-N housing slurry | B57: 0.35 | C57: 0.35 | D57: 0.27 | E57: 0.35 | F57: 0.35 | G57: 0.35 | H57: 0.27 | I57: 0.35 | J57: 0.35 | K57: 0.35 | L57: 0.27 | M57: 0.35 | N57: 0.35 | O57: 0.35 | P57: 0.27 | Q57: 0.35 | R57: 0.35 | S57: 0.35 | T57: 0.27 | U57: 0.35 | V57: 0.35 | W57: 0.35 | X57: 0.27 | Y57: 0.35 | Z57: 0.35 | AA57: 0.35 | AB57: 0.27 | AC57: 0.35 | AD57: 0.35 | AE57: 0.35 | AF57: 0.27 | AG57: 0.35 | AH57: 0.35 | AI57: 0.35 | AJ57: 0.27 | AK57: 0.35 | AL57: 0.35 | AM57: 0.35 | AN57: 0.27 | AO57: 0.35 | AP57: 0.35 | AQ57: 0.35 | AR57: 0.27 | AS57: 0.35
A59: Add bedding | AU59: Step 7
A61: Remaining TAN after housing losses, kg per year, m_storage, TAN
A62: Solid | B62: =B45-B50 -> 3.7107 | C62: =C45-C50 -> 0.016796216 | D62: =D45-D50 -> 0 | E62: =E45-E50 -> 0.62316585 | F62: =F45-F50 -> 3.7107 | G62: =G45-G50 -> 0.016796216 | H62: =H45-H50 -> 0 | I62: =I45-I50 -> 0.62316585 | ... AS62: =AS45-AS50 -> 0.62316585
A63: Liquid | B63: =B46-B51 -> 9.9969188 | C63: =C46-C51 -> 0.045250331 | D63: =D46-D51 -> 32.26608 | E63: =E46-E51 -> 1.678858 | F63: =F46-F51 -> 9.9969188 | G63: =G46-G51 -> 0.045250331 | H63: =H46-H51 -> 32.26608 | I63: =I46-I51 -> 1.678858 | ... AS63: =AS46-AS51 -> 1.678858
A64: Deep litter | B64: =B47-B52 -> 3.154095 | C64: =C47-C52 -> 0.014276783 | D64: =D47-D52 -> 0 | E64: =E47-E52 -> 0.52969097 | F64: =F47-F52 -> 3.154095 | G64: =G47-G52 -> 0.014276783 | H64: =H47-H52 -> 0 | I64: =I47-I52 -> 0.52969097 | ... AS64: =AS47-AS52 -> 0.52969097
A66: Modified TAN to account for org N mineralisation (only applies to liquid) | AU66: Step 9
A67: Solid | B67: =B62 -> 3.7107 | C67: =C62 -> 0.016796216 | D67: =D62 -> 0 | E67: =E62 -> 0.62316585 | F67: =F62 -> 3.7107 | G67: =G62 -> 0.016796216 | H67: =H62 -> 0 | I67: =I62 -> 0.62316585 | ... AS67: =AS62 -> 0.62316585
A68: Liquid | B68: =B63+((B41-B46)*B71) -> 10.656056 | C68: =C63+((C41-C46)*C71) -> 0.048233869 | D68: =D63+((D41-D46)*D71) -> 34.16037 | E68: =E63+((E41-E46)*E71) -> 1.7895519 | F68: =F63+((F41-F46)*F71) -> 10.656056 | G68: =G63+((G41-G46)*G71) -> 0.048233869 | H68: =H63+((H41-H46)*H71) -> 34.16037 | I68: =I63+((I41-I46)*I71) -> 1.7895519 | ... AS68: =AS63+((AS41-AS46)*AS71) -> 1.7895519
A69: Deep litter | B69: =B64 -> 3.154095 | C69: =C64 -> 0.014276783 | D69: =D64 -> 0 | E69: =E64 -> 0.52969097 | F69: =F64 -> 3.154095 | G69: =G64 -> 0.014276783 | H69: =H64 -> 0 | I69: =I64 -> 0.52969097 | ... AS69: =AS64 -> 0.52969097
A71: f min | B71: 0.1 | C71: 0.1 | D71: 0.1 | E71: 0.1 | F71: 0.1 | G71: 0.1 | H71: 0.1 | I71: 0.1 | J71: 0.1 | K71: 0.1 | L71: 0.1 | M71: 0.1 | N71: 0.1 | O71: 0.1 | P71: 0.1 | Q71: 0.1 | R71: 0.1 | S71: 0.1 | T71: 0.1 | U71: 0.1 | V71: 0.1 | W71: 0.1 | X71: 0.1 | Y71: 0.1 | Z71: 0.1 | AA71: 0.1 | AB71: 0.1 | AC71: 0.1 | AD71: 0.1 | AE71: 0.1 | AF71: 0.1 | AG71: 0.1 | AH71: 0.1 | AI71: 0.1 | AJ71: 0.1 | AK71: 0.1 | AL71: 0.1 | AM71: 0.1 | AN71: 0.1 | AO71: 0.1 | AP71: 0.1 | AQ71: 0.1 | AR71: 0.1 | AS71: 0.1 | AU71: EMEP/EEA 2019, just below equ. 32
A73: Emission of NH3-N from storage, kg per year, E_storage_ammonia | AU73: Step 10 | AV73: Step 10 is emissions of NH3-N, N2O-N, NO-N and N2 but here they are split
A74: Solid | B74: =B67*B80 -> 1.076103 | C74: =C67*C80 -> 0.0048709025 | D74: =D67*D80 -> 0 | E74: =E67*E80 -> 0.1807181 | F74: =F67*F80 -> 1.076103 | G74: =G67*G80 -> 0.0048709025 | H74: =H67*H80 -> 0 | I74: =I67*I80 -> 0.1807181 | ... AS74: =AS67*AS80 -> 0.1807181
A75: Liquid | B75: =B68*B81 -> 1.1721662 | C75: =C68*C81 -> 0.0053057256 | D75: =D68*D81 -> 3.7576407 | E75: =E68*E81 -> 0.19685071 | F75: =F68*F81 -> 1.1721662 | G75: =G68*G81 -> 0.0053057256 | H75: =H68*H81 -> 3.7576407 | I75: =I68*I81 -> 0.19685071 | ... AS75: =AS68*AS81 -> 0.19685071
A76: Deep litter | B76: =B69*B80 -> 0.91468755 | C76: =C69*C80 -> 0.0041402671 | D76: =D69*D80 -> 0 | E76: =E69*E80 -> 0.15361038 | F76: =F69*F80 -> 0.91468755 | G76: =G69*G80 -> 0.0041402671 | H76: =H69*H80 -> 0 | I76: =I69*I80 -> 0.15361038 | ... AS76: =AS69*AS80 -> 0.15361038 | AU76: Using EF for solid manure
A77: Total | E77: =SUM(B74:E76) -> 7.4660936 | I77: =SUM(F74:I76) -> 7.4660936 | M77: =SUM(J74:M76) -> 7.4660936 | Q77: =SUM(N74:Q76) -> 7.4660936 | U77: =SUM(R74:U76) -> 7.4660936 | Y77: =SUM(V74:Y76) -> 7.4660936 | AC77: =SUM(Z74:AC76) -> 7.4660936 | AG77: =SUM(AD74:AG76) -> 7.4660936 | AK77: =SUM(AH74:AK76) -> 7.4660936 | AO77: =SUM(AL74:AO76) -> 7.4660936 | AS77: =SUM(AP74:AS76) -> 7.4660936
A78: Per kg meat&offal | E78: =E77/Production!B35 -> 0.0059777666 | I78: =I77/Production!C35 -> 0.0059777666 | M78: =M77/Production!D35 -> 0.0059777666 | Q78: =Q77/Production!E35 -> 0.0059777666 | U78: =U77/Production!F35 -> 0.0059777666 | Y78: =Y77/Production!G35 -> 0.0059777666 | AC78: =AC77/Production!H35 -> 0.0059777666 | AG78: =AG77/Production!I35 -> 0.0059777666 | AK78: =AK77/Production!J35 -> 0.0059777666 | AO78: =AO77/Production!K35 -> 0.0059777666 | AS78: =AS77/Production!L35 -> 0.0059777666
A80: EF NH3-N storage solid | B80: 0.29 | C80: 0.29 | D80: 0.29 | E80: 0.29 | F80: 0.29 | G80: 0.29 | H80: 0.29 | I80: 0.29 | J80: 0.29 | K80: 0.29 | L80: 0.29 | M80: 0.29 | N80: 0.29 | O80: 0.29 | P80: 0.29 | Q80: 0.29 | R80: 0.29 | S80: 0.29 | T80: 0.29 | U80: 0.29 | V80: 0.29 | W80: 0.29 | X80: 0.29 | Y80: 0.29 | Z80: 0.29 | AA80: 0.29 | AB80: 0.29 | AC80: 0.29 | AD80: 0.29 | AE80: 0.29 | AF80: 0.29 | AG80: 0.29 | AH80: 0.29 | AI80: 0.29 | AJ80: 0.29 | AK80: 0.29 | AL80: 0.29 | AM80: 0.29 | AN80: 0.29 | AO80: 0.29 | AP80: 0.29 | AQ80: 0.29 | AR80: 0.29 | AS80: 0.29 | AU80: EMEP/EEA 2019. Table 3.9
A81: EF NH3-N storage slurry | B81: 0.11 | C81: 0.11 | D81: 0.11 | E81: 0.11 | F81: 0.11 | G81: 0.11 | H81: 0.11 | I81: 0.11 | J81: 0.11 | K81: 0.11 | L81: 0.11 | M81: 0.11 | N81: 0.11 | O81: 0.11 | P81: 0.11 | Q81: 0.11 | R81: 0.11 | S81: 0.11 | T81: 0.11 | U81: 0.11 | V81: 0.11 | W81: 0.11 | X81: 0.11 | Y81: 0.11 | Z81: 0.11 | AA81: 0.11 | AB81: 0.11 | AC81: 0.11 | AD81: 0.11 | AE81: 0.11 | AF81: 0.11 | AG81: 0.11 | AH81: 0.11 | AI81: 0.11 | AJ81: 0.11 | AK81: 0.11 | AL81: 0.11 | AM81: 0.11 | AN81: 0.11 | AO81: 0.11 | AP81: 0.11 | AQ81: 0.11 | AR81: 0.11 | AS81: 0.11 | AU81: EMEP/EEA 2019. Table 3.9
A83: Emission of N2O-N from storage, kg per year, E_storage_N2O
A84: Solid | B84: =B67*B90 -> 0.037107 | C84: =C67*C90 -> 0.00016796216 | D84: =D67*D90 -> 0 | E84: =E67*E90 -> 0.0062316585 | F84: =F67*F90 -> 0.037107 | G84: =G67*G90 -> 0.00016796216 | H84: =H67*H90 -> 0 | I84: =I67*I90 -> 0.0062316585 | ... AS84: =AS67*AS90 -> 0.0062316585
A85: Liquid | B85: =B68*B91 -> 0 | C85: =C68*C91 -> 0 | D85: =D68*D91 -> 0 | E85: =E68*E91 -> 0 | F85: =F68*F91 -> 0 | G85: =G68*G91 -> 0 | H85: =H68*H91 -> 0 | I85: =I68*I91 -> 0 | ... AS85: =AS68*AS91 -> 0.017895519
A86: Deep litter | B86: =B69*B90 -> 0.03154095 | C86: =C69*C90 -> 0.00014276783 | D86: =D69*D90 -> 0 | E86: =E69*E90 -> 0.0052969097 | F86: =F69*F90 -> 0.03154095 | G86: =G69*G90 -> 0.00014276783 | H86: =H69*H90 -> 0 | I86: =I69*I90 -> 0.0052969097 | ... AS86: =AS69*AS90 -> 0.0052969097
A87: Total | E87: =SUM(B84:E86) -> 0.080487248 | I87: =SUM(F84:I86) -> 0.080487248 | M87: =SUM(J84:M86) -> 0.080487248 | Q87: =SUM(N84:Q86) -> 0.080487248 | U87: =SUM(R84:U86) -> 0.080487248 | Y87: =SUM(V84:Y86) -> 0.080487248 | AC87: =SUM(Z84:AC86) -> 0.080487248 | AG87: =SUM(AD84:AG86) -> 0.080487248 | AK87: =SUM(AH84:AK86) -> 0.080487248 | AO87: =SUM(AL84:AO86) -> 0.080487248 | AS87: =SUM(AP84:AS86) -> 0.54702937
A88: Per kg meat/offal | E88: =E87/Production!B35 -> 6.4442533e-05 | I88: =I87/Production!C35 -> 6.4442533e-05 | M88: =M87/Production!D35 -> 6.4442533e-05 | Q88: =Q87/Production!E35 -> 6.4442533e-05 | U88: =U87/Production!F35 -> 6.4442533e-05 | Y88: =Y87/Production!G35 -> 6.4442533e-05 | AC88: =AC87/Production!H35 -> 6.4442533e-05 | AG88: =AG87/Production!I35 -> 6.4442533e-05 | AK88: =AK87/Production!J35 -> 6.4442533e-05 | AO88: =AO87/Production!K35 -> 6.4442533e-05 | AS88: =AS87/Production!L35 -> 0.00043798191
A90: EF N2O-N storage solid | B90: 0.01 | C90: 0.01 | D90: 0.01 | E90: 0.01 | F90: 0.01 | G90: 0.01 | H90: 0.01 | I90: 0.01 | J90: 0.01 | K90: 0.01 | L90: 0.01 | M90: 0.01 | N90: 0.01 | O90: 0.01 | P90: 0.01 | Q90: 0.01 | R90: 0.01 | S90: 0.01 | T90: 0.01 | U90: 0.01 | V90: 0.01 | W90: 0.01 | X90: 0.01 | Y90: 0.01 | Z90: 0.01 | AA90: 0.01 | AB90: 0.01 | AC90: 0.01 | AD90: 0.01 | AE90: 0.01 | AF90: 0.01 | AG90: 0.01 | AH90: 0.01 | AI90: 0.01 | AJ90: 0.01 | AK90: 0.01 | AL90: 0.01 | AM90: 0.01 | AN90: 0.01 | AO90: 0.01 | AP90: 0.01 | AQ90: 0.01 | AR90: 0.01 | AS90: 0.01 | AU90: EMEP/EEA 2019. Table 3.8, Pig manure heaps, solid | AZ90: Här verkar alla använda litet olika och det slår ganska mycket
A91: EF N2O-N storage slurry | B91: 0 | C91: 0 | D91: 0 | E91: 0 | F91: 0 | G91: 0 | H91: 0 | I91: 0 | J91: 0 | K91: 0 | L91: 0 | M91: 0 | N91: 0 | O91: 0 | P91: 0 | Q91: 0 | R91: 0 | S91: 0 | T91: 0 | U91: 0 | V91: 0 | W91: 0 | X91: 0 | Y91: 0 | Z91: 0 | AA91: 0 | AB91: 0 | AC91: 0 | AD91: 0 | AE91: 0 | AF91: 0 | AG91: 0 | AH91: 0 | AI91: 0 | AJ91: 0 | AK91: 0 | AL91: 0 | AM91: 0 | AN91: 0 | AO91: 0 | AP91: 0.01 | AQ91: 0.01 | AR91: 0.01 | AS91: 0.01 | AU91: EMEP/EEA 2019. Table 3.8, Cattle slurry with natural crust
A93: Emission of NO and N2 from storage, kg per year, E_storage_NO and N2
A94: Solid | B94: =B67*(B98+B100) -> 1.150317 | C94: =C67*(C98+C100) -> 0.0052068268 | D94: =D67*(D98+D100) -> 0 | E94: =E67*(E98+E100) -> 0.19318141 | F94: =F67*(F98+F100) -> 1.150317 | G94: =G67*(G98+G100) -> 0.0052068268 | H94: =H67*(H98+H100) -> 0 | I94: =I67*(I98+I100) -> 0.19318141 | ... AS94: =AS67*(AS98+AS100) -> 0.19318141
A95: Liquid | B95: =B68*(B99+B101) -> 0.033033774 | C95: =C68*(C99+C101) -> 0.00014952499 | D95: =D68*(D99+D101) -> 0.10589715 | E95: =E68*(E99+E101) -> 0.005547611 | F95: =F68*(F99+F101) -> 0.033033774 | G95: =G68*(G99+G101) -> 0.00014952499 | H95: =H68*(H99+H101) -> 0.10589715 | I95: =I68*(I99+I101) -> 0.005547611 | ... AS95: =AS68*(AS99+AS101) -> 0.005547611
A96: Deep litter | B96: =B69*(B98+B100) -> 0.97776945 | C96: =C69*(C98+C100) -> 0.0044258028 | D96: =D69*(D98+D100) -> 0 | E96: =E69*(E98+E100) -> 0.1642042 | F96: =F69*(F98+F100) -> 0.97776945 | G96: =G69*(G98+G100) -> 0.0044258028 | H96: =H69*(H98+H100) -> 0 | I96: =I69*(I98+I100) -> 0.1642042 | ... AS96: =AS69*(AS98+AS100) -> 0.1642042
A98: EF NO storage solid | B98: 0.01 | C98: 0.01 | D98: 0.01 | E98: 0.01 | F98: 0.01 | G98: 0.01 | H98: 0.01 | I98: 0.01 | J98: 0.01 | K98: 0.01 | L98: 0.01 | M98: 0.01 | N98: 0.01 | O98: 0.01 | P98: 0.01 | Q98: 0.01 | R98: 0.01 | S98: 0.01 | T98: 0.01 | U98: 0.01 | V98: 0.01 | W98: 0.01 | X98: 0.01 | Y98: 0.01 | Z98: 0.01 | AA98: 0.01 | AB98: 0.01 | AC98: 0.01 | AD98: 0.01 | AE98: 0.01 | AF98: 0.01 | AG98: 0.01 | AH98: 0.01 | AI98: 0.01 | AJ98: 0.01 | AK98: 0.01 | AL98: 0.01 | AM98: 0.01 | AN98: 0.01 | AO98: 0.01 | AP98: 0.01 | AQ98: 0.01 | AR98: 0.01 | AS98: 0.01 | AU98: EMEP/EEA 2019. Table 3.10
A99: EF NO storage slurry | B99: 0.0001 | C99: 0.0001 | D99: 0.0001 | E99: 0.0001 | F99: 0.0001 | G99: 0.0001 | H99: 0.0001 | I99: 0.0001 | J99: 0.0001 | K99: 0.0001 | L99: 0.0001 | M99: 0.0001 | N99: 0.0001 | O99: 0.0001 | P99: 0.0001 | Q99: 0.0001 | R99: 0.0001 | S99: 0.0001 | T99: 0.0001 | U99: 0.0001 | V99: 0.0001 | W99: 0.0001 | X99: 0.0001 | Y99: 0.0001 | Z99: 0.0001 | AA99: 0.0001 | AB99: 0.0001 | AC99: 0.0001 | AD99: 0.0001 | AE99: 0.0001 | AF99: 0.0001 | AG99: 0.0001 | AH99: 0.0001 | AI99: 0.0001 | AJ99: 0.0001 | AK99: 0.0001 | AL99: 0.0001 | AM99: 0.0001 | AN99: 0.0001 | AO99: 0.0001 | AP99: 0.0001 | AQ99: 0.0001 | AR99: 0.0001 | AS99: 0.0001 | AU99: EMEP/EEA 2019. Table 3.10
A100: EF N2 storage solid | B100: 0.3 | C100: 0.3 | D100: 0.3 | E100: 0.3 | F100: 0.3 | G100: 0.3 | H100: 0.3 | I100: 0.3 | J100: 0.3 | K100: 0.3 | L100: 0.3 | M100: 0.3 | N100: 0.3 | O100: 0.3 | P100: 0.3 | Q100: 0.3 | R100: 0.3 | S100: 0.3 | T100: 0.3 | U100: 0.3 | V100: 0.3 | W100: 0.3 | X100: 0.3 | Y100: 0.3 | Z100: 0.3 | AA100: 0.3 | AB100: 0.3 | AC100: 0.3 | AD100: 0.3 | AE100: 0.3 | AF100: 0.3 | AG100: 0.3 | AH100: 0.3 | AI100: 0.3 | AJ100: 0.3 | AK100: 0.3 | AL100: 0.3 | AM100: 0.3 | AN100: 0.3 | AO100: 0.3 | AP100: 0.3 | AQ100: 0.3 | AR100: 0.3 | AS100: 0.3 | AU100: EMEP/EEA 2019. Table 3.10
A101: EF N2 storage slurry | B101: 0.003 | C101: 0.003 | D101: 0.003 | E101: 0.003 | F101: 0.003 | G101: 0.003 | H101: 0.003 | I101: 0.003 | J101: 0.003 | K101: 0.003 | L101: 0.003 | M101: 0.003 | N101: 0.003 | O101: 0.003 | P101: 0.003 | Q101: 0.003 | R101: 0.003 | S101: 0.003 | T101: 0.003 | U101: 0.003 | V101: 0.003 | W101: 0.003 | X101: 0.003 | Y101: 0.003 | Z101: 0.003 | AA101: 0.003 | AB101: 0.003 | AC101: 0.003 | AD101: 0.003 | AE101: 0.003 | AF101: 0.003 | AG101: 0.003 | AH101: 0.003 | AI101: 0.003 | AJ101: 0.003 | AK101: 0.003 | AL101: 0.003 | AM101: 0.003 | AN101: 0.003 | AO101: 0.003 | AP101: 0.003 | AQ101: 0.003 | AR101: 0.003 | AS101: 0.003 | AU101: EMEP/EEA 2019. Table 3.10
A103: Remaining TAN after storage losses, kg per year, m_applic, TAN
A104: Solid | B104: =B67-B74-B84-B94 -> 1.447173 | C104: =C67-C74-C84-C94 -> 0.0065505241 | D104: =D67-D74-D84-D94 -> 0 | E104: =E67-E74-E84-E94 -> 0.24303468 | F104: =F67-F74-F84-F94 -> 1.447173 | G104: =G67-G74-G84-G94 -> 0.0065505241 | H104: =H67-H74-H84-H94 -> 0 | I104: =I67-I74-I84-I94 -> 0.24303468 | ... AS104: =AS67-AS74-AS84-AS94 -> 0.24303468
A105: Liquid | B105: =B68-B75-B85-B95 -> 9.4508563 | C105: =C68-C75-C85-C95 -> 0.042778619 | D105: =D68-D75-D85-D95 -> 30.296833 | E105: =E68-E75-E85-E95 -> 1.5871536 | F105: =F68-F75-F85-F95 -> 9.4508563 | G105: =G68-G75-G85-G95 -> 0.042778619 | H105: =H68-H75-H85-H95 -> 30.296833 | I105: =I68-I75-I85-I95 -> 1.5871536 | ... AS105: =AS68-AS75-AS85-AS95 -> 1.5692581
A106: Deep litter | B106: =B69-B76-B86-B96 -> 1.230097 | C106: =C69-C76-C86-C96 -> 0.0055679455 | D106: =D69-D76-D86-D96 -> 0 | E106: =E69-E76-E86-E96 -> 0.20657948 | F106: =F69-F76-F86-F96 -> 1.230097 | G106: =G69-G76-G86-G96 -> 0.0055679455 | H106: =H69-H76-H86-H96 -> 0 | I106: =I69-I76-I86-I96 -> 0.20657948 | ... AS106: =AS69-AS76-AS86-AS96 -> 0.20657948
A108: Emission of NH3-N from application, kg per year, E_application_ammonia | AU108: Step 12
A109: Solid | B109: =B104*B115 -> 0.65122785 | C109: =C104*C115 -> 0.0029477358 | D109: =D104*D115 -> 0 | E109: =E104*E115 -> 0.10936561 | F109: =F104*F115 -> 0.65122785 | G109: =G104*G115 -> 0.0029477358 | H109: =H104*H115 -> 0 | I109: =I104*I115 -> 0.10936561 | ... AS109: =AS104*AS115 -> 0.10936561
A110: Liquid | B110: =B105*B116 -> 2.7407483 | C110: =C105*C116 -> 0.012405799 | D110: =D105*D116 -> 12.118733 | E110: =E105*E116 -> 0.46027455 | F110: =F105*F116 -> 2.7407483 | G110: =G105*G116 -> 0.012405799 | H110: =H105*H116 -> 12.118733 | I110: =I105*I116 -> 0.46027455 | ... AS110: =AS105*AS116 -> 0.45508485
A111: Deep litter | B111: =B106*B115 -> 0.55354367 | C111: =C106*C115 -> 0.0025055755 | D111: =D106*D115 -> 0 | E111: =E106*E115 -> 0.092960766 | F111: =F106*F115 -> 0.55354367 | G111: =G106*G115 -> 0.0025055755 | H111: =H106*H115 -> 0 | I111: =I106*I115 -> 0.092960766 | ... AS111: =AS106*AS115 -> 0.092960766
A112: Total | E112: =SUM(B109:E111) -> 16.744713 | I112: =SUM(F109:I111) -> 16.744713 | M112: =SUM(J109:M111) -> 16.744713 | Q112: =SUM(N109:Q111) -> 16.744713 | U112: =SUM(R109:U111) -> 16.744713 | Y112: =SUM(V109:Y111) -> 16.744713 | AC112: =SUM(Z109:AC111) -> 16.744713 | AG112: =SUM(AD109:AG111) -> 16.744713 | AK112: =SUM(AH109:AK111) -> 16.744713 | AO112: =SUM(AL109:AO111) -> 16.744713 | AS112: =SUM(AP109:AS111) -> 16.571839
A113: Per kg of meat&offal | E113: =E112/Production!B35 -> 0.013406741 | I113: =I112/Production!C35 -> 0.013406741 | M113: =M112/Production!D35 -> 0.013406741 | Q113: =Q112/Production!E35 -> 0.013406741 | U113: =U112/Production!F35 -> 0.013406741 | Y113: =Y112/Production!G35 -> 0.013406741 | AC113: =AC112/Production!H35 -> 0.013406741 | AG113: =AG112/Production!I35 -> 0.013406741 | AK113: =AK112/Production!J35 -> 0.013406741 | AO113: =AO112/Production!K35 -> 0.013406741 | AS113: =AS112/Production!L35 -> 0.013268329
A115: EF NH3-N application solid | B115: 0.45 | C115: 0.45 | D115: 0.45 | E115: 0.45 | F115: 0.45 | G115: 0.45 | H115: 0.45 | I115: 0.45 | J115: 0.45 | K115: 0.45 | L115: 0.45 | M115: 0.45 | N115: 0.45 | O115: 0.45 | P115: 0.45 | Q115: 0.45 | R115: 0.45 | S115: 0.45 | T115: 0.45 | U115: 0.45 | V115: 0.45 | W115: 0.45 | X115: 0.45 | Y115: 0.45 | Z115: 0.45 | AA115: 0.45 | AB115: 0.45 | AC115: 0.45 | AD115: 0.45 | AE115: 0.45 | AF115: 0.45 | AG115: 0.45 | AH115: 0.45 | AI115: 0.45 | AJ115: 0.45 | AK115: 0.45 | AL115: 0.45 | AM115: 0.45 | AN115: 0.45 | AO115: 0.45 | AP115: 0.45 | AQ115: 0.45 | AR115: 0.45 | AS115: 0.45 | AU115: EMEP/EEA 2019. Table 3.9
A116: EF NH3-N application slurry | B116: 0.29 | C116: 0.29 | D116: 0.4 | E116: 0.29 | F116: 0.29 | G116: 0.29 | H116: 0.4 | I116: 0.29 | J116: 0.29 | K116: 0.29 | L116: 0.4 | M116: 0.29 | N116: 0.29 | O116: 0.29 | P116: 0.4 | Q116: 0.29 | R116: 0.29 | S116: 0.29 | T116: 0.4 | U116: 0.29 | V116: 0.29 | W116: 0.29 | X116: 0.4 | Y116: 0.29 | Z116: 0.29 | AA116: 0.29 | AB116: 0.4 | AC116: 0.29 | AD116: 0.29 | AE116: 0.29 | AF116: 0.4 | AG116: 0.29 | AH116: 0.29 | AI116: 0.29 | AJ116: 0.4 | AK116: 0.29 | AL116: 0.29 | AM116: 0.29 | AN116: 0.4 | AO116: 0.29 | AP116: 0.29 | AQ116: 0.29 | AR116: 0.4 | AS116: 0.29 | AU116: EMEP/EEA 2019. Table 3.9
A117: EF N2O volatilization | B117: 0.01 | F117: 0.01 | J117: 0.01 | N117: 0.01 | R117: 0.01 | V117: 0.01 | Z117: 0.01 | AD117: 0.01 | AH117: 0.01 | AL117: 0.01 | AP117: 0.01 | AU117: IPCC, 2019
A119: Remaining TAN after application losses, kg per year, m_returned, TAN
A120: Solid | B120: =B104-B109 -> 0.79594515 | C120: =C104-C109 -> 0.0036027882 | D120: =D104-D109 -> 0 | E120: =E104-E109 -> 0.13366908 | F120: =F104-F109 -> 0.79594515 | G120: =G104-G109 -> 0.0036027882 | H120: =H104-H109 -> 0 | I120: =I104-I109 -> 0.13366908 | ... AS120: =AS104-AS109 -> 0.13366908
A121: Liquid | B121: =B105-B110 -> 6.710108 | C121: =C105-C110 -> 0.030372819 | D121: =D105-D110 -> 18.1781 | E121: =E105-E110 -> 1.1268791 | F121: =F105-F110 -> 6.710108 | G121: =G105-G110 -> 0.030372819 | H121: =H105-H110 -> 18.1781 | I121: =I105-I110 -> 1.1268791 | ... AS121: =AS105-AS110 -> 1.1141732
A122: Deep litter | B122: =B106-B111 -> 0.67655338 | C122: =C106-C111 -> 0.00306237 | D122: =D106-D111 -> 0 | E122: =E106-E111 -> 0.11361871 | F122: =F106-F111 -> 0.67655338 | G122: =G106-G111 -> 0.00306237 | H122: =H106-H111 -> 0 | I122: =I106-I111 -> 0.11361871 | ... AS122: =AS106-AS111 -> 0.11361871
A124: Total losses, kg N per year
A125: Solid | B125: =B50+B74+B84+B94+B109 -> 4.0865549 | C125: =C50+C74+C84+C94+C109 -> 0.018497495 | D125: =D50+D74+D84+D94+D109 -> 0 | E125: =E50+E74+E84+E94+E109 -> 0.68628599 | F125: =F50+F74+F84+F94+F109 -> 4.0865549 | G125: =G50+G74+G84+G94+G109 -> 0.018497495 | H125: =H50+H74+H84+H94+H109 -> 0 | I125: =I50+I74+I84+I94+I109 -> 0.68628599 | ... AS125: =AS50+AS74+AS84+AS94+AS109 -> 0.68628599
...

Sheet CO2 per kg feed
A2: Emissions of CO2 from feed crops (per kg of crop) | G2: Columns A-M copied straight from RPC filerna | P2: Shares from Karlsson et al.
A4: Crops | F4: Sum | G4: Inputs | I4: Soil emissions | K4: Energy use | O4: Land use change | P4: Transports | Q4: Share
A5: Code | B5: Crops | C5: Categories | D5: Country | E5: Country code | G5: Production of mineral fertilizer | H5: Production of capital goods | I5: Direct emissions | J5: Indirect emissions | K5: Diesel use field mach | L5: Energy use in greenhouses | M5: Energy use for irrigation | N5: Energy use for post-harvest proc | O5: LUC emissions | P5: Transports of feed
A6: 0115 | B6: Barley, average | C6: Cereals, incl feed | D6: Denmark | E6: DK | F6: =SUM(G6:P6) -> 0.35697655 | G6: 0.064330297 | H6: 0.027 | I6: 0.19 | K6: 0.040808656 | M6: 0 | N6: 0.0348376 | Q6: ='Parameters, country spec'!B21 -> 0.24551367
A7: 0112 | B7: Maize (corn) | C7: Cereals, incl feed | D7: Denmark | E7: DK | F7: =SUM(G7:P7) -> 0.3423836 | G7: 0.062649072 | H7: 0.027 | I7: 0.19 | K7: 0.027896926 | M7: 0 | N7: 0.0348376 | Q7: ='Parameters, country spec'!B22 -> 0.0025654511
A8: 0117 | B8: Oats | C8: Cereals, incl feed | D8: Denmark | E8: DK | F8: =SUM(G8:P8) -> 0.35522537 | G8: 0.056711069 | H8: 0.027 | I8: 0.19 | K8: 0.046676701 | M8: 0 | N8: 0.0348376 | Q8: ='Parameters, country spec'!B23 -> 0.041303762
A9: 0116 | B9: Rye | C9: Cereals, incl feed | D9: Denmark | E9: DK | F9: =SUM(G9:P9) -> 0.33256181 | G9: 0.049952267 | H9: 0.027 | I9: 0.19 | K9: 0.03077194 | M9: 0 | N9: 0.0348376 | Q9: ='Parameters, country spec'!B24 -> 0.026167601
A10: 0111 | B10: Wheat, average | C10: Cereals, incl feed | D10: Denmark | E10: DK | F10: =SUM(G10:P10) -> 0.35472897 | G10: 0.073741077 | H10: 0.027 | I10: 0.19 | K10: 0.029150294 | M10: 0 | N10: 0.0348376 | Q10: ='Parameters, country spec'!B25 -> 0.30682795
A11: 01705 | B11: Peas, dry | C11: Pulses, incl feed | D11: Denmark | E11: DK | F11: =SUM(G11:P11) -> 0.43885154 | G11: 0 | H11: 0.027 | I11: 0.32 | K11: 0.057013938 | M11: 0 | N11: 0.0348376 | Q11: ='Parameters, country spec'!B26 -> 0.0046178119
A12: 01702 | B12: Broad beans and horse beans, dry | C12: Pulses, incl feed | D12: Denmark | E12: DK | F12: =SUM(G12:P12) -> 0.47030675 | G12: 0.0031688167 | H12: 0.027 | I12: 0.32 | K12: 0.085300338 | M12: 0 | N12: 0.0348376 | Q12: ='Parameters, country spec'!B27 -> 0.053104837
B13: Rape seed cake | C13: Protein feed | D13: Denmark | E13: DK | F13: =SUM(G13:P13) -> 0.28696425 | G13: ='Processed feed'!$F$34 -> 0.046516123 | H13: ='Processed feed'!$G$34 -> 0.017031692 | I13: ='Processed feed'!$H$34 -> 0.11985265 | K13: ='Processed feed'!$J$34 -> 0.018388105 | M13: ='Processed feed'!$L$34 -> 0 | N13: ='Processed feed'!$M$34 -> 0.021975677 | P13: ='Processed feed'!$O$34 -> 0.0632 | Q13: ='Parameters, country spec'!B28 -> 0.027193781
B14: Soy bean meal | C14: Protein feed | D14: Denmark | E14: DK | F14: =SUM(G14:P14) -> 1.1071335 | G14: ='Processed feed'!$F$39 -> 0 | H14: ='Processed feed'!$G$39 -> 0.028063258 | I14: ='Processed feed'!$H$39 -> 0.33260157 | K14: ='Processed feed'!$J$39 -> 0.059259142 | M14: ='Processed feed'!$L$39 -> 0 | N14: ='Processed feed'!$M$39 -> 0.036209502 | O14: ='Processed feed'!$N$39 -> 0.4 | P14: ='Processed feed'!$O$39 -> 0.251 | Q14: ='Parameters, country spec'!B29 -> 0.035916315
B15: By-products | C15: By-product | D15: Denmark | E15: DK | Q15: ='Parameters, country spec'!B30 -> 0.13313408
B16: Other, feed | C16: Feed, other | D16: Denmark | E16: DK | F16: =SUM(G16:P16) -> 0.27020597 | G16: =SUMPRODUCT(G6:G14,$Q$126:$Q$134) -> 0.043663254 | H16: =SUMPRODUCT(H6:H14,$Q$126:$Q$134) -> 0.019833814 | I16: =SUMPRODUCT(I6:I14,$Q$126:$Q$134) -> 0.15192822 | J16: =SUMPRODUCT(J6:J14,$Q$126:$Q$134) -> 0 | K16: =SUMPRODUCT(K6:K14,$Q$126:$Q$134) -> 0.029189479 | L16: =SUMPRODUCT(L6:L14,$Q$126:$Q$134) -> 0 | M16: =SUMPRODUCT(M6:M14,$Q$126:$Q$134) -> 0 | N16: =SUMPRODUCT(N6:N14,$Q$126:$Q$134) -> 0.025591203 | Q16: ='Parameters, country spec'!B31 -> 0.12365474
B17: Total for the feed mix: | F17: =SUMPRODUCT(F6:F16,$Q$6:$Q$16) -> 0.32871839 | G17: =SUMPRODUCT(G6:G16,$Q$126:$Q$136) -> 0.049062422 | H17: =SUMPRODUCT(H6:H16,$Q$126:$Q$136) -> 0.022286359 | I17: =SUMPRODUCT(I6:I16,$Q$126:$Q$136) -> 0.17071486 | J17: =SUMPRODUCT(J6:J16,$Q$126:$Q$136) -> 0 | K17: =SUMPRODUCT(K6:K16,$Q$126:$Q$136) -> 0.032798897 | L17: =SUMPRODUCT(L6:L16,$Q$126:$Q$136) -> 0 | M17: =SUMPRODUCT(M6:M16,$Q$126:$Q$136) -> 0 | N17: =SUMPRODUCT(N6:N16,$Q$126:$Q$136) -> 0.028755677 | ... P17: =SUMPRODUCT(P6:P16,$Q$126:$Q$136) -> 0.010733642
A18: 0115 | B18: Barley, average | C18: Cereals, incl feed | D18: France | E18: FR | F18: =SUM(G18:P18) -> 0.35697655 | G18: 0.064330297 | H18: 0.027 | I18: 0.19 | K18: 0.040808656 | M18: 0 | N18: 0.0348376 | Q18: ='Parameters, country spec'!C21 -> 0.24551367
A19: 0112 | B19: Maize (corn) | C19: Cereals, incl feed | D19: France | E19: FR | F19: =SUM(G19:P19) -> 0.3423836 | G19: 0.062649072 | H19: 0.027 | I19: 0.19 | K19: 0.027896926 | M19: 0 | N19: 0.0348376 | Q19: ='Parameters, country spec'!C22 -> 0.0025654511
A20: 0117 | B20: Oats | C20: Cereals, incl feed | D20: France | E20: FR | F20: =SUM(G20:P20) -> 0.35522537 | G20: 0.056711069 | H20: 0.027 | I20: 0.19 | K20: 0.046676701 | M20: 0 | N20: 0.0348376 | Q20: ='Parameters, country spec'!C23 -> 0.041303762
A21: 0116 | B21: Rye | C21: Cereals, incl feed | D21: France | E21: FR | F21: =SUM(G21:P21) -> 0.33256181 | G21: 0.049952267 | H21: 0.027 | I21: 0.19 | K21: 0.03077194 | M21: 0 | N21: 0.0348376 | Q21: ='Parameters, country spec'!C24 -> 0.026167601
A22: 0111 | B22: Wheat, average | C22: Cereals, incl feed | D22: France | E22: FR | F22: =SUM(G22:P22) -> 0.35472897 | G22: 0.073741077 | H22: 0.027 | I22: 0.19 | K22: 0.029150294 | M22: 0 | N22: 0.0348376 | Q22: ='Parameters, country spec'!C25 -> 0.30682795
A23: 01705 | B23: Peas, dry | C23: Pulses, incl feed | D23: France | E23: FR | F23: =SUM(G23:P23) -> 0.43885154 | G23: 0 | H23: 0.027 | I23: 0.32 | K23: 0.057013938 | M23: 0 | N23: 0.0348376 | Q23: ='Parameters, country spec'!C26 -> 0.0046178119
A24: 01702 | B24: Broad beans and horse beans, dry | C24: Pulses, incl feed | D24: France | E24: FR | F24: =SUM(G24:P24) -> 0.47030675 | G24: 0.0031688167 | H24: 0.027 | I24: 0.32 | K24: 0.085300338 | M24: 0 | N24: 0.0348376 | Q24: ='Parameters, country spec'!C27 -> 0.053104837
B25: Rape seed cake | C25: Protein feed | D25: France | E25: FR | F25: =SUM(G25:P25) -> 0.28696425 | G25: ='Processed feed'!$F$34 -> 0.046516123 | H25: ='Processed feed'!$G$34 -> 0.017031692 | I25: ='Processed feed'!$H$34 -> 0.11985265 | K25: ='Processed feed'!$J$34 -> 0.018388105 | M25: ='Processed feed'!$L$34 -> 0 | N25: ='Processed feed'!$M$34 -> 0.021975677 | P25: ='Processed feed'!$O$34 -> 0.0632 | Q25: ='Parameters, country spec'!C28 -> 0.027193781
B26: Soy bean meal | C26: Protein feed | D26: France | E26: FR | F26: =SUM(G26:P26) -> 1.1071335 | G26: ='Processed feed'!$F$39 -> 0 | H26: ='Processed feed'!$G$39 -> 0.028063258 | I26: ='Processed feed'!$H$39 -> 0.33260157 | K26: ='Processed feed'!$J$39 -> 0.059259142 | M26: ='Processed feed'!$L$39 -> 0 | N26: ='Processed feed'!$M$39 -> 0.036209502 | O26: ='Processed feed'!$N$39 -> 0.4 | P26: ='Processed feed'!$O$39 -> 0.251 | Q26: ='Parameters, country spec'!C29 -> 0.035916315
B27: By-products | C27: By-product | D27: France | E27: FR | Q27: ='Parameters, country spec'!C30 -> 0.13313408
B28: Other, feed | C28: Feed, other | D28: France | E28: FR | F28: =SUM(G28:P28) -> 0.37010359 | G28: =AVERAGE(G18:G26) -> 0.039674302 | H28: =AVERAGE(H18:H26) -> 0.02601055 | I28: =AVERAGE(I18:I26) -> 0.22693936 | K28: =AVERAGE(K18:K26) -> 0.043918449 | M28: =AVERAGE(M18:M26) -> 0 | N28: =AVERAGE(N18:N26) -> 0.033560931 | Q28: ='Parameters, country spec'!C31 -> 0.12365474
B29: Total for the feed mix: | F29: =SUMPRODUCT(F18:F28,$Q$18:$Q$28) -> 0.3410712 | G29: =SUMPRODUCT(G18:G28,$Q$18:$Q$28) -> 0.048569169 | H29: =SUMPRODUCT(H18:H28,$Q$18:$Q$28) -> 0.023050142 | I29: =SUMPRODUCT(I18:I28,$Q$18:$Q$28) -> 0.17999035 | K29: =SUMPRODUCT(K18:K28,$Q$18:$Q$28) -> 0.034620204 | M29: =SUMPRODUCT(M18:M28,$Q$18:$Q$28) -> 0 | N29: =SUMPRODUCT(N18:N28,$Q$18:$Q$28) -> 0.029741171 | O29: =SUMPRODUCT(O18:O28,$Q$18:$Q$28) -> 0.014366526 | P29: =SUMPRODUCT(P18:P28,$Q$18:$Q$28) -> 0.010733642
A30: 0115 | B30: Barley, average | C30: Cereals, incl feed | D30: Germany | E30: DE | F30: =SUM(G30:P30) -> 0.35697655 | G30: 0.064330297 | H30: 0.027 | I30: 0.19 | K30: 0.040808656 | M30: 0 | N30: 0.0348376 | Q30: ='Parameters, country spec'!D21 -> 0.24551367
A31: 0112 | B31: Maize (corn) | C31: Cereals, incl feed | D31: Germany | E31: DE | F31: =SUM(G31:P31) -> 0.3423836 | G31: 0.062649072 | H31: 0.027 | I31: 0.19 | K31: 0.027896926 | M31: 0 | N31: 0.0348376 | Q31: ='Parameters, country spec'!D22 -> 0.0025654511
A32: 0117 | B32: Oats | C32: Cereals, incl feed | D32: Germany | E32: DE | F32: =SUM(G32:P32) -> 0.35522537 | G32: 0.056711069 | H32: 0.027 | I32: 0.19 | K32: 0.046676701 | M32: 0 | N32: 0.0348376 | Q32: ='Parameters, country spec'!D23 -> 0.041303762
A33: 0116 | B33: Rye | C33: Cereals, incl feed | D33: Germany | E33: DE | F33: =SUM(G33:P33) -> 0.33256181 | G33: 0.049952267 | H33: 0.027 | I33: 0.19 | K33: 0.03077194 | M33: 0 | N33: 0.0348376 | Q33: ='Parameters, country spec'!D24 -> 0.026167601
A34: 0111 | B34: Wheat, average | C34: Cereals, incl feed | D34: Germany | E34: DE | F34: =SUM(G34:P34) -> 0.35472897 | G34: 0.073741077 | H34: 0.027 | I34: 0.19 | K34: 0.029150294 | M34: 0 | N34: 0.0348376 | Q34: ='Parameters, country spec'!D25 -> 0.30682795
A35: 01705 | B35: Peas, dry | C35: Pulses, incl feed | D35: Germany | E35: DE | F35: =SUM(G35:P35) -> 0.43885154 | G35: 0 | H35: 0.027 | I35: 0.32 | K35: 0.057013938 | M35: 0 | N35: 0.0348376 | Q35: ='Parameters, country spec'!D26 -> 0.0046178119
A36: 01702 | B36: Broad beans and horse beans, dry | C36: Pulses, incl feed | D36: Germany | E36: DE | F36: =SUM(G36:P36) -> 0.47030675 | G36: 0.0031688167 | H36: 0.027 | I36: 0.32 | K36: 0.085300338 | M36: 0 | N36: 0.0348376 | Q36: ='Parameters, country spec'!D27 -> 0.053104837
B37: Rape seed cake | C37: Protein feed | D37: Germany | E37: DE | F37: =SUM(G37:P37) -> 0.28696425 | G37: ='Processed feed'!$F$34 -> 0.046516123 | H37: ='Processed feed'!$G$34 -> 0.017031692 | I37: ='Processed feed'!$H$34 -> 0.11985265 | K37: ='Processed feed'!$J$34 -> 0.018388105 | M37: ='Processed feed'!$L$34 -> 0 | N37: ='Processed feed'!$M$34 -> 0.021975677 | P37: ='Processed feed'!$O$34 -> 0.0632 | Q37: ='Parameters, country spec'!D28 -> 0.027193781
B38: Soy bean meal | C38: Protein feed | D38: Germany | E38: DE | F38: =SUM(G38:P38) -> 1.1071335 | G38: ='Processed feed'!$F$39 -> 0 | H38: ='Processed feed'!$G$39 -> 0.028063258 | I38: ='Processed feed'!$H$39 -> 0.33260157 | K38: ='Processed feed'!$J$39 -> 0.059259142 | M38: ='Processed feed'!$L$39 -> 0 | N38: ='Processed feed'!$M$39 -> 0.036209502 | O38: ='Processed feed'!$N$39 -> 0.4 | P38: ='Processed feed'!$O$39 -> 0.251 | Q38: ='Parameters, country spec'!D29 -> 0.035916315
B39: By-products | C39: By-product | D39: Germany | E39: DE | Q39: ='Parameters, country spec'!D30 -> 0.13313408
B40: Other, feed | C40: Feed, other | D40: Germany | E40: DE | F40: =SUM(G40:P40) -> 0.37010359 | G40: =AVERAGE(G30:G38) -> 0.039674302 | H40: =AVERAGE(H30:H38) -> 0.02601055 | I40: =AVERAGE(I30:I38) -> 0.22693936 | K40: =AVERAGE(K30:K38) -> 0.043918449 | M40: =AVERAGE(M30:M38) -> 0 | N40: =AVERAGE(N30:N38) -> 0.033560931 | Q40: ='Parameters, country spec'!D31 -> 0.12365474
B41: Total for the feed mix: | F41: =SUMPRODUCT(F30:F40,$Q$30:$Q$40) -> 0.3410712 | G41: =SUMPRODUCT(G30:G40,$Q$30:$Q$40) -> 0.048569169 | H41: =SUMPRODUCT(H30:H40,$Q$30:$Q$40) -> 0.023050142 | I41: =SUMPRODUCT(I30:I40,$Q$30:$Q$40) -> 0.17999035 | K41: =SUMPRODUCT(K30:K40,$Q$30:$Q$40) -> 0.034620204 | M41: =SUMPRODUCT(M30:M40,$Q$30:$Q$40) -> 0 | N41: =SUMPRODUCT(N30:N40,$Q$30:$Q$40) -> 0.029741171 | O41: =SUMPRODUCT(O30:O40,$Q$30:$Q$40) -> 0.014366526 | P41: =SUMPRODUCT(P30:P40,$Q$30:$Q$40) -> 0.010733642
A42: 0115 | B42: Barley, average | C42: Cereals, incl feed | D42: Greece | E42: GR | F42: =SUM(G42:P42) -> 0.35697655 | G42: 0.064330297 | H42: 0.027 | I42: 0.19 | K42: 0.040808656 | M42: 0 | N42: 0.0348376 | Q42: ='Parameters, country spec'!E21 -> 0.24551367
A43: 0112 | B43: Maize (corn) | C43: Cereals, incl feed | D43: Greece | E43: GR | F43: =SUM(G43:P43) -> 0.3423836 | G43: 0.062649072 | H43: 0.027 | I43: 0.19 | K43: 0.027896926 | M43: 0 | N43: 0.0348376 | Q43: ='Parameters, country spec'!E22 -> 0.0025654511
A44: 0117 | B44: Oats | C44: Cereals, incl feed | D44: Greece | E44: GR | F44: =SUM(G44:P44) -> 0.35522537 | G44: 0.056711069 | H44: 0.027 | I44: 0.19 | K44: 0.046676701 | M44: 0 | N44: 0.0348376 | Q44: ='Parameters, country spec'!E23 -> 0.041303762
A45: 0116 | B45: Rye | C45: Cereals, incl feed | D45: Greece | E45: GR | F45: =SUM(G45:P45) -> 0.33256181 | G45: 0.049952267 | H45: 0.027 | I45: 0.19 | K45: 0.03077194 | M45: 0 | N45: 0.0348376 | Q45: ='Parameters, country spec'!E24 -> 0.026167601
A46: 0111 | B46: Wheat, average | C46: Cereals, incl feed | D46: Greece | E46: GR | F46: =SUM(G46:P46) -> 0.35472897 | G46: 0.073741077 | H46: 0.027 | I46: 0.19 | K46: 0.029150294 | M46: 0 | N46: 0.0348376 | Q46: ='Parameters, country spec'!E25 -> 0.30682795
A47: 01705 | B47: Peas, dry | C47: Pulses, incl feed | D47: Greece | E47: GR | F47: =SUM(G47:P47) -> 0.43885154 | G47: 0 | H47: 0.027 | I47: 0.32 | K47: 0.057013938 | M47: 0 | N47: 0.0348376 | Q47: ='Parameters, country spec'!E26 -> 0.0046178119
A48: 01702 | B48: Broad beans and horse beans, dry | C48: Pulses, incl feed | D48: Greece | E48: GR | F48: =SUM(G48:P48) -> 0.47030675 | G48: 0.0031688167 | H48: 0.027 | I48: 0.32 | K48: 0.085300338 | M48: 0 | N48: 0.0348376 | Q48: ='Parameters, country spec'!E27 -> 0.053104837
B49: Rape seed cake | C49: Protein feed | D49: Greece | E49: GR | F49: =SUM(G49:P49) -> 0.28696425 | G49: ='Processed feed'!$F$34 -> 0.046516123 | H49: ='Processed feed'!$G$34 -> 0.017031692 | I49: ='Processed feed'!$H$34 -> 0.11985265 | K49: ='Processed feed'!$J$34 -> 0.018388105 | M49: ='Processed feed'!$L$34 -> 0 | N49: ='Processed feed'!$M$34 -> 0.021975677 | P49: ='Processed feed'!$O$34 -> 0.0632 | Q49: ='Parameters, country spec'!E28 -> 0.027193781
B50: Soy bean meal | C50: Protein feed | D50: Greece | E50: GR | F50: =SUM(G50:P50) -> 1.1071335 | G50: ='Processed feed'!$F$39 -> 0 | H50: ='Processed feed'!$G$39 -> 0.028063258 | I50: ='Processed feed'!$H$39 -> 0.33260157 | K50: ='Processed feed'!$J$39 -> 0.059259142 | M50: ='Processed feed'!$L$39 -> 0 | N50: ='Processed feed'!$M$39 -> 0.036209502 | O50: ='Processed feed'!$N$39 -> 0.4 | P50: ='Processed feed'!$O$39 -> 0.251 | Q50: ='Parameters, country spec'!E29 -> 0.035916315
B51: By-products | C51: By-product | D51: Greece | E51: GR | Q51: ='Parameters, country spec'!E30 -> 0.13313408
B52: Other, feed | C52: Feed, other | D52: Greece | E52: GR | F52: =SUM(G52:P52) -> 0.37010359 | G52: =AVERAGE(G42:G50) -> 0.039674302 | H52: =AVERAGE(H42:H50) -> 0.02601055 | I52: =AVERAGE(I42:I50) -> 0.22693936 | K52: =AVERAGE(K42:K50) -> 0.043918449 | M52: =AVERAGE(M42:M50) -> 0 | N52: =AVERAGE(N42:N50) -> 0.033560931 | Q52: ='Parameters, country spec'!E31 -> 0.12365474
B53: Total for the feed mix: | F53: =SUMPRODUCT(F42:F52,$Q$42:$Q$52) -> 0.3410712 | G53: =SUMPRODUCT(G42:G52,$Q$42:$Q$52) -> 0.048569169 | H53: =SUMPRODUCT(H42:H52,$Q$42:$Q$52) -> 0.023050142 | I53: =SUMPRODUCT(I42:I52,$Q$42:$Q$52) -> 0.17999035 | K53: =SUMPRODUCT(K42:K52,$Q$42:$Q$52) -> 0.034620204 | M53: =SUMPRODUCT(M42:M52,$Q$42:$Q$52) -> 0 | N53: =SUMPRODUCT(N42:N52,$Q$42:$Q$52) -> 0.029741171 | O53: =SUMPRODUCT(O42:O52,$Q$42:$Q$52) -> 0.014366526 | P53: =SUMPRODUCT(P42:P52,$Q$42:$Q$52) -> 0.010733642
A54: 0115 | B54: Barley, average | C54: Cereals, incl feed | D54: Hungary | E54: HU | F54: =SUM(G54:P54) -> 0.35697655 | G54: 0.064330297 | H54: 0.027 | I54: 0.19 | K54: 0.040808656 | M54: 0 | N54: 0.0348376 | Q54: ='Parameters, country spec'!F21 -> 0.24551367
A55: 0112 | B55: Maize (corn) | C55: Cereals, incl feed | D55: Hungary | E55: HU | F55: =SUM(G55:P55) -> 0.3423836 | G55: 0.062649072 | H55: 0.027 | I55: 0.19 | K55: 0.027896926 | M55: 0 | N55: 0.0348376 | Q55: ='Parameters, country spec'!F22 -> 0.0025654511
A56: 0117 | B56: Oats | C56: Cereals, incl feed | D56: Hungary | E56: HU | F56: =SUM(G56:P56) -> 0.35522537 | G56: 0.056711069 | H56: 0.027 | I56: 0.19 | K56: 0.046676701 | M56: 0 | N56: 0.0348376 | Q56: ='Parameters, country spec'!F23 -> 0.041303762
A57: 0116 | B57: Rye | C57: Cereals, incl feed | D57: Hungary | E57: HU | F57: =SUM(G57:P57) -> 0.33256181 | G57: 0.049952267 | H57: 0.027 | I57: 0.19 | K57: 0.03077194 | M57: 0 | N57: 0.0348376 | Q57: ='Parameters, country spec'!F24 -> 0.026167601
A58: 0111 | B58: Wheat, average | C58: Cereals, incl feed | D58: Hungary | E58: HU | F58: =SUM(G58:P58) -> 0.35472897 | G58: 0.073741077 | H58: 0.027 | I58: 0.19 | K58: 0.029150294 | M58: 0 | N58: 0.0348376 | Q58: ='Parameters, country spec'!F25 -> 0.30682795
A59: 01705 | B59: Peas, dry | C59: Pulses, incl feed | D59: Hungary | E59: HU | F59: =SUM(G59:P59) -> 0.43885154 | G59: 0 | H59: 0.027 | I59: 0.32 | K59: 0.057013938 | M59: 0 | N59: 0.0348376 | Q59: ='Parameters, country spec'!F26 -> 0.0046178119
A60: 01702 | B60: Broad beans and horse beans, dry | C60: Pulses, incl feed | D60: Hungary | E60: HU | F60: =SUM(G60:P60) -> 0.47030675 | G60: 0.0031688167 | H60: 0.027 | I60: 0.32 | K60: 0.085300338 | M60: 0 | N60: 0.0348376 | Q60: ='Parameters, country spec'!F27 -> 0.053104837
B61: Rape seed cake | C61: Protein feed | D61: Hungary | E61: HU | F61: =SUM(G61:P61) -> 0.28696425 | G61: ='Processed feed'!$F$34 -> 0.046516123 | H61: ='Processed feed'!$G$34 -> 0.017031692 | I61: ='Processed feed'!$H$34 -> 0.11985265 | K61: ='Processed feed'!$J$34 -> 0.018388105 | M61: ='Processed feed'!$L$34 -> 0 | N61: ='Processed feed'!$M$34 -> 0.021975677 | P61: ='Processed feed'!$O$34 -> 0.0632 | Q61: ='Parameters, country spec'!F28 -> 0.027193781
B62: Soy bean meal | C62: Protein feed | D62: Hungary | E62: HU | F62: =SUM(G62:P62) -> 1.1071335 | G62: ='Processed feed'!$F$39 -> 0 | H62: ='Processed feed'!$G$39 -> 0.028063258 | I62: ='Processed feed'!$H$39 -> 0.33260157 | K62: ='Processed feed'!$J$39 -> 0.059259142 | M62: ='Processed feed'!$L$39 -> 0 | N62: ='Processed feed'!$M$39 -> 0.036209502 | O62: ='Processed feed'!$N$39 -> 0.4 | P62: ='Processed feed'!$O$39 -> 0.251 | Q62: ='Parameters, country spec'!F29 -> 0.035916315
B63: By-products | C63: By-product | D63: Hungary | E63: HU | Q63: ='Parameters, country spec'!F30 -> 0.13313408
B64: Other, feed | C64: Feed, other | D64: Hungary | E64: HU | F64: =SUM(G64:P64) -> 0.37010359 | G64: =AVERAGE(G54:G62) -> 0.039674302 | H64: =AVERAGE(H54:H62) -> 0.02601055 | I64: =AVERAGE(I54:I62) -> 0.22693936 | K64: =AVERAGE(K54:K62) -> 0.043918449 | M64: =AVERAGE(M54:M62) -> 0 | N64: =AVERAGE(N54:N62) -> 0.033560931 | Q64: ='Parameters, country spec'!F31 -> 0.12365474
B65: Total for the feed mix: | F65: =SUMPRODUCT(F54:F64,$Q$54:$Q$64) -> 0.3410712 | G65: =SUMPRODUCT(G54:G64,$Q$54:$Q$64) -> 0.048569169 | H65: =SUMPRODUCT(H54:H64,$Q$54:$Q$64) -> 0.023050142 | I65: =SUMPRODUCT(I54:I64,$Q$54:$Q$64) -> 0.17999035 | K65: =SUMPRODUCT(K54:K64,$Q$54:$Q$64) -> 0.034620204 | M65: =SUMPRODUCT(M54:M64,$Q$54:$Q$64) -> 0 | N65: =SUMPRODUCT(N54:N64,$Q$54:$Q$64) -> 0.029741171 | O65: =SUMPRODUCT(O54:O64,$Q$54:$Q$64) -> 0.014366526 | P65: =SUMPRODUCT(P54:P64,$Q$54:$Q$64) -> 0.010733642
A66: 0115 | B66: Barley, average | C66: Cereals, incl feed | D66: Ireland | E66: IE | F66: =SUM(G66:P66) -> 0.35697655 | G66: 0.064330297 | H66: 0.027 | I66: 0.19 | K66: 0.040808656 | M66: 0 | N66: 0.0348376 | Q66: ='Parameters, country spec'!G21 -> 0.24551367
A67: 0112 | B67: Maize (corn) | C67: Cereals, incl feed | D67: Ireland | E67: IE | F67: =SUM(G67:P67) -> 0.3423836 | G67: 0.062649072 | H67: 0.027 | I67: 0.19 | K67: 0.027896926 | M67: 0 | N67: 0.0348376 | Q67: ='Parameters, country spec'!G22 -> 0.0025654511
A68: 0117 | B68: Oats | C68: Cereals, incl feed | D68: Ireland | E68: IE | F68: =SUM(G68:P68) -> 0.35522537 | G68: 0.056711069 | H68: 0.027 | I68: 0.19 | K68: 0.046676701 | M68: 0 | N68: 0.0348376 | Q68: ='Parameters, country spec'!G23 -> 0.041303762
A69: 0116 | B69: Rye | C69: Cereals, incl feed | D69: Ireland | E69: IE | F69: =SUM(G69:P69) -> 0.33256181 | G69: 0.049952267 | H69: 0.027 | I69: 0.19 | K69: 0.03077194 | M69: 0 | N69: 0.0348376 | Q69: ='Parameters, country spec'!G24 -> 0.026167601
A70: 0111 | B70: Wheat, average | C70: Cereals, incl feed | D70: Ireland | E70: IE | F70: =SUM(G70:P70) -> 0.35472897 | G70: 0.073741077 | H70: 0.027 | I70: 0.19 | K70: 0.029150294 | M70: 0 | N70: 0.0348376 | Q70: ='Parameters, country spec'!G25 -> 0.30682795
A71: 01705 | B71: Peas, dry | C71: Pulses, incl feed | D71: Ireland | E71: IE | F71: =SUM(G71:P71) -> 0.43885154 | G71: 0 | H71: 0.027 | I71: 0.32 | K71: 0.057013938 | M71: 0 | N71: 0.0348376 | Q71: ='Parameters, country spec'!G26 -> 0.0046178119
A72: 01702 | B72: Broad beans and horse beans, dry | C72: Pulses, incl feed | D72: Ireland | E72: IE | F72: =SUM(G72:P72) -> 0.47030675 | G72: 0.0031688167 | H72: 0.027 | I72: 0.32 | K72: 0.085300338 | M72: 0 | N72: 0.0348376 | Q72: ='Parameters, country spec'!G27 -> 0.053104837
B73: Rape seed cake | C73: Protein feed | D73: Ireland | E73: IE | F73: =SUM(G73:P73) -> 0.28696425 | G73: ='Processed feed'!$F$34 -> 0.046516123 | H73: ='Processed feed'!$G$34 -> 0.017031692 | I73: ='Processed feed'!$H$34 -> 0.11985265 | K73: ='Processed feed'!$J$34 -> 0.018388105 | M73: ='Processed feed'!$L$34 -> 0 | N73: ='Processed feed'!$M$34 -> 0.021975677 | P73: ='Processed feed'!$O$34 -> 0.0632 | Q73: ='Parameters, country spec'!G28 -> 0.027193781
B74: Soy bean meal | C74: Protein feed | D74: Ireland | E74: IE | F74: =SUM(G74:P74) -> 1.1071335 | G74: ='Processed feed'!$F$39 -> 0 | H74: ='Processed feed'!$G$39 -> 0.028063258 | I74: ='Processed feed'!$H$39 -> 0.33260157 | K74: ='Processed feed'!$J$39 -> 0.059259142 | M74: ='Processed feed'!$L$39 -> 0 | N74: ='Processed feed'!$M$39 -> 0.036209502 | O74: ='Processed feed'!$N$39 -> 0.4 | P74: ='Processed feed'!$O$39 -> 0.251 | Q74: ='Parameters, country spec'!G29 -> 0.035916315
B75: By-products | C75: By-product | D75: Ireland | E75: IE | Q75: ='Parameters, country spec'!G30 -> 0.13313408
B76: Other, feed | C76: Feed, other | D76: Ireland | E76: IE | F76: =SUM(G76:P76) -> 0.37010359 | G76: =AVERAGE(G66:G74) -> 0.039674302 | H76: =AVERAGE(H66:H74) -> 0.02601055 | I76: =AVERAGE(I66:I74) -> 0.22693936 | K76: =AVERAGE(K66:K74) -> 0.043918449 | M76: =AVERAGE(M66:M74) -> 0 | N76: =AVERAGE(N66:N74) -> 0.033560931 | Q76: ='Parameters, country spec'!G31 -> 0.12365474
B77: Total for the feed mix: | F77: =SUMPRODUCT(F66:F76,$Q$66:$Q$76) -> 0.3410712 | G77: =SUMPRODUCT(G66:G76,$Q$66:$Q$76) -> 0.048569169 | H77: =SUMPRODUCT(H66:H76,$Q$66:$Q$76) -> 0.023050142 | I77: =SUMPRODUCT(I66:I76,$Q$66:$Q$76) -> 0.17999035 | K77: =SUMPRODUCT(K66:K76,$Q$66:$Q$76) -> 0.034620204 | M77: =SUMPRODUCT(M66:M76,$Q$66:$Q$76) -> 0 | N77: =SUMPRODUCT(N66:N76,$Q$66:$Q$76) -> 0.029741171 | O77: =SUMPRODUCT(O66:O76,$Q$66:$Q$76) -> 0.014366526 | P77: =SUMPRODUCT(P66:P76,$Q$66:$Q$76) -> 0.010733642
A78: 0115 | B78: Barley, average | C78: Cereals, incl feed | D78: Italy | E78: IT | F78: =SUM(G78:P78) -> 0.35697655 | G78: 0.064330297 | H78: 0.027 | I78: 0.19 | K78: 0.040808656 | M78: 0 | N78: 0.0348376 | Q78: ='Parameters, country spec'!H21 -> 0.24551367
A79: 0112 | B79: Maize (corn) | C79: Cereals, incl feed | D79: Italy | E79: IT | F79: =SUM(G79:P79) -> 0.3423836 | G79: 0.062649072 | H79: 0.027 | I79: 0.19 | K79: 0.027896926 | M79: 0 | N79: 0.0348376 | Q79: ='Parameters, country spec'!H22 -> 0.0025654511
A80: 0117 | B80: Oats | C80: Cereals, incl feed | D80: Italy | E80: IT | F80: =SUM(G80:P80) -> 0.35522537 | G80: 0.056711069 | H80: 0.027 | I80: 0.19 | K80: 0.046676701 | M80: 0 | N80: 0.0348376 | Q80: ='Parameters, country spec'!H23 -> 0.041303762
A81: 0116 | B81: Rye | C81: Cereals, incl feed | D81: Italy | E81: IT | F81: =SUM(G81:P81) -> 0.33256181 | G81: 0.049952267 | H81: 0.027 | I81: 0.19 | K81: 0.03077194 | M81: 0 | N81: 0.0348376 | Q81: ='Parameters, country spec'!H24 -> 0.026167601
A82: 0111 | B82: Wheat, average | C82: Cereals, incl feed | D82: Italy | E82: IT | F82: =SUM(G82:P82) -> 0.35472897 | G82: 0.073741077 | H82: 0.027 | I82: 0.19 | K82: 0.029150294 | M82: 0 | N82: 0.0348376 | Q82: ='Parameters, country spec'!H25 -> 0.30682795
A83: 01705 | B83: Peas, dry | C83: Pulses, incl feed | D83: Italy | E83: IT | F83: =SUM(G83:P83) -> 0.43885154 | G83: 0 | H83: 0.027 | I83: 0.32 | K83: 0.057013938 | M83: 0 | N83: 0.0348376 | Q83: ='Parameters, country spec'!H26 -> 0.0046178119
A84: 01702 | B84: Broad beans and horse beans, dry | C84: Pulses, incl feed | D84: Italy | E84: IT | F84: =SUM(G84:P84) -> 0.47030675 | G84: 0.0031688167 | H84: 0.027 | I84: 0.32 | K84: 0.085300338 | M84: 0 | N84: 0.0348376 | Q84: ='Parameters, country spec'!H27 -> 0.053104837
B85: Rape seed cake | C85: Protein feed | D85: Italy | E85: IT | F85: =SUM(G85:P85) -> 0.28696425 | G85: ='Processed feed'!$F$34 -> 0.046516123 | H85: ='Processed feed'!$G$34 -> 0.017031692 | I85: ='Processed feed'!$H$34 -> 0.11985265 | K85: ='Processed feed'!$J$34 -> 0.018388105 | M85: ='Processed feed'!$L$34 -> 0 | N85: ='Processed feed'!$M$34 -> 0.021975677 | P85: ='Processed feed'!$O$34 -> 0.0632 | Q85: ='Parameters, country spec'!H28 -> 0.027193781
B86: Soy bean meal | C86: Protein feed | D86: Italy | E86: IT | F86: =SUM(G86:P86) -> 1.1071335 | G86: ='Processed feed'!$F$39 -> 0 | H86: ='Processed feed'!$G$39 -> 0.028063258 | I86: ='Processed feed'!$H$39 -> 0.33260157 | K86: ='Processed feed'!$J$39 -> 0.059259142 | M86: ='Processed feed'!$L$39 -> 0 | N86: ='Processed feed'!$M$39 -> 0.036209502 | O86: ='Processed feed'!$N$39 -> 0.4 | P86: ='Processed feed'!$O$39 -> 0.251 | Q86: ='Parameters, country spec'!H29 -> 0.035916315
B87: By-products | C87: By-product | D87: Italy | E87: IT | Q87: ='Parameters, country spec'!H30 -> 0.13313408
B88: Other, feed | C88: Feed, other | D88: Italy | E88: IT | F88: =SUM(G88:P88) -> 0.37010359 | G88: =AVERAGE(G78:G86) -> 0.039674302 | H88: =AVERAGE(H78:H86) -> 0.02601055 | I88: =AVERAGE(I78:I86) -> 0.22693936 | K88: =AVERAGE(K78:K86) -> 0.043918449 | M88: =AVERAGE(M78:M86) -> 0 | N88: =AVERAGE(N78:N86) -> 0.033560931 | Q88: ='Parameters, country spec'!H31 -> 0.12365474
B89: Total for the feed mix: | F89: =SUMPRODUCT(F78:F88,$Q$78:$Q$88) -> 0.3410712 | G89: =SUMPRODUCT(G78:G88,$Q$78:$Q$88) -> 0.048569169 | H89: =SUMPRODUCT(H78:H88,$Q$78:$Q$88) -> 0.023050142 | I89: =SUMPRODUCT(I78:I88,$Q$78:$Q$88) -> 0.17999035 | K89: =SUMPRODUCT(K78:K88,$Q$78:$Q$88) -> 0.034620204 | M89: =SUMPRODUCT(M78:M88,$Q$78:$Q$88) -> 0 | N89: =SUMPRODUCT(N78:N88,$Q$78:$Q$88) -> 0.029741171 | O89: =SUMPRODUCT(O78:O88,$Q$78:$Q$88) -> 0.014366526 | P89: =SUMPRODUCT(P78:P88,$Q$78:$Q$88) -> 0.010733642
A90: 0115 | B90: Barley, average | C90: Cereals, incl feed | D90: Netherlands | E90: NL | F90: =SUM(G90:P90) -> 0.35697655 | G90: 0.064330297 | H90: 0.027 | I90: 0.19 | K90: 0.040808656 | M90: 0 | N90: 0.0348376 | Q90: ='Parameters, country spec'!I21 -> 0.24551367
A91: 0112 | B91: Maize (corn) | C91: Cereals, incl feed | D91: Netherlands | E91: NL | F91: =SUM(G91:P91) -> 0.3423836 | G91: 0.062649072 | H91: 0.027 | I91: 0.19 | K91: 0.027896926 | M91: 0 | N91: 0.0348376 | Q91: ='Parameters, country spec'!I22 -> 0.0025654511
A92: 0117 | B92: Oats | C92: Cereals, incl feed | D92: Netherlands | E92: NL | F92: =SUM(G92:P92) -> 0.35522537 | G92: 0.056711069 | H92: 0.027 | I92: 0.19 | K92: 0.046676701 | M92: 0 | N92: 0.0348376 | Q92: ='Parameters, country spec'!I23 -> 0.041303762
A93: 0116 | B93: Rye | C93: Cereals, incl feed | D93: Netherlands | E93: NL | F93: =SUM(G93:P93) -> 0.33256181 | G93: 0.049952267 | H93: 0.027 | I93: 0.19 | K93: 0.03077194 | M93: 0 | N93: 0.0348376 | Q93: ='Parameters, country spec'!I24 -> 0.026167601
A94: 0111 | B94: Wheat, average | C94: Cereals, incl feed | D94: Netherlands | E94: NL | F94: =SUM(G94:P94) -> 0.35472897 | G94: 0.073741077 | H94: 0.027 | I94: 0.19 | K94: 0.029150294 | M94: 0 | N94: 0.0348376 | Q94: ='Parameters, country spec'!I25 -> 0.30682795
A95: 01705 | B95: Peas, dry | C95: Pulses, incl feed | D95: Netherlands | E95: NL | F95: =SUM(G95:P95) -> 0.43885154 | G95: 0 | H95: 0.027 | I95: 0.32 | K95: 0.057013938 | M95: 0 | N95: 0.0348376 | Q95: ='Parameters, country spec'!I26 -> 0.0046178119
A96: 01702 | B96: Broad beans and horse beans, dry | C96: Pulses, incl feed | D96: Netherlands | E96: NL | F96: =SUM(G96:P96) -> 0.47030675 | G96: 0.0031688167 | H96: 0.027 | I96: 0.32 | K96: 0.085300338 | M96: 0 | N96: 0.0348376 | Q96: ='Parameters, country spec'!I27 -> 0.053104837
B97: Rape seed cake | C97: Protein feed | D97: Netherlands | E97: NL | F97: =SUM(G97:P97) -> 0.28696425 | G97: ='Processed feed'!$F$34 -> 0.046516123 | H97: ='Processed feed'!$G$34 -> 0.017031692 | I97: ='Processed feed'!$H$34 -> 0.11985265 | K97: ='Processed feed'!$J$34 -> 0.018388105 | M97: ='Processed feed'!$L$34 -> 0 | N97: ='Processed feed'!$M$34 -> 0.021975677 | P97: ='Processed feed'!$O$34 -> 0.0632 | Q97: ='Parameters, country spec'!I28 -> 0.027193781
B98: Soy bean meal | C98: Protein feed | D98: Netherlands | E98: NL | F98: =SUM(G98:P98) -> 1.1071335 | G98: ='Processed feed'!$F$39 -> 0 | H98: ='Processed feed'!$G$39 -> 0.028063258 | I98: ='Processed feed'!$H$39 -> 0.33260157 | K98: ='Processed feed'!$J$39 -> 0.059259142 | M98: ='Processed feed'!$L$39 -> 0 | N98: ='Processed feed'!$M$39 -> 0.036209502 | O98: ='Processed feed'!$N$39 -> 0.4 | P98: ='Processed feed'!$O$39 -> 0.251 | Q98: ='Parameters, country spec'!I29 -> 0.035916315
B99: By-products | C99: By-product | D99: Netherlands | E99: NL | Q99: ='Parameters, country spec'!I30 -> 0.13313408
B100: Other, feed | C100: Feed, other | D100: Netherlands | E100: NL | F100: =SUM(G100:P100) -> 0.37010359 | G100: =AVERAGE(G90:G98) -> 0.039674302 | H100: =AVERAGE(H90:H98) -> 0.02601055 | I100: =AVERAGE(I90:I98) -> 0.22693936 | K100: =AVERAGE(K90:K98) -> 0.043918449 | M100: =AVERAGE(M90:M98) -> 0 | N100: =AVERAGE(N90:N98) -> 0.033560931 | Q100: ='Parameters, country spec'!I31 -> 0.12365474
B101: Total for the feed mix: | F101: =SUMPRODUCT(F90:F100,$Q$90:$Q$100) -> 0.3410712 | G101: =SUMPRODUCT(G90:G100,$Q$90:$Q$100) -> 0.048569169 | H101: =SUMPRODUCT(H90:H100,$Q$90:$Q$100) -> 0.023050142 | I101: =SUMPRODUCT(I90:I100,$Q$90:$Q$100) -> 0.17999035 | K101: =SUMPRODUCT(K90:K100,$Q$90:$Q$100) -> 0.034620204 | M101: =SUMPRODUCT(M90:M100,$Q$90:$Q$100) -> 0 | N101: =SUMPRODUCT(N90:N100,$Q$90:$Q$100) -> 0.029741171 | O101: =SUMPRODUCT(O90:O100,$Q$90:$Q$100) -> 0.014366526 | P101: =SUMPRODUCT(P90:P100,$Q$90:$Q$100) -> 0.010733642
A102: 0115 | B102: Barley, average | C102: Cereals, incl feed | D102: Poland | E102: PL | F102: =SUM(G102:P102) -> 0.35697655 | G102: 0.064330297 | H102: 0.027 | I102: 0.19 | K102: 0.040808656 | M102: 0 | N102: 0.0348376 | Q102: ='Parameters, country spec'!J21 -> 0.24551367
...

Sheet CH4 per kg feed
A2: Emissions of CH4 from feed crops (per kg of crop) | F2: Columns A-M copied straight from RPC filerna | O2: Shares from Karlsson et al.
A4: Crops | F4: Sum | G4: Inputs | I4: Soil emissions | K4: Energy use | O4: Land use change | P4: Transports | Q4: Share
A5: Code | B5: Crops | C5: Categories | D5: Country | E5: Country code | G5: Production of mineral fertilizer | H5: Production of capital goods | I5: Direct emissions | J5: Indirect emissions | K5: Diesel use field mach | L5: Energy use in greenhouses | M5: Energy use for irrigation | N5: Energy use for post-harvest proc | O5: LUC emissions | P5: Transports of feed
A6: 0115 | B6: Barley, average | C6: Cereals, incl feed | D6: Denmark | E6: DK | F6: =SUM(G6:P6) -> 0.00020655355 | G6: 8.0930692e-05 | H6: 9.5e-05 | K6: 1.8076859e-05 | M6: 0 | N6: 1.2546e-05 | Q6: ='Parameters, country spec'!B21 -> 0.24551367
A7: 0112 | B7: Maize (corn) | C7: Cereals, incl feed | D7: Denmark | E7: DK | F7: =SUM(G7:P7) -> 0.00019871902 | G7: 7.8815627e-05 | H7: 9.5e-05 | K7: 1.2357398e-05 | M7: 0 | N7: 1.2546e-05 | Q7: ='Parameters, country spec'!B22 -> 0.0025654511
A8: 0117 | B8: Oats | C8: Cereals, incl feed | D8: Denmark | E8: DK | F8: =SUM(G8:P8) -> 0.00019956753 | G8: 7.1345326e-05 | H8: 9.5e-05 | K8: 2.0676204e-05 | M8: 0 | N8: 1.2546e-05 | Q8: ='Parameters, country spec'!B23 -> 0.041303762
A9: 0116 | B9: Rye | C9: Cereals, incl feed | D9: Denmark | E9: DK | F9: =SUM(G9:P9) -> 0.00018401935 | G9: 6.2842419e-05 | H9: 9.5e-05 | K9: 1.3630932e-05 | M9: 0 | N9: 1.2546e-05 | Q9: ='Parameters, country spec'!B24 -> 0.026167601
A10: 0111 | B10: Wheat, average | C10: Cereals, incl feed | D10: Denmark | E10: DK | F10: =SUM(G10:P10) -> 0.00021322851 | G10: 9.2769917e-05 | H10: 9.5e-05 | K10: 1.2912597e-05 | M10: 0 | N10: 1.2546e-05 | Q10: ='Parameters, country spec'!B25 -> 0.30682795
A11: 01705 | B11: Peas, dry | C11: Pulses, incl feed | D11: Denmark | E11: DK | F11: =SUM(G11:P11) -> 0.00013280125 | G11: 0 | H11: 9.5e-05 | K11: 2.5255252e-05 | M11: 0 | N11: 1.2546e-05 | Q11: ='Parameters, country spec'!B26 -> 0.0046178119
A12: 01702 | B12: Broad beans and horse beans, dry | C12: Pulses, incl feed | D12: Denmark | E12: DK | F12: =SUM(G12:P12) -> 0.0001493177 | G12: 3.9865279e-06 | H12: 9.5e-05 | K12: 3.7785173e-05 | M12: 0 | N12: 1.2546e-05 | Q12: ='Parameters, country spec'!B27 -> 0.053104837
B13: Rape seed cake | C13: Protein feed | D13: Denmark | E13: DK | F13: =SUM(G13:P13) -> 8.8724333e-05 | G13: ='Processed feed'!$F$36 -> 1.2478043e-08 | H13: ='Processed feed'!$G$36 -> 1.2778001e-08 | I13: ='Processed feed'!$H$36 -> 0 | J13: ='Processed feed'!$I$36 -> 0 | K13: ='Processed feed'!$J$36 -> 1.7368125e-09 | L13: ='Processed feed'!$K$36 -> 0 | M13: ='Processed feed'!$L$36 -> 0 | N13: ='Processed feed'!$M$36 -> 1.6875032e-09 | O13: ='Processed feed'!$N$36 -> 0 | P13: ='Processed feed'!$O$36 -> 8.8695652e-05 | Q13: ='Parameters, country spec'!B28 -> 0.027193781
B14: Soy bean meal | C14: Protein feed | D14: Denmark | E14: DK | F14: =SUM(G14:P14) -> 0.021138031 | G14: ='Processed feed'!$F$41 -> 0 | H14: ='Processed feed'!$G$41 -> 9.8741092e-05 | I14: ='Processed feed'!$H$41 -> 0 | J14: ='Processed feed'!$I$41 -> 0 | K14: ='Processed feed'!$J$41 -> 2.6249802e-05 | L14: ='Processed feed'!$K$41 -> 0 | M14: ='Processed feed'!$L$41 -> 0 | N14: ='Processed feed'!$M$41 -> 1.304006e-05 | O14: ='Processed feed'!$N$41 -> 0 | P14: ='Processed feed'!$O$41 -> 0.021 | Q14: ='Parameters, country spec'!B29 -> 0.035916315
B15: By-products | C15: By-product | D15: Denmark | E15: DK | Q15: ='Parameters, country spec'!B30 -> 0.13313408
B16: Other, feed | C16: Feed, other | D16: Denmark | E16: DK | F16: =SUM(G16:P16) -> 0.00015802962 | G16: =AVERAGE(G6:G14) -> 4.3411443e-05 | H16: =AVERAGE(H6:H14) -> 8.4861541e-05 | I16: =AVERAGE(I6:I14) -> 0 | J16: =AVERAGE(J6:J14) -> 0 | K16: =AVERAGE(K6:K14) -> 1.854955e-05 | L16: =AVERAGE(L6:L14) -> 0 | M16: =AVERAGE(M6:M14) -> 0 | N16: =AVERAGE(N6:N14) -> 1.1207083e-05 | Q16: ='Parameters, country spec'!B31 -> 0.12365474
B17: Total for the feed mix: | F17: =SUMPRODUCT(F6:F16,$Q$6:$Q$16) -> 0.00091940101 | G17: =SUMPRODUCT(G6:G16,$Q$6:$Q$16) -> 5.8707531e-05 | H17: =SUMPRODUCT(H6:H16,$Q$6:$Q$16) -> 7.8649898e-05 | I17: =SUMPRODUCT(I6:I16,$Q$6:$Q$16) -> 0 | J17: =SUMPRODUCT(J6:J16,$Q$6:$Q$16) -> 0 | K17: =SUMPRODUCT(K6:K16,$Q$6:$Q$16) -> 1.500224e-05 | L17: =SUMPRODUCT(L6:L16,$Q$6:$Q$16) -> 0 | M17: =SUMPRODUCT(M6:M16,$Q$6:$Q$16) -> 0 | ... P17: =SUMPRODUCT(P6:P16,$Q$6:$Q$16) -> 0.00075665458
A18: 0115 | B18: Barley, average | C18: Cereals, incl feed | D18: France | E18: FR | F18: =SUM(G18:P18) -> 0.00020655355 | G18: 8.0930692e-05 | H18: 9.5e-05 | K18: 1.8076859e-05 | M18: 0 | N18: 1.2546e-05 | Q18: ='Parameters, country spec'!C21 -> 0.24551367
A19: 0112 | B19: Maize (corn) | C19: Cereals, incl feed | D19: France | E19: FR | F19: =SUM(G19:P19) -> 0.00019871902 | G19: 7.8815627e-05 | H19: 9.5e-05 | K19: 1.2357398e-05 | M19: 0 | N19: 1.2546e-05 | Q19: ='Parameters, country spec'!C22 -> 0.0025654511
A20: 0117 | B20: Oats | C20: Cereals, incl feed | D20: France | E20: FR | F20: =SUM(G20:P20) -> 0.00019956753 | G20: 7.1345326e-05 | H20: 9.5e-05 | K20: 2.0676204e-05 | M20: 0 | N20: 1.2546e-05 | Q20: ='Parameters, country spec'!C23 -> 0.041303762
A21: 0116 | B21: Rye | C21: Cereals, incl feed | D21: France | E21: FR | F21: =SUM(G21:P21) -> 0.00018401935 | G21: 6.2842419e-05 | H21: 9.5e-05 | K21: 1.3630932e-05 | M21: 0 | N21: 1.2546e-05 | Q21: ='Parameters, country spec'!C24 -> 0.026167601
A22: 0111 | B22: Wheat, average | C22: Cereals, incl feed | D22: France | E22: FR | F22: =SUM(G22:P22) -> 0.00021322851 | G22: 9.2769917e-05 | H22: 9.5e-05 | K22: 1.2912597e-05 | M22: 0 | N22: 1.2546e-05 | Q22: ='Parameters, country spec'!C25 -> 0.30682795
A23: 01705 | B23: Peas, dry | C23: Pulses, incl feed | D23: France | E23: FR | F23: =SUM(G23:P23) -> 0.00013280125 | G23: 0 | H23: 9.5e-05 | K23: 2.5255252e-05 | M23: 0 | N23: 1.2546e-05 | Q23: ='Parameters, country spec'!C26 -> 0.0046178119
A24: 01702 | B24: Broad beans and horse beans, dry | C24: Pulses, incl feed | D24: France | E24: FR | F24: =SUM(G24:P24) -> 0.0001493177 | G24: 3.9865279e-06 | H24: 9.5e-05 | K24: 3.7785173e-05 | M24: 0 | N24: 1.2546e-05 | Q24: ='Parameters, country spec'!C27 -> 0.053104837
B25: Rape seed cake | C25: Protein feed | D25: France | E25: FR | F25: =SUM(G25:P25) -> 8.8724333e-05 | G25: ='Processed feed'!$F$36 -> 1.2478043e-08 | H25: ='Processed feed'!$G$36 -> 1.2778001e-08 | I25: ='Processed feed'!$H$36 -> 0 | J25: ='Processed feed'!$I$36 -> 0 | K25: ='Processed feed'!$J$36 -> 1.7368125e-09 | L25: ='Processed feed'!$K$36 -> 0 | M25: ='Processed feed'!$L$36 -> 0 | N25: ='Processed feed'!$M$36 -> 1.6875032e-09 | O25: ='Processed feed'!$N$36 -> 0 | P25: ='Processed feed'!$O$36 -> 8.8695652e-05 | Q25: ='Parameters, country spec'!C28 -> 0.027193781
B26: Soy bean meal | C26: Protein feed | D26: France | E26: FR | F26: =SUM(G26:P26) -> 0.021138031 | G26: ='Processed feed'!$F$41 -> 0 | H26: ='Processed feed'!$G$41 -> 9.8741092e-05 | I26: ='Processed feed'!$H$41 -> 0 | J26: ='Processed feed'!$I$41 -> 0 | K26: ='Processed feed'!$J$41 -> 2.6249802e-05 | L26: ='Processed feed'!$K$41 -> 0 | M26: ='Processed feed'!$L$41 -> 0 | N26: ='Processed feed'!$M$41 -> 1.304006e-05 | O26: ='Processed feed'!$N$41 -> 0 | P26: ='Processed feed'!$O$41 -> 0.021 | Q26: ='Parameters, country spec'!C29 -> 0.035916315
B27: By-products | C27: By-product | D27: France | E27: FR | Q27: ='Parameters, country spec'!C30 -> 0.13313408
B28: Other, feed | C28: Feed, other | D28: France | E28: FR | F28: =SUM(G28:P28) -> 0.00015802962 | G28: =AVERAGE(G18:G26) -> 4.3411443e-05 | H28: =AVERAGE(H18:H26) -> 8.4861541e-05 | I28: =AVERAGE(I18:I26) -> 0 | J28: =AVERAGE(J18:J26) -> 0 | K28: =AVERAGE(K18:K26) -> 1.854955e-05 | L28: =AVERAGE(L18:L26) -> 0 | M28: =AVERAGE(M18:M26) -> 0 | N28: =AVERAGE(N18:N26) -> 1.1207083e-05 | Q28: ='Parameters, country spec'!C31 -> 0.12365474
B29: Total for the feed mix: | F29: =SUMPRODUCT(F18:F28,$Q$18:$Q$28) -> 0.00091940101 | G29: =SUMPRODUCT(G18:G28,$Q$18:$Q$28) -> 5.8707531e-05 | H29: =SUMPRODUCT(H18:H28,$Q$18:$Q$28) -> 7.8649898e-05 | I29: =SUMPRODUCT(I18:I28,$Q$18:$Q$28) -> 0 | J29: =SUMPRODUCT(J18:J28,$Q$18:$Q$28) -> 0 | K29: =SUMPRODUCT(K18:K28,$Q$18:$Q$28) -> 1.500224e-05 | L29: =SUMPRODUCT(L18:L28,$Q$18:$Q$28) -> 0 | M29: =SUMPRODUCT(M18:M28,$Q$18:$Q$28) -> 0 | ... P29: =SUMPRODUCT(P18:P28,$Q$18:$Q$28) -> 0.00075665458
A30: 0115 | B30: Barley, average | C30: Cereals, incl feed | D30: Germany | E30: DE | F30: =SUM(G30:P30) -> 0.00020655355 | G30: 8.0930692e-05 | H30: 9.5e-05 | K30: 1.8076859e-05 | M30: 0 | N30: 1.2546e-05 | Q30: ='Parameters, country spec'!D21 -> 0.24551367
A31: 0112 | B31: Maize (corn) | C31: Cereals, incl feed | D31: Germany | E31: DE | F31: =SUM(G31:P31) -> 0.00019871902 | G31: 7.8815627e-05 | H31: 9.5e-05 | K31: 1.2357398e-05 | M31: 0 | N31: 1.2546e-05 | Q31: ='Parameters, country spec'!D22 -> 0.0025654511
A32: 0117 | B32: Oats | C32: Cereals, incl feed | D32: Germany | E32: DE | F32: =SUM(G32:P32) -> 0.00019956753 | G32: 7.1345326e-05 | H32: 9.5e-05 | K32: 2.0676204e-05 | M32: 0 | N32: 1.2546e-05 | Q32: ='Parameters, country spec'!D23 -> 0.041303762
A33: 0116 | B33: Rye | C33: Cereals, incl feed | D33: Germany | E33: DE | F33: =SUM(G33:P33) -> 0.00018401935 | G33: 6.2842419e-05 | H33: 9.5e-05 | K33: 1.3630932e-05 | M33: 0 | N33: 1.2546e-05 | Q33: ='Parameters, country spec'!D24 -> 0.026167601
A34: 0111 | B34: Wheat, average | C34: Cereals, incl feed | D34: Germany | E34: DE | F34: =SUM(G34:P34) -> 0.00021322851 | G34: 9.2769917e-05 | H34: 9.5e-05 | K34: 1.2912597e-05 | M34: 0 | N34: 1.2546e-05 | Q34: ='Parameters, country spec'!D25 -> 0.30682795
A35: 01705 | B35: Peas, dry | C35: Pulses, incl feed | D35: Germany | E35: DE | F35: =SUM(G35:P35) -> 0.00013280125 | G35: 0 | H35: 9.5e-05 | K35: 2.5255252e-05 | M35: 0 | N35: 1.2546e-05 | Q35: ='Parameters, country spec'!D26 -> 0.0046178119
A36: 01702 | B36: Broad beans and horse beans, dry | C36: Pulses, incl feed | D36: Germany | E36: DE | F36: =SUM(G36:P36) -> 0.0001493177 | G36: 3.9865279e-06 | H36: 9.5e-05 | K36: 3.7785173e-05 | M36: 0 | N36: 1.2546e-05 | Q36: ='Parameters, country spec'!D27 -> 0.053104837
B37: Rape seed cake | C37: Protein feed | D37: Germany | E37: DE | F37: =SUM(G37:P37) -> 8.8724333e-05 | G37: ='Processed feed'!$F$36 -> 1.2478043e-08 | H37: ='Processed feed'!$G$36 -> 1.2778001e-08 | I37: ='Processed feed'!$H$36 -> 0 | J37: ='Processed feed'!$I$36 -> 0 | K37: ='Processed feed'!$J$36 -> 1.7368125e-09 | L37: ='Processed feed'!$K$36 -> 0 | M37: ='Processed feed'!$L$36 -> 0 | N37: ='Processed feed'!$M$36 -> 1.6875032e-09 | O37: ='Processed feed'!$N$36 -> 0 | P37: ='Processed feed'!$O$36 -> 8.8695652e-05 | Q37: ='Parameters, country spec'!D28 -> 0.027193781
B38: Soy bean meal | C38: Protein feed | D38: Germany | E38: DE | F38: =SUM(G38:P38) -> 0.021138031 | G38: ='Processed feed'!$F$41 -> 0 | H38: ='Processed feed'!$G$41 -> 9.8741092e-05 | I38: ='Processed feed'!$H$41 -> 0 | J38: ='Processed feed'!$I$41 -> 0 | K38: ='Processed feed'!$J$41 -> 2.6249802e-05 | L38: ='Processed feed'!$K$41 -> 0 | M38: ='Processed feed'!$L$41 -> 0 | N38: ='Processed feed'!$M$41 -> 1.304006e-05 | O38: ='Processed feed'!$N$41 -> 0 | P38: ='Processed feed'!$O$41 -> 0.021 | Q38: ='Parameters, country spec'!D29 -> 0.035916315
B39: By-products | C39: By-product | D39: Germany | E39: DE | Q39: ='Parameters, country spec'!D30 -> 0.13313408
B40: Other, feed | C40: Feed, other | D40: Germany | E40: DE | F40: =SUM(G40:P40) -> 0.00015802962 | G40: =AVERAGE(G30:G38) -> 4.3411443e-05 | H40: =AVERAGE(H30:H38) -> 8.4861541e-05 | I40: =AVERAGE(I30:I38) -> 0 | J40: =AVERAGE(J30:J38) -> 0 | K40: =AVERAGE(K30:K38) -> 1.854955e-05 | L40: =AVERAGE(L30:L38) -> 0 | M40: =AVERAGE(M30:M38) -> 0 | N40: =AVERAGE(N30:N38) -> 1.1207083e-05 | Q40: ='Parameters, country spec'!D31 -> 0.12365474
B41: Total for the feed mix: | F41: =SUMPRODUCT(F30:F40,$Q$30:$Q$40) -> 0.00091940101 | G41: =SUMPRODUCT(G30:G40,$Q$30:$Q$40) -> 5.8707531e-05 | H41: =SUMPRODUCT(H30:H40,$Q$30:$Q$40) -> 7.8649898e-05 | I41: =SUMPRODUCT(I30:I40,$Q$30:$Q$40) -> 0 | J41: =SUMPRODUCT(J30:J40,$Q$30:$Q$40) -> 0 | K41: =SUMPRODUCT(K30:K40,$Q$30:$Q$40) -> 1.500224e-05 | L41: =SUMPRODUCT(L30:L40,$Q$30:$Q$40) -> 0 | M41: =SUMPRODUCT(M30:M40,$Q$30:$Q$40) -> 0 | ... P41: =SUMPRODUCT(P30:P40,$Q$30:$Q$40) -> 0.00075665458
A42: 0115 | B42: Barley, average | C42: Cereals, incl feed | D42: Greece | E42: GR | F42: =SUM(G42:P42) -> 0.00020655355 | G42: 8.0930692e-05 | H42: 9.5e-05 | K42: 1.8076859e-05 | M42: 0 | N42: 1.2546e-05 | Q42: ='Parameters, country spec'!E21 -> 0.24551367
A43: 0112 | B43: Maize (corn) | C43: Cereals, incl feed | D43: Greece | E43: GR | F43: =SUM(G43:P43) -> 0.00019871902 | G43: 7.8815627e-05 | H43: 9.5e-05 | K43: 1.2357398e-05 | M43: 0 | N43: 1.2546e-05 | Q43: ='Parameters, country spec'!E22 -> 0.0025654511
A44: 0117 | B44: Oats | C44: Cereals, incl feed | D44: Greece | E44: GR | F44: =SUM(G44:P44) -> 0.00019956753 | G44: 7.1345326e-05 | H44: 9.5e-05 | K44: 2.0676204e-05 | M44: 0 | N44: 1.2546e-05 | Q44: ='Parameters, country spec'!E23 -> 0.041303762
A45: 0116 | B45: Rye | C45: Cereals, incl feed | D45: Greece | E45: GR | F45: =SUM(G45:P45) -> 0.00018401935 | G45: 6.2842419e-05 | H45: 9.5e-05 | K45: 1.3630932e-05 | M45: 0 | N45: 1.2546e-05 | Q45: ='Parameters, country spec'!E24 -> 0.026167601
A46: 0111 | B46: Wheat, average | C46: Cereals, incl feed | D46: Greece | E46: GR | F46: =SUM(G46:P46) -> 0.00021322851 | G46: 9.2769917e-05 | H46: 9.5e-05 | K46: 1.2912597e-05 | M46: 0 | N46: 1.2546e-05 | Q46: ='Parameters, country spec'!E25 -> 0.30682795
A47: 01705 | B47: Peas, dry | C47: Pulses, incl feed | D47: Greece | E47: GR | F47: =SUM(G47:P47) -> 0.00013280125 | G47: 0 | H47: 9.5e-05 | K47: 2.5255252e-05 | M47: 0 | N47: 1.2546e-05 | Q47: ='Parameters, country spec'!E26 -> 0.0046178119
A48: 01702 | B48: Broad beans and horse beans, dry | C48: Pulses, incl feed | D48: Greece | E48: GR | F48: =SUM(G48:P48) -> 0.0001493177 | G48: 3.9865279e-06 | H48: 9.5e-05 | K48: 3.7785173e-05 | M48: 0 | N48: 1.2546e-05 | Q48: ='Parameters, country spec'!E27 -> 0.053104837
B49: Rape seed cake | C49: Protein feed | D49: Greece | E49: GR | F49: =SUM(G49:P49) -> 8.8724333e-05 | G49: ='Processed feed'!$F$36 -> 1.2478043e-08 | H49: ='Processed feed'!$G$36 -> 1.2778001e-08 | I49: ='Processed feed'!$H$36 -> 0 | J49: ='Processed feed'!$I$36 -> 0 | K49: ='Processed feed'!$J$36 -> 1.7368125e-09 | L49: ='Processed feed'!$K$36 -> 0 | M49: ='Processed feed'!$L$36 -> 0 | N49: ='Processed feed'!$M$36 -> 1.6875032e-09 | O49: ='Processed feed'!$N$36 -> 0 | P49: ='Processed feed'!$O$36 -> 8.8695652e-05 | Q49: ='Parameters, country spec'!E28 -> 0.027193781
B50: Soy bean meal | C50: Protein feed | D50: Greece | E50: GR | F50: =SUM(G50:P50) -> 0.021138031 | G50: ='Processed feed'!$F$41 -> 0 | H50: ='Processed feed'!$G$41 -> 9.8741092e-05 | I50: ='Processed feed'!$H$41 -> 0 | J50: ='Processed feed'!$I$41 -> 0 | K50: ='Processed feed'!$J$41 -> 2.6249802e-05 | L50: ='Processed feed'!$K$41 -> 0 | M50: ='Processed feed'!$L$41 -> 0 | N50: ='Processed feed'!$M$41 -> 1.304006e-05 | O50: ='Processed feed'!$N$41 -> 0 | P50: ='Processed feed'!$O$41 -> 0.021 | Q50: ='Parameters, country spec'!E29 -> 0.035916315
B51: By-products | C51: By-product | D51: Greece | E51: GR | Q51: ='Parameters, country spec'!E30 -> 0.13313408
B52: Other, feed | C52: Feed, other | D52: Greece | E52: GR | F52: =SUM(G52:P52) -> 0.010702377 | G52: =AVERAGE(G42:G50) -> 4.3411443e-05 | H52: =AVERAGE(H42:H50) -> 8.4861541e-05 | I52: =AVERAGE(I42:I50) -> 0 | J52: =AVERAGE(J42:J50) -> 0 | K52: =AVERAGE(K42:K50) -> 1.854955e-05 | L52: =AVERAGE(L42:L50) -> 0 | M52: =AVERAGE(M42:M50) -> 0 | N52: =AVERAGE(N42:N50) -> 1.1207083e-05 | ... P52: =AVERAGE(P42:P50) -> 0.010544348 | Q52: ='Parameters, country spec'!E31 -> 0.12365474
