Workbook
Name Ability_to_perceive_handling: 'Parameters, general'!#REF!
Name AF_beef: 'Parameters, general'!$B$38
Name AF_calves: 'Parameters, general'!$B$39
Name AF_milk: 'Parameters, general'!$B$37
Name Boars_per_sow: 'Parameters D24m, country spec'!#REF!
Name Boars_per_sow: 'Parameters SH, country spec'!#REF!
Name CF_GWP_CH4_biog: 'Parameters, general'!$B$25
Name CF_GWP_CH4_biogenic: 'Parameters, general'!$B$25
Name CF_GWP_CH4_fossil: 'Parameters, general'!$B$24
Name CF_GWP_N2O: 'Parameters, general'!$B$26
Name Crop_data: 'Forage crops, CF'!$A$6:$Z$80
Name Crop_data: 'Forage, input data per ha'!#REF!
Name Crop_data: 'Forage crops, footprints'!$A$6:$Z$22
Name Crop_data_codes: 'Forage crops, CF'!$A$71:$A$155
Name Crop_data_codes: 'Forage, input data per ha'!#REF!
Name Crop_data_codes: 'Forage crops, footprints'!$A$23:$A$39
Name EF_biofuel_CH4: 'Parameters, general'!$C$6
Name EF_biofuel_N2O: 'Parameters, general'!$D$6
Name EF_biofuels_CO2: 'Parameters, general'!$B$6
Name EF_capital_goods_CH4: 'Parameters, general'!$C$10
Name EF_capital_goods_CO2: 'Parameters, general'!$B$10
Name EF_capital_goods_N2O: 'Parameters, general'!$D$10
Name EF_diesel_CH4: 'Parameters, general'!$C$7
Name EF_diesel_CO2: 'Parameters, general'!$B$7
Name EF_diesel_N2O: 'Parameters, general'!$D$7
Name EF_el_CH4_DE: 'Parameters D24m, country spec'!$D$45
Name EF_el_CH4_DE: 'Parameters SH, country spec'!$D$67
Name EF_el_CH4_DK: 'Parameters D24m, country spec'!$B$45
Name EF_el_CH4_DK: 'Parameters SH, country spec'!$B$67
Name EF_el_CH4_ES: 'Parameters D24m, country spec'!$K$45
Name EF_el_CH4_ES: 'Parameters SH, country spec'!$K$67
Name EF_el_CH4_FR: 'Parameters D24m, country spec'!$C$45
Name EF_el_CH4_FR: 'Parameters SH, country spec'!$C$67
Name EF_el_CH4_GR: 'Parameters D24m, country spec'!$E$45
Name EF_el_CH4_GR: 'Parameters SH, country spec'!$E$67
Name EF_el_CH4_HU: 'Parameters D24m, country spec'!$F$45
Name EF_el_CH4_HU: 'Parameters SH, country spec'!$F$67
Name EF_el_CH4_IE: 'Parameters D24m, country spec'!$G$45
Name EF_el_CH4_IE: 'Parameters SH, country spec'!$G$67
Name EF_el_CH4_IT: 'Parameters D24m, country spec'!$H$45
Name EF_el_CH4_IT: 'Parameters SH, country spec'!$H$67
Name EF_el_CH4_NL: 'Parameters D24m, country spec'!$I$45
Name EF_el_CH4_NL: 'Parameters SH, country spec'!$I$67
Name EF_el_CH4_PL: 'Parameters D24m, country spec'!$J$45
Name EF_el_CH4_PL: 'Parameters SH, country spec'!$J$67
Name EF_el_CH4_SE: 'Parameters D24m, country spec'!$L$45
Name EF_el_CH4_SE: 'Parameters SH, country spec'!$L$67
Name EF_el_CO2_DE: 'Parameters D24m, country spec'!$D$44
Name EF_el_CO2_DE: 'Parameters SH, country spec'!$D$66
Name EF_el_CO2_DK: 'Parameters D24m, country spec'!$B$44
Name EF_el_CO2_DK: 'Parameters SH, country spec'!$B$66
Name EF_el_CO2_ES: 'Parameters D24m, country spec'!$K$44
Name EF_el_CO2_ES: 'Parameters SH, country spec'!$K$66
Name EF_el_CO2_FR: 'Parameters D24m, country spec'!$C$44
Name EF_el_CO2_FR: 'Parameters SH, country spec'!$C$66
Name EF_el_CO2_GR: 'Parameters D24m, country spec'!$E$44
Name EF_el_CO2_GR: 'Parameters SH, country spec'!$E$66
Name EF_el_CO2_HU: 'Parameters D24m, country spec'!$F$44
Name EF_el_CO2_HU: 'Parameters SH, country spec'!$F$66
Name EF_el_CO2_IE: 'Parameters D24m, country spec'!$G$44

Sheet README
A2: Read me
A4: This is a file that contains…
A7: Har räknat enligt vår metod men sen justerat foderåtgången och energianv för att siffrorna ska stämma ungefär med Arlas. Har också använt Emmas gamla allokeringsfaktor (0.93 istället för 0.87 som är den nya som Ludvig letat underlag till)
A8: https://www.arla.se/4a9c19/globalassets/om-arla/hallbarhet/klimatberakningar/climate-check-report-2022.pdf
A9: Så detta behöver tittas på igen.
A10: Har heller inte justerat för N i foderodlingen, men kanske ska det inte göras här där vi har mycket vall för vallens fixering beräknas med hänsyn tagen till gödsling - behöver tänka litet mer på detta!!!
A17: Color codes:
B19: Results
B20: Sheets for input
B21: Intermediate calculations
A26: Att göra:
A27: Se om det går att få ut en foderstat för denna från Frankrike https://productions-animales.org/article/view/5396
A28: Justera till landsspecifik energianvändning https://www.mdpi.com/2076-3417/12/4/2142
A29: Vattenanvändning per land - OBS att detta är för anv i stallar, inte foderodlingen

Sheet Figures
A2: Figures
A4: Greenhouse gas emission for bonefree meat across countries, to farmgate, no waste
B6: Production of mineral fertilizer | C6: Production of capital goods | D6: Emissions from soil | E6: Energy use cropping | F6: Energy use for feed processing | G6: Land use change emissions | H6: Feed transports | I6: Enteric fermentation | J6: Manure management | K6: Energy use in stables | L6: Energy use for slaughter | M6: Tot
A7: Poland | B7: ='GHG det D24m, results per kg'!H51 -> 0.00019236004 | C7: ='GHG det D24m, results per kg'!I51 -> 3.862496e-05 | D7: ='GHG det D24m, results per kg'!J51+'GHG det D24m, results per kg'!K51 -> 1.8555134 | E7: ='GHG det D24m, results per kg'!L51+'GHG det D24m, results per kg'!N51 -> 8.8828979e-05 | F7: ='GHG det D24m, results per kg'!O51+'GHG det D24m, results per kg'!Q51 -> 6.0736585e-05 | G7: ='GHG det D24m, results per kg'!P51 -> 0 | H7: ='GHG det D24m, results per kg'!R51 -> 0 | I7: ='GHG det D24m, results per kg'!S51 -> 17.925311 | J7: ='GHG det D24m, results per kg'!T51 -> 8.2603 | K7: ='GHG det D24m, results per kg'!W51 -> 8.8201906e-05 | L7: ='GHG det D24m, results per kg'!X51 -> 0 | M7: =SUM(B7:L7) -> 28.041593
A8: Netherlands | B8: ='GHG det D24m, results per kg'!H46 -> 0.00015316974 | C8: ='GHG det D24m, results per kg'!I46 -> 3.5544885e-05 | D8: ='GHG det D24m, results per kg'!J46+'GHG det D24m, results per kg'!K46 -> 1.8773186 | E8: ='GHG det D24m, results per kg'!L46+'GHG det D24m, results per kg'!N46 -> 2.659238e-05 | F8: ='GHG det D24m, results per kg'!O46+'GHG det D24m, results per kg'!Q46 -> 4.9333331e-05 | G8: ='GHG det D24m, results per kg'!P46 -> 2.648564e-05 | H8: ='GHG det D24m, results per kg'!R46 -> 4.2387316e-05 | I8: ='GHG det D24m, results per kg'!S46 -> 17.925311 | J8: ='GHG det D24m, results per kg'!T46 -> 3.8252729 | K8: ='GHG det D24m, results per kg'!W46 -> 4.5237464e-05 | L8: ='GHG det D24m, results per kg'!X46 -> 0 | M8: =SUM(B8:L8) -> 23.628281
A9: Hungary | B9: ='GHG det D24m, results per kg'!H31 -> 6.7798992e-05 | C9: ='GHG det D24m, results per kg'!I31 -> 3.3197388e-05 | D9: ='GHG det D24m, results per kg'!J31+'GHG det D24m, results per kg'!K31 -> 2.1258548 | E9: ='GHG det D24m, results per kg'!L31+'GHG det D24m, results per kg'!N31 -> 3.4113098e-05 | F9: ='GHG det D24m, results per kg'!O31+'GHG det D24m, results per kg'!Q31 -> 7.9145178e-05 | G9: ='GHG det D24m, results per kg'!P31 -> 3.7824017e-05 | H9: ='GHG det D24m, results per kg'!R31 -> 6.7177442e-05 | I9: ='GHG det D24m, results per kg'!S31 -> 17.925311 | J9: ='GHG det D24m, results per kg'!T31 -> 12.159007 | K9: ='GHG det D24m, results per kg'!W31 -> 4.0363861e-05 | L9: ='GHG det D24m, results per kg'!X31 -> 0 | M9: =SUM(B9:L9) -> 32.210533
A10: Greece | B10: ='GHG det D24m, results per kg'!H26 -> 0.00010611674 | C10: ='GHG det D24m, results per kg'!I26 -> 3.672199e-05 | D10: ='GHG det D24m, results per kg'!J26+'GHG det D24m, results per kg'!K26 -> 2.2980533 | E10: ='GHG det D24m, results per kg'!L26+'GHG det D24m, results per kg'!N26 -> 5.1856024e-05 | F10: ='GHG det D24m, results per kg'!O26+'GHG det D24m, results per kg'!Q26 -> 4.6890398e-05 | G10: ='GHG det D24m, results per kg'!P26 -> 2.6432019e-05 | H10: ='GHG det D24m, results per kg'!R26 -> 2.2419988e-05 | I10: ='GHG det D24m, results per kg'!S26 -> 11.950207 | J10: ='GHG det D24m, results per kg'!T26 -> 8.852268 | K10: ='GHG det D24m, results per kg'!W26 -> 5.8204796e-05 | L10: ='GHG det D24m, results per kg'!X26 -> 0 | M10: =SUM(B10:L10) -> 23.100877
A11: Denmark | B11: ='GHG det D24m, results per kg'!H11 -> 0.4036147 | C11: ='GHG det D24m, results per kg'!I11 -> 0.64420807 | D11: ='GHG det D24m, results per kg'!J11+'GHG det D24m, results per kg'!K11 -> 0.75655943 | E11: ='GHG det D24m, results per kg'!L11+'GHG det D24m, results per kg'!N11 -> 0.30554911 | F11: ='GHG det D24m, results per kg'!O11+'GHG det D24m, results per kg'!Q11 -> 1.8236672 | G11: ='GHG det D24m, results per kg'!P11 -> 0.31030816 | H11: ='GHG det D24m, results per kg'!R11 -> 1.7657977 | I11: ='GHG det D24m, results per kg'!S11 -> 11.950207 | J11: ='GHG det D24m, results per kg'!T11 -> 12.61813 | K11: ='GHG det D24m, results per kg'!W11 -> 3.3277279e-05 | L11: ='GHG det D24m, results per kg'!X11 -> 0 | M11: =SUM(B11:L11) -> 30.578076
A12: Italy | B12: ='GHG det D24m, results per kg'!H41 -> 4.395822e-05 | C12: ='GHG det D24m, results per kg'!I41 -> 3.1533416e-05 | D12: ='GHG det D24m, results per kg'!J41+'GHG det D24m, results per kg'!K41 -> 1.8591551 | E12: ='GHG det D24m, results per kg'!L41+'GHG det D24m, results per kg'!N41 -> 1.6006975e-05 | F12: ='GHG det D24m, results per kg'!O41+'GHG det D24m, results per kg'!Q41 -> 4.4572524e-05 | G12: ='GHG det D24m, results per kg'!P41 -> 1.6949289e-05 | H12: ='GHG det D24m, results per kg'!R41 -> 4.0870606e-05 | I12: ='GHG det D24m, results per kg'!S41 -> 17.925311 | J12: ='GHG det D24m, results per kg'!T41 -> 15.454116 | K12: ='GHG det D24m, results per kg'!W41 -> 3.6721572e-05 | L12: ='GHG det D24m, results per kg'!X41 -> 0 | M12: =SUM(B12:L12) -> 35.238813
A13: Germany | B13: ='GHG det D24m, results per kg'!H21 -> 4.2402988e-05 | C13: ='GHG det D24m, results per kg'!I21 -> 3.5798974e-05 | D13: ='GHG det D24m, results per kg'!J21+'GHG det D24m, results per kg'!K21 -> 1.8160986 | E13: ='GHG det D24m, results per kg'!L21+'GHG det D24m, results per kg'!N21 -> 1.8463706e-05 | F13: ='GHG det D24m, results per kg'!O21+'GHG det D24m, results per kg'!Q21 -> 7.4174057e-05 | G13: ='GHG det D24m, results per kg'!P21 -> 1.243351e-05 | H13: ='GHG det D24m, results per kg'!R21 -> 7.0866684e-05 | I13: ='GHG det D24m, results per kg'!S21 -> 11.950207 | J13: ='GHG det D24m, results per kg'!T21 -> 9.8820862 | K13: ='GHG det D24m, results per kg'!W21 -> 4.2182548e-05 | L13: ='GHG det D24m, results per kg'!X21 -> 0 | M13: =SUM(B13:L13) -> 23.648689
A14: France | B14: ='GHG det D24m, results per kg'!H16 -> 5.3389885e-05 | C14: ='GHG det D24m, results per kg'!I16 -> 3.4500625e-05 | D14: ='GHG det D24m, results per kg'!J16+'GHG det D24m, results per kg'!K16 -> 2.9876336 | E14: ='GHG det D24m, results per kg'!L16+'GHG det D24m, results per kg'!N16 -> 2.104844e-05 | F14: ='GHG det D24m, results per kg'!O16+'GHG det D24m, results per kg'!Q16 -> 7.5547199e-05 | G14: ='GHG det D24m, results per kg'!P16 -> 1.3536749e-05 | H14: ='GHG det D24m, results per kg'!R16 -> 6.9612815e-05 | I14: ='GHG det D24m, results per kg'!S16 -> 11.950207 | J14: ='GHG det D24m, results per kg'!T16 -> 7.1892402 | K14: ='GHG det D24m, results per kg'!W16 -> 8.2893794e-06 | L14: ='GHG det D24m, results per kg'!X16 -> 0 | M14: =SUM(B14:L14) -> 22.127357
A15: Ireland | B15: ='GHG det D24m, results per kg'!H36 -> 6.7760233e-05 | C15: ='GHG det D24m, results per kg'!I36 -> 3.6682197e-05 | D15: ='GHG det D24m, results per kg'!J36+'GHG det D24m, results per kg'!K36 -> 9.5007545e-05 | E15: ='GHG det D24m, results per kg'!L36+'GHG det D24m, results per kg'!N36 -> 2.08138e-05 | F15: ='GHG det D24m, results per kg'!O36+'GHG det D24m, results per kg'!Q36 -> 1.28374e-05 | G15: ='GHG det D24m, results per kg'!P36 -> 4.285782e-06 | H15: ='GHG det D24m, results per kg'!R36 -> 2.9903501e-06 | I15: ='GHG det D24m, results per kg'!S36 -> 17.925311 | J15: ='GHG det D24m, results per kg'!T36 -> 10.057514 | K15: ='GHG det D24m, results per kg'!W36 -> 3.4760046e-05 | L15: ='GHG det D24m, results per kg'!X36 -> 0 | M15: =SUM(B15:L15) -> 27.9831
A16: Spain | B16: ='GHG det D24m, results per kg'!H56 -> 2.9296861e-05 | C16: ='GHG det D24m, results per kg'!I56 -> 3.6422997e-05 | D16: ='GHG det D24m, results per kg'!J56+'GHG det D24m, results per kg'!K56 -> 3.0522077 | E16: ='GHG det D24m, results per kg'!L56+'GHG det D24m, results per kg'!N56 -> 4.5913257e-05 | F16: ='GHG det D24m, results per kg'!O56+'GHG det D24m, results per kg'!Q56 -> 3.9805576e-05 | G16: ='GHG det D24m, results per kg'!P56 -> 3.2394772e-05 | H16: ='GHG det D24m, results per kg'!R56 -> 2.0934974e-05 | I16: ='GHG det D24m, results per kg'!S56 -> 17.925311 | J16: ='GHG det D24m, results per kg'!T56 -> 5.5727209 | K16: ='GHG det D24m, results per kg'!W56 -> 2.5204943e-05 | L16: ='GHG det D24m, results per kg'!X56 -> 0 | M16: =SUM(B16:L16) -> 26.55047
A17: Sweden | B17: ='GHG det D24m, results per kg'!H61 -> 6.3671741e-05 | C17: ='GHG det D24m, results per kg'!I61 -> 7.6939164e-05 | D17: ='GHG det D24m, results per kg'!J61+'GHG det D24m, results per kg'!K61 -> 2.2613075 | E17: ='GHG det D24m, results per kg'!L61+'GHG det D24m, results per kg'!N61 -> 6.4098373e-05 | F17: ='GHG det D24m, results per kg'!O61+'GHG det D24m, results per kg'!Q61 -> 0.00016083524 | G17: ='GHG det D24m, results per kg'!P61 -> 0 | H17: ='GHG det D24m, results per kg'!R61 -> 0.00016083524 | I17: ='GHG det D24m, results per kg'!S61 -> 17.925311 | J17: ='GHG det D24m, results per kg'!T61 -> 6.9810155 | K17: ='GHG det D24m, results per kg'!W61 -> 7.9676651e-06 | L17: ='GHG det D24m, results per kg'!X61 -> 0 | M17: =SUM(B17:L17) -> 27.168169
A22: Comparison Ahlgren et al 2022
A24: Klimat | D24: Metan | E24: Gödsel | F24: Lustgas, mark | G24: Energi | H24: Övrigt | I24: Summa
A25: Köttrasstut | B25: Gns | C25: CW | D25: 13.594746 | E25: 8.2248391 | F25: 3.0881712 | G25: 2.3886298 | H25: 2.1976081 | I25: 29.493994
C26: Benfritt | D26: =D25/0.69 -> 19.702531 | E26: =E25/0.69 -> 11.920057 | F26: =F25/0.69 -> 4.4756104 | G26: =G25/0.69 -> 3.4617823 | H26: =H25/0.69 -> 3.1849393 | I26: =I25/0.69 -> 42.744919
A27: Our data | D27: =I17 -> 17.925311 | E27: =J17 -> 6.9810155 | F27: =D17 -> 2.2613075 | G27: =B17+E17+F17+K17 -> 0.00029657302 | H27: =C17+H17+L17 -> 0.0002377744 | I27: =SUM(D27:H27) -> 27.168169
A29: Ammoniak
A30: Köttrasstut | B30: Gns | C30: =0.2/0.695 -> 0.28776978
A31: Our data | C31: ='Footprints, results per kg'!R17 -> 0.20378096 | D31: Lower value explained by us using TAN for manure calculations
A33: Cropland
A34: Köttrasstut | B34: Gns | C34: 30 | D34: We use lower yields for ley | Z34: Ranking here: | AB34: Ranking Lesshen:
A35: Our data | C35: ='Footprints, results per kg'!L17 -> 40.815647
Z36: Germany | AB36: Poland
Z37: Spain | AB37: Ireland
Z38: Netherlands | AB38: Hungary
Z39: Greece | AB39: Greece
Z40: Italy | AB40: Netherlands
Z41: Poland | AB41: Italy
Z42: Ireland | AB42: Spain
Z43: Denmark | AB43: Germany
Z44: Hungary | AB44: France
Z45: France | AB45: Sweden
Z46: Sweden | AB46: Denmakr
A52: Comparison Moberg et al 2019
B54: Moberg 2019 Suckler only | C54: Moberg 2020 All beef | D54: Our data
A55: Land use | B55: =33.9/0.7 -> 48.428571 | C55: 36 | D55: ='Footprints, results per kg'!L17 -> 40.815647
A56: N input | B56: =0.99/0.7 -> 1.4142857 | C56: 1.1 | D56: ='Footprints, results per kg'!M17 -> 0.52594899
A57: P input | B57: =0.022/0.7 -> 0.031428571 | C57: 0.027 | D57: ='Footprints, results per kg'!N17 -> 0.0060849689
A58: Water | B58: =0.13/0.7 -> 0.18571429 | C58: 0.02 | D58: ='Footprints, results per kg'!O17 -> 0
A59: Bioiversity | B59: =0.000000000009/0.7 -> 1.2857143e-11 | C59: 1.9e-11 | D59: ='Footprints, results per kg'!Q17/100 -> -4.3908668e-11
A60: Pesticides | B60: =0.0014/0.7 -> 0.002 | D60: ='Footprints, results per kg'!O17 -> 0
A61: Ammonia | B61: =0.066/0.7 -> 0.094285714 | D61: ='Footprints, results per kg'!R17 -> 0.20378096

Sheet Footprints, results per kg
A2: Footprints (per kg of meat) | T2: **Values inserted directly here, no formula in this excel sheet
A5: Animal products | F5: Climate | L5: Land | M5: Nitrogen | N5: Phosphorus | O5: Water | P5: Pesticides | Q5: Biodiversity | R5: Ammonia | S5: Labour | T5: Animal welfare** | U5: Use of antibiotics**
A6: Code | B6: Name | C6: Category | D6: Country | E6: Country code | F6: Carbon footprint, kg CO2e/kg | G6: Carbon dioxide, kg CO2/kg | H6: Methane, fossil, kg CH4/kg | I6: Methane, biogenic, kg CH4/kg | J6: Nitrous oxide, kg N2O/kg | K6: HFCs, kg HFCs/kg | L6: Cropland use, m2/kg | M6: New N input, kg N/kg | N6: New P input, kg P/kg | O6: Blue freshwater use, m3/kg | P6: Pesticide use, g a.i./kg | Q6: Extinction rate, E/MSY/kg | R6: Ammonia emission, kg NH3/kg | S6: Labour requirements, h/kg | T6: Animal welfare index per kg of bonefree meat | U6: Antibiotics use indicator/kg
A7: 21111.02 | B7: Bovine meat | C7: Red meat | D7: Denmark | E7: DK | F7: ='GHG det D24m, results per kg'!G11 -> 30.578076 | G7: ='GHG det D24m, results per kg'!G7 -> 3.4321149 | H7: ='GHG det D24m, results per kg'!G8 -> 0.030930649 | I7: ='GHG det D24m, results per kg'!G9 -> 1.0810815 | J7: ='GHG det D24m, results per kg'!G10 -> 0.035359551 | L7: =('Production SH'!$B$5*'Parameters SH, country spec'!$B$51*'EFP per kg feed'!F20+('Production SH'!$B$6+'Production SH'!$B$7)*'Parameters SH, country spec'!$B$52*'EFP per kg feed'!F21)/'Production SH'!$B$21 -> 34.08104 | M7: =('Production SH'!$B$5*'Parameters SH, country spec'!$B$51*'EFP per kg feed'!G20+('Production SH'!$B$6+'Production SH'!$B$7)*'Parameters SH, country spec'!$B$52*'EFP per kg feed'!G21-Excreted_N_after_losses_DK*Manure_repl_factor_DK)/'Production SH'!$B$21 -> 0.39287936 | N7: =('Production SH'!$B$5*'Parameters SH, country spec'!$B$51*'EFP per kg feed'!H20+('Production SH'!$B$6+'Production SH'!$B$7)*'Parameters SH, country spec'!$B$52*'EFP per kg feed'!H21)/'Production SH'!$B$21 -> 0.015901371 | O7: =('Production SH'!$B$5*'Parameters SH, country spec'!$B$51*'EFP per kg feed'!I20+('Production SH'!$B$6+'Production SH'!$B$7)*'Parameters SH, country spec'!$B$52*'EFP per kg feed'!I21)/'Production SH'!$B$21 -> 0.0075699251 | P7: =('Production SH'!$B$5*'Parameters SH, country spec'!$B$51*'EFP per kg feed'!J20+('Production SH'!$B$6+'Production SH'!$B$7)*'Parameters SH, country spec'!$B$52*'EFP per kg feed'!J21)/'Production SH'!$B$21 -> 0.81908393 | Q7: =('Production SH'!$B$5*'Parameters SH, country spec'!$B$51*'EFP per kg feed'!K20+('Production SH'!$B$6+'Production SH'!$B$7)*'Parameters SH, country spec'!$B$52*'EFP per kg feed'!K21)/'Production SH'!$B$21 -> 2.2515202e-09 | R7: =('Production SH'!$B$5*'Parameters SH, country spec'!$B$51*'EFP per kg feed'!L20+('Production SH'!$B$6+'Production SH'!$B$7)*'Parameters SH, country spec'!$B$52*'EFP per kg feed'!L21+Manure!C159)/'Production SH'!$B$21 -> 0.21242026 | T7: 0.27753208 | U7: 16.134752
A8: 21111.02 | B8: Bovine meat | C8: Red meat | D8: France | E8: FR | F8: ='GHG det D24m, results per kg'!G16 -> 22.127357 | G8: ='GHG det D24m, results per kg'!G12 -> 0.00018768247 | H8: ='GHG det D24m, results per kg'!G13 -> 1.3119089e-06 | I8: ='GHG det D24m, results per kg'!G14 -> 0.65194238 | J8: ='GHG det D24m, results per kg'!G15 -> 0.042908155 | L8: =('Production SH'!$C$5*'Parameters SH, country spec'!$C$51*'EFP per kg feed'!F38+('Production SH'!$C$6+'Production SH'!$C$7)*'Parameters SH, country spec'!$C$52*'EFP per kg feed'!F39)/'Production SH'!$C$21 -> 31.844587 | M8: =('Production SH'!$C$5*'Parameters SH, country spec'!$C$51*'EFP per kg feed'!G38+('Production SH'!$C$6+'Production SH'!$C$7)*'Parameters SH, country spec'!$C$52*'EFP per kg feed'!G39-Excreted_N_after_losses_FR*Manure_repl_factor_FR)/'Production SH'!C21 -> 0.4844356 | N8: =('Production SH'!$C$5*'Parameters SH, country spec'!$C$51*'EFP per kg feed'!H38+('Production SH'!$C$6+'Production SH'!$C$7)*'Parameters SH, country spec'!$C$52*'EFP per kg feed'!H39)/'Production SH'!C21 -> 0.03806657 | O8: =('Production SH'!$C$5*'Parameters SH, country spec'!$C$51*'EFP per kg feed'!I38+('Production SH'!$C$6+'Production SH'!$C$7)*'Parameters SH, country spec'!$C$52*'EFP per kg feed'!I39)/'Production SH'!C21 -> 0.32179062 | P8: =('Production SH'!$C$5*'Parameters SH, country spec'!$C$51*'EFP per kg feed'!J38+('Production SH'!$C$6+'Production SH'!$C$7)*'Parameters SH, country spec'!$C$52*'EFP per kg feed'!J39)/'Production SH'!C21 -> 1.7710491 | Q8: =('Production SH'!$C$5*'Parameters SH, country spec'!$C$51*'EFP per kg feed'!K38+('Production SH'!$C$6+'Production SH'!$C$7)*'Parameters SH, country spec'!$C$52*'EFP per kg feed'!K39)/'Production SH'!C21 -> 1.4163738e-08 | R8: =('Production SH'!$C$5*'Parameters SH, country spec'!$C$51*'EFP per kg feed'!L38+('Production SH'!$C$6+'Production SH'!$C$7)*'Parameters SH, country spec'!$C$52*'EFP per kg feed'!L39+Manure!E159)/'Production SH'!C21 -> 0.21144096 | T8: 0.2641407 | U8: 31.990695
A9: 21111.02 | B9: Bovine meat | C9: Red meat | D9: Germany | E9: DE | F9: ='GHG det D24m, results per kg'!G21 -> 23.648689 | G9: ='GHG det D24m, results per kg'!G17 -> 0.00020927458 | H9: ='GHG det D24m, results per kg'!G18 -> 1.3756598e-06 | I9: ='GHG det D24m, results per kg'!G19 -> 0.85358322 | J9: ='GHG det D24m, results per kg'!G20 -> 0.038402115 | L9: =('Production SH'!$D$5*'Parameters SH, country spec'!$D$51*'EFP per kg feed'!F56+('Production SH'!$D$6+'Production SH'!$D$7)*'Parameters SH, country spec'!$D$52*'EFP per kg feed'!F57)/'Production SH'!$D$21 -> 23.347185 | M9: =('Production SH'!$D$5*'Parameters SH, country spec'!$D$51*'EFP per kg feed'!G56+('Production SH'!$D$6+'Production SH'!$D$7)*'Parameters SH, country spec'!$D$52*'EFP per kg feed'!G57-Excreted_N_after_losses_DE*Manure_repl_factor_DE)/'Production SH'!$D$21 -> 0.39972859 | N9: =('Production SH'!$D$5*'Parameters SH, country spec'!$D$51*'EFP per kg feed'!H56+('Production SH'!$D$6+'Production SH'!$D$7)*'Parameters SH, country spec'!$D$52*'EFP per kg feed'!H57)/'Production SH'!$D$21 -> 0.019914925 | O9: =('Production SH'!$D$5*'Parameters SH, country spec'!$D$51*'EFP per kg feed'!I56+('Production SH'!$D$6+'Production SH'!$D$7)*'Parameters SH, country spec'!$D$52*'EFP per kg feed'!I57)/'Production SH'!$D$21 -> 0.01057813 | P9: =('Production SH'!$D$5*'Parameters SH, country spec'!$D$51*'EFP per kg feed'!J56+('Production SH'!$D$6+'Production SH'!$D$7)*'Parameters SH, country spec'!$D$52*'EFP per kg feed'!J57)/'Production SH'!$D$21 -> 1.0667984 | Q9: =('Production SH'!$D$5*'Parameters SH, country spec'!$D$51*'EFP per kg feed'!K56+('Production SH'!$D$6+'Production SH'!$D$7)*'Parameters SH, country spec'!$D$52*'EFP per kg feed'!K57)/'Production SH'!$D$21 -> 2.1447671e-09 | R9: =('Production SH'!$D$5*'Parameters SH, country spec'!$D$51*'EFP per kg feed'!L56+('Production SH'!$D$6+'Production SH'!$D$7)*'Parameters SH, country spec'!$D$52*'EFP per kg feed'!L57+Manure!G159)/'Production SH'!$D$21 -> 0.23798811 | T9: 0.29846858 | U9: 42.008022
A10: 21111.02 | B10: Bovine meat | C10: Red meat | D10: Greece | E10: GR | F10: ='GHG det D24m, results per kg'!G26 -> 23.100877 | G10: ='GHG det D24m, results per kg'!G22 -> 0.00027776225 | H10: ='GHG det D24m, results per kg'!G23 -> 7.4082387e-07 | I10: ='GHG det D24m, results per kg'!G24 -> 0.68873345 | J10: ='GHG det D24m, results per kg'!G25 -> 0.048926895 | L10: =('Production SH'!$E$5*'Parameters SH, country spec'!$E$51*'EFP per kg feed'!F74+('Production SH'!$E$6+'Production SH'!$E$7)*'Parameters SH, country spec'!$E$52*'EFP per kg feed'!F75)/'Production SH'!$E$21 -> 50.543518 | M10: =('Production SH'!$E$5*'Parameters SH, country spec'!$E$51*'EFP per kg feed'!G74+('Production SH'!$E$6+'Production SH'!$E$7)*'Parameters SH, country spec'!$E$52*'EFP per kg feed'!G75-Excreted_N_after_losses_GR*Manure_repl_factor_GR)/'Production SH'!$E$21 -> 0.7703812 | N10: =('Production SH'!$E$5*'Parameters SH, country spec'!$E$51*'EFP per kg feed'!H74+('Production SH'!$E$6+'Production SH'!$E$7)*'Parameters SH, country spec'!$E$52*'EFP per kg feed'!H75)/'Production SH'!$E$21 -> 0.086791142 | O10: =('Production SH'!$E$5*'Parameters SH, country spec'!$E$51*'EFP per kg feed'!I74+('Production SH'!$E$6+'Production SH'!$E$7)*'Parameters SH, country spec'!$E$52*'EFP per kg feed'!I75)/'Production SH'!$E$21 -> 3.5421374 | P10: =('Production SH'!$E$5*'Parameters SH, country spec'!$E$51*'EFP per kg feed'!J74+('Production SH'!$E$6+'Production SH'!$E$7)*'Parameters SH, country spec'!$E$52*'EFP per kg feed'!J75)/'Production SH'!$E$21 -> 2.1588876 | Q10: =('Production SH'!$E$5*'Parameters SH, country spec'!$E$51*'EFP per kg feed'!K74+('Production SH'!$E$6+'Production SH'!$E$7)*'Parameters SH, country spec'!$E$52*'EFP per kg feed'!K75)/'Production SH'!$E$21 -> 1.8194035e-07 | R10: =('Production SH'!$E$5*'Parameters SH, country spec'!$E$51*'EFP per kg feed'!L74+('Production SH'!$E$6+'Production SH'!$E$7)*'Parameters SH, country spec'!$E$52*'EFP per kg feed'!L75+Manure!I159)/'Production SH'!$E$21 -> 0.25261273 | T10: 0.3029637 | U10: 93.603378
A11: 21111.02 | B11: Bovine meat | C11: Red meat | D11: Hungary | E11: HU | F11: ='GHG det D24m, results per kg'!G31 -> 32.210533 | G11: ='GHG det D24m, results per kg'!G27 -> 0.00026618239 | H11: ='GHG det D24m, results per kg'!G28 -> 1.3488347e-06 | I11: ='GHG det D24m, results per kg'!G29 -> 1.1150113 | J11: ='GHG det D24m, results per kg'!G30 -> 0.052248825 | L11: =('Production SH'!$F$5*'Parameters SH, country spec'!$F$51*'EFP per kg feed'!F92+('Production SH'!$F$6+'Production SH'!$F$7)*'Parameters SH, country spec'!$F$52*'EFP per kg feed'!F93)/'Production SH'!$F$21 -> 56.245852 | M11: =('Production SH'!$F$5*'Parameters SH, country spec'!$F$51*'EFP per kg feed'!G92+('Production SH'!$F$6+'Production SH'!$F$7)*'Parameters SH, country spec'!$F$52*'EFP per kg feed'!G93-Excreted_N_after_losses_HU*Manure_repl_factor_HU)/'Production SH'!$F$21 -> 0.78493395 | N11: =('Production SH'!$F$5*'Parameters SH, country spec'!$F$51*'EFP per kg feed'!H92+('Production SH'!$F$6+'Production SH'!$F$7)*'Parameters SH, country spec'!$F$52*'EFP per kg feed'!H93)/'Production SH'!$F$21 -> 0.063892939 | O11: =('Production SH'!$F$5*'Parameters SH, country spec'!$F$51*'EFP per kg feed'!I92+('Production SH'!$F$6+'Production SH'!$F$7)*'Parameters SH, country spec'!$F$52*'EFP per kg feed'!I93)/'Production SH'!$F$21 -> 0.10215178 | P11: =('Production SH'!$F$5*'Parameters SH, country spec'!$F$51*'EFP per kg feed'!J92+('Production SH'!$F$6+'Production SH'!$F$7)*'Parameters SH, country spec'!$F$52*'EFP per kg feed'!J93)/'Production SH'!$F$21 -> 2.5117464 | Q11: =('Production SH'!$F$5*'Parameters SH, country spec'!$F$51*'EFP per kg feed'!K92+('Production SH'!$F$6+'Production SH'!$F$7)*'Parameters SH, country spec'!$F$52*'EFP per kg feed'!K93)/'Production SH'!$F$21 -> 4.619002e-09 | R11: =('Production SH'!$F$5*'Parameters SH, country spec'!$F$51*'EFP per kg feed'!L92+('Production SH'!$F$6+'Production SH'!$F$7)*'Parameters SH, country spec'!$F$52*'EFP per kg feed'!L93+Manure!K159)/'Production SH'!$F$21 -> 0.2560465 | T11: 0.32014997 | U11: 86.193346
A12: 21111.02 | B12: Bovine meat | C12: Red meat | D12: Ireland | E12: IE | F12: ='GHG det D24m, results per kg'!G36 -> 27.9831 | G12: ='GHG det D24m, results per kg'!G32 -> 0.00014497157 | H12: ='GHG det D24m, results per kg'!G33 -> 2.831295e-07 | I12: ='GHG det D24m, results per kg'!G34 -> 1.0769229 | J12: ='GHG det D24m, results per kg'!G35 -> 0.032833487 | L12: =('Production SH'!$G$5*'Parameters SH, country spec'!$G$51*'EFP per kg feed'!F110+('Production SH'!$G$6+'Production SH'!$G$7)*'Parameters SH, country spec'!$G$52*'EFP per kg feed'!F111)/'Production SH'!$G$21 -> 12.175918 | M12: =('Production SH'!$G$5*'Parameters SH, country spec'!$G$51*'EFP per kg feed'!G110+('Production SH'!$G$6+'Production SH'!$G$7)*'Parameters SH, country spec'!$G$52*'EFP per kg feed'!G111-Excreted_N_after_losses_IE*Manure_repl_factor_IE)/'Production SH'!$G$21 -> 0.59205666 | N12: =('Production SH'!$G$5*'Parameters SH, country spec'!$G$51*'EFP per kg feed'!H110+('Production SH'!$G$6+'Production SH'!$G$7)*'Parameters SH, country spec'!$G$52*'EFP per kg feed'!H111)/'Production SH'!$G$21 -> 0.03635779 | O12: =('Production SH'!$G$5*'Parameters SH, country spec'!$G$51*'EFP per kg feed'!I110+('Production SH'!$G$6+'Production SH'!$G$7)*'Parameters SH, country spec'!$G$52*'EFP per kg feed'!I111)/'Production SH'!$G$21 -> 0.0020039052 | P12: =('Production SH'!$G$5*'Parameters SH, country spec'!$G$51*'EFP per kg feed'!J110+('Production SH'!$G$6+'Production SH'!$G$7)*'Parameters SH, country spec'!$G$52*'EFP per kg feed'!J111)/'Production SH'!$G$21 -> 3.1877282 | Q12: =('Production SH'!$G$5*'Parameters SH, country spec'!$G$51*'EFP per kg feed'!K110+('Production SH'!$G$6+'Production SH'!$G$7)*'Parameters SH, country spec'!$G$52*'EFP per kg feed'!K111)/'Production SH'!$G$21 -> 1.4763208e-09 | R12: =('Production SH'!$G$5*'Parameters SH, country spec'!$G$51*'EFP per kg feed'!L110+('Production SH'!$G$6+'Production SH'!$G$7)*'Parameters SH, country spec'!$G$52*'EFP per kg feed'!L111+Manure!M159)/'Production SH'!$G$21 -> 0.21090107 | T12: 0.27007153 | U12: 33.680254
A13: 21111.02 | B13: Bovine meat | C13: Red meat | D13: Italy | E13: IT | F13: ='GHG det D24m, results per kg'!G41 -> 35.238813 | G13: ='GHG det D24m, results per kg'!G37 -> 0.00016863493 | H13: ='GHG det D24m, results per kg'!G38 -> 9.4642631e-07 | I13: ='GHG det D24m, results per kg'!G39 -> 1.3328476 | J13: ='GHG det D24m, results per kg'!G40 -> 0.053867572 | L13: =('Production SH'!$H$5*'Parameters SH, country spec'!$H$51*'EFP per kg feed'!F128+('Production SH'!$H$6+'Production SH'!$H$7)*'Parameters SH, country spec'!$H$52*'EFP per kg feed'!F129)/'Production SH'!$H$21 -> 27.739742 | M13: =('Production SH'!$H$5*'Parameters SH, country spec'!$H$51*'EFP per kg feed'!G128+('Production SH'!$H$6+'Production SH'!$H$7)*'Parameters SH, country spec'!$H$52*'EFP per kg feed'!G129-Excreted_N_after_losses_IT*Manure_repl_factor_IT)/'Production SH'!$H$21 -> 0.56074497 | N13: =('Production SH'!$H$5*'Parameters SH, country spec'!$H$51*'EFP per kg feed'!H128+('Production SH'!$H$6+'Production SH'!$H$7)*'Parameters SH, country spec'!$H$52*'EFP per kg feed'!H129)/'Production SH'!$H$21 -> 0.034194009 | O13: =('Production SH'!$H$5*'Parameters SH, country spec'!$H$51*'EFP per kg feed'!I128+('Production SH'!$H$6+'Production SH'!$H$7)*'Parameters SH, country spec'!$H$52*'EFP per kg feed'!I129)/'Production SH'!$H$21 -> 0.35701409 | P13: =('Production SH'!$H$5*'Parameters SH, country spec'!$H$51*'EFP per kg feed'!J128+('Production SH'!$H$6+'Production SH'!$H$7)*'Parameters SH, country spec'!$H$52*'EFP per kg feed'!J129)/'Production SH'!$H$21 -> 1.9859225 | Q13: =('Production SH'!$H$5*'Parameters SH, country spec'!$H$51*'EFP per kg feed'!K128+('Production SH'!$H$6+'Production SH'!$H$7)*'Parameters SH, country spec'!$H$52*'EFP per kg feed'!K129)/'Production SH'!$H$21 -> 5.7557651e-08 | R13: =('Production SH'!$H$5*'Parameters SH, country spec'!$H$51*'EFP per kg feed'!L128+('Production SH'!$H$6+'Production SH'!$H$7)*'Parameters SH, country spec'!$H$52*'EFP per kg feed'!L129+Manure!O159)/'Production SH'!$H$21 -> 0.33933506 | T13: 0.36127105 | U13: 108.95768
A14: 21111.02 | B14: Bovine meat | C14: Red meat | D14: Netherlands | E14: NL | F14: ='GHG det D24m, results per kg'!G46 -> 23.628281 | G14: ='GHG det D24m, results per kg'!G42 -> 0.00027509986 | H14: ='GHG det D24m, results per kg'!G43 -> 1.0181103e-06 | I14: ='GHG det D24m, results per kg'!G44 -> 0.77875629 | J14: ='GHG det D24m, results per kg'!G45 -> 0.023541498 | L14: =('Production SH'!$I$5*'Parameters SH, country spec'!$I$51*'EFP per kg feed'!F146+('Production SH'!$I$6+'Production SH'!$I$7)*'Parameters SH, country spec'!$I$52*'EFP per kg feed'!F147)/'Production SH'!$I$21 -> 27.008546 | M14: =('Production SH'!$I$5*'Parameters SH, country spec'!$I$51*'EFP per kg feed'!G146+('Production SH'!$I$6+'Production SH'!$I$7)*'Parameters SH, country spec'!$I$52*'EFP per kg feed'!G147-Excreted_N_after_losses_NL*Manure_repl_factor_NL)/'Production SH'!$I$21 -> 1.0370691 | N14: =('Production SH'!$I$5*'Parameters SH, country spec'!$I$51*'EFP per kg feed'!H146+('Production SH'!$I$6+'Production SH'!$I$7)*'Parameters SH, country spec'!$I$52*'EFP per kg feed'!H147)/'Production SH'!$I$21 -> 0.025728359 | O14: =('Production SH'!$I$5*'Parameters SH, country spec'!$I$51*'EFP per kg feed'!I146+('Production SH'!$I$6+'Production SH'!$I$7)*'Parameters SH, country spec'!$I$52*'EFP per kg feed'!I147)/'Production SH'!$I$21 -> 0.048615606 | P14: =('Production SH'!$I$5*'Parameters SH, country spec'!$I$51*'EFP per kg feed'!J146+('Production SH'!$I$6+'Production SH'!$I$7)*'Parameters SH, country spec'!$I$52*'EFP per kg feed'!J147)/'Production SH'!$I$21 -> 2.1230752 | Q14: =('Production SH'!$I$5*'Parameters SH, country spec'!$I$51*'EFP per kg feed'!K146+('Production SH'!$I$6+'Production SH'!$I$7)*'Parameters SH, country spec'!$I$52*'EFP per kg feed'!K147)/'Production SH'!$I$21 -> 3.6414625e-09 | R14: =('Production SH'!$I$5*'Parameters SH, country spec'!$I$51*'EFP per kg feed'!L146+('Production SH'!$I$6+'Production SH'!$I$7)*'Parameters SH, country spec'!$I$52*'EFP per kg feed'!L147+Manure!Q159)/'Production SH'!$I$21 -> 0.17542994 | T14: 0.26899769 | U14: 26.725346
A15: 21111.02 | B15: Bovine meat | C15: Red meat | D15: Poland | E15: PL | F15: ='GHG det D24m, results per kg'!G51 -> 28.041593 | G15: ='GHG det D24m, results per kg'!G47 -> 0.00037922767 | H15: ='GHG det D24m, results per kg'!G48 -> 5.9893187e-07 | I15: ='GHG det D24m, results per kg'!G49 -> 0.77490451 | J15: ='GHG det D24m, results per kg'!G50 -> 0.056333606 | L15: =('Production SH'!$J$5*'Parameters SH, country spec'!$J$51*'EFP per kg feed'!F164+('Production SH'!$J$6+'Production SH'!$J$7)*'Parameters SH, country spec'!$J$52*'EFP per kg feed'!F165)/'Production SH'!$J$21 -> 37.80427 | M15: =('Production SH'!$J$5*'Parameters SH, country spec'!$J$51*'EFP per kg feed'!G164+('Production SH'!$J$6+'Production SH'!$J$7)*'Parameters SH, country spec'!$J$52*'EFP per kg feed'!G165-Excreted_N_after_losses_PL*Manure_repl_factor_PL)/'Production SH'!$J$21 -> 0.62792157 | N15: =('Production SH'!$J$5*'Parameters SH, country spec'!$J$51*'EFP per kg feed'!H164+('Production SH'!$J$6+'Production SH'!$J$7)*'Parameters SH, country spec'!$J$52*'EFP per kg feed'!H165)/'Production SH'!$J$21 -> 0.053780363 | O15: =('Production SH'!$J$5*'Parameters SH, country spec'!$J$51*'EFP per kg feed'!I164+('Production SH'!$J$6+'Production SH'!$J$7)*'Parameters SH, country spec'!$J$52*'EFP per kg feed'!I165)/'Production SH'!$J$21 -> 0.021845591 | P15: =('Production SH'!$J$5*'Parameters SH, country spec'!$J$51*'EFP per kg feed'!J164+('Production SH'!$J$6+'Production SH'!$J$7)*'Parameters SH, country spec'!$J$52*'EFP per kg feed'!J165)/'Production SH'!$J$21 -> 2.7832697 | Q15: =('Production SH'!$J$5*'Parameters SH, country spec'!$J$51*'EFP per kg feed'!K164+('Production SH'!$J$6+'Production SH'!$J$7)*'Parameters SH, country spec'!$J$52*'EFP per kg feed'!K165)/'Production SH'!$J$21 -> 4.3043857e-09 | R15: =('Production SH'!$J$5*'Parameters SH, country spec'!$J$51*'EFP per kg feed'!L164+('Production SH'!$J$6+'Production SH'!$J$7)*'Parameters SH, country spec'!$J$52*'EFP per kg feed'!L165+Manure!S159)/'Production SH'!$J$21 -> 0.27758662 | T15: 0.34954097 | U15: 112.12533
A16: 21111.02 | B16: Bovine meat | C16: Red meat | D16: Spain | E16: ES | F16: ='GHG det D24m, results per kg'!G56 -> 26.55047 | G16: ='GHG det D24m, results per kg'!G52 -> 0.0001934549 | H16: ='GHG det D24m, results per kg'!G53 -> 5.6882721e-07 | I16: ='GHG det D24m, results per kg'!G54 -> 0.82853498 | J16: ='GHG det D24m, results per kg'!G55 -> 0.035723575 | L16: =('Production SH'!$K$5*'Parameters SH, country spec'!$K$51*'EFP per kg feed'!F182+('Production SH'!$K$6+'Production SH'!$K$7)*'Parameters SH, country spec'!$K$52*'EFP per kg feed'!F183)/'Production SH'!$K$21 -> 43.259834 | M16: =('Production SH'!$K$5*'Parameters SH, country spec'!$K$51*'EFP per kg feed'!G182+('Production SH'!$K$6+'Production SH'!$K$7)*'Parameters SH, country spec'!$K$52*'EFP per kg feed'!G183-Excreted_N_after_losses_ES*Manure_repl_factor_ES)/'Production SH'!$K$21 -> 0.6986156 | N16: =('Production SH'!$K$5*'Parameters SH, country spec'!$K$51*'EFP per kg feed'!H182+('Production SH'!$K$6+'Production SH'!$K$7)*'Parameters SH, country spec'!$K$52*'EFP per kg feed'!H183)/'Production SH'!$K$21 -> 0.06674488 | O16: =('Production SH'!$K$5*'Parameters SH, country spec'!$K$51*'EFP per kg feed'!I182+('Production SH'!$K$6+'Production SH'!$K$7)*'Parameters SH, country spec'!$K$52*'EFP per kg feed'!I183)/'Production SH'!$K$21 -> 3.8598342 | P16: =('Production SH'!$K$5*'Parameters SH, country spec'!$K$51*'EFP per kg feed'!J182+('Production SH'!$K$6+'Production SH'!$K$7)*'Parameters SH, country spec'!$K$52*'EFP per kg feed'!J183)/'Production SH'!$K$21 -> 2.6239911 | Q16: =('Production SH'!$K$5*'Parameters SH, country spec'!$K$51*'EFP per kg feed'!K182+('Production SH'!$K$6+'Production SH'!$K$7)*'Parameters SH, country spec'!$K$52*'EFP per kg feed'!K183)/'Production SH'!$K$21 -> 1.6644677e-07 | R16: =('Production SH'!$K$5*'Parameters SH, country spec'!$K$51*'EFP per kg feed'!L182+('Production SH'!$K$6+'Production SH'!$K$7)*'Parameters SH, country spec'!$K$52*'EFP per kg feed'!L183+Manure!U159)/'Production SH'!$K$21 -> 0.1814084 | T16: 0.24385273 | U16: 80.477964
A17: 21111.02 | B17: Bovine meat | C17: Red meat | D17: Sweden | E17: SE | F17: ='GHG det D24m, results per kg'!G61 -> 27.168169 | G17: ='GHG det D24m, results per kg'!G57 -> 0.00035361786 | H17: ='GHG det D24m, results per kg'!G58 -> 2.9149912e-06 | I17: ='GHG det D24m, results per kg'!G59 -> 0.8894799 | J17: ='GHG det D24m, results per kg'!G60 -> 0.037116433 | L17: =('Production SH'!$L$5*'Parameters SH, country spec'!$L$51*'EFP per kg feed'!F200+('Production SH'!$L$6+'Production SH'!$L$7)*'Parameters SH, country spec'!$L$52*'EFP per kg feed'!F201)/'Production SH'!$L$21 -> 40.815647 | M17: =('Production SH'!$L$5*'Parameters SH, country spec'!$L$51*'EFP per kg feed'!G200+('Production SH'!$L$6+'Production SH'!$L$7)*'Parameters SH, country spec'!$L$52*'EFP per kg feed'!G201-Excreted_N_after_losses_SE*Manure_repl_factor_SE)/'Production SH'!$L$21 -> 0.52594899 | N17: =('Production SH'!$L$5*'Parameters SH, country spec'!$L$51*'EFP per kg feed'!H200+('Production SH'!$L$6+'Production SH'!$L$7)*'Parameters SH, country spec'!$L$52*'EFP per kg feed'!H201)/'Production SH'!$L$21 -> 0.0060849689 | O17: =('Production SH'!$L$5*'Parameters SH, country spec'!$L$51*'EFP per kg feed'!I200+('Production SH'!$L$6+'Production SH'!$L$7)*'Parameters SH, country spec'!$L$52*'EFP per kg feed'!I201)/'Production SH'!$L$21 -> 0 | P17: =('Production SH'!$L$5*'Parameters SH, country spec'!$L$51*'EFP per kg feed'!J200+('Production SH'!$L$6+'Production SH'!$L$7)*'Parameters SH, country spec'!$L$52*'EFP per kg feed'!J201)/'Production SH'!$L$21 -> 0.017649507 | Q17: =('Production SH'!$L$5*'Parameters SH, country spec'!$L$51*'EFP per kg feed'!K200+('Production SH'!$L$6+'Production SH'!$L$7)*'Parameters SH, country spec'!$L$52*'EFP per kg feed'!K201)/'Production SH'!$L$21 -> -4.3908668e-09 | R17: =('Production SH'!$L$5*'Parameters SH, country spec'!$L$51*'EFP per kg feed'!L200+('Production SH'!$L$6+'Production SH'!$L$7)*'Parameters SH, country spec'!$L$52*'EFP per kg feed'!L201+Manure!W159)/'Production SH'!$L$21 -> 0.20378096 | T17: 0.22443653 | U17: 8.3075734
A18: 21111.02 | B18: Bovine meat | C18: Red meat | D18: UK | E18: GB | F18: ='GHG det D24m, results per kg'!G66 -> 24.906652 | G18: ='GHG det D24m, results per kg'!G58 -> 2.9149912e-06 | H18: ='GHG det D24m, results per kg'!G59 -> 0.8894799 | I18: ='GHG det D24m, results per kg'!G60 -> 0.037116433 | J18: ='GHG det D24m, results per kg'!G61 -> 27.168169 | L18: =('Production SH'!$M$5*'Parameters SH, country spec'!$M$51*'EFP per kg feed'!F218+('Production SH'!$M$6+'Production SH'!$M$7)*'Parameters SH, country spec'!$M$52*'EFP per kg feed'!F219)/'Production SH'!$M$21 -> 21.159436 | M18: {=('Production SH'!$M$5*'Parameters SH, country spec'!$M$51*'EFP per kg feed'!G218+('Production SH'!$M$6+'Production SH'!$M$7)*'Parameters SH, country spec'!$M$52*'EFP per kg feed'!G219-Excreted_N_after_losses_GB*Manure_repl_factor_GB)/'Production SH'!$M$21} -> 0.85821459 | N18: =('Production SH'!$M$5*'Parameters SH, country spec'!$M$51*'EFP per kg feed'!H218+('Production SH'!$M$6+'Production SH'!$M$7)*'Parameters SH, country spec'!$M$52*'EFP per kg feed'!H219)/'Production SH'!$M$21 -> 0.048203506 | O18: =('Production SH'!$M$5*'Parameters SH, country spec'!$M$51*'EFP per kg feed'!I218+('Production SH'!$M$6+'Production SH'!$M$7)*'Parameters SH, country spec'!$M$52*'EFP per kg feed'!I219)/'Production SH'!$M$21 -> 0.01379048 | P18: =('Production SH'!$M$5*'Parameters SH, country spec'!$M$51*'EFP per kg feed'!J218+('Production SH'!$M$6+'Production SH'!$M$7)*'Parameters SH, country spec'!$M$52*'EFP per kg feed'!J219)/'Production SH'!$M$21 -> 0.63437034 | Q18: =('Production SH'!$M$5*'Parameters SH, country spec'!$M$51*'EFP per kg feed'!K218+('Production SH'!$M$6+'Production SH'!$M$7)*'Parameters SH, country spec'!$M$52*'EFP per kg feed'!K219)/'Production SH'!$M$21 -> 3.8526631e-09 | R18: =('Production SH'!$M$5*'Parameters SH, country spec'!$M$51*'EFP per kg feed'!L218+('Production SH'!$M$6+'Production SH'!$M$7)*'Parameters SH, country spec'!$M$52*'EFP per kg feed'!L219+Manure!Y159)/'Production SH'!$M$21 -> 0.20496686 | T18: 0.25133442 | U18: 24.672883

Sheet Footprints D24, results per kg
A2: Footprints for dairy calves slaughtered at 24 months (per kg of meat) | T2: **Values inserted directly here, no formula in this excel sheet
A5: Animal products | F5: Climate | L5: Land | M5: Nitrogen | N5: Phosphorus | O5: Water | P5: Pesticides | Q5: Biodiversity | R5: Ammonia | S5: Labour | T5: Animal welfare** | U5: Use of antibiotics**
A6: Code | B6: Name | C6: Category | D6: Country | E6: Country code | F6: Carbon footprint, kg CO2e/kg | G6: Carbon dioxide, kg CO2/kg | H6: Methane, fossil, kg CH4/kg | I6: Methane, biogenic, kg CH4/kg | J6: Nitrous oxide, kg N2O/kg | K6: HFCs, kg HFCs/kg | L6: Cropland use, m2/kg | M6: New N input, kg N/kg | N6: New P input, kg P/kg | O6: Blue freshwater use, m3/kg | P6: Pesticide use, g a.i./kg | Q6: Extinction rate, E/MSY/kg | R6: Ammonia emission, kg NH3/kg | S6: Labour requirements, h/kg | T6: Animal welfare index per kg of bonefree meat | U6: Antibiotics use indicator/kg
A7: 21111.02 | B7: Bovine meat | C7: Red meat | D7: Denmark | E7: DK | F7: ='GHG det D24m, results per kg'!G11 -> 30.578076 | G7: ='GHG det D24m, results per kg'!G7 -> 3.4321149 | H7: ='GHG det D24m, results per kg'!G8 -> 0.030930649 | I7: ='GHG det D24m, results per kg'!G9 -> 1.0810815 | J7: ='GHG det D24m, results per kg'!G10 -> 0.035359551 | L7: ='Production D24m'!$B$5*'Parameters D24m, country spec'!$B$30*'EFP per kg feed'!F22/'Production D24m'!$B$15 -> 20.891547 | M7: =('Production D24m'!$B$5*'Parameters D24m, country spec'!$B$30*'EFP per kg feed'!G22-Excreted_N_after_losses_DK*Manure_repl_factor_DK)/'Production D24m'!$B$15 -> 0.24083926 | N7: =('Production D24m'!$B$5*'Parameters D24m, country spec'!$B$30*'EFP per kg feed'!H20+('Production D24m'!$B$6+'Production D24m'!$B$7)*'Parameters D24m, country spec'!$B$52*'EFP per kg feed'!H15)/'Production D24m'!$B$15 -> 0.0097709129 | O7: =('Production D24m'!$B$5*'Parameters D24m, country spec'!$B$30*'EFP per kg feed'!I20+('Production D24m'!$B$6+'Production D24m'!$B$7)*'Parameters D24m, country spec'!$B$52*'EFP per kg feed'!I15)/'Production D24m'!$B$15 -> 0.0046386269 | P7: =('Production D24m'!$B$5*'Parameters D24m, country spec'!$B$30*'EFP per kg feed'!J20+('Production D24m'!$B$6+'Production D24m'!$B$7)*'Parameters D24m, country spec'!$B$52*'EFP per kg feed'!J15)/'Production D24m'!$B$15 -> 0.50544185 | Q7: =('Production D24m'!$B$5*'Parameters D24m, country spec'!$B$30*'EFP per kg feed'!K20+('Production D24m'!$B$6+'Production D24m'!$B$7)*'Parameters D24m, country spec'!$B$52*'EFP per kg feed'!K15)/'Production D24m'!$B$15 -> 1.3801937e-09 | R7: =('Production D24m'!$B$5*'Parameters D24m, country spec'!$B$30*'EFP per kg feed'!L20+('Production D24m'!$B$6+'Production D24m'!$B$7)*'Parameters D24m, country spec'!$B$52*'EFP per kg feed'!L15+Manure!C159)/'Production D24m'!$B$15 -> 0.40318891 | T7: 0.20061451 | U7: 16.134752
A8: 21111.02 | B8: Bovine meat | C8: Red meat | D8: France | E8: FR | F8: ='GHG det D24m, results per kg'!G16 -> 22.127357 | G8: ='GHG det D24m, results per kg'!G12 -> 0.00018768247 | H8: ='GHG det D24m, results per kg'!G13 -> 1.3119089e-06 | I8: ='GHG det D24m, results per kg'!G14 -> 0.65194238 | J8: ='GHG det D24m, results per kg'!G15 -> 0.042908155 | L8: ='Production D24m'!$C$5*'Parameters D24m, country spec'!$C$30*'EFP per kg feed'!F40/'Production D24m'!$C$15 -> 19.531817 | M8: =('Production D24m'!$C$5*'Parameters D24m, country spec'!$C$30*'EFP per kg feed'!G40-Excreted_N_after_losses_FR*Manure_repl_factor_FR)/'Production D24m'!C15 -> 0.29707665 | N8: =('Production D24m'!$C$5*'Parameters D24m, country spec'!$C$30*'EFP per kg feed'!H38+('Production D24m'!$C$6+'Production D24m'!$C$7)*'Parameters D24m, country spec'!$C$52*'EFP per kg feed'!H39)/'Production D24m'!C15 -> 0.023367526 | O8: =('Production D24m'!$C$5*'Parameters D24m, country spec'!$C$30*'EFP per kg feed'!I38+('Production D24m'!$C$6+'Production D24m'!$C$7)*'Parameters D24m, country spec'!$C$52*'EFP per kg feed'!I39)/'Production D24m'!C15 -> 0.19719658 | P8: =('Production D24m'!$C$5*'Parameters D24m, country spec'!$C$30*'EFP per kg feed'!J38+('Production D24m'!$C$6+'Production D24m'!$C$7)*'Parameters D24m, country spec'!$C$52*'EFP per kg feed'!J39)/'Production D24m'!C15 -> 1.0898592 | Q8: =('Production D24m'!$C$5*'Parameters D24m, country spec'!$C$30*'EFP per kg feed'!K38+('Production D24m'!$C$6+'Production D24m'!$C$7)*'Parameters D24m, country spec'!$C$52*'EFP per kg feed'!K39)/'Production D24m'!C15 -> 8.6850259e-09 | R8: =('Production D24m'!$C$5*'Parameters D24m, country spec'!$C$30*'EFP per kg feed'!L38+('Production D24m'!$C$6+'Production D24m'!$C$7)*'Parameters D24m, country spec'!$C$52*'EFP per kg feed'!L39+Manure!E159)/'Production D24m'!C15 -> 0.39048552 | T8: 0.24631609 | U8: 31.990695
A9: 21111.02 | B9: Bovine meat | C9: Red meat | D9: Germany | E9: DE | F9: ='GHG det D24m, results per kg'!G21 -> 23.648689 | G9: ='GHG det D24m, results per kg'!G17 -> 0.00020927458 | H9: ='GHG det D24m, results per kg'!G18 -> 1.3756598e-06 | I9: ='GHG det D24m, results per kg'!G19 -> 0.85358322 | J9: ='GHG det D24m, results per kg'!G20 -> 0.038402115 | L9: ='Production D24m'!$D$5*'Parameters D24m, country spec'!$D$30*'EFP per kg feed'!F58/'Production D24m'!$D$15 -> 14.305134 | M9: =('Production D24m'!$D$5*'Parameters D24m, country spec'!$D$30*'EFP per kg feed'!G58-Excreted_N_after_losses_DE*Manure_repl_factor_DE)/'Production D24m'!$D$15 -> 0.24490856 | N9: =('Production D24m'!$D$5*'Parameters D24m, country spec'!$D$30*'EFP per kg feed'!H56+('Production D24m'!$D$6+'Production D24m'!$D$7)*'Parameters D24m, country spec'!$D$52*'EFP per kg feed'!H57)/'Production D24m'!$D$15 -> 0.012206474 | O9: =('Production D24m'!$D$5*'Parameters D24m, country spec'!$D$30*'EFP per kg feed'!I56+('Production D24m'!$D$6+'Production D24m'!$D$7)*'Parameters D24m, country spec'!$D$52*'EFP per kg feed'!I57)/'Production D24m'!$D$15 -> 0.0064803323 | P9: =('Production D24m'!$D$5*'Parameters D24m, country spec'!$D$30*'EFP per kg feed'!J56+('Production D24m'!$D$6+'Production D24m'!$D$7)*'Parameters D24m, country spec'!$D$52*'EFP per kg feed'!J57)/'Production D24m'!$D$15 -> 0.65416487 | Q9: =('Production D24m'!$D$5*'Parameters D24m, country spec'!$D$30*'EFP per kg feed'!K56+('Production D24m'!$D$6+'Production D24m'!$D$7)*'Parameters D24m, country spec'!$D$52*'EFP per kg feed'!K57)/'Production D24m'!$D$15 -> 1.3140219e-09 | R9: =('Production D24m'!$D$5*'Parameters D24m, country spec'!$D$30*'EFP per kg feed'!L56+('Production D24m'!$D$6+'Production D24m'!$D$7)*'Parameters D24m, country spec'!$D$52*'EFP per kg feed'!L57+Manure!G159)/'Production D24m'!$D$15 -> 0.4472852 | T9: 0.28238673 | U9: 42.008022
A10: 21111.02 | B10: Bovine meat | C10: Red meat | D10: Greece | E10: GR | F10: ='GHG det D24m, results per kg'!G26 -> 23.100877 | G10: ='GHG det D24m, results per kg'!G22 -> 0.00027776225 | H10: ='GHG det D24m, results per kg'!G23 -> 7.4082387e-07 | I10: ='GHG det D24m, results per kg'!G24 -> 0.68873345 | J10: ='GHG det D24m, results per kg'!G25 -> 0.048926895 | L10: ='Production D24m'!$E$5*'Parameters D24m, country spec'!$E$30*'EFP per kg feed'!F76/'Production D24m'!$E$15 -> 31.330595 | M10: =('Production D24m'!$E$5*'Parameters D24m, country spec'!$E$30*'EFP per kg feed'!G76-Excreted_N_after_losses_GR*Manure_repl_factor_GR)/'Production D24m'!$E$15 -> 0.47411983 | N10: =('Production D24m'!$E$5*'Parameters D24m, country spec'!$E$30*'EFP per kg feed'!H74+('Production D24m'!$E$6+'Production D24m'!$E$7)*'Parameters D24m, country spec'!$E$52*'EFP per kg feed'!H75)/'Production D24m'!$E$15 -> 0.053494248 | O10: =('Production D24m'!$E$5*'Parameters D24m, country spec'!$E$30*'EFP per kg feed'!I74+('Production D24m'!$E$6+'Production D24m'!$E$7)*'Parameters D24m, country spec'!$E$52*'EFP per kg feed'!I75)/'Production D24m'!$E$15 -> 2.1699703 | P10: =('Production D24m'!$E$5*'Parameters D24m, country spec'!$E$30*'EFP per kg feed'!J74+('Production D24m'!$E$6+'Production D24m'!$E$7)*'Parameters D24m, country spec'!$E$52*'EFP per kg feed'!J75)/'Production D24m'!$E$15 -> 1.3393228 | Q10: =('Production D24m'!$E$5*'Parameters D24m, country spec'!$E$30*'EFP per kg feed'!K74+('Production D24m'!$E$6+'Production D24m'!$E$7)*'Parameters D24m, country spec'!$E$52*'EFP per kg feed'!K75)/'Production D24m'!$E$15 -> 1.1206794e-07 | R10: =('Production D24m'!$E$5*'Parameters D24m, country spec'!$E$30*'EFP per kg feed'!L74+('Production D24m'!$E$6+'Production D24m'!$E$7)*'Parameters D24m, country spec'!$E$52*'EFP per kg feed'!L75+Manure!I159)/'Production D24m'!$E$15 -> 0.45175604 | T10: 0.28502161 | U10: 93.603378
A11: 21111.02 | B11: Bovine meat | C11: Red meat | D11: Hungary | E11: HU | F11: ='GHG det D24m, results per kg'!G31 -> 32.210533 | G11: ='GHG det D24m, results per kg'!G27 -> 0.00026618239 | H11: ='GHG det D24m, results per kg'!G28 -> 1.3488347e-06 | I11: ='GHG det D24m, results per kg'!G29 -> 1.1150113 | J11: ='GHG det D24m, results per kg'!G30 -> 0.052248825 | L11: ='Production D24m'!$F$5*'Parameters D24m, country spec'!$F$30*'EFP per kg feed'!F94/'Production D24m'!$F$15 -> 34.49397 | M11: =('Production D24m'!$F$5*'Parameters D24m, country spec'!$F$30*'EFP per kg feed'!G94-Excreted_N_after_losses_HU*Manure_repl_factor_HU)/'Production D24m'!$F$15 -> 0.48128611 | N11: =('Production D24m'!$F$5*'Parameters D24m, country spec'!$F$30*'EFP per kg feed'!H92+('Production D24m'!$F$6+'Production D24m'!$F$7)*'Parameters D24m, country spec'!$F$52*'EFP per kg feed'!H93)/'Production D24m'!$F$15 -> 0.039208352 | O11: =('Production D24m'!$F$5*'Parameters D24m, country spec'!$F$30*'EFP per kg feed'!I92+('Production D24m'!$F$6+'Production D24m'!$F$7)*'Parameters D24m, country spec'!$F$52*'EFP per kg feed'!I93)/'Production D24m'!$F$15 -> 0.062602246 | P11: =('Production D24m'!$F$5*'Parameters D24m, country spec'!$F$30*'EFP per kg feed'!J92+('Production D24m'!$F$6+'Production D24m'!$F$7)*'Parameters D24m, country spec'!$F$52*'EFP per kg feed'!J93)/'Production D24m'!$F$15 -> 1.5419545 | Q11: =('Production D24m'!$F$5*'Parameters D24m, country spec'!$F$30*'EFP per kg feed'!K92+('Production D24m'!$F$6+'Production D24m'!$F$7)*'Parameters D24m, country spec'!$F$52*'EFP per kg feed'!K93)/'Production D24m'!$F$15 -> 2.8311531e-09 | R11: =('Production D24m'!$F$5*'Parameters D24m, country spec'!$F$30*'EFP per kg feed'!L92+('Production D24m'!$F$6+'Production D24m'!$F$7)*'Parameters D24m, country spec'!$F$52*'EFP per kg feed'!L93+Manure!K159)/'Production D24m'!$F$15 -> 0.47099095 | T11: 0.29974061 | U11: 86.193346
A12: 21111.02 | B12: Bovine meat | C12: Red meat | D12: Ireland | E12: IE | F12: ='GHG det D24m, results per kg'!G36 -> 27.9831 | G12: ='GHG det D24m, results per kg'!G32 -> 0.00014497157 | H12: ='GHG det D24m, results per kg'!G33 -> 2.831295e-07 | I12: ='GHG det D24m, results per kg'!G34 -> 1.0769229 | J12: ='GHG det D24m, results per kg'!G35 -> 0.032833487 | L12: ='Production D24m'!$G$5*'Parameters D24m, country spec'!$G$30*'EFP per kg feed'!F112/'Production D24m'!$G$15 -> 7.656915 | M12: =('Production D24m'!$G$5*'Parameters D24m, country spec'!$G$30*'EFP per kg feed'!G112-Excreted_N_after_losses_IE*Manure_repl_factor_IE)/'Production D24m'!$G$15 -> 0.36585952 | N12: =('Production D24m'!$G$5*'Parameters D24m, country spec'!$G$30*'EFP per kg feed'!H110+('Production D24m'!$G$6+'Production D24m'!$G$7)*'Parameters D24m, country spec'!$G$52*'EFP per kg feed'!H111)/'Production D24m'!$G$15 -> 0.022742313 | O12: =('Production D24m'!$G$5*'Parameters D24m, country spec'!$G$30*'EFP per kg feed'!I110+('Production D24m'!$G$6+'Production D24m'!$G$7)*'Parameters D24m, country spec'!$G$52*'EFP per kg feed'!I111)/'Production D24m'!$G$15 -> 0.0012276245 | P12: =('Production D24m'!$G$5*'Parameters D24m, country spec'!$G$30*'EFP per kg feed'!J110+('Production D24m'!$G$6+'Production D24m'!$G$7)*'Parameters D24m, country spec'!$G$52*'EFP per kg feed'!J111)/'Production D24m'!$G$15 -> 2.0163882 | Q12: =('Production D24m'!$G$5*'Parameters D24m, country spec'!$G$30*'EFP per kg feed'!K110+('Production D24m'!$G$6+'Production D24m'!$G$7)*'Parameters D24m, country spec'!$G$52*'EFP per kg feed'!K111)/'Production D24m'!$G$15 -> 9.1145201e-10 | R12: =('Production D24m'!$G$5*'Parameters D24m, country spec'!$G$30*'EFP per kg feed'!L110+('Production D24m'!$G$6+'Production D24m'!$G$7)*'Parameters D24m, country spec'!$G$52*'EFP per kg feed'!L111+Manure!M159)/'Production D24m'!$G$15 -> 0.38375593 | T12: 0.25013213 | U12: 33.680254
A13: 21111.02 | B13: Bovine meat | C13: Red meat | D13: Italy | E13: IT | F13: ='GHG det D24m, results per kg'!G41 -> 35.238813 | G13: ='GHG det D24m, results per kg'!G37 -> 0.00016863493 | H13: ='GHG det D24m, results per kg'!G38 -> 9.4642631e-07 | I13: ='GHG det D24m, results per kg'!G39 -> 1.3328476 | J13: ='GHG det D24m, results per kg'!G40 -> 0.053867572 | L13: ='Production D24m'!$H$5*'Parameters D24m, country spec'!$H$30*'EFP per kg feed'!F130/'Production D24m'!$H$15 -> 17.004109 | M13: =('Production D24m'!$H$5*'Parameters D24m, country spec'!$H$30*'EFP per kg feed'!G130-Excreted_N_after_losses_IT*Manure_repl_factor_IT)/'Production D24m'!$H$15 -> 0.34359988 | N13: =('Production D24m'!$H$5*'Parameters D24m, country spec'!$H$30*'EFP per kg feed'!H128+('Production D24m'!$H$6+'Production D24m'!$H$7)*'Parameters D24m, country spec'!$H$52*'EFP per kg feed'!H129)/'Production D24m'!$H$15 -> 0.0209623 | O13: =('Production D24m'!$H$5*'Parameters D24m, country spec'!$H$30*'EFP per kg feed'!I128+('Production D24m'!$H$6+'Production D24m'!$H$7)*'Parameters D24m, country spec'!$H$52*'EFP per kg feed'!I129)/'Production D24m'!$H$15 -> 0.21871256 | P13: =('Production D24m'!$H$5*'Parameters D24m, country spec'!$H$30*'EFP per kg feed'!J128+('Production D24m'!$H$6+'Production D24m'!$H$7)*'Parameters D24m, country spec'!$H$52*'EFP per kg feed'!J129)/'Production D24m'!$H$15 -> 1.2173564 | Q13: =('Production D24m'!$H$5*'Parameters D24m, country spec'!$H$30*'EFP per kg feed'!K128+('Production D24m'!$H$6+'Production D24m'!$H$7)*'Parameters D24m, country spec'!$H$52*'EFP per kg feed'!K129)/'Production D24m'!$H$15 -> 3.5274026e-08 | R13: =('Production D24m'!$H$5*'Parameters D24m, country spec'!$H$30*'EFP per kg feed'!L128+('Production D24m'!$H$6+'Production D24m'!$H$7)*'Parameters D24m, country spec'!$H$52*'EFP per kg feed'!L129+Manure!O159)/'Production D24m'!$H$15 -> 0.63878408 | T13: 0.34062672 | U13: 108.95768
A14: 21111.02 | B14: Bovine meat | C14: Red meat | D14: Netherlands | E14: NL | F14: ='GHG det D24m, results per kg'!G46 -> 23.628281 | G14: ='GHG det D24m, results per kg'!G42 -> 0.00027509986 | H14: ='GHG det D24m, results per kg'!G43 -> 1.0181103e-06 | I14: ='GHG det D24m, results per kg'!G44 -> 0.77875629 | J14: ='GHG det D24m, results per kg'!G45 -> 0.023541498 | L14: ='Production D24m'!$I$5*'Parameters D24m, country spec'!$I$30*'EFP per kg feed'!F148/'Production D24m'!$I$15 -> 16.553538 | M14: =('Production D24m'!$I$5*'Parameters D24m, country spec'!$I$30*'EFP per kg feed'!G148-Excreted_N_after_losses_NL*Manure_repl_factor_NL)/'Production D24m'!$I$15 -> 0.63541183 | N14: =('Production D24m'!$I$5*'Parameters D24m, country spec'!$I$30*'EFP per kg feed'!H146+('Production D24m'!$I$6+'Production D24m'!$I$7)*'Parameters D24m, country spec'!$I$52*'EFP per kg feed'!H147)/'Production D24m'!$I$15 -> 0.015779781 | O14: =('Production D24m'!$I$5*'Parameters D24m, country spec'!$I$30*'EFP per kg feed'!I146+('Production D24m'!$I$6+'Production D24m'!$I$7)*'Parameters D24m, country spec'!$I$52*'EFP per kg feed'!I147)/'Production D24m'!$I$15 -> 0.029782701 | P14: =('Production D24m'!$I$5*'Parameters D24m, country spec'!$I$30*'EFP per kg feed'!J146+('Production D24m'!$I$6+'Production D24m'!$I$7)*'Parameters D24m, country spec'!$I$52*'EFP per kg feed'!J147)/'Production D24m'!$I$15 -> 1.3024475 | Q14: =('Production D24m'!$I$5*'Parameters D24m, country spec'!$I$30*'EFP per kg feed'!K146+('Production D24m'!$I$6+'Production D24m'!$I$7)*'Parameters D24m, country spec'!$I$52*'EFP per kg feed'!K147)/'Production D24m'!$I$15 -> 2.2310377e-09 | R14: =('Production D24m'!$I$5*'Parameters D24m, country spec'!$I$30*'EFP per kg feed'!L146+('Production D24m'!$I$6+'Production D24m'!$I$7)*'Parameters D24m, country spec'!$I$52*'EFP per kg feed'!L147+Manure!Q159)/'Production D24m'!$I$15 -> 0.28446922 | T14: 0.25185843 | U14: 26.725346
A15: 21111.02 | B15: Bovine meat | C15: Red meat | D15: Poland | E15: PL | F15: ='GHG det D24m, results per kg'!G51 -> 28.041593 | G15: ='GHG det D24m, results per kg'!G47 -> 0.00037922767 | H15: ='GHG det D24m, results per kg'!G48 -> 5.9893187e-07 | I15: ='GHG det D24m, results per kg'!G49 -> 0.77490451 | J15: ='GHG det D24m, results per kg'!G50 -> 0.056333606 | L15: ='Production D24m'!$J$5*'Parameters D24m, country spec'!$J$30*'EFP per kg feed'!F166/'Production D24m'!$J$15 -> 23.219235 | M15: =('Production D24m'!$J$5*'Parameters D24m, country spec'!$J$30*'EFP per kg feed'!G166-Excreted_N_after_losses_PL*Manure_repl_factor_PL)/'Production D24m'!$J$15 -> 0.38513846 | N15: =('Production D24m'!$J$5*'Parameters D24m, country spec'!$J$30*'EFP per kg feed'!H164+('Production D24m'!$J$6+'Production D24m'!$J$7)*'Parameters D24m, country spec'!$J$52*'EFP per kg feed'!H165)/'Production D24m'!$J$15 -> 0.033018412 | O15: =('Production D24m'!$J$5*'Parameters D24m, country spec'!$J$30*'EFP per kg feed'!I164+('Production D24m'!$J$6+'Production D24m'!$J$7)*'Parameters D24m, country spec'!$J$52*'EFP per kg feed'!I165)/'Production D24m'!$J$15 -> 0.01338296 | P15: =('Production D24m'!$J$5*'Parameters D24m, country spec'!$J$30*'EFP per kg feed'!J164+('Production D24m'!$J$6+'Production D24m'!$J$7)*'Parameters D24m, country spec'!$J$52*'EFP per kg feed'!J165)/'Production D24m'!$J$15 -> 1.7103953 | Q15: =('Production D24m'!$J$5*'Parameters D24m, country spec'!$J$30*'EFP per kg feed'!K164+('Production D24m'!$J$6+'Production D24m'!$J$7)*'Parameters D24m, country spec'!$J$52*'EFP per kg feed'!K165)/'Production D24m'!$J$15 -> 2.6397112e-09 | R15: =('Production D24m'!$J$5*'Parameters D24m, country spec'!$J$30*'EFP per kg feed'!L164+('Production D24m'!$J$6+'Production D24m'!$J$7)*'Parameters D24m, country spec'!$J$52*'EFP per kg feed'!L165+Manure!S159)/'Production D24m'!$J$15 -> 0.51561735 | T15: 0.32372712 | U15: 112.12533
A16: 21111.02 | B16: Bovine meat | C16: Red meat | D16: Spain | E16: ES | F16: ='GHG det D24m, results per kg'!G56 -> 26.55047 | G16: ='GHG det D24m, results per kg'!G52 -> 0.0001934549 | H16: ='GHG det D24m, results per kg'!G53 -> 5.6882721e-07 | I16: ='GHG det D24m, results per kg'!G54 -> 0.82853498 | J16: ='GHG det D24m, results per kg'!G55 -> 0.035723575 | L16: ='Production D24m'!$K$5*'Parameters D24m, country spec'!$K$30*'EFP per kg feed'!F184/'Production D24m'!$K$15 -> 26.848134 | M16: =('Production D24m'!$K$5*'Parameters D24m, country spec'!$K$30*'EFP per kg feed'!G184-Excreted_N_after_losses_ES*Manure_repl_factor_ES)/'Production D24m'!$K$15 -> 0.43039446 | N16: =('Production D24m'!$K$5*'Parameters D24m, country spec'!$K$30*'EFP per kg feed'!H182+('Production D24m'!$K$6+'Production D24m'!$K$7)*'Parameters D24m, country spec'!$K$52*'EFP per kg feed'!H183)/'Production D24m'!$K$15 -> 0.041248549 | O16: =('Production D24m'!$K$5*'Parameters D24m, country spec'!$K$30*'EFP per kg feed'!I182+('Production D24m'!$K$6+'Production D24m'!$K$7)*'Parameters D24m, country spec'!$K$52*'EFP per kg feed'!I183)/'Production D24m'!$K$15 -> 2.3743035 | P16: =('Production D24m'!$K$5*'Parameters D24m, country spec'!$K$30*'EFP per kg feed'!J182+('Production D24m'!$K$6+'Production D24m'!$K$7)*'Parameters D24m, country spec'!$K$52*'EFP per kg feed'!J183)/'Production D24m'!$K$15 -> 1.6260572 | Q16: =('Production D24m'!$K$5*'Parameters D24m, country spec'!$K$30*'EFP per kg feed'!K182+('Production D24m'!$K$6+'Production D24m'!$K$7)*'Parameters D24m, country spec'!$K$52*'EFP per kg feed'!K183)/'Production D24m'!$K$15 -> 1.026465e-07 | R16: =('Production D24m'!$K$5*'Parameters D24m, country spec'!$K$30*'EFP per kg feed'!L182+('Production D24m'!$K$6+'Production D24m'!$K$7)*'Parameters D24m, country spec'!$K$52*'EFP per kg feed'!L183+Manure!U159)/'Production D24m'!$K$15 -> 0.32366281 | T16: 0.22614561 | U16: 80.477964
A17: 21111.02 | B17: Bovine meat | C17: Red meat | D17: Sweden | E17: SE | F17: ='GHG det D24m, results per kg'!G61 -> 27.168169 | G17: ='GHG det D24m, results per kg'!G57 -> 0.00035361786 | H17: ='GHG det D24m, results per kg'!G58 -> 2.9149912e-06 | I17: ='GHG det D24m, results per kg'!G59 -> 0.8894799 | J17: ='GHG det D24m, results per kg'!G60 -> 0.037116433 | L17: ='Production D24m'!$L$5*'Parameters D24m, country spec'!$L$30*'EFP per kg feed'!F202/'Production D24m'!$L$15 -> 27.711383 | M17: =('Production D24m'!$L$5*'Parameters D24m, country spec'!$L$30*'EFP per kg feed'!G202-Excreted_N_after_losses_SE*Manure_repl_factor_SE)/'Production D24m'!$L$15 -> 0.33298847 | N17: =('Production D24m'!$L$5*'Parameters D24m, country spec'!$L$30*'EFP per kg feed'!H200+('Production D24m'!$L$6+'Production D24m'!$L$7)*'Parameters D24m, country spec'!$L$52*'EFP per kg feed'!H201)/'Production D24m'!$L$15 -> 0.0031128693 | O17: =('Production D24m'!$L$5*'Parameters D24m, country spec'!$L$30*'EFP per kg feed'!I200+('Production D24m'!$L$6+'Production D24m'!$L$7)*'Parameters D24m, country spec'!$L$52*'EFP per kg feed'!I201)/'Production D24m'!$L$15 -> 0 | P17: =('Production D24m'!$L$5*'Parameters D24m, country spec'!$L$30*'EFP per kg feed'!J200+('Production D24m'!$L$6+'Production D24m'!$L$7)*'Parameters D24m, country spec'!$L$52*'EFP per kg feed'!J201)/'Production D24m'!$L$15 -> 0.019718053 | Q17: =('Production D24m'!$L$5*'Parameters D24m, country spec'!$L$30*'EFP per kg feed'!K200+('Production D24m'!$L$6+'Production D24m'!$L$7)*'Parameters D24m, country spec'!$L$52*'EFP per kg feed'!K201)/'Production D24m'!$L$15 -> -3.5421527e-09 | R17: =('Production D24m'!$L$5*'Parameters D24m, country spec'!$L$30*'EFP per kg feed'!L200+('Production D24m'!$L$6+'Production D24m'!$L$7)*'Parameters D24m, country spec'!$L$52*'EFP per kg feed'!L201+Manure!W159)/'Production D24m'!$L$15 -> 0.38362547 | T17: 0.20988203 | U17: 8.3075734
A18: 21111.02 | B18: Bovine meat | C18: Red meat | D18: UK | E18: GB | F18: ='GHG det D24m, results per kg'!G66 -> 24.906652 | G18: ='GHG det D24m, results per kg'!G58 -> 2.9149912e-06 | H18: ='GHG det D24m, results per kg'!G59 -> 0.8894799 | I18: ='GHG det D24m, results per kg'!G60 -> 0.037116433 | J18: ='GHG det D24m, results per kg'!G61 -> 27.168169 | L18: ='Production D24m'!$M$5*'Parameters D24m, country spec'!$M$30*'EFP per kg feed'!F220/'Production D24m'!$M$15 -> 5.8480918 | M18: =('Production D24m'!$M$5*'Parameters D24m, country spec'!$M$30*'EFP per kg feed'!G220-Excreted_N_after_losses_GB*Manure_repl_factor_GB)/'Production D24m'!$M$15 -> 0.33409468 | N18: =('Production D24m'!$M$5*'Parameters D24m, country spec'!$M$30*'EFP per kg feed'!H158+('Production D24m'!$M$6+'Production D24m'!$M$7)*'Parameters D24m, country spec'!$M$52*'EFP per kg feed'!H159)/'Production D24m'!$M$15 -> 0.037784351 | O18: =('Production D24m'!$M$5*'Parameters D24m, country spec'!$M$30*'EFP per kg feed'!I158+('Production D24m'!$M$6+'Production D24m'!$M$7)*'Parameters D24m, country spec'!$M$52*'EFP per kg feed'!I159)/'Production D24m'!$M$15 -> 0 | P18: =('Production D24m'!$M$5*'Parameters D24m, country spec'!$M$30*'EFP per kg feed'!J158+('Production D24m'!$M$6+'Production D24m'!$M$7)*'Parameters D24m, country spec'!$M$52*'EFP per kg feed'!J159)/'Production D24m'!$M$15 -> 22.448173 | Q18: =('Production D24m'!$M$5*'Parameters D24m, country spec'!$M$30*'EFP per kg feed'!K158+('Production D24m'!$M$6+'Production D24m'!$M$7)*'Parameters D24m, country spec'!$M$52*'EFP per kg feed'!K159)/'Production D24m'!$M$15 -> 4.8896363e-09 | R18: =('Production D24m'!$M$5*'Parameters D24m, country spec'!$M$30*'EFP per kg feed'!L158+('Production D24m'!$M$6+'Production D24m'!$M$7)*'Parameters D24m, country spec'!$M$52*'EFP per kg feed'!L159+Manure!Y159)/'Production D24m'!$M$15 -> 0.37909639 | T18: 0.23268739 | U18: 24.672883

Sheet GHG det D24m, results per kg
A2: GHG emissions for dairy calves slaughtered at 24 months (per kg of meat) | H2: HELA DEN HÄR BEHÖVER FIXAS!!
K3: * Calculated as percentage of direct emissions due to assumption due to data limitations regarding nitrogen leaching and volatilization from soils in different regions.
S4: Animals | W4: Stables | X4: Slaughter | Z4: Control
A5: Animal products | G5: Sum | H5: Inputs | J5: Soil emissions | L5: Energy use | P5: Land use change | Q5: Feed processing | R5: Transports | AA5: Dairy cows
A6: FoodEx code | B6: FoodEx name | C6: Food Ex category (L1) | D6: Country | E6: Country code | F6: Gas | G6: GHG | H6: Production of mineral fertilizer | I6: Production of capital goods | J6: Direct emissions | K6: Indirect emissions* | L6: Diesel use field mach | M6: Energy use in greenhouses | N6: Energy use for irrigation | O6: Energy use for post-harvest proc | P6: LUC emissions | Q6: Feed processing | R6: Feed transports | S6: Enteric fermentation* | T6: Manure management - tot | U6: Manure management - direct | V6: Manure management - indirect | W6: Energy use in stables | X6: Energy use for slaughter | Z6: Total feed, excl LUC | AA6: Feed mix emissions, kg CO2E per kg feed, excl. adjustement manure
A7: A01QV | B7: Bovine muscle | C7: Meat and meat products | D7: Denmark | E7: DK | F7: CO2 | G7: =SUM(H7:X7) -> 3.4321149 | H7: ='Production D24m'!$B$5*'Parameters D24m, country spec'!$B$30*'CO2 per kg feed'!G22/'Production D24m'!B15 -> 0.24802601 | I7: ='Production D24m'!$B$5*'Parameters D24m, country spec'!$B$30*'CO2 per kg feed'!H22/'Production D24m'!B15 -> 0.57722848 | L7: ='Production D24m'!$B$5*'Parameters D24m, country spec'!$B$30*'CO2 per kg feed'!K22/'Production D24m'!B15 -> 0.29902646 | N7: ='Production D24m'!$B$5*'Parameters D24m, country spec'!$B$30*'CO2 per kg feed'!M22/'Production D24m'!B15 -> 0.00033895301 | O7: ='Production D24m'!$B$5*'Parameters D24m, country spec'!$B$30*'CO2 per kg feed'!N22/'Production D24m'!B15 -> 0.056175152 | P7: ='Production D24m'!$B$5*'Parameters D24m, country spec'!$B$30*'CO2 per kg feed'!O22/'Production D24m'!B15 -> 0.31030816 | Q7: ='Production D24m'!$B$5*'Parameters D24m, country spec'!$B$30*'CO2 per kg feed'!P22/'Production D24m'!B15 -> 0.97049007 | R7: ='Production D24m'!$B$5*'Parameters D24m, country spec'!$B$30*'CO2 per kg feed'!P22/'Production D24m'!B15 -> 0.97049007 | W7: ='Production D24m'!$B$5*'Parameters D24m, country spec'!$B$58*EF_el_CO2_DK/'Production D24m'!B15 -> 3.1537996e-05 | X7: ='Production D24m'!$B$12*(Energy_slaughter_el_DK*EF_el_CO2_DK+Energy_slaughter_oil_DK*EF_oil_CO2)/'Production D24m'!B15 -> 0
A8: A01QV | B8: Bovine muscle | C8: Meat and meat products | D8: Denmark | E8: DK | F8: CH4, fossil | G8: =SUM(H8:X8) -> 0.030930649 | H8: ='Production D24m'!$B$5*'Parameters D24m, country spec'!$B$30*'CH4 per kg feed'!G22/'Production D24m'!B15 -> 0.00035967463 | I8: ='Production D24m'!$B$5*'Parameters D24m, country spec'!$B$30*'CH4 per kg feed'!H22/'Production D24m'!B15 -> 0.0020324702 | L8: ='Production D24m'!$B$5*'Parameters D24m, country spec'!$B$30*'CH4 per kg feed'!K22/'Production D24m'!B15 -> 0.00013243187 | N8: ='Production D24m'!$B$5*'Parameters D24m, country spec'!$B$30*'CH4 per kg feed'!M22/'Production D24m'!B15 -> 1.3256681e-06 | O8: ='Production D24m'!$B$5*'Parameters D24m, country spec'!$B$30*'CH4 per kg feed'!N22/'Production D24m'!B15 -> 3.7985473e-05 | P8: ='Production D24m'!$B$5*'Parameters D24m, country spec'!$B$30*'CH4 per kg feed'!O22/'Production D24m'!B15 -> 0 | Q8: ='Production D24m'!$B$5*'Parameters D24m, country spec'!$B$30*'CH4 per kg feed'!P22/'Production D24m'!B15 -> 0.014183359 | R8: ='Production D24m'!$B$5*'Parameters D24m, country spec'!$B$30*'CH4 per kg feed'!P22/'Production D24m'!B15 -> 0.014183359 | W8: ='Production D24m'!$B$5*'Parameters D24m, country spec'!$B$58*EF_el_CH4_DK/'Production D24m'!B15 -> 4.3500323e-08 | X8: ='Production D24m'!$B$12*(Energy_slaughter_el_DK*EF_el_CH4_DK+Energy_slaughter_oil_DK*EF_oil_CH4)/'Production D24m'!B15 -> 0
A9: A01QV | B9: Bovine muscle | C9: Meat and meat products | D9: Denmark | E9: DK | F9: CH4, biogenic | G9: =SUM(H9:X9) -> 1.0810815 | S9: =('Production D24m'!$B$5*EF_ent_ferm_DK)/'Production D24m'!B15 -> 0.44260028 | T9: =SUM(U9:V9) -> 0.31924061 | U9: =Manure!$C$34/'Production D24m'!B15 -> 0.31924061
A10: A01QV | B10: Bovine muscle | C10: Meat and meat products | D10: Denmark | E10: DK | F10: N2O | G10: =SUM(H10:X10) -> 0.035359551 | H10: ='Production D24m'!$B$5*'Parameters D24m, country spec'!$B$30*'N2O per kg feed'!G22/'Production D24m'!B15 -> 0.00053066073 | I10: ='Production D24m'!$B$5*'Parameters D24m, country spec'!$B$30*'N2O per kg feed'!H22/'Production D24m'!B15 -> 2.3487094e-05 | J10: ='Production D24m'!$B$5*'Parameters D24m, country spec'!$B$30*'N2O per kg feed'!I22/'Production D24m'!B15 -> 0.0025193454 | K10: =J10*EF_indirect_N2O_DK -> 0.00025193454 | L10: ='Production D24m'!$B$5*'Parameters D24m, country spec'!$B$30*'N2O per kg feed'!K22/'Production D24m'!B15 -> 8.0339577e-06 | N10: ='Production D24m'!$B$5*'Parameters D24m, country spec'!$B$30*'N2O per kg feed'!M22/'Production D24m'!B15 -> 1.630047e-08 | O10: ='Production D24m'!$B$5*'Parameters D24m, country spec'!$B$30*'N2O per kg feed'!N22/'Production D24m'!B15 -> 2.0600887e-06 | P10: ='Production D24m'!$B$5*'Parameters D24m, country spec'!$B$30*'N2O per kg feed'!O22/'Production D24m'!B15 -> 0 | Q10: ='Production D24m'!$B$5*'Parameters D24m, country spec'!$B$30*'N2O per kg feed'!P22/'Production D24m'!B15 -> 0.0013649945 | R10: ='Production D24m'!$B$5*'Parameters D24m, country spec'!$B$30*'N2O per kg feed'!P22/'Production D24m'!B15 -> 0.0013649945 | T10: =SUM(U10:V10) -> 0.014647011 | U10: =Manure!$C$92*44/28/'Production D24m'!B15 -> 0.009810126 | V10: =Manure!$C$159*17/14*Manure!$B$122/'Production D24m'!B15 -> 0.0048368853 | W10: ='Production D24m'!$B$5*'Parameters D24m, country spec'!$B$58*EF_el_N2O_DK/'Production D24m'!B15 -> 1.6226121e-09 | X10: ='Production D24m'!$B$12*(Energy_slaughter_el_DK*EF_el_N2O_DK+Energy_slaughter_oil_DK*EF_oil_N2O)/'Production D24m'!B15 -> 0
A11: A01QV | B11: Bovine muscle | C11: Meat and meat products | D11: Denmark | E11: DK | F11: CO2e | G11: =SUM(H11:X11) -> 30.578076 | H11: =SUMPRODUCT(H7:H10,'Parameters, general'!$B$23:$B$26) -> 0.4036147 | I11: =SUMPRODUCT(I7:I10,'Parameters, general'!$B$23:$B$26) -> 0.64420807 | J11: =SUMPRODUCT(J7:J10,'Parameters, general'!$B$23:$B$26) -> 0.6877813 | K11: =SUMPRODUCT(K7:K10,'Parameters, general'!$B$23:$B$26) -> 0.06877813 | L11: =SUMPRODUCT(L7:L10,'Parameters, general'!$B$23:$B$26) -> 0.3051662 | M11: =SUMPRODUCT(M7:M10,'Parameters, general'!$B$23:$B$26) -> 0 | N11: =SUMPRODUCT(N7:N10,'Parameters, general'!$B$23:$B$26) -> 0.00038290795 | O11: =SUMPRODUCT(O7:O10,'Parameters, general'!$B$23:$B$26) -> 0.057869524 | ... T11: =SUMPRODUCT(T7:T10,'Parameters, general'!$B$23:$B$26) -> 12.61813 | W11: =SUMPRODUCT(W7:W10,'Parameters, general'!$B$23:$B$26) -> 3.3277279e-05 | X11: =SUMPRODUCT(X7:X10,'Parameters, general'!$B$23:$B$26) -> 0 | Z11: =SUM(H11:R11) -> 6.0097043 | AA11: ='CO2 per kg feed'!F20+'CH4 per kg feed'!F20*CF_GWP_CH4_fossil+'N2O per kg feed'!F20*CF_GWP_N2O -> 0.19150843
A12: A01QV | B12: Bovine muscle | C12: Meat and meat products | D12: France | E12: FR | F12: CO2 | G12: =SUM(H12:X12) -> 0.00018768247 | H12: =('Production D24m'!$C$5*'Parameters D24m, country spec'!$C$51*'CO2 per kg feed'!G38+('Production D24m'!$C$6+'Production D24m'!$C$7)*'Parameters D24m, country spec'!$C$52*'CO2 per kg feed'!G39)/'Production D24m'!C15 -> 3.2212744e-05 | I12: =('Production D24m'!$C$5*'Parameters D24m, country spec'!$C$51*'CO2 per kg feed'!H38+('Production D24m'!$C$6+'Production D24m'!$C$7)*'Parameters D24m, country spec'!$C$52*'CO2 per kg feed'!H39)/'Production D24m'!C15 -> 3.0906731e-05 | L12: =('Production D24m'!$C$5*'Parameters D24m, country spec'!$C$51*'CO2 per kg feed'!K38+('Production D24m'!$C$6+'Production D24m'!$C$7)*'Parameters D24m, country spec'!$C$52*'CO2 per kg feed'!K39)/'Production D24m'!C15 -> 1.9814412e-05 | N12: =('Production D24m'!$C$5*'Parameters D24m, country spec'!$C$51*'CO2 per kg feed'!M38+('Production D24m'!$C$6+'Production D24m'!$C$7)*'Parameters D24m, country spec'!$C$52*'CO2 per kg feed'!M39)/'Production D24m'!C15 -> 7.4371864e-07 | O12: =('Production D24m'!$C$5*'Parameters D24m, country spec'!$C$51*'CO2 per kg feed'!N38+('Production D24m'!$C$6+'Production D24m'!$C$7)*'Parameters D24m, country spec'!$C$52*'CO2 per kg feed'!N39)/'Production D24m'!C15 -> 5.7745746e-06 | P12: =('Production D24m'!$C$5*'Parameters D24m, country spec'!$C$51*'CO2 per kg feed'!O38+('Production D24m'!$C$6+'Production D24m'!$C$7)*'Parameters D24m, country spec'!$C$52*'CO2 per kg feed'!O39)/'Production D24m'!C15 -> 1.3536749e-05 | Q12: =('Production D24m'!$C$5*'Parameters D24m, country spec'!$C$51*'CO2 per kg feed'!P38+('Production D24m'!$C$6+'Production D24m'!$C$7)*'Parameters D24m, country spec'!$C$52*'CO2 per kg feed'!P39)/'Production D24m'!C15 -> 3.8639451e-05 | R12: =('Production D24m'!$C$5*'Parameters D24m, country spec'!$C$51*'CO2 per kg feed'!P38+('Production D24m'!$C$6+'Production D24m'!$C$7)*'Parameters D24m, country spec'!$C$52*'CO2 per kg feed'!P39)/'Production D24m'!C15 -> 3.8639451e-05 | W12: ='Production D24m'!C5*'Parameters D24m, country spec'!C58*EF_el_CO2_FR/'Production D24m'!C15 -> 7.4146352e-06 | X12: ='Production D24m'!C12*(Energy_slaughter_el_FR*EF_el_CO2_FR+Energy_slaughter_oil_FR*EF_oil_CO2)/'Production D24m'!C15 -> 0
A13: A01QV | B13: Bovine muscle | C13: Meat and meat products | D13: France | E13: FR | F13: CH4, fossil | G13: =SUM(H13:X13) -> 1.3119089e-06 | H13: =('Production D24m'!$C$5*'Parameters D24m, country spec'!$C$51*'CH4 per kg feed'!G38+('Production D24m'!$C$6+'Production D24m'!$C$7)*'Parameters D24m, country spec'!$C$52*'CH4 per kg feed'!G39)/'Production D24m'!C15 -> 6.0184394e-08 | I13: =('Production D24m'!$C$5*'Parameters D24m, country spec'!$C$51*'CH4 per kg feed'!H38+('Production D24m'!$C$6+'Production D24m'!$C$7)*'Parameters D24m, country spec'!$C$52*'CH4 per kg feed'!H39)/'Production D24m'!C15 -> 1.0913684e-07 | L13: =('Production D24m'!$C$5*'Parameters D24m, country spec'!$C$51*'CH4 per kg feed'!K38+('Production D24m'!$C$6+'Production D24m'!$C$7)*'Parameters D24m, country spec'!$C$52*'CH4 per kg feed'!K39)/'Production D24m'!C15 -> 8.7773782e-09 | N13: =('Production D24m'!$C$5*'Parameters D24m, country spec'!$C$51*'CH4 per kg feed'!M38+('Production D24m'!$C$6+'Production D24m'!$C$7)*'Parameters D24m, country spec'!$C$52*'CH4 per kg feed'!M39)/'Production D24m'!C15 -> 2.5147133e-09 | O13: =('Production D24m'!$C$5*'Parameters D24m, country spec'!$C$51*'CH4 per kg feed'!N38+('Production D24m'!$C$6+'Production D24m'!$C$7)*'Parameters D24m, country spec'!$C$52*'CH4 per kg feed'!N39)/'Production D24m'!C15 -> 3.418698e-09 | P13: =('Production D24m'!$C$5*'Parameters D24m, country spec'!$C$51*'CH4 per kg feed'!O38+('Production D24m'!$C$6+'Production D24m'!$C$7)*'Parameters D24m, country spec'!$C$52*'CH4 per kg feed'!O39)/'Production D24m'!C15 -> 0 | Q13: =('Production D24m'!$C$5*'Parameters D24m, country spec'!$C$51*'CH4 per kg feed'!P38+('Production D24m'!$C$6+'Production D24m'!$C$7)*'Parameters D24m, country spec'!$C$52*'CH4 per kg feed'!P39)/'Production D24m'!C15 -> 5.5244462e-07 | R13: =('Production D24m'!$C$5*'Parameters D24m, country spec'!$C$51*'CH4 per kg feed'!P38+('Production D24m'!$C$6+'Production D24m'!$C$7)*'Parameters D24m, country spec'!$C$52*'CH4 per kg feed'!P39)/'Production D24m'!C15 -> 5.5244462e-07 | W13: ='Production D24m'!C5*'Parameters D24m, country spec'!C58*EF_el_CH4_FR/'Production D24m'!C15 -> 2.2987655e-08 | X13: ='Production D24m'!C12*(Energy_slaughter_el_FR*EF_el_CH4_FR+Energy_slaughter_oil_FR*EF_oil_CH4)/'Production D24m'!C15 -> 0
A14: A01QV | B14: Bovine muscle | C14: Meat and meat products | D14: France | E14: FR | F14: CH4, biogenic | G14: =SUM(H14:X14) -> 0.65194238 | S14: =('Production D24m'!$C$5*EF_ent_ferm_FR)/'Production D24m'!C15 -> 0.44260028 | T14: =SUM(U14:V14) -> 0.10467105 | U14: =Manure!$E$34/'Production D24m'!C15 -> 0.10467105
A15: A01QV | B15: Bovine muscle | C15: Meat and meat products | D15: France | E15: FR | F15: N2O | G15: =SUM(H15:X15) -> 0.042908155 | H15: =('Production D24m'!$C$5*'Parameters D24m, country spec'!$C$51*'N2O per kg feed'!G38+('Production D24m'!$C$6+'Production D24m'!$C$7)*'Parameters D24m, country spec'!$C$52*'N2O per kg feed'!G39)/'Production D24m'!C15 -> 7.1002367e-08 | I15: =('Production D24m'!$C$5*'Parameters D24m, country spec'!$C$51*'N2O per kg feed'!H38+('Production D24m'!$C$6+'Production D24m'!$C$7)*'Parameters D24m, country spec'!$C$52*'N2O per kg feed'!H39)/'Production D24m'!C15 -> 1.2513443e-09 | J15: =('Production D24m'!$C$5*'Parameters D24m, country spec'!$C$51*'N2O per kg feed'!I38+('Production D24m'!$C$6+'Production D24m'!$C$7)*'Parameters D24m, country spec'!$C$52*'N2O per kg feed'!I39+Manure!E156)/'Production D24m'!C15 -> 0.0099488297 | K15: =J15*EF_indirect_N2O_FR -> 0.00099488297 | L15: =('Production D24m'!$C$5*'Parameters D24m, country spec'!$C$51*'N2O per kg feed'!K38+('Production D24m'!$C$6+'Production D24m'!$C$7)*'Parameters D24m, country spec'!$C$52*'N2O per kg feed'!K39)/'Production D24m'!C15 -> 5.3242818e-10 | N15: =('Production D24m'!$C$5*'Parameters D24m, country spec'!$C$51*'N2O per kg feed'!M38+('Production D24m'!$C$6+'Production D24m'!$C$7)*'Parameters D24m, country spec'!$C$52*'N2O per kg feed'!M39)/'Production D24m'!C15 -> 3.0959918e-11 | O15: =('Production D24m'!$C$5*'Parameters D24m, country spec'!$C$51*'N2O per kg feed'!N38+('Production D24m'!$C$6+'Production D24m'!$C$7)*'Parameters D24m, country spec'!$C$52*'N2O per kg feed'!N39)/'Production D24m'!C15 -> 2.1220704e-10 | P15: =('Production D24m'!$C$5*'Parameters D24m, country spec'!$C$51*'N2O per kg feed'!O38+('Production D24m'!$C$6+'Production D24m'!$C$7)*'Parameters D24m, country spec'!$C$52*'N2O per kg feed'!O39)/'Production D24m'!C15 -> 0 | Q15: =('Production D24m'!$C$5*'Parameters D24m, country spec'!$C$51*'N2O per kg feed'!P38+('Production D24m'!$C$6+'Production D24m'!$C$7)*'Parameters D24m, country spec'!$C$52*'N2O per kg feed'!P39)/'Production D24m'!C15 -> 5.3152067e-08 | R15: =('Production D24m'!$C$5*'Parameters D24m, country spec'!$C$51*'N2O per kg feed'!P38+('Production D24m'!$C$6+'Production D24m'!$C$7)*'Parameters D24m, country spec'!$C$52*'N2O per kg feed'!P39)/'Production D24m'!C15 -> 5.3152067e-08 | T15: =SUM(U15:V15) -> 0.015982131 | U15: =Manure!$E$92*44/28/'Production D24m'!C15 -> 0.011359815 | V15: =Manure!$E$159*17/14*Manure!$D$122/'Production D24m'!C15 -> 0.0046223165 | W15: ='Production D24m'!C5*'Parameters D24m, country spec'!C58*EF_el_N2O_FR/'Production D24m'!C15 -> 6.9491598e-10 | X15: ='Production D24m'!C12*(Energy_slaughter_el_FR*EF_el_N2O_FR+Energy_slaughter_oil_FR*EF_oil_N2O)/'Production D24m'!C15 -> 0
A16: A01QV | B16: Bovine muscle | C16: Meat and meat products | D16: France | E16: FR | F16: CO2e | G16: =SUM(H16:X16) -> 22.127357 | H16: =SUMPRODUCT(H12:H15,'Parameters, general'!$B$23:$B$26) -> 5.3389885e-05 | I16: =SUMPRODUCT(I12:I15,'Parameters, general'!$B$23:$B$26) -> 3.4500625e-05 | J16: =SUMPRODUCT(J12:J15,'Parameters, general'!$B$23:$B$26) -> 2.7160305 | K16: =SUMPRODUCT(K12:K15,'Parameters, general'!$B$23:$B$26) -> 0.27160305 | L16: =SUMPRODUCT(L12:L15,'Parameters, general'!$B$23:$B$26) -> 2.022133e-05 | M16: =SUMPRODUCT(M12:M15,'Parameters, general'!$B$23:$B$26) -> 0 | N16: =SUMPRODUCT(N12:N15,'Parameters, general'!$B$23:$B$26) -> 8.2710915e-07 | O16: =SUMPRODUCT(O12:O15,'Parameters, general'!$B$23:$B$26) -> 5.9343843e-06 | ... T16: =SUMPRODUCT(T12:T15,'Parameters, general'!$B$23:$B$26) -> 7.1892402 | W16: =SUMPRODUCT(W12:W15,'Parameters, general'!$B$23:$B$26) -> 8.2893794e-06 | X16: =SUMPRODUCT(X12:X15,'Parameters, general'!$B$23:$B$26) -> 0 | Z16: =SUM(H16:R16) -> 2.9879012 | AA16: ='CO2 per kg feed'!F38+'CH4 per kg feed'!F38*CF_GWP_CH4_fossil+'N2O per kg feed'!F38*CF_GWP_N2O -> 0.2202665
A17: A01QV | B17: Bovine muscle | C17: Meat and meat products | D17: Germany | E17: DE | F17: CO2 | G17: =SUM(H17:X17) -> 0.00020927458 | H17: =('Production D24m'!$D$5*'Parameters D24m, country spec'!$D$51*'CO2 per kg feed'!G56+('Production D24m'!$D$6+'Production D24m'!$D$7)*'Parameters D24m, country spec'!$D$52*'CO2 per kg feed'!G57)/'Production D24m'!D15 -> 2.5598449e-05 | I17: =('Production D24m'!$D$5*'Parameters D24m, country spec'!$D$51*'CO2 per kg feed'!H56+('Production D24m'!$D$6+'Production D24m'!$D$7)*'Parameters D24m, country spec'!$D$52*'CO2 per kg feed'!H57)/'Production D24m'!D15 -> 3.2077328e-05 | L17: =('Production D24m'!$D$5*'Parameters D24m, country spec'!$D$51*'CO2 per kg feed'!K56+('Production D24m'!$D$6+'Production D24m'!$D$7)*'Parameters D24m, country spec'!$D$52*'CO2 per kg feed'!K57)/'Production D24m'!D15 -> 1.8055155e-05 | N17: =('Production D24m'!$D$5*'Parameters D24m, country spec'!$D$51*'CO2 per kg feed'!M56+('Production D24m'!$D$6+'Production D24m'!$D$7)*'Parameters D24m, country spec'!$D$52*'CO2 per kg feed'!M57)/'Production D24m'!D15 -> 3.4079842e-08 | O17: =('Production D24m'!$D$5*'Parameters D24m, country spec'!$D$51*'CO2 per kg feed'!N56+('Production D24m'!$D$6+'Production D24m'!$D$7)*'Parameters D24m, country spec'!$D$52*'CO2 per kg feed'!N57)/'Production D24m'!D15 -> 3.2111501e-06 | P17: =('Production D24m'!$D$5*'Parameters D24m, country spec'!$D$51*'CO2 per kg feed'!O56+('Production D24m'!$D$6+'Production D24m'!$D$7)*'Parameters D24m, country spec'!$D$52*'CO2 per kg feed'!O57)/'Production D24m'!D15 -> 1.243351e-05 | Q17: =('Production D24m'!$D$5*'Parameters D24m, country spec'!$D$51*'CO2 per kg feed'!P56+('Production D24m'!$D$6+'Production D24m'!$D$7)*'Parameters D24m, country spec'!$D$52*'CO2 per kg feed'!P57)/'Production D24m'!D15 -> 3.9206808e-05 | R17: =('Production D24m'!$D$5*'Parameters D24m, country spec'!$D$51*'CO2 per kg feed'!P56+('Production D24m'!$D$6+'Production D24m'!$D$7)*'Parameters D24m, country spec'!$D$52*'CO2 per kg feed'!P57)/'Production D24m'!D15 -> 3.9206808e-05 | W17: ='Production D24m'!$D$5*'Parameters D24m, country spec'!$D$58*EF_el_CO2_DE/'Production D24m'!D15 -> 3.9451295e-05 | X17: ='Production D24m'!$D$12*(Energy_slaughter_el_DE*EF_el_CO2_DE+Energy_slaughter_oil_DE*EF_oil_CO2)/'Production D24m'!D15 -> 0
A18: A01QV | B18: Bovine muscle | C18: Meat and meat products | D18: Germany | E18: DE | F18: CH4, fossil | G18: =SUM(H18:X18) -> 1.3756598e-06 | H18: =('Production D24m'!$D$5*'Parameters D24m, country spec'!$D$51*'CH4 per kg feed'!G56+('Production D24m'!$D$6+'Production D24m'!$D$7)*'Parameters D24m, country spec'!$D$52*'CH4 per kg feed'!G57)/'Production D24m'!D15 -> 4.7610018e-08 | I18: =('Production D24m'!$D$5*'Parameters D24m, country spec'!$D$51*'CH4 per kg feed'!H56+('Production D24m'!$D$6+'Production D24m'!$D$7)*'Parameters D24m, country spec'!$D$52*'CH4 per kg feed'!H57)/'Production D24m'!D15 -> 1.1292663e-07 | L18: =('Production D24m'!$D$5*'Parameters D24m, country spec'!$D$51*'CH4 per kg feed'!K56+('Production D24m'!$D$6+'Production D24m'!$D$7)*'Parameters D24m, country spec'!$D$52*'CH4 per kg feed'!K57)/'Production D24m'!D15 -> 7.9973698e-09 | N18: =('Production D24m'!$D$5*'Parameters D24m, country spec'!$D$51*'CH4 per kg feed'!M56+('Production D24m'!$D$6+'Production D24m'!$D$7)*'Parameters D24m, country spec'!$D$52*'CH4 per kg feed'!M57)/'Production D24m'!D15 -> 1.1192759e-10 | O18: =('Production D24m'!$D$5*'Parameters D24m, country spec'!$D$51*'CH4 per kg feed'!N56+('Production D24m'!$D$6+'Production D24m'!$D$7)*'Parameters D24m, country spec'!$D$52*'CH4 per kg feed'!N57)/'Production D24m'!D15 -> 2.1707517e-09 | P18: =('Production D24m'!$D$5*'Parameters D24m, country spec'!$D$51*'CH4 per kg feed'!O56+('Production D24m'!$D$6+'Production D24m'!$D$7)*'Parameters D24m, country spec'!$D$52*'CH4 per kg feed'!O57)/'Production D24m'!D15 -> 0 | Q18: =('Production D24m'!$D$5*'Parameters D24m, country spec'!$D$51*'CH4 per kg feed'!P56+('Production D24m'!$D$6+'Production D24m'!$D$7)*'Parameters D24m, country spec'!$D$52*'CH4 per kg feed'!P57)/'Production D24m'!D15 -> 5.6468858e-07 | R18: =('Production D24m'!$D$5*'Parameters D24m, country spec'!$D$51*'CH4 per kg feed'!P56+('Production D24m'!$D$6+'Production D24m'!$D$7)*'Parameters D24m, country spec'!$D$52*'CH4 per kg feed'!P57)/'Production D24m'!D15 -> 5.6468858e-07 | W18: ='Production D24m'!$D$5*'Parameters D24m, country spec'!$D$58*EF_el_CH4_DE/'Production D24m'!D15 -> 7.5465991e-08 | X18: ='Production D24m'!$D$12*(Energy_slaughter_el_DE*EF_el_CH4_DE+Energy_slaughter_oil_DE*EF_oil_CH4)/'Production D24m'!D15 -> 0
A19: A01QV | B19: Bovine muscle | C19: Meat and meat products | D19: Germany | E19: DE | F19: CH4, biogenic | G19: =SUM(H19:X19) -> 0.85358322 | S19: =('Production D24m'!$D$5*EF_ent_ferm_DE)/'Production D24m'!D15 -> 0.44260028 | T19: =SUM(U19:V19) -> 0.20549147 | U19: =Manure!$G$34/'Production D24m'!D15 -> 0.20549147
A20: A01QV | B20: Bovine muscle | C20: Meat and meat products | D20: Germany | E20: DE | F20: N2O | G20: =SUM(H20:X20) -> 0.038402115 | H20: =('Production D24m'!$D$5*'Parameters D24m, country spec'!$D$51*'N2O per kg feed'!G56+('Production D24m'!$D$6+'Production D24m'!$D$7)*'Parameters D24m, country spec'!$D$52*'N2O per kg feed'!G57)/'Production D24m'!D15 -> 5.6358096e-08 | I20: =('Production D24m'!$D$5*'Parameters D24m, country spec'!$D$51*'N2O per kg feed'!H56+('Production D24m'!$D$6+'Production D24m'!$D$7)*'Parameters D24m, country spec'!$D$52*'N2O per kg feed'!H57)/'Production D24m'!D15 -> 1.305615e-09 | J20: =('Production D24m'!$D$5*'Parameters D24m, country spec'!$D$51*'N2O per kg feed'!I56+('Production D24m'!$D$6+'Production D24m'!$D$7)*'Parameters D24m, country spec'!$D$52*'N2O per kg feed'!I57++Manure!G156)/'Production D24m'!D15 -> 0.0060476143 | K20: =J20*EF_indirect_N2O_DK -> 0.00060476143 | L20: =('Production D24m'!$D$5*'Parameters D24m, country spec'!$D$51*'N2O per kg feed'!K56+('Production D24m'!$D$6+'Production D24m'!$D$7)*'Parameters D24m, country spec'!$D$52*'N2O per kg feed'!K57)/'Production D24m'!D15 -> 4.85123e-10 | N20: =('Production D24m'!$D$5*'Parameters D24m, country spec'!$D$51*'N2O per kg feed'!M56+('Production D24m'!$D$6+'Production D24m'!$D$7)*'Parameters D24m, country spec'!$D$52*'N2O per kg feed'!M57)/'Production D24m'!D15 -> 1.3774039e-12 | O20: =('Production D24m'!$D$5*'Parameters D24m, country spec'!$D$51*'N2O per kg feed'!N56+('Production D24m'!$D$6+'Production D24m'!$D$7)*'Parameters D24m, country spec'!$D$52*'N2O per kg feed'!N57)/'Production D24m'!D15 -> 1.1551137e-10 | P20: =('Production D24m'!$D$5*'Parameters D24m, country spec'!$D$51*'N2O per kg feed'!O56+('Production D24m'!$D$6+'Production D24m'!$D$7)*'Parameters D24m, country spec'!$D$52*'N2O per kg feed'!O57)/'Production D24m'!D15 -> 0 | Q20: =('Production D24m'!$D$5*'Parameters D24m, country spec'!$D$51*'N2O per kg feed'!P56+('Production D24m'!$D$6+'Production D24m'!$D$7)*'Parameters D24m, country spec'!$D$52*'N2O per kg feed'!P57)/'Production D24m'!D15 -> 5.4330243e-08 | R20: =('Production D24m'!$D$5*'Parameters D24m, country spec'!$D$51*'N2O per kg feed'!P56+('Production D24m'!$D$6+'Production D24m'!$D$7)*'Parameters D24m, country spec'!$D$52*'N2O per kg feed'!P57)/'Production D24m'!D15 -> 5.4330243e-08 | T20: =SUM(U20:V20) -> 0.015874785 | U20: =Manure!$G$92*44/28/'Production D24m'!D15 -> 0.010534093 | V20: =Manure!$G$159*17/14*Manure!$F$122/'Production D24m'!D15 -> 0.0053406924 | W20: ='Production D24m'!$D$5*'Parameters D24m, country spec'!$D$58*EF_el_N2O_DE/'Production D24m'!D15 -> 1.7669114e-09 | X20: ='Production D24m'!$D$12*(Energy_slaughter_el_DE*EF_el_N2O_DE+Energy_slaughter_oil_DE*EF_oil_N2O)/'Production D24m'!D15 -> 0
A21: A01QV | B21: Bovine muscle | C21: Meat and meat products | D21: Germany | E21: DE | F21: CO2e | G21: =SUM(H21:X21) -> 23.648689 | H21: =SUMPRODUCT(H17:H20,'Parameters, general'!$B$23:$B$26) -> 4.2402988e-05 | I21: =SUMPRODUCT(I17:I20,'Parameters, general'!$B$23:$B$26) -> 3.5798974e-05 | J21: =SUMPRODUCT(J17:J20,'Parameters, general'!$B$23:$B$26) -> 1.6509987 | K21: =SUMPRODUCT(K17:K20,'Parameters, general'!$B$23:$B$26) -> 0.16509987 | L21: =SUMPRODUCT(L17:L20,'Parameters, general'!$B$23:$B$26) -> 1.8425915e-05 | M21: =SUMPRODUCT(M17:M20,'Parameters, general'!$B$23:$B$26) -> 0 | N21: =SUMPRODUCT(N17:N20,'Parameters, general'!$B$23:$B$26) -> 3.7791316e-08 | O21: =SUMPRODUCT(O17:O20,'Parameters, general'!$B$23:$B$26) -> 3.3073731e-06 | ... T21: =SUMPRODUCT(T17:T20,'Parameters, general'!$B$23:$B$26) -> 9.8820862 | W21: =SUMPRODUCT(W17:W20,'Parameters, general'!$B$23:$B$26) -> 4.2182548e-05 | X21: =SUMPRODUCT(X17:X20,'Parameters, general'!$B$23:$B$26) -> 0 | Z21: =SUM(H21:R21) -> 1.8163527 | AA21: ='CO2 per kg feed'!F56+'CH4 per kg feed'!F56*CF_GWP_CH4_fossil+'N2O per kg feed'!F56*CF_GWP_N2O -> 0.19897115
A22: A01QV | B22: Bovine muscle | C22: Meat and meat products | D22: Greece | E22: GR | F22: CO2 | G22: =SUM(H22:X22) -> 0.00027776225 | H22: =('Production D24m'!$E$5*'Parameters D24m, country spec'!$E$51*'CO2 per kg feed'!G74+('Production D24m'!$E$6+'Production D24m'!$E$7)*'Parameters D24m, country spec'!$E$52*'CO2 per kg feed'!G75)/'Production D24m'!E15 -> 6.3929114e-05 | I22: =('Production D24m'!$E$5*'Parameters D24m, country spec'!$E$51*'CO2 per kg feed'!H74+('Production D24m'!$E$6+'Production D24m'!$E$7)*'Parameters D24m, country spec'!$E$52*'CO2 per kg feed'!H75)/'Production D24m'!E15 -> 3.2855714e-05 | L22: =('Production D24m'!$E$5*'Parameters D24m, country spec'!$E$51*'CO2 per kg feed'!K74+('Production D24m'!$E$6+'Production D24m'!$E$7)*'Parameters D24m, country spec'!$E$52*'CO2 per kg feed'!K75)/'Production D24m'!E15 -> 4.2766201e-05 | N22: =('Production D24m'!$E$5*'Parameters D24m, country spec'!$E$51*'CO2 per kg feed'!M74+('Production D24m'!$E$6+'Production D24m'!$E$7)*'Parameters D24m, country spec'!$E$52*'CO2 per kg feed'!M75)/'Production D24m'!E15 -> 7.3815777e-06 | O22: =('Production D24m'!$E$5*'Parameters D24m, country spec'!$E$51*'CO2 per kg feed'!N74+('Production D24m'!$E$6+'Production D24m'!$E$7)*'Parameters D24m, country spec'!$E$52*'CO2 per kg feed'!N75)/'Production D24m'!E15 -> 2.3665681e-05 | P22: =('Production D24m'!$E$5*'Parameters D24m, country spec'!$E$51*'CO2 per kg feed'!O74+('Production D24m'!$E$6+'Production D24m'!$E$7)*'Parameters D24m, country spec'!$E$52*'CO2 per kg feed'!O75)/'Production D24m'!E15 -> 2.6432019e-05 | Q22: =('Production D24m'!$E$5*'Parameters D24m, country spec'!$E$51*'CO2 per kg feed'!P74+('Production D24m'!$E$6+'Production D24m'!$E$7)*'Parameters D24m, country spec'!$E$52*'CO2 per kg feed'!P75)/'Production D24m'!E15 -> 1.3130606e-05 | R22: =('Production D24m'!$E$5*'Parameters D24m, country spec'!$E$51*'CO2 per kg feed'!P74+('Production D24m'!$E$6+'Production D24m'!$E$7)*'Parameters D24m, country spec'!$E$52*'CO2 per kg feed'!P75)/'Production D24m'!E15 -> 1.3130606e-05 | W22: ='Production D24m'!$E$5*'Parameters D24m, country spec'!$E$58*EF_el_CO2_GR/'Production D24m'!E15 -> 5.4470729e-05 | X22: ='Production D24m'!$E$12*(Energy_slaughter_el_GR*EF_el_CO2_GR+Energy_slaughter_oil_GR*EF_oil_CO2)/'Production D24m'!E15 -> 0
A23: A01QV | B23: Bovine muscle | C23: Meat and meat products | D23: Greece | E23: GR | F23: CH4, fossil | G23: =SUM(H23:X23) -> 7.4082387e-07 | H23: =('Production D24m'!$E$5*'Parameters D24m, country spec'!$E$51*'CH4 per kg feed'!G74+('Production D24m'!$E$6+'Production D24m'!$E$7)*'Parameters D24m, country spec'!$E$52*'CH4 per kg feed'!G75)/'Production D24m'!E15 -> 1.2084773e-07 | I23: =('Production D24m'!$E$5*'Parameters D24m, country spec'!$E$51*'CH4 per kg feed'!H74+('Production D24m'!$E$6+'Production D24m'!$E$7)*'Parameters D24m, country spec'!$E$52*'CH4 per kg feed'!H75)/'Production D24m'!E15 -> 1.1789862e-07 | L23: =('Production D24m'!$E$5*'Parameters D24m, country spec'!$E$51*'CH4 per kg feed'!K74+('Production D24m'!$E$6+'Production D24m'!$E$7)*'Parameters D24m, country spec'!$E$52*'CH4 per kg feed'!K75)/'Production D24m'!E15 -> 1.8948553e-08 | N23: =('Production D24m'!$E$5*'Parameters D24m, country spec'!$E$51*'CH4 per kg feed'!M74+('Production D24m'!$E$6+'Production D24m'!$E$7)*'Parameters D24m, country spec'!$E$52*'CH4 per kg feed'!M75)/'Production D24m'!E15 -> 2.5024403e-08 | O23: =('Production D24m'!$E$5*'Parameters D24m, country spec'!$E$51*'CH4 per kg feed'!N74+('Production D24m'!$E$6+'Production D24m'!$E$7)*'Parameters D24m, country spec'!$E$52*'CH4 per kg feed'!N75)/'Production D24m'!E15 -> 1.9374809e-08 | P23: =('Production D24m'!$E$5*'Parameters D24m, country spec'!$E$51*'CH4 per kg feed'!O74+('Production D24m'!$E$6+'Production D24m'!$E$7)*'Parameters D24m, country spec'!$E$52*'CH4 per kg feed'!O75)/'Production D24m'!E15 -> 0 | Q23: =('Production D24m'!$E$5*'Parameters D24m, country spec'!$E$51*'CH4 per kg feed'!P74+('Production D24m'!$E$6+'Production D24m'!$E$7)*'Parameters D24m, country spec'!$E$52*'CH4 per kg feed'!P75)/'Production D24m'!E15 -> 1.6529886e-07 | R23: =('Production D24m'!$E$5*'Parameters D24m, country spec'!$E$51*'CH4 per kg feed'!P74+('Production D24m'!$E$6+'Production D24m'!$E$7)*'Parameters D24m, country spec'!$E$52*'CH4 per kg feed'!P75)/'Production D24m'!E15 -> 1.6529886e-07 | W23: ='Production D24m'!$E$5*'Parameters D24m, country spec'!$E$58*EF_el_CH4_GR/'Production D24m'!E15 -> 1.0813203e-07 | X23: ='Production D24m'!$E$12*(Energy_slaughter_el_GR*EF_el_CH4_GR+Energy_slaughter_oil_GR*EF_oil_CH4)/'Production D24m'!E15 -> 0
A24: A01QV | B24: Bovine muscle | C24: Meat and meat products | D24: Greece | E24: GR | F24: CH4, biogenic | G24: =SUM(H24:X24) -> 0.68873345 | S24: =('Production D24m'!$E$5*EF_ent_ferm_GR)/'Production D24m'!E15 -> 0.44260028 | T24: =SUM(U24:V24) -> 0.12306659 | U24: =Manure!$I$34/'Production D24m'!E15 -> 0.12306659
A25: A01QV | B25: Bovine muscle | C25: Meat and meat products | D25: Greece | E25: GR | F25: N2O | G25: =SUM(H25:X25) -> 0.048926895 | H25: =('Production D24m'!$E$5*'Parameters D24m, country spec'!$E$51*'N2O per kg feed'!G74+('Production D24m'!$E$6+'Production D24m'!$E$7)*'Parameters D24m, country spec'!$E$52*'N2O per kg feed'!G75)/'Production D24m'!E15 -> 1.4134199e-07 | I25: =('Production D24m'!$E$5*'Parameters D24m, country spec'!$E$51*'N2O per kg feed'!H74+('Production D24m'!$E$6+'Production D24m'!$E$7)*'Parameters D24m, country spec'!$E$52*'N2O per kg feed'!H75)/'Production D24m'!E15 -> 1.2926625e-09 | J25: =('Production D24m'!$E$5*'Parameters D24m, country spec'!$E$51*'N2O per kg feed'!I74+('Production D24m'!$E$6+'Production D24m'!$E$7)*'Parameters D24m, country spec'!$E$52*'N2O per kg feed'!I75+Manure!I156)/'Production D24m'!E15 -> 0.007652525 | K25: =J25*EF_indirect_N2O_DK -> 0.0007652525 | L25: =('Production D24m'!$E$5*'Parameters D24m, country spec'!$E$51*'N2O per kg feed'!K74+('Production D24m'!$E$6+'Production D24m'!$E$7)*'Parameters D24m, country spec'!$E$52*'N2O per kg feed'!K75)/'Production D24m'!E15 -> 1.1494349e-09 | N25: =('Production D24m'!$E$5*'Parameters D24m, country spec'!$E$51*'N2O per kg feed'!M74+('Production D24m'!$E$6+'Production D24m'!$E$7)*'Parameters D24m, country spec'!$E$52*'N2O per kg feed'!M75)/'Production D24m'!E15 -> 3.0789366e-10 | O25: =('Production D24m'!$E$5*'Parameters D24m, country spec'!$E$51*'N2O per kg feed'!N74+('Production D24m'!$E$6+'Production D24m'!$E$7)*'Parameters D24m, country spec'!$E$52*'N2O per kg feed'!N75)/'Production D24m'!E15 -> 8.3282069e-10 | P25: =('Production D24m'!$E$5*'Parameters D24m, country spec'!$E$51*'N2O per kg feed'!O74+('Production D24m'!$E$6+'Production D24m'!$E$7)*'Parameters D24m, country spec'!$E$52*'N2O per kg feed'!O75)/'Production D24m'!E15 -> 0 | Q25: =('Production D24m'!$E$5*'Parameters D24m, country spec'!$E$51*'N2O per kg feed'!P74+('Production D24m'!$E$6+'Production D24m'!$E$7)*'Parameters D24m, country spec'!$E$52*'N2O per kg feed'!P75)/'Production D24m'!E15 -> 1.5983429e-08 | R25: =('Production D24m'!$E$5*'Parameters D24m, country spec'!$E$51*'N2O per kg feed'!P74+('Production D24m'!$E$6+'Production D24m'!$E$7)*'Parameters D24m, country spec'!$E$52*'N2O per kg feed'!P75)/'Production D24m'!E15 -> 1.5983429e-08 | T25: =SUM(U25:V25) -> 0.02025447 | U25: =Manure!$I$92*44/28/'Production D24m'!E15 -> 0.014995561 | V25: =Manure!$I$159*17/14*Manure!$H$122/'Production D24m'!E15 -> 0.0052589084 | W25: ='Production D24m'!$E$5*'Parameters D24m, country spec'!$E$58*EF_el_N2O_GR/'Production D24m'!E15 -> 1.8744772e-09 | X25: ='Production D24m'!$E$12*(Energy_slaughter_el_GR*EF_el_N2O_GR+Energy_slaughter_oil_GR*EF_oil_N2O)/'Production D24m'!E15 -> 0
A26: A01QV | B26: Bovine muscle | C26: Meat and meat products | D26: Greece | E26: GR | F26: CO2e | G26: =SUM(H26:X26) -> 23.100877 | H26: =SUMPRODUCT(H22:H25,'Parameters, general'!$B$23:$B$26) -> 0.00010611674 | I26: =SUMPRODUCT(I22:I25,'Parameters, general'!$B$23:$B$26) -> 3.672199e-05 | J26: =SUMPRODUCT(J22:J25,'Parameters, general'!$B$23:$B$26) -> 2.0891393 | K26: =SUMPRODUCT(K22:K25,'Parameters, general'!$B$23:$B$26) -> 0.20891393 | L26: =SUMPRODUCT(L22:L25,'Parameters, general'!$B$23:$B$26) -> 4.3644664e-05 | M26: =SUMPRODUCT(M22:M25,'Parameters, general'!$B$23:$B$26) -> 0 | N26: =SUMPRODUCT(N22:N25,'Parameters, general'!$B$23:$B$26) -> 8.2113598e-06 | O26: =SUMPRODUCT(O22:O25,'Parameters, general'!$B$23:$B$26) -> 2.447041e-05 | ... T26: =SUMPRODUCT(T22:T25,'Parameters, general'!$B$23:$B$26) -> 8.852268 | W26: =SUMPRODUCT(W22:W25,'Parameters, general'!$B$23:$B$26) -> 5.8204796e-05 | X26: =SUMPRODUCT(X22:X25,'Parameters, general'!$B$23:$B$26) -> 0 | Z26: =SUM(H26:R26) -> 2.2983437 | AA26: ='CO2 per kg feed'!F74+'CH4 per kg feed'!F74*CF_GWP_CH4_fossil+'N2O per kg feed'!F74*CF_GWP_N2O -> 0.30413419
A27: A01QV | B27: Bovine muscle | C27: Meat and meat products | D27: Hungary | E27: HU | F27: CO2 | G27: =SUM(H27:X27) -> 0.00026618239 | H27: =('Production D24m'!$F$5*'Parameters D24m, country spec'!$F$51*'CO2 per kg feed'!G92+('Production D24m'!$F$6+'Production D24m'!$F$7)*'Parameters D24m, country spec'!$F$52*'CO2 per kg feed'!G93)/'Production D24m'!F15 -> 4.0906068e-05 | I27: =('Production D24m'!$F$5*'Parameters D24m, country spec'!$F$51*'CO2 per kg feed'!H92+('Production D24m'!$F$6+'Production D24m'!$F$7)*'Parameters D24m, country spec'!$F$52*'CO2 per kg feed'!H93)/'Production D24m'!F15 -> 2.9726863e-05 | L27: =('Production D24m'!$F$5*'Parameters D24m, country spec'!$F$51*'CO2 per kg feed'!K92+('Production D24m'!$F$6+'Production D24m'!$F$7)*'Parameters D24m, country spec'!$F$52*'CO2 per kg feed'!K93)/'Production D24m'!F15 -> 3.3358299e-05 | N27: =('Production D24m'!$F$5*'Parameters D24m, country spec'!$F$51*'CO2 per kg feed'!M92+('Production D24m'!$F$6+'Production D24m'!$F$7)*'Parameters D24m, country spec'!$F$52*'CO2 per kg feed'!M93)/'Production D24m'!F15 -> 5.9997508e-08 | O27: =('Production D24m'!$F$5*'Parameters D24m, country spec'!$F$51*'CO2 per kg feed'!N92+('Production D24m'!$F$6+'Production D24m'!$F$7)*'Parameters D24m, country spec'!$F$52*'CO2 per kg feed'!N93)/'Production D24m'!F15 -> 1.1577805e-05 | P27: =('Production D24m'!$F$5*'Parameters D24m, country spec'!$F$51*'CO2 per kg feed'!O92+('Production D24m'!$F$6+'Production D24m'!$F$7)*'Parameters D24m, country spec'!$F$52*'CO2 per kg feed'!O93)/'Production D24m'!F15 -> 3.7824017e-05 | Q27: =('Production D24m'!$F$5*'Parameters D24m, country spec'!$F$51*'CO2 per kg feed'!P92+('Production D24m'!$F$6+'Production D24m'!$F$7)*'Parameters D24m, country spec'!$F$52*'CO2 per kg feed'!P93)/'Production D24m'!F15 -> 3.7760485e-05 | R27: =('Production D24m'!$F$5*'Parameters D24m, country spec'!$F$51*'CO2 per kg feed'!P92+('Production D24m'!$F$6+'Production D24m'!$F$7)*'Parameters D24m, country spec'!$F$52*'CO2 per kg feed'!P93)/'Production D24m'!F15 -> 3.7760485e-05 | W27: ='Production D24m'!$F$5*'Parameters D24m, country spec'!$F$58*EF_el_CO2_HU/'Production D24m'!F15 -> 3.7208371e-05 | X27: ='Production D24m'!$F$12*(Energy_slaughter_el_HU*EF_el_CO2_HU+Energy_slaughter_oil_HU*EF_oil_CO2)/'Production D24m'!F15 -> 0
A28: A01QV | B28: Bovine muscle | C28: Meat and meat products | D28: Hungary | E28: HU | F28: CH4, fossil | G28: =SUM(H28:X28) -> 1.3488347e-06 | H28: =('Production D24m'!$F$5*'Parameters D24m, country spec'!$F$51*'CH4 per kg feed'!G92+('Production D24m'!$F$6+'Production D24m'!$F$7)*'Parameters D24m, country spec'!$F$52*'CH4 per kg feed'!G93)/'Production D24m'!F15 -> 7.6658098e-08 | I28: =('Production D24m'!$F$5*'Parameters D24m, country spec'!$F$51*'CH4 per kg feed'!H92+('Production D24m'!$F$6+'Production D24m'!$F$7)*'Parameters D24m, country spec'!$F$52*'CH4 per kg feed'!H93)/'Production D24m'!F15 -> 1.0553864e-07 | L28: =('Production D24m'!$F$5*'Parameters D24m, country spec'!$F$51*'CH4 per kg feed'!K92+('Production D24m'!$F$6+'Production D24m'!$F$7)*'Parameters D24m, country spec'!$F$52*'CH4 per kg feed'!K93)/'Production D24m'!F15 -> 1.4797103e-08 | N28: =('Production D24m'!$F$5*'Parameters D24m, country spec'!$F$51*'CH4 per kg feed'!M92+('Production D24m'!$F$6+'Production D24m'!$F$7)*'Parameters D24m, country spec'!$F$52*'CH4 per kg feed'!M93)/'Production D24m'!F15 -> 2.6677772e-10 | O28: =('Production D24m'!$F$5*'Parameters D24m, country spec'!$F$51*'CH4 per kg feed'!N92+('Production D24m'!$F$6+'Production D24m'!$F$7)*'Parameters D24m, country spec'!$F$52*'CH4 per kg feed'!N93)/'Production D24m'!F15 -> 9.2960805e-09 | P28: =('Production D24m'!$F$5*'Parameters D24m, country spec'!$F$51*'CH4 per kg feed'!O92+('Production D24m'!$F$6+'Production D24m'!$F$7)*'Parameters D24m, country spec'!$F$52*'CH4 per kg feed'!O93)/'Production D24m'!F15 -> 0 | Q28: =('Production D24m'!$F$5*'Parameters D24m, country spec'!$F$51*'CH4 per kg feed'!P92+('Production D24m'!$F$6+'Production D24m'!$F$7)*'Parameters D24m, country spec'!$F$52*'CH4 per kg feed'!P93)/'Production D24m'!F15 -> 5.2416592e-07 | R28: =('Production D24m'!$F$5*'Parameters D24m, country spec'!$F$51*'CH4 per kg feed'!P92+('Production D24m'!$F$6+'Production D24m'!$F$7)*'Parameters D24m, country spec'!$F$52*'CH4 per kg feed'!P93)/'Production D24m'!F15 -> 5.2416592e-07 | W28: ='Production D24m'!$F$5*'Parameters D24m, country spec'!$F$58*EF_el_CH4_HU/'Production D24m'!F15 -> 9.3946164e-08 | X28: ='Production D24m'!$F$12*(Energy_slaughter_el_HU*EF_el_CH4_HU+Energy_slaughter_oil_HU*EF_oil_CH4)/'Production D24m'!F15 -> 0
A29: A01QV | B29: Bovine muscle | C29: Meat and meat products | D29: Hungary | E29: HU | F29: CH4, biogenic | G29: =SUM(H29:X29) -> 1.1150113 | S29: =('Production D24m'!$F$5*EF_ent_ferm_HU+('Production D24m'!$F$6+'Production D24m'!$F$7)*EF_ent_ferm_HU)/'Production D24m'!F15 -> 0.66390041 | T29: =SUM(U29:V29) -> 0.22555543 | U29: =Manure!$K$34/'Production D24m'!F15 -> 0.22555543
A30: A01QV | B30: Bovine muscle | C30: Meat and meat products | D30: Hungary | E30: HU | F30: N2O | G30: =SUM(H30:X30) -> 0.052248825 | H30: =('Production D24m'!$F$5*'Parameters D24m, country spec'!$F$51*'N2O per kg feed'!G92+('Production D24m'!$F$6+'Production D24m'!$F$7)*'Parameters D24m, country spec'!$F$52*'N2O per kg feed'!G93)/'Production D24m'!F15 -> 9.0141075e-08 | I30: =('Production D24m'!$F$5*'Parameters D24m, country spec'!$F$51*'N2O per kg feed'!H92+('Production D24m'!$F$6+'Production D24m'!$F$7)*'Parameters D24m, country spec'!$F$52*'N2O per kg feed'!H93)/'Production D24m'!F15 -> 1.192212e-09 | J30: =('Production D24m'!$F$5*'Parameters D24m, country spec'!$F$51*'N2O per kg feed'!I92+('Production D24m'!$F$6+'Production D24m'!$F$7)*'Parameters D24m, country spec'!$F$52*'N2O per kg feed'!I93+Manure!K156)/'Production D24m'!F15 -> 0.0070791035 | K30: =J30*EF_indirect_N2O_DK -> 0.00070791035 | L30: =('Production D24m'!$F$5*'Parameters D24m, country spec'!$F$51*'N2O per kg feed'!K92+('Production D24m'!$F$6+'Production D24m'!$F$7)*'Parameters D24m, country spec'!$F$52*'N2O per kg feed'!K93)/'Production D24m'!F15 -> 8.9744307e-10 | N30: =('Production D24m'!$F$5*'Parameters D24m, country spec'!$F$51*'N2O per kg feed'!M92+('Production D24m'!$F$6+'Production D24m'!$F$7)*'Parameters D24m, country spec'!$F$52*'N2O per kg feed'!M93)/'Production D24m'!F15 -> 3.2831919e-12 | O30: =('Production D24m'!$F$5*'Parameters D24m, country spec'!$F$51*'N2O per kg feed'!N92+('Production D24m'!$F$6+'Production D24m'!$F$7)*'Parameters D24m, country spec'!$F$52*'N2O per kg feed'!N93)/'Production D24m'!F15 -> 4.1358262e-10 | P30: =('Production D24m'!$F$5*'Parameters D24m, country spec'!$F$51*'N2O per kg feed'!O92+('Production D24m'!$F$6+'Production D24m'!$F$7)*'Parameters D24m, country spec'!$F$52*'N2O per kg feed'!O93)/'Production D24m'!F15 -> 0 | Q30: =('Production D24m'!$F$5*'Parameters D24m, country spec'!$F$51*'N2O per kg feed'!P92+('Production D24m'!$F$6+'Production D24m'!$F$7)*'Parameters D24m, country spec'!$F$52*'N2O per kg feed'!P93)/'Production D24m'!F15 -> 5.0537774e-08 | R30: =('Production D24m'!$F$5*'Parameters D24m, country spec'!$F$51*'N2O per kg feed'!P92+('Production D24m'!$F$6+'Production D24m'!$F$7)*'Parameters D24m, country spec'!$F$52*'N2O per kg feed'!P93)/'Production D24m'!F15 -> 5.0537774e-08 | T30: =SUM(U30:V30) -> 0.022230808 | U30: =Manure!$K$92*44/28/'Production D24m'!F15 -> 0.016666584 | V30: =Manure!$K$159*17/14*Manure!$J$122/'Production D24m'!F15 -> 0.0055642244 | W30: ='Production D24m'!$F$5*'Parameters D24m, country spec'!$F$58*EF_el_N2O_HU/'Production D24m'!F15 -> 1.3036429e-09 | X30: ='Production D24m'!$F$12*(Energy_slaughter_el_HU*EF_el_N2O_HU+Energy_slaughter_oil_HU*EF_oil_N2O)/'Production D24m'!F15 -> 0
A31: A01QV | B31: Bovine muscle | C31: Meat and meat products | D31: Hungary | E31: HU | F31: CO2e | G31: =SUM(H31:X31) -> 32.210533 | H31: =SUMPRODUCT(H27:H30,'Parameters, general'!$B$23:$B$26) -> 6.7798992e-05 | I31: =SUMPRODUCT(I27:I30,'Parameters, general'!$B$23:$B$26) -> 3.3197388e-05 | J31: =SUMPRODUCT(J27:J30,'Parameters, general'!$B$23:$B$26) -> 1.9325953 | K31: =SUMPRODUCT(K27:K30,'Parameters, general'!$B$23:$B$26) -> 0.19325953 | L31: =SUMPRODUCT(L27:L30,'Parameters, general'!$B$23:$B$26) -> 3.4044254e-05 | M31: =SUMPRODUCT(M27:M30,'Parameters, general'!$B$23:$B$26) -> 0 | N31: =SUMPRODUCT(N27:N30,'Parameters, general'!$B$23:$B$26) -> 6.8843796e-08 | O31: =SUMPRODUCT(O27:O30,'Parameters, general'!$B$23:$B$26) -> 1.1967736e-05 | ... T31: =SUMPRODUCT(T27:T30,'Parameters, general'!$B$23:$B$26) -> 12.159007 | W31: =SUMPRODUCT(W27:W30,'Parameters, general'!$B$23:$B$26) -> 4.0363861e-05 | X31: =SUMPRODUCT(X27:X30,'Parameters, general'!$B$23:$B$26) -> 0 | Z31: =SUM(H31:R31) -> 2.126174 | AA31: ='CO2 per kg feed'!F92+'CH4 per kg feed'!F92*CF_GWP_CH4_fossil+'N2O per kg feed'!F92*CF_GWP_N2O -> 0.27981966
A32: A01QV | B32: Bovine muscle | C32: Meat and meat products | D32: Ireland | E32: IE | F32: CO2 | G32: =SUM(H32:X32) -> 0.00014497157 | H32: =('Production D24m'!$G$5*'Parameters D24m, country spec'!$G$51*'CO2 per kg feed'!G110+('Production D24m'!$G$6+'Production D24m'!$G$7)*'Parameters D24m, country spec'!$G$52*'CO2 per kg feed'!G111)/'Production D24m'!G15 -> 4.0782385e-05 | I32: =('Production D24m'!$G$5*'Parameters D24m, country spec'!$G$51*'CO2 per kg feed'!H110+('Production D24m'!$G$6+'Production D24m'!$G$7)*'Parameters D24m, country spec'!$G$52*'CO2 per kg feed'!H111)/'Production D24m'!G15 -> 3.2846359e-05 | L32: =('Production D24m'!$G$5*'Parameters D24m, country spec'!$G$51*'CO2 per kg feed'!K110+('Production D24m'!$G$6+'Production D24m'!$G$7)*'Parameters D24m, country spec'!$G$52*'CO2 per kg feed'!K111)/'Production D24m'!G15 -> 2.038823e-05 | N32: =('Production D24m'!$G$5*'Parameters D24m, country spec'!$G$51*'CO2 per kg feed'!M110+('Production D24m'!$G$6+'Production D24m'!$G$7)*'Parameters D24m, country spec'!$G$52*'CO2 per kg feed'!M111)/'Production D24m'!G15 -> 3.9098595e-09 | O32: =('Production D24m'!$G$5*'Parameters D24m, country spec'!$G$51*'CO2 per kg feed'!N110+('Production D24m'!$G$6+'Production D24m'!$G$7)*'Parameters D24m, country spec'!$G$52*'CO2 per kg feed'!N111)/'Production D24m'!G15 -> 9.6033836e-06 | P32: =('Production D24m'!$G$5*'Parameters D24m, country spec'!$G$51*'CO2 per kg feed'!O110+('Production D24m'!$G$6+'Production D24m'!$G$7)*'Parameters D24m, country spec'!$G$52*'CO2 per kg feed'!O111)/'Production D24m'!G15 -> 4.285782e-06 | Q32: =('Production D24m'!$G$5*'Parameters D24m, country spec'!$G$51*'CO2 per kg feed'!P110+('Production D24m'!$G$6+'Production D24m'!$G$7)*'Parameters D24m, country spec'!$G$52*'CO2 per kg feed'!P111)/'Production D24m'!G15 -> 1.8535818e-06 | R32: =('Production D24m'!$G$5*'Parameters D24m, country spec'!$G$51*'CO2 per kg feed'!P110+('Production D24m'!$G$6+'Production D24m'!$G$7)*'Parameters D24m, country spec'!$G$52*'CO2 per kg feed'!P111)/'Production D24m'!G15 -> 1.8535818e-06 | W32: ='Production D24m'!$G$5*'Parameters D24m, country spec'!$G$58*EF_el_CO2_IE/'Production D24m'!G15 -> 3.3354358e-05 | X32: ='Production D24m'!$G$12*(Energy_slaughter_el_IE*EF_el_CO2_IE+Energy_slaughter_oil_IE*EF_oil_CO2)/'Production D24m'!G15 -> 0
A33: A01QV | B33: Bovine muscle | C33: Meat and meat products | D33: Ireland | E33: IE | F33: CH4, fossil | G33: =SUM(H33:X33) -> 2.831295e-07 | H33: =('Production D24m'!$G$5*'Parameters D24m, country spec'!$G$51*'CH4 per kg feed'!G110+('Production D24m'!$G$6+'Production D24m'!$G$7)*'Parameters D24m, country spec'!$G$52*'CH4 per kg feed'!G111)/'Production D24m'!G15 -> 7.5880942e-08 | I33: =('Production D24m'!$G$5*'Parameters D24m, country spec'!$G$51*'CH4 per kg feed'!H110+('Production D24m'!$G$6+'Production D24m'!$G$7)*'Parameters D24m, country spec'!$G$52*'CH4 per kg feed'!H111)/'Production D24m'!G15 -> 1.1665976e-07 | L33: =('Production D24m'!$G$5*'Parameters D24m, country spec'!$G$51*'CH4 per kg feed'!K110+('Production D24m'!$G$6+'Production D24m'!$G$7)*'Parameters D24m, country spec'!$G$52*'CH4 per kg feed'!K111)/'Production D24m'!G15 -> 8.9978643e-09 | N33: =('Production D24m'!$G$5*'Parameters D24m, country spec'!$G$51*'CH4 per kg feed'!M110+('Production D24m'!$G$6+'Production D24m'!$G$7)*'Parameters D24m, country spec'!$G$52*'CH4 per kg feed'!M111)/'Production D24m'!G15 -> 1.3881188e-10 | O33: =('Production D24m'!$G$5*'Parameters D24m, country spec'!$G$51*'CH4 per kg feed'!N110+('Production D24m'!$G$6+'Production D24m'!$G$7)*'Parameters D24m, country spec'!$G$52*'CH4 per kg feed'!N111)/'Production D24m'!G15 -> 5.0414879e-09 | P33: =('Production D24m'!$G$5*'Parameters D24m, country spec'!$G$51*'CH4 per kg feed'!O110+('Production D24m'!$G$6+'Production D24m'!$G$7)*'Parameters D24m, country spec'!$G$52*'CH4 per kg feed'!O111)/'Production D24m'!G15 -> 0 | Q33: =('Production D24m'!$G$5*'Parameters D24m, country spec'!$G$51*'CH4 per kg feed'!P110+('Production D24m'!$G$6+'Production D24m'!$G$7)*'Parameters D24m, country spec'!$G$52*'CH4 per kg feed'!P111)/'Production D24m'!G15 -> 2.0232596e-08 | R33: =('Production D24m'!$G$5*'Parameters D24m, country spec'!$G$51*'CH4 per kg feed'!P110+('Production D24m'!$G$6+'Production D24m'!$G$7)*'Parameters D24m, country spec'!$G$52*'CH4 per kg feed'!P111)/'Production D24m'!G15 -> 2.0232596e-08 | W33: ='Production D24m'!$G$5*'Parameters D24m, country spec'!$G$58*EF_el_CH4_IE/'Production D24m'!G15 -> 3.5945445e-08 | X33: ='Production D24m'!$G$12*(Energy_slaughter_el_IE*EF_el_CH4_IE+Energy_slaughter_oil_IE*EF_oil_CH4)/'Production D24m'!G15 -> 0
A34: A01QV | B34: Bovine muscle | C34: Meat and meat products | D34: Ireland | E34: IE | F34: CH4, biogenic | G34: =SUM(H34:X34) -> 1.0769229 | S34: =('Production D24m'!$G$5*EF_ent_ferm_IE+('Production D24m'!$G$6+'Production D24m'!$G$7)*EF_ent_ferm_IE)/'Production D24m'!G15 -> 0.66390041 | T34: =SUM(U34:V34) -> 0.20651126 | U34: =Manure!$M$34/'Production D24m'!G15 -> 0.20651126
A35: A01QV | B35: Bovine muscle | C35: Meat and meat products | D35: Ireland | E35: IE | F35: N2O | G35: =SUM(H35:X35) -> 0.032833487 | H35: =('Production D24m'!$G$5*'Parameters D24m, country spec'!$G$51*'N2O per kg feed'!G110+('Production D24m'!$G$6+'Production D24m'!$G$7)*'Parameters D24m, country spec'!$G$52*'N2O per kg feed'!G111)/'Production D24m'!G15 -> 9.053698e-08 | I35: =('Production D24m'!$G$5*'Parameters D24m, country spec'!$G$51*'N2O per kg feed'!H110+('Production D24m'!$G$6+'Production D24m'!$G$7)*'Parameters D24m, country spec'!$G$52*'N2O per kg feed'!H111)/'Production D24m'!G15 -> 1.3164002e-09 | J35: =('Production D24m'!$G$5*'Parameters D24m, country spec'!$G$51*'N2O per kg feed'!I110+('Production D24m'!$G$6+'Production D24m'!$G$7)*'Parameters D24m, country spec'!$G$52*'N2O per kg feed'!I111+Manure!ME156)/'Production D24m'!G15 -> 3.1637544e-07 | K35: =J35*EF_indirect_N2O_DK -> 3.1637544e-08 | L35: =('Production D24m'!$G$5*'Parameters D24m, country spec'!$G$51*'N2O per kg feed'!K110+('Production D24m'!$G$6+'Production D24m'!$G$7)*'Parameters D24m, country spec'!$G$52*'N2O per kg feed'!K111)/'Production D24m'!G15 -> 5.4549914e-10 | N35: =('Production D24m'!$G$5*'Parameters D24m, country spec'!$G$51*'N2O per kg feed'!M110+('Production D24m'!$G$6+'Production D24m'!$G$7)*'Parameters D24m, country spec'!$G$52*'N2O per kg feed'!M111)/'Production D24m'!G15 -> 1.7073585e-12 | O35: =('Production D24m'!$G$5*'Parameters D24m, country spec'!$G$51*'N2O per kg feed'!N110+('Production D24m'!$G$6+'Production D24m'!$G$7)*'Parameters D24m, country spec'!$G$52*'N2O per kg feed'!N111)/'Production D24m'!G15 -> 3.4223394e-10 | P35: =('Production D24m'!$G$5*'Parameters D24m, country spec'!$G$51*'N2O per kg feed'!O110+('Production D24m'!$G$6+'Production D24m'!$G$7)*'Parameters D24m, country spec'!$G$52*'N2O per kg feed'!O111)/'Production D24m'!G15 -> 0 | Q35: =('Production D24m'!$G$5*'Parameters D24m, country spec'!$G$51*'N2O per kg feed'!P110+('Production D24m'!$G$6+'Production D24m'!$G$7)*'Parameters D24m, country spec'!$G$52*'N2O per kg feed'!P111)/'Production D24m'!G15 -> 1.9554468e-09 | R35: =('Production D24m'!$G$5*'Parameters D24m, country spec'!$G$51*'N2O per kg feed'!P110+('Production D24m'!$G$6+'Production D24m'!$G$7)*'Parameters D24m, country spec'!$G$52*'N2O per kg feed'!P111)/'Production D24m'!G15 -> 1.9554468e-09 | T35: =SUM(U35:V35) -> 0.01641652 | U35: =Manure!$M$92*44/28/'Production D24m'!G15 -> 0.011910568 | V35: =Manure!$M$159*17/14*Manure!$L$122/'Production D24m'!G15 -> 0.0045059528 | W35: ='Production D24m'!$G$5*'Parameters D24m, country spec'!$G$58*EF_el_N2O_IE/'Production D24m'!G15 -> 1.2253245e-09 | X35: ='Production D24m'!$G$12*(Energy_slaughter_el_IE*EF_el_N2O_IE+Energy_slaughter_oil_IE*EF_oil_N2O)/'Production D24m'!G15 -> 0
A36: A01QV | B36: Bovine muscle | C36: Meat and meat products | D36: Ireland | E36: IE | F36: CO2e | G36: =SUM(H36:X36) -> 27.9831 | H36: =SUMPRODUCT(H32:H35,'Parameters, general'!$B$23:$B$26) -> 6.7760233e-05 | I36: =SUMPRODUCT(I32:I35,'Parameters, general'!$B$23:$B$26) -> 3.6682197e-05 | J36: =SUMPRODUCT(J32:J35,'Parameters, general'!$B$23:$B$26) -> 8.6370496e-05 | K36: =SUMPRODUCT(K32:K35,'Parameters, general'!$B$23:$B$26) -> 8.6370496e-06 | L36: =SUMPRODUCT(L32:L35,'Parameters, general'!$B$23:$B$26) -> 2.0805288e-05 | M36: =SUMPRODUCT(M32:M35,'Parameters, general'!$B$23:$B$26) -> 0 | N36: =SUMPRODUCT(N32:N35,'Parameters, general'!$B$23:$B$26) -> 8.5125625e-09 | O36: =SUMPRODUCT(O32:O35,'Parameters, general'!$B$23:$B$26) -> 9.8470498e-06 | ... T36: =SUMPRODUCT(T32:T35,'Parameters, general'!$B$23:$B$26) -> 10.057514 | W36: =SUMPRODUCT(W32:W35,'Parameters, general'!$B$23:$B$26) -> 3.4760046e-05 | X36: =SUMPRODUCT(X32:X35,'Parameters, general'!$B$23:$B$26) -> 0 | Z36: =SUM(H36:R36) -> 0.00024037731 | AA36: ='CO2 per kg feed'!F110+'CH4 per kg feed'!F110*CF_GWP_CH4_fossil+'N2O per kg feed'!F110*CF_GWP_N2O -> 0.18877321
A37: A01QV | B37: Bovine muscle | C37: Meat and meat products | D37: Italy | E37: IT | F37: CO2 | G37: =SUM(H37:X37) -> 0.00016863493 | H37: =('Production D24m'!$H$5*'Parameters D24m, country spec'!$H$51*'CO2 per kg feed'!G128+('Production D24m'!$H$6+'Production D24m'!$H$7)*'Parameters D24m, country spec'!$H$52*'CO2 per kg feed'!G129)/'Production D24m'!H15 -> 2.6547434e-05 | I37: =('Production D24m'!$H$5*'Parameters D24m, country spec'!$H$51*'CO2 per kg feed'!H128+('Production D24m'!$H$6+'Production D24m'!$H$7)*'Parameters D24m, country spec'!$H$52*'CO2 per kg feed'!H129)/'Production D24m'!H15 -> 2.825145e-05 | L37: =('Production D24m'!$H$5*'Parameters D24m, country spec'!$H$51*'CO2 per kg feed'!K128+('Production D24m'!$H$6+'Production D24m'!$H$7)*'Parameters D24m, country spec'!$H$52*'CO2 per kg feed'!K129)/'Production D24m'!H15 -> 1.4940974e-05 | N37: =('Production D24m'!$H$5*'Parameters D24m, country spec'!$H$51*'CO2 per kg feed'!M128+('Production D24m'!$H$6+'Production D24m'!$H$7)*'Parameters D24m, country spec'!$H$52*'CO2 per kg feed'!M129)/'Production D24m'!H15 -> 6.8506944e-07 | O37: =('Production D24m'!$H$5*'Parameters D24m, country spec'!$H$51*'CO2 per kg feed'!N128+('Production D24m'!$H$6+'Production D24m'!$H$7)*'Parameters D24m, country spec'!$H$52*'CO2 per kg feed'!N129)/'Production D24m'!H15 -> 3.566647e-06 | P37: =('Production D24m'!$H$5*'Parameters D24m, country spec'!$H$51*'CO2 per kg feed'!O128+('Production D24m'!$H$6+'Production D24m'!$H$7)*'Parameters D24m, country spec'!$H$52*'CO2 per kg feed'!O129)/'Production D24m'!H15 -> 1.6949289e-05 | Q37: =('Production D24m'!$H$5*'Parameters D24m, country spec'!$H$51*'CO2 per kg feed'!P128+('Production D24m'!$H$6+'Production D24m'!$H$7)*'Parameters D24m, country spec'!$H$52*'CO2 per kg feed'!P129)/'Production D24m'!H15 -> 2.2761222e-05 | R37: =('Production D24m'!$H$5*'Parameters D24m, country spec'!$H$51*'CO2 per kg feed'!P128+('Production D24m'!$H$6+'Production D24m'!$H$7)*'Parameters D24m, country spec'!$H$52*'CO2 per kg feed'!P129)/'Production D24m'!H15 -> 2.2761222e-05 | W37: ='Production D24m'!$H$5*'Parameters D24m, country spec'!$H$58*EF_el_CO2_IT/'Production D24m'!H15 -> 3.2171621e-05 | X37: ='Production D24m'!$H$12*(Energy_slaughter_el_IT*EF_el_CO2_IT+Energy_slaughter_oil_IT*EF_oil_CO2)/'Production D24m'!H15 -> 0
A38: A01QV | B38: Bovine muscle | C38: Meat and meat products | D38: Italy | E38: IT | F38: CH4, fossil | G38: =SUM(H38:X38) -> 9.4642631e-07 | H38: =('Production D24m'!$H$5*'Parameters D24m, country spec'!$H$51*'CH4 per kg feed'!G128+('Production D24m'!$H$6+'Production D24m'!$H$7)*'Parameters D24m, country spec'!$H$52*'CH4 per kg feed'!G129)/'Production D24m'!H15 -> 4.9171712e-08 | I38: =('Production D24m'!$H$5*'Parameters D24m, country spec'!$H$51*'CH4 per kg feed'!H128+('Production D24m'!$H$6+'Production D24m'!$H$7)*'Parameters D24m, country spec'!$H$52*'CH4 per kg feed'!H129)/'Production D24m'!H15 -> 9.9630454e-08 | L38: =('Production D24m'!$H$5*'Parameters D24m, country spec'!$H$51*'CH4 per kg feed'!K128+('Production D24m'!$H$6+'Production D24m'!$H$7)*'Parameters D24m, country spec'!$H$52*'CH4 per kg feed'!K129)/'Production D24m'!H15 -> 6.617367e-09 | N38: =('Production D24m'!$H$5*'Parameters D24m, country spec'!$H$51*'CH4 per kg feed'!M128+('Production D24m'!$H$6+'Production D24m'!$H$7)*'Parameters D24m, country spec'!$H$52*'CH4 per kg feed'!M129)/'Production D24m'!H15 -> 2.2361977e-09 | O38: =('Production D24m'!$H$5*'Parameters D24m, country spec'!$H$51*'CH4 per kg feed'!N128+('Production D24m'!$H$6+'Production D24m'!$H$7)*'Parameters D24m, country spec'!$H$52*'CH4 per kg feed'!N129)/'Production D24m'!H15 -> 3.3421989e-09 | P38: =('Production D24m'!$H$5*'Parameters D24m, country spec'!$H$51*'CH4 per kg feed'!O128+('Production D24m'!$H$6+'Production D24m'!$H$7)*'Parameters D24m, country spec'!$H$52*'CH4 per kg feed'!O129)/'Production D24m'!H15 -> 0 | Q38: =('Production D24m'!$H$5*'Parameters D24m, country spec'!$H$51*'CH4 per kg feed'!P128+('Production D24m'!$H$6+'Production D24m'!$H$7)*'Parameters D24m, country spec'!$H$52*'CH4 per kg feed'!P129)/'Production D24m'!H15 -> 3.2278554e-07 | R38: =('Production D24m'!$H$5*'Parameters D24m, country spec'!$H$51*'CH4 per kg feed'!P128+('Production D24m'!$H$6+'Production D24m'!$H$7)*'Parameters D24m, country spec'!$H$52*'CH4 per kg feed'!P129)/'Production D24m'!H15 -> 3.2278554e-07 | W38: ='Production D24m'!$H$5*'Parameters D24m, country spec'!$H$58*EF_el_CH4_IT/'Production D24m'!H15 -> 1.398573e-07 | X38: ='Production D24m'!$H$12*(Energy_slaughter_el_IT*EF_el_CH4_IT+Energy_slaughter_oil_IT*EF_oil_CH4)/'Production D24m'!H15 -> 0
A39: A01QV | B39: Bovine muscle | C39: Meat and meat products | D39: Italy | E39: IT | F39: CH4, biogenic | G39: =SUM(H39:X39) -> 1.3328476 | S39: =('Production D24m'!$H$5*EF_ent_ferm_IT+('Production D24m'!$H$6+'Production D24m'!$H$7)*EF_ent_ferm_IT)/'Production D24m'!H15 -> 0.66390041 | T39: =SUM(U39:V39) -> 0.33447359 | U39: =Manure!$O$34/'Production D24m'!H15 -> 0.33447359
A40: A01QV | B40: Bovine muscle | C40: Meat and meat products | D40: Italy | E40: IT | F40: N2O | G40: =SUM(H40:X40) -> 0.053867572 | H40: =('Production D24m'!$H$5*'Parameters D24m, country spec'!$H$51*'N2O per kg feed'!G128+('Production D24m'!$H$6+'Production D24m'!$H$7)*'Parameters D24m, country spec'!$H$52*'N2O per kg feed'!G129)/'Production D24m'!H15 -> 5.8408312e-08 | I40: =('Production D24m'!$H$5*'Parameters D24m, country spec'!$H$51*'N2O per kg feed'!H128+('Production D24m'!$H$6+'Production D24m'!$H$7)*'Parameters D24m, country spec'!$H$52*'N2O per kg feed'!H129)/'Production D24m'!H15 -> 1.1464409e-09 | J40: =('Production D24m'!$H$5*'Parameters D24m, country spec'!$H$51*'N2O per kg feed'!I128+('Production D24m'!$H$6+'Production D24m'!$H$7)*'Parameters D24m, country spec'!$H$52*'N2O per kg feed'!I129+Manure!O156)/'Production D24m'!H15 -> 0.0061909925 | K40: =J40*EF_indirect_N2O_DK -> 0.00061909925 | L40: =('Production D24m'!$H$5*'Parameters D24m, country spec'!$H$51*'N2O per kg feed'!K128+('Production D24m'!$H$6+'Production D24m'!$H$7)*'Parameters D24m, country spec'!$H$52*'N2O per kg feed'!K129)/'Production D24m'!H15 -> 4.0139766e-10 | N40: =('Production D24m'!$H$5*'Parameters D24m, country spec'!$H$51*'N2O per kg feed'!M128+('Production D24m'!$H$6+'Production D24m'!$H$7)*'Parameters D24m, country spec'!$H$52*'N2O per kg feed'!M129)/'Production D24m'!H15 -> 2.7523547e-11 | O40: =('Production D24m'!$H$5*'Parameters D24m, country spec'!$H$51*'N2O per kg feed'!N128+('Production D24m'!$H$6+'Production D24m'!$H$7)*'Parameters D24m, country spec'!$H$52*'N2O per kg feed'!N129)/'Production D24m'!H15 -> 1.3066896e-10 | P40: =('Production D24m'!$H$5*'Parameters D24m, country spec'!$H$51*'N2O per kg feed'!O128+('Production D24m'!$H$6+'Production D24m'!$H$7)*'Parameters D24m, country spec'!$H$52*'N2O per kg feed'!O129)/'Production D24m'!H15 -> 0 | Q40: =('Production D24m'!$H$5*'Parameters D24m, country spec'!$H$51*'N2O per kg feed'!P128+('Production D24m'!$H$6+'Production D24m'!$H$7)*'Parameters D24m, country spec'!$H$52*'N2O per kg feed'!P129)/'Production D24m'!H15 -> 3.1100276e-08 | R40: =('Production D24m'!$H$5*'Parameters D24m, country spec'!$H$51*'N2O per kg feed'!P128+('Production D24m'!$H$6+'Production D24m'!$H$7)*'Parameters D24m, country spec'!$H$52*'N2O per kg feed'!P129)/'Production D24m'!H15 -> 3.1100276e-08 | T40: =SUM(U40:V40) -> 0.023528678 | U40: =Manure!$O$92*44/28/'Production D24m'!H15 -> 0.015895576 | V40: =Manure!$O$159*17/14*Manure!$N$122/'Production D24m'!H15 -> 0.0076331025 | W40: ='Production D24m'!$H$5*'Parameters D24m, country spec'!$H$58*EF_el_N2O_IT/'Production D24m'!H15 -> 1.4000124e-09 | X40: ='Production D24m'!$H$12*(Energy_slaughter_el_IT*EF_el_N2O_IT+Energy_slaughter_oil_IT*EF_oil_N2O)/'Production D24m'!H15 -> 0
A41: A01QV | B41: Bovine muscle | C41: Meat and meat products | D41: Italy | E41: IT | F41: CO2e | G41: =SUM(H41:X41) -> 35.238813 | H41: =SUMPRODUCT(H37:H40,'Parameters, general'!$B$23:$B$26) -> 4.395822e-05 | I41: =SUMPRODUCT(I37:I40,'Parameters, general'!$B$23:$B$26) -> 3.1533416e-05 | J41: =SUMPRODUCT(J37:J40,'Parameters, general'!$B$23:$B$26) -> 1.690141 | K41: =SUMPRODUCT(K37:K40,'Parameters, general'!$B$23:$B$26) -> 0.1690141 | L41: =SUMPRODUCT(L37:L40,'Parameters, general'!$B$23:$B$26) -> 1.5247753e-05 | M41: =SUMPRODUCT(M37:M40,'Parameters, general'!$B$23:$B$26) -> 0 | N41: =SUMPRODUCT(N37:N40,'Parameters, general'!$B$23:$B$26) -> 7.5922206e-07 | O41: =SUMPRODUCT(O37:O40,'Parameters, general'!$B$23:$B$26) -> 3.7019171e-06 | ... T41: =SUMPRODUCT(T37:T40,'Parameters, general'!$B$23:$B$26) -> 15.454116 | W41: =SUMPRODUCT(W37:W40,'Parameters, general'!$B$23:$B$26) -> 3.6721572e-05 | X41: =SUMPRODUCT(X37:X40,'Parameters, general'!$B$23:$B$26) -> 0 | Z41: =SUM(H41:R41) -> 1.8593489 | AA41: ='CO2 per kg feed'!F128+'CH4 per kg feed'!F128*CF_GWP_CH4_fossil+'N2O per kg feed'!F128*CF_GWP_N2O -> 0.17614344
A42: A01QV | B42: Bovine muscle | C42: Meat and meat products | D42: Netherland | E42: NL | F42: CO2 | G42: =SUM(H42:X42) -> 0.00027509986 | H42: =('Production D24m'!$I$5*'Parameters D24m, country spec'!$I$51*'CO2 per kg feed'!G146+('Production D24m'!$I$6+'Production D24m'!$I$7)*'Parameters D24m, country spec'!$I$52*'CO2 per kg feed'!G146)/'Production D24m'!I15 -> 9.2520119e-05 | I42: =('Production D24m'!$I$5*'Parameters D24m, country spec'!$I$51*'CO2 per kg feed'!H146+('Production D24m'!$I$6+'Production D24m'!$I$7)*'Parameters D24m, country spec'!$I$52*'CO2 per kg feed'!H147)/'Production D24m'!I15 -> 3.1846366e-05 | L42: =('Production D24m'!$I$5*'Parameters D24m, country spec'!$I$51*'CO2 per kg feed'!K146+('Production D24m'!$I$6+'Production D24m'!$I$7)*'Parameters D24m, country spec'!$I$52*'CO2 per kg feed'!K147)/'Production D24m'!I15 -> 2.5823504e-05 | N42: =('Production D24m'!$I$5*'Parameters D24m, country spec'!$I$51*'CO2 per kg feed'!M146+('Production D24m'!$I$6+'Production D24m'!$I$7)*'Parameters D24m, country spec'!$I$52*'CO2 per kg feed'!M147)/'Production D24m'!I15 -> 2.1515025e-07 | O42: =('Production D24m'!$I$5*'Parameters D24m, country spec'!$I$51*'CO2 per kg feed'!N146+('Production D24m'!$I$6+'Production D24m'!$I$7)*'Parameters D24m, country spec'!$I$52*'CO2 per kg feed'!N147)/'Production D24m'!I15 -> 6.7395763e-06 | P42: =('Production D24m'!$I$5*'Parameters D24m, country spec'!$I$51*'CO2 per kg feed'!O146+('Production D24m'!$I$6+'Production D24m'!$I$7)*'Parameters D24m, country spec'!$I$52*'CO2 per kg feed'!O147)/'Production D24m'!I15 -> 2.648564e-05 | Q42: =('Production D24m'!$I$5*'Parameters D24m, country spec'!$I$51*'CO2 per kg feed'!P146+('Production D24m'!$I$6+'Production D24m'!$I$7)*'Parameters D24m, country spec'!$I$52*'CO2 per kg feed'!P147)/'Production D24m'!I15 -> 2.4594974e-05 | R42: =('Production D24m'!$I$5*'Parameters D24m, country spec'!$I$51*'CO2 per kg feed'!P146+('Production D24m'!$I$6+'Production D24m'!$I$7)*'Parameters D24m, country spec'!$I$52*'CO2 per kg feed'!P147)/'Production D24m'!I15 -> 2.4594974e-05 | W42: ='Production D24m'!$I$5*'Parameters D24m, country spec'!$I$58*EF_el_CO2_NL/'Production D24m'!I15 -> 4.2279553e-05 | X42: ='Production D24m'!$I$12*(Energy_slaughter_el_NL*EF_el_CO2_NL+Energy_slaughter_oil_NL*EF_oil_CO2)/'Production D24m'!I15 -> 0
A43: A01QV | B43: Bovine muscle | C43: Meat and meat products | D43: Netherland | E43: NL | F43: CH4, fossil | G43: =SUM(H43:X43) -> 1.0181103e-06 | H43: =('Production D24m'!$I$5*'Parameters D24m, country spec'!$I$51*'CH4 per kg feed'!G146+('Production D24m'!$I$6+'Production D24m'!$I$7)*'Parameters D24m, country spec'!$I$52*'CH4 per kg feed'!G147)/'Production D24m'!I15 -> 1.7095319e-07 | I43: =('Production D24m'!$I$5*'Parameters D24m, country spec'!$I$51*'CH4 per kg feed'!H146+('Production D24m'!$I$6+'Production D24m'!$I$7)*'Parameters D24m, country spec'!$I$52*'CH4 per kg feed'!H147)/'Production D24m'!I15 -> 1.1226429e-07 | L43: =('Production D24m'!$I$5*'Parameters D24m, country spec'!$I$51*'CH4 per kg feed'!K146+('Production D24m'!$I$6+'Production D24m'!$I$7)*'Parameters D24m, country spec'!$I$52*'CH4 per kg feed'!K147)/'Production D24m'!I15 -> 1.1437727e-08 | N43: =('Production D24m'!$I$5*'Parameters D24m, country spec'!$I$51*'CH4 per kg feed'!M146+('Production D24m'!$I$6+'Production D24m'!$I$7)*'Parameters D24m, country spec'!$I$52*'CH4 per kg feed'!M147)/'Production D24m'!I15 -> 7.0785446e-10 | O43: =('Production D24m'!$I$5*'Parameters D24m, country spec'!$I$51*'CH4 per kg feed'!N146+('Production D24m'!$I$6+'Production D24m'!$I$7)*'Parameters D24m, country spec'!$I$52*'CH4 per kg feed'!N147)/'Production D24m'!I15 -> 4.7050848e-09 | P43: =('Production D24m'!$I$5*'Parameters D24m, country spec'!$I$51*'CH4 per kg feed'!O146+('Production D24m'!$I$6+'Production D24m'!$I$7)*'Parameters D24m, country spec'!$I$52*'CH4 per kg feed'!O147)/'Production D24m'!I15 -> 0 | Q43: =('Production D24m'!$I$5*'Parameters D24m, country spec'!$I$51*'CH4 per kg feed'!P146+('Production D24m'!$I$6+'Production D24m'!$I$7)*'Parameters D24m, country spec'!$I$52*'CH4 per kg feed'!P147)/'Production D24m'!I15 -> 3.1716671e-07 | R43: =('Production D24m'!$I$5*'Parameters D24m, country spec'!$I$51*'CH4 per kg feed'!P146+('Production D24m'!$I$6+'Production D24m'!$I$7)*'Parameters D24m, country spec'!$I$52*'CH4 per kg feed'!P147)/'Production D24m'!I15 -> 3.1716671e-07 | W43: ='Production D24m'!$I$5*'Parameters D24m, country spec'!$I$58*EF_el_CH4_NL/'Production D24m'!I15 -> 8.3708688e-08 | X43: ='Production D24m'!$I$12*(Energy_slaughter_el_NL*EF_el_CH4_NL+Energy_slaughter_oil_NL*EF_oil_CH4)/'Production D24m'!I15 -> 0
A44: A01QV | B44: Bovine muscle | C44: Meat and meat products | D44: Netherland | E44: NL | F44: CH4, biogenic | G44: =SUM(H44:X44) -> 0.77875629 | S44: =('Production D24m'!$I$5*EF_ent_ferm_NL+('Production D24m'!$I$6+'Production D24m'!$I$7)*EF_ent_ferm_NL)/'Production D24m'!I15 -> 0.66390041 | T44: =SUM(U44:V44) -> 0.05742794 | U44: =Manure!$Q$34/'Production D24m'!I15 -> 0.05742794
A45: A01QV | B45: Bovine muscle | C45: Meat and meat products | D45: Netherland | E45: NL | F45: N2O | G45: =SUM(H45:X45) -> 0.023541498 | H45: =('Production D24m'!$I$5*'Parameters D24m, country spec'!$I$51*'N2O per kg feed'!G146+('Production D24m'!$I$6+'Production D24m'!$I$7)*'Parameters D24m, country spec'!$I$52*'N2O per kg feed'!G147)/'Production D24m'!I15 -> 2.0349896e-07 | I45: =('Production D24m'!$I$5*'Parameters D24m, country spec'!$I$51*'N2O per kg feed'!H146+('Production D24m'!$I$6+'Production D24m'!$I$7)*'Parameters D24m, country spec'!$I$52*'N2O per kg feed'!H147)/'Production D24m'!I15 -> 1.2931993e-09 | J45: =('Production D24m'!$I$5*'Parameters D24m, country spec'!$I$51*'N2O per kg feed'!I146+('Production D24m'!$I$6+'Production D24m'!$I$7)*'Parameters D24m, country spec'!$I$52*'N2O per kg feed'!I147+Manure!Q156)/'Production D24m'!I15 -> 0.0062514773 | K45: =J45*EF_indirect_N2O_NL -> 0.00062514773 | L45: =('Production D24m'!$I$5*'Parameters D24m, country spec'!$I$51*'N2O per kg feed'!K146+('Production D24m'!$I$6+'Production D24m'!$I$7)*'Parameters D24m, country spec'!$I$52*'N2O per kg feed'!K147)/'Production D24m'!I15 -> 6.9380704e-10 | N45: =('Production D24m'!$I$5*'Parameters D24m, country spec'!$I$51*'N2O per kg feed'!M146+('Production D24m'!$I$6+'Production D24m'!$I$7)*'Parameters D24m, country spec'!$I$52*'N2O per kg feed'!M147)/'Production D24m'!I15 -> 8.7092388e-12 | O45: =('Production D24m'!$I$5*'Parameters D24m, country spec'!$I$51*'N2O per kg feed'!N146+('Production D24m'!$I$6+'Production D24m'!$I$7)*'Parameters D24m, country spec'!$I$52*'N2O per kg feed'!N147)/'Production D24m'!I15 -> 2.4259191e-10 | P45: =('Production D24m'!$I$5*'Parameters D24m, country spec'!$I$51*'N2O per kg feed'!O146+('Production D24m'!$I$6+'Production D24m'!$I$7)*'Parameters D24m, country spec'!$I$52*'N2O per kg feed'!O147)/'Production D24m'!I15 -> 0 | Q45: =('Production D24m'!$I$5*'Parameters D24m, country spec'!$I$51*'N2O per kg feed'!P146+('Production D24m'!$I$6+'Production D24m'!$I$7)*'Parameters D24m, country spec'!$I$52*'N2O per kg feed'!P147)/'Production D24m'!I15 -> 3.0552286e-08 | R45: =('Production D24m'!$I$5*'Parameters D24m, country spec'!$I$51*'N2O per kg feed'!P146+('Production D24m'!$I$6+'Production D24m'!$I$7)*'Parameters D24m, country spec'!$I$52*'N2O per kg feed'!P147)/'Production D24m'!I15 -> 3.0552286e-08 | T45: =SUM(U45:V45) -> 0.0083323022 | U45: =Manure!$Q$92*44/28/'Production D24m'!I15 -> 0.0051970036 | V45: =Manure!$Q$159*17/14*Manure!$P$122/'Production D24m'!I15 -> 0.0031352987 | W45: ='Production D24m'!$I$5*'Parameters D24m, country spec'!$I$58*EF_el_N2O_NL/'Production D24m'!I15 -> 1.6974088e-09 | X45: ='Production D24m'!$I$12*(Energy_slaughter_el_NL*EF_el_N2O_NL+Energy_slaughter_oil_NL*EF_oil_N2O)/'Production D24m'!I15 -> 0
A46: A01QV | B46: Bovine muscle | C46: Meat and meat products | D46: Netherland | E46: NL | F46: CO2e | G46: =SUM(H46:X46) -> 23.628281 | H46: =SUMPRODUCT(H42:H45,'Parameters, general'!$B$23:$B$26) -> 0.00015316974 | I46: =SUMPRODUCT(I42:I45,'Parameters, general'!$B$23:$B$26) -> 3.5544885e-05 | J46: =SUMPRODUCT(J42:J45,'Parameters, general'!$B$23:$B$26) -> 1.7066533 | K46: =SUMPRODUCT(K42:K45,'Parameters, general'!$B$23:$B$26) -> 0.17066533 | L46: =SUMPRODUCT(L42:L45,'Parameters, general'!$B$23:$B$26) -> 2.6353758e-05 | M46: =SUMPRODUCT(M42:M45,'Parameters, general'!$B$23:$B$26) -> 0 | N46: =SUMPRODUCT(N42:N45,'Parameters, general'!$B$23:$B$26) -> 2.3862194e-07 | O46: =SUMPRODUCT(O42:O45,'Parameters, general'!$B$23:$B$26) -> 6.9460155e-06 | ... T46: =SUMPRODUCT(T42:T45,'Parameters, general'!$B$23:$B$26) -> 3.8252729 | W46: =SUMPRODUCT(W42:W45,'Parameters, general'!$B$23:$B$26) -> 4.5237464e-05 | X46: =SUMPRODUCT(X42:X45,'Parameters, general'!$B$23:$B$26) -> 0 | Z46: =SUM(H46:R46) -> 1.8776522 | AA46: ='CO2 per kg feed'!F146+'CH4 per kg feed'!F146*CF_GWP_CH4_fossil+'N2O per kg feed'!F146*CF_GWP_N2O -> 0.40023986
A47: A01QV | B47: Bovine muscle | C47: Meat and meat products | D47: Poland | E47: PL | F47: CO2 | G47: =SUM(H47:X47) -> 0.00037922767 | H47: =('Production D24m'!$J$5*'Parameters D24m, country spec'!$J$51*'CO2 per kg feed'!G164+('Production D24m'!$J$6+'Production D24m'!$J$7)*'Parameters D24m, country spec'!$J$52*'CO2 per kg feed'!G67)/'Production D24m'!J15 -> 0.00011618257 | I47: =('Production D24m'!$J$5*'Parameters D24m, country spec'!$J$51*'CO2 per kg feed'!H164+('Production D24m'!$J$6+'Production D24m'!$J$7)*'Parameters D24m, country spec'!$J$52*'CO2 per kg feed'!H67)/'Production D24m'!J15 -> 3.4471752e-05 | L47: =('Production D24m'!$J$5*'Parameters D24m, country spec'!$J$51*'CO2 per kg feed'!K164+('Production D24m'!$J$6+'Production D24m'!$J$7)*'Parameters D24m, country spec'!$J$52*'CO2 per kg feed'!K67)/'Production D24m'!J15 -> 8.4264283e-05 | N47: =('Production D24m'!$J$5*'Parameters D24m, country spec'!$J$51*'CO2 per kg feed'!M164+('Production D24m'!$J$6+'Production D24m'!$J$7)*'Parameters D24m, country spec'!$J$52*'CO2 per kg feed'!M67)/'Production D24m'!J15 -> 2.5534631e-06 | O47: =('Production D24m'!$J$5*'Parameters D24m, country spec'!$J$51*'CO2 per kg feed'!N164+('Production D24m'!$J$6+'Production D24m'!$J$7)*'Parameters D24m, country spec'!$J$52*'CO2 per kg feed'!N67)/'Production D24m'!J15 -> 5.8729652e-05 | P47: =('Production D24m'!$J$5*'Parameters D24m, country spec'!$J$51*'CO2 per kg feed'!O164+('Production D24m'!$J$6+'Production D24m'!$J$7)*'Parameters D24m, country spec'!$J$52*'CO2 per kg feed'!O67)/'Production D24m'!J15 -> 0 | Q47: =('Production D24m'!$J$5*'Parameters D24m, country spec'!$J$51*'CO2 per kg feed'!P164+('Production D24m'!$J$6+'Production D24m'!$J$7)*'Parameters D24m, country spec'!$J$52*'CO2 per kg feed'!P67)/'Production D24m'!J15 -> 0 | R47: =('Production D24m'!$J$5*'Parameters D24m, country spec'!$J$51*'CO2 per kg feed'!P164+('Production D24m'!$J$6+'Production D24m'!$J$7)*'Parameters D24m, country spec'!$J$52*'CO2 per kg feed'!P67)/'Production D24m'!J15 -> 0 | W47: ='Production D24m'!$J$5*'Parameters D24m, country spec'!$J$58*EF_el_CO2_PL/'Production D24m'!J15 -> 8.3025944e-05 | X47: ='Production D24m'!$J$12*(Energy_slaughter_el_PL*EF_el_CO2_PL+Energy_slaughter_oil_PL*EF_oil_CO2)/'Production D24m'!J15 -> 0
A48: A01QV | B48: Bovine muscle | C48: Meat and meat products | D48: Poland | E48: PL | F48: CH4, fossil | G48: =SUM(H48:X48) -> 5.9893187e-07 | H48: =('Production D24m'!$J$5*'Parameters D24m, country spec'!$J$51*'CH4 per kg feed'!G164+('Production D24m'!$J$6+'Production D24m'!$J$7)*'Parameters D24m, country spec'!$J$52*'CH4 per kg feed'!G67)/'Production D24m'!J15 -> 2.1704437e-07 | I48: =('Production D24m'!$J$5*'Parameters D24m, country spec'!$J$51*'CH4 per kg feed'!H164+('Production D24m'!$J$6+'Production D24m'!$J$7)*'Parameters D24m, country spec'!$J$52*'CH4 per kg feed'!H67)/'Production D24m'!J15 -> 1.2767316e-07 | L48: =('Production D24m'!$J$5*'Parameters D24m, country spec'!$J$51*'CH4 per kg feed'!K164+('Production D24m'!$J$6+'Production D24m'!$J$7)*'Parameters D24m, country spec'!$J$52*'CH4 per kg feed'!K67)/'Production D24m'!J15 -> 3.7408235e-08 | N48: =('Production D24m'!$J$5*'Parameters D24m, country spec'!$J$51*'CH4 per kg feed'!M164+('Production D24m'!$J$6+'Production D24m'!$J$7)*'Parameters D24m, country spec'!$J$52*'CH4 per kg feed'!M67)/'Production D24m'!J15 -> 8.3242898e-09 | O48: =('Production D24m'!$J$5*'Parameters D24m, country spec'!$J$51*'CH4 per kg feed'!N164+('Production D24m'!$J$6+'Production D24m'!$J$7)*'Parameters D24m, country spec'!$J$52*'CH4 per kg feed'!N67)/'Production D24m'!J15 -> 4.85158e-08 | P48: =('Production D24m'!$J$5*'Parameters D24m, country spec'!$J$51*'CH4 per kg feed'!O164+('Production D24m'!$J$6+'Production D24m'!$J$7)*'Parameters D24m, country spec'!$J$52*'CH4 per kg feed'!O67)/'Production D24m'!J15 -> 0 | Q48: =('Production D24m'!$J$5*'Parameters D24m, country spec'!$J$51*'CH4 per kg feed'!P164+('Production D24m'!$J$6+'Production D24m'!$J$7)*'Parameters D24m, country spec'!$J$52*'CH4 per kg feed'!P67)/'Production D24m'!J15 -> 0 | R48: =('Production D24m'!$J$5*'Parameters D24m, country spec'!$J$51*'CH4 per kg feed'!P164+('Production D24m'!$J$6+'Production D24m'!$J$7)*'Parameters D24m, country spec'!$J$52*'CH4 per kg feed'!P67)/'Production D24m'!J15 -> 0 | W48: ='Production D24m'!$J$5*'Parameters D24m, country spec'!$J$58*EF_el_CH4_PL/'Production D24m'!J15 -> 1.5996602e-07 | X48: ='Production D24m'!$J$12*(Energy_slaughter_el_PL*EF_el_CH4_PL+Energy_slaughter_oil_PL*EF_oil_CH4)/'Production D24m'!J15 -> 0
A49: A01QV | B49: Bovine muscle | C49: Meat and meat products | D49: Poland | E49: PL | F49: CH4, biogenic | G49: =SUM(H49:X49) -> 0.77490451 | S49: =('Production D24m'!$J$5*EF_ent_ferm_PL+('Production D24m'!$J$6+'Production D24m'!$J$7)*EF_ent_ferm_PL)/'Production D24m'!J15 -> 0.66390041 | T49: =SUM(U49:V49) -> 0.055502047 | U49: =Manure!$S$34/'Production D24m'!J15 -> 0.055502047
A50: A01QV | B50: Bovine muscle | C50: Meat and meat products | D50: Poland | E50: PL | F50: N2O | G50: =SUM(H50:X50) -> 0.056333606 | H50: =('Production D24m'!$J$5*'Parameters D24m, country spec'!$J$51*'N2O per kg feed'!G164+('Production D24m'!$J$6+'Production D24m'!$J$7)*'Parameters D24m, country spec'!$J$52*'N2O per kg feed'!G67)/'Production D24m'!J15 -> 2.5534631e-07 | I50: =('Production D24m'!$J$5*'Parameters D24m, country spec'!$J$51*'N2O per kg feed'!H164+('Production D24m'!$J$6+'Production D24m'!$J$7)*'Parameters D24m, country spec'!$J$52*'N2O per kg feed'!H67)/'Production D24m'!J15 -> 1.2767316e-09 | J50: =('Production D24m'!$J$5*'Parameters D24m, country spec'!$J$51*'N2O per kg feed'!I164+('Production D24m'!$J$6+'Production D24m'!$J$7)*'Parameters D24m, country spec'!$J$52*'N2O per kg feed'!I67+Manure!S156)/'Production D24m'!J15 -> 0.0061788657 | K50: =J50*EF_indirect_N2O_DK -> 0.00061788657 | L50: =('Production D24m'!$J$5*'Parameters D24m, country spec'!$J$51*'N2O per kg feed'!K164+('Production D24m'!$J$6+'Production D24m'!$J$7)*'Parameters D24m, country spec'!$J$52*'N2O per kg feed'!K67)/'Production D24m'!J15 -> 2.2725822e-09 | N50: =('Production D24m'!$J$5*'Parameters D24m, country spec'!$J$51*'N2O per kg feed'!M164+('Production D24m'!$J$6+'Production D24m'!$J$7)*'Parameters D24m, country spec'!$J$52*'N2O per kg feed'!M67)/'Production D24m'!J15 -> 1.0252154e-10 | O50: =('Production D24m'!$J$5*'Parameters D24m, country spec'!$J$51*'N2O per kg feed'!N164+('Production D24m'!$J$6+'Production D24m'!$J$7)*'Parameters D24m, country spec'!$J$52*'N2O per kg feed'!N67)/'Production D24m'!J15 -> 2.0555378e-09 | P50: =('Production D24m'!$J$5*'Parameters D24m, country spec'!$J$51*'N2O per kg feed'!O164+('Production D24m'!$J$6+'Production D24m'!$J$7)*'Parameters D24m, country spec'!$J$52*'N2O per kg feed'!O67)/'Production D24m'!J15 -> 0 | Q50: =('Production D24m'!$J$5*'Parameters D24m, country spec'!$J$51*'N2O per kg feed'!P164+('Production D24m'!$J$6+'Production D24m'!$J$7)*'Parameters D24m, country spec'!$J$52*'N2O per kg feed'!P67)/'Production D24m'!J15 -> 0 | R50: =('Production D24m'!$J$5*'Parameters D24m, country spec'!$J$51*'N2O per kg feed'!P164+('Production D24m'!$J$6+'Production D24m'!$J$7)*'Parameters D24m, country spec'!$J$52*'N2O per kg feed'!P67)/'Production D24m'!J15 -> 0 | T50: =SUM(U50:V50) -> 0.024768296 | U50: =Manure!$S$92*44/28/'Production D24m'!J15 -> 0.018647332 | V50: =Manure!$S$159*17/14*Manure!$R$122/'Production D24m'!J15 -> 0.0061209638 | W50: ='Production D24m'!$J$5*'Parameters D24m, country spec'!$J$58*EF_el_N2O_PL/'Production D24m'!J15 -> 1.4980737e-09 | X50: ='Production D24m'!$J$12*(Energy_slaughter_el_PL*EF_el_N2O_PL+Energy_slaughter_oil_PL*EF_oil_N2O)/'Production D24m'!J15 -> 0
A51: A01QV | B51: Bovine muscle | C51: Meat and meat products | D51: Poland | E51: PL | F51: CO2e | G51: =SUM(H51:X51) -> 28.041593 | H51: =SUMPRODUCT(H47:H50,'Parameters, general'!$B$23:$B$26) -> 0.00019236004 | I51: =SUMPRODUCT(I47:I50,'Parameters, general'!$B$23:$B$26) -> 3.862496e-05 | J51: =SUMPRODUCT(J47:J50,'Parameters, general'!$B$23:$B$26) -> 1.6868303 | K51: =SUMPRODUCT(K47:K50,'Parameters, general'!$B$23:$B$26) -> 0.16868303 | L51: =SUMPRODUCT(L47:L50,'Parameters, general'!$B$23:$B$26) -> 8.5999464e-05 | M51: =SUMPRODUCT(M47:M50,'Parameters, general'!$B$23:$B$26) -> 0 | N51: =SUMPRODUCT(N47:N50,'Parameters, general'!$B$23:$B$26) -> 2.8295154e-06 | O51: =SUMPRODUCT(O47:O50,'Parameters, general'!$B$23:$B$26) -> 6.0736585e-05 | ... T51: =SUMPRODUCT(T47:T50,'Parameters, general'!$B$23:$B$26) -> 8.2603 | W51: =SUMPRODUCT(W47:W50,'Parameters, general'!$B$23:$B$26) -> 8.8201906e-05 | X51: =SUMPRODUCT(X47:X50,'Parameters, general'!$B$23:$B$26) -> 0 | Z51: =SUM(H51:R51) -> 1.8558939 | AA51: ='CO2 per kg feed'!F164+'CH4 per kg feed'!F164*CF_GWP_CH4_fossil+'N2O per kg feed'!F164*CF_GWP_N2O -> 0.2779781
A52: A01QV | B52: Bovine muscle | C52: Meat and meat products | D52: Spain | E52: ES | F52: CO2 | G52: =SUM(H52:X52) -> 0.0001934549 | H52: =('Production D24m'!$K$5*'Parameters D24m, country spec'!$K$51*'CO2 per kg feed'!G182+('Production D24m'!$K$6+'Production D24m'!$K$7)*'Parameters D24m, country spec'!$K$52*'CO2 per kg feed'!G183)/'Production D24m'!K15 -> 1.769027e-05 | I52: =('Production D24m'!$K$5*'Parameters D24m, country spec'!$K$51*'CO2 per kg feed'!H182+('Production D24m'!$K$6+'Production D24m'!$K$7)*'Parameters D24m, country spec'!$K$52*'CO2 per kg feed'!H183)/'Production D24m'!K15 -> 3.2595583e-05 | L52: =('Production D24m'!$K$5*'Parameters D24m, country spec'!$K$51*'CO2 per kg feed'!K182+('Production D24m'!$K$6+'Production D24m'!$K$7)*'Parameters D24m, country spec'!$K$52*'CO2 per kg feed'!K183)/'Production D24m'!K15 -> 3.6801661e-05 | N52: =('Production D24m'!$K$5*'Parameters D24m, country spec'!$K$51*'CO2 per kg feed'!M182+('Production D24m'!$K$6+'Production D24m'!$K$7)*'Parameters D24m, country spec'!$K$52*'CO2 per kg feed'!M183)/'Production D24m'!K15 -> 7.5312719e-06 | O52: =('Production D24m'!$K$5*'Parameters D24m, country spec'!$K$51*'CO2 per kg feed'!N182+('Production D24m'!$K$6+'Production D24m'!$K$7)*'Parameters D24m, country spec'!$K$52*'CO2 per kg feed'!N183)/'Production D24m'!K15 -> 1.8271997e-05 | P52: =('Production D24m'!$K$5*'Parameters D24m, country spec'!$K$51*'CO2 per kg feed'!O182+('Production D24m'!$K$6+'Production D24m'!$K$7)*'Parameters D24m, country spec'!$K$52*'CO2 per kg feed'!O183)/'Production D24m'!K15 -> 3.2394772e-05 | Q52: =('Production D24m'!$K$5*'Parameters D24m, country spec'!$K$51*'CO2 per kg feed'!P182+('Production D24m'!$K$6+'Production D24m'!$K$7)*'Parameters D24m, country spec'!$K$52*'CO2 per kg feed'!P183)/'Production D24m'!K15 -> 1.2674308e-05 | R52: =('Production D24m'!$K$5*'Parameters D24m, country spec'!$K$51*'CO2 per kg feed'!P182+('Production D24m'!$K$6+'Production D24m'!$K$7)*'Parameters D24m, country spec'!$K$52*'CO2 per kg feed'!P183)/'Production D24m'!K15 -> 1.2674308e-05 | W52: ='Production D24m'!$K$5*'Parameters D24m, country spec'!$K$58*EF_el_CO2_ES/'Production D24m'!K15 -> 2.2820733e-05 | X52: ='Production D24m'!$K$12*(Energy_slaughter_el_ES*EF_el_CO2_ES+Energy_slaughter_oil_ES*EF_oil_CO2)/'Production D24m'!K15 -> 0
A53: A01QV | B53: Bovine muscle | C53: Meat and meat products | D53: Spain | E53: ES | F53: CH4, fossil | G53: =SUM(H53:X53) -> 5.6882721e-07 | H53: =('Production D24m'!$K$5*'Parameters D24m, country spec'!$K$51*'CH4 per kg feed'!G182+('Production D24m'!$K$6+'Production D24m'!$K$7)*'Parameters D24m, country spec'!$K$52*'CH4 per kg feed'!G183)/'Production D24m'!K15 -> 3.2832257e-08 | I53: =('Production D24m'!$K$5*'Parameters D24m, country spec'!$K$51*'CH4 per kg feed'!H182+('Production D24m'!$K$6+'Production D24m'!$K$7)*'Parameters D24m, country spec'!$K$52*'CH4 per kg feed'!H183)/'Production D24m'!K15 -> 1.1662618e-07 | L53: =('Production D24m'!$K$5*'Parameters D24m, country spec'!$K$51*'CH4 per kg feed'!K182+('Production D24m'!$K$6+'Production D24m'!$K$7)*'Parameters D24m, country spec'!$K$52*'CH4 per kg feed'!K183)/'Production D24m'!K15 -> 1.6330351e-08 | N53: =('Production D24m'!$K$5*'Parameters D24m, country spec'!$K$51*'CH4 per kg feed'!M182+('Production D24m'!$K$6+'Production D24m'!$K$7)*'Parameters D24m, country spec'!$K$52*'CH4 per kg feed'!M183)/'Production D24m'!K15 -> 2.4821927e-08 | O53: =('Production D24m'!$K$5*'Parameters D24m, country spec'!$K$51*'CH4 per kg feed'!N182+('Production D24m'!$K$6+'Production D24m'!$K$7)*'Parameters D24m, country spec'!$K$52*'CH4 per kg feed'!N183)/'Production D24m'!K15 -> 1.3894849e-08 | P53: =('Production D24m'!$K$5*'Parameters D24m, country spec'!$K$51*'CH4 per kg feed'!O182+('Production D24m'!$K$6+'Production D24m'!$K$7)*'Parameters D24m, country spec'!$K$52*'CH4 per kg feed'!O183)/'Production D24m'!K15 -> 0 | Q53: =('Production D24m'!$K$5*'Parameters D24m, country spec'!$K$51*'CH4 per kg feed'!P182+('Production D24m'!$K$6+'Production D24m'!$K$7)*'Parameters D24m, country spec'!$K$52*'CH4 per kg feed'!P183)/'Production D24m'!K15 -> 1.4688963e-07 | R53: =('Production D24m'!$K$5*'Parameters D24m, country spec'!$K$51*'CH4 per kg feed'!P182+('Production D24m'!$K$6+'Production D24m'!$K$7)*'Parameters D24m, country spec'!$K$52*'CH4 per kg feed'!P183)/'Production D24m'!K15 -> 1.4688963e-07 | W53: ='Production D24m'!$K$5*'Parameters D24m, country spec'!$K$58*EF_el_CH4_ES/'Production D24m'!K15 -> 7.0542383e-08 | X53: ='Production D24m'!$K$12*(Energy_slaughter_el_ES*EF_el_CH4_ES+Energy_slaughter_oil_ES*EF_oil_CH4)/'Production D24m'!K15 -> 0
A54: A01QV | B54: Bovine muscle | C54: Meat and meat products | D54: Spain | E54: ES | F54: CH4, biogenic | G54: =SUM(H54:X54) -> 0.82853498 | S54: =('Production D24m'!$K$5*EF_ent_ferm_ES+('Production D24m'!$K$6+'Production D24m'!$K$7)*EF_ent_ferm_ES)/'Production D24m'!K15 -> 0.66390041 | T54: =SUM(U54:V54) -> 0.082317283 | U54: =Manure!$U$34/'Production D24m'!K15 -> 0.082317283
A55: A01QV | B55: Bovine muscle | C55: Meat and meat products | D55: Spain | E55: ES | F55: N2O | G55: =SUM(H55:X55) -> 0.035723575 | H55: =('Production D24m'!$K$5*'Parameters D24m, country spec'!$K$51*'N2O per kg feed'!G182+('Production D24m'!$K$6+'Production D24m'!$K$7)*'Parameters D24m, country spec'!$K$52*'N2O per kg feed'!G183)/'Production D24m'!K15 -> 3.8931097e-08 | I55: =('Production D24m'!$K$5*'Parameters D24m, country spec'!$K$51*'N2O per kg feed'!H182+('Production D24m'!$K$6+'Production D24m'!$K$7)*'Parameters D24m, country spec'!$K$52*'N2O per kg feed'!H183)/'Production D24m'!K15 -> 1.2892079e-09 | J55: =('Production D24m'!$K$5*'Parameters D24m, country spec'!$K$51*'N2O per kg feed'!I182+('Production D24m'!$K$6+'Production D24m'!$K$7)*'Parameters D24m, country spec'!$K$52*'N2O per kg feed'!I183+Manure!U156)/'Production D24m'!K15 -> 0.010163862 | K55: =J55*EF_indirect_N2O_DK -> 0.0010163862 | L55: =('Production D24m'!$K$5*'Parameters D24m, country spec'!$K$51*'N2O per kg feed'!K182+('Production D24m'!$K$6+'Production D24m'!$K$7)*'Parameters D24m, country spec'!$K$52*'N2O per kg feed'!K183)/'Production D24m'!K15 -> 9.9117961e-10 | N55: =('Production D24m'!$K$5*'Parameters D24m, country spec'!$K$51*'N2O per kg feed'!M182+('Production D24m'!$K$6+'Production D24m'!$K$7)*'Parameters D24m, country spec'!$K$52*'N2O per kg feed'!M183)/'Production D24m'!K15 -> 3.0547336e-10 | O55: =('Production D24m'!$K$5*'Parameters D24m, country spec'!$K$51*'N2O per kg feed'!N182+('Production D24m'!$K$6+'Production D24m'!$K$7)*'Parameters D24m, country spec'!$K$52*'N2O per kg feed'!N183)/'Production D24m'!K15 -> 6.7596668e-10 | P55: =('Production D24m'!$K$5*'Parameters D24m, country spec'!$K$51*'N2O per kg feed'!O182+('Production D24m'!$K$6+'Production D24m'!$K$7)*'Parameters D24m, country spec'!$K$52*'N2O per kg feed'!O183)/'Production D24m'!K15 -> 0 | Q55: =('Production D24m'!$K$5*'Parameters D24m, country spec'!$K$51*'N2O per kg feed'!P182+('Production D24m'!$K$6+'Production D24m'!$K$7)*'Parameters D24m, country spec'!$K$52*'N2O per kg feed'!P183)/'Production D24m'!K15 -> 1.4224744e-08 | R55: =('Production D24m'!$K$5*'Parameters D24m, country spec'!$K$51*'N2O per kg feed'!P182+('Production D24m'!$K$6+'Production D24m'!$K$7)*'Parameters D24m, country spec'!$K$52*'N2O per kg feed'!P183)/'Production D24m'!K15 -> 1.4224744e-08 | T55: =SUM(U55:V55) -> 0.012271627 | U55: =Manure!$U$92*44/28/'Production D24m'!K15 -> 0.0085093523 | V55: =Manure!$U$159*17/14*Manure!$T$122/'Production D24m'!K15 -> 0.0037622751 | W55: ='Production D24m'!$K$5*'Parameters D24m, country spec'!$K$58*EF_el_N2O_ES/'Production D24m'!K15 -> 1.033139e-09 | X55: ='Production D24m'!$K$12*(Energy_slaughter_el_ES*EF_el_N2O_ES+Energy_slaughter_oil_ES*EF_oil_N2O)/'Production D24m'!K15 -> 0
A56: A01QV | B56: Bovine muscle | C56: Meat and meat products | D56: Spain | E56: ES | F56: CO2e | G56: =SUM(H56:X56) -> 26.55047 | H56: =SUMPRODUCT(H52:H55,'Parameters, general'!$B$23:$B$26) -> 2.9296861e-05 | I56: =SUMPRODUCT(I52:I55,'Parameters, general'!$B$23:$B$26) -> 3.6422997e-05 | J56: =SUMPRODUCT(J52:J55,'Parameters, general'!$B$23:$B$26) -> 2.7747343 | K56: =SUMPRODUCT(K52:K55,'Parameters, general'!$B$23:$B$26) -> 0.27747343 | L56: =SUMPRODUCT(L52:L55,'Parameters, general'!$B$23:$B$26) -> 3.7558898e-05 | M56: =SUMPRODUCT(M52:M55,'Parameters, general'!$B$23:$B$26) -> 0 | N56: =SUMPRODUCT(N52:N55,'Parameters, general'!$B$23:$B$26) -> 8.3543596e-06 | O56: =SUMPRODUCT(O52:O55,'Parameters, general'!$B$23:$B$26) -> 1.8870602e-05 | ... T56: =SUMPRODUCT(T52:T55,'Parameters, general'!$B$23:$B$26) -> 5.5727209 | W56: =SUMPRODUCT(W52:W55,'Parameters, general'!$B$23:$B$26) -> 2.5204943e-05 | X56: =SUMPRODUCT(X52:X55,'Parameters, general'!$B$23:$B$26) -> 0 | Z56: =SUM(H56:R56) -> 3.0524125 | AA56: ='CO2 per kg feed'!F182+'CH4 per kg feed'!F182*CF_GWP_CH4_fossil+'N2O per kg feed'!F182*CF_GWP_N2O -> 0.22254652
A57: A01QV | B57: Bovine muscle | C57: Meat and meat products | D57: Sweden | E57: SE | F57: CO2 | G57: =SUM(H57:X57) -> 0.00035361786 | H57: =('Production D24m'!$L$5*'Parameters D24m, country spec'!$L$51*'CO2 per kg feed'!G200+('Production D24m'!$L$6+'Production D24m'!$L$7)*'Parameters D24m, country spec'!$L$52*'CO2 per kg feed'!G201)/'Production D24m'!L15 -> 4.0450736e-05 | I57: =('Production D24m'!$L$5*'Parameters D24m, country spec'!$L$51*'CO2 per kg feed'!H200+('Production D24m'!$L$6+'Production D24m'!$L$7)*'Parameters D24m, country spec'!$L$52*'CO2 per kg feed'!H201)/'Production D24m'!L15 -> 6.8943505e-05 | L57: =('Production D24m'!$L$5*'Parameters D24m, country spec'!$L$51*'CO2 per kg feed'!K200+('Production D24m'!$L$6+'Production D24m'!$L$7)*'Parameters D24m, country spec'!$L$52*'CO2 per kg feed'!K201)/'Production D24m'!L15 -> 6.2808536e-05 | N57: =('Production D24m'!$L$5*'Parameters D24m, country spec'!$L$51*'CO2 per kg feed'!M200+('Production D24m'!$L$6+'Production D24m'!$L$7)*'Parameters D24m, country spec'!$L$52*'CO2 per kg feed'!M201)/'Production D24m'!L15 -> 0 | O57: =('Production D24m'!$L$5*'Parameters D24m, country spec'!$L$51*'CO2 per kg feed'!N200+('Production D24m'!$L$6+'Production D24m'!$L$7)*'Parameters D24m, country spec'!$L$52*'CO2 per kg feed'!N201)/'Production D24m'!L15 -> 0 | P57: =('Production D24m'!$L$5*'Parameters D24m, country spec'!$L$51*'CO2 per kg feed'!O200+('Production D24m'!$L$6+'Production D24m'!$L$7)*'Parameters D24m, country spec'!$L$52*'CO2 per kg feed'!O201)/'Production D24m'!L15 -> 0 | Q57: =('Production D24m'!$L$5*'Parameters D24m, country spec'!$L$51*'CO2 per kg feed'!P200+('Production D24m'!$L$6+'Production D24m'!$L$7)*'Parameters D24m, country spec'!$L$52*'CO2 per kg feed'!P201)/'Production D24m'!L15 -> 8.6943299e-05 | R57: =('Production D24m'!$L$5*'Parameters D24m, country spec'!$L$51*'CO2 per kg feed'!P200+('Production D24m'!$L$6+'Production D24m'!$L$7)*'Parameters D24m, country spec'!$L$52*'CO2 per kg feed'!P201)/'Production D24m'!L15 -> 8.6943299e-05 | W57: ='Production D24m'!L5*'Parameters D24m, country spec'!L58*EF_el_CO2_SE/'Production D24m'!L15 -> 7.5284894e-06 | X57: ='Production D24m'!L12*(Energy_slaughter_el_SE*EF_el_CO2_SE+Energy_slaughter_oil_SE*EF_oil_CO2)/'Production D24m'!L15 -> 0
A58: A01QV | B58: Bovine muscle | C58: Meat and meat products | D58: Sweden | E58: SE | F58: CH4, fossil | G58: =SUM(H58:X58) -> 2.9149912e-06 | H58: =('Production D24m'!$L$5*'Parameters D24m, country spec'!$L$51*'CH4 per kg feed'!G200+'Production D24m'!$L$6*'Parameters D24m, country spec'!$L$52*'CH4 per kg feed'!G201)/'Production D24m'!L15 -> 0 | I58: =('Production D24m'!$L$5*'Parameters D24m, country spec'!$L$51*'CH4 per kg feed'!H200+('Production D24m'!$L$6+'Production D24m'!$L$7)*'Parameters D24m, country spec'!$L$52*'CH4 per kg feed'!H201)/'Production D24m'!L15 -> 2.42579e-07 | L58: =('Production D24m'!$L$5*'Parameters D24m, country spec'!$L$51*'CH4 per kg feed'!K200+('Production D24m'!$L$6+'Production D24m'!$L$7)*'Parameters D24m, country spec'!$L$52*'CH4 per kg feed'!K201)/'Production D24m'!L15 -> 2.7822064e-08 | N58: =('Production D24m'!$L$5*'Parameters D24m, country spec'!$L$51*'CH4 per kg feed'!M200+('Production D24m'!$L$6+'Production D24m'!$L$7)*'Parameters D24m, country spec'!$L$52*'CH4 per kg feed'!M201)/'Production D24m'!L15 -> 0 | O58: =('Production D24m'!$L$5*'Parameters D24m, country spec'!$L$51*'CH4 per kg feed'!N200+('Production D24m'!$L$6+'Production D24m'!$L$7)*'Parameters D24m, country spec'!$L$52*'CH4 per kg feed'!N201)/'Production D24m'!L15 -> 0 | P58: =('Production D24m'!$L$5*'Parameters D24m, country spec'!$L$51*'CH4 per kg feed'!O200+('Production D24m'!$L$6+'Production D24m'!$L$7)*'Parameters D24m, country spec'!$L$52*'CH4 per kg feed'!O201)/'Production D24m'!L15 -> 0 | Q58: =('Production D24m'!$L$5*'Parameters D24m, country spec'!$L$51*'CH4 per kg feed'!P200+('Production D24m'!$L$6+'Production D24m'!$L$7)*'Parameters D24m, country spec'!$L$52*'CH4 per kg feed'!P201)/'Production D24m'!L15 -> 1.3181125e-06 | R58: =('Production D24m'!$L$5*'Parameters D24m, country spec'!$L$51*'CH4 per kg feed'!P200+('Production D24m'!$L$6+'Production D24m'!$L$7)*'Parameters D24m, country spec'!$L$52*'CH4 per kg feed'!P201)/'Production D24m'!L15 -> 1.3181125e-06 | W58: ='Production D24m'!L5*'Parameters D24m, country spec'!L58*EF_el_CH4_SE/'Production D24m'!L15 -> 8.3650217e-09 | X58: ='Production D24m'!L12*(Energy_slaughter_el_SE*EF_el_CH4_SE+Energy_slaughter_oil_SE*EF_oil_CH4)/'Production D24m'!L15 -> 0
A59: A01QV | B59: Bovine muscle | C59: Meat and meat products | D59: Sweden | E59: SE | F59: CH4, biogenic | G59: =SUM(H59:X59) -> 0.8894799 | S59: =('Production D24m'!L5*EF_ent_ferm_SE+('Production D24m'!L6+'Production D24m'!L7)*EF_ent_ferm_SE)/'Production D24m'!L15 -> 0.66390041 | T59: =SUM(U59:V59) -> 0.11278974 | U59: =Manure!W34/'Production D24m'!L15 -> 0.11278974
A60: A01QV | B60: Bovine muscle | C60: Meat and meat products | D60: Sweden | E60: SE | F60: N2O | G60: =SUM(H60:X60) -> 0.037116433 | H60: =('Production D24m'!$L$5*'Parameters D24m, country spec'!$L$51*'N2O per kg feed'!G200+('Production D24m'!$L$6+'Production D24m'!$L$7)*'Parameters D24m, country spec'!$L$52*'N2O per kg feed'!G201)/'Production D24m'!L15 -> 8.5058627e-08 | I60: =('Production D24m'!$L$5*'Parameters D24m, country spec'!$L$51*'N2O per kg feed'!H200+('Production D24m'!$L$6+'Production D24m'!$L$7)*'Parameters D24m, country spec'!$L$52*'N2O per kg feed'!H201)/'Production D24m'!L15 -> 2.8088094e-09 | J60: =('Production D24m'!$L$5*'Parameters D24m, country spec'!$L$51*'N2O per kg feed'!I200+('Production D24m'!$L$6+'Production D24m'!$L$7)*'Parameters D24m, country spec'!$L$52*'N2O per kg feed'!I201+Manure!Y156)/'Production D24m'!L15 -> 0.0075301615 | K60: =J60*EF_indirect_N2O_SE -> 0.00075301615 | L60: =('Production D24m'!$L$5*'Parameters D24m, country spec'!$L$51*'N2O per kg feed'!K200+('Production D24m'!$L$6+'Production D24m'!$L$7)*'Parameters D24m, country spec'!$L$52*'N2O per kg feed'!K201)/'Production D24m'!L15 -> 1.6876899e-09 | N60: =('Production D24m'!$L$5*'Parameters D24m, country spec'!$L$51*'N2O per kg feed'!M200+('Production D24m'!$L$6+'Production D24m'!$L$7)*'Parameters D24m, country spec'!$L$52*'N2O per kg feed'!M201)/'Production D24m'!L15 -> 0 | O60: =('Production D24m'!$L$5*'Parameters D24m, country spec'!$L$51*'N2O per kg feed'!N200+('Production D24m'!$L$6+'Production D24m'!$L$7)*'Parameters D24m, country spec'!$L$52*'N2O per kg feed'!N201)/'Production D24m'!L15 -> 0 | P60: =('Production D24m'!$L$5*'Parameters D24m, country spec'!$L$51*'N2O per kg feed'!O200+('Production D24m'!$L$6+'Production D24m'!$L$7)*'Parameters D24m, country spec'!$L$52*'N2O per kg feed'!O201)/'Production D24m'!L15 -> 0 | Q60: =('Production D24m'!$L$5*'Parameters D24m, country spec'!$L$51*'N2O per kg feed'!P200+('Production D24m'!$L$6+'Production D24m'!$L$7)*'Parameters D24m, country spec'!$L$52*'N2O per kg feed'!P201)/'Production D24m'!L15 -> 1.2678455e-07 | R60: =('Production D24m'!$L$5*'Parameters D24m, country spec'!$L$51*'N2O per kg feed'!P200+('Production D24m'!$L$6+'Production D24m'!$L$7)*'Parameters D24m, country spec'!$L$52*'N2O per kg feed'!P201)/'Production D24m'!L15 -> 1.2678455e-07 | T60: =SUM(U60:V60) -> 0.014416456 | U60: =Manure!W92*44/28/'Production D24m'!L15 -> 0.0098131435 | V60: =Manure!W159*17/14*Manure!V122/'Production D24m'!L15 -> 0.0046033124 | W60: ='Production D24m'!L5*'Parameters D24m, country spec'!L58*EF_el_N2O_SE/'Production D24m'!L15 -> 6.9559747e-10 | X60: ='Production D24m'!L12*(Energy_slaughter_el_SE*EF_el_N2O_SE+Energy_slaughter_oil_SE*EF_oil_N2O)/'Production D24m'!L15 -> 0
A61: A01QV | B61: Bovine muscle | C61: Meat and meat products | D61: Sweden | E61: SE | F61: CO2e | G61: =SUM(H61:X61) -> 27.168169 | H61: =SUMPRODUCT(H57:H60,'Parameters, general'!$B$23:$B$26) -> 6.3671741e-05 | I61: =SUMPRODUCT(I57:I60,'Parameters, general'!$B$23:$B$26) -> 7.6939164e-05 | J61: =SUMPRODUCT(J57:J60,'Parameters, general'!$B$23:$B$26) -> 2.0557341 | K61: =SUMPRODUCT(K57:K60,'Parameters, general'!$B$23:$B$26) -> 0.20557341 | L61: =SUMPRODUCT(L57:L60,'Parameters, general'!$B$23:$B$26) -> 6.4098373e-05 | M61: =SUMPRODUCT(M57:M60,'Parameters, general'!$B$23:$B$26) -> 0 | N61: =SUMPRODUCT(N57:N60,'Parameters, general'!$B$23:$B$26) -> 0 | O61: =SUMPRODUCT(O57:O60,'Parameters, general'!$B$23:$B$26) -> 0 | ... T61: =SUMPRODUCT(T57:T60,'Parameters, general'!$B$23:$B$26) -> 6.9810155 | W61: =SUMPRODUCT(W57:W60,'Parameters, general'!$B$23:$B$26) -> 7.9676651e-06 | X61: =SUMPRODUCT(X57:X60,'Parameters, general'!$B$23:$B$26) -> 0 | Z61: =SUM(H61:R61) -> 2.2618339 | AA61: ='CO2 per kg feed'!F200+'CH4 per kg feed'!F200*CF_GWP_CH4_fossil+'N2O per kg feed'!F200*CF_GWP_N2O -> 0.15385554
A62: A01QV | B62: Bovine muscle | C62: Meat and meat products | D62: Sweden | E62: UK | F62: CO2 | G62: =SUM(H62:X62) -> 0.00019150974 | H62: =('Production D24m'!$M$5*'Parameters D24m, country spec'!$M$51*'CO2 per kg feed'!G158+('Production D24m'!$M$6+'Production D24m'!$M$7)*'Parameters D24m, country spec'!$M$52*'CO2 per kg feed'!G159)/'Production D24m'!M15 -> 5.1069263e-06 | I62: =('Production D24m'!$M$5*'Parameters D24m, country spec'!$M$51*'CO2 per kg feed'!H158+('Production D24m'!$M$6+'Production D24m'!$M$7)*'Parameters D24m, country spec'!$M$52*'CO2 per kg feed'!H159)/'Production D24m'!M15 -> 3.4471752e-05 | L62: =('Production D24m'!$M$5*'Parameters D24m, country spec'!$M$51*'CO2 per kg feed'!K158+('Production D24m'!$M$6+'Production D24m'!$M$7)*'Parameters D24m, country spec'!$M$52*'CO2 per kg feed'!K159)/'Production D24m'!M15 -> 8.4264283e-05 | N62: =('Production D24m'!$M$5*'Parameters D24m, country spec'!$M$51*'CO2 per kg feed'!M158+('Production D24m'!$M$6+'Production D24m'!$M$7)*'Parameters D24m, country spec'!$M$52*'CO2 per kg feed'!M159)/'Production D24m'!M15 -> 0 | O62: =('Production D24m'!$M$5*'Parameters D24m, country spec'!$M$51*'CO2 per kg feed'!N158+('Production D24m'!$M$6+'Production D24m'!$M$7)*'Parameters D24m, country spec'!$M$52*'CO2 per kg feed'!N159)/'Production D24m'!M15 -> 6.7666773e-05 | P62: =('Production D24m'!$M$5*'Parameters D24m, country spec'!$M$51*'CO2 per kg feed'!O158+('Production D24m'!$M$6+'Production D24m'!$M$7)*'Parameters D24m, country spec'!$M$52*'CO2 per kg feed'!O159)/'Production D24m'!M15 -> 0 | Q62: =('Production D24m'!$M$5*'Parameters D24m, country spec'!$M$51*'CO2 per kg feed'!P158+('Production D24m'!$M$6+'Production D24m'!$M$7)*'Parameters D24m, country spec'!$M$52*'CO2 per kg feed'!P159)/'Production D24m'!M15 -> 0 | R62: =('Production D24m'!$M$5*'Parameters D24m, country spec'!$M$51*'CO2 per kg feed'!P158+('Production D24m'!$M$6+'Production D24m'!$M$7)*'Parameters D24m, country spec'!$M$52*'CO2 per kg feed'!P159)/'Production D24m'!M15 -> 0 | W62: ='Production D24m'!L10*'Parameters D24m, country spec'!L63*EF_el_CO2_SE/'Production D24m'!M15 -> 0 | X62: ='Production D24m'!L17*(Energy_slaughter_el_SE*EF_el_CO2_SE+Energy_slaughter_oil_SE*EF_oil_CO2)/'Production D24m'!M15 -> 0
A63: A01QV | B63: Bovine muscle | C63: Meat and meat products | D63: Sweden | E63: UK | F63: CH4, fossil | G63: =SUM(H63:X63) -> 2.2917332e-07 | H63: =('Production D24m'!$M$5*'Parameters D24m, country spec'!$M$51*'CH4 per kg feed'!G158+'Production D24m'!$M$6*'Parameters D24m, country spec'!$M$52*'CH4 per kg feed'!G159)/'Production D24m'!M15 -> 0 | I63: =('Production D24m'!$M$5*'Parameters D24m, country spec'!$M$51*'CH4 per kg feed'!H158+('Production D24m'!$M$6+'Production D24m'!$M$7)*'Parameters D24m, country spec'!$M$52*'CH4 per kg feed'!H159)/'Production D24m'!M15 -> 1.2767316e-07 | L63: =('Production D24m'!$M$5*'Parameters D24m, country spec'!$M$51*'CH4 per kg feed'!K158+('Production D24m'!$M$6+'Production D24m'!$M$7)*'Parameters D24m, country spec'!$M$52*'CH4 per kg feed'!K159)/'Production D24m'!M15 -> 3.7535908e-08 | N63: =('Production D24m'!$M$5*'Parameters D24m, country spec'!$M$51*'CH4 per kg feed'!M158+('Production D24m'!$M$6+'Production D24m'!$M$7)*'Parameters D24m, country spec'!$M$52*'CH4 per kg feed'!M159)/'Production D24m'!M15 -> 0 | O63: =('Production D24m'!$M$5*'Parameters D24m, country spec'!$M$51*'CH4 per kg feed'!N158+('Production D24m'!$M$6+'Production D24m'!$M$7)*'Parameters D24m, country spec'!$M$52*'CH4 per kg feed'!N159)/'Production D24m'!M15 -> 6.3964252e-08 | P63: =('Production D24m'!$M$5*'Parameters D24m, country spec'!$M$51*'CH4 per kg feed'!O158+('Production D24m'!$M$6+'Production D24m'!$M$7)*'Parameters D24m, country spec'!$M$52*'CH4 per kg feed'!O159)/'Production D24m'!M15 -> 0 | Q63: =('Production D24m'!$M$5*'Parameters D24m, country spec'!$M$51*'CH4 per kg feed'!P158+('Production D24m'!$M$6+'Production D24m'!$M$7)*'Parameters D24m, country spec'!$M$52*'CH4 per kg feed'!P159)/'Production D24m'!M15 -> 0 | R63: =('Production D24m'!$M$5*'Parameters D24m, country spec'!$M$51*'CH4 per kg feed'!P158+('Production D24m'!$M$6+'Production D24m'!$M$7)*'Parameters D24m, country spec'!$M$52*'CH4 per kg feed'!P159)/'Production D24m'!M15 -> 0 | W63: ='Production D24m'!L10*'Parameters D24m, country spec'!L63*EF_el_CH4_SE/'Production D24m'!M15 -> 0 | X63: ='Production D24m'!L17*(Energy_slaughter_el_SE*EF_el_CH4_SE+Energy_slaughter_oil_SE*EF_oil_CH4)/'Production D24m'!M15 -> 0
A64: A01QV | B64: Bovine muscle | C64: Meat and meat products | D64: Sweden | E64: UK | F64: CH4, biogenic | G64: =SUM(H64:X64) -> 0.8894799 | S64: =('Production D24m'!M5*EF_ent_ferm_SE+('Production D24m'!M6+'Production D24m'!M7)*EF_ent_ferm_SE)/'Production D24m'!M15 -> 0.66390041 | T64: =SUM(U64:V64) -> 0.11278974 | U64: =Manure!Y34/'Production D24m'!M15 -> 0.11278974
A65: A01QV | B65: Bovine muscle | C65: Meat and meat products | D65: Sweden | E65: UK | F65: N2O | G65: =SUM(H65:X65) -> 0.028833375 | H65: =('Production D24m'!$M$5*'Parameters D24m, country spec'!$M$51*'N2O per kg feed'!G158+('Production D24m'!$M$6+'Production D24m'!$M$7)*'Parameters D24m, country spec'!$M$52*'N2O per kg feed'!G159)/'Production D24m'!M15 -> 1.0979891e-08 | I65: =('Production D24m'!$M$5*'Parameters D24m, country spec'!$M$51*'N2O per kg feed'!H158+('Production D24m'!$M$6+'Production D24m'!$M$7)*'Parameters D24m, country spec'!$M$52*'N2O per kg feed'!H159)/'Production D24m'!M15 -> 1.2767316e-09 | J65: =('Production D24m'!$M$5*'Parameters D24m, country spec'!$M$51*'N2O per kg feed'!I158+('Production D24m'!$M$6+'Production D24m'!$M$7)*'Parameters D24m, country spec'!$M$52*'N2O per kg feed'!I159+Manure!Y161)/'Production D24m'!M15 -> 4.0600064e-07 | K65: =J65*EF_indirect_N2O_SE -> 4.0600064e-08 | L65: =('Production D24m'!$M$5*'Parameters D24m, country spec'!$M$51*'N2O per kg feed'!K158+('Production D24m'!$M$6+'Production D24m'!$M$7)*'Parameters D24m, country spec'!$M$52*'N2O per kg feed'!K159)/'Production D24m'!M15 -> 2.2725822e-09 | N65: =('Production D24m'!$M$5*'Parameters D24m, country spec'!$M$51*'N2O per kg feed'!M158+('Production D24m'!$M$6+'Production D24m'!$M$7)*'Parameters D24m, country spec'!$M$52*'N2O per kg feed'!M159)/'Production D24m'!M15 -> 0 | O65: =('Production D24m'!$M$5*'Parameters D24m, country spec'!$M$51*'N2O per kg feed'!N158+('Production D24m'!$M$6+'Production D24m'!$M$7)*'Parameters D24m, country spec'!$M$52*'N2O per kg feed'!N159)/'Production D24m'!M15 -> 1.940632e-09 | P65: =('Production D24m'!$M$5*'Parameters D24m, country spec'!$M$51*'N2O per kg feed'!O158+('Production D24m'!$M$6+'Production D24m'!$M$7)*'Parameters D24m, country spec'!$M$52*'N2O per kg feed'!O159)/'Production D24m'!M15 -> 0 | Q65: =('Production D24m'!$M$5*'Parameters D24m, country spec'!$M$51*'N2O per kg feed'!P158+('Production D24m'!$M$6+'Production D24m'!$M$7)*'Parameters D24m, country spec'!$M$52*'N2O per kg feed'!P159)/'Production D24m'!M15 -> 0 | R65: =('Production D24m'!$M$5*'Parameters D24m, country spec'!$M$51*'N2O per kg feed'!P158+('Production D24m'!$M$6+'Production D24m'!$M$7)*'Parameters D24m, country spec'!$M$52*'N2O per kg feed'!P159)/'Production D24m'!M15 -> 0 | T65: =SUM(U65:V65) -> 0.014416456 | U65: =Manure!Y92*44/28/'Production D24m'!M15 -> 0.0098131435 | V65: =Manure!Y159*17/14*Manure!X122/'Production D24m'!M15 -> 0.0046033124 | W65: ='Production D24m'!L10*'Parameters D24m, country spec'!L63*EF_el_N2O_SE/'Production D24m'!M15 -> 0 | X65: ='Production D24m'!L17*(Energy_slaughter_el_SE*EF_el_N2O_SE+Energy_slaughter_oil_SE*EF_oil_N2O)/'Production D24m'!M15 -> 0
A66: A01QV | B66: Bovine muscle | C66: Meat and meat products | D66: Sweden | E66: UK | F66: CO2e | G66: =SUM(H66:X66) -> 24.906652 | H66: =SUMPRODUCT(H62:H65,'Parameters, general'!$B$23:$B$26) -> 8.1044366e-06 | I66: =SUMPRODUCT(I62:I65,'Parameters, general'!$B$23:$B$26) -> 3.862496e-05 | J66: =SUMPRODUCT(J62:J65,'Parameters, general'!$B$23:$B$26) -> 0.00011083817 | K66: =SUMPRODUCT(K62:K65,'Parameters, general'!$B$23:$B$26) -> 1.1083817e-05 | L66: =SUMPRODUCT(L62:L65,'Parameters, general'!$B$23:$B$26) -> 8.6003268e-05 | M66: =SUMPRODUCT(M62:M65,'Parameters, general'!$B$23:$B$26) -> 0 | N66: =SUMPRODUCT(N62:N65,'Parameters, general'!$B$23:$B$26) -> 0 | O66: =SUMPRODUCT(O62:O65,'Parameters, general'!$B$23:$B$26) -> 7.01027e-05 | ... T66: =SUMPRODUCT(T62:T65,'Parameters, general'!$B$23:$B$26) -> 6.9810155 | W66: =SUMPRODUCT(W62:W65,'Parameters, general'!$B$23:$B$26) -> 0 | X66: =SUMPRODUCT(X62:X65,'Parameters, general'!$B$23:$B$26) -> 0 | Z66: =SUM(H66:R66) -> 0.00032475736 | AA66: ='CO2 per kg feed'!F207+'CH4 per kg feed'!F207*CF_GWP_CH4_fossil+'N2O per kg feed'!F207*CF_GWP_N2O -> 0.40300219

Sheet Production SH
A2: Production system | B2: DK | C2: FR | D2: DE | E2: GR | F2: HU | G2: IE | H2: IT | I2: NL | J2: PL | K2: ES | L2: SE | M2: GB
B3: Denmark | C3: France | D3: Germany | E3: Greece | F3: Hungary | G3: Ireland | H3: Italy | I3: Netherlands | J3: Poland | K3: Spain | L3: Sweden | M3: UK
A4: Animals in production per year (no)
A5: Suckler cows | B5: 10 | C5: 10 | D5: 10 | E5: 10 | F5: 10 | G5: 10 | H5: 10 | I5: 10 | J5: 10 | K5: 10 | L5: 10 | M5: 10 | O5: Number of suckler cows (any number can be used here)
A6: Recruitment heifers | B6: =B5*'Parameters SH, country spec'!B5/100*2 -> 3.6 | C6: =C5*'Parameters SH, country spec'!C5/100*2 -> 3.6 | D6: =D5*'Parameters SH, country spec'!D5/100*2 -> 3.6 | E6: =E5*'Parameters SH, country spec'!E5/100*2 -> 3.6 | F6: =F5*'Parameters SH, country spec'!F5/100*2 -> 3.6 | G6: =G5*'Parameters SH, country spec'!G5/100*2 -> 3.6 | H6: =H5*'Parameters SH, country spec'!H5/100*2 -> 3.6 | I6: =I5*'Parameters SH, country spec'!I5/100*2 -> 3.6 | ... M6: =M5*'Parameters SH, country spec'!M5/100*2 -> 3.6 | O6: Number of dairy suckler cows * recruitment rate*2, times 2 because heifers are approx. 24 month when give birth first time
A7: Heifers/bulls/steers for meat | B7: =(B5*'Parameters SH, country spec'!B6/100-B6/2)*2 -> 15.48 | C7: =(C5*'Parameters SH, country spec'!C6/100-C6/2)*2 -> 15.48 | D7: =(D5*'Parameters SH, country spec'!D6/100-D6/2)*2 -> 15.48 | E7: =(E5*'Parameters SH, country spec'!E6/100-E6/2)*2 -> 15.48 | F7: =(F5*'Parameters SH, country spec'!F6/100-F6/2)*2 -> 15.48 | G7: =(G5*'Parameters SH, country spec'!G6/100-G6/2)*2 -> 15.48 | H7: =(H5*'Parameters SH, country spec'!H6/100-H6/2)*2 -> 15.48 | I7: =(I5*'Parameters SH, country spec'!I6/100-I6/2)*2 -> 15.48 | ... M7: =(M5*'Parameters SH, country spec'!M6/100-M6/2)*2 -> 15.48 | O7: (Number of dairy cows * fertility rate - recruitment heifers/2)*2, because animals are slaughtered at 24 month, ie they live for 2 years
A8: Animals slaughtered per year (no)
A9: Suckler cows | B9: =B6/2*(100-'Parameters SH, country spec'!B11)/100 -> 1.764 | C9: =C6/2*(100-'Parameters SH, country spec'!C11)/100 -> 1.764 | D9: =D6/2*(100-'Parameters SH, country spec'!D11)/100 -> 1.764 | E9: =E6/2*(100-'Parameters SH, country spec'!E11)/100 -> 1.764 | F9: =F6/2*(100-'Parameters SH, country spec'!F11)/100 -> 1.764 | G9: =G6/2*(100-'Parameters SH, country spec'!G11)/100 -> 1.764 | H9: =H6/2*(100-'Parameters SH, country spec'!H11)/100 -> 1.764 | I9: =I6/2*(100-'Parameters SH, country spec'!I11)/100 -> 1.764 | ... M9: =M6/2*(100-'Parameters SH, country spec'!M11)/100 -> 1.764 | O9: Number of suckler cows culled (ie replaced by recruitment heifers) * mortality suckler cows
A10: Heifers/bulls/steers for meat | B10: =B7/2 -> 7.74 | C10: =C7/2 -> 7.74 | D10: =D7/2 -> 7.74 | E10: =E7/2 -> 7.74 | F10: =F7/2 -> 7.74 | G10: =G7/2 -> 7.74 | H10: =H7/2 -> 7.74 | I10: =I7/2 -> 7.74 | ... M10: =M7/2 -> 7.74 | O10: Half of heifers/bulls/steers slaugthered every year
A11: Meat produced (kg CW)
A12: Suckler cows | B12: =B9*'Parameters SH, country spec'!B8 -> 661.5 | C12: =C9*'Parameters SH, country spec'!C8 -> 661.5 | D12: =D9*'Parameters SH, country spec'!D8 -> 661.5 | E12: =E9*'Parameters SH, country spec'!E8 -> 661.5 | F12: =F9*'Parameters SH, country spec'!F8 -> 661.5 | G12: =G9*'Parameters SH, country spec'!G8 -> 661.5 | H12: =H9*'Parameters SH, country spec'!H8 -> 661.5 | I12: =I9*'Parameters SH, country spec'!I8 -> 661.5 | ... M12: =M9*'Parameters SH, country spec'!M8 -> 661.5 | O12: Number of slaughered dairy cows * slaughtering weight dairy cows
A13: Heifers/bulls/steers for meat | B13: =B10*'Parameters SH, country spec'!B9 -> 2554.2 | C13: =C10*'Parameters SH, country spec'!C9 -> 2554.2 | D13: =D10*'Parameters SH, country spec'!D9 -> 2554.2 | E13: =E10*'Parameters SH, country spec'!E9 -> 2554.2 | F13: =F10*'Parameters SH, country spec'!F9 -> 2554.2 | G13: =G10*'Parameters SH, country spec'!G9 -> 2554.2 | H13: =H10*'Parameters SH, country spec'!H9 -> 2554.2 | I13: =I10*'Parameters SH, country spec'!I9 -> 2554.2 | ... M13: =M10*'Parameters SH, country spec'!M9 -> 2554.2
A14: Meat produced (kg bonefree)
A15: Suckler cows | B15: =B12*'Parameters SH, country spec'!B7 -> 459.7425 | C15: =C12*'Parameters SH, country spec'!C7 -> 459.7425 | D15: =D12*'Parameters SH, country spec'!D7 -> 459.7425 | E15: =E12*'Parameters SH, country spec'!E7 -> 459.7425 | F15: =F12*'Parameters SH, country spec'!F7 -> 459.7425 | G15: =G12*'Parameters SH, country spec'!G7 -> 459.7425 | H15: =H12*'Parameters SH, country spec'!H7 -> 459.7425 | I15: =I12*'Parameters SH, country spec'!I7 -> 459.7425 | ... M15: =M12*'Parameters SH, country spec'!M7 -> 459.7425
A16: Heifers/bulls/steers for meat | B16: =B13*'Parameters SH, country spec'!B7 -> 1775.169 | C16: =C13*'Parameters SH, country spec'!C7 -> 1775.169 | D16: =D13*'Parameters SH, country spec'!D7 -> 1775.169 | E16: =E13*'Parameters SH, country spec'!E7 -> 1775.169 | F16: =F13*'Parameters SH, country spec'!F7 -> 1775.169 | G16: =G13*'Parameters SH, country spec'!G7 -> 1775.169 | H16: =H13*'Parameters SH, country spec'!H7 -> 1775.169 | I16: =I13*'Parameters SH, country spec'!I7 -> 1775.169 | ... M16: =M13*'Parameters SH, country spec'!M7 -> 1775.169
A17: Offal produced (kg edible)
A18: Suckler cows | B18: =B9*'Parameters SH, country spec'!B10 -> 9.9225 | C18: =C9*'Parameters SH, country spec'!C10 -> 9.9225 | D18: =D9*'Parameters SH, country spec'!D10 -> 9.9225 | E18: =E9*'Parameters SH, country spec'!E10 -> 9.9225 | F18: =F9*'Parameters SH, country spec'!F10 -> 9.9225 | G18: =G9*'Parameters SH, country spec'!G10 -> 9.9225 | H18: =H9*'Parameters SH, country spec'!H10 -> 9.9225 | I18: =I9*'Parameters SH, country spec'!I10 -> 9.9225 | ... M18: =M9*'Parameters SH, country spec'!M10 -> 9.9225
A19: Heifers/bulls/steers for meat | B19: =B10*'Parameters SH, country spec'!B10 -> 43.5375 | C19: =C10*'Parameters SH, country spec'!C10 -> 43.5375 | D19: =D10*'Parameters SH, country spec'!D10 -> 43.5375 | E19: =E10*'Parameters SH, country spec'!E10 -> 43.5375 | F19: =F10*'Parameters SH, country spec'!F10 -> 43.5375 | G19: =G10*'Parameters SH, country spec'!G10 -> 43.5375 | H19: =H10*'Parameters SH, country spec'!H10 -> 43.5375 | I19: =I10*'Parameters SH, country spec'!I10 -> 43.5375 | ... M19: =M10*'Parameters SH, country spec'!M10 -> 43.5375
A20: Meat and offal produced (kg bonefree)
A21: Total | B21: =SUM(B15:B19) -> 2288.3715 | C21: =SUM(C15:C19) -> 2288.3715 | D21: =SUM(D15:D19) -> 2288.3715 | E21: =SUM(E15:E19) -> 2288.3715 | F21: =SUM(F15:F19) -> 2288.3715 | G21: =SUM(G15:G19) -> 2288.3715 | H21: =SUM(H15:H19) -> 2288.3715 | I21: =SUM(I15:I19) -> 2288.3715 | ... M21: =SUM(M15:M19) -> 2288.3715

Sheet Production D24m
A2: Production system for dairy calves slaughtered at 24 months | B2: DK | C2: FR | D2: DE | E2: GR | F2: HU | G2: IE | H2: IT | I2: NL | J2: PL | K2: ES | L2: SE | M2: GB
B3: Denmark | C3: France | D3: Germany | E3: Greece | F3: Hungary | G3: Ireland | H3: Italy | I3: Netherlands | J3: Poland | K3: Spain | L3: Sweden | M3: UK
A4: Animals in production per year (no)
A5: Heifers/bulls/steers for meat | B5: 10 | C5: 10 | D5: 10 | E5: 10 | F5: 10 | G5: 10 | H5: 10 | I5: 10 | J5: 10 | K5: 10 | L5: 10 | M5: 10 | O5: Number of animals in production, any number can be used here
A6: Animals slaughtered per year (no)
A7: Heifers/bulls/steers for meat | B7: =B5/2 -> 5 | C7: =C5/2 -> 5 | D7: =D5/2 -> 5 | E7: =E5/2 -> 5 | F7: =F5/2 -> 5 | G7: =G5/2 -> 5 | H7: =H5/2 -> 5 | I7: =I5/2 -> 5 | ... M7: =M5/2 -> 5 | O7: Half of heifers/bulls/steers slaugthered every year at age 24 m
A8: Meat produced (kg CW)
A9: Heifers/bulls/steers for meat | B9: =B7*'Parameters D24m, country spec'!B6 -> 1650 | C9: =C7*'Parameters D24m, country spec'!C6 -> 1650 | D9: =D7*'Parameters D24m, country spec'!D6 -> 1650 | E9: =E7*'Parameters D24m, country spec'!E6 -> 1650 | F9: =F7*'Parameters D24m, country spec'!F6 -> 1650 | G9: =G7*'Parameters D24m, country spec'!G6 -> 1650 | H9: =H7*'Parameters D24m, country spec'!H6 -> 1650 | I9: =I7*'Parameters D24m, country spec'!I6 -> 1650 | ... M9: =M7*'Parameters D24m, country spec'!M6 -> 1650
A10: Meat produced (kg bonefree)
A11: Heifers/bulls/steers for meat | B11: =B9*'Parameters SH, country spec'!B7 -> 1146.75 | C11: =C9*'Parameters SH, country spec'!C7 -> 1146.75 | D11: =D9*'Parameters SH, country spec'!D7 -> 1146.75 | E11: =E9*'Parameters SH, country spec'!E7 -> 1146.75 | F11: =F9*'Parameters SH, country spec'!F7 -> 1146.75 | G11: =G9*'Parameters SH, country spec'!G7 -> 1146.75 | H11: =H9*'Parameters SH, country spec'!H7 -> 1146.75 | I11: =I9*'Parameters SH, country spec'!I7 -> 1146.75 | ... M11: =M9*'Parameters SH, country spec'!M7 -> 1146.75
A12: Offal produced (kg edible)
A13: Heifers/bulls/steers for meat | B13: =B7*'Parameters SH, country spec'!B10 -> 28.125 | C13: =C7*'Parameters SH, country spec'!C10 -> 28.125 | D13: =D7*'Parameters SH, country spec'!D10 -> 28.125 | E13: =E7*'Parameters SH, country spec'!E10 -> 28.125 | F13: =F7*'Parameters SH, country spec'!F10 -> 28.125 | G13: =G7*'Parameters SH, country spec'!G10 -> 28.125 | H13: =H7*'Parameters SH, country spec'!H10 -> 28.125 | I13: =I7*'Parameters SH, country spec'!I10 -> 28.125 | ... M13: =M7*'Parameters SH, country spec'!M10 -> 28.125
A14: Meat and offal produced (kg bonefree)
A15: Total | B15: =SUM(B11:B13) -> 1174.875 | C15: =SUM(C11:C13) -> 1174.875 | D15: =SUM(D11:D13) -> 1174.875 | E15: =SUM(E11:E13) -> 1174.875 | F15: =SUM(F11:F13) -> 1174.875 | G15: =SUM(G11:G13) -> 1174.875 | H15: =SUM(H11:H13) -> 1174.875 | I15: =SUM(I11:I13) -> 1174.875 | ... M15: =SUM(M11:M13) -> 1174.875

Sheet Parameters SH, country spec
A2: Production parameters and emission factors, country specific
B3: DK | C3: FR | D3: DE | E3: GR | F3: HU | G3: IE | H3: IT | I3: NL | J3: PL | K3: ES | L3: SE | M3: GB
A4: Production parameters | B4: Denmark | C4: France | D4: Germany | E4: Greece | F4: Hungary | G4: Ireland | H4: Italy | I4: Netherlands | J4: Poland | K4: Spain | L4: Sweden | M4: UK | O4: Sources:
A5: Recruitment rate, % | B5: 18 | C5: 18 | D5: 18 | E5: 18 | F5: 18 | G5: 18 | H5: 18 | I5: 18 | J5: 18 | K5: 18 | L5: 18 | M5: 18 | O5: Ahlgren et al 2022, Tabell U
A6: Fertility rate, % | B6: 95.4 | C6: 95.4 | D6: 95.4 | E6: 95.4 | F6: 95.4 | G6: 95.4 | H6: 95.4 | I6: 95.4 | J6: 95.4 | K6: 95.4 | L6: 95.4 | M6: 95.4 | O6: Ahlgren et al 2022, Tabell U
A7: Meat yield, kg bonefree meat per CW | B7: 0.695 | C7: 0.695 | D7: 0.695 | E7: 0.695 | F7: 0.695 | G7: 0.695 | H7: 0.695 | I7: 0.695 | J7: 0.695 | K7: 0.695 | L7: 0.695 | M7: 0.695 | O7: Clune et al. 2017, Table 1
A8: Meat yield, kg CW per suckler cow | B8: 375 | C8: 375 | D8: 375 | E8: 375 | F8: 375 | G8: 375 | H8: 375 | I8: 375 | J8: 375 | K8: 375 | L8: 375 | M8: 375 | O8: Ahlgren et al 2022, Tabell 10
A9: Meat yield, kg CW per heifer/bull/steer | B9: 330 | C9: 330 | D9: 330 | E9: 330 | F9: 330 | G9: 330 | H9: 330 | I9: 330 | J9: 330 | K9: 330 | L9: 330 | M9: 330 | O9: Ahlgren et al 2022, Tabell 12
A10: Offal yield, kg edible per animal | B10: =B8*0.015 -> 5.625 | C10: =C8*0.015 -> 5.625 | D10: =D8*0.015 -> 5.625 | E10: =E8*0.015 -> 5.625 | F10: =F8*0.015 -> 5.625 | G10: =G8*0.015 -> 5.625 | H10: =H8*0.015 -> 5.625 | I10: =I8*0.015 -> 5.625 | ... M10: =M8*0.015 -> 5.625 | O10: Kolla Ingrids rapport
A11: Mortality cows, % | B11: 2 | C11: 2 | D11: 2 | E11: 2 | F11: 2 | G11: 2 | H11: 2 | I11: 2 | J11: 2 | K11: 2 | L11: 2 | M11: 2 | O11: Ahlgren et al 2022, Tabell U
A12: Mortality calves, % of born | B12: 4 | C12: 4 | D12: 4 | E12: 4 | F12: 4 | G12: 4 | H12: 4 | I12: 4 | J12: 4 | K12: 4 | L12: 4 | M12: 4 | O12: Kolla Ingrids rapport
A14: Share of feed ingredients for suckler cows (% based on DM) | B14: Denmark | C14: France | D14: Germany | E14: Greece | F14: Hungary | G14: Ireland | H14: Italy | I14: Netherlands | J14: Poland | K14: Spain | L14: Sweden | M14: UK
A15: Pasture | B15: 0.013213876 | C15: 0.18889688 | D15: 0.2645737 | E15: 0.37076972 | F15: 0.077439144 | G15: 0.75114992 | H15: 0.40067106 | I15: 0.47949543 | J15: 0.26557018 | K15: 0.42695226 | L15: =R18/100 -> 0.51738911 | M15: 0.74946751 | O15: CAPRI-data from Karlsson et al for Other cattle
A16: Maize (fodder) | B16: 0.276037 | C16: 0.36965766 | D16: 0.47771254 | E16: 0.13544388 | F16: 0.38082943 | G16: 0.019608948 | H16: 0.27744597 | I16: 0.16379583 | J16: 0.30897238 | K16: 0.084238508 | L16: 0 | M16: 0.068994041 | O16: For Sweden, from Ahlgren et al 2022, Tabell 10 | Q16: Gns
A17: Other forage crops (including ley) | B17: 0.61590539 | C17: 0.23243727 | D17: 0.1388375 | E17: 0.035518224 | F17: 0.18201405 | G17: 0.00040112374 | H17: 0.071895313 | I17: 0.17110749 | J17: 0.15280805 | K17: 0.062955749 | L17: =R17/100 -> 0.48261089 | M17: 0.0032584599 | P17: Vall (och halm), kg ts/år | Q17: =1254+299+362 -> 1915 | R17: =Q17/Q19*100 -> 48.261089 | S17: %
A18: Barley, average | B18: 0.0051639112 | C18: 0.0098050025 | D18: 0.0012989164 | E18: 0.067240073 | F18: 0.013777714 | G18: 0.097140944 | H18: 0.0030038265 | I18: 0.0037649623 | J18: 0.014852073 | K18: 0.074482644 | L18: 0 | M18: 0.013909862 | P18: Bete, kg ts/år | Q18: 2053 | R18: =Q18/Q19*100 -> 51.738911 | S18: %
A19: Maize (corn) | B19: 0.0003107597 | C19: 0.016126916 | D19: 0.0019338523 | E19: 0.2011091 | F19: 0.081721304 | G19: 0.026773939 | H19: 0.019641634 | I19: 0.011306927 | J19: 0.020345709 | K19: 0.098235936 | L19: 0.0003169787 | M19: 0.00065309996 | P19: Totalt: | Q19: =SUM(Q17:Q18) -> 3968 | R19: perår
A20: Oats | B20: 8.6733359e-05 | C20: 0.0011110742 | D20: 2.5855421e-07 | E20: 0.01827372 | F20: 0.0073794391 | G20: 0.0055992035 | H20: 0.00062381527 | I20: 0.00012367044 | J20: 0.00044481071 | K20: 0.011613149 | L20: 0 | M20: 0.0015338047
A21: Rye | B21: 6.2924072e-05 | C21: 0.00017062795 | D21: 0.00021217636 | E21: 0.0040305382 | F21: 0.0028681331 | G21: 0 | H21: 4.9703322e-05 | I21: 0.00046537013 | J21: 0.0058075965 | K21: 0.0030653721 | L21: 4.9002791e-06 | M21: 7.2745448e-05
A22: Wheat, average | B22: 0.0053306027 | C22: 0.023886941 | D22: 0.0043386016 | E22: 0.0028904067 | F22: 0.012902756 | G22: 0.041722076 | H22: 0.002845143 | I22: 0.01273949 | J22: 0.023351212 | K22: 0.063094428 | L22: 0 | M22: 0.020790459
A23: Peas, dry | B23: 0.00024390156 | C23: 0 | D23: 0.00027051994 | E23: 0.00027727023 | F23: 0.00092331123 | G23: 8.7938671e-05 | H23: 0.0007826762 | I23: 0 | J23: 0.0026962504 | K23: 0.0027198099 | L23: 0.001478495 | M23: 0.00065340906
A24: Broad beans and horse beans, dry | B24: 0.00023959171 | C24: 0 | D24: 0.00026573973 | E24: 0.00027237074 | F24: 0.00090699589 | G24: 8.6384753e-05 | H24: 0.00076884595 | I24: 0 | J24: 0.0026486064 | K24: 0.0026717496 | L24: 0.0014523693 | M24: 0.00064186303
A25: Rape seed cake | B25: 0.01531228 | C25: 0.030917252 | D25: 0.027355781 | E25: 0.00030258775 | F25: 0.00039849322 | G25: 0.0047080431 | H25: 0.0013183642 | I25: 0.043197598 | J25: 0.019433337 | K25: 0.0078768274 | L25: 0 | M25: 0.010151951
A26: Soy cake | B26: 0.037726799 | C26: 0.027855164 | D26: 0.026285118 | E26: 0.053317911 | F26: 0.075984877 | G26: 0.0089589882 | H26: 0.03254889 | I26: 0.055787586 | J26: 0.067782811 | K26: 0.067333865 | L26: 0 | M26: 0.019990824
A27: By-products | B27: 0.016611299 | C27: 0.056499694 | D27: 0.042051694 | E27: 0.046947511 | F27: 0.094871368 | G27: 0.017413739 | H27: 0.071183592 | I27: 0.039631875 | J27: 0.047732591 | K27: 0.062556425 | L27: 0 | M27: 0.080060071
A28: Other | B28: 0.013754938 | C28: 0.042635518 | D28: 0.0148636 | E28: 0.063606681 | F28: 0.067982987 | G28: 0.026348753 | H28: 0.11722116 | I28: 0.018583769 | J28: 0.067554397 | K28: 0.032203275 | L28: 0 | M28: 0.029821896
W29: From Cederberg et al (2009):
A30: Share forage crops | B30: =SUM(B15:B17) -> 0.90515626 | C30: =SUM(C15:C17) -> 0.79099181 | D30: =SUM(D15:D17) -> 0.88112374 | E30: =SUM(E15:E17) -> 0.54173183 | F30: =SUM(F15:F17) -> 0.64028262 | G30: =SUM(G15:G17) -> 0.77115999 | H30: =SUM(H15:H17) -> 0.75001235 | I30: =SUM(I15:I17) -> 0.81439875 | ... M30: =SUM(M15:M17) -> 0.82172002
A32: Share of feed ingredients for heifers/bulls/steers (% based on DM) | B32: Denmark | C32: France | D32: Germany | E32: Greece | F32: Hungary | G32: Ireland | H32: Italy | I32: Netherlands | J32: Poland | K32: Spain | L32: Sweden | M32: UK
A33: Pasture | B33: 0.013213876 | C33: 0.18889688 | D33: 0.2645737 | E33: 0.37076972 | F33: 0.077439144 | G33: 0.75114992 | H33: 0.40067106 | I33: 0.47949543 | J33: 0.26557018 | K33: 0.42695226 | L33: =R36/100 -> 0.27089573 | M33: 0.74946751 | O33: CAPRI-data from Karlsson et al for Other cattle
A34: Maize (fodder) | B34: 0.276037 | C34: 0.36965766 | D34: 0.47771254 | E34: 0.13544388 | F34: 0.38082943 | G34: 0.019608948 | H34: 0.27744597 | I34: 0.16379583 | J34: 0.30897238 | K34: 0.084238508 | L34: 0 | M34: 0.068994041 | O34: For Sweden, from Ahlgren et al 2022, Tabell 12 | Q34: Köttrasstut Gns
A35: Other forage crops (including ley) | B35: 0.61590539 | C35: 0.23243727 | D35: 0.1388375 | E35: 0.035518224 | F35: 0.18201405 | G35: 0.00040112374 | H35: 0.071895313 | I35: 0.17110749 | J35: 0.15280805 | K35: 0.062955749 | L35: =R35/100 -> 0.72910427 | M35: 0.0032584599 | P35: Vall (och halm), kg ts/djur | Q35: =2502+176 -> 2678 | R35: =Q35/Q37*100 -> 72.910427 | S35: %
A36: Barley, average | B36: 0.0051639112 | C36: 0.0098050025 | D36: 0.0012989164 | E36: 0.067240073 | F36: 0.013777714 | G36: 0.097140944 | H36: 0.0030038265 | I36: 0.0037649623 | J36: 0.014852073 | K36: 0.074482644 | L36: 0 | M36: 0.013909862 | P36: Bete, kg ts/djur | Q36: 995 | R36: =Q36/Q37*100 -> 27.089573 | S36: %
A37: Maize (corn) | B37: 0.0003107597 | C37: 0.016126916 | D37: 0.0019338523 | E37: 0.2011091 | F37: 0.081721304 | G37: 0.026773939 | H37: 0.019641634 | I37: 0.011306927 | J37: 0.020345709 | K37: 0.098235936 | L37: 0 | M37: 0.00065309996 | P37: Totalt: | Q37: =SUM(Q35:Q36) -> 3673 | R37: per djur
A38: Oats | B38: 8.6733359e-05 | C38: 0.0011110742 | D38: 2.5855421e-07 | E38: 0.01827372 | F38: 0.0073794391 | G38: 0.0055992035 | H38: 0.00062381527 | I38: 0.00012367044 | J38: 0.00044481071 | K38: 0.011613149 | L38: 0 | M38: 0.0015338047
A39: Rye | B39: 6.2924072e-05 | C39: 0.00017062795 | D39: 0.00021217636 | E39: 0.0040305382 | F39: 0.0028681331 | G39: 0 | H39: 4.9703322e-05 | I39: 0.00046537013 | J39: 0.0058075965 | K39: 0.0030653721 | L39: 0 | M39: 7.2745448e-05
A40: Wheat, average | B40: 0.0053306027 | C40: 0.023886941 | D40: 0.0043386016 | E40: 0.0028904067 | F40: 0.012902756 | G40: 0.041722076 | H40: 0.002845143 | I40: 0.01273949 | J40: 0.023351212 | K40: 0.063094428 | L40: 0 | M40: 0.020790459
A41: Peas, dry | B41: 0.00024390156 | C41: 0 | D41: 0.00027051994 | E41: 0.00027727023 | F41: 0.00092331123 | G41: 8.7938671e-05 | H41: 0.0007826762 | I41: 0 | J41: 0.0026962504 | K41: 0.0027198099 | L41: 0 | M41: 0.00065340906
A42: Broad beans and horse beans, dry | B42: 0.00023959171 | C42: 0 | D42: 0.00026573973 | E42: 0.00027237074 | F42: 0.00090699589 | G42: 8.6384753e-05 | H42: 0.00076884595 | I42: 0 | J42: 0.0026486064 | K42: 0.0026717496 | L42: 0 | M42: 0.00064186303
A43: Rape seed cake | B43: 0.01531228 | C43: 0.030917252 | D43: 0.027355781 | E43: 0.00030258775 | F43: 0.00039849322 | G43: 0.0047080431 | H43: 0.0013183642 | I43: 0.043197598 | J43: 0.019433337 | K43: 0.0078768274 | L43: 0 | M43: 0.010151951
A44: Soy cake | B44: 0.037726799 | C44: 0.027855164 | D44: 0.026285118 | E44: 0.053317911 | F44: 0.075984877 | G44: 0.0089589882 | H44: 0.03254889 | I44: 0.055787586 | J44: 0.067782811 | K44: 0.067333865 | L44: 0 | M44: 0.019990824
A45: By-products | B45: 0.016611299 | C45: 0.056499694 | D45: 0.042051694 | E45: 0.046947511 | F45: 0.094871368 | G45: 0.017413739 | H45: 0.071183592 | I45: 0.039631875 | J45: 0.047732591 | K45: 0.062556425 | L45: 0 | M45: 0.080060071
A46: Other | B46: 0.013754938 | C46: 0.042635518 | D46: 0.0148636 | E46: 0.063606681 | F46: 0.067982987 | G46: 0.026348753 | H46: 0.11722116 | I46: 0.018583769 | J46: 0.067554397 | K46: 0.032203275 | L46: 0 | M46: 0.029821896
W47: From Cederberg et al (2009):
A48: Share forage crops | B48: =SUM(B33:B35) -> 0.90515626 | C48: =SUM(C33:C35) -> 0.79099181 | D48: =SUM(D33:D35) -> 0.88112374 | E48: =SUM(E33:E35) -> 0.54173183 | F48: =SUM(F33:F35) -> 0.64028262 | G48: =SUM(G33:G35) -> 0.77115999 | H48: =SUM(H33:H35) -> 0.75001235 | I48: =SUM(I33:I35) -> 0.81439875 | ... M48: =SUM(M33:M35) -> 0.82172002
A50: Feed requirement | O50: Source: | P50: Comment:
A51: Suckler cows, kg DM per year | B51: =$L$51 -> 4408.8889 | C51: =$L$51 -> 4408.8889 | D51: =$L$51 -> 4408.8889 | E51: =$L$51 -> 4408.8889 | F51: =$L$51 -> 4408.8889 | G51: =$L$51 -> 4408.8889 | H51: =$L$51 -> 4408.8889 | I51: =$L$51 -> 4408.8889 | ... K51: =$L$51 -> 4408.8889 | L51: =Q19/0.9 -> 4408.8889 | M51: =$L$51 -> 4408.8889 | O51: Ahlgren et al 2022 | P51: Including losses in a gross way based on Ahlgren et al, we set overall losses to 10% as a lot is ley/grass
A52: Heifers/bulls/steers, kg DM per year | B52: =$L$52 -> 2040.5556 | C52: =$L$52 -> 2040.5556 | D52: =$L$52 -> 2040.5556 | E52: =$L$52 -> 2040.5556 | F52: =$L$52 -> 2040.5556 | G52: =$L$52 -> 2040.5556 | H52: =$L$52 -> 2040.5556 | I52: =$L$52 -> 2040.5556 | ... K52: =$L$52 -> 2040.5556 | L52: =Q37/2/0.9 -> 2040.5556 | M52: =$L$52 -> 2040.5556 | O52: Ahlgren et al 2022 | P52: Including losses in a gross way based on Ahlgren et al, we set overall losses to 10% as a lot is ley/grass
A54: Enteric fermentation
A55: Methane enteric fermentation, kg CH4 per animal and year | B55: 52 | C55: 52 | D55: 52 | E55: 52 | F55: 52 | G55: 52 | H55: 52 | I55: 52 | J55: 52 | K55: 52 | L55: 52 | M55: 52 | O55: IPCC (2019) Table 10.11, other cattle, Western Europé
A57: Energy use in stables
A58: Electricity use per dairy cow incl replacement, kWh per kg milk | B58: =$L$58 -> 1300 | C58: =$L$58 -> 1300 | D58: =$L$58 -> 1300 | E58: =$L$58 -> 1300 | F58: =$L$58 -> 1300 | G58: =$L$58 -> 1300 | H58: =$L$58 -> 1300 | I58: =$L$58 -> 1300 | ... K58: =$L$58 -> 1300 | L58: =1300 -> 1300 | M58: =1300 -> 1300 | O58: Cederberg et al (2009)
A60: Energy use at slaughter
A61: Electricity, kWh/kg CW | B61: 1.1 | C61: 1.1 | D61: 1.1 | E61: 1.1 | F61: 1.1 | G61: 1.1 | H61: 1.1 | I61: 1.1 | J61: 1.1 | K61: 1.1 | L61: 1.1 | M61: 1.1 | O61: Edström et al. 2005, retrieved from Moberg et al. 2019
A62: Heating oil, kWh/kg CW | B62: 0.9 | C62: 0.9 | D62: 0.9 | E62: 0.9 | F62: 0.9 | G62: 0.9 | H62: 0.9 | I62: 0.9 | J62: 0.9 | K62: 0.9 | L62: 0.9 | M62: 0.9
A64: Emission factors electricity
A65: Electricity, kg CO2e/kWh | B65: =SUMPRODUCT(B66:B68,'Parameters, general'!$B$23:$B$25) -> 0.38627677 | C65: =SUMPRODUCT(C66:C68,'Parameters, general'!$B$23:$B$25) -> 0.095381405 | D65: =SUMPRODUCT(D66:D68,'Parameters, general'!$B$23:$B$25) -> 0.4904855 | E65: =SUMPRODUCT(E66:E68,'Parameters, general'!$B$23:$B$25) -> 0.678416 | F65: =SUMPRODUCT(F66:F68,'Parameters, general'!$B$23:$B$25) -> 0.47045713 | G65: =SUMPRODUCT(G66:G68,'Parameters, general'!$B$23:$B$25) -> 0.40484566 | H65: =SUMPRODUCT(H66:H68,'Parameters, general'!$B$23:$B$25) -> 0.42738626 | I65: =SUMPRODUCT(I66:I68,'Parameters, general'!$B$23:$B$25) -> 0.52657782 | ... L65: =SUMPRODUCT(L66:L68,'Parameters, general'!$B$23:$B$25) -> 0.091599695 | M65: 0.41120209 | O65: ecoinvent; market for electricity, low voltage
A66: Electricity, kg CO2/kWh | B66: 0.37053204 | C66: 0.087112695 | D66: 0.4635034 | E66: 0.63996298 | F66: 0.43715185 | G66: 0.39187201 | H66: 0.37797633 | I66: 0.49673189 | J66: 0.97545106 | K66: 0.26811508 | L66: 0.08845034 | M66: 0.39396369
A67: Electricity, kg CH4/kWh | B67: 0.00051107442 | C67: 0.00027007621 | D67: 0.00088663107 | E67: 0.0012704162 | F67: 0.00110375 | G67: 0.00042231405 | H67: 0.0016431484 | I67: 0.00098347245 | J67: 0.0018794008 | K67: 0.00082878482 | L67: 9.8278549e-05 | M67: 0.00056578727
A68: Electricity, kg N2O/kWh | B68: 1.9063664e-05 | C68: 8.1643941e-06 | D68: 2.0759e-05 | E68: 2.2022764e-05 | F68: 1.5316174e-05 | G68: 1.4396031e-05 | H68: 1.6448396e-05 | I68: 1.9942432e-05 | J68: 1.7600493e-05 | K68: 1.2138092e-05 | L68: 8.1724008e-06 | M68: 1.3997937e-05
A70: Emission factors changes in SOC and LUC
A71: Soil carbon loss, kg CO2e/feed | B71: 0.19 | C71: 0.19 | D71: 0.19 | E71: 0.19 | F71: 0.19 | G71: 0.19 | H71: 0.19 | I71: 0.19 | J71: 0.19 | K71: 0.19 | L71: 0.19 | O71: Moberg et al. 2019
A73: Emission from the production of mineral fertilisers (kg)
A74: Fraction BAT | B74: 0.6 | C74: 0.3 | D74: 0.3 | E74: 0.3 | F74: 0.3 | G74: 0.3 | H74: 0.3 | I74: 0.3 | J74: 0.3 | K74: 0.3 | L74: 0.6 | M74: 0.3 | O74: Moberg et al. 2019
A75: Fraction AN | B75: 0.4 | C75: 0.7 | D75: 0.7 | E75: 0.7 | F75: 0.7 | G75: 0.7 | H75: 0.7 | I75: 0.7 | J75: 0.7 | K75: 0.7 | L75: 0.4 | M75: 0.7
A77: Emission factors N2O from soil
A78: Direct emissions from mineral fertiliser | B78: 0.016 | C78: 0.016 | D78: 0.016 | E78: 0.016 | F78: 0.016 | G78: 0.016 | H78: 0.016 | I78: 0.016 | J78: 0.016 | K78: 0.016 | L78: 0.016 | M78: 0.016
A79: Direct emissions from manure and crop residues | B79: 0.006 | C79: 0.006 | D79: 0.006 | E79: 0.006 | F79: 0.006 | G79: 0.006 | H79: 0.006 | I79: 0.006 | J79: 0.006 | K79: 0.006 | L79: 0.006 | M79: 0.006
A80: Difference in emission factor min. fert - manure | B80: =B78-B79 -> 0.01 | C80: =C78-C79 -> 0.01 | D80: =D78-D79 -> 0.01 | E80: =E78-E79 -> 0.01 | F80: =F78-F79 -> 0.01 | G80: =G78-G79 -> 0.01 | H80: =H78-H79 -> 0.01 | I80: =I78-I79 -> 0.01 | ... M80: =M78-M79 -> 0.01
A81: Indirect emissions, share of direct emissions | B81: 0.1 | C81: 0.1 | D81: 0.1 | E81: 0.1 | F81: 0.1 | G81: 0.1 | H81: 0.1 | I81: 0.1 | J81: 0.1 | K81: 0.1 | L81: 0.1 | M81: 0.1
R82: https://www2.jordbruksverket.se/download/18.23e68dd418d7c649d1721e97/1707728297575/jo23_17v3.pdf
A83: Manure replacement factor
A84: Manure replacement factor | B84: 0 | C84: 0 | D84: 0 | E84: 0 | F84: 0 | G84: 0 | H84: 0 | I84: 0 | J84: 0 | K84: 0 | L84: 0 | M84: 0 | O84: For grass eaters we do not adjust manure because the N in fertilisers on forage crops is only mineral fertiliser
A86: Water use
A87: Water use for housing and drinking in stables, m3 per kg head and year | B87: 33.6 | C87: 33.6 | D87: 33.6 | E87: 33.6 | F87: 33.6 | G87: 33.6 | H87: 33.6 | I87: 33.6 | J87: 33.6 | K87: 33.6 | L87: 33.6 | M87: 33.6 | O87: Mekonnen and Hoekstra (2012), collected from Moberg et al. 2019
A88: Water use during grazing, m3 per kg head and year | B88: 16.4 | C88: 16.4 | D88: 16.4 | E88: 16.4 | F88: 16.4 | G88: 16.4 | H88: 16.4 | I88: 16.4 | J88: 16.4 | K88: 16.4 | L88: 16.4 | M88: 16.4
A90: Labour requirements
A91: Labour requirements, h tot in production

Sheet Parameters D24m, country spec
A2: Production parameters and emission factors for dairy calves slaughtered at 24 months, country specific
B3: DK | C3: FR | D3: DE | E3: GR | F3: HU | G3: IE | H3: IT | I3: NL | J3: PL | K3: ES | L3: SE | M3: GB
A4: Production parameters | B4: Denmark | C4: France | D4: Germany | E4: Greece | F4: Hungary | G4: Ireland | H4: Italy | I4: Netherlands | J4: Poland | K4: Spain | L4: Sweden | M4: UK | O4: Sources:
A5: Meat yield, kg bonefree meat per CW | B5: 0.695 | C5: 0.695 | D5: 0.695 | E5: 0.695 | F5: 0.695 | G5: 0.695 | H5: 0.695 | I5: 0.695 | J5: 0.695 | K5: 0.695 | L5: 0.695 | M5: 0.695 | O5: Clune et al. 2017, Table 1
A6: Meat yield, kg CW per heifer/bull/steer | B6: 330 | C6: 330 | D6: 330 | E6: 330 | F6: 330 | G6: 330 | H6: 330 | I6: 330 | J6: 330 | K6: 330 | L6: 330 | M6: 330 | O6: Ahlgren et al 2022, Tabell 11
A7: Offal yield, kg edible per animal | B7: =B6*0.015 -> 4.95 | C7: =C6*0.015 -> 4.95 | D7: =D6*0.015 -> 4.95 | E7: =E6*0.015 -> 4.95 | F7: =F6*0.015 -> 4.95 | G7: =G6*0.015 -> 4.95 | H7: =H6*0.015 -> 4.95 | I7: =I6*0.015 -> 4.95 | ... M7: =M6*0.015 -> 4.95 | O7: Kolla Ingrids rapport
A8: Mortality, % | B8: 5 | C8: 5 | D8: 5 | E8: 5 | F8: 5 | G8: 5 | H8: 5 | I8: 5 | J8: 5 | K8: 5 | L8: 5 | M8: 5 | O8: Kolla Ingrids rapport
A10: Share of feed ingredients (% based on DM) | B10: Denmark | C10: France | D10: Germany | E10: Greece | F10: Hungary | G10: Ireland | H10: Italy | I10: Netherlands | J10: Poland | K10: Spain | L10: Sweden | M10: UK
A11: Pasture | B11: 0.013213876 | C11: 0.18889688 | D11: 0.2645737 | E11: 0.37076972 | F11: 0.077439144 | G11: 0.75114992 | H11: 0.40067106 | I11: 0.47949543 | J11: 0.26557018 | K11: 0.42695226 | L11: =R14/100 -> 0.35361702 | M11: 0.74946751 | O11: CAPRI-data from Karlsson et al for Other cattle
A12: Maize (fodder) | B12: 0.276037 | C12: 0.36965766 | D12: 0.47771254 | E12: 0.13544388 | F12: 0.38082943 | G12: 0.019608948 | H12: 0.27744597 | I12: 0.16379583 | J12: 0.30897238 | K12: 0.084238508 | L12: 0 | M12: 0.068994041 | O12: For Sweden, from Ahlgren et al 2022, Tabell 11 | Q12: Gns
A13: Other forage crops (including ley) | B13: 0.61590539 | C13: 0.23243727 | D13: 0.1388375 | E13: 0.035518224 | F13: 0.18201405 | G13: 0.00040112374 | H13: 0.071895313 | I13: 0.17110749 | J13: 0.15280805 | K13: 0.062955749 | L13: =R13/100 -> 0.60723404 | M13: 0.0032584599 | P13: Vall (och halm), kg ts/djur | Q13: =2561+293 -> 2854 | R13: =Q13/Q16*100 -> 60.723404 | S13: %
A14: Barley, average | B14: 0.0051639112 | C14: 0.0098050025 | D14: 0.0012989164 | E14: 0.067240073 | F14: 0.013777714 | G14: 0.097140944 | H14: 0.0030038265 | I14: 0.0037649623 | J14: 0.014852073 | K14: 0.074482644 | L14: =R15/100 -> 0.039148936 | M14: 0.013909862 | P14: Bete, kg ts/djur | Q14: 1662 | R14: =Q14/Q16*100 -> 35.361702 | S14: %
A15: Maize (corn) | B15: 0.0003107597 | C15: 0.016126916 | D15: 0.0019338523 | E15: 0.2011091 | F15: 0.081721304 | G15: 0.026773939 | H15: 0.019641634 | I15: 0.011306927 | J15: 0.020345709 | K15: 0.098235936 | L15: 0.0003169787 | M15: 0.00065309996 | P15: Spannmål, kg/djur | Q15: 184 | R15: =Q15/Q16*100 -> 3.9148936 | S15: %
A16: Oats | B16: 8.6733359e-05 | C16: 0.0011110742 | D16: 2.5855421e-07 | E16: 0.01827372 | F16: 0.0073794391 | G16: 0.0055992035 | H16: 0.00062381527 | I16: 0.00012367044 | J16: 0.00044481071 | K16: 0.011613149 | L16: 0 | M16: 0.0015338047 | P16: Totalt: | Q16: =SUM(Q13:Q15) -> 4700 | R16: perår
A17: Rye | B17: 6.2924072e-05 | C17: 0.00017062795 | D17: 0.00021217636 | E17: 0.0040305382 | F17: 0.0028681331 | G17: 0 | H17: 4.9703322e-05 | I17: 0.00046537013 | J17: 0.0058075965 | K17: 0.0030653721 | L17: 4.9002791e-06 | M17: 7.2745448e-05
