Workbook
Name Ability_to_perceive_handling: 'Parameters, general'!$B$19
Name Boars_per_sow: 'Parameters, country spec'!$L$17
Name Bonefree_outof_CW_DE: 'Parameters, country spec'!$D$8
Name Bonefree_outof_CW_DK: 'Parameters, country spec'!$B$8
Name Bonefree_outof_CW_ES: 'Parameters, country spec'!$K$8
Name Bonefree_outof_CW_FR: 'Parameters, country spec'!$C$8
Name Bonefree_outof_CW_GR: 'Parameters, country spec'!$E$8
Name Bonefree_outof_CW_HU: 'Parameters, country spec'!$F$8
Name Bonefree_outof_CW_IE: 'Parameters, country spec'!$G$8
Name Bonefree_outof_CW_IT: 'Parameters, country spec'!$H$8
Name Bonefree_outof_CW_NL: 'Parameters, country spec'!$I$8
Name Bonefree_outof_CW_PL: 'Parameters, country spec'!$J$8
Name Bonefree_outof_CW_SE: 'Parameters, country spec'!$L$8
Name CF_GWP_CH4_fossil: 'Parameters, general'!$B$14
Name CF_GWP_N2O: 'Parameters, general'!$B$15
Name Crop_data: #REF!
Name Crop_data_codes: #REF!
Name EF_biofuel_CH4: 'Parameters, general'!$C$6
Name EF_biofuel_N2O: 'Parameters, general'!$D$6
Name EF_biofuels_CO2: 'Parameters, general'!$B$6
Name EF_el_CH4_BR: 'Parameters, general'!$B$31
Name EF_el_CH4_DE: 'Parameters, country spec'!$D$91
Name EF_el_CH4_DK: 'Parameters, country spec'!$B$91
Name EF_el_CH4_ES: 'Parameters, country spec'!$K$91
Name EF_el_CH4_FR: 'Parameters, country spec'!$C$91
Name EF_el_CH4_GR: 'Parameters, country spec'!$E$91
Name EF_el_CH4_HU: 'Parameters, country spec'!$F$91
Name EF_el_CH4_IE: 'Parameters, country spec'!$G$91
Name EF_el_CH4_IT: 'Parameters, country spec'!$H$91
Name EF_el_CH4_NL: 'Parameters, country spec'!$I$91
Name EF_el_CH4_PL: 'Parameters, country spec'!$J$91
Name EF_el_CH4_SE: 'Parameters, country spec'!$L$91
Name EF_el_CO2_BR: 'Parameters, general'!$B$30
Name EF_el_CO2_DE: 'Parameters, country spec'!$D$90
Name EF_el_CO2_DK: 'Parameters, country spec'!$B$90
Name EF_el_CO2_ES: 'Parameters, country spec'!$K$90
Name EF_el_CO2_FR: 'Parameters, country spec'!$C$90
Name EF_el_CO2_GR: 'Parameters, country spec'!$E$90
Name EF_el_CO2_HU: 'Parameters, country spec'!$F$90
Name EF_el_CO2_IE: 'Parameters, country spec'!$G$90
Name EF_el_CO2_IT: 'Parameters, country spec'!$H$90
Name EF_el_CO2_NL: 'Parameters, country spec'!$I$90
Name EF_el_CO2_PL: 'Parameters, country spec'!$J$90
Name EF_el_CO2_SE: 'Parameters, country spec'!$L$90
Name EF_el_N2O_BR: 'Parameters, general'!$B$32
Name EF_el_N2O_DE: 'Parameters, country spec'!$D$92
Name EF_el_N2O_DK: 'Parameters, country spec'!$B$92
Name EF_el_N2O_ES: 'Parameters, country spec'!$K$92
Name EF_el_N2O_FR: 'Parameters, country spec'!$C$92
Name EF_el_N2O_GR: 'Parameters, country spec'!$E$92
Name EF_el_N2O_HU: 'Parameters, country spec'!$F$92
Name EF_el_N2O_IE: 'Parameters, country spec'!$G$92
Name EF_el_N2O_IT: 'Parameters, country spec'!$H$92
Name EF_el_N2O_NL: 'Parameters, country spec'!$I$92
Name EF_el_N2O_PL: 'Parameters, country spec'!$J$92
Name EF_el_N2O_SE: 'Parameters, country spec'!$L$92
Name EF_electricity: 'Parameters, country spec'!$L$89
Name EF_ent_ferm_DE: 'Parameters, country spec'!$D$75
Name EF_ent_ferm_DK: 'Parameters, country spec'!$B$75
Name EF_ent_ferm_ES: 'Parameters, country spec'!$K$75

Sheet README
A2: Read me
A4: This is a file that contains the calculation of the footprints for pork.
A7: Assumptions:
A17: Color codes:
B19: Results
B20: Sheets for input
B21: Intermediate calculations
B22: Figures
A26: Att göra:
A27: Se om det går att få ut en foderstat för denna från Frankrike https://productions-animales.org/article/view/5396
A28: Vattenanvändning per land - OBS att detta är för anv i stallar, inte foderodlingen
A29: Energianvändning slakt

Sheet Figures
A2: Figures
A4: Greenhouse gas emission for bonefree pig meat across countries, to farmgate including slaughter, no waste
B6: Production of mineral fertilizer | C6: Production of capital goods | D6: Emissions from soil | E6: Diesel use field machinary | F6: Energy use for feed processing | G6: Land use change emissions | H6: Feed transports | I6: Enteric fermentation | J6: Manure management | K6: Energy use in stables | L6: Energy use for slaughter | M6: Tot | P6: Order this study: | R6: Order Lesschen:
A7: Greece | B7: ='GHG detailed, results per kg'!H26 -> 0.47251514 | C7: ='GHG detailed, results per kg'!I26 -> 0.16944313 | D7: ='GHG detailed, results per kg'!J26+'GHG detailed, results per kg'!K26 -> 0.33311674 | E7: ='GHG detailed, results per kg'!L26 -> 0.25618232 | F7: ='GHG detailed, results per kg'!O26 -> 0.26086377 | G7: ='GHG detailed, results per kg'!P26 -> 0.33414898 | H7: ='GHG detailed, results per kg'!R26 -> 0.2736595 | I7: ='GHG detailed, results per kg'!S26 -> 0.28281134 | J7: ='GHG detailed, results per kg'!T26 -> 4.519341 | K7: ='GHG detailed, results per kg'!W26 -> 0.4718823 | L7: ='GHG detailed, results per kg'!X26 -> 1.0878299 | M7: =SUM(B7:L7) -> 8.4617941 | P7: Greece | R7: Greece
A8: Netherlands | B8: ='GHG detailed, results per kg'!H46 -> 0.62875327 | C8: ='GHG detailed, results per kg'!I46 -> 0.16927802 | D8: ='GHG detailed, results per kg'!J46+'GHG detailed, results per kg'!K46 -> 0.90812542 | E8: ='GHG detailed, results per kg'!L46 -> 0.16834636 | F8: ='GHG detailed, results per kg'!O46 -> 0.25792267 | G8: ='GHG detailed, results per kg'!P46 -> 0.31906063 | H8: ='GHG detailed, results per kg'!R46 -> 0.31252893 | I8: ='GHG detailed, results per kg'!S46 -> 0.2784287 | J8: ='GHG detailed, results per kg'!T46 -> 2.8051529 | K8: ='GHG detailed, results per kg'!W46 -> 0.39632618 | L8: ='GHG detailed, results per kg'!X46 -> 0.88125366 | M8: =SUM(B8:L8) -> 7.1251767 | P8: Netherlands | R8: Netherlands
A9: Italy | B9: ='GHG detailed, results per kg'!H41 -> 0.45474959 | C9: ='GHG detailed, results per kg'!I41 -> 0.17024308 | D9: ='GHG detailed, results per kg'!J41+'GHG detailed, results per kg'!K41 -> 0.30297199 | E9: ='GHG detailed, results per kg'!L41 -> 0.19600926 | F9: ='GHG detailed, results per kg'!O41 -> 0.24040521 | G9: ='GHG detailed, results per kg'!P41 -> 0.30478852 | H9: ='GHG detailed, results per kg'!R41 -> 0.25183137 | I9: ='GHG detailed, results per kg'!S41 -> 0.22438023 | J9: ='GHG detailed, results per kg'!T41 -> 2.9613334 | K9: ='GHG detailed, results per kg'!W41 -> 0.27218938 | L9: ='GHG detailed, results per kg'!X41 -> 0.74559117 | M9: =SUM(B9:L9) -> 6.1244932 | P9: Italy | R9: Hungary
A10: Germany | B10: ='GHG detailed, results per kg'!H21 -> 0.69169579 | C10: ='GHG detailed, results per kg'!I21 -> 0.17524774 | D10: ='GHG detailed, results per kg'!J21+'GHG detailed, results per kg'!K21 -> 0.78474991 | E10: ='GHG detailed, results per kg'!L21 -> 0.18168065 | F10: ='GHG detailed, results per kg'!O21 -> 0.26390751 | G10: ='GHG detailed, results per kg'!P21 -> 0.27126559 | H10: ='GHG detailed, results per kg'!R21 -> 0.28080752 | I10: ='GHG detailed, results per kg'!S21 -> 0.28163007 | J10: ='GHG detailed, results per kg'!T21 -> 1.7740007 | K10: ='GHG detailed, results per kg'!W21 -> 0.38055696 | L10: ='GHG detailed, results per kg'!X21 -> 0.8325873 | M10: =SUM(B10:L10) -> 5.9181298 | P10: Germany | R10: Germany
A11: Poland | B11: ='GHG detailed, results per kg'!H51 -> 0.62159823 | C11: ='GHG detailed, results per kg'!I51 -> 0.17858133 | D11: ='GHG detailed, results per kg'!J51+'GHG detailed, results per kg'!K51 -> 0.78077975 | E11: ='GHG detailed, results per kg'!L51 -> 0.26451266 | F11: ='GHG detailed, results per kg'!O51 -> 0.31791723 | G11: ='GHG detailed, results per kg'!P51 -> 0.2263666 | H11: ='GHG detailed, results per kg'!R51 -> 0.1986762 | I11: ='GHG detailed, results per kg'!S51 -> 0.28281134 | J11: ='GHG detailed, results per kg'!T51 -> 0.65329288 | K11: ='GHG detailed, results per kg'!W51 -> 0.64140137 | L11: ='GHG detailed, results per kg'!X51 -> 1.5656991 | M11: =SUM(B11:L11) -> 5.7316367 | P11: Poland | R11: Italy
A12: Spain | B12: ='GHG detailed, results per kg'!H56 -> 0.62609366 | C12: ='GHG detailed, results per kg'!I56 -> 0.18926471 | D12: ='GHG detailed, results per kg'!J56+'GHG detailed, results per kg'!K56 -> 0.41729961 | E12: ='GHG detailed, results per kg'!L56 -> 0.2870132 | F12: ='GHG detailed, results per kg'!O56 -> 0.24904614 | G12: ='GHG detailed, results per kg'!P56 -> 0.35911706 | H12: ='GHG detailed, results per kg'!R56 -> 0.30245702 | I12: ='GHG detailed, results per kg'!S56 -> 0.2904089 | J12: ='GHG detailed, results per kg'!T56 -> 2.180305 | K12: ='GHG detailed, results per kg'!W56 -> 0.28940494 | L12: ='GHG detailed, results per kg'!X56 -> 0.56212541 | M12: =SUM(B12:L12) -> 5.7525356 | P12: Spain | R12: Ireland
A13: France | B13: ='GHG detailed, results per kg'!H16 -> 0.63737686 | C13: ='GHG detailed, results per kg'!I16 -> 0.16715521 | D13: ='GHG detailed, results per kg'!J16+'GHG detailed, results per kg'!K16 -> 0.73893686 | E13: ='GHG detailed, results per kg'!L16 -> 0.17216528 | F13: ='GHG detailed, results per kg'!O16 -> 0.21375332 | G13: ='GHG detailed, results per kg'!P16 -> 0.17506262 | H13: ='GHG detailed, results per kg'!R16 -> 0.18375083 | I13: ='GHG detailed, results per kg'!S16 -> 0.28463898 | J13: ='GHG detailed, results per kg'!T16 -> 2.3100127 | K13: ='GHG detailed, results per kg'!W16 -> 0.19135994 | L13: ='GHG detailed, results per kg'!X16 -> 0.29265189 | M13: =SUM(B13:L13) -> 5.3668645 | P13: France | R13: France
A14: Hungary | B14: ='GHG detailed, results per kg'!H31 -> 0.51241987 | C14: ='GHG detailed, results per kg'!I31 -> 0.16925719 | D14: ='GHG detailed, results per kg'!J31+'GHG detailed, results per kg'!K31 -> 0.31985717 | E14: ='GHG detailed, results per kg'!L31 -> 0.20121631 | F14: ='GHG detailed, results per kg'!O31 -> 0.2416202 | G14: ='GHG detailed, results per kg'!P31 -> 0.27301429 | H14: ='GHG detailed, results per kg'!R31 -> 0.22356718 | I14: ='GHG detailed, results per kg'!S31 -> 0.28136403 | J14: ='GHG detailed, results per kg'!T31 -> 1.3757456 | K14: ='GHG detailed, results per kg'!W31 -> 0.37143362 | L14: ='GHG detailed, results per kg'!X31 -> 0.80361469 | M14: =SUM(B14:L14) -> 4.7731102 | P14: Hungary | R14: Spain
A15: Ireland | B15: ='GHG detailed, results per kg'!H36 -> 0.50221124 | C15: ='GHG detailed, results per kg'!I36 -> 0.15797579 | D15: ='GHG detailed, results per kg'!J36+'GHG detailed, results per kg'!K36 -> 0.71205058 | E15: ='GHG detailed, results per kg'!L36 -> 0.16440476 | F15: ='GHG detailed, results per kg'!O36 -> 0.22842459 | G15: ='GHG detailed, results per kg'!P36 -> 0.28758245 | H15: ='GHG detailed, results per kg'!R36 -> 0.26674907 | I15: ='GHG detailed, results per kg'!S36 -> 0.28139873 | J15: ='GHG detailed, results per kg'!T36 -> 0.62232911 | K15: ='GHG detailed, results per kg'!W36 -> 0.33760762 | L15: ='GHG detailed, results per kg'!X36 -> 0.71434306 | M15: =SUM(B15:L15) -> 4.275077 | P15: Ireland | R15: Poland
A16: Denmark | B16: ='GHG detailed, results per kg'!H11 -> 0.46723394 | C16: ='GHG detailed, results per kg'!I11 -> 0.16000251 | D16: ='GHG detailed, results per kg'!J11+'GHG detailed, results per kg'!K11 -> 0.95769224 | E16: ='GHG detailed, results per kg'!L11 -> 0.17201428 | F16: ='GHG detailed, results per kg'!O11 -> 0.21941667 | G16: ='GHG detailed, results per kg'!P11 -> 0.076417363 | H16: ='GHG detailed, results per kg'!R11 -> 0.080333613 | I16: ='GHG detailed, results per kg'!S11 -> 0.28131564 | J16: ='GHG detailed, results per kg'!T11 -> 0.66756856 | K16: ='GHG detailed, results per kg'!W11 -> 0.33407853 | L16: ='GHG detailed, results per kg'!X11 -> 0.69072184 | M16: =SUM(B16:L16) -> 4.1067952 | P16: Denmark | R16: Denmark
A17: Sweden | B17: ='GHG detailed, results per kg'!H61 -> 0.44049117 | C17: ='GHG detailed, results per kg'!I61 -> 0.16629496 | D17: ='GHG detailed, results per kg'!J61+'GHG detailed, results per kg'!K61 -> 0.90657945 | E17: ='GHG detailed, results per kg'!L61 -> 0.22864813 | F17: ='GHG detailed, results per kg'!O61 -> 0.20368254 | G17: ='GHG detailed, results per kg'!P61 -> 0.079221403 | H17: ='GHG detailed, results per kg'!R61 -> 0.077443604 | I17: ='GHG detailed, results per kg'!S61 -> 0.28143916 | J17: ='GHG detailed, results per kg'!T61 -> 0.68869363 | K17: ='GHG detailed, results per kg'!W61 -> 0.10956747 | L17: ='GHG detailed, results per kg'!X61 -> 0.28752682 | M17: =SUM(B17:L17) -> 3.4695883 | P17: Sweden | R17: Sweden
P20: Explanation:
P21: - We include slaugthering that gives a high value for Poland
P22: - Ireland has only liquid manure and a low MCF
P23: - Italy has also only liquid manure but a much higher MCF
P24: - France and Greece also has very high MCF
P25: - Hungary (and Italy, Spain, Greece) has low emissions from feed because of lower N2O-factors (dry climate)
A30: Water use
A33: Denmark | B33: 0.34945447
A34: France | B34: 0.47801159
A35: Germany | B35: 0.35489833
A36: Greece | B36: 0.38101452
A37: Hungary | B37: 0.34634088
A38: Ireland | B38: 0.33400348
A39: Italy | B39: 0.68514742
A40: Netherlands | B40: 0.47153216
A41: Poland | B41: 0.34621616
A42: Spain | B42: 1.2637786
A43: Sweden | B43: 0.33340769

Sheet Footprints, results per kg
A2: Footprints (per kg of bonefree meat) | M2: * Adjusted for manure | T2: **Values inserted directly here, no formula in this excel sheet
A5: Animal products | F5: Climate | L5: Land | M5: Nitrogen* | N5: Phosphorus | O5: Water | P5: Pesticides | Q5: Biodiversity | R5: Ammonia | S5: Labour | T5: Animal welfare** | U5: Use of antibiotics**
A6: Code | B6: Name | C6: Category | D6: Country | E6: Country code | F6: Carbon footprint, kg CO2e/kg | G6: Carbon dioxide, kg CO2/kg | H6: Methane, fossil, kg CH4/kg | I6: Methane, biogenic, kg CH4/kg | J6: Nitrous oxide, kg N2O/kg | K6: HFCs, kg HFCs/kg | L6: Cropland use, m2/kg | M6: New N input, kg N/kg | N6: New P input, kg P/kg | O6: Blue freshwater use, m3/kg | P6: Pesticide use, g a.i./kg | Q6: Extinction rate, E/MSY/kg | R6: Ammonia emission, kg NH3/kg | S6: Labour requirements, h/kg | T6: Animal welfare index per kg of bonefree meat | U6: Antibiotics use indicator/kg
A7: 21113.02 | B7: Pig meat | C7: Red meat | D7: Denmark | E7: DK | F7: ='GHG detailed, results per kg'!G11 -> 4.1300466 | G7: ='GHG detailed, results per kg'!G7 -> 1.9362934 | H7: ='GHG detailed, results per kg'!G8 -> 0.0026107373 | I7: ='GHG detailed, results per kg'!G9 -> 0.024715653 | J7: ='GHG detailed, results per kg'!G10 -> 0.0053063391 | L7: ='EFP per kg feed'!F17*FCR_bonefree_incl_parents_DK -> 10.292151 | M7: ='EFP per kg feed'!G17*FCR_bonefree_incl_parents_DK-Manure_repl_factor_DK*Excreted_N_after_losses_DK -> 0.13997193 | N7: ='EFP per kg feed'!H17*FCR_bonefree_incl_parents_DK -> 0.017708872 | O7: ='EFP per kg feed'!I17*FCR_bonefree_incl_parents_DK+'Parameters, country spec'!B113 -> 0.24003053 | P7: ='EFP per kg feed'!J17*FCR_bonefree_incl_parents_DK -> 1.4400172 | Q7: ='EFP per kg feed'!K17*FCR_bonefree_incl_parents_DK -> 9.2742555e-10 | R7: ='EFP per kg feed'!L17*FCR_bonefree_incl_parents_DK+NH3_per_kg_DK -> 0.044219552 | S7: ='Parameters, country spec'!$B$116/Production!$B$35 -> 0.027003692 | T7: 3.7603025 | U7: 38.723404
A8: 21113.02 | B8: Pig meat | C8: Red meat | D8: France | E8: FR | F8: ='GHG detailed, results per kg'!G16 -> 5.4172082 | G8: ='GHG detailed, results per kg'!G12 -> 1.7668012 | H8: ='GHG detailed, results per kg'!G13 -> 0.0023924705 | I8: ='GHG detailed, results per kg'!G14 -> 0.08527464 | J8: ='GHG detailed, results per kg'!G15 -> 0.0046765426 | L8: ='EFP per kg feed'!F29*FCR_bonefree_incl_parents_FR -> 9.3271779 | M8: ='EFP per kg feed'!G29*FCR_bonefree_incl_parents_FR-Manure_repl_factor_FR*Excreted_N_after_losses_FR -> 0.1357343 | N8: ='EFP per kg feed'!H29*FCR_bonefree_incl_parents_FR -> 0.021163373 | O8: ='EFP per kg feed'!I29*FCR_bonefree_incl_parents_FR+'Parameters, country spec'!C113 -> 0.37568772 | P8: ='EFP per kg feed'!J29*FCR_bonefree_incl_parents_FR -> 1.3872171 | Q8: ='EFP per kg feed'!K29*FCR_bonefree_incl_parents_FR -> 2.7407511e-09 | R8: ='EFP per kg feed'!L29*FCR_bonefree_incl_parents_FR+NH3_per_kg_FR -> 0.046048212 | S8: ='Parameters, country spec'!$C$116/Production!$C$35 -> 0.041914964 | T8: 3.8528814 | U8: 76.777668
A9: 21113.02 | B9: Pig meat | C9: Red meat | D9: Germany | E9: DE | F9: ='GHG detailed, results per kg'!G21 -> 5.9785746 | G9: ='GHG detailed, results per kg'!G17 -> 2.753196 | H9: ='GHG detailed, results per kg'!G18 -> 0.0037839547 | I9: ='GHG detailed, results per kg'!G19 -> 0.06492593 | J9: ='GHG detailed, results per kg'!G20 -> 0.0049802809 | L9: ='EFP per kg feed'!F41*FCR_bonefree_incl_parents_DE -> 9.8994309 | M9: ='EFP per kg feed'!G41*FCR_bonefree_incl_parents_DE-Manure_repl_factor_DE*Excreted_N_after_losses_DE -> 0.15793644 | N9: ='EFP per kg feed'!H41*FCR_bonefree_incl_parents_DE -> 0.021644677 | O9: ='EFP per kg feed'!I41*FCR_bonefree_incl_parents_DE+'Parameters, country spec'!D113 -> 0.22815637 | P9: ='EFP per kg feed'!J41*FCR_bonefree_incl_parents_DE -> 2.5181391 | Q9: ='EFP per kg feed'!K41*FCR_bonefree_incl_parents_DE -> 9.0048737e-10 | R9: ='EFP per kg feed'!L41*FCR_bonefree_incl_parents_DE+NH3_per_kg_DE -> 0.047846814 | S9: ='Parameters, country spec'!$D$116/Production!$D$35 -> 0.046802605 | T9: 3.6585123 | U9: 100.81925
A10: 21113.02 | B10: Pig meat | C10: Red meat | D10: Greece | E10: GR | F10: ='GHG detailed, results per kg'!G26 -> 8.5748605 | G10: ='GHG detailed, results per kg'!G22 -> 3.1066523 | H10: ='GHG detailed, results per kg'!G23 -> 0.0044234429 | I10: ='GHG detailed, results per kg'!G24 -> 0.16655426 | J10: ='GHG detailed, results per kg'!G25 -> 0.003074816 | L10: ='EFP per kg feed'!F42*FCR_bonefree_incl_parents_GR -> 23.067975 | M10: ='EFP per kg feed'!G42*FCR_bonefree_incl_parents_GR-Manure_repl_factor_GR*Excreted_N_after_losses_GR -> 0.11690421 | N10: ='EFP per kg feed'!H42*FCR_bonefree_incl_parents_GR -> 0.020315546 | O10: ='EFP per kg feed'!I42*FCR_bonefree_incl_parents_GR+'Parameters, country spec'!E113 -> 0.22214015 | P10: ='EFP per kg feed'!J42*FCR_bonefree_incl_parents_GR -> 1.0485443 | Q10: ='EFP per kg feed'!K42*FCR_bonefree_incl_parents_GR -> 3.8075265e-08 | R10: ='EFP per kg feed'!L53*FCR_bonefree_incl_parents_GR+NH3_per_kg_GR -> 0.045717758 | S10: ='Parameters, country spec'!$E$116/Production!$E$35 -> 0.030958065 | T10: 3.778257 | U10: 224.64811
A11: 21113.02 | B11: Pig meat | C11: Red meat | D11: Hungary | E11: HU | F11: ='GHG detailed, results per kg'!G31 -> 4.8295218 | G11: ='GHG detailed, results per kg'!G27 -> 2.5269021 | H11: ='GHG detailed, results per kg'!G28 -> 0.0038934293 | I11: ='GHG detailed, results per kg'!G29 -> 0.050732608 | J11: ='GHG detailed, results per kg'!G30 -> 0.0029919966 | L11: ='EFP per kg feed'!F65*FCR_bonefree_incl_parents_HU -> 10.993961 | M11: ='EFP per kg feed'!G65*FCR_bonefree_incl_parents_HU-Manure_repl_factor_HU*Excreted_N_after_losses_HU -> 0.12227569 | N11: ='EFP per kg feed'!H65*FCR_bonefree_incl_parents_HU -> 0.025164882 | O11: ='EFP per kg feed'!I65*FCR_bonefree_incl_parents_HU+'Parameters, country spec'!F113 -> 0.24979118 | P11: ='EFP per kg feed'!J65*FCR_bonefree_incl_parents_HU -> 1.0177608 | Q11: ='EFP per kg feed'!K65*FCR_bonefree_incl_parents_HU -> 9.0646474e-10 | R11: ='EFP per kg feed'!L65*FCR_bonefree_incl_parents_HU+NH3_per_kg_HU -> 0.04325173 | S11: ='Parameters, country spec'!$F$116/Production!$F$35 -> 0.1336662 | T11: 3.6643868 | U11: 206.86403
A12: 21113.02 | B12: Pig meat | C12: Red meat | D12: Ireland | E12: IE | F12: ='GHG detailed, results per kg'!G36 -> 4.3323515 | G12: ='GHG detailed, results per kg'!G32 -> 2.436667 | H12: ='GHG detailed, results per kg'!G33 -> 0.0025653582 | I12: ='GHG detailed, results per kg'!G34 -> 0.021317295 | J12: ='GHG detailed, results per kg'!G35 -> 0.0045555674 | L12: ='EFP per kg feed'!F77*FCR_bonefree_incl_parents_IE -> 8.9675416 | M12: ='EFP per kg feed'!G77*FCR_bonefree_incl_parents_IE-Manure_repl_factor_IE*Excreted_N_after_losses_IE -> 0.12916069 | N12: ='EFP per kg feed'!H77*FCR_bonefree_incl_parents_IE -> 0.01919283 | O12: ='EFP per kg feed'!I77*FCR_bonefree_incl_parents_IE++'Parameters, country spec'!G113 -> 0.22479402 | P12: ='EFP per kg feed'!J77*FCR_bonefree_incl_parents_IE -> 2.0647553 | Q12: ='EFP per kg feed'!K77*FCR_bonefree_incl_parents_IE -> 9.0353146e-10 | R12: ='EFP per kg feed'!L77*FCR_bonefree_incl_parents_IE+NH3_per_kg_IE -> 0.049815548 | S12: ='Parameters, country spec'!$G$116/Production!$G$35 -> 0.089758069 | T12: 3.6547805 | U12: 80.832611
A13: 21113.02 | B13: Pig meat | C13: Red meat | D13: Italy | E13: IT | F13: ='GHG detailed, results per kg'!G41 -> 6.2138803 | G13: ='GHG detailed, results per kg'!G37 -> 2.3937768 | H13: ='GHG detailed, results per kg'!G38 -> 0.0047976361 | I13: ='GHG detailed, results per kg'!G39 -> 0.10354346 | J13: ='GHG detailed, results per kg'!G40 -> 0.0032287936 | L13: ='EFP per kg feed'!F89*FCR_bonefree_incl_parents_IT -> 10.675796 | M13: ='EFP per kg feed'!G89*FCR_bonefree_incl_parents_IT-Manure_repl_factor_IT*Excreted_N_after_losses_IT -> 0.11921154 | N13: ='EFP per kg feed'!H89*FCR_bonefree_incl_parents_IT -> 0.02575419 | O13: ='EFP per kg feed'!I89*FCR_bonefree_incl_parents_IT+'Parameters, country spec'!H113 -> 0.53893006 | P13: ='EFP per kg feed'!J89*FCR_bonefree_incl_parents_IT -> 1.2218157 | Q13: ='EFP per kg feed'!K89*FCR_bonefree_incl_parents_IT -> 9.8384666e-09 | R13: ='EFP per kg feed'!L89*FCR_bonefree_incl_parents_IT+NH3_per_kg_IT -> 0.057088518 | S13: ='Parameters, country spec'!$H$116/Production!$H$35 -> 0.035525752 | T13: 2.9314832 | U13: 261.49844
A14: 21113.02 | B14: Pig meat | C14: Red meat | D14: Netherlands | E14: NL | F14: ='GHG detailed, results per kg'!G46 -> 7.1941901 | G14: ='GHG detailed, results per kg'!G42 -> 2.8350652 | H14: ='GHG detailed, results per kg'!G43 -> 0.0039348221 | I14: ='GHG detailed, results per kg'!G44 -> 0.10377627 | J14: ='GHG detailed, results per kg'!G45 -> 0.0052743879 | L14: ='EFP per kg feed'!F101*FCR_bonefree_incl_parents_NL -> 9.2562815 | M14: ='EFP per kg feed'!G101*FCR_bonefree_incl_parents_NL-Manure_repl_factor_NL*Excreted_N_after_losses_NL -> 0.15319968 | N14: ='EFP per kg feed'!H101*FCR_bonefree_incl_parents_NL -> 0.022927931 | O14: ='EFP per kg feed'!I101*FCR_bonefree_incl_parents_NL+'Parameters, country spec'!I113 -> 0.25167754 | P14: ='EFP per kg feed'!J101*FCR_bonefree_incl_parents_NL -> 2.8406012 | Q14: ='EFP per kg feed'!K101*FCR_bonefree_incl_parents_NL -> 9.1344276e-10 | R14: ='EFP per kg feed'!L101*FCR_bonefree_incl_parents_NL+NH3_per_kg_NL -> 0.044542832 | S14: ='Parameters, country spec'!$I$116/Production!$I$35 -> 0.055045243 | T14: 3.521251 | U14: 64.140831
A15: 21113.02 | B15: Pig meat | C15: Red meat | D15: Poland | E15: PL | F15: ='GHG detailed, results per kg'!G51 -> 5.7877933 | G15: ='GHG detailed, results per kg'!G47 -> 3.6556618 | H15: ='GHG detailed, results per kg'!G48 -> 0.0055545778 | I15: ='GHG detailed, results per kg'!G49 -> 0.023823352 | J15: ='GHG detailed, results per kg'!G50 -> 0.0048475259 | L15: ='EFP per kg feed'!F113*FCR_bonefree_incl_parents_PL -> 14.194057 | M15: ='EFP per kg feed'!G113*FCR_bonefree_incl_parents_PL-Manure_repl_factor_PL*Excreted_N_after_losses_PL -> 0.13680097 | N15: ='EFP per kg feed'!H113*FCR_bonefree_incl_parents_PL -> 0.020929677 | O15: ='EFP per kg feed'!I113*FCR_bonefree_incl_parents_PL+'Parameters, country spec'!J113 -> 0.23125061 | P15: ='EFP per kg feed'!J113*FCR_bonefree_incl_parents_PL -> 1.4081601 | Q15: ='EFP per kg feed'!K113*FCR_bonefree_incl_parents_PL -> 1.0564905e-09 | R15: ='EFP per kg feed'!L113*FCR_bonefree_incl_parents_PL+NH3_per_kg_PL -> 0.044434048 | S15: ='Parameters, country spec'!$J$116/Production!$J$35 -> 0.1426763 | T15: 3.778257 | U15: 269.1008
A16: 21113.02 | B16: Pig meat | C16: Red meat | D16: Spain | E16: ES | F16: ='GHG detailed, results per kg'!G56 -> 5.8912845 | G16: ='GHG detailed, results per kg'!G52 -> 2.6323885 | H16: ='GHG detailed, results per kg'!G53 -> 0.0039492799 | I16: ='GHG detailed, results per kg'!G54 -> 0.080767748 | J16: ='GHG detailed, results per kg'!G55 -> 0.0035182355 | L16: ='EFP per kg feed'!F125*FCR_bonefree_incl_parents_ES -> 15.509038 | M16: ='EFP per kg feed'!G125*FCR_bonefree_incl_parents_ES-Manure_repl_factor_ES*Excreted_N_after_losses_ES -> 0.15207823 | N16: ='EFP per kg feed'!H125*FCR_bonefree_incl_parents_ES -> 0.024494507 | O16: ='EFP per kg feed'!I125*FCR_bonefree_incl_parents_ES+'Parameters, country spec'!K113 -> 1.5700251 | P16: ='EFP per kg feed'!J125*FCR_bonefree_incl_parents_ES -> 1.0778178 | Q16: ='EFP per kg feed'!K125*FCR_bonefree_incl_parents_ES -> 2.4797385e-08 | R16: ='EFP per kg feed'!L125*FCR_bonefree_incl_parents_ES+NH3_per_kg_ES -> 0.043977855 | S16: ='Parameters, country spec'!$K$116/Production!$K$35 -> 0.014011909 | T16: 3.9766059 | U16: 193.14711
A17: 21113.02 | B17: Pig meat | C17: Red meat | D17: Sweden | E17: SE | F17: ='GHG detailed, results per kg'!G61 -> 3.519973 | G17: ='GHG detailed, results per kg'!G57 -> 1.4275402 | H17: ='GHG detailed, results per kg'!G58 -> 0.0014265311 | I17: ='GHG detailed, results per kg'!G59 -> 0.023288092 | J17: ='GHG detailed, results per kg'!G60 -> 0.0052056544 | L17: ='EFP per kg feed'!F137*FCR_bonefree_incl_parents_SE -> 12.340046 | M17: ='EFP per kg feed'!G137*FCR_bonefree_incl_parents_SE-Manure_repl_factor_SE*Excreted_N_after_losses_SE -> 0.10985702 | N17: ='EFP per kg feed'!H137*FCR_bonefree_incl_parents_SE -> 0.012766316 | O17: ='EFP per kg feed'!I137*FCR_bonefree_incl_parents_SE+'Parameters, country spec'!L113 -> 0.22203965 | P17: ='EFP per kg feed'!J137*FCR_bonefree_incl_parents_SE -> 0.823873 | Q17: ='EFP per kg feed'!K137*FCR_bonefree_incl_parents_SE -> 3.3035686e-10 | R17: ='EFP per kg feed'!L137*FCR_bonefree_incl_parents_SE+NH3_per_kg_SE -> 0.051449771 | S17: ='Parameters, country spec'!$L$116/Production!$L$35 -> 0.027680337 | T17: 2.8930739 | U17: 19.938176

Sheet GHG detailed, results per kg
H1: * Production of mineral fertiliser is adjusted to account for the N supplied by manure. | S1: **** Slaughtering pigs starts emitting methane when after 4 months
A2: GHG emissions (per kg of bonefree meat) | H2: ** Adjusted for use of manure instead of mineral fertiliser (lower emission factor for manure)
H3: *** Calculated as percentage of direct emissions due to assumption due to data limitations regarding nitrogen leaching and volatilization from soils in different regions.
S4: Animals | W4: Stables | X4: Slaughter | Z4: Control
A5: Animal products | G5: Sum | H5: Inputs | J5: Soil emissions | L5: Energy use | P5: Land use change | Q5: Feed processing | R5: Transports
A6: FoodEx code | B6: FoodEx name | C6: Food Ex category (L1) | D6: Country | E6: Country code | F6: Gas | G6: GHG | H6: Production of mineral fertilizer* | I6: Production of capital goods | J6: Direct emissions** | K6: Indirect emissions*** | L6: Diesel use field mach | M6: Energy use in greenhouses | N6: Energy use for irrigation | O6: Energy use for post-harvest proc | P6: LUC emissions | Q6: Feed processing | R6: Feed transports | S6: Enteric fermentation**** | T6: Manure management - tot | U6: Manure management - direct | V6: Manure management - indirect | W6: Energy use in stables | X6: Energy use for slaughter | Z6: Total feed, excl LUC | AA6: Feed mix emissions, kg CO2 per kg feed, excl. adjustement manure
A7: A01RG | B7: Pig muscle | C7: Meat and meat products | D7: Denmark | E7: DK | F7: CO2 | G7: =SUM(H7:X7) -> 1.9362934 | H7: ='CO2 per kg feed'!G17*FCR_bonefree_incl_parents_DK-Excreted_N_after_losses_DK*Manure_repl_factor_DK*(EF_min_fert_BAT_CO2*Frac_BAT_DK+EF_min_fert_AN_CO2*Frac_AN_DK) -> 0.27181653 | I7: ='CO2 per kg feed'!H17*FCR_bonefree_incl_parents_DK -> 0.14151905 | J7: ='CO2 per kg feed'!I17*FCR_bonefree_incl_parents_DK -> 0 | L7: ='CO2 per kg feed'!K17*FCR_bonefree_incl_parents_DK -> 0.16817242 | N7: ='CO2 per kg feed'!M17*FCR_bonefree_incl_parents_DK -> 0.0036101429 | O7: ='CO2 per kg feed'!N17*FCR_bonefree_incl_parents_DK -> 0.21284364 | P7: ='CO2 per kg feed'!O17*FCR_bonefree_incl_parents_DK -> 0.076417363 | Q7: ='CO2 per kg feed'!P17*FCR_bonefree_incl_parents_DK -> 0.012352194 | R7: ='CO2 per kg feed'!Q17*FCR_bonefree_incl_parents_DK -> 0.072021636 | W7: =Energy_stables_DK/Bonefree_outof_CW_DK*(Share_heating_DK*(Share_biofuels_DK*EF_biofuels_CO2+(1-Share_biofuels_DK)*EF_oil_CO2)+(1-Share_heating_DK)*EF_el_CO2_DK) -> 0.31782732 | X7: =(Energy_slaughter_el_DK*EF_el_CO2_DK+Energy_slaughter_oil_DK*EF_oil_CO2)/Bonefree_outof_CW_DK -> 0.65971313
A8: A01RG | B8: Pig muscle | C8: Meat and meat products | D8: Denmark | E8: DK | F8: CH4, fossil | G8: =SUM(H8:X8) -> 0.0026107373 | H8: ='CH4 per kg feed'!G17*FCR_bonefree_incl_parents_DK-Excreted_N_after_losses_DK*Manure_repl_factor_DK*(EF_min_fert_BAT_CH4*Frac_BAT_DK+EF_min_fert_AN_CH4*Frac_AN_DK) -> 0.00041279655 | I8: ='CH4 per kg feed'!H17*FCR_bonefree_incl_parents_DK -> 0.00056712168 | L8: ='CH4 per kg feed'!K17*FCR_bonefree_incl_parents_DK -> 8.2813454e-05 | N8: ='CH4 per kg feed'!M17*FCR_bonefree_incl_parents_DK -> 7.0862217e-06 | O8: ='CH4 per kg feed'!N17*FCR_bonefree_incl_parents_DK -> 0.00013852463 | P8: ='CH4 per kg feed'!O17*FCR_bonefree_incl_parents_DK -> 0 | Q8: ='CH4 per kg feed'!P17*FCR_bonefree_incl_parents_DK -> 0.00012254842 | R8: ='CH4 per kg feed'!Q17*FCR_bonefree_incl_parents_DK -> 0.00020418257 | W8: =Energy_stables_DK/Bonefree_outof_CW_DK*(Share_heating_DK*(Share_biofuels_DK*EF_biofuel_CH4+(1-Share_biofuels_DK)*EF_oil_CH4)+(1-Share_heating_DK)*EF_el_CH4_DK) -> 0.00032293375 | X8: =(Energy_slaughter_el_DK*EF_el_CH4_DK+Energy_slaughter_oil_DK*EF_oil_CH4)/Bonefree_outof_CW_DK -> 0.00075273006
A9: A01RG | B9: Pig muscle | C9: Meat and meat products | D9: Denmark | E9: DK | F9: CH4, biogenic | G9: =SUM(H9:T9)+SUM(W9:X9) -> 0.024715653 | S9: =(Production!B37+Production!B38+Production!B39*4/12)*EF_ent_ferm_DK -> 0.010419098 | T9: =SUM(U9:V9) -> 0.014296555 | U9: =Manure!E32 -> 0.014296555
A10: A01RG | B10: Pig muscle | C10: Meat and meat products | D10: Denmark | E10: DK | F10: N2O | G10: =SUM(H10:T10)+SUM(W10:X10) -> 0.0053063391 | H10: ='N2O per kg feed'!G17*FCR_bonefree_incl_parents_DK-Excreted_N_after_losses_DK*Manure_repl_factor_DK*(EF_min_fert_BAT_N2O*Frac_BAT_DK+EF_min_fert_AN_N2O*Frac_AN_DK) -> 0.00067075482 | I10: ='N2O per kg feed'!H17*FCR_bonefree_incl_parents_DK -> 5.7993945e-06 | J10: ='N2O per kg feed'!I17*FCR_bonefree_incl_parents_DK-Excreted_N_after_losses_DK*Manure_repl_factor_DK*EF_N2O_diff_DK -> 0.0031891183 | K10: =J10*EF_indirect_N2O_DK -> 0.00031891183 | L10: ='N2O per kg feed'!K17*FCR_bonefree_incl_parents_DK -> 5.0330577e-06 | N10: ='N2O per kg feed'!M17*FCR_bonefree_incl_parents_DK -> 8.6959133e-08 | O10: ='N2O per kg feed'!N17*FCR_bonefree_incl_parents_DK -> 8.9560319e-06 | P10: ='N2O per kg feed'!O17*FCR_bonefree_incl_parents_DK -> 0 | Q10: ='N2O per kg feed'!P17*FCR_bonefree_incl_parents_DK -> 1.2462379e-05 | R10: ='N2O per kg feed'!Q17*FCR_bonefree_incl_parents_DK -> 8.1587425e-06 | T10: =SUM(U10:V10) -> 0.0010313611 | U10: =Manure!E88*44/28 -> 0.00058398406 | V10: =NH3_per_kg_DK*17/14*Manure!B117 -> 0.00044737702 | W10: =Energy_stables_DK/Bonefree_outof_CW_DK*(Share_heating_DK*(Share_biofuels_DK*EF_biofuel_N2O+(1-Share_biofuels_DK)*EF_oil_N2O)+(1-Share_heating_DK)*EF_el_N2O_DK) -> 2.4277567e-05 | X10: =(Energy_slaughter_el_DK*EF_el_N2O_DK+Energy_slaughter_oil_DK*EF_oil_N2O)/Bonefree_outof_CW_DK -> 3.1418859e-05
A11: A01RG | B11: Pig muscle | C11: Meat and meat products | D11: Denmark | E11: DK | F11: CO2e | G11: =SUM(H11:X11) -> 4.1300466 | H11: =SUMPRODUCT(H7:H10,'Parameters, general'!$B$13:$B$16) -> 0.46723394 | I11: =SUMPRODUCT(I7:I10,'Parameters, general'!$B$13:$B$16) -> 0.16000251 | J11: =SUMPRODUCT(J7:J10,'Parameters, general'!$B$13:$B$16) -> 0.87062931 | K11: =SUMPRODUCT(K7:K10,'Parameters, general'!$B$13:$B$16) -> 0.087062931 | L11: =SUMPRODUCT(L7:L10,'Parameters, general'!$B$13:$B$16) -> 0.17201428 | M11: =SUMPRODUCT(M7:M10,'Parameters, general'!$B$13:$B$16) -> 0 | N11: =SUMPRODUCT(N7:N10,'Parameters, general'!$B$13:$B$16) -> 0.0038450521 | O11: =SUMPRODUCT(O7:O10,'Parameters, general'!$B$13:$B$16) -> 0.21941667 | ... T11: =SUMPRODUCT(T7:T10,'Parameters, general'!$B$13:$B$16) -> 0.66756856 | W11: =SUMPRODUCT(W7:W10,'Parameters, general'!$B$13:$B$16) -> 0.33407853 | X11: =SUMPRODUCT(X7:X10,'Parameters, general'!$B$13:$B$16) -> 0.69072184 | Z11: =SUM(H11:R11) -> 2.156362 | AA11: ='CO2 per kg feed'!F17+'CH4 per kg feed'!F17*CF_GWP_CH4_fossil+'N2O per kg feed'!F17*CF_GWP_N2O -> 0.26512851
A12: A01RG | B12: Pig muscle | C12: Meat and meat products | D12: France | E12: FR | F12: CO2 | G12: =SUM(H12:X12) -> 1.7668012 | H12: ='CO2 per kg feed'!G29*FCR_bonefree_incl_parents_FR-Excreted_N_after_losses_FR*Manure_repl_factor_FR*(EF_min_fert_BAT_CO2*Frac_BAT_FR+EF_min_fert_AN_CO2*Frac_AN_FR) -> 0.38961477 | I12: ='CO2 per kg feed'!H29*FCR_bonefree_incl_parents_FR -> 0.14926785 | J12: ='CO2 per kg feed'!I29*FCR_bonefree_incl_parents_FR -> 0 | L12: ='CO2 per kg feed'!K29*FCR_bonefree_incl_parents_FR -> 0.16870009 | N12: ='CO2 per kg feed'!M29*FCR_bonefree_incl_parents_FR -> 0.011101444 | O12: ='CO2 per kg feed'!N29*FCR_bonefree_incl_parents_FR -> 0.20825195 | P12: ='CO2 per kg feed'!O29*FCR_bonefree_incl_parents_FR -> 0.17506262 | Q12: ='CO2 per kg feed'!P29*FCR_bonefree_incl_parents_FR -> 0.032323539 | R12: ='CO2 per kg feed'!Q29*FCR_bonefree_incl_parents_FR -> 0.17701178 | W12: =Energy_stables_FR/Bonefree_outof_CW_FR*(Share_heating_FR*(Share_biofuels_FR*EF_biofuels_CO2+(1-Share_biofuels_FR)*EF_oil_CO2)+(1-Share_heating_FR)*EF_el_CO2_FR) -> 0.18005144 | X12: =(Energy_slaughter_el_FR*EF_el_CO2_FR+Energy_slaughter_oil_FR*EF_oil_CO2)/Bonefree_outof_CW_FR -> 0.27541572
A13: A01RG | B13: Pig muscle | C13: Meat and meat products | D13: France | E13: FR | F13: CH4, fossil | G13: =SUM(H13:X13) -> 0.0023924705 | H13: ='CH4 per kg feed'!G29*FCR_bonefree_incl_parents_FR-Excreted_N_after_losses_FR*Manure_repl_factor_FR*(EF_min_fert_BAT_CH4*Frac_BAT_FR+EF_min_fert_AN_CH4*Frac_AN_FR) -> 0.00071612041 | I13: ='CH4 per kg feed'!H29*FCR_bonefree_incl_parents_FR -> 0.00054887303 | L13: ='CH4 per kg feed'!K29*FCR_bonefree_incl_parents_FR -> 7.4749117e-05 | N13: ='CH4 per kg feed'!M29*FCR_bonefree_incl_parents_FR -> 3.8784024e-05 | O13: ='CH4 per kg feed'!N29*FCR_bonefree_incl_parents_FR -> 0.00011303871 | P13: ='CH4 per kg feed'!O29*FCR_bonefree_incl_parents_FR -> 0 | Q13: ='CH4 per kg feed'!P29*FCR_bonefree_incl_parents_FR -> 9.9216797e-05 | R13: ='CH4 per kg feed'!Q29*FCR_bonefree_incl_parents_FR -> 0.00017001082 | W13: =Energy_stables_FR/Bonefree_outof_CW_FR*(Share_heating_FR*(Share_biofuels_FR*EF_biofuel_CH4+(1-Share_biofuels_FR)*EF_oil_CH4)+(1-Share_heating_FR)*EF_el_CH4_FR) -> 0.0002057248 | X13: =(Energy_slaughter_el_FR*EF_el_CH4_FR+Energy_slaughter_oil_FR*EF_oil_CH4)/Bonefree_outof_CW_FR -> 0.00042595283
A14: A01RG | B14: Pig muscle | C14: Meat and meat products | D14: France | E14: FR | F14: CH4, biogenic | G14: =SUM(H14:T14)+SUM(W14:X14) -> 0.08527464 | S14: =(Production!C37+Production!C38+Production!C39*4/12)*EF_ent_ferm_FR -> 0.010542184 | T14: =SUM(U14:V14) -> 0.074732455 | U14: =Manure!I32 -> 0.074732455
A15: A01RG | B15: Pig muscle | C15: Meat and meat products | D15: France | E15: FR | F15: N2O | G15: =SUM(H15:T15)+SUM(W15:X15) -> 0.0046765426 | H15: ='N2O per kg feed'!G29*FCR_bonefree_incl_parents_FR-Excreted_N_after_losses_FR*Manure_repl_factor_FR*(EF_min_fert_BAT_N2O*Frac_BAT_FR+EF_min_fert_AN_N2O*Frac_AN_FR) -> 0.00082938353 | I15: ='N2O per kg feed'!H29*FCR_bonefree_incl_parents_FR -> 5.6078562e-06 | J15: ='N2O per kg feed'!I29*FCR_bonefree_incl_parents_FR-Excreted_N_after_losses_FR*Manure_repl_factor_FR*EF_N2O_diff_FR -> 0.0024606622 | K15: =J15*EF_indirect_N2O_FR -> 0.00024606622 | L15: ='N2O per kg feed'!K29*FCR_bonefree_incl_parents_FR -> 4.5335959e-06 | N15: ='N2O per kg feed'!M29*FCR_bonefree_incl_parents_FR -> 4.7800269e-07 | O15: ='N2O per kg feed'!N29*FCR_bonefree_incl_parents_FR -> 7.8125207e-06 | P15: ='N2O per kg feed'!O29*FCR_bonefree_incl_parents_FR -> 0 | Q15: ='N2O per kg feed'!P29*FCR_bonefree_incl_parents_FR -> 9.8014607e-06 | R15: ='N2O per kg feed'!Q29*FCR_bonefree_incl_parents_FR -> 6.1272279e-06 | T15: =SUM(U15:V15) -> 0.0010704631 | U15: =Manure!I88*44/28 -> 0.00060595133 | V15: =NH3_per_kg_FR*17/14*Manure!F117 -> 0.00046451175 | W15: =Energy_stables_FR/Bonefree_outof_CW_FR*(Share_heating_FR*(Share_biofuels_FR*EF_biofuel_N2O+(1-Share_biofuels_FR)*EF_oil_N2O)+(1-Share_heating_FR)*EF_el_N2O_FR) -> 1.896666e-05 | X15: =(Energy_slaughter_el_FR*EF_el_N2O_FR+Energy_slaughter_oil_FR*EF_oil_N2O)/Bonefree_outof_CW_FR -> 1.6640187e-05
A16: A01RG | B16: Pig muscle | C16: Meat and meat products | D16: France | E16: FR | F16: CO2e | G16: =SUM(H16:X16) -> 5.4172082 | H16: =SUMPRODUCT(H12:H15,'Parameters, general'!$B$13:$B$16) -> 0.63737686 | I16: =SUMPRODUCT(I12:I15,'Parameters, general'!$B$13:$B$16) -> 0.16715521 | J16: =SUMPRODUCT(J12:J15,'Parameters, general'!$B$13:$B$16) -> 0.67176079 | K16: =SUMPRODUCT(K12:K15,'Parameters, general'!$B$13:$B$16) -> 0.067176079 | L16: =SUMPRODUCT(L12:L15,'Parameters, general'!$B$13:$B$16) -> 0.17216528 | M16: =SUMPRODUCT(M12:M15,'Parameters, general'!$B$13:$B$16) -> 0 | N16: =SUMPRODUCT(N12:N15,'Parameters, general'!$B$13:$B$16) -> 0.012387703 | O16: =SUMPRODUCT(O12:O15,'Parameters, general'!$B$13:$B$16) -> 0.21375332 | ... T16: =SUMPRODUCT(T12:T15,'Parameters, general'!$B$13:$B$16) -> 2.3100127 | W16: =SUMPRODUCT(W12:W15,'Parameters, general'!$B$13:$B$16) -> 0.19135994 | X16: =SUMPRODUCT(X12:X15,'Parameters, general'!$B$13:$B$16) -> 0.29265189 | Z16: =SUM(H16:R16) -> 2.3385447 | AA16: ='CO2 per kg feed'!F29+'CH4 per kg feed'!F29*CF_GWP_CH4_fossil+'N2O per kg feed'!F29*CF_GWP_N2O -> 0.23844379
A17: A01RG | B17: Pig muscle | C17: Meat and meat products | D17: Germany | E17: DE | F17: CO2 | G17: =SUM(H17:X17) -> 2.753196 | H17: ='CO2 per kg feed'!G41*FCR_bonefree_incl_parents_DE-Excreted_N_after_losses_DE*Manure_repl_factor_DE*(EF_min_fert_BAT_CO2*Frac_BAT_DE+EF_min_fert_AN_CO2*Frac_AN_DE) -> 0.42465813 | I17: ='CO2 per kg feed'!H41*FCR_bonefree_incl_parents_DE -> 0.15652587 | J17: ='CO2 per kg feed'!I41*FCR_bonefree_incl_parents_DE -> 0 | L17: ='CO2 per kg feed'!K41*FCR_bonefree_incl_parents_DE -> 0.17803232 | N17: ='CO2 per kg feed'!M41*FCR_bonefree_incl_parents_DE -> 0.0027525334 | O17: ='CO2 per kg feed'!N41*FCR_bonefree_incl_parents_DE -> 0.25590588 | P17: ='CO2 per kg feed'!O41*FCR_bonefree_incl_parents_DE -> 0.27126559 | Q17: ='CO2 per kg feed'!P41*FCR_bonefree_incl_parents_DE -> 0.048835268 | R17: ='CO2 per kg feed'!Q41*FCR_bonefree_incl_parents_DE -> 0.27055082 | W17: =Energy_stables_DE/Bonefree_outof_CW_DE*(Share_heating_DE*(Share_biofuels_DE*EF_biofuels_CO2+(1-Share_biofuels_DE)*EF_oil_CO2)+(1-Share_heating_DE)*EF_el_CO2_DE) -> 0.35889355 | X17: =(Energy_slaughter_el_DE*EF_el_CO2_DE+Energy_slaughter_oil_DE*EF_oil_CO2)/Bonefree_outof_CW_DE -> 0.785776
A18: A01RG | B18: Pig muscle | C18: Meat and meat products | D18: Germany | E18: DE | F18: CH4, fossil | G18: =SUM(H18:X18) -> 0.0037839547 | H18: ='CH4 per kg feed'!G41*FCR_bonefree_incl_parents_DE-Excreted_N_after_losses_DE*Manure_repl_factor_DE*(EF_min_fert_BAT_CH4*Frac_BAT_DE+EF_min_fert_AN_CH4*Frac_AN_DE) -> 0.00077073451 | I18: ='CH4 per kg feed'!H41*FCR_bonefree_incl_parents_DE -> 0.0005741135 | L18: ='CH4 per kg feed'!K41*FCR_bonefree_incl_parents_DE -> 7.8694054e-05 | N18: ='CH4 per kg feed'!M41*FCR_bonefree_incl_parents_DE -> 8.2546755e-06 | O18: ='CH4 per kg feed'!N41*FCR_bonefree_incl_parents_DE -> 0.00018139038 | P18: ='CH4 per kg feed'!O41*FCR_bonefree_incl_parents_DE -> 0 | Q18: ='CH4 per kg feed'!P41*FCR_bonefree_incl_parents_DE -> 0.00015102354 | R18: ='CH4 per kg feed'!Q41*FCR_bonefree_incl_parents_DE -> 0.00025819582 | W18: =Energy_stables_DE/Bonefree_outof_CW_DE*(Share_heating_DE*(Share_biofuels_DE*EF_biofuel_CH4+(1-Share_biofuels_DE)*EF_oil_CH4)+(1-Share_heating_DE)*EF_el_CH4_DE) -> 0.00049958875 | X18: =(Energy_slaughter_el_DE*EF_el_CH4_DE+Energy_slaughter_oil_DE*EF_oil_CH4)/Bonefree_outof_CW_DE -> 0.0012619594
A19: A01RG | B19: Pig muscle | C19: Meat and meat products | D19: Germany | E19: DE | F19: CH4, biogenic | G19: =SUM(H19:T19)+SUM(W19:X19) -> 0.06492593 | S19: =(Production!D37+Production!D38+Production!D39*4/12)*EF_ent_ferm_DE -> 0.010430743 | T19: =SUM(U19:V19) -> 0.054495187 | U19: =Manure!M32 -> 0.054495187
A20: A01RG | B20: Pig muscle | C20: Meat and meat products | D20: Germany | E20: DE | F20: N2O | G20: =SUM(H20:T20)+SUM(W20:X20) -> 0.0049802809 | H20: ='N2O per kg feed'!G41*FCR_bonefree_incl_parents_DE-Excreted_N_after_losses_DE*Manure_repl_factor_DE*(EF_min_fert_BAT_N2O*Frac_BAT_DE+EF_min_fert_AN_N2O*Frac_AN_DE) -> 0.00089402844 | I20: ='N2O per kg feed'!H41*FCR_bonefree_incl_parents_DE -> 5.909493e-06 | J20: ='N2O per kg feed'!I41*FCR_bonefree_incl_parents_DE-Excreted_N_after_losses_DE*Manure_repl_factor_DE*EF_N2O_diff_DE -> 0.0026132198 | K20: =J20*EF_indirect_N2O_DE -> 0.00026132198 | L20: ='N2O per kg feed'!K41*FCR_bonefree_incl_parents_DE -> 4.7737941e-06 | N20: ='N2O per kg feed'!M41*FCR_bonefree_incl_parents_DE -> 1.0163094e-07 | O20: ='N2O per kg feed'!N41*FCR_bonefree_incl_parents_DE -> 9.5098752e-06 | P20: ='N2O per kg feed'!O41*FCR_bonefree_incl_parents_DE -> 0 | Q20: ='N2O per kg feed'!P41*FCR_bonefree_incl_parents_DE -> 1.4955368e-05 | R20: ='N2O per kg feed'!Q41*FCR_bonefree_incl_parents_DE -> 9.3863364e-06 | T20: =SUM(U20:V20) -> 0.0011085372 | U20: =Manure!M88*44/28 -> 0.00063087096 | V20: =NH3_per_kg_DE*17/14*Manure!J117 -> 0.00047766628 | W20: =Energy_stables_DE/Bonefree_outof_CW_DE*(Share_heating_DE*(Share_biofuels_DE*EF_biofuel_N2O+(1-Share_biofuels_DE)*EF_oil_N2O)+(1-Share_heating_DE)*EF_el_N2O_DE) -> 2.4819295e-05 | X20: =(Energy_slaughter_el_DE*EF_el_N2O_DE+Energy_slaughter_oil_DE*EF_oil_N2O)/Bonefree_outof_CW_DE -> 3.3717619e-05
A21: A01RG | B21: Pig muscle | C21: Meat and meat products | D21: Germany | E21: DE | F21: CO2e | G21: =SUM(H21:X21) -> 5.9785746 | H21: =SUMPRODUCT(H17:H20,'Parameters, general'!$B$13:$B$16) -> 0.69169579 | I21: =SUMPRODUCT(I17:I20,'Parameters, general'!$B$13:$B$16) -> 0.17524774 | J21: =SUMPRODUCT(J17:J20,'Parameters, general'!$B$13:$B$16) -> 0.71340901 | K21: =SUMPRODUCT(K17:K20,'Parameters, general'!$B$13:$B$16) -> 0.071340901 | L21: =SUMPRODUCT(L17:L20,'Parameters, general'!$B$13:$B$16) -> 0.18168065 | M21: =SUMPRODUCT(M17:M20,'Parameters, general'!$B$13:$B$16) -> 0 | N21: =SUMPRODUCT(N17:N20,'Parameters, general'!$B$13:$B$16) -> 0.003026268 | O21: =SUMPRODUCT(O17:O20,'Parameters, general'!$B$13:$B$16) -> 0.26390751 | ... T21: =SUMPRODUCT(T17:T20,'Parameters, general'!$B$13:$B$16) -> 1.7740007 | W21: =SUMPRODUCT(W17:W20,'Parameters, general'!$B$13:$B$16) -> 0.38055696 | X21: =SUMPRODUCT(X17:X20,'Parameters, general'!$B$13:$B$16) -> 0.8325873 | Z21: =SUM(H21:R21) -> 2.7097996 | AA21: ='CO2 per kg feed'!F41+'CH4 per kg feed'!F41*CF_GWP_CH4_fossil+'N2O per kg feed'!F41*CF_GWP_N2O -> 0.28130744
A22: A01RG | B22: Pig muscle | C22: Meat and meat products | D22: Greece | E22: GR | F22: CO2 | G22: =SUM(H22:X22) -> 3.1066523 | H22: ='CO2 per kg feed'!G53*FCR_bonefree_incl_parents_GR-Excreted_N_after_losses_GR*Manure_repl_factor_GR*(EF_min_fert_BAT_CO2*Frac_BAT_GR+EF_min_fert_AN_CO2*Frac_AN_GR) -> 0.28443233 | I22: ='CO2 per kg feed'!H53*FCR_bonefree_incl_parents_GR -> 0.1513267 | J22: ='CO2 per kg feed'!I53*FCR_bonefree_incl_parents_GR -> 0 | L22: ='CO2 per kg feed'!K53*FCR_bonefree_incl_parents_GR -> 0.25102497 | N22: ='CO2 per kg feed'!M53*FCR_bonefree_incl_parents_GR -> 0.05101316 | O22: ='CO2 per kg feed'!N53*FCR_bonefree_incl_parents_GR -> 0.25231868 | P22: ='CO2 per kg feed'!O53*FCR_bonefree_incl_parents_GR -> 0.33414898 | Q22: ='CO2 per kg feed'!P53*FCR_bonefree_incl_parents_GR -> 0.048390137 | R22: ='CO2 per kg feed'!Q53*FCR_bonefree_incl_parents_GR -> 0.26444673 | W22: =Energy_stables_GR/Bonefree_outof_CW_GR*(Share_heating_GR*(Share_biofuels_GR*EF_biofuels_CO2+(1-Share_biofuels_GR)*EF_oil_CO2)+(1-Share_heating_GR)*EF_el_CO2_GR) -> 0.44450736 | X22: =(Energy_slaughter_el_GR*EF_el_CO2_GR+Energy_slaughter_oil_GR*EF_oil_CO2)/Bonefree_outof_CW_GR -> 1.0250432
A23: A01RG | B23: Pig muscle | C23: Meat and meat products | D23: Greece | E23: GR | F23: CH4, fossil | G23: =SUM(H23:X23) -> 0.0044234429 | H23: ='CH4 per kg feed'!G53*FCR_bonefree_incl_parents_GR-Excreted_N_after_losses_GR*Manure_repl_factor_GR*(EF_min_fert_BAT_CH4*Frac_BAT_GR+EF_min_fert_AN_CH4*Frac_AN_GR) -> 0.00055277388 | I23: ='CH4 per kg feed'!H53*FCR_bonefree_incl_parents_GR -> 0.00055571876 | L23: ='CH4 per kg feed'!K53*FCR_bonefree_incl_parents_GR -> 0.0001112407 | N23: ='CH4 per kg feed'!M53*FCR_bonefree_incl_parents_GR -> 0.00017341679 | O23: ='CH4 per kg feed'!N53*FCR_bonefree_incl_parents_GR -> 0.00020528473 | P23: ='CH4 per kg feed'!O53*FCR_bonefree_incl_parents_GR -> 0 | Q23: ='CH4 per kg feed'!P53*FCR_bonefree_incl_parents_GR -> 0.00013598248 | R23: ='CH4 per kg feed'!Q53*FCR_bonefree_incl_parents_GR -> 0.00022146412 | W23: =Energy_stables_GR/Bonefree_outof_CW_GR*(Share_heating_GR*(Share_biofuels_GR*EF_biofuel_CH4+(1-Share_biofuels_GR)*EF_oil_CH4)+(1-Share_heating_GR)*EF_el_CH4_GR) -> 0.00068521536 | X23: =(Energy_slaughter_el_GR*EF_el_CH4_GR+Energy_slaughter_oil_GR*EF_oil_CH4)/Bonefree_outof_CW_GR -> 0.0017823461
A24: A01RG | B24: Pig muscle | C24: Meat and meat products | D24: Greece | E24: GR | F24: CH4, biogenic | G24: =SUM(H24:T24)+SUM(W24:X24) -> 0.16655426 | S24: =(Production!E37+Production!E38+Production!E39*4/12)*EF_ent_ferm_GR -> 0.010474494 | T24: =SUM(U24:V24) -> 0.15607976 | U24: =Manure!Q32 -> 0.15607976
A25: A01RG | B25: Pig muscle | C25: Meat and meat products | D25: Greece | E25: GR | F25: N2O | G25: =SUM(H25:T25)+SUM(W25:X25) -> 0.003074816 | H25: ='N2O per kg feed'!G53*FCR_bonefree_incl_parents_GR-Excreted_N_after_losses_GR*Manure_repl_factor_GR*(EF_min_fert_BAT_N2O*Frac_BAT_GR+EF_min_fert_AN_N2O*Frac_AN_GR) -> 0.0006286086 | I25: ='N2O per kg feed'!H53*FCR_bonefree_incl_parents_GR -> 5.6997022e-06 | J25: ='N2O per kg feed'!I53*FCR_bonefree_incl_parents_GR-Excreted_N_after_losses_GR*Manure_repl_factor_GR*EF_N2O_diff_GR -> 0.0011092799 | K25: =J25*EF_indirect_N2O_GR -> 0.00011092799 | L25: ='N2O per kg feed'!K53*FCR_bonefree_incl_parents_GR -> 6.7486538e-06 | N25: ='N2O per kg feed'!M53*FCR_bonefree_incl_parents_GR -> 2.1336225e-06 | O25: ='N2O per kg feed'!N53*FCR_bonefree_incl_parents_GR -> 8.8923391e-06 | P25: ='N2O per kg feed'!O53*FCR_bonefree_incl_parents_GR -> 0 | Q25: ='N2O per kg feed'!P53*FCR_bonefree_incl_parents_GR -> 1.4141267e-05 | R25: ='N2O per kg feed'!Q53*FCR_bonefree_incl_parents_GR -> 9.5719474e-06 | T25: =SUM(U25:V25) -> 0.0011179027 | U25: =Manure!Q88*44/28 -> 0.0006327308 | V25: =NH3_per_kg_GR*17/14*Manure!N117 -> 0.00048517188 | W25: =Energy_stables_GR/Bonefree_outof_CW_GR*(Share_heating_GR*(Share_biofuels_GR*EF_biofuel_N2O+(1-Share_biofuels_GR)*EF_oil_N2O)+(1-Share_heating_GR)*EF_el_N2O_GR) -> 2.5478087e-05 | X25: =(Energy_slaughter_el_GR*EF_el_N2O_GR+Energy_slaughter_oil_GR*EF_oil_N2O)/Bonefree_outof_CW_GR -> 3.5431198e-05
A26: A01RG | B26: Pig muscle | C26: Meat and meat products | D26: Greece | E26: GR | F26: CO2e | G26: =SUM(H26:X26) -> 8.5748605 | H26: =SUMPRODUCT(H22:H25,'Parameters, general'!$B$13:$B$16) -> 0.47251514 | I26: =SUMPRODUCT(I22:I25,'Parameters, general'!$B$13:$B$16) -> 0.16944313 | J26: =SUMPRODUCT(J22:J25,'Parameters, general'!$B$13:$B$16) -> 0.3028334 | K26: =SUMPRODUCT(K22:K25,'Parameters, general'!$B$13:$B$16) -> 0.03028334 | L26: =SUMPRODUCT(L22:L25,'Parameters, general'!$B$13:$B$16) -> 0.25618232 | M26: =SUMPRODUCT(M22:M25,'Parameters, general'!$B$13:$B$16) -> 0 | N26: =SUMPRODUCT(N22:N25,'Parameters, general'!$B$13:$B$16) -> 0.056763459 | O26: =SUMPRODUCT(O22:O25,'Parameters, general'!$B$13:$B$16) -> 0.26086377 | ... T26: =SUMPRODUCT(T22:T25,'Parameters, general'!$B$13:$B$16) -> 4.519341 | W26: =SUMPRODUCT(W22:W25,'Parameters, general'!$B$13:$B$16) -> 0.4718823 | X26: =SUMPRODUCT(X22:X25,'Parameters, general'!$B$13:$B$16) -> 1.0878299 | Z26: =SUM(H26:R26) -> 2.212996 | AA26: ='CO2 per kg feed'!F53+'CH4 per kg feed'!F53*CF_GWP_CH4_fossil+'N2O per kg feed'!F53*CF_GWP_N2O -> 0.27899023
A27: A01RG | B27: Pig muscle | C27: Meat and meat products | D27: Hungary | E27: HU | F27: CO2 | G27: =SUM(H27:X27) -> 2.5269021 | H27: ='CO2 per kg feed'!G65*FCR_bonefree_incl_parents_HU-Excreted_N_after_losses_HU*Manure_repl_factor_HU*(EF_min_fert_BAT_CO2*Frac_BAT_HU+EF_min_fert_AN_CO2*Frac_AN_HU) -> 0.30879912 | I27: ='CO2 per kg feed'!H65*FCR_bonefree_incl_parents_HU -> 0.15114165 | J27: ='CO2 per kg feed'!I65*FCR_bonefree_incl_parents_HU -> 0 | L27: ='CO2 per kg feed'!K65*FCR_bonefree_incl_parents_HU -> 0.19714607 | N27: ='CO2 per kg feed'!M65*FCR_bonefree_incl_parents_HU -> 0.001660166 | O27: ='CO2 per kg feed'!N65*FCR_bonefree_incl_parents_HU -> 0.23369737 | P27: ='CO2 per kg feed'!O65*FCR_bonefree_incl_parents_HU -> 0.27301429 | Q27: ='CO2 per kg feed'!P65*FCR_bonefree_incl_parents_HU -> 0.048053247 | R27: ='CO2 per kg feed'!Q65*FCR_bonefree_incl_parents_HU -> 0.2160411 | W27: =Energy_stables_HU/Bonefree_outof_CW_HU*(Share_heating_HU*(Share_biofuels_HU*EF_biofuels_CO2+(1-Share_biofuels_HU)*EF_oil_CO2)+(1-Share_heating_HU)*EF_el_CO2_HU) -> 0.34730405 | X27: =(Energy_slaughter_el_HU*EF_el_CO2_HU+Energy_slaughter_oil_HU*EF_oil_CO2)/Bonefree_outof_CW_HU -> 0.75004508
A28: A01RG | B28: Pig muscle | C28: Meat and meat products | D28: Hungary | E28: HU | F28: CH4, fossil | G28: =SUM(H28:X28) -> 0.0038934293 | H28: ='CH4 per kg feed'!G65*FCR_bonefree_incl_parents_HU-Excreted_N_after_losses_HU*Manure_repl_factor_HU*(EF_min_fert_BAT_CH4*Frac_BAT_HU+EF_min_fert_AN_CH4*Frac_AN_HU) -> 0.00059859355 | I28: ='CH4 per kg feed'!H65*FCR_bonefree_incl_parents_HU -> 0.00055591248 | L28: ='CH4 per kg feed'!K65*FCR_bonefree_incl_parents_HU -> 8.7816704e-05 | N28: ='CH4 per kg feed'!M65*FCR_bonefree_incl_parents_HU -> 7.0558672e-06 | O28: ='CH4 per kg feed'!N65*FCR_bonefree_incl_parents_HU -> 0.00019003544 | P28: ='CH4 per kg feed'!O65*FCR_bonefree_incl_parents_HU -> 0 | Q28: ='CH4 per kg feed'!P65*FCR_bonefree_incl_parents_HU -> 0.00011108659 | R28: ='CH4 per kg feed'!Q65*FCR_bonefree_incl_parents_HU -> 0.00018091299 | W28: =Energy_stables_HU/Bonefree_outof_CW_HU*(Share_heating_HU*(Share_biofuels_HU*EF_biofuel_CH4+(1-Share_biofuels_HU)*EF_oil_CH4)+(1-Share_heating_HU)*EF_el_CH4_HU) -> 0.00060565775 | X28: =(Energy_slaughter_el_HU*EF_el_CH4_HU+Energy_slaughter_oil_HU*EF_oil_CH4)/Bonefree_outof_CW_HU -> 0.001556358
A29: A01RG | B29: Pig muscle | C29: Meat and meat products | D29: Hungary | E29: HU | F29: CH4, biogenic | G29: =SUM(H29:T29)+SUM(W29:X29) -> 0.050732608 | S29: =(Production!F37+Production!F38+Production!F39*4/12)*EF_ent_ferm_HU -> 0.01042089 | T29: =SUM(U29:V29) -> 0.040311717 | U29: =Manure!U32 -> 0.040311717
A30: A01RG | B30: Pig muscle | C30: Meat and meat products | D30: Hungary | E30: HU | F30: N2O | G30: =SUM(H30:T30)+SUM(W30:X30) -> 0.0029919966 | H30: ='N2O per kg feed'!G65*FCR_bonefree_incl_parents_HU-Excreted_N_after_losses_HU*Manure_repl_factor_HU*(EF_min_fert_BAT_N2O*Frac_BAT_HU+EF_min_fert_AN_N2O*Frac_AN_HU) -> 0.00068052256 | I30: ='N2O per kg feed'!H65*FCR_bonefree_incl_parents_HU -> 5.6752671e-06 | J30: ='N2O per kg feed'!I65*FCR_bonefree_incl_parents_HU-Excreted_N_after_losses_HU*Manure_repl_factor_HU*EF_N2O_diff_HU -> 0.0010651254 | K30: =J30*EF_indirect_N2O_HU -> 0.00010651254 | L30: ='N2O per kg feed'!K65*FCR_bonefree_incl_parents_HU -> 5.3234561e-06 | N30: ='N2O per kg feed'!M65*FCR_bonefree_incl_parents_HU -> 8.6829175e-08 | O30: ='N2O per kg feed'!N65*FCR_bonefree_incl_parents_HU -> 8.2775736e-06 | P30: ='N2O per kg feed'!O65*FCR_bonefree_incl_parents_HU -> 0 | Q30: ='N2O per kg feed'!P65*FCR_bonefree_incl_parents_HU -> 1.1552576e-05 | R30: ='N2O per kg feed'!Q65*FCR_bonefree_incl_parents_HU -> 7.8200215e-06 | T30: =SUM(U30:V30) -> 0.0010524882 | U30: =Manure!U88*44/28 -> 0.00060005404 | V30: =NH3_per_kg_HU*17/14*Manure!R117 -> 0.00045243411 | W30: =Energy_stables_HU/Bonefree_outof_CW_HU*(Share_heating_HU*(Share_biofuels_HU*EF_biofuel_N2O+(1-Share_biofuels_HU)*EF_oil_N2O)+(1-Share_heating_HU)*EF_el_N2O_HU) -> 2.2274607e-05 | X30: =(Energy_slaughter_el_HU*EF_el_N2O_HU+Energy_slaughter_oil_HU*EF_oil_N2O)/Bonefree_outof_CW_HU -> 2.6337516e-05
A31: A01RG | B31: Pig muscle | C31: Meat and meat products | D31: Hungary | E31: HU | F31: CO2e | G31: =SUM(H31:X31) -> 4.8295218 | H31: =SUMPRODUCT(H27:H30,'Parameters, general'!$B$13:$B$16) -> 0.51241987 | I31: =SUMPRODUCT(I27:I30,'Parameters, general'!$B$13:$B$16) -> 0.16925719 | J31: =SUMPRODUCT(J27:J30,'Parameters, general'!$B$13:$B$16) -> 0.29077925 | K31: =SUMPRODUCT(K27:K30,'Parameters, general'!$B$13:$B$16) -> 0.029077925 | L31: =SUMPRODUCT(L27:L30,'Parameters, general'!$B$13:$B$16) -> 0.20121631 | M31: =SUMPRODUCT(M27:M30,'Parameters, general'!$B$13:$B$16) -> 0 | N31: =SUMPRODUCT(N27:N30,'Parameters, general'!$B$13:$B$16) -> 0.0018941353 | O31: =SUMPRODUCT(O27:O30,'Parameters, general'!$B$13:$B$16) -> 0.2416202 | ... T31: =SUMPRODUCT(T27:T30,'Parameters, general'!$B$13:$B$16) -> 1.3757456 | W31: =SUMPRODUCT(W27:W30,'Parameters, general'!$B$13:$B$16) -> 0.37143362 | X31: =SUMPRODUCT(X27:X30,'Parameters, general'!$B$13:$B$16) -> 0.80361469 | Z31: =SUM(H31:R31) -> 1.9973638 | AA31: ='CO2 per kg feed'!F65+'CH4 per kg feed'!F65*CF_GWP_CH4_fossil+'N2O per kg feed'!F65*CF_GWP_N2O -> 0.24541708
A32: A01RG | B32: Pig muscle | C32: Meat and meat products | D32: Ireland | E32: IE | F32: CO2 | G32: =SUM(H32:X32) -> 2.436667 | H32: ='CO2 per kg feed'!G77*FCR_bonefree_incl_parents_IE-Excreted_N_after_losses_IE*Manure_repl_factor_IE*(EF_min_fert_BAT_CO2*Frac_BAT_IE+EF_min_fert_AN_CO2*Frac_AN_IE) -> 0.30586025 | I32: ='CO2 per kg feed'!H77*FCR_bonefree_incl_parents_IE -> 0.14110337 | J32: ='CO2 per kg feed'!I77*FCR_bonefree_incl_parents_IE -> 0 | L32: ='CO2 per kg feed'!K77*FCR_bonefree_incl_parents_IE -> 0.16111532 | N32: ='CO2 per kg feed'!M77*FCR_bonefree_incl_parents_IE -> 0.00037380048 | O32: ='CO2 per kg feed'!N77*FCR_bonefree_incl_parents_IE -> 0.22234584 | P32: ='CO2 per kg feed'!O77*FCR_bonefree_incl_parents_IE -> 0.28758245 | Q32: ='CO2 per kg feed'!P77*FCR_bonefree_incl_parents_IE -> 0.048830488 | R32: ='CO2 per kg feed'!Q77*FCR_bonefree_incl_parents_IE -> 0.25734124 | W32: =Energy_stables_IE/Bonefree_outof_CW_IE*(Share_heating_IE*(Share_biofuels_IE*EF_biofuels_CO2+(1-Share_biofuels_IE)*EF_oil_CO2)+(1-Share_heating_IE)*EF_el_CO2_IE) -> 0.32346551 | X32: =(Energy_slaughter_el_IE*EF_el_CO2_IE+Energy_slaughter_oil_IE*EF_oil_CO2)/Bonefree_outof_CW_IE -> 0.68864869
A33: A01RG | B33: Pig muscle | C33: Meat and meat products | D33: Ireland | E33: IE | F33: CH4, fossil | G33: =SUM(H33:X33) -> 0.0025653582 | H33: ='CH4 per kg feed'!G77*FCR_bonefree_incl_parents_IE-Excreted_N_after_losses_IE*Manure_repl_factor_IE*(EF_min_fert_BAT_CH4*Frac_BAT_IE+EF_min_fert_AN_CH4*Frac_AN_IE) -> 0.00056310898 | I33: ='CH4 per kg feed'!H77*FCR_bonefree_incl_parents_IE -> 0.00051734967 | L33: ='CH4 per kg feed'!K77*FCR_bonefree_incl_parents_IE -> 7.0984951e-05 | N33: ='CH4 per kg feed'!M77*FCR_bonefree_incl_parents_IE -> 3.3249726e-06 | O33: ='CH4 per kg feed'!N77*FCR_bonefree_incl_parents_IE -> 0.00013137928 | P33: ='CH4 per kg feed'!O77*FCR_bonefree_incl_parents_IE -> 0 | Q33: ='CH4 per kg feed'!P77*FCR_bonefree_incl_parents_IE -> 0.00013866594 | R33: ='CH4 per kg feed'!Q77*FCR_bonefree_incl_parents_IE -> 0.0002323491 | W33: =Energy_stables_IE/Bonefree_outof_CW_IE*(Share_heating_IE*(Share_biofuels_IE*EF_biofuel_CH4+(1-Share_biofuels_IE)*EF_oil_CH4)+(1-Share_heating_IE)*EF_el_CH4_IE) -> 0.00027581831 | X33: =(Energy_slaughter_el_IE*EF_el_CH4_IE+Energy_slaughter_oil_IE*EF_oil_CH4)/Bonefree_outof_CW_IE -> 0.00063237701
A34: A01RG | B34: Pig muscle | C34: Meat and meat products | D34: Ireland | E34: IE | F34: CH4, biogenic | G34: =SUM(H34:T34)+SUM(W34:X34) -> 0.021317295 | S34: =(Production!G37+Production!G38+Production!G39*4/12)*EF_ent_ferm_IE -> 0.010422175 | T34: =SUM(U34:V34) -> 0.010895119 | U34: =Manure!Y32 -> 0.010895119
A35: A01RG | B35: Pig muscle | C35: Meat and meat products | D35: Ireland | E35: IE | F35: N2O | G35: =SUM(H35:T35)+SUM(W35:X35) -> 0.0045555674 | H35: ='N2O per kg feed'!G77*FCR_bonefree_incl_parents_IE-Excreted_N_after_losses_IE*Manure_repl_factor_IE*(EF_min_fert_BAT_N2O*Frac_BAT_IE+EF_min_fert_AN_N2O*Frac_AN_IE) -> 0.00065776683 | I35: ='N2O per kg feed'!H77*FCR_bonefree_incl_parents_IE -> 5.3311583e-06 | J35: ='N2O per kg feed'!I77*FCR_bonefree_incl_parents_IE-Excreted_N_after_losses_IE*Manure_repl_factor_IE*EF_N2O_diff_IE -> 0.0023711308 | K35: =J35*EF_indirect_N2O_IE -> 0.00023711308 | L35: ='N2O per kg feed'!K77*FCR_bonefree_incl_parents_IE -> 4.3006753e-06 | N35: ='N2O per kg feed'!M77*FCR_bonefree_incl_parents_IE -> 4.0901244e-08 | O35: ='N2O per kg feed'!N77*FCR_bonefree_incl_parents_IE -> 7.9254346e-06 | P35: ='N2O per kg feed'!O77*FCR_bonefree_incl_parents_IE -> 0 | Q35: ='N2O per kg feed'!P77*FCR_bonefree_incl_parents_IE -> 1.4020964e-05 | R35: ='N2O per kg feed'!Q77*FCR_bonefree_incl_parents_IE -> 9.0982905e-06 | T35: =SUM(U35:V35) -> 0.0012020545 | U35: =Manure!Y88*44/28 -> 0.00067715213 | V35: =NH3_per_kg_IE*17/14*Manure!V117 -> 0.00052490238 | W35: =Energy_stables_IE/Bonefree_outof_CW_IE*(Share_heating_IE*(Share_biofuels_IE*EF_biofuel_N2O+(1-Share_biofuels_IE)*EF_oil_N2O)+(1-Share_heating_IE)*EF_el_N2O_IE) -> 2.1694955e-05 | X35: =(Energy_slaughter_el_IE*EF_el_N2O_IE+Energy_slaughter_oil_IE*EF_oil_N2O)/Bonefree_outof_CW_IE -> 2.5089864e-05
A36: A01RG | B36: Pig muscle | C36: Meat and meat products | D36: Ireland | E36: IE | F36: CO2e | G36: =SUM(H36:X36) -> 4.3323515 | H36: =SUMPRODUCT(H32:H35,'Parameters, general'!$B$13:$B$16) -> 0.50221124 | I36: =SUMPRODUCT(I32:I35,'Parameters, general'!$B$13:$B$16) -> 0.15797579 | J36: =SUMPRODUCT(J32:J35,'Parameters, general'!$B$13:$B$16) -> 0.64731871 | K36: =SUMPRODUCT(K32:K35,'Parameters, general'!$B$13:$B$16) -> 0.064731871 | L36: =SUMPRODUCT(L32:L35,'Parameters, general'!$B$13:$B$16) -> 0.16440476 | M36: =SUMPRODUCT(M32:M35,'Parameters, general'!$B$13:$B$16) -> 0 | N36: =SUMPRODUCT(N32:N35,'Parameters, general'!$B$13:$B$16) -> 0.0004840507 | O36: =SUMPRODUCT(O32:O35,'Parameters, general'!$B$13:$B$16) -> 0.22842459 | ... T36: =SUMPRODUCT(T32:T35,'Parameters, general'!$B$13:$B$16) -> 0.62232911 | W36: =SUMPRODUCT(W32:W35,'Parameters, general'!$B$13:$B$16) -> 0.33760762 | X36: =SUMPRODUCT(X32:X35,'Parameters, general'!$B$13:$B$16) -> 0.71434306 | Z36: =SUM(H36:R36) -> 2.376673 | AA36: ='CO2 per kg feed'!F77+'CH4 per kg feed'!F77*CF_GWP_CH4_fossil+'N2O per kg feed'!F77*CF_GWP_N2O -> 0.25094543
A37: A01RG | B37: Pig muscle | C37: Meat and meat products | D37: Italy | E37: IT | F37: CO2 | G37: =SUM(H37:X37) -> 2.3937768 | H37: ='CO2 per kg feed'!G89*FCR_bonefree_incl_parents_IT-Excreted_N_after_losses_IT*Manure_repl_factor_IT*(EF_min_fert_BAT_CO2*Frac_BAT_IT+EF_min_fert_AN_CO2*Frac_AN_IT) -> 0.27436389 | I37: ='CO2 per kg feed'!H89*FCR_bonefree_incl_parents_IT -> 0.15203452 | J37: ='CO2 per kg feed'!I89*FCR_bonefree_incl_parents_IT -> 0 | L37: ='CO2 per kg feed'!K89*FCR_bonefree_incl_parents_IT -> 0.19206923 | N37: ='CO2 per kg feed'!M89*FCR_bonefree_incl_parents_IT -> 0.028000415 | O37: ='CO2 per kg feed'!N89*FCR_bonefree_incl_parents_IT -> 0.23088524 | P37: ='CO2 per kg feed'!O89*FCR_bonefree_incl_parents_IT -> 0.30478852 | Q37: ='CO2 per kg feed'!P89*FCR_bonefree_incl_parents_IT -> 0.051156321 | R37: ='CO2 per kg feed'!Q89*FCR_bonefree_incl_parents_IT -> 0.24332307 | W37: =Energy_stables_IT/Bonefree_outof_CW_IT*(Share_heating_IT*(Share_biofuels_IT*EF_biofuels_CO2+(1-Share_biofuels_IT)*EF_oil_CO2)+(1-Share_heating_IT)*EF_el_CO2_IT) -> 0.24734849 | X37: =(Energy_slaughter_el_IT*EF_el_CO2_IT+Energy_slaughter_oil_IT*EF_oil_CO2)/Bonefree_outof_CW_IT -> 0.6698071
A38: A01RG | B38: Pig muscle | C38: Meat and meat products | D38: Italy | E38: IT | F38: CH4, fossil | G38: =SUM(H38:X38) -> 0.0047976361 | H38: ='CH4 per kg feed'!G89*FCR_bonefree_incl_parents_IT-Excreted_N_after_losses_IT*Manure_repl_factor_IT*(EF_min_fert_BAT_CH4*Frac_BAT_IT+EF_min_fert_AN_CH4*Frac_AN_IT) -> 0.00053384288 | I38: ='CH4 per kg feed'!H89*FCR_bonefree_incl_parents_IT -> 0.00055862133 | L38: ='CH4 per kg feed'!K89*FCR_bonefree_incl_parents_IT -> 8.5001211e-05 | N38: ='CH4 per kg feed'!M89*FCR_bonefree_incl_parents_IT -> 8.839307e-05 | O38: ='CH4 per kg feed'!N89*FCR_bonefree_incl_parents_IT -> 0.00024209855 | P38: ='CH4 per kg feed'!O89*FCR_bonefree_incl_parents_IT -> 0 | Q38: ='CH4 per kg feed'!P89*FCR_bonefree_incl_parents_IT -> 0.00012557037 | R38: ='CH4 per kg feed'!Q89*FCR_bonefree_incl_parents_IT -> 0.00020496932 | W38: =Energy_stables_IT/Bonefree_outof_CW_IT*(Share_heating_IT*(Share_biofuels_IT*EF_biofuel_CH4+(1-Share_biofuels_IT)*EF_oil_CH4)+(1-Share_heating_IT)*EF_el_CH4_IT) -> 0.0006713937 | X38: =(Energy_slaughter_el_IT*EF_el_CH4_IT+Energy_slaughter_oil_IT*EF_oil_CH4)/Bonefree_outof_CW_IT -> 0.0022877457
A39: A01RG | B39: Pig muscle | C39: Meat and meat products | D39: Italy | E39: IT | F39: CH4, biogenic | G39: =SUM(H39:T39)+SUM(W39:X39) -> 0.10354346 | S39: =(Production!H37+Production!H38+Production!H39*4/12)*EF_ent_ferm_IT -> 0.008310379 | T39: =SUM(U39:V39) -> 0.095233077 | U39: =Manure!AC32 -> 0.095233077
A40: A01RG | B40: Pig muscle | C40: Meat and meat products | D40: Italy | E40: IT | F40: N2O | G40: =SUM(H40:T40)+SUM(W40:X40) -> 0.0032287936 | H40: ='N2O per kg feed'!G89*FCR_bonefree_incl_parents_IT-Excreted_N_after_losses_IT*Manure_repl_factor_IT*(EF_min_fert_BAT_N2O*Frac_BAT_IT+EF_min_fert_AN_N2O*Frac_AN_IT) -> 0.00060248051 | I40: ='N2O per kg feed'!H89*FCR_bonefree_incl_parents_IT -> 5.7202981e-06 | J40: ='N2O per kg feed'!I89*FCR_bonefree_incl_parents_IT-Excreted_N_after_losses_IT*Manure_repl_factor_IT*EF_N2O_diff_IT -> 0.0010088977 | K40: =J40*EF_indirect_N2O_IT -> 0.00010088977 | L40: ='N2O per kg feed'!K89*FCR_bonefree_incl_parents_IT -> 5.1538239e-06 | N40: ='N2O per kg feed'!M89*FCR_bonefree_incl_parents_IT -> 1.0881046e-06 | O40: ='N2O per kg feed'!N89*FCR_bonefree_incl_parents_IT -> 8.4447898e-06 | P40: ='N2O per kg feed'!O89*FCR_bonefree_incl_parents_IT -> 0 | Q40: ='N2O per kg feed'!P89*FCR_bonefree_incl_parents_IT -> 1.303012e-05 | R40: ='N2O per kg feed'!Q89*FCR_bonefree_incl_parents_IT -> 8.7919819e-06 | T40: =SUM(U40:V40) -> 0.0014287191 | U40: =Manure!AC88*44/28 -> 0.00080826604 | V40: =NH3_per_kg_IT*17/14*Manure!Z117 -> 0.00062045309 | W40: =Energy_stables_IT/Bonefree_outof_CW_IT*(Share_heating_IT*(Share_biofuels_IT*EF_biofuel_N2O+(1-Share_biofuels_IT)*EF_oil_N2O)+(1-Share_heating_IT)*EF_el_N2O_IT) -> 1.770459e-05 | X40: =(Energy_slaughter_el_IT*EF_el_N2O_IT+Energy_slaughter_oil_IT*EF_oil_N2O)/Bonefree_outof_CW_IT -> 2.7872732e-05
A41: A01RG | B41: Pig muscle | C41: Meat and meat products | D41: Italy | E41: IT | F41: CO2e | G41: =SUM(H41:X41) -> 6.2138803 | H41: =SUMPRODUCT(H37:H40,'Parameters, general'!$B$13:$B$16) -> 0.45474959 | I41: =SUMPRODUCT(I37:I40,'Parameters, general'!$B$13:$B$16) -> 0.17024308 | J41: =SUMPRODUCT(J37:J40,'Parameters, general'!$B$13:$B$16) -> 0.27542908 | K41: =SUMPRODUCT(K37:K40,'Parameters, general'!$B$13:$B$16) -> 0.027542908 | L41: =SUMPRODUCT(L37:L40,'Parameters, general'!$B$13:$B$16) -> 0.19600926 | M41: =SUMPRODUCT(M37:M40,'Parameters, general'!$B$13:$B$16) -> 0 | N41: =SUMPRODUCT(N37:N40,'Parameters, general'!$B$13:$B$16) -> 0.030931581 | O41: =SUMPRODUCT(O37:O40,'Parameters, general'!$B$13:$B$16) -> 0.24040521 | ... T41: =SUMPRODUCT(T37:T40,'Parameters, general'!$B$13:$B$16) -> 2.9613334 | W41: =SUMPRODUCT(W37:W40,'Parameters, general'!$B$13:$B$16) -> 0.27218938 | X41: =SUMPRODUCT(X37:X40,'Parameters, general'!$B$13:$B$16) -> 0.74559117 | Z41: =SUM(H41:R41) -> 2.0103861 | AA41: ='CO2 per kg feed'!F89+'CH4 per kg feed'!F89*CF_GWP_CH4_fossil+'N2O per kg feed'!F89*CF_GWP_N2O -> 0.242924
A42: A01RG | B42: Pig muscle | C42: Meat and meat products | D42: Netherland | E42: NL | F42: CO2 | G42: =SUM(H42:X42) -> 2.8350652 | H42: ='CO2 per kg feed'!G101*FCR_bonefree_incl_parents_NL-Excreted_N_after_losses_NL*Manure_repl_factor_NL*(EF_min_fert_BAT_CO2*Frac_BAT_NL+EF_min_fert_AN_CO2*Frac_AN_NL) -> 0.38589902 | I42: ='CO2 per kg feed'!H101*FCR_bonefree_incl_parents_NL -> 0.15120755 | J42: ='CO2 per kg feed'!I101*FCR_bonefree_incl_parents_NL -> 0 | L42: ='CO2 per kg feed'!K101*FCR_bonefree_incl_parents_NL -> 0.16496416 | N42: ='CO2 per kg feed'!M101*FCR_bonefree_incl_parents_NL -> 0.011507408 | O42: ='CO2 per kg feed'!N101*FCR_bonefree_incl_parents_NL -> 0.24999156 | P42: ='CO2 per kg feed'!O101*FCR_bonefree_incl_parents_NL -> 0.31906063 | Q42: ='CO2 per kg feed'!P101*FCR_bonefree_incl_parents_NL -> 0.046828676 | R42: ='CO2 per kg feed'!Q101*FCR_bonefree_incl_parents_NL -> 0.30130597 | W42: =Energy_stables_NL/Bonefree_outof_CW_NL*(Share_heating_NL*(Share_biofuels_NL*EF_biofuels_CO2+(1-Share_biofuels_NL)*EF_oil_CO2)+(1-Share_heating_NL)*EF_el_CO2_NL) -> 0.37346867 | X42: =(Energy_slaughter_el_NL*EF_el_CO2_NL+Energy_slaughter_oil_NL*EF_oil_CO2)/Bonefree_outof_CW_NL -> 0.83083158
A43: A01RG | B43: Pig muscle | C43: Meat and meat products | D43: Netherland | E43: NL | F43: CH4, fossil | G43: =SUM(H43:X43) -> 0.0039348221 | H43: ='CH4 per kg feed'!G101*FCR_bonefree_incl_parents_NL-Excreted_N_after_losses_NL*Manure_repl_factor_NL*(EF_min_fert_BAT_CH4*Frac_BAT_NL+EF_min_fert_AN_CH4*Frac_AN_NL) -> 0.0007050747 | I43: ='CH4 per kg feed'!H101*FCR_bonefree_incl_parents_NL -> 0.00055397875 | L43: ='CH4 per kg feed'!K101*FCR_bonefree_incl_parents_NL -> 7.2959604e-05 | N43: ='CH4 per kg feed'!M101*FCR_bonefree_incl_parents_NL -> 3.7259708e-05 | O43: ='CH4 per kg feed'!N101*FCR_bonefree_incl_parents_NL -> 0.00018292558 | P43: ='CH4 per kg feed'!O101*FCR_bonefree_incl_parents_NL -> 0 | Q43: ='CH4 per kg feed'!P101*FCR_bonefree_incl_parents_NL -> 0.00016533215 | R43: ='CH4 per kg feed'!Q101*FCR_bonefree_incl_parents_NL -> 0.00027995082 | W43: =Energy_stables_NL/Bonefree_outof_CW_NL*(Share_heating_NL*(Share_biofuels_NL*EF_biofuel_CH4+(1-Share_biofuels_NL)*EF_oil_CH4)+(1-Share_heating_NL)*EF_el_CH4_NL) -> 0.00054407103 | X43: =(Energy_slaughter_el_NL*EF_el_CH4_NL+Energy_slaughter_oil_NL*EF_oil_CH4)/Bonefree_outof_CW_NL -> 0.0013932698
A44: A01RG | B44: Pig muscle | C44: Meat and meat products | D44: Netherland | E44: NL | F44: CH4, biogenic | G44: =SUM(H44:T44)+SUM(W44:X44) -> 0.10377627 | S44: =(Production!I37+Production!I38+Production!I39*4/12)*EF_ent_ferm_NL -> 0.010312174 | T44: =SUM(U44:V44) -> 0.093464097 | U44: =Manure!AG32 -> 0.093464097
A45: A01RG | B45: Pig muscle | C45: Meat and meat products | D45: Netherland | E45: NL | F45: N2O | G45: =SUM(H45:T45)+SUM(W45:X45) -> 0.0052743879 | H45: ='N2O per kg feed'!G101*FCR_bonefree_incl_parents_NL-Excreted_N_after_losses_NL*Manure_repl_factor_NL*(EF_min_fert_BAT_N2O*Frac_BAT_NL+EF_min_fert_AN_N2O*Frac_AN_NL) -> 0.00081261184 | I45: ='N2O per kg feed'!H101*FCR_bonefree_incl_parents_NL -> 5.7212639e-06 | J45: ='N2O per kg feed'!I101*FCR_bonefree_incl_parents_NL-Excreted_N_after_losses_NL*Manure_repl_factor_NL*EF_N2O_diff_NL -> 0.0030240607 | K45: =J45*EF_indirect_N2O_NL -> 0.00030240607 | L45: ='N2O per kg feed'!K101*FCR_bonefree_incl_parents_NL -> 4.4249262e-06 | N45: ='N2O per kg feed'!M101*FCR_bonefree_incl_parents_NL -> 4.5832007e-07 | O45: ='N2O per kg feed'!N101*FCR_bonefree_incl_parents_NL -> 9.0839846e-06 | P45: ='N2O per kg feed'!O101*FCR_bonefree_incl_parents_NL -> 0 | Q45: ='N2O per kg feed'!P101*FCR_bonefree_incl_parents_NL -> 1.6538284e-05 | R45: ='N2O per kg feed'!Q101*FCR_bonefree_incl_parents_NL -> 1.0551001e-05 | T45: =SUM(U45:V45) -> 0.0010315834 | U45: =Manure!AG88*44/28 -> 0.00058520894 | V45: =NH3_per_kg_NL*17/14*Manure!AD117 -> 0.00044637446 | W45: =Energy_stables_NL/Bonefree_outof_CW_NL*(Share_heating_NL*(Share_biofuels_NL*EF_biofuel_N2O+(1-Share_biofuels_NL)*EF_oil_N2O)+(1-Share_heating_NL)*EF_el_N2O_NL) -> 2.4337714e-05 | X45: =(Energy_slaughter_el_NL*EF_el_N2O_NL+Energy_slaughter_oil_NL*EF_oil_N2O)/Bonefree_outof_CW_NL -> 3.2610408e-05
A46: A01RG | B46: Pig muscle | C46: Meat and meat products | D46: Netherland | E46: NL | F46: CO2e | G46: =SUM(H46:X46) -> 7.1941901 | H46: =SUMPRODUCT(H42:H45,'Parameters, general'!$B$13:$B$16) -> 0.62875327 | I46: =SUMPRODUCT(I42:I45,'Parameters, general'!$B$13:$B$16) -> 0.16927802 | J46: =SUMPRODUCT(J42:J45,'Parameters, general'!$B$13:$B$16) -> 0.82556856 | K46: =SUMPRODUCT(K42:K45,'Parameters, general'!$B$13:$B$16) -> 0.082556856 | L46: =SUMPRODUCT(L42:L45,'Parameters, general'!$B$13:$B$16) -> 0.16834636 | M46: =SUMPRODUCT(M42:M45,'Parameters, general'!$B$13:$B$16) -> 0 | N46: =SUMPRODUCT(N42:N45,'Parameters, general'!$B$13:$B$16) -> 0.012742869 | O46: =SUMPRODUCT(O42:O45,'Parameters, general'!$B$13:$B$16) -> 0.25792267 | ... T46: =SUMPRODUCT(T42:T45,'Parameters, general'!$B$13:$B$16) -> 2.8051529 | W46: =SUMPRODUCT(W42:W45,'Parameters, general'!$B$13:$B$16) -> 0.39632618 | X46: =SUMPRODUCT(X42:X45,'Parameters, general'!$B$13:$B$16) -> 0.88125366 | Z46: =SUM(H46:R46) -> 2.8330287 | AA46: ='CO2 per kg feed'!F101+'CH4 per kg feed'!F101*CF_GWP_CH4_fossil+'N2O per kg feed'!F101*CF_GWP_N2O -> 0.29857739
A47: A01RG | B47: Pig muscle | C47: Meat and meat products | D47: Poland | E47: PL | F47: CO2 | G47: =SUM(H47:X47) -> 3.6556618 | H47: ='CO2 per kg feed'!G113*FCR_bonefree_incl_parents_PL-Excreted_N_after_losses_PL*Manure_repl_factor_PL*(EF_min_fert_BAT_CO2*Frac_BAT_PL+EF_min_fert_AN_CO2*Frac_AN_PL) -> 0.37587985 | I47: ='CO2 per kg feed'!H113*FCR_bonefree_incl_parents_PL -> 0.15945982 | J47: ='CO2 per kg feed'!I113*FCR_bonefree_incl_parents_PL -> 0 | L47: ='CO2 per kg feed'!K113*FCR_bonefree_incl_parents_PL -> 0.25919107 | N47: ='CO2 per kg feed'!M113*FCR_bonefree_incl_parents_PL -> 0.0017183209 | O47: ='CO2 per kg feed'!N113*FCR_bonefree_incl_parents_PL -> 0.30702987 | P47: ='CO2 per kg feed'!O113*FCR_bonefree_incl_parents_PL -> 0.2263666 | Q47: ='CO2 per kg feed'!P113*FCR_bonefree_incl_parents_PL -> 0.048390137 | R47: ='CO2 per kg feed'!Q113*FCR_bonefree_incl_parents_PL -> 0.19180575 | W47: =Energy_stables_PL/Bonefree_outof_CW_PL*(Share_heating_PL*(Share_biofuels_PL*EF_biofuels_CO2+(1-Share_biofuels_PL)*EF_oil_CO2)+(1-Share_heating_PL)*EF_el_CO2_PL) -> 0.60587803 | X47: =(Energy_slaughter_el_PL*EF_el_CO2_PL+Energy_slaughter_oil_PL*EF_oil_CO2)/Bonefree_outof_CW_PL -> 1.4799423
A48: A01RG | B48: Pig muscle | C48: Meat and meat products | D48: Poland | E48: PL | F48: CH4, fossil | G48: =SUM(H48:X48) -> 0.0055545778 | H48: ='CH4 per kg feed'!G113*FCR_bonefree_incl_parents_PL-Excreted_N_after_losses_PL*Manure_repl_factor_PL*(EF_min_fert_BAT_CH4*Frac_BAT_PL+EF_min_fert_AN_CH4*Frac_AN_PL) -> 0.00070919565 | I48: ='CH4 per kg feed'!H113*FCR_bonefree_incl_parents_PL -> 0.00058687568 | L48: ='CH4 per kg feed'!K113*FCR_bonefree_incl_parents_PL -> 0.00011479596 | N48: ='CH4 per kg feed'!M113*FCR_bonefree_incl_parents_PL -> 5.9816562e-06 | O48: ='CH4 per kg feed'!N113*FCR_bonefree_incl_parents_PL -> 0.00028238226 | P48: ='CH4 per kg feed'!O113*FCR_bonefree_incl_parents_PL -> 0 | Q48: ='CH4 per kg feed'!P113*FCR_bonefree_incl_parents_PL -> 0.00010132606 | R48: ='CH4 per kg feed'!Q113*FCR_bonefree_incl_parents_PL -> 0.00016779406 | W48: =Energy_stables_PL/Bonefree_outof_CW_PL*(Share_heating_PL*(Share_biofuels_PL*EF_biofuel_CH4+(1-Share_biofuels_PL)*EF_oil_CH4)+(1-Share_heating_PL)*EF_el_CH4_PL) -> 0.00097813858 | X48: =(Energy_slaughter_el_PL*EF_el_CH4_PL+Energy_slaughter_oil_PL*EF_oil_CH4)/Bonefree_outof_CW_PL -> 0.0026080879
A49: A01RG | B49: Pig muscle | C49: Meat and meat products | D49: Poland | E49: PL | F49: CH4, biogenic | G49: =SUM(H49:T49)+SUM(W49:X49) -> 0.023823352 | S49: =(Production!J37+Production!J38+Production!J39*4/12)*EF_ent_ferm_PL -> 0.010474494 | T49: =SUM(U49:V49) -> 0.013348858 | U49: =Manure!AK32 -> 0.013348858
A50: A01RG | B50: Pig muscle | C50: Meat and meat products | D50: Poland | E50: PL | F50: N2O | G50: =SUM(H50:T50)+SUM(W50:X50) -> 0.0048475259 | H50: ='N2O per kg feed'!G113*FCR_bonefree_incl_parents_PL-Excreted_N_after_losses_PL*Manure_repl_factor_PL*(EF_min_fert_BAT_N2O*Frac_BAT_PL+EF_min_fert_AN_N2O*Frac_AN_PL) -> 0.00082265328 | I50: ='N2O per kg feed'!H113*FCR_bonefree_incl_parents_PL -> 5.9802445e-06 | J50: ='N2O per kg feed'!I113*FCR_bonefree_incl_parents_PL-Excreted_N_after_losses_PL*Manure_repl_factor_PL*EF_N2O_diff_PL -> 0.0025999992 | K50: =J50*EF_indirect_N2O_PL -> 0.00025999992 | L50: ='N2O per kg feed'!K113*FCR_bonefree_incl_parents_PL -> 6.9621853e-06 | N50: ='N2O per kg feed'!M113*FCR_bonefree_incl_parents_PL -> 7.3704462e-08 | O50: ='N2O per kg feed'!N113*FCR_bonefree_incl_parents_PL -> 9.0562811e-06 | P50: ='N2O per kg feed'!O113*FCR_bonefree_incl_parents_PL -> 0 | Q50: ='N2O per kg feed'!P113*FCR_bonefree_incl_parents_PL -> 1.036729e-05 | R50: ='N2O per kg feed'!Q113*FCR_bonefree_incl_parents_PL -> 6.8505129e-06 | T50: =SUM(U50:V50) -> 0.0010727975 | U50: =Manure!AK88*44/28 -> 0.00061925571 | V50: =NH3_per_kg_PL*17/14*Manure!AH117 -> 0.00045354181 | W50: =Energy_stables_PL/Bonefree_outof_CW_PL*(Share_heating_PL*(Share_biofuels_PL*EF_biofuel_N2O+(1-Share_biofuels_PL)*EF_oil_N2O)+(1-Share_heating_PL)*EF_el_N2O_PL) -> 2.3350962e-05 | X50: =(Energy_slaughter_el_PL*EF_el_N2O_PL+Energy_slaughter_oil_PL*EF_oil_N2O)/Bonefree_outof_CW_PL -> 2.9434898e-05
A51: A01RG | B51: Pig muscle | C51: Meat and meat products | D51: Poland | E51: PL | F51: CO2e | G51: =SUM(H51:X51) -> 5.7877933 | H51: =SUMPRODUCT(H47:H50,'Parameters, general'!$B$13:$B$16) -> 0.62159823 | I51: =SUMPRODUCT(I47:I50,'Parameters, general'!$B$13:$B$16) -> 0.17858133 | J51: =SUMPRODUCT(J47:J50,'Parameters, general'!$B$13:$B$16) -> 0.70979977 | K51: =SUMPRODUCT(K47:K50,'Parameters, general'!$B$13:$B$16) -> 0.070979977 | L51: =SUMPRODUCT(L47:L50,'Parameters, general'!$B$13:$B$16) -> 0.26451266 | M51: =SUMPRODUCT(M47:M50,'Parameters, general'!$B$13:$B$16) -> 0 | N51: =SUMPRODUCT(N47:N50,'Parameters, general'!$B$13:$B$16) -> 0.0019166956 | O51: =SUMPRODUCT(O47:O50,'Parameters, general'!$B$13:$B$16) -> 0.31791723 | ... T51: =SUMPRODUCT(T47:T50,'Parameters, general'!$B$13:$B$16) -> 0.65329288 | W51: =SUMPRODUCT(W47:W50,'Parameters, general'!$B$13:$B$16) -> 0.64140137 | X51: =SUMPRODUCT(X47:X50,'Parameters, general'!$B$13:$B$16) -> 1.5656991 | Z51: =SUM(H51:R51) -> 2.6445886 | AA51: ='CO2 per kg feed'!F113+'CH4 per kg feed'!F113*CF_GWP_CH4_fossil+'N2O per kg feed'!F113*CF_GWP_N2O -> 0.27227516
A52: A01RG | B52: Pig muscle | C52: Meat and meat products | D52: Spain | E52: ES | F52: CO2 | G52: =SUM(H52:X52) -> 2.6323885 | H52: ='CO2 per kg feed'!G125*FCR_bonefree_incl_parents_ES-Excreted_N_after_losses_ES*Manure_repl_factor_ES*(EF_min_fert_BAT_CO2*Frac_BAT_ES+EF_min_fert_AN_CO2*Frac_AN_ES) -> 0.37741211 | I52: ='CO2 per kg feed'!H125*FCR_bonefree_incl_parents_ES -> 0.16902148 | J52: ='CO2 per kg feed'!I125*FCR_bonefree_incl_parents_ES -> 0 | L52: ='CO2 per kg feed'!K125*FCR_bonefree_incl_parents_ES -> 0.28121886 | N52: ='CO2 per kg feed'!M125*FCR_bonefree_incl_parents_ES -> 0.072214112 | O52: ='CO2 per kg feed'!N125*FCR_bonefree_incl_parents_ES -> 0.24114427 | P52: ='CO2 per kg feed'!O125*FCR_bonefree_incl_parents_ES -> 0.35911706 | Q52: ='CO2 per kg feed'!P125*FCR_bonefree_incl_parents_ES -> 0.04987668 | R52: ='CO2 per kg feed'!Q125*FCR_bonefree_incl_parents_ES -> 0.29216042 | W52: =Energy_stables_ES/Bonefree_outof_CW_ES*(Share_heating_ES*(Share_biofuels_ES*EF_biofuels_CO2+(1-Share_biofuels_ES)*EF_oil_CO2)+(1-Share_heating_ES)*EF_el_CO2_ES) -> 0.26938078 | X52: =(Energy_slaughter_el_ES*EF_el_CO2_ES+Energy_slaughter_oil_ES*EF_oil_CO2)/Bonefree_outof_CW_ES -> 0.52084269
A53: A01RG | B53: Pig muscle | C53: Meat and meat products | D53: Spain | E53: ES | F53: CH4, fossil | G53: =SUM(H53:X53) -> 0.0039492799 | H53: ='CH4 per kg feed'!G125*FCR_bonefree_incl_parents_ES-Excreted_N_after_losses_ES*Manure_repl_factor_ES*(EF_min_fert_BAT_CH4*Frac_BAT_ES+EF_min_fert_AN_CH4*Frac_AN_ES) -> 0.00071918667 | I53: ='CH4 per kg feed'!H125*FCR_bonefree_incl_parents_ES -> 0.00062104528 | L53: ='CH4 per kg feed'!K125*FCR_bonefree_incl_parents_ES -> 0.00012493924 | N53: ='CH4 per kg feed'!M125*FCR_bonefree_incl_parents_ES -> 0.00023662855 | O53: ='CH4 per kg feed'!N125*FCR_bonefree_incl_parents_ES -> 0.00018342008 | P53: ='CH4 per kg feed'!O125*FCR_bonefree_incl_parents_ES -> 0 | Q53: ='CH4 per kg feed'!P125*FCR_bonefree_incl_parents_ES -> 0.00015192771 | R53: ='CH4 per kg feed'!Q125*FCR_bonefree_incl_parents_ES -> 0.00024917477 | W53: =Energy_stables_ES/Bonefree_outof_CW_ES*(Share_heating_ES*(Share_biofuels_ES*EF_biofuel_CH4+(1-Share_biofuels_ES)*EF_oil_CH4)+(1-Share_heating_ES)*EF_el_CH4_ES) -> 0.00047943378 | X53: =(Energy_slaughter_el_ES*EF_el_CH4_ES+Energy_slaughter_oil_ES*EF_oil_CH4)/Bonefree_outof_CW_ES -> 0.0011835238
A54: A01RG | B54: Pig muscle | C54: Meat and meat products | D54: Spain | E54: ES | F54: CH4, biogenic | G54: =SUM(H54:T54)+SUM(W54:X54) -> 0.080767748 | S54: =(Production!K37+Production!K38+Production!K39*4/12)*EF_ent_ferm_ES -> 0.010755885 | T54: =SUM(U54:V54) -> 0.070011862 | U54: =Manure!AO32 -> 0.070011862
A55: A01RG | B55: Pig muscle | C55: Meat and meat products | D55: Spain | E55: ES | F55: N2O | G55: =SUM(H55:T55)+SUM(W55:X55) -> 0.0035182355 | H55: ='N2O per kg feed'!G125*FCR_bonefree_incl_parents_ES-Excreted_N_after_losses_ES*Manure_repl_factor_ES*(EF_min_fert_BAT_N2O*Frac_BAT_ES+EF_min_fert_AN_N2O*Frac_AN_ES) -> 0.00083241683 | I55: ='N2O per kg feed'!H125*FCR_bonefree_incl_parents_ES -> 6.3592587e-06 | J55: ='N2O per kg feed'!I125*FCR_bonefree_incl_parents_ES-Excreted_N_after_losses_ES*Manure_repl_factor_ES*EF_N2O_diff_ES -> 0.0013896091 | K55: =J55*EF_indirect_N2O_ES -> 0.00013896091 | L55: ='N2O per kg feed'!K125*FCR_bonefree_incl_parents_ES -> 7.5866191e-06 | N55: ='N2O per kg feed'!M125*FCR_bonefree_incl_parents_ES -> 2.912034e-06 | O55: ='N2O per kg feed'!N125*FCR_bonefree_incl_parents_ES -> 8.9229135e-06 | P55: ='N2O per kg feed'!O125*FCR_bonefree_incl_parents_ES -> 0 | Q55: ='N2O per kg feed'!P125*FCR_bonefree_incl_parents_ES -> 1.5692683e-05 | R55: ='N2O per kg feed'!Q125*FCR_bonefree_incl_parents_ES -> 1.0517197e-05 | T55: =SUM(U55:V55) -> 0.001062215 | U55: =Manure!AO88*44/28 -> 0.00061339849 | V55: =NH3_per_kg_ES*17/14*Manure!AL117 -> 0.00044881648 | W55: =Energy_stables_ES/Bonefree_outof_CW_ES*(Share_heating_ES*(Share_biofuels_ES*EF_biofuel_N2O+(1-Share_biofuels_ES)*EF_oil_N2O)+(1-Share_heating_ES)*EF_el_N2O_ES) -> 2.1014769e-05 | X55: =(Energy_slaughter_el_ES*EF_el_N2O_ES+Energy_slaughter_oil_ES*EF_oil_N2O)/Bonefree_outof_CW_ES -> 2.2028252e-05
A56: A01RG | B56: Pig muscle | C56: Meat and meat products | D56: Spain | E56: ES | F56: CO2e | G56: =SUM(H56:X56) -> 5.8912845 | H56: =SUMPRODUCT(H52:H55,'Parameters, general'!$B$13:$B$16) -> 0.62609366 | I56: =SUMPRODUCT(I52:I55,'Parameters, general'!$B$13:$B$16) -> 0.18926471 | J56: =SUMPRODUCT(J52:J55,'Parameters, general'!$B$13:$B$16) -> 0.37936328 | K56: =SUMPRODUCT(K52:K55,'Parameters, general'!$B$13:$B$16) -> 0.037936328 | L56: =SUMPRODUCT(L52:L55,'Parameters, general'!$B$13:$B$16) -> 0.2870132 | M56: =SUMPRODUCT(M52:M55,'Parameters, general'!$B$13:$B$16) -> 0 | N56: =SUMPRODUCT(N52:N55,'Parameters, general'!$B$13:$B$16) -> 0.080060628 | O56: =SUMPRODUCT(O52:O55,'Parameters, general'!$B$13:$B$16) -> 0.24904614 | ... T56: =SUMPRODUCT(T52:T55,'Parameters, general'!$B$13:$B$16) -> 2.180305 | W56: =SUMPRODUCT(W52:W55,'Parameters, general'!$B$13:$B$16) -> 0.28940494 | X56: =SUMPRODUCT(X52:X55,'Parameters, general'!$B$13:$B$16) -> 0.56212541 | Z56: =SUM(H56:R56) -> 2.5690403 | AA56: ='CO2 per kg feed'!F125+'CH4 per kg feed'!F125*CF_GWP_CH4_fossil+'N2O per kg feed'!F125*CF_GWP_N2O -> 0.30224245
A57: A01RG | B57: Pig muscle | C57: Meat and meat products | D57: Sweden | E57: SE | F57: CO2 | G57: =SUM(H57:X57) -> 1.4275402 | H57: ='CO2 per kg feed'!G137*FCR_bonefree_incl_parents_SE-Excreted_N_after_losses_SE*Manure_repl_factor_SE*(EF_min_fert_BAT_CO2*Frac_BAT_SE+EF_min_fert_AN_CO2*Frac_AN_SE) -> 0.27143149 | I57: ='CO2 per kg feed'!H137*FCR_bonefree_incl_parents_SE -> 0.14913922 | J57: ='CO2 per kg feed'!I137*FCR_bonefree_incl_parents_SE -> 0 | L57: ='CO2 per kg feed'!K137*FCR_bonefree_incl_parents_SE -> 0.22404747 | N57: ='CO2 per kg feed'!M137*FCR_bonefree_incl_parents_SE -> 0.00044515878 | O57: ='CO2 per kg feed'!N137*FCR_bonefree_incl_parents_SE -> 0.19931563 | P57: ='CO2 per kg feed'!O137*FCR_bonefree_incl_parents_SE -> 0.079221403 | Q57: ='CO2 per kg feed'!P137*FCR_bonefree_incl_parents_SE -> 0.047581394 | R57: ='CO2 per kg feed'!Q137*FCR_bonefree_incl_parents_SE -> 0.07466438 | W57: =Energy_stables_SE*(Share_heating_SE*(Share_biofuels_SE*EF_biofuels_CO2+(1-Share_biofuels_SE)*EF_oil_CO2)+(1-Share_heating_SE)*EF_el_CO2_SE) -> 0.1044646 | X57: =(Energy_slaughter_el_SE*EF_el_CO2_SE+Energy_slaughter_oil_SE*EF_oil_CO2)/Bonefree_outof_CW_SE -> 0.27722948
A58: A01RG | B58: Pig muscle | C58: Meat and meat products | D58: Sweden | E58: SE | F58: CH4, fossil | G58: =SUM(H58:X58) -> 0.0014265311 | H58: ='CH4 per kg feed'!G137*FCR_bonefree_incl_parents_SE-Excreted_N_after_losses_SE*Manure_repl_factor_SE*(EF_min_fert_BAT_CH4*Frac_BAT_SE+EF_min_fert_AN_CH4*Frac_AN_SE) -> 0.00035064329 | I58: ='CH4 per kg feed'!H137*FCR_bonefree_incl_parents_SE -> 0.00052474911 | L58: ='CH4 per kg feed'!K137*FCR_bonefree_incl_parents_SE -> 9.9219817e-05 | N58: ='CH4 per kg feed'!M137*FCR_bonefree_incl_parents_SE -> 3.5563384e-07 | O58: ='CH4 per kg feed'!N137*FCR_bonefree_incl_parents_SE -> 7.7544135e-05 | P58: ='CH4 per kg feed'!O137*FCR_bonefree_incl_parents_SE -> 0 | Q58: ='CH4 per kg feed'!P137*FCR_bonefree_incl_parents_SE -> 4.0943192e-05 | R58: ='CH4 per kg feed'!Q137*FCR_bonefree_incl_parents_SE -> 6.9302034e-05 | W58: =Energy_stables_SE*(Share_heating_SE*(Share_biofuels_SE*EF_biofuel_CH4+(1-Share_biofuels_SE)*EF_oil_CH4)+(1-Share_heating_SE)*EF_el_CH4_SE) -> 7.0767086e-05 | X58: =(Energy_slaughter_el_SE*EF_el_CH4_SE+Energy_slaughter_oil_SE*EF_oil_CH4)/Bonefree_outof_CW_SE -> 0.00019300685
A59: A01RG | B59: Pig muscle | C59: Meat and meat products | D59: Sweden | E59: SE | F59: CH4, biogenic | G59: =SUM(H59:T59)+SUM(W59:X59) -> 0.023288092 | S59: =(Production!L37+Production!L38+Production!L39*4/12)*EF_ent_ferm_SE -> 0.010423673 | T59: =SUM(U59:V59) -> 0.012864419 | U59: =Manure!AS32 -> 0.012864419
A60: A01RG | B60: Pig muscle | C60: Meat and meat products | D60: Sweden | E60: SE | F60: N2O | G60: =SUM(H60:T60)+SUM(W60:X60) -> 0.0052056544 | H60: ='N2O per kg feed'!G137*FCR_bonefree_incl_parents_SE-Excreted_N_after_losses_SE*Manure_repl_factor_SE*(EF_min_fert_BAT_N2O*Frac_BAT_SE+EF_min_fert_AN_N2O*Frac_AN_SE) -> 0.00058099089 | I60: ='N2O per kg feed'!H137*FCR_bonefree_incl_parents_SE -> 5.5612298e-06 | J60: ='N2O per kg feed'!I137*FCR_bonefree_incl_parents_SE-Excreted_N_after_losses_SE*Manure_repl_factor_SE*EF_N2O_diff_SE -> 0.0030189126 | K60: =J60*EF_indirect_N2O_SE -> 0.00030189126 | L60: ='N2O per kg feed'!K137*FCR_bonefree_incl_parents_SE -> 6.021643e-06 | N60: ='N2O per kg feed'!M137*FCR_bonefree_incl_parents_SE -> 3.2506199e-08 | O60: ='N2O per kg feed'!N137*FCR_bonefree_incl_parents_SE -> 7.5314721e-06 | P60: ='N2O per kg feed'!O137*FCR_bonefree_incl_parents_SE -> 0 | Q60: ='N2O per kg feed'!P137*FCR_bonefree_incl_parents_SE -> 4.0971413e-06 | R60: ='N2O per kg feed'!Q137*FCR_bonefree_incl_parents_SE -> 2.6154709e-06 | T60: =SUM(U60:V60) -> 0.0012503821 | U60: =Manure!AS88*44/28 -> 0.00070751988 | V60: =NH3_per_kg_SE*17/14*Manure!AP117 -> 0.00054286223 | W60: =Energy_stables_SE*(Share_heating_SE*(Share_biofuels_SE*EF_biofuel_N2O+(1-Share_biofuels_SE)*EF_oil_N2O)+(1-Share_heating_SE)*EF_el_N2O_SE) -> 1.0967065e-05 | X60: =(Energy_slaughter_el_SE*EF_el_N2O_SE+Energy_slaughter_oil_SE*EF_oil_N2O)/Bonefree_outof_CW_SE -> 1.6651044e-05
A61: A01RG | B61: Pig muscle | C61: Meat and meat products | D61: Sweden | E61: SE | F61: CO2e | G61: =SUM(H61:X61) -> 3.519973 | H61: =SUMPRODUCT(H57:H60,'Parameters, general'!$B$13:$B$16) -> 0.44049117 | I61: =SUMPRODUCT(I57:I60,'Parameters, general'!$B$13:$B$16) -> 0.16629496 | J61: =SUMPRODUCT(J57:J60,'Parameters, general'!$B$13:$B$16) -> 0.82416314 | K61: =SUMPRODUCT(K57:K60,'Parameters, general'!$B$13:$B$16) -> 0.082416314 | L61: =SUMPRODUCT(L57:L60,'Parameters, general'!$B$13:$B$16) -> 0.22864813 | M61: =SUMPRODUCT(M57:M60,'Parameters, general'!$B$13:$B$16) -> 0 | N61: =SUMPRODUCT(N57:N60,'Parameters, general'!$B$13:$B$16) -> 0.00046463086 | O61: =SUMPRODUCT(O57:O60,'Parameters, general'!$B$13:$B$16) -> 0.20368254 | ... T61: =SUMPRODUCT(T57:T60,'Parameters, general'!$B$13:$B$16) -> 0.68869363 | W61: =SUMPRODUCT(W57:W60,'Parameters, general'!$B$13:$B$16) -> 0.10956747 | X61: =SUMPRODUCT(X57:X60,'Parameters, general'!$B$13:$B$16) -> 0.28752682 | Z61: =SUM(H61:R61) -> 2.1527459 | AA61: ='CO2 per kg feed'!F137+'CH4 per kg feed'!F137*CF_GWP_CH4_fossil+'N2O per kg feed'!F137*CF_GWP_N2O -> 0.19208531

Sheet Production
A2: Production system | B2: DK | C2: FR | D2: DE | E2: GR | F2: HU | G2: IE | H2: IT | I2: NL | J2: PL | K2: ES | L2: SE
B3: Denmark | C3: France | D3: Germany | E3: Greece | F3: Hungary | G3: Ireland | H3: Italy | I3: Netherlands | J3: Poland | K3: Spain | L3: Sweden
A4: Animals in production per year (no)
A5: Sows | B5: 1 | C5: 1 | D5: 1 | E5: 1 | F5: 1 | G5: 1 | H5: 1 | I5: 1 | J5: 1 | K5: 1 | L5: 1 | N5: Number of sows (any number can be used here)
A6: Recruitment sows | B6: =B5*'Parameters, country spec'!B12/100 -> 0.55 | C6: =C5*'Parameters, country spec'!C12/100 -> 0.55 | D6: =D5*'Parameters, country spec'!D12/100 -> 0.55 | E6: =E5*'Parameters, country spec'!E12/100 -> 0.55 | F6: =F5*'Parameters, country spec'!F12/100 -> 0.55 | G6: =G5*'Parameters, country spec'!G12/100 -> 0.55 | H6: =H5*'Parameters, country spec'!H12/100 -> 0.55 | I6: =I5*'Parameters, country spec'!I12/100 -> 0.55 | ... L6: =L5*'Parameters, country spec'!L12/100 -> 0.55 | N6: Number of sows * recruitment rate
A7: Boars | B7: =B5*Boars_per_sow -> 0.012143013 | C7: =C5*Boars_per_sow -> 0.012143013 | D7: =D5*Boars_per_sow -> 0.012143013 | E7: =E5*Boars_per_sow -> 0.012143013 | F7: =F5*Boars_per_sow -> 0.012143013 | G7: =G5*Boars_per_sow -> 0.012143013 | H7: =H5*Boars_per_sow -> 0.012143013 | I7: =I5*Boars_per_sow -> 0.012143013 | ... L7: =L5*Boars_per_sow -> 0.012143013 | N7: Kolla ingrisningålder och justera antalet rekryteringsuggor
A8: Fattening pigs | B8: =B5*'Parameters, country spec'!B16-B6 -> 31.916765 | C8: =C5*'Parameters, country spec'!C16-C6 -> 28.611794 | D8: =D5*'Parameters, country spec'!D16-D6 -> 28.704305 | E8: =E5*'Parameters, country spec'!E16-E6 -> 28.210384 | F8: =F5*'Parameters, country spec'!F16-F6 -> 29.674272 | G8: =G5*'Parameters, country spec'!G16-G6 -> 28.15 | H8: =H5*'Parameters, country spec'!H16-H6 -> 23.972989 | I8: =I5*'Parameters, country spec'!I16-I6 -> 30.640343 | ... L8: =L5*'Parameters, country spec'!L16-L6 -> 26.62957 | N8: Number of sows * live piglets at weaning - recruitment sows
A9: Piglets | B9: =B5*'Parameters, country spec'!B16 -> 32.466765 | C9: =C5*'Parameters, country spec'!C16 -> 29.161794 | D9: =D5*'Parameters, country spec'!D16 -> 29.254305 | E9: =E5*'Parameters, country spec'!E16 -> 28.760384 | F9: =F5*'Parameters, country spec'!F16 -> 30.224272 | G9: =G5*'Parameters, country spec'!G16 -> 28.7 | H9: =H5*'Parameters, country spec'!H16 -> 24.522989 | I9: =I5*'Parameters, country spec'!I16 -> 31.190343 | ... L9: =L5*'Parameters, country spec'!L16 -> 27.17957 | N9: Number of sows * live piglets at weaning
A10: Total: | B10: =SUM(B5:B8) -> 33.478908 | C10: =SUM(C5:C8) -> 30.173937 | D10: =SUM(D5:D8) -> 30.266448 | E10: =SUM(E5:E8) -> 29.772527 | F10: =SUM(F5:F8) -> 31.236415 | G10: =SUM(G5:G8) -> 29.712143 | H10: =SUM(H5:H8) -> 25.535132 | I10: =SUM(I5:I8) -> 32.202486 | ... L10: =SUM(L5:L8) -> 28.191713
A11: Animals slaughtered per year (no)
A12: Sows | B12: =B5*'Parameters, country spec'!B12/100*(1-'Parameters, country spec'!B18/100) -> 0.53113947 | C12: =C5*'Parameters, country spec'!C12/100*(1-'Parameters, country spec'!C18/100) -> 0.53113947 | D12: =D5*'Parameters, country spec'!D12/100*(1-'Parameters, country spec'!D18/100) -> 0.53113947 | E12: =E5*'Parameters, country spec'!E12/100*(1-'Parameters, country spec'!E18/100) -> 0.53113947 | F12: =F5*'Parameters, country spec'!F12/100*(1-'Parameters, country spec'!F18/100) -> 0.53113947 | G12: =G5*'Parameters, country spec'!G12/100*(1-'Parameters, country spec'!G18/100) -> 0.53113947 | H12: =H5*'Parameters, country spec'!H12/100*(1-'Parameters, country spec'!H18/100) -> 0.53113947 | I12: =I5*'Parameters, country spec'!I12/100*(1-'Parameters, country spec'!I18/100) -> 0.53113947 | ... L12: =L5*'Parameters, country spec'!L12/100*(1-'Parameters, country spec'!L18/100) -> 0.53113947 | N12: Number of sows * recruitment rate * (1 - mortality sows)
A13: Boars | B13: =B7*(1-'Parameters, country spec'!B18/100) -> 0.011726606 | C13: =C7*(1-'Parameters, country spec'!C18/100) -> 0.011726606 | D13: =D7*(1-'Parameters, country spec'!D18/100) -> 0.011726606 | E13: =E7*(1-'Parameters, country spec'!E18/100) -> 0.011726606 | F13: =F7*(1-'Parameters, country spec'!F18/100) -> 0.011726606 | G13: =G7*(1-'Parameters, country spec'!G18/100) -> 0.011726606 | H13: =H7*(1-'Parameters, country spec'!H18/100) -> 0.011726606 | I13: =I7*(1-'Parameters, country spec'!I18/100) -> 0.011726606 | ... L13: =L7*(1-'Parameters, country spec'!L18/100) -> 0.011726606
A14: Fattening pigs | B14: =B8*(1-'Parameters, country spec'!B6/100)*(1-'Parameters, country spec'!B7/100) -> 30.656345 | C14: =C8*(1-'Parameters, country spec'!C6/100)*(1-'Parameters, country spec'!C7/100) -> 27.457772 | D14: =D8*(1-'Parameters, country spec'!D6/100)*(1-'Parameters, country spec'!D7/100) -> 27.842258 | E14: =E8*(1-'Parameters, country spec'!E6/100)*(1-'Parameters, country spec'!E7/100) -> 27.296175 | F14: =F8*(1-'Parameters, country spec'!F6/100)*(1-'Parameters, country spec'!F7/100) -> 28.709359 | G14: =G8*(1-'Parameters, country spec'!G6/100)*(1-'Parameters, country spec'!G7/100) -> 27.386148 | H14: =H8*(1-'Parameters, country spec'!H6/100)*(1-'Parameters, country spec'!H7/100) -> 23.322816 | I14: =I8*(1-'Parameters, country spec'!I6/100)*(1-'Parameters, country spec'!I7/100) -> 29.868226 | ... L14: =L8*(1-'Parameters, country spec'!L6/100)*(1-'Parameters, country spec'!L7/100) -> 26.066037 | N14: Number of slaughter pig adjusted for mortality and rejection at slaughter
A15: Total: | B15: =SUM(B12:B14) -> 31.199211 | C15: =SUM(C12:C14) -> 28.000638 | D15: =SUM(D12:D14) -> 28.385124 | E15: =SUM(E12:E14) -> 27.839041 | F15: =SUM(F12:F14) -> 29.252225 | G15: =SUM(G12:G14) -> 27.929014 | H15: =SUM(H12:H14) -> 23.865682 | I15: =SUM(I12:I14) -> 30.411092 | ... L15: =SUM(L12:L14) -> 26.608904
A16: Meat produced (kg CW)
A17: Sows | B17: =B12*'Parameters, country spec'!B10 -> 95.339535 | C17: =C12*'Parameters, country spec'!C10 -> 95.339535 | D17: =D12*'Parameters, country spec'!D10 -> 95.339535 | E17: =E12*'Parameters, country spec'!E10 -> 95.339535 | F17: =F12*'Parameters, country spec'!F10 -> 95.339535 | G17: =G12*'Parameters, country spec'!G10 -> 95.339535 | H17: =H12*'Parameters, country spec'!H10 -> 95.339535 | I17: =I12*'Parameters, country spec'!I10 -> 95.339535 | ... L17: =L12*'Parameters, country spec'!L10 -> 95.339535 | N17: Number of animals * slaughtering weight
A18: Boars | B18: =B13*'Parameters, country spec'!B9 -> 1.0741571 | C18: =C13*'Parameters, country spec'!C9 -> 1.0741571 | D18: =D13*'Parameters, country spec'!D9 -> 1.0741571 | E18: =E13*'Parameters, country spec'!E9 -> 1.0741571 | F18: =F13*'Parameters, country spec'!F9 -> 1.0741571 | G18: =G13*'Parameters, country spec'!G9 -> 1.0741571 | H18: =H13*'Parameters, country spec'!H9 -> 1.3847949 | I18: =I13*'Parameters, country spec'!I9 -> 1.0741571 | ... L18: =L13*'Parameters, country spec'!L9 -> 1.0741571
A19: Fattening pigs | B19: =B14*'Parameters, country spec'!B9 -> 2808.1212 | C19: =C14*'Parameters, country spec'!C9 -> 2515.1319 | D19: =D14*'Parameters, country spec'!D9 -> 2550.3508 | E19: =E14*'Parameters, country spec'!E9 -> 2500.3297 | F19: =F14*'Parameters, country spec'!F9 -> 2629.7772 | G19: =G14*'Parameters, country spec'!G9 -> 2508.5711 | H19: =H14*'Parameters, country spec'!H9 -> 2754.1913 | I19: =I14*'Parameters, country spec'!I9 -> 2735.9295 | ... L19: =L14*'Parameters, country spec'!L9 -> 2387.649
A20: Total: | B20: =SUM(B17:B19) -> 2904.5349 | C20: =SUM(C17:C19) -> 2611.5456 | D20: =SUM(D17:D19) -> 2646.7645 | E20: =SUM(E17:E19) -> 2596.7433 | F20: =SUM(F17:F19) -> 2726.1909 | G20: =SUM(G17:G19) -> 2604.9848 | H20: =SUM(H17:H19) -> 2850.9157 | I20: =SUM(I17:I19) -> 2832.3432 | ... L20: =SUM(L17:L19) -> 2484.0627
A21: Meat produced (kg bonefree)
A22: Sows | B22: =B17*Bonefree_outof_CW_SE -> 56.250326 | C22: =C17*Bonefree_outof_CW_SE -> 56.250326 | D22: =D17*Bonefree_outof_CW_SE -> 56.250326 | E22: =E17*Bonefree_outof_CW_SE -> 56.250326 | F22: =F17*Bonefree_outof_CW_SE -> 56.250326 | G22: =G17*Bonefree_outof_CW_SE -> 56.250326 | H22: =H17*Bonefree_outof_CW_SE -> 56.250326 | I22: =I17*Bonefree_outof_CW_SE -> 56.250326 | ... L22: =L17*Bonefree_outof_CW_SE -> 56.250326
A23: Boars | B23: =B18*Bonefree_outof_CW_SE -> 0.63375271 | C23: =C18*Bonefree_outof_CW_SE -> 0.63375271 | D23: =D18*Bonefree_outof_CW_SE -> 0.63375271 | E23: =E18*Bonefree_outof_CW_SE -> 0.63375271 | F23: =F18*Bonefree_outof_CW_SE -> 0.63375271 | G23: =G18*Bonefree_outof_CW_SE -> 0.63375271 | H23: =H18*Bonefree_outof_CW_SE -> 0.81702902 | I23: =I18*Bonefree_outof_CW_SE -> 0.63375271 | ... L23: =L18*Bonefree_outof_CW_SE -> 0.63375271
A24: Fattening pigs | B24: =B19*Bonefree_outof_CW_SE -> 1656.7915 | C24: =C19*Bonefree_outof_CW_SE -> 1483.9278 | D24: =D19*Bonefree_outof_CW_SE -> 1504.707 | E24: =E19*Bonefree_outof_CW_SE -> 1475.1945 | F24: =F19*Bonefree_outof_CW_SE -> 1551.5686 | G24: =G19*Bonefree_outof_CW_SE -> 1480.057 | H24: =H19*Bonefree_outof_CW_SE -> 1624.9729 | I24: =I19*Bonefree_outof_CW_SE -> 1614.1984 | ... L24: =L19*Bonefree_outof_CW_SE -> 1408.7129
A25: Total: | B25: =SUM(B22:B24) -> 1713.6756 | C25: =SUM(C22:C24) -> 1540.8119 | D25: =SUM(D22:D24) -> 1561.5911 | E25: =SUM(E22:E24) -> 1532.0786 | F25: =SUM(F22:F24) -> 1608.4527 | G25: =SUM(G22:G24) -> 1536.941 | H25: =SUM(H22:H24) -> 1682.0402 | I25: =SUM(I22:I24) -> 1671.0825 | ... L25: =SUM(L22:L24) -> 1465.597
A26: Offal produced (kg edible)
A27: Sows | B27: =B12*'Parameters, country spec'!B11 -> 0.72978563 | C27: =C12*'Parameters, country spec'!C11 -> 0.72978563 | D27: =D12*'Parameters, country spec'!D11 -> 0.72978563 | E27: =E12*'Parameters, country spec'!E11 -> 0.72978563 | F27: =F12*'Parameters, country spec'!F11 -> 0.72978563 | G27: =G12*'Parameters, country spec'!G11 -> 0.72978563 | H27: =H12*'Parameters, country spec'!H11 -> 0.9408339 | I27: =I12*'Parameters, country spec'!I11 -> 0.72978563 | ... L27: =L12*'Parameters, country spec'!L11 -> 0.72978563
A28: Boars | B28: =B13*'Parameters, country spec'!B11 -> 0.016112357 | C28: =C13*'Parameters, country spec'!C11 -> 0.016112357 | D28: =D13*'Parameters, country spec'!D11 -> 0.016112357 | E28: =E13*'Parameters, country spec'!E11 -> 0.016112357 | F28: =F13*'Parameters, country spec'!F11 -> 0.016112357 | G28: =G13*'Parameters, country spec'!G11 -> 0.016112357 | H28: =H13*'Parameters, country spec'!H11 -> 0.020771924 | I28: =I13*'Parameters, country spec'!I11 -> 0.016112357 | ... L28: =L13*'Parameters, country spec'!L11 -> 0.016112357
A29: Fattening pigs | B29: =B14*'Parameters, country spec'!B11 -> 42.121818 | C29: =C14*'Parameters, country spec'!C11 -> 37.726979 | D29: =D14*'Parameters, country spec'!D11 -> 38.255262 | E29: =E14*'Parameters, country spec'!E11 -> 37.504945 | F29: =F14*'Parameters, country spec'!F11 -> 39.446659 | G29: =G14*'Parameters, country spec'!G11 -> 37.628567 | H29: =H14*'Parameters, country spec'!H11 -> 41.31287 | I29: =I14*'Parameters, country spec'!I11 -> 41.038942 | ... L29: =L14*'Parameters, country spec'!L11 -> 35.814735
A30: Total: | B30: =SUM(B27:B29) -> 42.867716 | C30: =SUM(C27:C29) -> 38.472877 | D30: =SUM(D27:D29) -> 39.00116 | E30: =SUM(E27:E29) -> 38.250843 | F30: =SUM(F27:F29) -> 40.192557 | G30: =SUM(G27:G29) -> 38.374465 | H30: =SUM(H27:H29) -> 42.274476 | I30: =SUM(I27:I29) -> 41.78484 | ... L30: =SUM(L27:L29) -> 36.560633
A31: Meat and offal produced (kg bonefree)
A32: Sows | B32: =B22+B27 -> 56.980111 | C32: =C22+C27 -> 56.980111 | D32: =D22+D27 -> 56.980111 | E32: =E22+E27 -> 56.980111 | F32: =F22+F27 -> 56.980111 | G32: =G22+G27 -> 56.980111 | H32: =H22+H27 -> 57.191159 | I32: =I22+I27 -> 56.980111 | ... L32: =L22+L27 -> 56.980111
A33: Boars | B33: =B23+B28 -> 0.64986507 | C33: =C23+C28 -> 0.64986507 | D33: =D23+D28 -> 0.64986507 | E33: =E23+E28 -> 0.64986507 | F33: =F23+F28 -> 0.64986507 | G33: =G23+G28 -> 0.64986507 | H33: =H23+H28 -> 0.83780094 | I33: =I23+I28 -> 0.64986507 | ... L33: =L23+L28 -> 0.64986507
A34: Fattening pigs | B34: =B24+B29 -> 1698.9133 | C34: =C24+C29 -> 1521.6548 | D34: =D24+D29 -> 1542.9622 | E34: =E24+E29 -> 1512.6994 | F34: =F24+F29 -> 1591.0152 | G34: =G24+G29 -> 1517.6855 | H34: =H24+H29 -> 1666.2857 | I34: =I24+I29 -> 1655.2373 | ... L34: =L24+L29 -> 1444.5277
A35: Total: | B35: =SUM(B32:B34) -> 1756.5433 | C35: =SUM(C32:C34) -> 1579.2848 | D35: =SUM(D32:D34) -> 1600.5922 | E35: =SUM(E32:E34) -> 1570.3294 | F35: =SUM(F32:F34) -> 1648.6452 | G35: =SUM(G32:G34) -> 1575.3155 | H35: =SUM(H32:H34) -> 1724.3147 | I35: =SUM(I32:I34) -> 1712.8673 | ... L35: =SUM(L32:L34) -> 1502.1576
A36: Animals in production per kg of meat&offal produced (no)
A37: Sow, incl recruitment | B37: =(B5+B6)/B35 -> 0.0008824149 | C37: =(C5+C6)/C35 -> 0.00098145693 | D37: =(D5+D6)/D35 -> 0.00096839156 | E37: =(E5+E6)/E35 -> 0.00098705404 | F37: =(F5+F6)/F35 -> 0.0009401659 | G37: =(G5+G6)/G35 -> 0.00098392988 | H37: =(H5+H6)/H35 -> 0.00089890783 | I37: =(I5+I6)/I35 -> 0.0009049154 | ... L37: =(L5+L6)/L35 -> 0.0010318491
A38: Boars | B38: =B7/B35 -> 6.9130165e-06 | C38: =C7/C35 -> 7.6889318e-06 | D38: =D7/D35 -> 7.5865751e-06 | E38: =E7/E35 -> 7.7327807e-06 | F38: =F7/F35 -> 7.3654495e-06 | G38: =G7/G35 -> 7.7083054e-06 | H38: =H7/H35 -> 7.0422255e-06 | I38: =I7/I35 -> 7.08929e-06 | ... L38: =L7/L35 -> 8.0837142e-06
A39: Fattening pigs | B39: =B8/B35 -> 0.018170212 | C39: =C8/C35 -> 0.018116931 | D39: =D8/D35 -> 0.017933553 | E39: =E8/E35 -> 0.017964628 | F39: =F8/F35 -> 0.017999186 | G39: =G8/G35 -> 0.017869436 | H39: =H8/H35 -> 0.013902908 | I39: =I8/I35 -> 0.017888334 | ... L39: =L8/L35 -> 0.017727547
A40: Total: | B40: =SUM(B37:B39) -> 0.01905954 | C40: =SUM(C37:C39) -> 0.019106077 | D40: =SUM(D37:D39) -> 0.018909531 | E40: =SUM(E37:E39) -> 0.018959415 | F40: =SUM(F37:F39) -> 0.018946717 | G40: =SUM(G37:G39) -> 0.018861074 | H40: =SUM(H37:H39) -> 0.014808858 | I40: =SUM(I37:I39) -> 0.018800339 | ... L40: =SUM(L37:L39) -> 0.01876748

Sheet Parameters, country spec
A2: Production parameters and emission factors, country specific
B3: DK | C3: FR | D3: DE | E3: GR | F3: HU | G3: IE | H3: IT | I3: NL | J3: PL | K3: ES | L3: SE
A4: Production parameters | B4: Denmark | C4: France | D4: Germany | E4: Greece | F4: Hungary | G4: Ireland | H4: Italy | I4: Netherlands | J4: Poland | K4: Spain | L4: Sweden | N4: Sources:
A5: Time of fattening phase, days | B5: =6*30-Time_piglet_system_DK -> 110 | C5: =6*30-Time_piglet_system_DK -> 110 | D5: =6*30-Time_piglet_system_DK -> 110 | E5: =6*30-Time_piglet_system_DK -> 110 | F5: =6*30-Time_piglet_system_DK -> 110 | G5: =6*30-Time_piglet_system_DK -> 110 | H5: =9*30-Time_piglet_system_DK -> 200 | I5: =6*30-Time_piglet_system_DK -> 110 | J5: =6*30-Time_piglet_system_DK -> 110 | K5: =6*30-Time_piglet_system_DK -> 110 | L5: =6*30-Time_piglet_system_DK -> 110 | N5: Zira et al. 2023, 6 months, for all except Italy (9 months), Bava et al 2017
A6: Mortality fattening pigs, % | B6: ='Mortality & FCR'!B12 -> 3.6697248 | C6: ='Mortality & FCR'!C12 -> 3.7542662 | D6: ='Mortality & FCR'!D12 -> 2.7210884 | E6: ='Mortality & FCR'!E12 -> 2.9592621 | F6: ='Mortality & FCR'!F12 -> 2.970297 | G6: ='Mortality & FCR'!G12 -> 2.4305556 | H6: ='Mortality & FCR'!H12 -> 2.4291498 | I6: ='Mortality & FCR'!I12 -> 2.2364217 | ... L6: ='Mortality & FCR'!L12 -> 1.8315018 | N6: See tab "Mortality & FCR"
A7: Rejection after slaughter, % | B7: 0.29 | C7: 0.29 | D7: 0.29 | E7: 0.29 | F7: 0.29 | G7: 0.29 | H7: 0.29 | I7: 0.29 | J7: 0.29 | K7: 0.29 | L7: 0.29 | N7: Röös et al. 2016 - unclear original source! Kolla Ingrids rapport
A8: Meat yield, kg bonefree meat per CW | B8: 0.59 | C8: 0.59 | D8: 0.59 | E8: 0.59 | F8: 0.59 | G8: 0.59 | H8: 0.59 | I8: 0.59 | J8: 0.59 | K8: 0.59 | L8: 0.59 | N8: Clune et al. 2017
A9: Meat yield, kg CW per fattening pig | B9: 91.6 | C9: 91.6 | D9: 91.6 | E9: 91.6 | F9: 91.6 | G9: 91.6 | H9: =168.7*0.7 -> 118.09 | I9: 91.6 | J9: 91.6 | K9: 91.6 | L9: 91.6 | N9: Landquist et al. 2020, p. 11, for all except Italy, Bava et al 2017
A10: Meat yield, kg CW per sow | B10: 179.5 | C10: 179.5 | D10: 179.5 | E10: 179.5 | F10: 179.5 | G10: 179.5 | H10: 179.5 | I10: 179.5 | J10: 179.5 | K10: 179.5 | L10: 179.5 | N10: Landquist et al. 2020, p. 11
A11: Offal yield, kg edible per animal | B11: =B9*0.015 -> 1.374 | C11: =C9*0.015 -> 1.374 | D11: =D9*0.015 -> 1.374 | E11: =E9*0.015 -> 1.374 | F11: =F9*0.015 -> 1.374 | G11: =G9*0.015 -> 1.374 | H11: =H9*0.015 -> 1.77135 | I11: =I9*0.015 -> 1.374 | ... L11: =L9*0.015 -> 1.374 | N11: Kolla Ingrids rapport | O11: https://www.fao.org/3/I8686EN/i8686en.pdf
A12: Recruitment rate, % | B12: 55 | C12: 55 | D12: 55 | E12: 55 | F12: 55 | G12: 55 | H12: 55 | I12: 55 | J12: 55 | K12: 55 | L12: 55 | N12: Landquist et al. 2020, p. 11
A13: Liveborn piglets per sow and year | B13: ='Mortality & FCR'!B6 -> 40.1 | C13: ='Mortality & FCR'!C6 -> 35.3 | D13: ='Mortality & FCR'!D6 -> 35.7 | E13: ='Mortality & FCR'!E6 -> 34.577778 | F13: ='Mortality & FCR'!F6 -> 34.8 | G13: ='Mortality & FCR'!G6 -> 33.3 | H13: ='Mortality & FCR'!H6 -> 29.4 | I13: ='Mortality & FCR'!I6 -> 36.5 | ... L13: ='Mortality & FCR'!L6 -> 33.5
A14: Time in piglet system, days | B14: 70 | C14: 70 | D14: 70 | E14: 70 | F14: 70 | G14: 70 | H14: 70 | I14: 70 | J14: 70 | K14: 70 | L14: 70 | N14: Zira et al. 2023, 10 weeks | O14: Swedish data used for all
A15: Mortality piglets, % of born | B15: ='Mortality & FCR'!B8+'Mortality & FCR'!B10 -> 19.035499 | C15: ='Mortality & FCR'!C8+'Mortality & FCR'!C10 -> 17.388685 | D15: ='Mortality & FCR'!D8+'Mortality & FCR'!D10 -> 18.055169 | E15: ='Mortality & FCR'!E8+'Mortality & FCR'!E10 -> 16.824083 | F15: ='Mortality & FCR'!F8+'Mortality & FCR'!F10 -> 13.148644 | G15: ='Mortality & FCR'!G8+'Mortality & FCR'!G10 -> 13.813814 | H15: ='Mortality & FCR'!H8+'Mortality & FCR'!H10 -> 16.588474 | I15: ='Mortality & FCR'!I8+'Mortality & FCR'!I10 -> 14.547006 | ... L15: ='Mortality & FCR'!L8+'Mortality & FCR'!L10 -> 18.866956 | N15: See tab "Mortality & FCR"
A16: Living piglets at weaning per sow and year | B16: =B13*(100-B15)/100 -> 32.466765 | C16: =C13*(100-C15)/100 -> 29.161794 | D16: =D13*(100-D15)/100 -> 29.254305 | E16: =E13*(100-E15)/100 -> 28.760384 | F16: =F13*(100-F15)/100 -> 30.224272 | G16: =G13*(100-G15)/100 -> 28.7 | H16: =H13*(100-H15)/100 -> 24.522989 | I16: =I13*(100-I15)/100 -> 31.190343 | ... L16: =L13*(100-L15)/100 -> 27.17957
A17: Boars per sow, no | B17: =1725/142057 -> 0.012143013 | C17: =1725/142057 -> 0.012143013 | D17: =1725/142057 -> 0.012143013 | E17: =1725/142057 -> 0.012143013 | F17: =1725/142057 -> 0.012143013 | G17: =1725/142057 -> 0.012143013 | H17: =1725/142057 -> 0.012143013 | I17: =1725/142057 -> 0.012143013 | ... L17: =1725/142057 -> 0.012143013 | N17: Calculated based on national statistics as in Moberg et al. 2019
A18: Mortality parents, % | B18: =3500/102065*100 -> 3.4291873 | C18: =3500/102065*100 -> 3.4291873 | D18: =3500/102065*100 -> 3.4291873 | E18: =3500/102065*100 -> 3.4291873 | F18: =3500/102065*100 -> 3.4291873 | G18: =3500/102065*100 -> 3.4291873 | H18: =3500/102065*100 -> 3.4291873 | I18: =3500/102065*100 -> 3.4291873 | ... L18: =3500/102065*100 -> 3.4291873 | N18: Landquist et al. 2020, p. 11
B19: =B6+B15 -> 22.705224 | C19: =C6+C15 -> 21.142952 | D19: =D6+D15 -> 20.776258 | E19: =E6+E15 -> 19.783346 | F19: =F6+F15 -> 16.118941 | G19: =G6+G15 -> 16.244369 | H19: =H6+H15 -> 19.017624 | I19: =I6+I15 -> 16.783428 | ... L19: =L6+L15 -> 20.698457
A20: Share of feed ingredients breeding (%)
A21: Barley, average | B21: 0.35358045 | C21: 0.12973293 | D21: 0.11526313 | E21: 0.14058778 | F21: 0.076814695 | G21: 0.30784418 | H21: 0.067331149 | I21: 0.087412024 | J21: 0.16330174 | K21: 0.22020467 | L21: 0.26218799 | N21: CAPRI-diets from Karlsson et al. for all countries except Sweden, see "Livestock feed.xlsx", tab Pigs breeding
A22: Maize (corn) | B22: 0.021278165 | C22: 0.21338006 | D22: 0.17160602 | E22: 0.42048559 | F22: 0.45561964 | G22: 0.084847862 | H22: 0.44026971 | I22: 0.26251562 | J22: 0.22370546 | K22: 0.29043024 | L22: 0.0027145228 | N22: Sweden: Landquist et al. 2020. Bilaga 1, shares calculated in "Livestock feed.xlsx", tab Swedish pig
A23: Oats | B23: 0.0059387583 | C23: 0.014700956 | D23: 2.2943563e-05 | E23: 0.038207301 | F23: 0.041142483 | G23: 0.017744137 | H23: 0.013982898 | I23: 0.002871286 | J23: 0.0048907896 | K23: 0.034333767 | L23: 0.044514085
A24: Rye | B24: 0.004308502 | C24: 0.0022576295 | D24: 0.018828088 | E24: 0.0084271834 | F24: 0.015990662 | G24: 0 | H24: 0.0011141062 | I24: 0.010804609 | J24: 0.063855775 | K24: 0.0090626384 | L24: 0.027912718
A25: Wheat, average | B25: 0.36499406 | C25: 0.31605527 | D25: 0.38499847 | E25: 0.0060433585 | F25: 0.071936556 | G25: 0.1322192 | H25: 0.063776792 | I25: 0.29577553 | J25: 0.25675161 | K25: 0.18653591 | L25: 0.3272903
A26: Peas, dry | B26: 0.00086328274 | C26: 0 | D26: 0.0013290605 | E26: 0.00083484845 | F26: 0.0016050103 | G26: 0.0013439604 | H26: 0.0033307304 | I26: 0 | J26: 0.0043260385 | K26: 0.0067614174 | L26: 0.0048974646
A27: Broad beans and horse beans, dry | B27: 0.00084802814 | C27: 0 | D27: 0.0013055753 | E27: 0.0008200963 | F27: 0.001576649 | G27: 0.001320212 | H27: 0.0032718749 | I27: 0 | J27: 0.0042495954 | K27: 0.0066419401 | L27: 0.056385954
A28: Rape seed cake | B28: 0.054197384 | C28: 0.094127517 | D28: 0.13439855 | E28: 0.00091107841 | F28: 0.0006927087 | G28: 0.071952686 | H28: 0.0056103861 | I28: 0.12265284 | J28: 0.031180104 | K28: 0.019581706 | L28: 0.029607486
A29: Soy cake | B29: 0.13353295 | C29: 0.084804995 | D29: 0.12913839 | E29: 0.16053788 | F29: 0.13208602 | G29: 0.13691958 | H29: 0.13851396 | I29: 0.15840015 | J29: 0.10875513 | K29: 0.16739125 | L29: 0.0387079
A30: By-products | B30: 0.021918611 | C30: 0.077718084 | D30: 0.025759826 | E30: 0.10119467 | F30: 0.1041615 | G30: 0.13523039 | H30: 0.1462239 | I30: 0.017258351 | J30: 0.05322218 | K30: 0.025717267 | L30: 0.11190565
A31: Other | B31: 0.038539811 | C31: 0.067222552 | D31: 0.017349944 | E31: 0.12195021 | F31: 0.09837407 | G31: 0.11057779 | H31: 0.1165745 | I31: 0.042309597 | J31: 0.085761589 | K31: 0.033339193 | L31: 0.093875936
A33: Cereals | B33: =SUM(B21:B25) -> 0.75009994 | C33: =SUM(C21:C25) -> 0.67612685 | D33: =SUM(D21:D25) -> 0.69071866 | E33: =SUM(E21:E25) -> 0.61375122 | F33: =SUM(F21:F25) -> 0.66150404 | G33: =SUM(G21:G25) -> 0.54265539 | H33: =SUM(H21:H25) -> 0.58647465 | I33: =SUM(I21:I25) -> 0.65937907 | ... L33: =SUM(L21:L25) -> 0.66461961
A35: Share of feed ingredients fattening (%)
A36: Barley, average | B36: 0.37652698 | C36: 0.12488964 | D36: 0.12092362 | E36: 0.092031363 | F36: 0.082897727 | G36: 0.32916597 | H36: 0.079188754 | I36: 0.09496216 | J36: 0.15234197 | K36: 0.23834348 | L36: 0.26218799 | N36: CAPRI-diets from Karlsson et al. for all countries except Sweden, see "Livestock feed.xlsx", tab Pigs fattening
A37: Maize (corn) | B37: 0.022659067 | C37: 0.205414 | D37: 0.18003347 | E37: 0.27525765 | F37: 0.49170061 | G37: 0.090724563 | H37: 0.51780505 | I37: 0.28519017 | J37: 0.20869177 | K37: 0.3143537 | L37: 0.0027145228 | N37: Sweden: Landquist et al. 2020. Bilaga 1, shares calculated in "Livestock feed.xlsx", tab Swedish pig, using same for fattening and breeding
A38: Oats | B38: 0.0063241695 | C38: 0.014152128 | D38: 2.4070304e-05 | E38: 0.025011206 | F38: 0.044400597 | G38: 0.018973125 | H38: 0.016445408 | I38: 0.0031192908 | J38: 0.004562551 | K38: 0.037161925 | L38: 0.044514085
A39: Rye | B39: 0.0045881135 | C39: 0.002173346 | D39: 0.019752721 | E39: 0.0055165902 | F39: 0.017256978 | G39: 0 | H39: 0.0013103101 | I39: 0.011737847 | J39: 0.059570182 | K39: 0.0098091505 | L39: 0.027912718
A40: Wheat, average | B40: 0.3886813 | C40: 0.30425606 | D40: 0.40390545 | E40: 0.0039560943 | F40: 0.077633283 | G40: 0.14137692 | H40: 0.075008443 | I40: 0.32132288 | J40: 0.23952007 | K40: 0.20190134 | L40: 0.3272903
A41: Peas, dry | B41: 0.00062239526 | C41: 0 | D41: 0.00091965138 | E41: 0.00050650317 | F41: 0.0011193027 | G41: 0.0010857638 | H41: 0.0023225249 | I41: 0 | J41: 0.0025752108 | K41: 0.0049559904 | L41: 0.0048974646
A42: Broad beans and horse beans, dry | B42: 0.00061139725 | C42: 0 | D42: 0.00090340072 | E42: 0.00049755303 | F42: 0.0010995241 | G42: 0.0010665778 | H42: 0.0022814849 | I42: 0 | J42: 0.0025297056 | K42: 0.0048684158 | L42: 0.056385954
A43: Rape seed cake | B43: 0.03907433 | C43: 0.056631192 | D43: 0.092997884 | E43: 0.00055275194 | F43: 0.00048308144 | G43: 0.058129406 | H43: 0.0039121334 | I43: 0.091882 | J43: 0.01856094 | K43: 0.014353018 | L43: 0.029607486
A44: Soy cake | B44: 0.096272367 | C44: 0.051022359 | D44: 0.089358088 | E44: 0.097398452 | F44: 0.0921142 | G44: 0.1106151 | H44: 0.096586057 | I44: 0.11866111 | J44: 0.064739918 | K44: 0.1226946 | L44: 0.0387079
A45: By-products | B45: 0.020253607 | C45: 0.15388835 | D45: 0.069340503 | E45: 0.24235011 | F45: 0.092245802 | G45: 0.10925043 | H45: 0.10196222 | I45: 0.012928619 | J45: 0.10778245 | K45: 0.021037035 | L45: 0.11190565
A46: Other | B46: 0.044386276 | C46: 0.087572934 | D46: 0.021841144 | E46: 0.25692173 | F46: 0.099048896 | G46: 0.13961214 | H46: 0.10317762 | I46: 0.060195923 | J46: 0.13912524 | K46: 0.030521342 | L46: 0.093875936
A48: Cereals | B48: =SUM(B36:B40) -> 0.79877963 | C48: =SUM(C36:C40) -> 0.65088517 | D48: =SUM(D36:D40) -> 0.72463933 | E48: =SUM(E36:E40) -> 0.4017729 | F48: =SUM(F36:F40) -> 0.71388919 | G48: =SUM(G36:G40) -> 0.58024058 | H48: =SUM(H36:H40) -> 0.68975797 | I48: =SUM(I36:I40) -> 0.71633235 | ... L48: =SUM(L36:L40) -> 0.66461961
A50: Share of feed ingredients, weighted average breeding and fattening (%) | B50: Denmark | C50: France | D50: Germany | E50: Greece | F50: Hungary | G50: Ireland | H50: Italy | I50: Netherlands | J50: Poland | K50: Spain | L50: Sweden
A51: Barley, average | B51: =B21*(1-B$72)+B36*B$72 -> 0.37052245 | C51: =C21*(1-C$72)+C36*C$72 -> 0.12606263 | D51: =D21*(1-D$72)+D36*D$72 -> 0.11963062 | E51: =E21*(1-E$72)+E36*E$72 -> 0.10357925 | F51: =F21*(1-F$72)+F36*F$72 -> 0.081459954 | G51: =G21*(1-G$72)+G36*G$72 -> 0.3242367 | H51: =H21*(1-H$72)+H36*H$72 -> 0.07659111 | I51: =I21*(1-I$72)+I36*I$72 -> 0.093061412 | ... L51: =L21*(1-L$72)+L36*L$72 -> 0.26218799
A52: Maize (corn) | B52: =B22*(1-B$72)+B37*B$72 -> 0.02229772 | C52: =C22*(1-C$72)+C37*C$72 -> 0.20734329 | D52: =D22*(1-D$72)+D37*D$72 -> 0.17810842 | E52: =E22*(1-E$72)+E37*E$72 -> 0.30979634 | F52: =F22*(1-F$72)+F37*F$72 -> 0.48317259 | G52: =G22*(1-G$72)+G37*G$72 -> 0.089365959 | H52: =H22*(1-H$72)+H37*H$72 -> 0.50081939 | I52: =I22*(1-I$72)+I37*I$72 -> 0.27948185 | ... L52: =L22*(1-L$72)+L37*L$72 -> 0.0027145228
A53: Oats | B53: =B23*(1-B$72)+B38*B$72 -> 0.006223317 | C53: =C23*(1-C$72)+C38*C$72 -> 0.014285048 | D53: =D23*(1-D$72)+D38*D$72 -> 2.3812927e-05 | E53: =E23*(1-E$72)+E38*E$72 -> 0.028149555 | F53: =F23*(1-F$72)+F38*F$72 -> 0.043630517 | G53: =G23*(1-G$72)+G38*G$72 -> 0.018689002 | H53: =H23*(1-H$72)+H38*H$72 -> 0.015905947 | I53: =I23*(1-I$72)+I38*I$72 -> 0.0030568555 | ... L53: =L23*(1-L$72)+L38*L$72 -> 0.044514085
A54: Rye | B54: =B24*(1-B$72)+B39*B$72 -> 0.0045149462 | C54: =C24*(1-C$72)+C39*C$72 -> 0.0021937585 | D54: =D24*(1-D$72)+D39*D$72 -> 0.019541511 | E54: =E24*(1-E$72)+E39*E$72 -> 0.0062087992 | F54: =F24*(1-F$72)+F39*F$72 -> 0.016957675 | G54: =G24*(1-G$72)+G39*G$72 -> 0 | H54: =H24*(1-H$72)+H39*H$72 -> 0.0012673277 | I54: =I24*(1-I$72)+I39*I$72 -> 0.011502904 | ... L54: =L24*(1-L$72)+L39*L$72 -> 0.027912718
A55: Wheat, average | B55: =B25*(1-B$72)+B40*B$72 -> 0.38248294 | C55: =C25*(1-C$72)+C40*C$72 -> 0.30711369 | D55: =D25*(1-D$72)+D40*D$72 -> 0.3995866 | E55: =E25*(1-E$72)+E40*E$72 -> 0.0044524958 | F55: =F25*(1-F$72)+F40*F$72 -> 0.076286817 | G55: =G25*(1-G$72)+G40*G$72 -> 0.1392598 | H55: =H25*(1-H$72)+H40*H$72 -> 0.072547927 | I55: =I25*(1-I$72)+I40*I$72 -> 0.31489133 | ... L55: =L25*(1-L$72)+L40*L$72 -> 0.3272903
A56: Peas, dry | B56: =B26*(1-B$72)+B41*B$72 -> 0.00068542948 | C56: =C26*(1-C$72)+C41*C$72 -> 0 | D56: =D26*(1-D$72)+D41*D$72 -> 0.0010131711 | E56: =E26*(1-E$72)+E41*E$72 -> 0.00058459157 | F56: =F26*(1-F$72)+F41*F$72 -> 0.0012341035 | G56: =G26*(1-G$72)+G41*G$72 -> 0.0011454549 | H56: =H26*(1-H$72)+H41*H$72 -> 0.0025433924 | I56: =I26*(1-I$72)+I41*I$72 -> 0 | ... L56: =L26*(1-L$72)+L41*L$72 -> 0.0048974646
A57: Broad beans and horse beans, dry | B57: =B27*(1-B$72)+B42*B$72 -> 0.00067331763 | C57: =C27*(1-C$72)+C42*C$72 -> 0 | D57: =D27*(1-D$72)+D42*D$72 -> 0.00099526792 | E57: =E27*(1-E$72)+E42*E$72 -> 0.00057426157 | F57: =F27*(1-F$72)+F42*F$72 -> 0.0012122963 | G57: =G27*(1-G$72)+G42*G$72 -> 0.0011252142 | H57: =H27*(1-H$72)+H42*H$72 -> 0.0024984495 | I57: =I27*(1-I$72)+I42*I$72 -> 0 | ... L57: =L27*(1-L$72)+L42*L$72 -> 0.056385954
A58: Rape seed cake | B58: =B28*(1-B$72)+B43*B$72 -> 0.043031655 | C58: =C28*(1-C$72)+C43*C$72 -> 0.06571236 | D58: =D28*(1-D$72)+D43*D$72 -> 0.10245488 | E58: =E28*(1-E$72)+E43*E$72 -> 0.00063797058 | F58: =F28*(1-F$72)+F43*F$72 -> 0.00053262849 | G58: =G28*(1-G$72)+G43*G$72 -> 0.061325137 | H58: =H28*(1-H$72)+H43*H$72 -> 0.0042841693 | I58: =I28*(1-I$72)+I43*I$72 -> 0.099628564 | ... L58: =L28*(1-L$72)+L43*L$72 -> 0.029607486
A59: Soy cake | B59: =B29*(1-B$72)+B44*B$72 -> 0.10602253 | C59: =C29*(1-C$72)+C44*C$72 -> 0.059204115 | D59: =D29*(1-D$72)+D44*D$72 -> 0.098444949 | E59: =E29*(1-E$72)+E44*E$72 -> 0.11241453 | F59: =F29*(1-F$72)+F44*F$72 -> 0.10156185 | G59: =G29*(1-G$72)+G44*G$72 -> 0.11669629 | H59: =H29*(1-H$72)+H44*H$72 -> 0.1057712 | I59: =I29*(1-I$72)+I44*I$72 -> 0.12866542 | ... L59: =L29*(1-L$72)+L44*L$72 -> 0.0387079
A60: By-products | B60: =B30*(1-B$72)+B45*B$72 -> 0.020689297 | C60: =C30*(1-C$72)+C45*C$72 -> 0.13544081 | D60: =D30*(1-D$72)+D45*D$72 -> 0.059385538 | E60: =E30*(1-E$72)+E45*E$72 -> 0.20877996 | F60: =F30*(1-F$72)+F45*F$72 -> 0.09506217 | G60: =G30*(1-G$72)+G45*G$72 -> 0.1152566 | H60: =H30*(1-H$72)+H45*H$72 -> 0.11165862 | I60: =I30*(1-I$72)+I45*I$72 -> 0.01401863 | ... L60: =L30*(1-L$72)+L45*L$72 -> 0.11190565
A61: Other | B61: =B31*(1-B$72)+B46*B$72 -> 0.042856403 | C61: =C31*(1-C$72)+C46*C$72 -> 0.082644311 | D61: =D31*(1-D$72)+D46*D$72 -> 0.020815237 | E61: =E31*(1-E$72)+E46*E$72 -> 0.22482226 | F61: =F31*(1-F$72)+F46*F$72 -> 0.098889396 | G61: =G31*(1-G$72)+G46*G$72 -> 0.13289985 | H61: =H31*(1-H$72)+H46*H$72 -> 0.10611247 | I61: =I31*(1-I$72)+I46*I$72 -> 0.055693037 | ... L61: =L31*(1-L$72)+L46*L$72 -> 0.093875936
A63: Cereals | B63: =SUM(B51:B55) -> 0.78604137 | C63: =SUM(C51:C55) -> 0.65699841 | D63: =SUM(D51:D55) -> 0.71689096 | E63: =SUM(E51:E55) -> 0.45218644 | F63: =SUM(F51:F55) -> 0.70150755 | G63: =SUM(G51:G55) -> 0.57155146 | H63: =SUM(H51:H55) -> 0.66713171 | I63: =SUM(I51:I55) -> 0.70199435 | ... L63: =SUM(L51:L55) -> 0.66461961
A65: Feed requirement | N65: Source: | O65: Comment:
A66: Sows, kg per year | B66: =$L$66*'Mortality & FCR'!B21 -> 1360 | C66: =$L$66*'Mortality & FCR'!C21 -> 1400 | D66: =$L$66*'Mortality & FCR'!D21 -> 1440 | E66: =$L$66*'Mortality & FCR'!E21 -> 1420 | F66: =$L$66*'Mortality & FCR'!F21 -> 1420 | G66: =$L$66*'Mortality & FCR'!G21 -> 1440 | H66: =$L$66*'Mortality & FCR'!H21 -> 1880 | I66: =$L$66*'Mortality & FCR'!I21 -> 1400 | ... K66: =$L$66*'Mortality & FCR'!K21 -> 1420 | L66: 1400 | N66: Zira et al. 2023, Table 2 for Sweden, adjusted for other countries based on data in the international report (see tab Mortality & FCR)
A67: Recruitment sows, kg per animal | B67: =$L$67*'Mortality & FCR'!B21 -> 699.42857 | C67: =$L$67*'Mortality & FCR'!C21 -> 720 | D67: =$L$67*'Mortality & FCR'!D21 -> 740.57143 | E67: =$L$67*'Mortality & FCR'!E21 -> 730.28571 | F67: =$L$67*'Mortality & FCR'!F21 -> 730.28571 | G67: =$L$67*'Mortality & FCR'!G21 -> 740.57143 | H67: =$L$67*'Mortality & FCR'!H21 -> 966.85714 | I67: =$L$67*'Mortality & FCR'!I21 -> 720 | ... K67: =$L$67*'Mortality & FCR'!K21 -> 730.28571 | L67: 720 | N67: Zira et al. 2023, Table 2 for Sweden, adjusted for other countries based on data in the international report (see tab Mortality & FCR)
A68: Boars, kg per year | B68: =$L$68*'Mortality & FCR'!B21 -> 699.42857 | C68: =$L$68*'Mortality & FCR'!C21 -> 720 | D68: =$L$68*'Mortality & FCR'!D21 -> 740.57143 | E68: =$L$68*'Mortality & FCR'!E21 -> 730.28571 | F68: =$L$68*'Mortality & FCR'!F21 -> 730.28571 | G68: =$L$68*'Mortality & FCR'!G21 -> 740.57143 | H68: =$L$68*'Mortality & FCR'!H21 -> 966.85714 | I68: =$L$68*'Mortality & FCR'!I21 -> 720 | ... K68: =$L$68*'Mortality & FCR'!K21 -> 730.28571 | L68: 720 | N68: Zira et al. 2023, Table 2 for Sweden, adjusted for other countries based on data in the international report (see tab Mortality & FCR)
A69: Fattening pigs, kg per animal | B69: =$L$69*'Mortality & FCR'!B21 -> 252.57143 | C69: =$L$69*'Mortality & FCR'!C21 -> 260 | D69: =$L$69*'Mortality & FCR'!D21 -> 267.42857 | E69: =$L$69*'Mortality & FCR'!E21 -> 263.71429 | F69: =$L$69*'Mortality & FCR'!F21 -> 263.71429 | G69: =$L$69*'Mortality & FCR'!G21 -> 267.42857 | H69: =$L$69*'Mortality & FCR'!H21 -> 349.14286 | I69: =$L$69*'Mortality & FCR'!I21 -> 260 | ... K69: =$L$69*'Mortality & FCR'!K21 -> 263.71429 | L69: 260 | N69: Zira et al. 2023, Table 2 for Sweden, adjusted for other countries based on data in the international report (see tab Mortality & FCR)
A70: Piglets, kg per animal | B70: =$L$70*'Mortality & FCR'!B21 -> 34 | C70: =$L$70*'Mortality & FCR'!C21 -> 35 | D70: =$L$70*'Mortality & FCR'!D21 -> 36 | E70: =$L$70*'Mortality & FCR'!E21 -> 35.5 | F70: =$L$70*'Mortality & FCR'!F21 -> 35.5 | G70: =$L$70*'Mortality & FCR'!G21 -> 36 | H70: =$L$70*'Mortality & FCR'!H21 -> 47 | I70: =$L$70*'Mortality & FCR'!I21 -> 35 | ... K70: =$L$70*'Mortality & FCR'!K21 -> 35.5 | L70: 35 | N70: Zira et al. 2023, Table 2 for Sweden, adjusted for other countries based on data in the international report (see tab Mortality & FCR)
A71: Feed conversion, kg per kg bonefree including parents and losses | B71: =SUMPRODUCT(Production!B5:B9,B66:B70)/Production!B35 -> 6.2157942 | C71: =SUMPRODUCT(Production!C5:C9,C66:C70)/Production!C35 -> 6.4994435 | D71: =SUMPRODUCT(Production!D5:D9,D66:D70)/Production!D35 -> 6.6136853 | E71: =SUMPRODUCT(Production!E5:E9,E66:E70)/Production!E35 -> 6.5534019 | F71: =SUMPRODUCT(Production!F5:F9,F66:F70)/Production!F35 -> 6.5077774 | G71: =SUMPRODUCT(Production!G5:G9,G66:G70)/Production!G35 -> 6.613038 | H71: =SUMPRODUCT(Production!H5:H9,H66:H70)/Production!H35 -> 6.9280219 | I71: =SUMPRODUCT(Production!I5:I9,I66:I70)/Production!I35 -> 6.3419356 | ... L71: =SUMPRODUCT(Production!L5:L9,L66:L70)/Production!L35 -> 6.443875
A72: Share fattening pigs | B72: =Production!B8*B69/Production!B35/FCR_bonefree_incl_parents_DK -> 0.73832503 | C72: =Production!C8*C69/Production!C35/FCR_bonefree_incl_parents_DK -> 0.7578118 | D72: =Production!D8*D69/Production!D35/FCR_bonefree_incl_parents_DK -> 0.77157387 | E72: =Production!E8*E69/Production!E35/FCR_bonefree_incl_parents_DK -> 0.76217598 | F72: =Production!F8*F69/Production!F35/FCR_bonefree_incl_parents_DK -> 0.76364216 | G72: =Production!G8*G69/Production!G35/FCR_bonefree_incl_parents_DK -> 0.76881532 | H72: =Production!H8*H69/Production!H35/FCR_bonefree_incl_parents_DK -> 0.78093013 | I72: =Production!I8*I69/Production!I35/FCR_bonefree_incl_parents_DK -> 0.74824982 | ... L72: =Production!L8*L69/Production!L35/FCR_bonefree_incl_parents_DK -> 0.74152426
A74: Enteric fermentation
A75: Methane enteric fermentation, kg CH4 per animal and year | B75: 1.5 | C75: 1.5 | D75: 1.5 | E75: 1.5 | F75: 1.5 | G75: 1.5 | H75: 1.5 | I75: 1.5 | J75: 1.5 | K75: 1.5 | L75: 1.5
A77: Energy use in stables
A78: Energy use per fattening pig, kWh per animal | B78: 0.4 | C78: 0.4 | D78: 0.4 | E78: 0.4 | F78: 0.4 | G78: 0.4 | H78: 0.4 | I78: 0.4 | J78: 0.4 | K78: 0.4 | L78: 0.4 | N78: Landquist et al. 2020, p.11
A79: Energy use per piglet, kWh per animal | B79: 50 | C79: 50 | D79: 50 | E79: 50 | F79: 50 | G79: 50 | H79: 50 | I79: 50 | J79: 50 | K79: 50 | L79: 50 | N79: Landquist et al. 2020, p.11
A80: Total energy use, kWh per kg bonefree meat&offal | B80: =(No_fattening_pigs_DK*B78+No_piglets_DK*B79)/Production!B25 -> 0.95473434 | C80: =(No_fattening_pigs_FR*C78+No_piglets_FR*C79)/Production!C25 -> 0.95374031 | D80: =(No_fattening_pigs_DE*D78+No_piglets_DE*D79)/Production!D25 -> 0.94403522 | E80: =(No_fattening_pigs_GR*E78+No_piglets_GR*E79)/Production!E25 -> 0.94597193 | F80: =(No_fattening_pigs_HU*F78+No_piglets_HU*F79)/Production!F25 -> 0.94692455 | G80: =(No_fattening_pigs_IE*G78+No_piglets_IE*G79)/Production!G25 -> 0.94099901 | H80: =(No_fattening_pigs_IT*H78+No_piglets_IT*H79)/Production!H25 -> 0.73466651 | I80: =(No_fattening_pigs_NL*I78+No_piglets_NL*I79)/Production!I25 -> 0.94057194 | J80: =(No_fattening_pigs_PL*J78+No_piglets_PL*J79)/Production!J25 -> 0.94597193 | K80: =(No_fattening_pigs_ES*K78+No_piglets_ES*K79)/Production!K25 -> 0.95926608 | L80: =(No_fattening_pigs_SE*L78+No_piglets_SE*L79)/Production!L25 -> 0.93452041
A81: Share non electricity | B81: 0.7 | C81: 0.7 | D81: 0.7 | E81: 0.7 | F81: 0.7 | G81: 0.7 | H81: 0.7 | I81: 0.7 | J81: 0.7 | K81: 0.7 | L81: 0.7 | N81: Approximated from Table 6 in Landquist et al. 2020
A82: Share biofuels for non-electricity | B82: 0.6 | C82: 0.6 | D82: 0.6 | E82: 0.6 | F82: 0.6 | G82: 0.6 | H82: 0.6 | I82: 0.6 | J82: 0.6 | K82: 0.6 | L82: 0.6 | N82: Approximated from Table 6 in Landquist et al. 2020
A84: Energy use at slaughter
A85: Electricity, kWh/kg CW | B85: 0.8 | C85: 0.8 | D85: 0.8 | E85: 0.8 | F85: 0.8 | G85: 0.8 | H85: 0.8 | I85: 0.8 | J85: 0.8 | K85: 0.8 | L85: 0.8 | N85: Edström et al. 2005, retrieved from Moberg et al. 2019
A86: Heating oil, kWh/kg CW | B86: 0.32 | C86: 0.32 | D86: 0.32 | E86: 0.32 | F86: 0.32 | G86: 0.32 | H86: 0.32 | I86: 0.32 | J86: 0.32 | K86: 0.32 | L86: 0.32
A88: Emission factors electricity
A89: Electricity, kg CO2e/kWh | B89: =SUMPRODUCT(B90:B92,'Parameters, general'!$B$13:$B$15) -> 0.38627677 | C89: =SUMPRODUCT(C90:C92,'Parameters, general'!$B$13:$B$15) -> 0.095381405 | D89: =SUMPRODUCT(D90:D92,'Parameters, general'!$B$13:$B$15) -> 0.4904855 | E89: =SUMPRODUCT(E90:E92,'Parameters, general'!$B$13:$B$15) -> 0.678416 | F89: =SUMPRODUCT(F90:F92,'Parameters, general'!$B$13:$B$15) -> 0.47045713 | G89: =SUMPRODUCT(G90:G92,'Parameters, general'!$B$13:$B$15) -> 0.40484566 | H89: =SUMPRODUCT(H90:H92,'Parameters, general'!$B$13:$B$15) -> 0.42738626 | I89: =SUMPRODUCT(I90:I92,'Parameters, general'!$B$13:$B$15) -> 0.52657782 | ... L89: =SUMPRODUCT(L90:L92,'Parameters, general'!$B$13:$B$15) -> 0.091599695 | N89: ecoinvent; market for electricity, low voltage
A90: Electricity, kg CO2/kWh | B90: 0.37053204 | C90: 0.087112695 | D90: 0.4635034 | E90: 0.63996298 | F90: 0.43715185 | G90: 0.39187201 | H90: 0.37797633 | I90: 0.49673189 | J90: 0.97545106 | K90: 0.26811508 | L90: 0.08845034
A91: Electricity, kg CH4/kWh | B91: 0.00051107442 | C91: 0.00027007621 | D91: 0.00088663107 | E91: 0.0012704162 | F91: 0.00110375 | G91: 0.00042231405 | H91: 0.0016431484 | I91: 0.00098347245 | J91: 0.0018794008 | K91: 0.00082878482 | L91: 9.8278549e-05
A92: Electricity, kg N2O/kWh | B92: 1.9063664e-05 | C92: 8.1643941e-06 | D92: 2.0759e-05 | E92: 2.2022764e-05 | F92: 1.5316174e-05 | G92: 1.4396031e-05 | H92: 1.6448396e-05 | I92: 1.9942432e-05 | J92: 1.7600493e-05 | K92: 1.2138092e-05 | L92: 8.1724008e-06
A94: Emission factors changes in SOC and LUC
A95: Soil carbon loss, kg CO2e/feed | B95: 0.19 | C95: 0.19 | D95: 0.19 | E95: 0.19 | F95: 0.19 | G95: 0.19 | H95: 0.19 | I95: 0.19 | J95: 0.19 | K95: 0.19 | L95: 0.19 | N95: Moberg et al. 2019
A97: Emission from the production of mineral fertilisers (kg)
A98: Fraction BAT | B98: 0.6 | C98: 0.3 | D98: 0.3 | E98: 0.3 | F98: 0.3 | G98: 0.3 | H98: 0.3 | I98: 0.3 | J98: 0.3 | K98: 0.3 | L98: 0.6 | N98: Moberg et al. 2019
A99: Fraction AN | B99: 0.4 | C99: 0.7 | D99: 0.7 | E99: 0.7 | F99: 0.7 | G99: 0.7 | H99: 0.7 | I99: 0.7 | J99: 0.7 | K99: 0.7 | L99: 0.4
A101: Emission factors N2O from soil
A102: Direct emissions from mineral fertiliser | B102: 0.016 | C102: 0.016 | D102: 0.016 | E102: 0.016 | F102: 0.016 | G102: 0.016 | H102: 0.016 | I102: 0.016 | J102: 0.016 | K102: 0.016 | L102: 0.016
A103: Direct emissions from manure | B103: 0.006 | C103: 0.006 | D103: 0.006 | E103: 0.006 | F103: 0.006 | G103: 0.006 | H103: 0.006 | I103: 0.006 | J103: 0.006 | K103: 0.006 | L103: 0.006
A104: Difference in emission factor min. fert - manure | B104: =B102-B103 -> 0.01 | C104: =C102-C103 -> 0.01 | D104: =D102-D103 -> 0.01 | E104: =E102-E103 -> 0.01 | F104: =F102-F103 -> 0.01 | G104: =G102-G103 -> 0.01 | H104: =H102-H103 -> 0.01 | I104: =I102-I103 -> 0.01 | ... L104: =L102-L103 -> 0.01
A105: Indirect emissions, share of direct emissions | B105: 0.1 | C105: 0.1 | D105: 0.1 | E105: 0.1 | F105: 0.1 | G105: 0.1 | H105: 0.1 | I105: 0.1 | J105: 0.1 | K105: 0.1 | L105: 0.1
A107: Manure replacement factor
A108: Manure replacement factor | B108: 0.5 | C108: 0.5 | D108: 0.5 | E108: 0.5 | F108: 0.5 | G108: 0.5 | H108: 0.5 | I108: 0.5 | J108: 0.5 | K108: 0.5 | L108: 0.5 | N108: Based on växttillgängligt kväve
A110: Water use
A111: Drinking, l per animal, per day | B111: 13 | C111: 13 | D111: 13 | E111: 13 | F111: 13 | G111: 13 | H111: 13 | I111: 13 | J111: 13 | K111: 13 | L111: 13 | N111: Mekonnen and Hoekstra (2012)
A112: Service, l per animal, per day | B112: 48 | C112: 48 | D112: 48 | E112: 48 | F112: 48 | G112: 48 | H112: 48 | I112: 48 | J112: 48 | K112: 48 | L112: 48
A113: Total water use drinking and service, m3 per kg of bonefree meat | B113: =(SUM(Production!B37:B38)*SUM('Parameters, country spec'!B111:B112)*365+Production!B39/2*SUM('Parameters, country spec'!B111:B112)*365)/1000 -> 0.22208077 | C113: =(SUM(Production!C37:C38)*SUM('Parameters, country spec'!C111:C112)*365+Production!C39/2*SUM('Parameters, country spec'!C111:C112)*365)/1000 -> 0.22371007 | D113: =(SUM(Production!D37:D38)*SUM('Parameters, country spec'!D111:D112)*365+Production!D39/2*SUM('Parameters, country spec'!D111:D112)*365)/1000 -> 0.22137543 | E113: =(SUM(Production!E37:E38)*SUM('Parameters, country spec'!E111:E112)*365+Production!E39/2*SUM('Parameters, country spec'!E111:E112)*365)/1000 -> 0.22214015 | F113: =(SUM(Production!F37:F38)*SUM('Parameters, country spec'!F111:F112)*365+Production!F39/2*SUM('Parameters, country spec'!F111:F112)*365)/1000 -> 0.22147272 | G113: =(SUM(Production!G37:G38)*SUM('Parameters, country spec'!G111:G112)*365+Production!G39/2*SUM('Parameters, country spec'!G111:G112)*365)/1000 -> 0.22101032 | H113: =(SUM(Production!H37:H38)*SUM('Parameters, country spec'!H111:H112)*365+Production!H39/2*SUM('Parameters, country spec'!H111:H112)*365)/1000 -> 0.1749451 | I113: =(SUM(Production!I37:I38)*SUM('Parameters, country spec'!I111:I112)*365+Production!I39/2*SUM('Parameters, country spec'!I111:I112)*365)/1000 -> 0.21944766 | ... L113: =(SUM(Production!L37:L38)*SUM('Parameters, country spec'!L111:L112)*365+Production!L39/2*SUM('Parameters, country spec'!L111:L112)*365)/1000 -> 0.22050602
A115: Labour requirements
A116: Labour requirements, h tot in production | B116: =No_sows_DK*11.48+No_recruit_sows_DK*1.025+No_boars_DK*1.025+No_fattening_pigs_DK*1.025+No_piglets_DK*0.082 -> 47.433155 | C116: =No_sows_FR*17.36+No_recruit_sows_FR*1.55+No_boars_FR*1.55+No_fattening_pigs_FR*1.55+No_piglets_FR*0.124 -> 66.195665 | D116: =No_sows_DE*19.6+No_recruit_sows_DE*1.75+No_boars_DE*1.75+No_fattening_pigs_DE*1.75+No_piglets_DE*0.14 -> 74.911886 | E116: =No_sows_GR*12.88+No_recruit_sows_GR*1.15+No_boars_GR*1.15+No_fattening_pigs_GR*1.15+No_piglets_GR*0.092 -> 48.614361 | F116: =No_sows_HU*56.28+No_recruit_sows_HU*5.025+No_boars_HU*5.025+No_fattening_pigs_HU*5.025+No_piglets_HU*0.402 -> 220.36814 | G116: =No_sows_IE*37.52+No_recruit_sows_IE*3.35+No_boars_IE*3.35+No_fattening_pigs_IE*3.35+No_piglets_IE*0.268 -> 141.39728 | H116: =No_sows_IT*18.2+No_recruit_sows_IT*1.625+No_boars_IT*1.625+No_fattening_pigs_IT*1.625+No_piglets_IT*0.13 -> 61.257577 | I116: =No_sows_NL*23.52+No_recruit_sows_NL*2.1+No_boars_NL*2.1+No_fattening_pigs_NL*2.1+No_piglets_NL*0.168 -> 94.285198 | J116: =No_sows_PL*59.36+No_recruit_sows_PL*5.3+No_boars_PL*5.3+No_fattening_pigs_PL*5.3+No_piglets_PL*0.424 -> 224.04879 | K116: =No_sows_ES*5.6+No_recruit_sows_ES*0.5+No_boars_ES*0.5+No_fattening_pigs_ES*0.5+No_piglets_ES*0.04 -> 19.72562 | L116: =No_sows_SE*11.48+No_recruit_sows_SE*1.025+No_boars_SE*1.025+No_fattening_pigs_SE*1.025+No_piglets_SE*0.082 -> 41.58023
A119: * approx with Greece

Sheet Mortality & FCR
A2: Mortality | B2: Source: Gård&Djurhälsan, 2022, Table 2
B4: DK | C4: FR | D4: DE | E4: GR | F4: HU | G4: IE | H4: IT | I4: NL | J4: PL | K4: ES | L4: SE
B5: Denmark | C5: France | D5: Germany | E5: Greece* | F5: Hungary | G5: Ireland | H5: Italy | I5: Netherlands | J5: Poland* | K5: Spain | L5: Sweden
A6: Born | B6: 40.1 | C6: 35.3 | D6: 35.7 | E6: =AVERAGE(B6:D6,F6:I6,K6:L6) -> 34.577778 | F6: 34.8 | G6: 33.3 | H6: 29.4 | I6: 36.5 | J6: =AVERAGE(B6:D6,F6:I6,K6:L6) -> 34.577778 | K6: 32.6 | L6: 33.5
A7: Weaned | B7: 34 | C7: 30.1 | D7: 30.2 | E7: =AVERAGE(B7:D7,F7:L7) -> 29.866667 | F7: 30.9 | G7: 29.6 | H7: 26.1 | I7: 32.1 | J7: =AVERAGE(B7:D7,F7:I7,K7:L7) -> 29.866667 | K7: 27.9 | L7: 27.9
A8: Mortality weaning | B8: =(B6-B7)/B6*100 -> 15.21197 | C8: =(C6-C7)/C6*100 -> 14.730878 | D8: =(D6-D7)/D6*100 -> 15.406162 | E8: =(E6-E7)/E6*100 -> 13.624679 | F8: =(F6-F7)/F6*100 -> 11.206897 | G8: =(G6-G7)/G6*100 -> 11.111111 | H8: =(H6-H7)/H6*100 -> 11.22449 | I8: =(I6-I7)/I6*100 -> 12.054795 | ... L8: =(L6-L7)/L6*100 -> 16.716418
A9: Sold | B9: 32.7 | C9: 29.3 | D9: 29.4 | E9: =AVERAGE(B9:D9,F9:L9) -> 28.911111 | F9: 30.3 | G9: 28.8 | H9: 24.7 | I9: 31.3 | J9: =AVERAGE(B9:D9,F9:I9,K9:L9) -> 28.911111 | K9: 26.4 | L9: 27.3
A10: Mortality piglet growth phase | B10: =(B7-B9)/B7*100 -> 3.8235294 | C10: =(C7-C9)/C7*100 -> 2.6578073 | D10: =(D7-D9)/D7*100 -> 2.6490066 | E10: =(E7-E9)/E7*100 -> 3.1994048 | F10: =(F7-F9)/F7*100 -> 1.9417476 | G10: =(G7-G9)/G7*100 -> 2.7027027 | H10: =(H7-H9)/H7*100 -> 5.3639847 | I10: =(I7-I9)/I7*100 -> 2.4922118 | ... L10: =(L7-L9)/L7*100 -> 2.1505376
A11: Slaughtered | B11: 31.5 | C11: 28.2 | D11: 28.6 | E11: =AVERAGE(B11:D11,F11:L11) -> 28.055556 | F11: 29.4 | G11: 28.1 | H11: 24.1 | I11: 30.6 | J11: =AVERAGE(B11:D11,F11:I11,K11:L11) -> 28.055556 | K11: 25.2 | L11: 26.8
A12: Mortality slaughtering/fattening pigs | B12: =(B9-B11)/B9*100 -> 3.6697248 | C12: =(C9-C11)/C9*100 -> 3.7542662 | D12: =(D9-D11)/D9*100 -> 2.7210884 | E12: =(E9-E11)/E9*100 -> 2.9592621 | F12: =(F9-F11)/F9*100 -> 2.970297 | G12: =(G9-G11)/G9*100 -> 2.4305556 | H12: =(H9-H11)/H9*100 -> 2.4291498 | I12: =(I9-I11)/I9*100 -> 2.2364217 | ... L12: =(L9-L11)/L9*100 -> 1.8315018
A14: * Missing data, used average of other countries
A16: FCR | B16: Source: Gård&Djurhälsan, 2022, Figur 15
B18: DK | C18: FR | D18: DE | E18: GR | F18: HU | G18: IE | H18: IT | I18: NL | J18: PL | K18: ES | L18: SE
B19: Denmark | C19: France | D19: Germany | E19: Greece* | F19: Hungary * | G19: Ireland | H19: Italy | I19: Netherlands | J19: Poland* | K19: Spain* | L19: Sweden
A20: MJ OE per kg of growth | B20: 34 | C20: 35 | D20: 36 | E20: 35.5 | F20: 35.5 | G20: 36 | H20: 47 | I20: 35 | J20: 35.5 | K20: 35.5 | L20: 35
A21: Adjustment factor from Sweden | B21: =B20/$L$20 -> 0.97142857 | C21: =C20/$L$20 -> 1 | D21: =D20/$L$20 -> 1.0285714 | E21: =E20/$L$20 -> 1.0142857 | F21: =F20/$L$20 -> 1.0142857 | G21: =G20/$L$20 -> 1.0285714 | H21: =H20/$L$20 -> 1.3428571 | I21: =I20/$L$20 -> 1 | ... L21: =L20/$L$20 -> 1
A23: * Missing data, used 35.5 for these

Sheet Manure
A2: Manure emissions
B3: DK | F3: FR | J3: DE | N3: GR | R3: HU | V3: IE | Z3: IT | AD3: NL | AH3: PL | AL3: ES | AP3: SE
B4: Denmark | F4: France | J4: Germany | N4: Greece | R4: Hungary | V4: Ireland | Z4: Italy | AD4: Netherlands | AH4: Poland | AL4: Spain | AP4: Sweden | AU4: Sources: | AW4: Denmark | AX4: France | AY4: Germany | AZ4: Greece | BA4: Hungary | BB4: Ireland | BC4: Italy | BD4: Netherlands | BE4: Poland | BF4: Spain | BG4: Sweden
B5: Sows | C5: Boars | D5: Fattening pigs | E5: Piglets | F5: Sows | G5: Boars | H5: Fattening pigs | I5: Piglets | J5: Sows | K5: Boars | L5: Fattening pigs | M5: Piglets | N5: Sows | O5: Boars | P5: Fattening pigs | Q5: Piglets | R5: Sows | S5: Boars | T5: Fattening pigs | U5: Piglets | V5: Sows | W5: Boars | X5: Fattening pigs | Y5: Piglets | Z5: Sows | AA5: Boars | AB5: Fattening pigs | AC5: Piglets | AD5: Sows | AE5: Boars | AF5: Fattening pigs | AG5: Piglets | AH5: Sows | AI5: Boars | AJ5: Fattening pigs | AK5: Piglets | AL5: Sows | AM5: Boars | AN5: Fattening pigs | AO5: Piglets | AP5: Sows | AQ5: Boars | AR5: Fattening pigs | AS5: Piglets | AW5: NIR 2023, table 5.37. Only shares for liquid, solid and other (deep litter) were considered and adjusted to 100% | AX5: CRF 2023, Table 3B(a)s2 Allocation. Only shares for liquid, solid and other (deep litter) were considered and adjusted to 100% | AY5: CRF 2023, Table 3B(a)s2 Allocation. Only shares for liquid, solid and other (deep litter) were considered and adjusted to 100% | AZ5: NIR 2023 Table 5.15 | BA5: CRF 2023, Table 3B(a)s2 Allocation. Only shares for liquid, solid and other (deep litter) were considered and adjusted to 100% | BB5: NIR 2023, p. 137: ''All swine manure is in pit storage systems'' Assumed to be liquid | BC5: CRF 2023, Table 3B(a)s2 Allocation. Only shares for liquid, solid and other (deep litter) were considered and adjusted to 100% | BD5: CRF 2023, Table 3B(a)s2 Allocation. Only shares for liquid, solid and other (deep litter) were considered and adjusted to 100% | BE5: NIR 2023, table 5.3.2. | BF5: CRF 2023, Table 3B(a)s2 Allocation, White Swine. Only shares for liquid, solid and other (deep litter) were considered and adjusted to 100% | BG5: Landquist et al. 2020, p. 12
A6: Share solid | B6: 0.0011075424 | C6: 0.0011075424 | D6: 0.0011075424 | E6: 0.0011075424 | F6: 0.062283737 | G6: 0.062283737 | H6: 0.062283737 | I6: 0.062283737 | J6: 0.035847021 | K6: 0.035847021 | L6: 0.035847021 | M6: 0.035847021 | N6: 0.1 | O6: 0.1 | P6: 0.1 | Q6: 0.1 | R6: 0.21731047 | S6: 0.21731047 | T6: 0.21731047 | U6: 0.21731047 | V6: 0 | W6: 0 | X6: 0 | Y6: 0 | Z6: 0 | AA6: 0 | AB6: 0 | AC6: 0 | AD6: 0.006763285 | AE6: 0.2 | AF6: 0 | AG6: 0.2 | AH6: 0.757 | AI6: 0.757 | AJ6: 0.757 | AK6: 0.757 | AL6: 0.040151593 | AM6: 0.040151593 | AN6: 0.040151593 | AO6: 0.040151593 | AP6: 0.2 | AQ6: 0.2 | AR6: 0 | AS6: 0.2 | AW6: NIR 2023, table 5.37. Only shares for liquid, solid and other (deep litter) were considered and adjusted to 100% | AX6: CRF 2023, Table 3B(a)s2 Allocation. Only shares for liquid, solid and other (deep litter) were considered and adjusted to 100% | AY6: CRF 2023, Table 3B(a)s2 Allocation. Only shares for liquid, solid and other (deep litter) were considered and adjusted to 100% | AZ6: NIR 2023 Table 5.15 | BA6: CRF 2023, Table 3B(a)s2 Allocation. Only shares for liquid, solid and other (deep litter) were considered and adjusted to 100% | BB6: NIR 2023, p. 137: ''All swine manure is in pit storage systems'' Assumed to be liquid | BC6: CRF 2023, Table 3B(a)s2 Allocation. Only shares for liquid, solid and other (deep litter) were considered and adjusted to 100% | BD6: CRF 2023, Table 3B(a)s2 Allocation. Only shares for liquid, solid and other (deep litter) were considered and adjusted to 100% | BF6: CRF 2023, Table 3B(a)s2 Allocation, White Swine. Only shares for liquid, solid and other (deep litter) were considered and adjusted to 100%
A7: Share liquid | B7: 0.9634511 | C7: 0.9634511 | D7: 0.9634511 | E7: 0.9634511 | F7: 0.93771626 | G7: 0.93771626 | H7: 0.93771626 | I7: 0.93771626 | J7: 0.9488071 | K7: 0.9488071 | L7: 0.9488071 | M7: 0.9488071 | N7: 0.9 | O7: 0.9 | P7: 0.9 | Q7: 0.9 | R7: 0.69086966 | S7: 0.69086966 | T7: 0.69086966 | U7: 0.69086966 | V7: 1 | W7: 1 | X7: 1 | Y7: 1 | Z7: 1 | AA7: 1 | AB7: 1 | AC7: 1 | AD7: 0.5102657 | AE7: 0.63 | AF7: 1 | AG7: 0.63 | AH7: 0.243 | AI7: 0.243 | AJ7: 0.243 | AK7: 0.243 | AL7: 0.23722217 | AM7: 0.23722217 | AN7: 0.23722217 | AO7: 0.23722217 | AP7: 0.63 | AQ7: 0.63 | AR7: 1 | AS7: 0.63 | AW7: NIR 2023, table 5.37. Only shares for liquid, solid and other (deep litter) were considered and adjusted to 100% | AX7: CRF 2023, Table 3B(a)s2 Allocation. Only shares for liquid, solid and other (deep litter) were considered and adjusted to 100% | AY7: CRF 2023, Table 3B(a)s2 Allocation. Only shares for liquid, solid and other (deep litter) were considered and adjusted to 100% | AZ7: NIR 2023 Table 5.15 | BA7: CRF 2023, Table 3B(a)s2 Allocation. Only shares for liquid, solid and other (deep litter) were considered and adjusted to 100% | BB7: NIR 2023, p. 137: ''All swine manure is in pit storage systems'' Assumed to be liquid | BC7: CRF 2023, Table 3B(a)s2 Allocation. Only shares for liquid, solid and other (deep litter) were considered and adjusted to 100% | BD7: CRF 2023, Table 3B(a)s2 Allocation. Only shares for liquid, solid and other (deep litter) were considered and adjusted to 100% | BF7: CRF 2023, Table 3B(a)s2 Allocation, White Swine. Only shares for liquid, solid and other (deep litter) were considered and adjusted to 100%
A8: Share deep litter | B8: 0.035441356 | C8: 0.035441356 | D8: 0.035441356 | E8: 0.035441356 | F8: 0 | G8: 0 | H8: 0 | I8: 0 | J8: 0.015345882 | K8: 0.015345882 | L8: 0.015345882 | M8: 0.015345882 | N8: 0 | O8: 0 | P8: 0 | Q8: 0 | R8: 0.091819872 | S8: 0.091819872 | T8: 0.091819872 | U8: 0.091819872 | V8: 0 | W8: 0 | X8: 0 | Y8: 0 | Z8: 0 | AA8: 0 | AB8: 0 | AC8: 0 | AD8: 0.48297101 | AE8: =0.17 -> 0.17 | AF8: 0 | AG8: =0.17 -> 0.17 | AH8: 0 | AI8: 0 | AJ8: 0 | AK8: 0 | AL8: 0.72262624 | AM8: 0.72262624 | AN8: 0.72262624 | AO8: 0.72262624 | AP8: =0.17 -> 0.17 | AQ8: =0.17 -> 0.17 | AR8: 0 | AS8: =0.17 -> 0.17
A10: METHANE EMISSIONS
A11: Emission factors methane emissions
A12: MCF solid manure | B12: 0.02 | F12: 0.039097222 | J12: 0.03 | N12: 0.04 | R12: 0.02 | V12: 0.02 | AD12: 0.02 | AH12: 0.02 | AL12: 0.023608673 | AP12: 0.02 | AW12: CRF 2023, Table 3B(a)s2 MCF Cool | AX12: CRF 2023, Table 3B(a)s2 MCF. Only shares for liquid, solid and other (deep litter) were considered and adjusted to 100%. Weighted average between cool / temperate per type of manure | AY12: CRF 2023, Table 3B(a)s2 MCF. Only shares for liquid, solid and other (deep litter) were considered and adjusted to 100%. | AZ12: NIR 2023, p. 309 market swine | BA12: NIR 2023 Table 5.3.20 | BB12: IPCC Table 10.17, referred to in NIR 2023 | BC12: CRF 2023, Table 3B(a)s2 MCF. Weighted average of MCF for cool / temperate | BD12: CRF 2023, Table 3B(a)s2 MCF. Only shares for liquid, solid and other (deep litter) were considered and adjusted to 100% | BE12: NIR 2023 Table 5.3.7 | BF12: CRF 2023, Table 3B(a)s2 MCF. White Swine Only shares for liquid, solid and other (deep litter) were considered and adjusted to 100%. Weighted average between cool / temperate per type of manure | BG12: NIR 2022, Table 5.18
A13: MCF liquid manure | B13: 0.13975 | F13: 0.37723607 | J13: 0.2308 | N13: 0.55 | R13: 0.137 | V13: 0.035 | Z13: 0.2622027 | AD13: 0.36 | AH13: 0.1 | AL13: 0.19793532 | AP13: 0.035 | AW13: NIR 2023, Table 5.13 | AX13: CRF 2023, Table 3B(a)s2 MCF. Only shares for liquid, solid and other (deep litter) were considered and adjusted to 100%. Weighted average between cool / temperate per type of manure | AY13: CRF 2023, Table 3B(a)s2 MCF. Only shares for liquid, solid and other (deep litter) were considered and adjusted to 100%. | AZ13: NIR 2023, p. 309 market swine | BA13: NIR 2023 Table 5.3.21 | BB13: IPCC Table 10.17, referred to in NIR 2024 | BC13: CRF 2023, Table 3B(a)s2 MCF. Weighted average of MCF for cool / temperate | BD13: CRF 2023, Table 3B(a)s2 MCF. Only shares for liquid, solid and other (deep litter) were considered and adjusted to 100% | BE13: NIR 2023 Table 5.3.7. Right above table: ''Since 2019 100% of tanks with liquid slurry need to be covered'' | BF13: CRF 2023, Table 3B(a)s2 MCF. White Swine Only shares for liquid, solid and other (deep litter) were considered and adjusted to 100%. Weighted average between cool / temperate per type of manure | BG13: NIR 2022, Table 5.18
A14: MCF deep litter sows and boars | B14: 0.1796 | J14: 0.25 | N14: 0 | R14: 0.186 | V14: 0.17 | AD14: 0.02 | AL14: 0.16810533 | AP14: 0.17 | AW14: NIR 2023, Table 5.14 | AX14: CRF 2023, Table 3B(a)s2 MCF. Only shares for liquid, solid and other (deep litter) were considered and adjusted to 100%. Weighted average between cool / temperate per type of manure | AY14: CRF 2023, Table 3B(a)s2 MCF. Only shares for liquid, solid and other (deep litter) were considered and adjusted to 100%. | AZ14: NIR 2023, p. 309 market swine | BA14: NIR 2023 Table 5.3.22 | BB14: IPCC Table 10.17, referred to in NIR 2025 | BC14: CRF 2023, Table 3B(a)s2 MCF. Weighted average of MCF for cool / temperate | BD14: CRF 2023, Table 3B(a)s2 MCF. Only shares for liquid, solid and other (deep litter) were considered and adjusted to 100% | BE14: NIR 2023 Table 5.3.7. Right above table: ''Since 2019 100% of tanks with liquid slurry need to be covered'' | BF14: CRF 2023, Table 3B(a)s2 MCF. White Swine Only shares for liquid, solid and other (deep litter) were considered and adjusted to 100%. Weighted average between cool / temperate per type of manure | BG14: NIR 2022, Table 5.18
A15: MCF deep litter fattening pigs | B15: 0.137 | J15: 0.25 | N15: 0 | R15: 0.186 | V15: 0.17 | AD15: 0.02 | AL15: 0.16810533 | AP15: 0.17 | AW15: NIR 2023, Table 5.14 | AX15: CRF 2023, Table 3B(a)s2 MCF. Only shares for liquid, solid and other (deep litter) were considered and adjusted to 100%. Weighted average between cool / temperate per type of manure | AY15: CRF 2023, Table 3B(a)s2 MCF. Only shares for liquid, solid and other (deep litter) were considered and adjusted to 100%. | AZ15: NIR 2023, p. 309 market swine | BA15: NIR 2023 Table 5.3.23 | BB15: IPCC Table 10.17, referred to in NIR 2026 | BC15: CRF 2023, Table 3B(a)s2 MCF. Weighted average of MCF for cool / temperate | BD15: CRF 2023, Table 3B(a)s2 MCF. Only shares for liquid, solid and other (deep litter) were considered and adjusted to 100% | BE15: NIR 2023 Table 5.3.7. Right above table: ''Since 2019 100% of tanks with liquid slurry need to be covered'' | BF15: CRF 2023, Table 3B(a)s2 MCF. White Swine Only shares for liquid, solid and other (deep litter) were considered and adjusted to 100%. Weighted average between cool / temperate per type of manure | BG15: NIR 2022, Table 5.18
A16: MCF deep litter piglets | B16: 0.0823 | J16: 0.25 | N16: 0 | R16: 0.186 | V16: 0.17 | AD16: 0.02 | AL16: 0.16810533 | AP16: 0.17 | AW16: NIR 2023, Table 5.14 | AX16: CRF 2023, Table 3B(a)s2 MCF. Only shares for liquid, solid and other (deep litter) were considered and adjusted to 100%. Weighted average between cool / temperate per type of manure | AY16: CRF 2023, Table 3B(a)s2 MCF. Only shares for liquid, solid and other (deep litter) were considered and adjusted to 100%. | AZ16: NIR 2023, p. 309 market swine | BA16: NIR 2023 Table 5.3.24 | BB16: IPCC Table 10.17, referred to in NIR 2027 | BC16: CRF 2023, Table 3B(a)s2 MCF. Weighted average of MCF for cool / temperate | BD16: CRF 2023, Table 3B(a)s2 MCF. Only shares for liquid, solid and other (deep litter) were considered and adjusted to 100% | BE16: NIR 2023 Table 5.3.7. Right above table: ''Since 2019 100% of tanks with liquid slurry need to be covered'' | BF16: CRF 2023, Table 3B(a)s2 MCF. White Swine Only shares for liquid, solid and other (deep litter) were considered and adjusted to 100%. Weighted average between cool / temperate per type of manure | BG16: NIR 2022, Table 5.18
A17: Volatile solids (VS), fraction of manure | B17: 0.8 | F17: 0.87 | J17: 0.87 | N17: 0.87 | R17: 0.87 | V17: 0.87 | Z17: 0.87 | AD17: 0.87 | AH17: 0.87 | AL17: 0.87 | AP17: 0.87 | AW17: NIR 2023, p. 427 | AX17: approx sweden | AY17: approx sweden | AZ17: approx sweden | BA17: approx sweden | BB17: approx sweden | BC17: approx sweden | BD17: approx sweden | BE17: approx sweden | BF17: approx sweden | BG17: NIR 2022, Table 5.18
A18: Bo, m3 CH4/kg VS | B18: 0.45 | F18: 0.45 | J18: 0.3 | N18: 0.45 | R18: 0.45 | V18: 0.45 | Z18: 0.4 | AD18: 0.31 | AH18: 0.45 | AL18: 0.45 | AP18: 0.45 | AW18: NIR 2023, Table 5.11 | AX18: CRF 2023, Table 3B(a)s1 | AY18: CRF 2023, Table 3B(a)s1 | AZ18: NIR 2023, p. 309 market swine | BA18: IPCC 2006 Chp 10, table A-7, A-8 | BB18: IPCC 2019 Table 10.16 | BC18: NIR, 2023. Table 5.20 | BD18: CRF 2023, Table 3B(a)s1 | BE18: NIR 2023 Table 5.3.6 Breeding ´+ market swine | BF18: NIR 2023, Tabla 5.3.5. Porcino blanco | BG18: NIR 2022, Table 5.18
A20: Manure production, kg DM VS per day | B20: 0.47355127 | C20: 0.47355127 | D20: 0.09131365 | E20: 0.018482155 | F20: 0.19084727 | G20: 0.19084727 | H20: 0.19084727 | I20: 0.19084727 | J20: 0.33559 | K20: 0.33559 | L20: 0.33559 | M20: 0.33559 | N20: 0.69 | O20: 0.45 | P20: 0.37 | Q20: 0.044 | R20: 0.5 | S20: 0.5 | T20: 0.3 | U20: 0.3 | V20: 0.69 | W20: 0.45 | X20: 0.37 | Y20: 0.044 | Z20: 0.33 | AA20: 0.33 | AB20: 0.33 | AC20: 0.33 | AD20: 0.42 | AE20: 0.42 | AF20: 0.42 | AG20: 0.42 | AH20: 0.31 | AI20: 0.31 | AJ20: 0.31 | AK20: 0.31 | AL20: 0.37 | AM20: 0.37 | AN20: 0.37 | AO20: 0.37 | AP20: 0.69 | AQ20: 0.45 | AR20: 0.37 | AS20: 0.044 | AW20: NIR 2023, supporting annex 3D table 3D-14 | AX20: CRF 2023, Table 3B(a)s1 | AY20: CRF 2023, Table 3B(a)s1 | AZ20: approx sweden | BA20: IPCC 2006 Chp 10, table A-7, A-8 | BB20: approx sweden | BC20: NIR, 2023. Table 5.20 | BD20: CRF 2023, Table 3B(a)s1 | BE20: NIR 2023 Table 5.3.6 Breeding ´+ market swine | BF20: CRF 2023, Table 3B(a)s1 . White swine | BG20: NIR 2022, Table 5.16
B21: =B20*1.55*365 -> 267.91163 | F21: =F20*1.55*365 -> 107.97184 | J21: =J20*1.55*365 -> 189.86004 | N21: =N20*1.55*365 -> 390.3675 | R21: =R20*1.55*365 -> 282.875 | V21: =V20*1.55*365 -> 390.3675 | Z21: =Z20*1.55*365 -> 186.6975 | AD21: =AD20*1.55*365 -> 237.615 | AH21: =AH20*1.55*365 -> 175.3825 | AL21: =AL20*1.55*365 -> 209.3275 | AP21: =AP20*1.55*365 -> 390.3675 | AW21: För Spanien snarare approximera med Sverige?? Men blir hur som helst ingen större skillnad.
A22: Total amount of DM VS produced, kg per year
A23: Solid | B23: =(No_sows_DK+No_recruit_sows_DK)*B6*$B$20*365 -> 0.29672348 | C23: =No_boars_DK*C6*$C$20*365 -> 0.0023245917 | D23: =No_fattening_pigs_DK*D6*$D$20*Time_fattening_days_DK -> 0.35506478 | E23: =No_piglets_DK*E6*$ES$20*Time_piglet_system_DK -> 0 | F23: =(No_sows_FR+No_recruit_sows_FR)*F6*$F$20*365 -> 6.7248897 | G23: =No_boars_FR*G6*$G$20*365 -> 0.052684144 | H23: =No_fattening_pigs_FR*H6*$H$20*Time_fattening_days_FR -> 37.410919 | I23: =No_piglets_FR*I6*$I$20*Time_piglet_system_FR -> 24.264586 | J23: =(No_sows_DE+No_recruit_sows_DE)*J6*$J$20*365 -> 6.8059169 | K23: =No_boars_DE*K6*$K$20*365 -> 0.053318927 | L23: =No_fattening_pigs_DE*L6*$L$20*Time_fattening_days_DE -> 37.984096 | M23: =No_piglets_DE*M6*$M$20*Time_piglet_system_DE -> 24.634849 | N23: =(No_sows_GR+No_recruit_sows_GR)*N6*$N$20*365 -> 39.03675 | O23: =No_boars_GR*O6*$O$20*365 -> 0.19944899 | P23: =No_fattening_pigs_GR*P6*$P$20*Time_fattening_days_GR -> 114.81626 | Q23: =No_piglets_GR*Q6*$Q$20*Time_piglet_system_GR -> 8.8581981 | R23: =(No_sows_HU+No_recruit_sows_HU)*R6*$R$20*365 -> 61.4717 | S23: =No_boars_HU*S6*$S$20*365 -> 0.48158171 | T23: =No_fattening_pigs_HU*T6*$T$20*Time_fattening_days_HU -> 212.80149 | U23: =No_piglets_HU*U6*$U$20*Time_piglet_system_HU -> 137.92907 | V23: =(No_sows_IE+No_recruit_sows_IE)*V6*$V$20*365 -> 0 | W23: =No_boars_IE*W6*$W$20*365 -> 0 | X23: =No_fattening_pigs_IE*X6*$X$20*Time_fattening_days_IE -> 0 | Y23: =No_piglets_IE*Y6*$Y$20*Time_piglet_system_IE -> 0 | Z23: =(No_sows_IT+No_recruit_sows_IT)*Z6*$Z$20*365 -> 0 | AA23: =No_boars_IT*AA6*$AA$20*365 -> 0 | AB23: =No_fattening_pigs_IT*AB6*$AB$20*Time_fattening_days_IT -> 0 | AC23: =No_piglets_IT*AC6*$AC$20*Time_piglet_system_IT -> 0 | AD23: =(No_sows_NL+No_recruit_sows_NL)*AD6*$AD$20*365 -> 1.607058 | AE23: =No_boars_NL*AE6*$AE$20*365 -> 0.37230478 | AF23: =No_fattening_pigs_NL*AF6*$AF$20*Time_fattening_days_NL -> 0 | AG23: =No_piglets_NL*AG6*$AG$20*Time_piglet_system_NL -> 183.39921 | AH23: =(No_sows_PL+No_recruit_sows_PL)*AH6*$AH$20*365 -> 132.76455 | AI23: =No_boars_PL*AI6*$AI$20*365 -> 1.0401043 | AJ23: =No_fattening_pigs_PL*AJ6*$AJ$20*Time_fattening_days_PL -> 728.21438 | AK23: =No_piglets_PL*AK6*$AK$20*Time_piglet_system_PL -> 472.44395 | AL23: =(No_sows_ES+No_recruit_sows_ES)*AL6*$AL$20*365 -> 8.4048325 | AM23: =No_boars_ES*AM6*$AM$20*365 -> 0.065845155 | AN23: =No_fattening_pigs_ES*AN6*$AN$20*Time_fattening_days_ES -> 41.830355 | AO23: =No_piglets_ES*AO6*$AO$20*Time_piglet_system_ES -> 27.191276 | AP23: =(No_sows_SE+No_recruit_sows_SE)*AP6*$AP$20*365 -> 78.0735 | AQ23: =No_boars_SE*AQ6*$AQ$20*365 -> 0.39889798 | AR23: =No_fattening_pigs_SE*AR6*$AR$20*Time_fattening_days_SE -> 0 | AS23: =No_piglets_SE*AS6*$AS$20*Time_piglet_system_SE -> 16.742615
A24: Liquid | B24: =(No_sows_DK+No_recruit_sows_DK)*B7*$B$20*365 -> 258.11976 | C24: =No_boars_DK*C7*$C$20*365 -> 2.0221623 | D24: =No_fattening_pigs_DK*D7*$D$20*Time_fattening_days_DK -> 308.87085 | E24: =No_piglets_DK*E7*$ES$20*Time_piglet_system_DK -> 0 | F24: =(No_sows_FR+No_recruit_sows_FR)*F7*$F$20*365 -> 101.24695 | G24: =No_boars_FR*G7*$G$20*365 -> 0.79318906 | H24: =No_fattening_pigs_FR*H7*$H$20*Time_fattening_days_FR -> 563.24217 | I24: =No_piglets_FR*I7*$I$20*Time_piglet_system_FR -> 365.31682 | J24: =(No_sows_DE+No_recruit_sows_DE)*J7*$J$20*365 -> 180.14056 | K24: =No_boars_DE*K7*$K$20*365 -> 1.4112575 | L24: =No_fattening_pigs_DE*L7*$L$20*Time_fattening_days_DE -> 1005.3717 | M24: =No_piglets_DE*M7*$M$20*Time_piglet_system_DE -> 652.04078 | N24: =(No_sows_GR+No_recruit_sows_GR)*N7*$N$20*365 -> 351.33075 | O24: =No_boars_GR*O7*$O$20*365 -> 1.7950409 | P24: =No_fattening_pigs_GR*P7*$P$20*Time_fattening_days_GR -> 1033.3464 | Q24: =No_piglets_GR*Q7*$Q$20*Time_piglet_system_GR -> 79.723783 | R24: =(No_sows_HU+No_recruit_sows_HU)*R7*$R$20*365 -> 195.42975 | S24: =No_boars_HU*S7*$S$20*365 -> 1.5310362 | T24: =No_fattening_pigs_HU*T7*$T$20*Time_fattening_days_HU -> 676.53478 | U24: =No_piglets_HU*U7*$U$20*Time_piglet_system_HU -> 438.50168 | V24: =(No_sows_IE+No_recruit_sows_IE)*V7*$V$20*365 -> 390.3675 | W24: =No_boars_IE*W7*$W$20*365 -> 1.9944899 | X24: =No_fattening_pigs_IE*X7*$X$20*Time_fattening_days_IE -> 1145.705 | Y24: =No_piglets_IE*Y7*$Y$20*Time_piglet_system_IE -> 88.396 | Z24: =(No_sows_IT+No_recruit_sows_IT)*Z7*$Z$20*365 -> 186.6975 | AA24: =No_boars_IT*AA7*$AA$20*365 -> 1.4626259 | AB24: =No_fattening_pigs_IT*AB7*$AB$20*Time_fattening_days_IT -> 1582.2172 | AC24: =No_piglets_IT*AC7*$AC$20*Time_piglet_system_IT -> 566.48103 | AD24: =(No_sows_NL+No_recruit_sows_NL)*AD7*$AD$20*365 -> 121.24678 | AE24: =No_boars_NL*AE7*$AE$20*365 -> 1.1727601 | AF24: =No_fattening_pigs_NL*AF7*$AF$20*Time_fattening_days_NL -> 1415.5838 | AG24: =No_piglets_NL*AG7*$AG$20*Time_piglet_system_NL -> 577.70753 | AH24: =(No_sows_PL+No_recruit_sows_PL)*AH7*$AH$20*365 -> 42.617947 | AI24: =No_boars_PL*AI7*$AI$20*365 -> 0.33387761 | AJ24: =No_fattening_pigs_PL*AJ7*$AJ$20*Time_fattening_days_PL -> 233.7597 | AK24: =No_piglets_PL*AK7*$AK$20*Time_piglet_system_PL -> 151.65638 | AL24: =(No_sows_ES+No_recruit_sows_ES)*AL7*$AL$20*365 -> 49.657123 | AM24: =No_boars_ES*AM7*$AM$20*365 -> 0.38902393 | AN24: =No_fattening_pigs_ES*AN7*$AN$20*Time_fattening_days_ES -> 247.14056 | AO24: =No_piglets_ES*AO7*$AO$20*Time_piglet_system_ES -> 160.6505 | AP24: =(No_sows_SE+No_recruit_sows_SE)*AP7*$AP$20*365 -> 245.93152 | AQ24: =No_boars_SE*AQ7*$AQ$20*365 -> 1.2565286 | AR24: =No_fattening_pigs_SE*AR7*$AR$20*Time_fattening_days_SE -> 1083.8235 | AS24: =No_piglets_SE*AS7*$AS$20*Time_piglet_system_SE -> 52.739237
A25: Deep litter | B25: =(No_sows_DK+No_recruit_sows_DK)*B8*$B$20*365 -> 9.4951514 | C25: =No_boars_DK*C8*$C$20*365 -> 0.074386934 | D25: =No_fattening_pigs_DK*D8*$D$20*Time_fattening_days_DK -> 11.362073 | E25: =No_piglets_DK*E8*$ES$20*Time_piglet_system_DK -> 0 | F25: =(No_sows_FR+No_recruit_sows_FR)*F8*$F$20*365 -> 0 | G25: =No_boars_FR*G8*$G$20*365 -> 0 | H25: =No_fattening_pigs_FR*H8*$H$20*Time_fattening_days_FR -> 0 | I25: =No_piglets_FR*I8*$I$20*Time_piglet_system_FR -> 0 | J25: =(No_sows_DE+No_recruit_sows_DE)*J8*$J$20*365 -> 2.9135698 | K25: =No_boars_DE*K8*$K$20*365 -> 0.022825494 | L25: =No_fattening_pigs_DE*L8*$L$20*Time_fattening_days_DE -> 16.26075 | M25: =No_piglets_DE*M8*$M$20*Time_piglet_system_DE -> 10.546022 | N25: =(No_sows_GR+No_recruit_sows_GR)*N8*$N$20*365 -> 0 | O25: =No_boars_GR*O8*$O$20*365 -> 0 | P25: =No_fattening_pigs_GR*P8*$P$20*Time_fattening_days_GR -> 0 | Q25: =No_piglets_GR*Q8*$Q$20*Time_piglet_system_GR -> 0 | R25: =(No_sows_HU+No_recruit_sows_HU)*R8*$R$20*365 -> 25.973546 | S25: =No_boars_HU*S8*$S$20*365 -> 0.20348201 | T25: =No_fattening_pigs_HU*T8*$T$20*Time_fattening_days_HU -> 89.914699 | U25: =No_piglets_HU*U8*$U$20*Time_piglet_system_HU -> 58.278964 | V25: =(No_sows_IE+No_recruit_sows_IE)*V8*$V$20*365 -> 0 | W25: =No_boars_IE*W8*$W$20*365 -> 0 | X25: =No_fattening_pigs_IE*X8*$X$20*Time_fattening_days_IE -> 0 | Y25: =No_piglets_IE*Y8*$Y$20*Time_piglet_system_IE -> 0 | Z25: =(No_sows_IT+No_recruit_sows_IT)*Z8*$Z$20*365 -> 0 | AA25: =No_boars_IT*AA8*$AA$20*365 -> 0 | AB25: =No_fattening_pigs_IT*AB8*$AB$20*Time_fattening_days_IT -> 0 | AC25: =No_piglets_IT*AC8*$AC$20*Time_piglet_system_IT -> 0 | AD25: =(No_sows_NL+No_recruit_sows_NL)*AD8*$AD$20*365 -> 114.76116 | AE25: =No_boars_NL*AE8*$AE$20*365 -> 0.31645906 | AF25: =No_fattening_pigs_NL*AF8*$AF$20*Time_fattening_days_NL -> 0 | AG25: =No_piglets_NL*AG8*$AG$20*Time_piglet_system_NL -> 155.88933 | AH25: =(No_sows_PL+No_recruit_sows_PL)*AH8*$AH$20*365 -> 0 | AI25: =No_boars_PL*AI8*$AI$20*365 -> 0 | AJ25: =No_fattening_pigs_PL*AJ8*$AJ$20*Time_fattening_days_PL -> 0 | AK25: =No_piglets_PL*AK8*$AK$20*Time_piglet_system_PL -> 0 | AL25: =(No_sows_ES+No_recruit_sows_ES)*AL8*$AL$20*365 -> 151.26554 | AM25: =No_boars_ES*AM8*$AM$20*365 -> 1.1850448 | AN25: =No_fattening_pigs_ES*AN8*$AN$20*Time_fattening_days_ES -> 752.83967 | AO25: =No_piglets_ES*AO8*$AO$20*Time_piglet_system_ES -> 489.3736 | AP25: =(No_sows_SE+No_recruit_sows_SE)*AP8*$AP$20*365 -> 66.362475 | AQ25: =No_boars_SE*AQ8*$AQ$20*365 -> 0.33906328 | AR25: =No_fattening_pigs_SE*AR8*$AR$20*Time_fattening_days_SE -> 0 | AS25: =No_piglets_SE*AS8*$AS$20*Time_piglet_system_SE -> 14.231223
J26: =SUM(J23:J25)-J21 -> 0
A27: Methane emissions, kg CH4 per year
A28: Solid | B28: =B23*$B$18*0.67*B12 -> 0.0017892426 | C28: =C23*$B$18*0.67*B12 -> 1.4017288e-05 | D28: =D23*$B$18*0.67*B12 -> 0.0021410406 | E28: =E23*$B$18*0.67*B12 -> 0 | F28: =F23*$F$18*0.67*F12 -> 0.079271739 | G28: =G23*$F$18*0.67*F12 -> 0.00062103081 | H28: =H23*$F$18*0.67*F12 -> 0.4409929 | I28: =I23*$F$18*0.67*F12 -> 0.28602639 | J28: =J23*$J$18*0.67*J12 -> 0.041039679 | K28: =K23*$J$18*0.67*J12 -> 0.00032151313 | L28: =L23*$J$18*0.67*J12 -> 0.2290441 | M28: =M23*$J$18*0.67*J12 -> 0.14854814 | N28: =N23*$N$18*0.67*N12 -> 0.4707832 | O28: =O23*$N$18*0.67*N12 -> 0.0024053548 | P28: =P23*$N$18*0.67*N12 -> 1.3846841 | Q28: =Q23*$N$18*0.67*N12 -> 0.10682987 | R28: =R23*$R$18*0.67*R12 -> 0.37067435 | S28: =S23*$R$18*0.67*R12 -> 0.0029039377 | T28: =T23*$R$18*0.67*R12 -> 1.283193 | U28: =U23*$R$18*0.67*R12 -> 0.83171227 | V28: =V23*$V$18*0.67*V12 -> 0 | W28: =W23*$V$18*0.67*V12 -> 0 | X28: =X23*$V$18*0.67*V12 -> 0 | Y28: =Y23*$V$18*0.67*V12 -> 0 | Z28: =Z23*$Z$18*0.67*Z12 -> 0 | AA28: =AA23*$Z$18*0.67*Z12 -> 0 | AB28: =AB23*$Z$18*0.67*Z12 -> 0 | AC28: =AC23*$Z$18*0.67*Z12 -> 0 | AD28: =AD23*$AD$18*0.67*AD12 -> 0.0066757188 | AE28: =AE23*$AD$18*0.67*AD12 -> 0.0015465541 | AF28: =AF23*$AD$18*0.67*AD12 -> 0 | AG28: =AG23*$AD$18*0.67*AD12 -> 0.76184034 | AH28: =AH23*$AH$18*0.67*AH12 -> 0.80057025 | AI28: =AI23*$AH$18*0.67*AH12 -> 0.006271829 | AJ28: =AJ23*$AH$18*0.67*AH12 -> 4.3911327 | AK28: =AK23*$AH$18*0.67*AH12 -> 2.848837 | AL28: =AL23*$AL$18*0.67*AL12 -> 0.059825724 | AM28: =AM23*$AL$18*0.67*AL12 -> 0.00046868681 | AN28: =AN23*$AL$18*0.67*AL12 -> 0.29774909 | AO28: =AO23*$AL$18*0.67*AL12 -> 0.19354791 | AP28: =AP23*$AP$18*0.67*AP12 -> 0.4707832 | AQ28: =AQ23*$AP$18*0.67*AP12 -> 0.0024053548 | AR28: =AR23*$AP$18*0.67*AP12 -> 0 | AS28: =AS23*$AP$18*0.67*AP12 -> 0.10095797 | AW28: Stäm av mot CFRs
A29: Liquid | B29: =B24*$B$18*0.67*B13 -> 10.875779 | C29: =C24*$B$18*0.67*B13 -> 0.08520305 | D29: =D24*$B$18*0.67*B13 -> 13.014158 | E29: =E24*$B$18*0.67*B13 -> 0 | F29: =F24*$F$18*0.67*F13 -> 11.515491 | G29: =G24*$F$18*0.67*F13 -> 0.090214685 | H29: =H24*$F$18*0.67*F13 -> 64.061291 | I29: =I24*$F$18*0.67*F13 -> 41.54992 | J29: =J24*$J$18*0.67*J13 -> 8.3568645 | K29: =K24*$J$18*0.67*J13 -> 0.065469364 | L29: =L24*$J$18*0.67*J13 -> 46.639997 | M29: =M24*$J$18*0.67*J13 -> 30.248693 | N29: =N24*$N$18*0.67*N13 -> 58.259422 | O29: =O24*$N$18*0.67*N13 -> 0.29766266 | P29: =P24*$N$18*0.67*N13 -> 171.35466 | Q29: =Q24*$N$18*0.67*N13 -> 13.220196 | R29: =R24*$R$18*0.67*R13 -> 8.0723237 | S29: =S24*$R$18*0.67*R13 -> 0.063240214 | T29: =T24*$R$18*0.67*R13 -> 27.944607 | U29: =U24*$R$18*0.67*R13 -> 18.112531 | V29: =V24*$V$18*0.67*V13 -> 4.119353 | W29: =W24*$V$18*0.67*V13 -> 0.021046855 | X29: =X24*$V$18*0.67*V13 -> 12.090052 | Y29: =Y24*$V$18*0.67*V13 -> 0.93279879 | Z29: =Z24*$Z$18*0.67*Z13 -> 13.119294 | AA29: =AA24*$Z$18*0.67*Z13 -> 0.1027792 | AB29: =AB24*$Z$18*0.67*Z13 -> 111.18292 | AC29: =AC24*$Z$18*0.67*Z13 -> 39.806805 | AD29: =AD24*$AD$18*0.67*AD13 -> 9.0658646 | AE29: =AE24*$AD$18*0.67*AD13 -> 0.087689615 | AF29: =AF24*$AD$18*0.67*AD13 -> 105.84603 | AG29: =AG24*$AD$18*0.67*AD13 -> 43.196347 | AH29: =AH24*$AH$18*0.67*AH13 -> 1.2849311 | AI29: =AI24*$AH$18*0.67*AH13 -> 0.01006641 | AJ29: =AJ24*$AH$18*0.67*AH13 -> 7.047855 | AK29: =AK24*$AH$18*0.67*AH13 -> 4.5724398 | AL29: =AL24*$AL$18*0.67*AL13 -> 2.9634129 | AM29: =AM24*$AL$18*0.67*AL13 -> 0.023215975 | AN29: =AN24*$AL$18*0.67*AL13 -> 14.748731 | AO29: =AO24*$AL$18*0.67*AL13 -> 9.5872199 | AP29: =AP24*$AP$18*0.67*AP13 -> 2.5951924 | AQ29: =AQ24*$AP$18*0.67*AP13 -> 0.013259518 | AR29: =AR24*$AP$18*0.67*AP13 -> 11.437047 | AS29: =AS24*$AP$18*0.67*AP13 -> 0.5565308
A30: Deep litter | B30: =B25*$B$18*0.67*B14 -> 0.51415675 | C30: =C25*$B$18*0.67*B14 -> 0.0040280078 | D30: =D25*$B$18*0.67*B14 -> 0.61524944 | E30: =E25*$B$18*0.67*B14 -> 0 | F30: =F25*$F$18*0.67*F14 -> 0 | G30: =G25*$F$18*0.67*F14 -> 0 | H30: =H25*$F$18*0.67*F14 -> 0 | I30: =I25*$F$18*0.67*F14 -> 0 | J30: =J25*$J$18*0.67*J14 -> 0.14640688 | K30: =K25*$J$18*0.67*J14 -> 0.0011469811 | L30: =L25*$J$18*0.67*J14 -> 0.81710269 | M30: =M25*$J$18*0.67*J14 -> 0.52993761 | N30: =N25*$N$18*0.67*N14 -> 0 | O30: =O25*$N$18*0.67*N14 -> 0 | P30: =P25*$N$18*0.67*N14 -> 0 | Q30: =Q25*$N$18*0.67*N14 -> 0 | R30: =R25*$R$18*0.67*R14 -> 1.4565705 | S30: =S25*$R$18*0.67*R14 -> 0.011411067 | T30: =T25*$R$18*0.67*R14 -> 5.0423264 | U30: =U25*$R$18*0.67*R14 -> 3.268226 | V30: =V25*$V$18*0.67*V14 -> 0 | W30: =W25*$V$18*0.67*V14 -> 0 | X30: =X25*$V$18*0.67*V14 -> 0 | Y30: =Y25*$V$18*0.67*V14 -> 0 | Z30: =Z25*$Z$18*0.67*Z14 -> 0 | AA30: =AA25*$Z$18*0.67*Z14 -> 0 | AB30: =AB25*$Z$18*0.67*Z14 -> 0 | AC30: =AC25*$Z$18*0.67*Z14 -> 0 | AD30: =AD25*$AD$18*0.67*AD14 -> 0.47671785 | AE30: =AE25*$AD$18*0.67*AD14 -> 0.0013145709 | AF30: =AF25*$AD$18*0.67*AD14 -> 0 | AG30: =AG25*$AD$18*0.67*AD14 -> 0.64756429 | AH30: =AH25*$AH$18*0.67*AH14 -> 0 | AI30: =AI25*$AH$18*0.67*AH14 -> 0 | AJ30: =AJ25*$AH$18*0.67*AH14 -> 0 | AK30: =AK25*$AH$18*0.67*AH14 -> 0 | AL30: =AL25*$AL$18*0.67*AL14 -> 7.6667061 | AM30: =AM25*$AL$18*0.67*AL14 -> 0.060062524 | AN30: =AN25*$AL$18*0.67*AL14 -> 38.156743 | AO30: =AO25*$AL$18*0.67*AL14 -> 24.803293 | AP30: =AP25*$AP$18*0.67*AP14 -> 3.4014087 | AQ30: =AQ25*$AP$18*0.67*AP14 -> 0.017378688 | AR30: =AR25*$AP$18*0.67*AP14 -> 0 | AS30: =AS25*$AP$18*0.67*AP14 -> 0.72942132
A31: Total | E31: =SUM(B28:E30) -> 25.112518 | I31: =SUM(F28:I30) -> 118.02383 | M31: =SUM(J28:M30) -> 87.224572 | Q31: =SUM(N28:Q30) -> 245.09664 | U31: =SUM(R28:U30) -> 66.45972 | Y31: =SUM(V28:Y30) -> 17.163251 | AC31: =SUM(Z28:AC30) -> 164.2118 | AG31: =SUM(AD28:AG30) -> 160.09159 | AK31: =SUM(AH28:AK30) -> 20.962104 | AO31: =SUM(AL28:AO30) -> 98.560975 | AS31: =SUM(AP28:AS30) -> 19.324385
A32: Per kg meat&offal | E32: =E31/Production!B35 -> 0.014296555 | I32: =I31/Production!C35 -> 0.074732455 | M32: =M31/Production!D35 -> 0.054495187 | Q32: =Q31/Production!E35 -> 0.15607976 | U32: =U31/Production!F35 -> 0.040311717 | Y32: =Y31/Production!G35 -> 0.010895119 | AC32: =AC31/Production!H35 -> 0.095233077 | AG32: =AG31/Production!I35 -> 0.093464097 | AK32: =AK31/Production!J35 -> 0.013348858 | AO32: =AO31/Production!K35 -> 0.070011862 | AS32: =AS31/Production!L35 -> 0.012864419
A34: NITROGEN EMISSIONS
A35: N excreted per animal | AU35: Behöver uppdateras till landsspecifika värden!
A36: N excreted, kg per head per year | B36: 7.12 | C36: 7.12 | D36: 7.12 | E36: 7.12 | F36: 9.49 | G36: 9.49 | H36: 9.49 | I36: 9.49 | J36: 12.61 | K36: 12.61 | L36: 12.61 | M36: 12.61 | N36: 13.51 | O36: 13.51 | P36: 13.51 | Q36: 13.51 | R36: 9.31 | S36: 9.31 | T36: 9.31 | U36: 9.31 | V36: 20 | W36: 16 | X36: 9.2 | Y36: 3 | Z36: 12.14 | AA36: 12.14 | AB36: 12.14 | AC36: 12.14 | AD36: 7.81 | AE36: 7.81 | AF36: 7.81 | AG36: 7.81 | AH36: 10.93 | AI36: 10.93 | AJ36: 10.93 | AK36: 10.93 | AL36: 8.41 | AM36: 8.41 | AN36: 8.41 | AO36: 8.41 | AP36: 22.5 | AQ36: 13 | AR36: 10.8 | AS36: 1.2
A37: Proportion of TAN | B37: 0.7 | C37: 0.7 | D37: 0.7 | E37: 0.7 | F37: 0.7 | G37: 0.7 | H37: 0.7 | I37: 0.7 | J37: 0.7 | K37: 0.7 | L37: 0.7 | M37: 0.7 | N37: 0.7 | O37: 0.7 | P37: 0.7 | Q37: 0.7 | R37: 0.7 | S37: 0.7 | T37: 0.7 | U37: 0.7 | V37: 0.7 | W37: 0.7 | X37: 0.7 | Y37: 0.7 | Z37: 0.7 | AA37: 0.7 | AB37: 0.7 | AC37: 0.7 | AD37: 0.7 | AE37: 0.7 | AF37: 0.7 | AG37: 0.7 | AH37: 0.7 | AI37: 0.7 | AJ37: 0.7 | AK37: 0.7 | AL37: 0.7 | AM37: 0.7 | AN37: 0.7 | AO37: 0.7 | AP37: 0.7 | AQ37: 0.7 | AR37: 0.7 | AS37: 0.7 | AU37: EMEP/EEA 2019. Table 3.9
A39: N excreted in different systems, kg per year
A40: Solid | B40: =(No_sows_DK+No_recruit_sows_DK)*B6*B36 -> 0.012222838 | C40: =No_boars_DK*C6*$AQ$36 -> 0.00017483572 | D40: =No_fattening_pigs_DK*Time_fattening_days_DK/365*D6*$AR$36 -> 0.11505428 | E40: =No_piglets_DK*Time_piglet_system_DK/365*E6*$AS$36 -> 0.0082753388 | F40: =(No_sows_FR+No_recruit_sows_FR)*F6*F36 -> 0.91616263 | G40: =No_boars_FR*G6*$AQ$36 -> 0.009832059 | H40: =No_fattening_pigs_FR*Time_fattening_days_FR/365*H6*$AR$36 -> 5.8002048 | I40: =No_piglets_FR*Time_piglet_system_FR/365*I6*$AS$36 -> 0.41799908 | J40: =(No_sows_DE+No_recruit_sows_DE)*J7*J36 -> 18.544909 | K40: =No_boars_DE*K6*$AQ$36 -> 0.0056587809 | L40: =No_fattening_pigs_DE*Time_fattening_days_DE/365*L6*$AR$36 -> 3.3490657 | M40: =No_piglets_DE*Time_piglet_system_DE/365*M6*$AS$36 -> 0.24133998 | N40: =(No_sows_GR+No_recruit_sows_GR)*N6*N36 -> 2.09405 | O40: =No_boars_GR*O6*$AQ$36 -> 0.015785917 | P40: =No_fattening_pigs_GR*Time_fattening_days_GR/365*P6*$AR$36 -> 9.1819002 | Q40: =No_piglets_GR*Time_piglet_system_GR/365*Q6*$AS$36 -> 0.6618828 | R40: =(No_sows_HU+No_recruit_sows_HU)*R6*R36 -> 3.1358988 | S40: =No_boars_HU*S6*$AQ$36 -> 0.034304451 | T40: =No_fattening_pigs_HU*Time_fattening_days_HU/365*T6*$AR$36 -> 20.98864 | U40: =No_piglets_HU*Time_piglet_system_HU/365*U6*$AS$36 -> 1.5115514 | V40: =(No_sows_IE+No_recruit_sows_IE)*V6*V36 -> 0 | W40: =No_boars_IE*W6*$AQ$36 -> 0 | X40: =No_fattening_pigs_IE*Time_fattening_days_IE/365*X6*$AR$36 -> 0 | Y40: =No_piglets_IE*Time_piglet_system_IE/365*Y6*$AS$36 -> 0 | Z40: =(No_sows_IT+No_recruit_sows_IT)*Z6*Z36 -> 0 | AA40: =No_boars_IT*AA6*$AQ$36 -> 0 | AB40: =No_fattening_pigs_IT*Time_fattening_days_IT/365*AB6*$AR$36 -> 0 | AC40: =No_piglets_IT*Time_piglet_system_IT/365*AC6*$AS$36 -> 0 | AD40: =(No_sows_NL+No_recruit_sows_NL)*AD6*AD36 -> 0.081872947 | AE40: =No_boars_NL*AE6*$AQ$36 -> 0.031571834 | AF40: =No_fattening_pigs_NL*Time_fattening_days_NL/365*AF6*$AR$36 -> 0 | AG40: =No_piglets_NL*Time_piglet_system_NL/365*AG6*$AS$36 -> 1.4356103 | AH40: =(No_sows_PL+No_recruit_sows_PL)*AH6*AH36 -> 12.824716 | AI40: =No_boars_PL*AI6*$AQ$36 -> 0.11949939 | AJ40: =No_fattening_pigs_PL*Time_fattening_days_PL/365*AJ6*$AR$36 -> 69.506984 | AK40: =No_piglets_PL*Time_piglet_system_PL/365*AK6*$AS$36 -> 5.0104528 | AL40: =(No_sows_ES+No_recruit_sows_ES)*AL6*AL36 -> 0.52339609 | AM40: =No_boars_ES*AM6*$AQ$36 -> 0.0063382971 | AN40: =No_fattening_pigs_ES*Time_fattening_days_ES/365*AN6*$AR$36 -> 3.3451894 | AO40: =No_piglets_ES*Time_piglet_system_ES/365*AO6*$AS$36 -> 0.24161075 | AP40: =(No_sows_SE+No_recruit_sows_SE)*AP6*AP36 -> 6.975 | AQ40: =No_boars_SE*AQ6*$AQ$36 -> 0.031571834 | AR40: =No_fattening_pigs_SE*Time_fattening_days_SE/365*AR6*$AR$36 -> 0 | AS40: =No_piglets_SE*Time_piglet_system_SE/365*AS6*$AS$36 -> 1.2510049 | AW40: CRF 2023, Table 3B(b) | AX40: CRF 2023, Table 3B(b) | AY40: CRF 2023, Table 3B(b) | AZ40: CRF 2023, Table 3B(b) | BA40: CRF 2023, Table 3B(b) | BB40: CRF 2023, Table 3B(b) | BC40: CRF 2023, Table 3B(b) | BD40: CRF 2023, Table 3B(b) | BE40: CRF 2023, Table 3B(b) | BF40: CRF 2023, Table 3B(b) | BG40: NIR 2022, Table 5.17, note that this is for a pig for a whole year, not per animal slaughtered
A41: Liquid | B41: =(No_sows_DK+No_recruit_sows_DK)*B7*B36 -> 10.632646 | C41: =No_boars_DK*C7*$AQ$36 -> 0.15208959 | D41: =No_fattening_pigs_DK*Time_fattening_days_DK/365*D7*$AR$36 -> 100.08572 | E41: =No_piglets_DK*Time_piglet_system_DK/365*E7*$AS$36 -> 7.1987172 | F41: =(No_sows_FR+No_recruit_sows_FR)*F7*F36 -> 13.793337 | G41: =No_boars_FR*G7*$AQ$36 -> 0.14802711 | H41: =No_fattening_pigs_FR*Time_fattening_days_FR/365*H7*$AR$36 -> 87.325306 | I41: =No_piglets_FR*Time_piglet_system_FR/365*I7*$AS$36 -> 6.2932083 | J41: =(No_sows_DE+No_recruit_sows_DE)*J6*J36 -> 0.70064794 | K41: =No_boars_DE*K7*$AQ$36 -> 0.1497779 | L41: =No_fattening_pigs_DE*Time_fattening_days_DE/365*L7*$AR$36 -> 88.643834 | M41: =No_piglets_DE*Time_piglet_system_DE/365*M7*$AS$36 -> 6.3878414 | N41: =(No_sows_GR+No_recruit_sows_GR)*N7*N36 -> 18.84645 | O41: =No_boars_GR*O7*$AQ$36 -> 0.14207325 | P41: =No_fattening_pigs_GR*Time_fattening_days_GR/365*P7*$AR$36 -> 82.637102 | Q41: =No_piglets_GR*Time_piglet_system_GR/365*Q7*$AS$36 -> 5.9569452 | R41: =(No_sows_HU+No_recruit_sows_HU)*R7*R36 -> 9.9695946 | S41: =No_boars_HU*S7*$AQ$36 -> 0.10906011 | T41: =No_fattening_pigs_HU*Time_fattening_days_HU/365*T7*$AR$36 -> 66.726718 | U41: =No_piglets_HU*Time_piglet_system_HU/365*U7*$AS$36 -> 4.8054978 | V41: =(No_sows_IE+No_recruit_sows_IE)*V7*V36 -> 31 | W41: =No_boars_IE*W7*$AQ$36 -> 0.15785917 | X41: =No_fattening_pigs_IE*Time_fattening_days_IE/365*X7*$AR$36 -> 91.622466 | Y41: =No_piglets_IE*Time_piglet_system_IE/365*Y7*$AS$36 -> 6.6049315 | Z41: =(No_sows_IT+No_recruit_sows_IT)*Z7*Z36 -> 18.817 | AA41: =No_boars_IT*AA7*$AQ$36 -> 0.15785917 | AB41: =No_fattening_pigs_IT*Time_fattening_days_IT/365*AB7*$AR$36 -> 141.86755 | AC41: =No_piglets_IT*Time_piglet_system_IT/365*AC7*$AS$36 -> 5.6436467 | AD41: =(No_sows_NL+No_recruit_sows_NL)*AD7*AD36 -> 6.1770214 | AE41: =No_boars_NL*AE7*$AQ$36 -> 0.099451277 | AF41: =No_fattening_pigs_NL*Time_fattening_days_NL/365*AF7*$AR$36 -> 99.728019 | AG41: =No_piglets_NL*Time_piglet_system_NL/365*AG7*$AS$36 -> 4.5221724 | AH41: =(No_sows_PL+No_recruit_sows_PL)*AH7*AH36 -> 4.1167845 | AI41: =No_boars_PL*AI7*$AQ$36 -> 0.038359778 | AJ41: =No_fattening_pigs_PL*Time_fattening_days_PL/365*AJ7*$AR$36 -> 22.312017 | AK41: =No_piglets_PL*Time_piglet_system_PL/365*AK7*$AS$36 -> 1.6083752 | AL41: =(No_sows_ES+No_recruit_sows_ES)*AL7*AL36 -> 3.0923095 | AM41: =No_boars_ES*AM7*$AQ$36 -> 0.037447694 | AN41: =No_fattening_pigs_ES*Time_fattening_days_ES/365*AN7*$AR$36 -> 19.763925 | AO41: =No_piglets_ES*Time_piglet_system_ES/365*AO7*$AS$36 -> 1.4274757 | AP41: =(No_sows_SE+No_recruit_sows_SE)*AP7*AP36 -> 21.97125 | AQ41: =No_boars_SE*AQ7*$AQ$36 -> 0.099451277 | AR41: =No_fattening_pigs_SE*Time_fattening_days_SE/365*AR7*$AR$36 -> 86.673778 | AS41: =No_piglets_SE*Time_piglet_system_SE/365*AS7*$AS$36 -> 3.9406653
A42: Deep litter | B42: =(No_sows_DK+No_recruit_sows_DK)*B8*B36 -> 0.3911308 | C42: =No_boars_DK*C8*$AQ$36 -> 0.005594743 | D42: =No_fattening_pigs_DK*Time_fattening_days_DK/365*D8*$AR$36 -> 3.681737 | E42: =No_piglets_DK*Time_piglet_system_DK/365*E8*$AS$36 -> 0.26481084 | F42: =(No_sows_FR+No_recruit_sows_FR)*F8*F36 -> 0 | G42: =No_boars_FR*G8*$AQ$36 -> 0 | H42: =No_fattening_pigs_FR*Time_fattening_days_FR/365*H8*$AR$36 -> 0 | I42: =No_piglets_FR*Time_piglet_system_FR/365*I8*$AS$36 -> 0 | J42: =(No_sows_DE+No_recruit_sows_DE)*J8*J36 -> 0.29994293 | K42: =No_boars_DE*K8*$AQ$36 -> 0.0024224881 | L42: =No_fattening_pigs_DE*Time_fattening_days_DE/365*L8*$AR$36 -> 1.4337138 | M42: =No_piglets_DE*Time_piglet_system_DE/365*M8*$AS$36 -> 0.10331611 | N42: =(No_sows_GR+No_recruit_sows_GR)*N8*N36 -> 0 | O42: =No_boars_GR*O8*$AQ$36 -> 0 | P42: =No_fattening_pigs_GR*Time_fattening_days_GR/365*P8*$AR$36 -> 0 | Q42: =No_piglets_GR*Time_piglet_system_GR/365*Q8*$AS$36 -> 0 | R42: =(No_sows_HU+No_recruit_sows_HU)*R8*R36 -> 1.3250067 | S42: =No_boars_HU*S8*$AQ$36 -> 0.014494609 | T42: =No_fattening_pigs_HU*Time_fattening_days_HU/365*T8*$AR$36 -> 8.8682991 | U42: =No_piglets_HU*Time_piglet_system_HU/365*U8*$AS$36 -> 0.63867358 | V42: =(No_sows_IE+No_recruit_sows_IE)*V8*V36 -> 0 | W42: =No_boars_IE*W8*$AQ$36 -> 0 | X42: =No_fattening_pigs_IE*Time_fattening_days_IE/365*X8*$AR$36 -> 0 | Y42: =No_piglets_IE*Time_piglet_system_IE/365*Y8*$AS$36 -> 0 | Z42: =(No_sows_IT+No_recruit_sows_IT)*Z8*Z36 -> 0 | AA42: =No_boars_IT*AA8*$AQ$36 -> 0 | AB42: =No_fattening_pigs_IT*Time_fattening_days_IT/365*AB8*$AR$36 -> 0 | AC42: =No_piglets_IT*Time_piglet_system_IT/365*AC8*$AS$36 -> 0 | AD42: =(No_sows_NL+No_recruit_sows_NL)*AD8*AD36 -> 5.8466056 | AE42: =No_boars_NL*AE8*$AQ$36 -> 0.026836059 | AF42: =No_fattening_pigs_NL*Time_fattening_days_NL/365*AF8*$AR$36 -> 0 | AG42: =No_piglets_NL*Time_piglet_system_NL/365*AG8*$AS$36 -> 1.2202687 | AH42: =(No_sows_PL+No_recruit_sows_PL)*AH8*AH36 -> 0 | AI42: =No_boars_PL*AI8*$AQ$36 -> 0 | AJ42: =No_fattening_pigs_PL*Time_fattening_days_PL/365*AJ8*$AR$36 -> 0 | AK42: =No_piglets_PL*Time_piglet_system_PL/365*AK8*$AS$36 -> 0 | AL42: =(No_sows_ES+No_recruit_sows_ES)*AL8*AL36 -> 9.4197944 | AM42: =No_boars_ES*AM8*$AQ$36 -> 0.11407318 | AN42: =No_fattening_pigs_ES*Time_fattening_days_ES/365*AN8*$AR$36 -> 60.204876 | AO42: =No_piglets_ES*Time_piglet_system_ES/365*AO8*$AS$36 -> 4.3483771 | AP42: =(No_sows_SE+No_recruit_sows_SE)*AP8*AP36 -> 5.92875 | AQ42: =No_boars_SE*AQ8*$AQ$36 -> 0.026836059 | AR42: =No_fattening_pigs_SE*Time_fattening_days_SE/365*AR8*$AR$36 -> 0 | AS42: =No_piglets_SE*Time_piglet_system_SE/365*AS8*$AS$36 -> 1.0633541
A44: TAN excreted in different systems, kg per year, m_house, TAN
A45: Solid | B45: =B40*$B$37 -> 0.0085559863 | C45: =C40*$C$37 -> 0.000122385 | D45: =D40*$D$37 -> 0.080537997 | E45: =E40*$E$37 -> 0.0057927371 | F45: =F40*$F$37 -> 0.64131384 | G45: =G40*$G$37 -> 0.0068824413 | H45: =H40*$H$37 -> 4.0601434 | I45: =I40*$I$37 -> 0.29259935 | J45: =J40*$J$37 -> 12.981436 | K45: =K40*$K$37 -> 0.0039611466 | L45: =L40*$L$37 -> 2.344346 | M45: =M40*$M$37 -> 0.16893798 | N45: =N40*$N$37 -> 1.465835 | O45: =O40*$O$37 -> 0.011050142 | P45: =P40*$P$37 -> 6.4273301 | Q45: =Q40*$Q$37 -> 0.46331796 | R45: =R40*$R$37 -> 2.1951291 | S45: =S40*$S$37 -> 0.024013116 | T45: =T40*$T$37 -> 14.692048 | U45: =U40*$U$37 -> 1.058086 | V45: =V40*$V$37 -> 0 | W45: =W40*$W$37 -> 0 | X45: =X40*$X$37 -> 0 | Y45: =Y40*$Y$37 -> 0 | Z45: =Z40*$Z$37 -> 0 | AA45: =AA40*$AA$37 -> 0 | AB45: =AB40*$AB$37 -> 0 | AC45: =AC40*$AC$37 -> 0 | AD45: =AD40*$AD$37 -> 0.057311063 | AE45: =AE40*$AE$37 -> 0.022100284 | AF45: =AF40*$AF$37 -> 0 | AG45: =AG40*$AG$37 -> 1.0049272 | AH45: =AH40*$AH$37 -> 8.9773009 | AI45: =AI40*$AI$37 -> 0.083649574 | AJ45: =AJ40*$AJ$37 -> 48.654889 | AK45: =AK40*$AK$37 -> 3.507317 | AL45: =AL40*$AL$37 -> 0.36637726 | AM45: =AM40*$AM$37 -> 0.004436808 | AN45: =AN40*$AN$37 -> 2.3416326 | AO45: =AO40*$AO$37 -> 0.16912752 | AP45: =AP40*$AP$37 -> 4.8825 | AQ45: =AQ40*$AQ$37 -> 0.022100284 | AR45: =AR40*$AR$37 -> 0 | AS45: =AS40*$AS$37 -> 0.8757034
A46: Liquid | B46: =B41*$B$37 -> 7.4428525 | C46: =C41*$C$37 -> 0.10646271 | D46: =D41*$D$37 -> 70.060004 | E46: =E41*$E$37 -> 5.039102 | F46: =F41*$F$37 -> 9.6553362 | G46: =G41*$G$37 -> 0.10361898 | H46: =H41*$H$37 -> 61.127714 | I46: =I41*$I$37 -> 4.4052458 | J46: =J41*$J$37 -> 0.49045356 | K46: =K41*$K$37 -> 0.10484453 | L46: =L41*$L$37 -> 62.050684 | M46: =M41*$M$37 -> 4.471489 | N46: =N41*$N$37 -> 13.192515 | O46: =O41*$O$37 -> 0.099451277 | P46: =P41*$P$37 -> 57.845971 | Q46: =Q41*$Q$37 -> 4.1698616 | R46: =R41*$R$37 -> 6.9787162 | S46: =S41*$S$37 -> 0.076342077 | T46: =T41*$T$37 -> 46.708703 | U46: =U41*$U$37 -> 3.3638485 | V46: =V41*$V$37 -> 21.7 | W46: =W41*$W$37 -> 0.11050142 | X46: =X41*$X$37 -> 64.135726 | Y46: =Y41*$Y$37 -> 4.6234521 | Z46: =Z41*$Z$37 -> 13.1719 | AA46: =AA41*$AA$37 -> 0.11050142 | AB46: =AB41*$AB$37 -> 99.307284 | AC46: =AC41*$AC$37 -> 3.9505527 | AD46: =AD41*$AD$37 -> 4.323915 | AE46: =AE41*$AE$37 -> 0.069615894 | AF46: =AF41*$AF$37 -> 69.809614 | AG46: =AG41*$AG$37 -> 3.1655207 | AH46: =AH41*$AH$37 -> 2.8817491 | AI46: =AI41*$AI$37 -> 0.026851845 | AJ46: =AJ41*$AJ$37 -> 15.618412 | AK46: =AK41*$AK$37 -> 1.1258626 | AL46: =AL41*$AL$37 -> 2.1646167 | AM46: =AM41*$AM$37 -> 0.026213386 | AN46: =AN41*$AN$37 -> 13.834748 | AO46: =AO41*$AO$37 -> 0.99923301 | AP46: =AP41*$AP$37 -> 15.379875 | AQ46: =AQ41*$AQ$37 -> 0.069615894 | AR46: =AR41*$AR$37 -> 60.671645 | AS46: =AS41*$AS$37 -> 2.7584657
A47: Deep litter | B47: =B42*$B$37 -> 0.27379156 | C47: =C42*$C$37 -> 0.0039163201 | D47: =D42*$D$37 -> 2.5772159 | E47: =E42*$E$37 -> 0.18536759 | F47: =F42*$F$37 -> 0 | G47: =G42*$G$37 -> 0 | H47: =H42*$H$37 -> 0 | I47: =I42*$I$37 -> 0 | J47: =J42*$J$37 -> 0.20996005 | K47: =K42*$K$37 -> 0.0016957417 | L47: =L42*$L$37 -> 1.0035996 | M47: =M42*$M$37 -> 0.072321278 | N47: =N42*$N$37 -> 0 | O47: =O42*$O$37 -> 0 | P47: =P42*$P$37 -> 0 | Q47: =Q42*$Q$37 -> 0 | R47: =R42*$R$37 -> 0.92750466 | S47: =S42*$S$37 -> 0.010146226 | T47: =T42*$T$37 -> 6.2078093 | U47: =U42*$U$37 -> 0.44707151 | V47: =V42*$V$37 -> 0 | W47: =W42*$W$37 -> 0 | X47: =X42*$X$37 -> 0 | Y47: =Y42*$Y$37 -> 0 | Z47: =Z42*$Z$37 -> 0 | AA47: =AA42*$AA$37 -> 0 | AB47: =AB42*$AB$37 -> 0 | AC47: =AC42*$AC$37 -> 0 | AD47: =AD42*$AD$37 -> 4.0926239 | AE47: =AE42*$AE$37 -> 0.018785241 | AF47: =AF42*$AF$37 -> 0 | AG47: =AG42*$AG$37 -> 0.85418812 | AH47: =AH42*$AH$37 -> 0 | AI47: =AI42*$AI$37 -> 0 | AJ47: =AJ42*$AJ$37 -> 0 | AK47: =AK42*$AK$37 -> 0 | AL47: =AL42*$AL$37 -> 6.5938561 | AM47: =AM42*$AM$37 -> 0.079851225 | AN47: =AN42*$AN$37 -> 42.143413 | AO47: =AO42*$AO$37 -> 3.0438639 | AP47: =AP42*$AP$37 -> 4.150125 | AQ47: =AQ42*$AQ$37 -> 0.018785241 | AR47: =AR42*$AR$37 -> 0 | AS47: =AS42*$AS$37 -> 0.74434789
A49: Emissions from housing, kg NH3-N per year, E_house | AU49: Step 6
A50: Solid | B50: =B45*B56 -> 0.0020534367 | C50: =C45*C56 -> 2.9372401e-05 | D50: =D45*D56 -> 0.018523739 | E50: =E45*E56 -> 0.0013902569 | F50: =F45*F56 -> 0.15391532 | G50: =G45*G56 -> 0.0016517859 | H50: =H45*H56 -> 0.93383297 | I50: =I45*I56 -> 0.070223845 | ... AS50: =AS45*AS56 -> 0.21016882
A51: Liquid | B51: =B46*B57 -> 2.6049984 | C51: =C46*C57 -> 0.03726195 | D51: =D46*D57 -> 18.916201 | E51: =E46*E57 -> 1.7636857 | F51: =F46*F57 -> 3.3793677 | G51: =G46*G57 -> 0.036266642 | H51: =H46*H57 -> 16.504483 | I51: =I46*I57 -> 1.541836 | ... AS51: =AS46*AS57 -> 0.965463
A52: Deep litter | B52: =B47*B56 -> 0.065709975 | C52: =C47*C56 -> 0.00093991682 | D52: =D47*D56 -> 0.59275966 | E52: =E47*E56 -> 0.044488221 | F52: =F47*F56 -> 0 | G52: =G47*G56 -> 0 | H52: =H47*H56 -> 0 | I52: =I47*I56 -> 0 | ... AS52: =AS47*AS56 -> 0.17864349 | AU52: Using EF for solid manure
A53: Total | E53: =SUM(B50:E52) -> 24.048042 | I53: =SUM(F50:I52) -> 22.621577 | M53: =SUM(J50:M52) -> 22.522283 | Q53: =SUM(N50:Q52) -> 23.673987 | U53: =SUM(R50:U52) -> 22.183802 | Y53: =SUM(V50:Y52) -> 26.56853 | AC53: =SUM(Z50:AC52) -> 32.844501 | AG53: =SUM(AD50:AG52) -> 22.946248 | AK53: =SUM(AH50:AK52) -> 19.836042 | AO53: =SUM(AL50:AO52) -> 17.545267 | AS53: =SUM(AP50:AS52) -> 25.320584
A54: Per kg meat&offal | E54: =E53/Production!B35 -> 0.013690549 | I54: =I53/Production!C35 -> 0.014323938 | M54: =M53/Production!D35 -> 0.014071218 | Q54: =Q53/Production!E35 -> 0.015075809 | U54: =U53/Production!F35 -> 0.013455777 | Y54: =Y53/Production!G35 -> 0.016865529 | AC54: =AC53/Production!H35 -> 0.019047857 | AG54: =AG53/Production!I35 -> 0.013396396 | AK54: =AK53/Production!J35 -> 0.012631771 | AO54: =AO53/Production!K35 -> 0.012463116 | AS54: =AS53/Production!L35 -> 0.016856143
A56: EF NH3-N housing solid | B56: 0.24 | C56: 0.24 | D56: 0.23 | E56: 0.24 | F56: 0.24 | G56: 0.24 | H56: 0.23 | I56: 0.24 | J56: 0.24 | K56: 0.24 | L56: 0.23 | M56: 0.24 | N56: 0.24 | O56: 0.24 | P56: 0.23 | Q56: 0.24 | R56: 0.24 | S56: 0.24 | T56: 0.23 | U56: 0.24 | V56: 0.24 | W56: 0.24 | X56: 0.23 | Y56: 0.24 | Z56: 0.24 | AA56: 0.24 | AB56: 0.23 | AC56: 0.24 | AD56: 0.24 | AE56: 0.24 | AF56: 0.23 | AG56: 0.24 | AH56: 0.24 | AI56: 0.24 | AJ56: 0.23 | AK56: 0.24 | AL56: 0.24 | AM56: 0.24 | AN56: 0.23 | AO56: 0.24 | AP56: 0.24 | AQ56: 0.24 | AR56: 0.23 | AS56: 0.24 | AU56: EMEP/EEA 2019. Table 3.9, value for sows includes piglets, boars approx. with sows
A57: EF NH3-N housing slurry | B57: 0.35 | C57: 0.35 | D57: 0.27 | E57: 0.35 | F57: 0.35 | G57: 0.35 | H57: 0.27 | I57: 0.35 | J57: 0.35 | K57: 0.35 | L57: 0.27 | M57: 0.35 | N57: 0.35 | O57: 0.35 | P57: 0.27 | Q57: 0.35 | R57: 0.35 | S57: 0.35 | T57: 0.27 | U57: 0.35 | V57: 0.35 | W57: 0.35 | X57: 0.27 | Y57: 0.35 | Z57: 0.35 | AA57: 0.35 | AB57: 0.27 | AC57: 0.35 | AD57: 0.35 | AE57: 0.35 | AF57: 0.27 | AG57: 0.35 | AH57: 0.35 | AI57: 0.35 | AJ57: 0.27 | AK57: 0.35 | AL57: 0.35 | AM57: 0.35 | AN57: 0.27 | AO57: 0.35 | AP57: 0.35 | AQ57: 0.35 | AR57: 0.27 | AS57: 0.35
A59: Add bedding | AU59: Step 7
A61: Remaining TAN after housing losses, kg per year, m_storage, TAN
A62: Solid | B62: =B45-B50 -> 0.0065025496 | C62: =C45-C50 -> 9.3012602e-05 | D62: =D45-D50 -> 0.062014258 | E62: =E45-E50 -> 0.0044024802 | F62: =F45-F50 -> 0.48739852 | G62: =G45-G50 -> 0.0052306554 | H62: =H45-H50 -> 3.1263104 | I62: =I45-I50 -> 0.22237551 | ... AS62: =AS45-AS50 -> 0.66553459
A63: Liquid | B63: =B46-B51 -> 4.8378541 | C63: =C46-C51 -> 0.069200764 | D63: =D46-D51 -> 51.143803 | E63: =E46-E51 -> 3.2754163 | F63: =F46-F51 -> 6.2759685 | G63: =G46-G51 -> 0.067352335 | H63: =H46-H51 -> 44.623231 | I63: =I46-I51 -> 2.8634098 | ... AS63: =AS46-AS51 -> 1.7930027
A64: Deep litter | B64: =B47-B52 -> 0.20808159 | C64: =C47-C52 -> 0.0029764033 | D64: =D47-D52 -> 1.9844562 | E64: =E47-E52 -> 0.14087937 | F64: =F47-F52 -> 0 | G64: =G47-G52 -> 0 | H64: =H47-H52 -> 0 | I64: =I47-I52 -> 0 | ... AS64: =AS47-AS52 -> 0.5657044
A66: Modified TAN to account for org N mineralisation (only applies to liquid) | AU66: Step 9
A67: Solid | B67: =B62 -> 0.0065025496 | C67: =C62 -> 9.3012602e-05 | D67: =D62 -> 0.062014258 | E67: =E62 -> 0.0044024802 | F67: =F62 -> 0.48739852 | G67: =G62 -> 0.0052306554 | H67: =H62 -> 3.1263104 | I67: =I62 -> 0.22237551 | ... AS67: =AS62 -> 0.66553459
A68: Liquid | B68: =B63+((B41-B46)*B71) -> 5.1568335 | C68: =C63+((C41-C46)*C71) -> 0.073763451 | D68: =D63+((D41-D46)*D71) -> 54.146374 | E68: =E63+((E41-E46)*E71) -> 3.4913778 | F68: =F63+((F41-F46)*F71) -> 6.6897686 | G68: =G63+((G41-G46)*G71) -> 0.071793148 | H68: =H63+((H41-H46)*H71) -> 47.24299 | I68: =I63+((I41-I46)*I71) -> 3.052206 | ... AS68: =AS63+((AS41-AS46)*AS71) -> 1.9112227 | AU68: EMEP/EEA equ. 32
A69: Deep litter | B69: =B64 -> 0.20808159 | C69: =C64 -> 0.0029764033 | D69: =D64 -> 1.9844562 | E69: =E64 -> 0.14087937 | F69: =F64 -> 0 | G69: =G64 -> 0 | H69: =H64 -> 0 | I69: =I64 -> 0 | ... AS69: =AS64 -> 0.5657044
A71: f min | B71: 0.1 | C71: 0.1 | D71: 0.1 | E71: 0.1 | F71: 0.1 | G71: 0.1 | H71: 0.1 | I71: 0.1 | J71: 0.1 | K71: 0.1 | L71: 0.1 | M71: 0.1 | N71: 0.1 | O71: 0.1 | P71: 0.1 | Q71: 0.1 | R71: 0.1 | S71: 0.1 | T71: 0.1 | U71: 0.1 | V71: 0.1 | W71: 0.1 | X71: 0.1 | Y71: 0.1 | Z71: 0.1 | AA71: 0.1 | AB71: 0.1 | AC71: 0.1 | AD71: 0.1 | AE71: 0.1 | AF71: 0.1 | AG71: 0.1 | AH71: 0.1 | AI71: 0.1 | AJ71: 0.1 | AK71: 0.1 | AL71: 0.1 | AM71: 0.1 | AN71: 0.1 | AO71: 0.1 | AP71: 0.1 | AQ71: 0.1 | AR71: 0.1 | AS71: 0.1 | AU71: EMEP/EEA 2019, just below equ. 32
A73: Emission of NH3-N from storage, kg per year, E_storage_ammonia | AU73: Step 10 | AV73: Step 10 is emissions of NH3-N, N2O-N, NO-N and N2 but here they are split, equ 33 and 34
A74: Solid | B74: =B67*B80 -> 0.0018857394 | C74: =C67*C80 -> 2.6973654e-05 | D74: =D67*D80 -> 0.017984135 | E74: =E67*E80 -> 0.0012767193 | F74: =F67*F80 -> 0.14134557 | G74: =G67*G80 -> 0.0015168901 | H74: =H67*H80 -> 0.90663001 | I74: =I67*I80 -> 0.064488897 | ... AS74: =AS67*AS80 -> 0.19300503
A75: Liquid | B75: =B68*B81 -> 0.56725168 | C75: =C68*C81 -> 0.0081139797 | D75: =D68*D81 -> 5.9561012 | E75: =E68*E81 -> 0.38405156 | F75: =F68*F81 -> 0.73587455 | G75: =G68*G81 -> 0.0078972463 | H75: =H68*H81 -> 5.1967289 | I75: =I68*I81 -> 0.33574266 | ... AS75: =AS68*AS81 -> 0.21023449
A76: Deep litter | B76: =B69*B80 -> 0.06034366 | C76: =C69*C80 -> 0.00086315694 | D76: =D69*D80 -> 0.57549231 | E76: =E69*E80 -> 0.040855017 | F76: =F69*F80 -> 0 | G76: =G69*G80 -> 0 | H76: =H69*H80 -> 0 | I76: =I69*I80 -> 0 | ... AS76: =AS69*AS80 -> 0.16405428 | AU76: Using EF for solid manure
A77: Total | E77: =SUM(B74:E76) -> 7.6142461 | I77: =SUM(F74:I76) -> 7.3902248 | M77: =SUM(J74:M76) -> 9.3707565 | Q77: =SUM(N74:Q76) -> 8.1114183 | U77: =SUM(R74:U76) -> 10.459409 | Y77: =SUM(V74:Y76) -> 7.4670978 | AC77: =SUM(Z74:AC76) -> 9.7559351 | AG77: =SUM(AD74:AG76) -> 7.844328 | AK77: =SUM(AH74:AK76) -> 15.269955 | AO77: =SUM(AL74:AO76) -> 13.613546 | AS77: =SUM(AP74:AS76) -> 8.902524
A78: Per kg meat&offal | E78: =E77/Production!B35 -> 0.0043347898 | I78: =I77/Production!C35 -> 0.0046794757 | M78: =M77/Production!D35 -> 0.0058545558 | Q78: =Q77/Production!E35 -> 0.0051654246 | U78: =U77/Production!F35 -> 0.0063442447 | Y78: =Y77/Production!G35 -> 0.0047400649 | AC78: =AC77/Production!H35 -> 0.0056578622 | AG78: =AG77/Production!I35 -> 0.0045796472 | AK78: =AK77/Production!J35 -> 0.0097240456 | AO78: =AO77/Production!K35 -> 0.0096702545 | AS78: =AS77/Production!L35 -> 0.0059264912
A80: EF NH3-N storage solid | B80: 0.29 | C80: 0.29 | D80: 0.29 | E80: 0.29 | F80: 0.29 | G80: 0.29 | H80: 0.29 | I80: 0.29 | J80: 0.29 | K80: 0.29 | L80: 0.29 | M80: 0.29 | N80: 0.29 | O80: 0.29 | P80: 0.29 | Q80: 0.29 | R80: 0.29 | S80: 0.29 | T80: 0.29 | U80: 0.29 | V80: 0.29 | W80: 0.29 | X80: 0.29 | Y80: 0.29 | Z80: 0.29 | AA80: 0.29 | AB80: 0.29 | AC80: 0.29 | AD80: 0.29 | AE80: 0.29 | AF80: 0.29 | AG80: 0.29 | AH80: 0.29 | AI80: 0.29 | AJ80: 0.29 | AK80: 0.29 | AL80: 0.29 | AM80: 0.29 | AN80: 0.29 | AO80: 0.29 | AP80: 0.29 | AQ80: 0.29 | AR80: 0.29 | AS80: 0.29 | AU80: EMEP/EEA 2019. Table 3.9
A81: EF NH3-N storage slurry | B81: 0.11 | C81: 0.11 | D81: 0.11 | E81: 0.11 | F81: 0.11 | G81: 0.11 | H81: 0.11 | I81: 0.11 | J81: 0.11 | K81: 0.11 | L81: 0.11 | M81: 0.11 | N81: 0.11 | O81: 0.11 | P81: 0.11 | Q81: 0.11 | R81: 0.11 | S81: 0.11 | T81: 0.11 | U81: 0.11 | V81: 0.11 | W81: 0.11 | X81: 0.11 | Y81: 0.11 | Z81: 0.11 | AA81: 0.11 | AB81: 0.11 | AC81: 0.11 | AD81: 0.11 | AE81: 0.11 | AF81: 0.11 | AG81: 0.11 | AH81: 0.11 | AI81: 0.11 | AJ81: 0.11 | AK81: 0.11 | AL81: 0.11 | AM81: 0.11 | AN81: 0.11 | AO81: 0.11 | AP81: 0.11 | AQ81: 0.11 | AR81: 0.11 | AS81: 0.11 | AU81: EMEP/EEA 2019. Table 3.9
A83: Emission of N2O-N from storage, kg per year, E_storage_N2O
A84: Solid | B84: =B67*B90 -> 6.5025496e-05 | C84: =C67*C90 -> 9.3012602e-07 | D84: =D67*D90 -> 0.00062014258 | E84: =E67*E90 -> 4.4024802e-05 | F84: =F67*F90 -> 0.0048739852 | G84: =G67*G90 -> 5.2306554e-05 | H84: =H67*H90 -> 0.031263104 | I84: =I67*I90 -> 0.0022237551 | ... AS84: =AS67*AS90 -> 0.0066553459
A85: Liquid | B85: =B68*B91 -> 0.051568335 | C85: =C68*C91 -> 0.00073763451 | D85: =D68*D91 -> 0.54146374 | E85: =E68*E91 -> 0.034913778 | F85: =F68*F91 -> 0.066897686 | G85: =G68*G91 -> 0.00071793148 | H85: =H68*H91 -> 0.4724299 | I85: =I68*I91 -> 0.03052206 | ... AS85: =AS68*AS91 -> 0.019112227
A86: Deep litter | B86: =B69*B90 -> 0.0020808159 | C86: =C69*C90 -> 2.9764033e-05 | D86: =D69*D90 -> 0.019844562 | E86: =E69*E90 -> 0.0014087937 | F86: =F69*F90 -> 0 | G86: =G69*G90 -> 0 | H86: =H69*H90 -> 0 | I86: =I69*I90 -> 0 | ... AS86: =AS69*AS90 -> 0.005657044
A87: Total | E87: =SUM(B84:E86) -> 0.65277755 | I87: =SUM(F84:I86) -> 0.60898073 | M87: =SUM(J84:M86) -> 0.6425791 | Q87: =SUM(N84:Q86) -> 0.63228823 | U87: =SUM(R84:U86) -> 0.62953941 | Y87: =SUM(V84:Y86) -> 0.67882707 | AC87: =SUM(Z84:AC86) -> 0.88690319 | AG87: =SUM(AD84:AG86) -> 0.63788153 | AK87: =SUM(AH84:AK86) -> 0.61882256 | AO87: =SUM(AL84:AO86) -> 0.54951736 | AS87: =SUM(AP84:AS86) -> 0.67633134
A88: Per kg meat/offal | E88: =E87/Production!B35 -> 0.00037162622 | I88: =I87/Production!C35 -> 0.00038560539 | M88: =M87/Production!D35 -> 0.00040146334 | Q88: =Q87/Production!E35 -> 0.00040264687 | U88: =U87/Production!F35 -> 0.00038185257 | Y88: =Y87/Production!G35 -> 0.00043091499 | AC88: =AC87/Production!H35 -> 0.00051435111 | AG88: =AG87/Production!I35 -> 0.00037240569 | AK88: =AK87/Production!J35 -> 0.00039407181 | AO88: =AO87/Production!K35 -> 0.00039034449 | AS88: =AS87/Production!L35 -> 0.00045023992
A90: EF N2O-N storage solid | B90: 0.01 | C90: 0.01 | D90: 0.01 | E90: 0.01 | F90: 0.01 | G90: 0.01 | H90: 0.01 | I90: 0.01 | J90: 0.01 | K90: 0.01 | L90: 0.01 | M90: 0.01 | N90: 0.01 | O90: 0.01 | P90: 0.01 | Q90: 0.01 | R90: 0.01 | S90: 0.01 | T90: 0.01 | U90: 0.01 | V90: 0.01 | W90: 0.01 | X90: 0.01 | Y90: 0.01 | Z90: 0.01 | AA90: 0.01 | AB90: 0.01 | AC90: 0.01 | AD90: 0.01 | AE90: 0.01 | AF90: 0.01 | AG90: 0.01 | AH90: 0.01 | AI90: 0.01 | AJ90: 0.01 | AK90: 0.01 | AL90: 0.01 | AM90: 0.01 | AN90: 0.01 | AO90: 0.01 | AP90: 0.01 | AQ90: 0.01 | AR90: 0.01 | AS90: 0.01 | AU90: EMEP/EEA 2019. Table 3.8, Pig manure heaps, solid | BA90: Här verkar alla använda litet olika och det slår ganska mycket
A91: EF N2O-N storage slurry | B91: 0.01 | C91: 0.01 | D91: 0.01 | E91: 0.01 | F91: 0.01 | G91: 0.01 | H91: 0.01 | I91: 0.01 | J91: 0.01 | K91: 0.01 | L91: 0.01 | M91: 0.01 | N91: 0.01 | O91: 0.01 | P91: 0.01 | Q91: 0.01 | R91: 0.01 | S91: 0.01 | T91: 0.01 | U91: 0.01 | V91: 0.01 | W91: 0.01 | X91: 0.01 | Y91: 0.01 | Z91: 0.01 | AA91: 0.01 | AB91: 0.01 | AC91: 0.01 | AD91: 0.01 | AE91: 0.01 | AF91: 0.01 | AG91: 0.01 | AH91: 0.01 | AI91: 0.01 | AJ91: 0.01 | AK91: 0.01 | AL91: 0.01 | AM91: 0.01 | AN91: 0.01 | AO91: 0.01 | AP91: 0.01 | AQ91: 0.01 | AR91: 0.01 | AS91: 0.01 | AU91: EMEP/EEA 2019. Table 3.8, Cattle slurry with natural crust
A93: Emission of NO and N2 from storage, kg per year, E_storage_NO and N2
A94: Solid | B94: =B67*(B98+B100) -> 0.0020157904 | C94: =C67*(C98+C100) -> 2.8833907e-05 | D94: =D67*(D98+D100) -> 0.01922442 | E94: =E67*(E98+E100) -> 0.0013647689 | F94: =F67*(F98+F100) -> 0.15109354 | G94: =G67*(G98+G100) -> 0.0016215032 | H94: =H67*(H98+H100) -> 0.96915622 | I94: =I67*(I98+I100) -> 0.068936408 | ... AS94: =AS67*(AS98+AS100) -> 0.20631572
A95: Liquid | B95: =B68*(B99+B101) -> 0.015986184 | C95: =C68*(C99+C101) -> 0.0002286667 | D95: =D68*(D99+D101) -> 0.16785376 | E95: =E68*(E99+E101) -> 0.010823271 | F95: =F68*(F99+F101) -> 0.020738283 | G95: =G68*(G99+G101) -> 0.00022255876 | H95: =H68*(H99+H101) -> 0.14645327 | I95: =I68*(I99+I101) -> 0.0094618387 | ... AS95: =AS68*(AS99+AS101) -> 0.0059247903
A96: Deep litter | B96: =B69*(B98+B100) -> 0.064505292 | C96: =C69*(C98+C100) -> 0.00092268501 | D96: =D69*(D98+D100) -> 0.61518144 | E96: =E69*(E98+E100) -> 0.043672604 | F96: =F69*(F98+F100) -> 0 | G96: =G69*(G98+G100) -> 0 | H96: =H69*(H98+H100) -> 0 | I96: =I69*(I98+I100) -> 0 | ... AS96: =AS69*(AS98+AS100) -> 0.17536836
A98: EF NOx-N storage solid | B98: 0.01 | C98: 0.01 | D98: 0.01 | E98: 0.01 | F98: 0.01 | G98: 0.01 | H98: 0.01 | I98: 0.01 | J98: 0.01 | K98: 0.01 | L98: 0.01 | M98: 0.01 | N98: 0.01 | O98: 0.01 | P98: 0.01 | Q98: 0.01 | R98: 0.01 | S98: 0.01 | T98: 0.01 | U98: 0.01 | V98: 0.01 | W98: 0.01 | X98: 0.01 | Y98: 0.01 | Z98: 0.01 | AA98: 0.01 | AB98: 0.01 | AC98: 0.01 | AD98: 0.01 | AE98: 0.01 | AF98: 0.01 | AG98: 0.01 | AH98: 0.01 | AI98: 0.01 | AJ98: 0.01 | AK98: 0.01 | AL98: 0.01 | AM98: 0.01 | AN98: 0.01 | AO98: 0.01 | AP98: 0.01 | AQ98: 0.01 | AR98: 0.01 | AS98: 0.01 | AU98: EMEP/EEA 2019. Table 3.10
A99: EF NOx-N storage slurry | B99: 0.0001 | C99: 0.0001 | D99: 0.0001 | E99: 0.0001 | F99: 0.0001 | G99: 0.0001 | H99: 0.0001 | I99: 0.0001 | J99: 0.0001 | K99: 0.0001 | L99: 0.0001 | M99: 0.0001 | N99: 0.0001 | O99: 0.0001 | P99: 0.0001 | Q99: 0.0001 | R99: 0.0001 | S99: 0.0001 | T99: 0.0001 | U99: 0.0001 | V99: 0.0001 | W99: 0.0001 | X99: 0.0001 | Y99: 0.0001 | Z99: 0.0001 | AA99: 0.0001 | AB99: 0.0001 | AC99: 0.0001 | AD99: 0.0001 | AE99: 0.0001 | AF99: 0.0001 | AG99: 0.0001 | AH99: 0.0001 | AI99: 0.0001 | AJ99: 0.0001 | AK99: 0.0001 | AL99: 0.0001 | AM99: 0.0001 | AN99: 0.0001 | AO99: 0.0001 | AP99: 0.0001 | AQ99: 0.0001 | AR99: 0.0001 | AS99: 0.0001 | AU99: EMEP/EEA 2019. Table 3.10
A100: EF N2 storage solid | B100: 0.3 | C100: 0.3 | D100: 0.3 | E100: 0.3 | F100: 0.3 | G100: 0.3 | H100: 0.3 | I100: 0.3 | J100: 0.3 | K100: 0.3 | L100: 0.3 | M100: 0.3 | N100: 0.3 | O100: 0.3 | P100: 0.3 | Q100: 0.3 | R100: 0.3 | S100: 0.3 | T100: 0.3 | U100: 0.3 | V100: 0.3 | W100: 0.3 | X100: 0.3 | Y100: 0.3 | Z100: 0.3 | AA100: 0.3 | AB100: 0.3 | AC100: 0.3 | AD100: 0.3 | AE100: 0.3 | AF100: 0.3 | AG100: 0.3 | AH100: 0.3 | AI100: 0.3 | AJ100: 0.3 | AK100: 0.3 | AL100: 0.3 | AM100: 0.3 | AN100: 0.3 | AO100: 0.3 | AP100: 0.3 | AQ100: 0.3 | AR100: 0.3 | AS100: 0.3 | AU100: EMEP/EEA 2019. Table 3.10
A101: EF N2 storage slurry | B101: 0.003 | C101: 0.003 | D101: 0.003 | E101: 0.003 | F101: 0.003 | G101: 0.003 | H101: 0.003 | I101: 0.003 | J101: 0.003 | K101: 0.003 | L101: 0.003 | M101: 0.003 | N101: 0.003 | O101: 0.003 | P101: 0.003 | Q101: 0.003 | R101: 0.003 | S101: 0.003 | T101: 0.003 | U101: 0.003 | V101: 0.003 | W101: 0.003 | X101: 0.003 | Y101: 0.003 | Z101: 0.003 | AA101: 0.003 | AB101: 0.003 | AC101: 0.003 | AD101: 0.003 | AE101: 0.003 | AF101: 0.003 | AG101: 0.003 | AH101: 0.003 | AI101: 0.003 | AJ101: 0.003 | AK101: 0.003 | AL101: 0.003 | AM101: 0.003 | AN101: 0.003 | AO101: 0.003 | AP101: 0.003 | AQ101: 0.003 | AR101: 0.003 | AS101: 0.003 | AU101: EMEP/EEA 2019. Table 3.10
A103: Remaining TAN after storage losses, kg per year, m_applic, TAN
A104: Solid | B104: =B67-B74-B84-B94 -> 0.0025359943 | C104: =C67-C74-C84-C94 -> 3.6274915e-05 | D104: =D67-D74-D84-D94 -> 0.024185561 | E104: =E67-E74-E84-E94 -> 0.0017169673 | F104: =F67-F74-F84-F94 -> 0.19008542 | G104: =G67-G74-G84-G94 -> 0.0020399556 | H104: =H67-H74-H84-H94 -> 1.2192611 | I104: =I67-I74-I84-I94 -> 0.086726448 | ... AS104: =AS67-AS74-AS84-AS94 -> 0.25955849
A105: Liquid | B105: =B68-B75-B85-B95 -> 4.5220273 | C105: =C68-C75-C85-C95 -> 0.064683171 | D105: =D68-D75-D85-D95 -> 47.480956 | E105: =E68-E75-E85-E95 -> 3.0615892 | F105: =F68-F75-F85-F95 -> 5.8662581 | G105: =G68-G75-G85-G95 -> 0.062955412 | H105: =H68-H75-H85-H95 -> 41.427378 | I105: =I68-I75-I85-I95 -> 2.6764795 | ... AS105: =AS68-AS75-AS85-AS95 -> 1.6759512
A106: Deep litter | B106: =B69-B76-B86-B96 -> 0.081151819 | C106: =C69-C76-C86-C96 -> 0.0011607973 | D106: =D69-D76-D86-D96 -> 0.77393794 | E106: =E69-E76-E86-E96 -> 0.054942953 | F106: =F69-F76-F86-F96 -> 0 | G106: =G69-G76-G86-G96 -> 0 | H106: =H69-H76-H86-H96 -> 0 | I106: =I69-I76-I86-I96 -> 0 | ... AS106: =AS69-AS76-AS86-AS96 -> 0.22062472
A108: Emission of NH3-N from application, kg per year, E_application_ammonia | AU108: Step 12
A109: Solid | B109: =B104*B115 -> 0.0011411974 | C109: =C104*C115 -> 1.6323712e-05 | D109: =D104*D115 -> 0.010883502 | E109: =E104*E115 -> 0.00077263528 | F109: =F104*F115 -> 0.08553844 | G109: =G104*G115 -> 0.00091798002 | H109: =H104*H115 -> 0.54866747 | I109: =I104*I115 -> 0.039026902 | ... AS109: =AS104*AS115 -> 0.11680132
A110: Liquid | B110: =B105*B116 -> 1.3113879 | C110: =C105*C116 -> 0.018758119 | D110: =D105*D116 -> 18.992382 | E110: =E105*E116 -> 0.88786088 | F110: =F105*F116 -> 1.7012149 | G110: =G105*G116 -> 0.018257069 | H110: =H105*H116 -> 16.570951 | I110: =I105*I116 -> 0.77617905 | ... AS110: =AS105*AS116 -> 0.48602584
A111: Deep litter | B111: =B106*B115 -> 0.036518318 | C111: =C106*C115 -> 0.00052235877 | D111: =D106*D115 -> 0.34827207 | E111: =E106*E115 -> 0.024724329 | F111: =F106*F115 -> 0 | G111: =G106*G115 -> 0 | H111: =H106*H115 -> 0 | I111: =I106*I115 -> 0 | ... AS111: =AS106*AS115 -> 0.099281122
A112: Total | E112: =SUM(B109:E111) -> 21.63324 | I112: =SUM(F109:I111) -> 19.740753 | M112: =SUM(J109:M111) -> 19.958722 | Q112: =SUM(N109:Q111) -> 19.885328 | U112: =SUM(R109:U111) -> 17.944004 | Y112: =SUM(V109:Y111) -> 22.043896 | AC112: =SUM(Z109:AC111) -> 29.957298 | AG112: =SUM(AD109:AG111) -> 21.063307 | AK112: =SUM(AH109:AK111) -> 13.196138 | AO112: =SUM(AL109:AO111) -> 11.69213 | AS112: =SUM(AP109:AS111) -> 21.081761
A113: Per kg of meat&offal | E113: =E112/Production!B35 -> 0.012315802 | I113: =I112/Production!C35 -> 0.012499806 | M113: =M112/Production!D35 -> 0.012469586 | Q113: =Q112/Production!E35 -> 0.012663157 | U113: =U112/Production!F35 -> 0.010884091 | Y113: =Y112/Production!G35 -> 0.013993321 | AC113: =AC112/Production!H35 -> 0.017373452 | AG113: =AG112/Production!I35 -> 0.012297104 | AK113: =AK112/Production!J35 -> 0.00840342 | AO113: =AO112/Production!K35 -> 0.0083053946 | AS113: =AS112/Production!L35 -> 0.01403432
A115: EF NH3-N application solid | B115: 0.45 | C115: 0.45 | D115: 0.45 | E115: 0.45 | F115: 0.45 | G115: 0.45 | H115: 0.45 | I115: 0.45 | J115: 0.45 | K115: 0.45 | L115: 0.45 | M115: 0.45 | N115: 0.45 | O115: 0.45 | P115: 0.45 | Q115: 0.45 | R115: 0.45 | S115: 0.45 | T115: 0.45 | U115: 0.45 | V115: 0.45 | W115: 0.45 | X115: 0.45 | Y115: 0.45 | Z115: 0.45 | AA115: 0.45 | AB115: 0.45 | AC115: 0.45 | AD115: 0.45 | AE115: 0.45 | AF115: 0.45 | AG115: 0.45 | AH115: 0.45 | AI115: 0.45 | AJ115: 0.45 | AK115: 0.45 | AL115: 0.45 | AM115: 0.45 | AN115: 0.45 | AO115: 0.45 | AP115: 0.45 | AQ115: 0.45 | AR115: 0.45 | AS115: 0.45 | AU115: EMEP/EEA 2019. Table 3.9
A116: EF NH3-N application slurry | B116: 0.29 | C116: 0.29 | D116: 0.4 | E116: 0.29 | F116: 0.29 | G116: 0.29 | H116: 0.4 | I116: 0.29 | J116: 0.29 | K116: 0.29 | L116: 0.4 | M116: 0.29 | N116: 0.29 | O116: 0.29 | P116: 0.4 | Q116: 0.29 | R116: 0.29 | S116: 0.29 | T116: 0.4 | U116: 0.29 | V116: 0.29 | W116: 0.29 | X116: 0.4 | Y116: 0.29 | Z116: 0.29 | AA116: 0.29 | AB116: 0.4 | AC116: 0.29 | AD116: 0.29 | AE116: 0.29 | AF116: 0.4 | AG116: 0.29 | AH116: 0.29 | AI116: 0.29 | AJ116: 0.4 | AK116: 0.29 | AL116: 0.29 | AM116: 0.29 | AN116: 0.4 | AO116: 0.29 | AP116: 0.29 | AQ116: 0.29 | AR116: 0.4 | AS116: 0.29 | AU116: EMEP/EEA 2019. Table 3.9 | AX116: Varför är det olika här för suggor och slaktsvin? Rasmus undersöker.
A117: EF N2O volatilization | B117: 0.01 | F117: 0.01 | J117: 0.01 | N117: 0.01 | R117: 0.01 | V117: 0.01 | Z117: 0.01 | AD117: 0.01 | AH117: 0.01 | AL117: 0.01 | AP117: 0.01 | AU117: IPCC, 2019
A119: Remaining TAN after application losses, kg per year, m_returned, TAN
A120: Solid | B120: =B104-B109 -> 0.0013947969 | C120: =C104-C109 -> 1.9951203e-05 | D120: =D104-D109 -> 0.013302058 | E120: =E104-E109 -> 0.00094433201 | F120: =F104-F109 -> 0.10454698 | G120: =G104-G109 -> 0.0011219756 | H120: =H104-H109 -> 0.67059358 | I120: =I104-I109 -> 0.047699547 | ... AS120: =AS104-AS109 -> 0.14275717
A121: Liquid | B121: =B105-B110 -> 3.2106394 | C121: =C105-C110 -> 0.045925051 | D121: =D105-D110 -> 28.488573 | E121: =E105-E110 -> 2.1737284 | F121: =F105-F110 -> 4.1650433 | G121: =G105-G110 -> 0.044698342 | H121: =H105-H110 -> 24.856427 | I121: =I105-I110 -> 1.9003004 | ... AS121: =AS105-AS110 -> 1.1899253
A122: Deep litter | B122: =B106-B111 -> 0.0446335 | C122: =C106-C111 -> 0.0006384385 | D122: =D106-D111 -> 0.42566587 | E122: =E106-E111 -> 0.030218624 | F122: =F106-F111 -> 0 | G122: =G106-G111 -> 0 | H122: =H106-H111 -> 0 | I122: =I106-I111 -> 0 | ... AS122: =AS106-AS111 -> 0.12134359
...

Sheet CO2 per kg feed
A2: Emissions of CO2 from feed crops (per kg of crop) | G2: Columns G-Q copied straight from RPC filerna for all feeds except for rape seed cake and soy bean meal
A4: Crops | F4: Sum | G4: Inputs | I4: Soil emissions | K4: Energy use | O4: Land use change | P4: Feed processing | Q4: Transports | R4: Share
A5: Code | B5: Crops | C5: Categories | D5: Country | E5: Country code | G5: Production of mineral fertilizer | H5: Production of capital goods | I5: Direct emissions | J5: Indirect emissions | K5: Diesel use field mach | L5: Energy use in greenhouses | M5: Energy use for irrigation | N5: Energy use for post-harvest proc | O5: LUC emissions | Q5: Transports of feed
A6: 0115 | B6: Barley, average | C6: Cereals, incl feed | D6: Denmark | E6: DK | F6: =SUM(G6:Q6) -> 0.164 | G6: 0.064 | H6: 0.027 | I6: 0 | K6: 0.033 | M6: 0 | N6: 0.04 | R6: ='Parameters, country spec'!B21 -> 0.35358045
A7: 0112 | B7: Maize (corn) | C7: Cereals, incl feed | D7: Denmark | E7: DK | F7: =SUM(G7:Q7) -> 0.161 | G7: 0.063 | H7: 0.027 | I7: 0 | K7: 0.027 | M7: 0.004 | N7: 0.04 | R7: ='Parameters, country spec'!B22 -> 0.021278165
A8: 0117 | B8: Oats | C8: Cereals, incl feed | D8: Denmark | E8: DK | F8: =SUM(G8:Q8) -> 0.162 | G8: 0.057 | H8: 0.027 | I8: 0 | K8: 0.038 | M8: 0 | N8: 0.04 | R8: ='Parameters, country spec'!B23 -> 0.0059387583
A9: 0116 | B9: Rye | C9: Cereals, incl feed | D9: Denmark | E9: DK | F9: =SUM(G9:Q9) -> 0.148 | G9: 0.05 | H9: 0.027 | I9: 0 | K9: 0.031 | M9: 0 | N9: 0.04 | R9: ='Parameters, country spec'!B24 -> 0.004308502
A10: 0111 | B10: Wheat, average | C10: Cereals, incl feed | D10: Denmark | E10: DK | F10: =SUM(G10:Q10) -> 0.166 | G10: 0.074 | H10: 0.027 | I10: 0 | K10: 0.025 | M10: 0 | N10: 0.04 | R10: ='Parameters, country spec'!B25 -> 0.36499406
A11: 01705 | B11: Peas, dry | C11: Pulses, incl feed | D11: Denmark | E11: DK | F11: =SUM(G11:Q11) -> 0.112 | G11: 0 | H11: 0.027 | I11: 0 | K11: 0.045 | M11: 0 | N11: 0.04 | R11: ='Parameters, country spec'!B26 -> 0.00086328274
A12: 01702 | B12: Broad beans and horse beans, dry | C12: Pulses, incl feed | D12: Denmark | E12: DK | F12: =SUM(G12:Q12) -> 0.126 | G12: 0.003 | H12: 0.027 | I12: 0 | K12: 0.047 | M12: 0.009 | N12: 0.04 | R12: ='Parameters, country spec'!B27 -> 0.00084802814
B13: Rape seed cake | C13: Protein feed | D13: France, Germany, Poland | F13: =SUM(G13:Q13) -> 0.27085685 | G13: ='Off-farm feed'!$F$74 -> 0.11176753 | H13: ='Off-farm feed'!$G$74 -> 0.013034483 | I13: ='Off-farm feed'!$H$74 -> 0 | K13: ='Off-farm feed'!$J$74 -> 0.02468874 | M13: ='Off-farm feed'!$L$74 -> 0.00019317593 | N13: ='Off-farm feed'!$M$74 -> 0.036802129 | O13: ='Off-farm feed'!$N$74 -> 0 | P13: ='Off-farm feed'!$O$74 -> 0.021170792 | Q13: ='Off-farm feed'!$P$74 -> 0.0632 | R13: ='Parameters, country spec'!B28 -> 0.054197384
