Workbook

Sheet Scherer
A1: Animal welfare index | H1: Blue number are inputed here | K1: Black are calculated
B2: DK | C2: FR | D2: DE | E2: GR | F2: HU | G2: IE | H2: IT | I2: NL | J2: PL | K2: ES | L2: SE | M2: UK | N2: NZ | O2: Utopia | P2: Dystopia | Q2: Assumptions and comments: | R2: Source: | S2: fem kalvar per ko (livstidsproduktion) räknat från Gård&Djurhälsan, 2023 men det ska väl användas för beef parent cow
A3: beef suckler tot welfare index | B3: =B13+B4 -> 0.29560176 | C3: =C13+C4 -> 0.28068068 | D3: =D13+D4 -> 0.31780714 | E3: =E13+E4 -> 0.32250669 | F3: =F13+F4 -> 0.34083494 | G3: =G13+G4 -> 0.28690759 | H3: =H13+H4 -> 0.3851282 | I3: =I13+I4 -> 0.28596768 | ... M3: =M13+M4 -> 0.26681701 | O3: =O13+O4 -> 0.00033131845 | P3: =P13+P4 -> 1.6565922 | S3: Per suckler herd per yr??? | T3: No of animals | U3: Slaughtering weight | V3: Meat produced (bonefree weight)
A4: welfare index beef parent | B4: =B7*B6*B5*100 -> 0.028314795 | C4: =C7*C6*C5*100 -> 0.034639607 | D4: =D7*D6*D5*100 -> 0.032896857 | E4: =E7*E6*E5*100 -> 0.034757096 | F4: =F7*F6*F5*100 -> 0.03722436 | G4: =G7*G6*G5*100 -> 0.036754405 | H4: =H7*H6*H5*100 -> 0.037459338 | I4: =I7*I6*I5*100 -> 0.033954256 | ... M4: =M7*M6*M5*100 -> 0.035462029 | O4: =O7*O6*O5*100 -> 5.8744388e-05 | P4: =P7*P6*P5*100 -> 0.29372194 | S4: Suckler cows | T4: 1 | U4: 400 | V4: =T4*U4*0.7 -> 280 | W4: =T4/V6 -> 0.00066445183
A5: beef parent level | B5: =(2*(B8+B9+B11))+B10 -> 0.482 | C5: =(2*(C8+C9+C11))+C10 -> 0.58966667 | D5: =(2*(D8+D9+D11))+D10 -> 0.56 | E5: =(2*(E8+E9+E11))+E10 -> 0.59166667 | F5: =(2*(F8+F9+F11))+F10 -> 0.63366667 | G5: =(2*(G8+G9+G11))+G10 -> 0.62566667 | H5: =(2*(H8+H9+H11))+H10 -> 0.63766667 | I5: =(2*(I8+I9+I11))+I10 -> 0.578 | ... M5: =(2*(M8+M9+M11))+M10 -> 0.60366667 | O5: =(2*(O8+O9+O11))+O10 -> 0.001 | P5: =(2*(P8+P9+P11))+P10 -> 5 | S5: Young animals | T5: 5 | U5: 350 | V5: =T5*U5*0.7 -> 1225 | W5: =T5/V6 -> 0.0033222591
A6: beef parent ability | B6: =Ability!$B$5 -> 0.88410303 | C6: =Ability!$B$5 -> 0.88410303 | D6: =Ability!$B$5 -> 0.88410303 | E6: =Ability!$B$5 -> 0.88410303 | F6: =Ability!$B$5 -> 0.88410303 | G6: =Ability!$B$5 -> 0.88410303 | H6: =Ability!$B$5 -> 0.88410303 | I6: =Ability!$B$5 -> 0.88410303 | ... M6: =Ability!$B$5 -> 0.88410303 | O6: =Ability!$B$5 -> 0.88410303 | P6: =Ability!$B$5 -> 0.88410303 | Q6: Value for ruminats | S6: Sum meat | V6: =V4+V5 -> 1505 | W6: kg meat
A7: beef parent no per kg meat | B7: =$W$4 -> 0.00066445183 | C7: =$W$4 -> 0.00066445183 | D7: =$W$4 -> 0.00066445183 | E7: =$W$4 -> 0.00066445183 | F7: =$W$4 -> 0.00066445183 | G7: =$W$4 -> 0.00066445183 | H7: =$W$4 -> 0.00066445183 | I7: =$W$4 -> 0.00066445183 | ... M7: =$W$4 -> 0.00066445183 | O7: =$W$4 -> 0.00066445183 | P7: =$W$4 -> 0.00066445183 | Q7: Lotta - dödlighet dikor 2% i Ahlgren et al - ANVÄNDA???? | R7: Vi kan ta ett värde mittemellan de två referenserna. Men jag förstår inte var Ahlgren har fått 2% ifrån (otydlig hänvisning)
A8: beef parent mortality | B8: 0.03 | C8: 0.03 | D8: 0.03 | E8: 0.03 | F8: 0.03 | G8: 0.03 | H8: 0.03 | I8: 0.03 | J8: 0.03 | K8: 0.03 | L8: 0.03 | M8: 0.03 | O8: 0 | P8: 0.5 | Q8: Assumed 3% based on Ahlgren et al, 2022 (2%) and 60% of dairy cow mortality, based on Thomson et al, 2020 (4%) | R8: Assumption
A9: beef parent disease | B9: 0.04 | C9: 0.04 | D9: 0.04 | E9: 0.04 | F9: 0.04 | G9: 0.04 | H9: 0.04 | I9: 0.04 | J9: 0.04 | K9: 0.04 | L9: 0.04 | M9: 0.04 | O9: 0 | P9: 0.5 | Q9: No data found; assumed 25% of dairy cow disease | R9: Assumption | S9: Saknar källa. Mastit hos dikor 1,5% (Andersson, 2028) och 7,9% på mjölkkor (Växa 2023b) Gammal anonym källa säger 2% (slutrapport SLF troligen fr 2005)
A10: beef parent slaughter | B10: =Slaughtering!$C$6 -> 0.25 | C10: =Slaughtering!$E$6 -> 0.34166667 | D10: =Slaughtering!$G$6 -> 0.25 | E10: =Slaughtering!$I$6 -> 0.34166667 | F10: =Slaughtering!$K$6 -> 0.34166667 | G10: =Slaughtering!$M$6 -> 0.34166667 | H10: =Slaughtering!$O$6 -> 0.34166667 | I10: =Slaughtering!$Q$6 -> 0.25 | J10: =Slaughtering!$S$6 -> 0.34166667 | K10: =Slaughtering!$U$6 -> 0.34166667 | L10: =Slaughtering!$W$6 -> 0.25 | M10: =Slaughtering!$Y$6 -> 0.34166667 | O10: 0.001 | P10: 1 | R10: Tab "Slaughtering" | S10: Från Ahlgren et al (2022):
A11: beef parent space | B11: 0.046 | C11: 0.054 | D11: 0.085 | E11: 0.055 | F11: 0.076 | G11: 0.072 | H11: 0.078 | I11: 0.094 | J11: 0.122 | K11: 0.053 | L11: 0.072 | M11: 0.061 | O11: 0 | P11: 1 | Q11: Assuming all animals on pasture during the grazing season and free-range indoor during the stable season
B12: =B16*((2-6/(365*24))*B14+6/(365*24))*B15 -> 0.0053459203
A13: welfare index beef calves 24m suckler syst | B13: =B16*B15*B14*100 -> 0.26728696 | C13: =C16*C15*C14*100 -> 0.24604108 | D13: =D16*D15*D14*100 -> 0.28491028 | E13: =E16*E15*E14*100 -> 0.28774959 | F13: =F16*F15*F14*100 -> 0.30361058 | G13: =G16*G15*G14*100 -> 0.25015318 | H13: =H16*H15*H14*100 -> 0.34766887 | I13: =I16*I15*I14*100 -> 0.25201342 | ... M13: =M16*M15*M14*100 -> 0.23135498 | O13: =O16*O15*O14*100 -> 0.00027257406 | P13: =P16*P15*P14*100 -> 1.3628703
A14: beef calves 24m level | B14: =(2*(B17+B18+B20))+B19 -> 0.91 | C14: =(2*(C17+C18+C20))+C19 -> 0.83766667 | D14: =(2*(D17+D18+D20))+D19 -> 0.97 | E14: =(2*(E17+E18+E20))+E19 -> 0.97966667 | F14: =(2*(F17+F18+F20))+F19 -> 1.0336667 | G14: =(2*(G17+G18+G20))+G19 -> 0.85166667 | H14: =(2*(H17+H18+H20))+H19 -> 1.1836667 | I14: =(2*(I17+I18+I20))+I19 -> 0.858 | ... M14: =(2*(M17+M18+M20))+M19 -> 0.78766667 | O14: =(2*(O17+O18+O20))+O19 -> 0.001 | P14: =(2*(P17+P18+P20))+P19 -> 5
A15: beef calves 24m ability | B15: =Ability!$B$5 -> 0.88410303 | C15: =Ability!$B$5 -> 0.88410303 | D15: =Ability!$B$5 -> 0.88410303 | E15: =Ability!$B$5 -> 0.88410303 | F15: =Ability!$B$5 -> 0.88410303 | G15: =Ability!$B$5 -> 0.88410303 | H15: =Ability!$B$5 -> 0.88410303 | I15: =Ability!$B$5 -> 0.88410303 | ... M15: =Ability!$B$5 -> 0.88410303 | O15: =Ability!$B$6 -> 0.82044792 | P15: =Ability!$B$6 -> 0.82044792
A16: beef calves 24m no per kg meat | B16: =$W$5 -> 0.0033222591 | C16: =$W$5 -> 0.0033222591 | D16: =$W$5 -> 0.0033222591 | E16: =$W$5 -> 0.0033222591 | F16: =$W$5 -> 0.0033222591 | G16: =$W$5 -> 0.0033222591 | H16: =$W$5 -> 0.0033222591 | I16: =$W$5 -> 0.0033222591 | ... M16: =$W$5 -> 0.0033222591 | O16: =$W$5 -> 0.0033222591 | P16: =$W$5 -> 0.0033222591
A17: beef calves 24m mortality | B17: 0.042 | C17: 0.042 | D17: 0.042 | E17: 0.042 | F17: 0.042 | G17: 0.042 | H17: 0.042 | I17: 0.042 | J17: 0.042 | K17: 0.042 | L17: 0.042 | M17: 0.042 | O17: 0 | P17: 0.5 | Q17: Mortality of live born from birth to slaughter. Based on combination of Swedish data. Most calves die first week and in UK 4.4% of suckler calves died from day 1 to day 21 (AHDP, 2021) | R17: Jordbruksverket 2012; 2022;2023; | S17: 2,7+1,5=4,2. Kombination av Jordbruksverket 2023 (4,7 tot vid 6 mån) och Jordbruksverket 2022 (2,7 dikokalv och 6,0 mjölkkokalv, tot 4,7 vid 6 mån) och Jordbruksverket 2012 (1,5% under 6-24 mån, tabell 2.14)
A18: beef calves 24m disease | B18: 0.05 | C18: 0.05 | D18: 0.05 | E18: 0.05 | F18: 0.05 | G18: 0.05 | H18: 0.05 | I18: 0.05 | J18: 0.05 | K18: 0.05 | L18: 0.05 | M18: 0.05 | O18: 0 | P18: 0.5 | Q18: Lower disease and injury risk for beef than dairy calves, and for calves raised to 18m than for veal calves (Mandel et al, 2022). Assumed value set to 50% of the value for young dairy calves. | R18: Jordbruksverket 2012; 2022; 2023; Mandel et al, 2022
A19: beef calves 24m slaughter | B19: =Slaughtering!$C$6 -> 0.25 | C19: =Slaughtering!$E$6 -> 0.34166667 | D19: =Slaughtering!$G$6 -> 0.25 | E19: =Slaughtering!$I$6 -> 0.34166667 | F19: =Slaughtering!$K$6 -> 0.34166667 | G19: =Slaughtering!$M$6 -> 0.34166667 | H19: =Slaughtering!$O$6 -> 0.34166667 | I19: =Slaughtering!$Q$6 -> 0.25 | J19: =Slaughtering!$S$6 -> 0.34166667 | K19: =Slaughtering!$U$6 -> 0.34166667 | L19: =Slaughtering!$W$6 -> 0.25 | M19: =Slaughtering!$Y$6 -> 0.34166667 | O19: 0.001 | P19: 1 | R19: Tab "Slaughtering"
A20: beef calves 24m space | B20: 0.238 | C20: 0.156 | D20: 0.268 | E20: 0.227 | F20: 0.254 | G20: 0.163 | H20: 0.329 | I20: 0.212 | J20: 0.298 | K20: 0.119 | L20: 0.135 | M20: 0.131 | O20: 0 | P20: 1
A21: dairy calf 9m tot welfare index | B21: =B24*B23*B22*100 -> 0.3859387 | C21: =C24*C23*C22*100 -> 0.49604281 | D21: =D24*D23*D22*100 -> 0.45091818 | E21: =E24*E23*E22*100 -> 0.49604281 | F21: =F24*F23*F22*100 -> 0.49604281 | G21: =G24*G23*G22*100 -> 0.49604281 | H21: =H24*H23*H22*100 -> 0.49604281 | I21: =I24*I23*I22*100 -> 0.45091818 | ... M21: =M24*M23*M22*100 -> 0.46749122 | O21: =O24*O23*O22*100 -> 0.00049226875 | P21: =P24*P23*P22*100 -> 2.4613438 | Q21: Parent (cow) is not included; all welfare isssues are allocated to the dairy production
A22: dairy calf 9m level | B22: =(2*(B25+B26+B28))+B27 -> 0.784 | C22: =(2*(C25+C26+C28))+C27 -> 1.0076667 | D22: =(2*(D25+D26+D28))+D27 -> 0.916 | E22: =(2*(E25+E26+E28))+E27 -> 1.0076667 | F22: =(2*(F25+F26+F28))+F27 -> 1.0076667 | G22: =(2*(G25+G26+G28))+G27 -> 1.0076667 | H22: =(2*(H25+H26+H28))+H27 -> 1.0076667 | I22: =(2*(I25+I26+I28))+I27 -> 0.916 | ... M22: =(2*(M25+M26+M28))+M27 -> 0.94966667 | O22: =(2*(O25+O26+O28))+O27 -> 0.001 | P22: =(2*(P25+P26+P28))+P27 -> 5
A23: dairy calf 9m ability | B23: =Ability!$B$6 -> 0.82044792 | C23: =Ability!$B$6 -> 0.82044792 | D23: =Ability!$B$6 -> 0.82044792 | E23: =Ability!$B$6 -> 0.82044792 | F23: =Ability!$B$6 -> 0.82044792 | G23: =Ability!$B$6 -> 0.82044792 | H23: =Ability!$B$6 -> 0.82044792 | I23: =Ability!$B$6 -> 0.82044792 | ... M23: =Ability!$B$6 -> 0.82044792 | O23: =Ability!$B$6 -> 0.82044792 | P23: =Ability!$B$6 -> 0.82044792 | Q23: Var kommer slaktvikten nedan ifrån?
A24: dairy calf 9m no per kg meat | B24: 0.006 | C24: 0.006 | D24: 0.006 | E24: 0.006 | F24: 0.006 | G24: 0.006 | H24: 0.006 | I24: 0.006 | J24: 0.006 | K24: 0.006 | L24: 0.006 | M24: 0.006 | O24: 0.006 | P24: 0.006 | Q24: Här ska vi ha 1/(slaktvikt (240 kg)*0.7), vi antar bara mjölkras och all impact för moderdjuren hamnar för mjölken
A25: dairy calf 9m mortality | B25: 0.065 | C25: 0.065 | D25: 0.065 | E25: 0.065 | F25: 0.065 | G25: 0.065 | H25: 0.065 | I25: 0.065 | J25: 0.065 | K25: 0.065 | L25: 0.065 | M25: 0.065 | O25: 0 | P25: 0.5 | Q25: Mortality of liveborn from birth to slaughter. Based on combination of Swedish data | R25: Jordbruksverket 2012; 2022; 2023; | S25: Kombination av Jordbruksverket 2023 (4,7 tot vid 6 mån) och Jordbruksverket 2022 (2,7 dikokalv och 6,0 mjölkkokalv, tot 4,7 vid 6 mån) och Jordbruksverket 2012 (0,5% under 6-9 mån, tabell 2.14)
A26: dairy calf 9m disease | B26: 0.1 | C26: 0.1 | D26: 0.1 | E26: 0.1 | F26: 0.1 | G26: 0.1 | H26: 0.1 | I26: 0.1 | J26: 0.1 | K26: 0.1 | L26: 0.1 | M26: 0.1 | O26: 0 | P26: 0.5 | Q26: Data are scarce. 10% is an assumed value within a range from 4% (0-15m, calculated from Jordbruksverket, 2023b) to 23% (0-3m, Svensson et al, 2003). | R26: Jordbruksverket 2023b, Svensson et al, 2003
A27: dairy calf 9m slaughter | B27: =Slaughtering!$C$6 -> 0.25 | C27: =Slaughtering!$E$6 -> 0.34166667 | D27: =Slaughtering!$G$6 -> 0.25 | E27: =Slaughtering!$I$6 -> 0.34166667 | F27: =Slaughtering!$K$6 -> 0.34166667 | G27: =Slaughtering!$M$6 -> 0.34166667 | H27: =Slaughtering!$O$6 -> 0.34166667 | I27: =Slaughtering!$Q$6 -> 0.25 | J27: =Slaughtering!$S$6 -> 0.34166667 | K27: =Slaughtering!$U$6 -> 0.34166667 | L27: =Slaughtering!$W$6 -> 0.25 | M27: =Slaughtering!$Y$6 -> 0.34166667 | O27: 0.001 | P27: 1 | R27: Tab "Slaughtering"
A28: dairy calf 9m space | B28: 0.102 | C28: 0.168 | D28: 0.168 | E28: 0.168 | F28: 0.168 | G28: 0.168 | H28: 0.168 | I28: 0.168 | J28: 0.168 | K28: 0.168 | L28: 0.163 | M28: 0.139 | O28: 0 | P28: 1 | Q28: Assuming all animals indoors all year
A29: dairy calf 24m tot welfare index | B29: =B32*B31*B30*100 -> 0.20061451 | C29: =C32*C31*C30*100 -> 0.24631609 | D29: =D32*D31*D30*100 -> 0.28238673 | E29: =E32*E31*E30*100 -> 0.28502161 | F29: =F32*F31*F30*100 -> 0.29974061 | G29: =G32*G31*G30*100 -> 0.25013213 | H29: =H32*H31*H30*100 -> 0.34062672 | I29: =I32*I31*I30*100 -> 0.25185843 | ... M29: =M32*M31*M30*100 -> 0.23268739 | O29: =O32*O31*O30*100 -> 0.00027257406 | P29: =P32*P31*P30*100 -> 1.3628703 | Q29: Parent (cow) is not included; all welfare isssues are allocated to the dairy production
A30: dairy calves 24m level | B30: =(2*(B33+B34+B36))+B35 -> 0.736 | C30: =(2*(C33+C34+C36))+C35 -> 0.90366667 | D30: =(2*(D33+D34+D36))+D35 -> 1.036 | E30: =(2*(E33+E34+E36))+E35 -> 1.0456667 | F30: =(2*(F33+F34+F36))+F35 -> 1.0996667 | G30: =(2*(G33+G34+G36))+G35 -> 0.91766667 | H30: =(2*(H33+H34+H36))+H35 -> 1.2496667 | I30: =(2*(I33+I34+I36))+I35 -> 0.924 | ... M30: =(2*(M33+M34+M36))+M35 -> 0.85366667 | O30: =(2*(O33+O34+O36))+O35 -> 0.001 | P30: =(2*(P33+P34+P36))+P35 -> 5
A31: dairy calves 24m ability | B31: =Ability!$B$6 -> 0.82044792 | C31: =Ability!$B$6 -> 0.82044792 | D31: =Ability!$B$6 -> 0.82044792 | E31: =Ability!$B$6 -> 0.82044792 | F31: =Ability!$B$6 -> 0.82044792 | G31: =Ability!$B$6 -> 0.82044792 | H31: =Ability!$B$6 -> 0.82044792 | I31: =Ability!$B$6 -> 0.82044792 | ... M31: =Ability!$B$6 -> 0.82044792 | O31: =Ability!$B$6 -> 0.82044792 | P31: =Ability!$B$6 -> 0.82044792 | Q31: Är rad 33 rätt? Det är inte 1/slaktvikt utan tagit från tabellen ovan, men borde det inte vara samma sak här som för 9m??
A32: dairy calves 24m no per kg meat | B32: =$W$5 -> 0.0033222591 | C32: =$W$5 -> 0.0033222591 | D32: =$W$5 -> 0.0033222591 | E32: =$W$5 -> 0.0033222591 | F32: =$W$5 -> 0.0033222591 | G32: =$W$5 -> 0.0033222591 | H32: =$W$5 -> 0.0033222591 | I32: =$W$5 -> 0.0033222591 | ... M32: =$W$5 -> 0.0033222591 | O32: =$W$5 -> 0.0033222591 | P32: =$W$5 -> 0.0033222591 | Q32: Här ska vi ha 1/(slaktvikt*0.7), vi antar bara mjölkras och all impact för moderdjuren hamnar för mjölken
A33: dairy calves 24m mortality | B33: 0.075 | C33: 0.075 | D33: 0.075 | E33: 0.075 | F33: 0.075 | G33: 0.075 | H33: 0.075 | I33: 0.075 | J33: 0.075 | K33: 0.075 | L33: 0.075 | M33: 0.075 | O33: 0 | P33: 0.5 | Q33: Mortality of liveborn from birth to slaughter. Based on combination of Swedish data | R33: Jordbruksverket 2012; 2022; 2023; | S33: Kombination av Jordbruksverket 2023 (4,7 tot vid 6 mån) och Jordbruksverket 2022 (2,7 dikokalv och 6,0 mjölkkokalv, tot 4,7 vid 6 mån) och Jordbruksverket 2012 (1,5% under 6-24 mån, tabell 2.14)
A34: dairy calves 24m disease | B34: 0.05 | C34: 0.05 | D34: 0.05 | E34: 0.05 | F34: 0.05 | G34: 0.05 | H34: 0.05 | I34: 0.05 | J34: 0.05 | K34: 0.05 | L34: 0.05 | M34: 0.05 | O34: 0 | P34: 0.5 | Q34: Lower disease and injury risk for beef than dairy calves, and for calves raised to 18m than for veal calves (Mandel et al, 2022). Assumed value set to 50% of the value for young dairy calves. | R34: Jordbruksverket 2023b, Svensson et al, 2003
A35: dairy calves 24m slaughter | B35: =Slaughtering!$C$6 -> 0.25 | C35: =Slaughtering!$E$6 -> 0.34166667 | D35: =Slaughtering!$G$6 -> 0.25 | E35: =Slaughtering!$I$6 -> 0.34166667 | F35: =Slaughtering!$K$6 -> 0.34166667 | G35: =Slaughtering!$M$6 -> 0.34166667 | H35: =Slaughtering!$O$6 -> 0.34166667 | I35: =Slaughtering!$Q$6 -> 0.25 | J35: =Slaughtering!$S$6 -> 0.34166667 | K35: =Slaughtering!$U$6 -> 0.34166667 | L35: =Slaughtering!$W$6 -> 0.25 | M35: =Slaughtering!$Y$6 -> 0.34166667 | O35: 0.001 | P35: 1 | R35: Tab "Slaughtering"
A36: dairy calves 24m space | B36: 0.118 | C36: 0.156 | D36: 0.268 | E36: 0.227 | F36: 0.254 | G36: 0.163 | H36: 0.329 | I36: 0.212 | J36: 0.298 | K36: 0.119 | L36: 0.135 | M36: 0.131 | O36: 0 | P36: 1
A37: dairy cow welfare index | B37: =B40*B39*B38*100 -> 0.0085404353 | C37: =C40*C39*C38*100 -> 0.0083960318 | D37: =D40*D39*D38*100 -> 0.0098489078 | E37: =E40*E39*E38*100 -> 0.012851911 | F37: =F40*F39*F38*100 -> 0.013134824 | G37: =G40*G39*G38*100 -> 0.0082192112 | H37: =H40*H39*H38*100 -> 0.011189797 | I37: =I40*I39*I38*100 -> 0.0086818918 | ... L37: =L40*L39*L38*100 -> 0.0080983838 | O37: =O40*O39*O38*100 -> 8.8410303e-06 | P37: =P40*P39*P38*100 -> 0.044205152 | Q37: Dairy cow space includes the cow's whole life. Disease and mortality in % affected cows per year. | R37: kan inte sudda här? | S37: Vad menas med detta? Förenklat genom att inte ha med en beräkning för kvigan. Sjukdom o dödlighet gäller vuxna kor per år
A38: dairy cow level | B38: =(2*(B41+B42+B44))+B43 -> 0.966 | C38: =(2*(C41+C42+C44))+C43 -> 0.94966667 | D38: =(2*(D41+D42+D44))+D43 -> 1.114 | E38: =(2*(E41+E42+E44))+E43 -> 1.4536667 | F38: =(2*(F41+F42+F44))+F43 -> 1.4856667 | G38: =(2*(G41+G42+G44))+G43 -> 0.92966667 | H38: =(2*(H41+H42+H44))+H43 -> 1.2656667 | I38: =(2*(I41+I42+I44))+I43 -> 0.982 | ... L38: =(2*(L41+L42+L44))+L43 -> 0.916 | O38: =(2*(O41+O42+O44))+O43 -> 0.001 | P38: =(2*(P41+P42+P44))+P43 -> 5
A39: dairy cow ability | B39: =Ability!$B$5 -> 0.88410303 | C39: =Ability!$B$5 -> 0.88410303 | D39: =Ability!$B$5 -> 0.88410303 | E39: =Ability!$B$5 -> 0.88410303 | F39: =Ability!$B$5 -> 0.88410303 | G39: =Ability!$B$5 -> 0.88410303 | H39: =Ability!$B$5 -> 0.88410303 | I39: =Ability!$B$5 -> 0.88410303 | ... L39: =Ability!$B$5 -> 0.88410303 | O39: =Ability!$B$5 -> 0.88410303 | P39: =Ability!$B$5 -> 0.88410303 | S39: See också Ingrids artikel: | T39: https://www.frontiersin.org/articles/10.3389/fsufs.2023.1171865/full
A40: dairy cows no per kg milk | B40: 0.0001 | C40: 0.0001 | D40: 0.0001 | E40: 0.0001 | F40: 0.0001 | G40: 0.0001 | H40: 0.0001 | I40: 0.0001 | J40: 0.0001 | K40: 0.0001 | L40: 0.0001 | O40: 0.0001 | P40: 0.0001 | Q40: 1/life time milk production, but here adjusted to 0.0001 | R40: Comes from Dairy.xlsx, tab Parameters, country specific
A41: dairy cows mortality | B41: 0.06 | C41: 0.06 | D41: 0.06 | E41: 0.06 | F41: 0.06 | G41: 0.06 | H41: 0.06 | I41: 0.06 | J41: 0.06 | K41: 0.06 | L41: 0.06 | O41: 0 | P41: 0.5 | Q41: Mortality per year | R41: Växa 2023b | S41: figur 4
A42: dairy cows disease | B42: 0.16 | C42: 0.16 | D42: 0.16 | E42: 0.16 | F42: 0.16 | G42: 0.16 | H42: 0.16 | I42: 0.16 | J42: 0.16 | K42: 0.16 | L42: 0.16 | O42: 0 | P42: 0.5 | Q42: Disease frequency per year. Based on combination of Swedish data | R42: Jordbruksverket 2023; Växa 2023a | S42: Medeltal av Jordbruksverket 2023 (12%) och Växa 2023a (20,4%, tabell 42)
A43: dairy cows slaughter | B43: =Slaughtering!$C$6 -> 0.25 | C43: =Slaughtering!$E$6 -> 0.34166667 | D43: =Slaughtering!$G$6 -> 0.25 | E43: =Slaughtering!$I$6 -> 0.34166667 | F43: =Slaughtering!$K$6 -> 0.34166667 | G43: =Slaughtering!$M$6 -> 0.34166667 | H43: =Slaughtering!$O$6 -> 0.34166667 | I43: =Slaughtering!$Q$6 -> 0.25 | J43: =Slaughtering!$S$6 -> 0.34166667 | K43: =Slaughtering!$U$6 -> 0.34166667 | L43: =Slaughtering!$W$6 -> 0.25 | O43: 0.001 | P43: 1 | R43: Tab "Slaughtering"
A44: dairy cows space | B44: 0.138 | C44: 0.084 | D44: 0.212 | E44: 0.336 | F44: 0.352 | G44: 0.074 | H44: 0.242 | I44: 0.146 | J44: 0.309 | K44: 0.203 | L44: 0.113 | O44: 0 | P44: 1 | Q44: lösdrift resp uppbundna, bete
A45: laying hen tot welfare index | B45: =B46+B54 -> 6.7125008 | C45: =C46+C54 -> 6.8052207 | D45: =D46+D54 -> 6.9023384 | E45: =E46+E54 -> 9.9274162 | F45: =F46+F54 -> 10.427297 | G45: =G46+G54 -> 7.3563894 | H45: =H46+H54 -> 8.5092139 | I45: =I46+I54 -> 8.1405739 | ... L45: =L46+L54 -> 7.7135093 | O45: =O46+O54 -> 0.0045741996 | P45: =P46+P54 -> 21.841753 | Q45: Laying hen parents are assumed to have similar conditions as laying hens and are included in number of hens
A46: welfare index laying hen male | B46: =B49*B48*B47*100 -> 0.0097635475 | C46: =C49*C48*C47*100 -> 0 | D46: =D49*D48*D47*100 -> 0 | E46: =E49*E48*E47*100 -> 0.012426333 | F46: =F49*F48*F47*100 -> 0.012426333 | G46: =G49*G48*G47*100 -> 0.0092309904 | H46: =H49*H48*H47*100 -> 0.010651143 | I46: =I49*I48*I47*100 -> 0.011361219 | ... L46: =L49*L48*L47*100 -> 0.011361219 | O46: =O49*O48*O47*100 -> 0.0013548254 | P46: =P49*P48*P47*100 -> 1.3548254
A47: laying hen male level | B47: =(2*(B50+B51+B53))+B52 -> 0.0069444444 | C47: =(2*(C50+C51+C53))+C52 -> 0.0069444444 | D47: =(2*(D50+D51+D53))+D52 -> 0.0069444444 | E47: =(2*(E50+E51+E53))+E52 -> 0.0069444444 | F47: =(2*(F50+F51+F53))+F52 -> 0.0069444444 | G47: =(2*(G50+G51+G53))+G52 -> 0.0069444444 | H47: =(2*(H50+H51+H53))+H52 -> 0.0069444444 | I47: =(2*(I50+I51+I53))+I52 -> 0.0069444444 | ... L47: =(2*(L50+L51+L53))+L52 -> 0.0069444444 | O47: =(2*(O50+O51+O53))+O52 -> 0.001 | P47: =(2*(P50+P51+P53))+P52 -> 1
A48: male chick ability | B48: =Ability!$B$7 -> 0.25562743 | C48: =Ability!$B$7 -> 0.25562743 | D48: =Ability!$B$7 -> 0.25562743 | E48: =Ability!$B$7 -> 0.25562743 | F48: =Ability!$B$7 -> 0.25562743 | G48: =Ability!$B$7 -> 0.25562743 | H48: =Ability!$B$7 -> 0.25562743 | I48: =Ability!$B$7 -> 0.25562743 | ... L48: =Ability!$B$7 -> 0.25562743 | O48: =Ability!$B$7 -> 0.25562743 | P48: =Ability!$B$7 -> 0.25562743
A49: male chick no per kg | B49: =B57 -> 0.055 | C49: 0 | D49: 0 | E49: =E57 -> 0.07 | F49: =F57 -> 0.07 | G49: =G57 -> 0.052 | H49: =H57 -> 0.06 | I49: =I57 -> 0.064 | J49: =J57 -> 0.066 | K49: =K57 -> 0.06 | L49: =L57 -> 0.064 | O49: 0.053 | P49: 0.053 | Q49: 1 male per laying hen, but killing male chicks is forbidden in France and Germany (EFSA, 2023).
A50: male chick mort | B50: 0 | C50: 0 | D50: 0 | E50: 0 | F50: 0 | G50: 0 | H50: 0 | I50: 0 | J50: 0 | K50: 0 | L50: 0 | O50: 0 | P50: 0
A51: male chick disease | B51: 0 | C51: 0 | D51: 0 | E51: 0 | F51: 0 | G51: 0 | H51: 0 | I51: 0 | J51: 0 | K51: 0 | L51: 0 | O51: 0 | P51: 0
A52: male chick slaughter | B52: =Slaughtering!$C$7 -> 0.0069444444 | C52: =Slaughtering!$E$7 -> 0.0069444444 | D52: =Slaughtering!$G$7 -> 0.0069444444 | E52: =Slaughtering!$I$7 -> 0.0069444444 | F52: =Slaughtering!$K$7 -> 0.0069444444 | G52: =Slaughtering!$M$7 -> 0.0069444444 | H52: =Slaughtering!$O$7 -> 0.0069444444 | I52: =Slaughtering!$Q$7 -> 0.0069444444 | J52: =Slaughtering!$S$7 -> 0.0069444444 | K52: =Slaughtering!$U$7 -> 0.0069444444 | L52: =Slaughtering!$W$7 -> 0.0069444444 | O52: 0.001 | P52: 1
A53: male chick space | B53: 0 | C53: 0 | D53: 0 | E53: 0 | F53: 0 | G53: 0 | H53: 0 | I53: 0 | J53: 0 | K53: 0 | L53: 0 | O53: 0 | P53: 0
A54: welfare index laying hen hen | B54: =B57*B56*B55*100 -> 6.7027372 | C54: =C57*C56*C55*100 -> 6.8052207 | D54: =D57*D56*D55*100 -> 6.9023384 | E54: =E57*E56*E55*100 -> 9.9149899 | F54: =F57*F56*F55*100 -> 10.414871 | G54: =G57*G56*G55*100 -> 7.3471584 | H54: =H57*H56*H55*100 -> 8.4985627 | I54: =I57*I56*I55*100 -> 8.1292127 | ... L54: =L57*L56*L55*100 -> 7.7021481 | O54: =O57*O56*O55*100 -> 0.0032193743 | P54: =P57*P56*P55*100 -> 20.486927 | Q54: Laying hen parents are included in number of hens/ kg egg. Thus they are assumed to have the same welfare as laying hens (a simplification)
A55: laying hen hen level | B55: =(2*(B58+B59+B61))+B60 -> 2.082 | C55: =(2*(C58+C59+C61))+C60 -> 2.1138333 | D55: =(2*(D58+D59+D61))+D60 -> 2.144 | E55: =(2*(E58+E59+E61))+E60 -> 2.4198333 | F55: =(2*(F58+F59+F61))+F60 -> 2.5418333 | G55: =(2*(G58+G59+G61))+G60 -> 2.4138333 | H55: =(2*(H58+H59+H61))+H60 -> 2.4198333 | I55: =(2*(I58+I59+I61))+I60 -> 2.17 | ... L55: =(2*(L58+L59+L61))+L60 -> 2.056 | O55: =(2*(O58+O59+O61))+O60 -> 0.001 | P55: =(2*(P58+P59+P61))+P60 -> 5
A56: laying hen ability | B56: =Ability!$B$8 -> 0.58534078 | C56: =Ability!$B$8 -> 0.58534078 | D56: =Ability!$B$8 -> 0.58534078 | E56: =Ability!$B$8 -> 0.58534078 | F56: =Ability!$B$8 -> 0.58534078 | G56: =Ability!$B$8 -> 0.58534078 | H56: =Ability!$B$8 -> 0.58534078 | I56: =Ability!$B$8 -> 0.58534078 | ... L56: =Ability!$B$8 -> 0.58534078 | O56: =Ability!$B$8 -> 0.58534078 | P56: =Ability!$B$8 -> 0.58534078
A57: laying hens no per kg egg | B57: =D57 -> 0.055 | C57: 0.055 | D57: 0.055 | E57: =F57 -> 0.07 | F57: 0.07 | G57: 0.052 | H57: =K57 -> 0.06 | I57: =L57 -> 0.064 | J57: 0.066 | K57: 0.06 | L57: 0.064 | O57: 0.055 | P57: 0.07 | Q57: 1/life time production. Including laying hen breeders | R57: Comes from Eggs.xlsx, tab Egg yield, data from Eurostat
A58: laying hen mort | B58: 0.04 | C58: 0.035 | D58: 0.04 | E58: 0.035 | F58: 0.03 | G58: 0.035 | H58: 0.035 | I58: 0.04 | J58: 0.03 | K58: 0.03 | L58: 0.04 | O58: 0 | P58: 0.5 | Q58: Cumulative mortality at 60wk. 4% in cages and 3% in avaries. Percent in cages within country range from 7 to 88; no data on Greece. | R58: Schuck‑Paim et al, 2021
A59: laying hen disease | B59: 0.46 | C59: 0.44 | D59: 0.46 | E59: 0.44 | F59: 0.42 | G59: 0.44 | H59: 0.44 | I59: 0.46 | J59: 0.42 | K59: 0.42 | L59: 0.46 | O59: 0 | P59: 0.5 | Q59: Comparable disease data are scarce and only keel bone fracture is used for this indicator. Studies in European countries from 2023-2019 in the review of Rufener & Makagon (2020) were used. 12 studies (25 lines/replicates/treatments) averaged at 44% prevalence around 68 wk of age. Risk of bone fracture is lower in cages (Thöfner et al, 2021). Percent of hens in cages from Schuk-Paim et al (2021). | R59: Rufener & Makagon, 2020
A60: laying hen slaughter | B60: =Slaughtering!$C$8 -> 0.25 | C60: =Slaughtering!$E$8 -> 0.27583333 | D60: =Slaughtering!$G$8 -> 0.25 | E60: =Slaughtering!$I$8 -> 0.27583333 | F60: =Slaughtering!$K$8 -> 0.27583333 | G60: =Slaughtering!$M$8 -> 0.27583333 | H60: =Slaughtering!$O$8 -> 0.27583333 | I60: =Slaughtering!$Q$8 -> 0.25 | J60: =Slaughtering!$S$8 -> 0.27583333 | K60: =Slaughtering!$U$8 -> 0.27583333 | L60: =Slaughtering!$W$8 -> 0.25 | O60: 0.001 | P60: 1 | R60: Tab "Slaughtering"
A61: laying hen space | B61: 0.416 | C61: 0.444 | D61: 0.447 | E61: 0.597 | F61: 0.683 | G61: 0.594 | H61: 0.597 | I61: 0.46 | J61: 0.705 | K61: 0.67 | L61: 0.403 | O61: 0 | P61: 1
A62: chicken tot welfare index | B62: =B64+B73 -> 70.37812 | C62: =C64+C73 -> 76.86855 | D62: =D64+D73 -> 67.939375 | E62: =E64+E73 -> 76.426602 | F62: =F64+F73 -> 76.413841 | G62: =G64+G73 -> 76.426602 | H62: =H64+H73 -> 76.426602 | I62: =I64+I73 -> 75.375612 | ... L62: =L64+L73 -> 60.503138 | O62: =O64+O73 -> 0.041177484 | P62: =P64+P73 -> 205.88742
B63: =B67*((35/365-6/(365*24))*B65+6/(365*24))*B66 -> 0.066668295
A64: welfare index chicken sl | B64: =B67*B66*B65*100 -> 69.731745 | C64: =C67*C66*C65*100 -> 76.210147 | D64: =D67*D66*D65*100 -> 67.280239 | E64: =E67*E66*E65*100 -> 75.771985 | F64: =F67*F66*F65*100 -> 75.771985 | G64: =G67*G66*G65*100 -> 75.771985 | H64: =H67*H66*H65*100 -> 75.771985 | I64: =I67*I66*I65*100 -> 74.716475 | ... L64: =L67*L66*L65*100 -> 59.844002 | O64: =O67*O66*O65*100 -> 0.040858444 | P64: =P67*P66*P65*100 -> 204.29222
A65: chicken sl level | B65: =(2*(B68+B69+B71))+B70 -> 1.7066667 | C65: =(2*(C68+C69+C71))+C70 -> 1.8545 | D65: =(2*(D68+D69+D71))+D70 -> 1.6466667 | E65: =(2*(E68+E69+E71))+E70 -> 1.8545 | F65: =(2*(F68+F69+F71))+F70 -> 1.8545 | G65: =(2*(G68+G69+G71))+G70 -> 1.8545 | H65: =(2*(H68+H69+H71))+H70 -> 1.8545 | I65: =(2*(I68+I69+I71))+I70 -> 1.8286667 | ... L65: =(2*(L68+L69+L71))+L70 -> 1.4646667 | O65: =(2*(O68+O69+O71))+O70 -> 0.001 | P65: =(2*(P68+P69+P71))+P70 -> 5
A66: chicken sl ability | B66: =Ability!$B$9 -> 0.54320828 | C66: =Ability!$B$9 -> 0.54320828 | D66: =Ability!$B$9 -> 0.54320828 | E66: =Ability!$B$9 -> 0.54320828 | F66: =Ability!$B$9 -> 0.54320828 | G66: =Ability!$B$9 -> 0.54320828 | H66: =Ability!$B$9 -> 0.54320828 | I66: =Ability!$B$9 -> 0.54320828 | ... L66: =Ability!$B$9 -> 0.54320828 | O66: =Ability!$B$9 -> 0.54320828 | P66: =Ability!$B$9 -> 0.54320828
A67: chicken sl no per kg product | B67: 0.75216903 | C67: 0.75651855 | D67: 0.75216903 | E67: 0.75216903 | F67: 0.75216903 | G67: 0.75216903 | H67: 0.75216903 | I67: 0.75216903 | J67: 0.75216903 | K67: 0.75216903 | L67: 0.75216903 | O67: 0.75216903 | P67: 0.75216903 | R67: Comes from Chicken.xlsx, tab Production
A68: chicken sl mortality | B68: 0.038 | C68: 0.038 | D68: 0.038 | E68: 0.038 | F68: 0.038 | G68: 0.038 | H68: 0.038 | I68: 0.038 | J68: 0.038 | K68: 0.038 | L68: 0.038 | O68: 0 | P68: 0.5 | Q68: Mortality from day 1 to slaughter | R68: Van Limbergen et al, 2020. | S68: Hittar ej specifika värden. Ref visar medel för 7 EU-länder
A69: chicken sl disease | B69: 0.115 | C69: 0.145 | D69: 0.1 | E69: 0.145 | F69: 0.145 | G69: 0.145 | H69: 0.145 | I69: 0.145 | J69: 0.145 | K69: 0.145 | L69: 0.055 | O69: 0 | P69: 0.5 | Q69: Comparable disease data are scarce and only leg problem is used for this indicator. 10% with leg problems (gait score 3-5) is an assumed average value within a range from 3% (Svensk fågel, 2023) to 17-18% (Grankvist et al, 2017; Bailie et al, 2018) in recent, large studies. Gait score is influenced by stocking density (van der Eijk et al, 2023) which range within nation from 36 kg/m2 (5,5% leg problems) to 42 kg/m2 (14,5% leg problems). | R69: Svensk fågel, 2023; Bailie et al, 2018; Grankvist et al, 2017; Van der Eijk et al, 2023
A70: chicken sl slaughter | B70: =Slaughtering!$C$20 -> 0.16666667 | C70: =Slaughtering!$E$20 -> 0.1925 | D70: =Slaughtering!$G$20 -> 0.16666667 | E70: =Slaughtering!$I$20 -> 0.1925 | F70: =Slaughtering!$K$20 -> 0.1925 | G70: =Slaughtering!$M$20 -> 0.1925 | H70: =Slaughtering!$O$20 -> 0.1925 | I70: =Slaughtering!$Q$20 -> 0.16666667 | J70: =Slaughtering!$S$20 -> 0.1925 | K70: =Slaughtering!$U$20 -> 0.1925 | L70: =Slaughtering!$W$20 -> 0.16666667 | O70: 0.001 | P70: 1 | Q70: kortat slakttid, se flik slaughtering
A71: chicken sl space | B71: 0.617 | C71: 0.648 | D71: 0.602 | E71: 0.648 | F71: 0.648 | G71: 0.648 | H71: 0.648 | I71: 0.648 | J71: 0.648 | K71: 0.648 | L71: 0.556 | O71: 0 | P71: 1
B72: =B76*((400/365-6/(365*24))*B74+6/(365*24))*B75 -> 0.0070813201
A73: welfare index chicken parent | B73: =B76*B75*B74*100 -> 0.64637505 | C73: =C76*C75*C74*100 -> 0.65840233 | D73: =D76*D75*D74*100 -> 0.65913665 | E73: =E76*E75*E74*100 -> 0.65461691 | F73: =F76*F75*F74*100 -> 0.64185531 | G73: =G76*G75*G74*100 -> 0.65461691 | H73: =H76*H75*H74*100 -> 0.65461691 | I73: =I76*I75*I74*100 -> 0.65913665 | ... L73: =L76*L75*L74*100 -> 0.65913665 | O73: =O76*O75*O74*100 -> 0.00031904 | P73: =P76*P75*P74*100 -> 1.5952
A74: chicken parent level | B74: =(2*(B77+B78+B80))+B79 -> 2.026 | C74: =(2*(C77+C78+C80))+C79 -> 2.0518333 | D74: =(2*(D77+D78+D80))+D79 -> 2.066 | E74: =(2*(E77+E78+E80))+E79 -> 2.0518333 | F74: =(2*(F77+F78+F80))+F79 -> 2.0118333 | G74: =(2*(G77+G78+G80))+G79 -> 2.0518333 | H74: =(2*(H77+H78+H80))+H79 -> 2.0518333 | I74: =(2*(I77+I78+I80))+I79 -> 2.066 | ... L74: =(2*(L77+L78+L80))+L79 -> 2.066 | O74: =(2*(O77+O78+O80))+O79 -> 0.001 | P74: =(2*(P77+P78+P80))+P79 -> 5
A75: chicken parent ability | B75: =Ability!$B$8 -> 0.58534078 | C75: =Ability!$B$8 -> 0.58534078 | D75: =Ability!$B$8 -> 0.58534078 | E75: =Ability!$B$8 -> 0.58534078 | F75: =Ability!$B$8 -> 0.58534078 | G75: =Ability!$B$8 -> 0.58534078 | H75: =Ability!$B$8 -> 0.58534078 | I75: =Ability!$B$8 -> 0.58534078 | ... L75: =Ability!$B$8 -> 0.58534078 | O75: =Ability!$B$8 -> 0.58534078 | P75: =Ability!$B$8 -> 0.58534078
A76: chicken parent no per kg | B76: 0.0054505002 | C76: 0.0054820185 | D76: 0.0054505002 | E76: 0.0054505002 | F76: 0.0054505002 | G76: 0.0054505002 | H76: 0.0054505002 | I76: 0.0054505002 | J76: 0.0054505002 | K76: 0.0054505002 | L76: 0.0054505002 | O76: 0.0054505002 | P76: 0.0054505002 | R76: Comes from Chicken.xlsx, tab Production
A77: chicken parents mortality | B77: 0.06 | C77: 0.06 | D77: 0.06 | E77: 0.06 | F77: 0.06 | G77: 0.06 | H77: 0.06 | I77: 0.06 | J77: 0.06 | K77: 0.06 | L77: 0.06 | O77: 0 | P77: 0.5 | Q77: Mortality from 20 to 60 weeks of age. | R77: Thøfner et al, 2019
A78: chicken parent disease | B78: 0.44 | C78: 0.44 | D78: 0.46 | E78: 0.44 | F78: 0.42 | G78: 0.44 | H78: 0.44 | I78: 0.46 | J78: 0.42 | K78: 0.42 | L78: 0.46 | O78: 0 | P78: 0.5 | Q78: Assumed the same as for laying hens due to lack of data. It may be lower in breeders than in layers due to lower selection pressure on eggmass, but on the other hand breeders suffer from hunger (De Jong & Guémené, 2011) | R78: Assumption
A79: chicken parent slaughter | B79: =Slaughtering!$C$8 -> 0.25 | C79: =Slaughtering!$E$8 -> 0.27583333 | D79: =Slaughtering!$G$8 -> 0.25 | E79: =Slaughtering!$I$8 -> 0.27583333 | F79: =Slaughtering!$K$8 -> 0.27583333 | G79: =Slaughtering!$M$8 -> 0.27583333 | H79: =Slaughtering!$O$8 -> 0.27583333 | I79: =Slaughtering!$Q$8 -> 0.25 | J79: =Slaughtering!$S$8 -> 0.27583333 | K79: =Slaughtering!$U$8 -> 0.27583333 | L79: =Slaughtering!$W$8 -> 0.25 | O79: 0.001 | P79: 1
A80: chicken parent space | B80: 0.388 | C80: 0.388 | D80: 0.388 | E80: 0.388 | F80: 0.388 | G80: 0.388 | H80: 0.388 | I80: 0.388 | J80: 0.388 | K80: 0.388 | L80: 0.388 | O80: 0 | P80: 1
A81: pig tot welfare index | B81: =B82+B90 -> 3.7603025 | C81: =C82+C90 -> 3.8528814 | D81: =D82+D90 -> 3.6585123 | E81: =E82+E90 -> 3.778257 | F81: =F82+F90 -> 3.6643868 | G81: =G82+G90 -> 3.6547805 | H81: =H82+H90 -> 2.9314832 | I81: =I82+I90 -> 3.521251 | ... L81: =L82+L90 -> 2.8930739 | O81: =O82+O90 -> 0.0016425917 | P81: =P82+P90 -> 8.5277171
A82: welfare index pig sl | B82: =B85*B84*B83*100 -> 3.6384965 | C82: =C85*C84*C83*100 -> 3.70965 | D82: =D85*D84*D83*100 -> 3.5248384 | E82: =E85*E84*E83*100 -> 3.6342088 | F82: =F85*F84*F83*100 -> 3.5271814 | G82: =G85*G84*G83*100 -> 3.5111882 | H82: =H85*H84*H83*100 -> 2.8002989 | I82: =I85*I84*I83*100 -> 3.3963391 | ... L82: =L85*L84*L83*100 -> 2.7700099 | O82: =O85*O84*O83*100 -> 0.0015572666 | P82: =P85*P84*P83*100 -> 8.0062861
A83: pig sl level | B83: =(2*(B86+B87+B89))+B88 -> 2.276 | C83: =(2*(C86+C87+C89))+C88 -> 2.3273333 | D83: =(2*(D86+D87+D89))+D88 -> 2.234 | E83: =(2*(E86+E87+E89))+E88 -> 2.2993333 | F83: =(2*(F86+F87+F89))+F88 -> 2.2273333 | G83: =(2*(G86+G87+G89))+G88 -> 2.2333333 | H83: =(2*(H86+H87+H89))+H88 -> 2.2893333 | I83: =(2*(I86+I87+I89))+I88 -> 2.158 | ... L83: =(2*(L86+L87+L89))+L88 -> 1.776 | O83: =(2*(O86+O87+O89))+O88 -> 0.001 | P83: =(2*(P86+P87+P89))+P88 -> 5
A84: pigs sl ability | B84: =Ability!$B$10 -> 0.87981166 | C84: =Ability!$B$10 -> 0.87981166 | D84: =Ability!$B$10 -> 0.87981166 | E84: =Ability!$B$10 -> 0.87981166 | F84: =Ability!$B$10 -> 0.87981166 | G84: =Ability!$B$10 -> 0.87981166 | H84: =Ability!$B$10 -> 0.87981166 | I84: =Ability!$B$10 -> 0.87981166 | ... L84: =Ability!$B$10 -> 0.87981166 | O84: =Ability!$B$10 -> 0.87981166 | P84: =Ability!$B$10 -> 0.87981166
A85: pigs sl no per kg meat | B85: 0.018170212 | C85: 0.018116931 | D85: 0.017933553 | E85: 0.017964628 | F85: 0.017999186 | G85: 0.017869436 | H85: 0.013902908 | I85: 0.017888334 | J85: 0.017964628 | K85: 0.01818281 | L85: 0.017727547 | O85: 0.0177 | P85: 0.0182 | R85: Comes from Pigs.xlsx, tab Production
A86: pigs sl mortality | B86: 0.228 | C86: 0.212 | D86: 0.207 | E86: 0.198 | F86: 0.162 | G86: 0.165 | H86: 0.193 | I86: 0.169 | J86: 0.198 | K86: 0.241 | L86: 0.206 | O86: 0 | P86: 0.5 | Q86: Mortality of live born from birth to slaughter. National data from Interpig report. Mean values for Greece and Poland. | R86: Gårdochdjurhälsan, 2022 | S86: Includes both piglet and sl. pigs, from figur 9 och 11-12, Gård & Djurhälsan, Internationella rapporten 2022. https://www.gardochdjurhalsan.se/wp-content/uploads/2022/12/internationella-rapporten-2022.pdf
A87: pigs sl disease | B87: 0.15 | C87: 0.15 | D87: 0.15 | E87: 0.15 | F87: 0.15 | G87: 0.15 | H87: 0.15 | I87: 0.15 | J87: 0.15 | K87: 0.15 | L87: 0.15 | O87: 0 | P87: 0.5 | Q87: Assumed 15% disease frequency. Comparable data are scarce. Respiratory diseases and joint inflamations are common diseases.
A88: pigs sl slaughter | B88: =Slaughtering!$C$9 -> 0.25 | C88: =Slaughtering!$E$9 -> 0.33333333 | D88: =Slaughtering!$G$9 -> 0.25 | E88: =Slaughtering!$I$9 -> 0.33333333 | F88: =Slaughtering!$K$9 -> 0.33333333 | G88: =Slaughtering!$M$9 -> 0.33333333 | H88: =Slaughtering!$O$9 -> 0.33333333 | I88: =Slaughtering!$Q$9 -> 0.25 | J88: =Slaughtering!$S$9 -> 0.33333333 | K88: =Slaughtering!$U$9 -> 0.33333333 | L88: =Slaughtering!$W$9 -> 0.25 | O88: 0.001 | P88: 1
A89: pig sl space | B89: 0.635 | C89: 0.635 | D89: 0.635 | E89: 0.635 | F89: 0.635 | G89: 0.635 | H89: 0.635 | I89: 0.635 | J89: 0.635 | K89: 0.635 | L89: 0.407 | O89: 0 | P89: 1
A90: welfare index pig parent | B90: =B93*B92*B91*100 -> 0.12180592 | C90: =C93*C92*C91*100 -> 0.14323136 | D90: =D93*D92*D91*100 -> 0.13367389 | E90: =E93*E92*E91*100 -> 0.14404819 | F90: =F93*F92*F91*100 -> 0.13720545 | G90: =G93*G92*G91*100 -> 0.14359226 | H90: =H93*H92*H91*100 -> 0.13118435 | I90: =I93*I92*I91*100 -> 0.12491183 | ... L90: =L93*L92*L91*100 -> 0.123064 | O90: =O93*O92*O91*100 -> 8.5325082e-05 | P90: =P93*P92*P91*100 -> 0.52143105
A91: welfare level prod syst | B91: =(2*(B94+B95+B97))+B96 -> 1.456 | C91: =(2*(C94+C95+C97))+C96 -> 1.5393333 | D91: =(2*(D94+D95+D97))+D96 -> 1.456 | E91: =(2*(E94+E95+E97))+E96 -> 1.5393333 | F91: =(2*(F94+F95+F97))+F96 -> 1.5393333 | G91: =(2*(G94+G95+G97))+G96 -> 1.5393333 | H91: =(2*(H94+H95+H97))+H96 -> 1.5393333 | I91: =(2*(I94+I95+I97))+I96 -> 1.456 | ... L91: =(2*(L94+L95+L97))+L96 -> 1.258 | O91: =(2*(O94+O95+O97))+O96 -> 0.001 | P91: =(2*(P94+P95+P97))+P96 -> 5
A92: pig parent ability | B92: =Ability!$B$11 -> 0.94805646 | C92: =Ability!$B$11 -> 0.94805646 | D92: =Ability!$B$11 -> 0.94805646 | E92: =Ability!$B$11 -> 0.94805646 | F92: =Ability!$B$11 -> 0.94805646 | G92: =Ability!$B$11 -> 0.94805646 | H92: =Ability!$B$11 -> 0.94805646 | I92: =Ability!$B$11 -> 0.94805646 | ... L92: =Ability!$B$11 -> 0.94805646 | O92: =Ability!$B$11 -> 0.94805646 | P92: =Ability!$B$11 -> 0.94805646
A93: pigs no parent per kg meat | B93: 0.0008824149 | C93: 0.00098145693 | D93: 0.00096839156 | E93: 0.00098705404 | F93: 0.0009401659 | G93: 0.00098392988 | H93: 0.00089890783 | I93: 0.0009049154 | J93: 0.00098705404 | K93: 0.0011010279 | L93: 0.0010318491 | O93: 0.0009 | P93: 0.0011 | R93: Comes from Pigs.xlsx, tab Production
A94: pig parent mortality | B94: 0.034 | C94: 0.034 | D94: 0.034 | E94: 0.034 | F94: 0.034 | G94: 0.034 | H94: 0.034 | I94: 0.034 | J94: 0.034 | K94: 0.034 | L94: 0.034 | O94: 0 | P94: 0.5 | Q94: Mortality per year, based on Swedish national data | R94: Landquist et al, 2021 | S94: Comes from Pigs.xlsx, tab Parameters, country specific
A95: pig parent disease | B95: 0.15 | C95: 0.15 | D95: 0.15 | E95: 0.15 | F95: 0.15 | G95: 0.15 | H95: 0.15 | I95: 0.15 | J95: 0.15 | K95: 0.15 | L95: 0.15 | O95: 0 | P95: 0.5 | Q95: Assumed 15% disease frequency. Comparable data are scarce. Leg problems and dysgalactia are common diseases. Prevalence of lameness in 7 European studies range from 9 to 29% (Huneau-Salaün et al, 2021). Prevalence of leg problems and dysgalactia in Finnish study was 14% (Niemi et al, 2017). | R95: Huneau-Salaun et al, 2021; Niemi et al, 2017
A96: pig parent slaughter | B96: =Slaughtering!$C$9 -> 0.25 | C96: =Slaughtering!$E$9 -> 0.33333333 | D96: =Slaughtering!$G$9 -> 0.25 | E96: =Slaughtering!$I$9 -> 0.33333333 | F96: =Slaughtering!$K$9 -> 0.33333333 | G96: =Slaughtering!$M$9 -> 0.33333333 | H96: =Slaughtering!$O$9 -> 0.33333333 | I96: =Slaughtering!$Q$9 -> 0.25 | J96: =Slaughtering!$S$9 -> 0.33333333 | K96: =Slaughtering!$U$9 -> 0.33333333 | L96: =Slaughtering!$W$9 -> 0.25 | O96: 0.001 | P96: 1
A97: pig parent space | B97: 0.419 | C97: 0.419 | D97: 0.419 | E97: 0.419 | F97: 0.419 | G97: 0.419 | H97: 0.419 | I97: 0.419 | J97: 0.419 | K97: 0.419 | L97: 0.32 | O97: 0 | P97: 1
A98: sheep tot welfare index | B98: =B99+B107 -> 3.0059866 | C98: =C99+C107 -> 3.2933591 | D98: =D99+D107 -> 3.4800641 | E98: =E99+E107 -> 2.8533373 | F98: =F99+F107 -> 199.07249 | G98: =G99+G107 -> 2.6711696 | H98: =H99+H107 -> 2.8706657 | I98: =I99+I107 -> 2.5248576 | ... P98: =P99+P107 -> 19.503319
A99: welfare index sheep lamb | B99: =B102*B101*B100*100 -> 2.5269796 | C99: =C102*C101*C100*100 -> 2.8124955 | D99: =D102*D101*D100*100 -> 3.0258119 | E99: =E102*E101*E100*100 -> 2.346481 | F99: =F102*F101*F100*100 -> 3.6591977 | G99: =G102*G101*G100*100 -> 2.1692643 | H99: =H102*H101*H100*100 -> 2.346481 | I99: =I102*I101*I100*100 -> 2.0347108 | ... P99: =P102*P101*P100*100 -> 16.408958
A100: sheep lamb level | B100: =(2*(B103+B104+B106))+B105 -> 0.77 | C100: =(2*(C103+C104+C106))+C105 -> 0.857 | D100: =(2*(D103+D104+D106))+D105 -> 0.922 | E100: =(2*(E103+E104+E106))+E105 -> 0.715 | F100: =(2*(F103+F104+F106))+F105 -> 1.115 | G100: =(2*(G103+G104+G106))+G105 -> 0.661 | H100: =(2*(H103+H104+H106))+H105 -> 0.715 | I100: =(2*(I103+I104+I106))+I105 -> 0.62 | ... P100: =(2*(P103+P104+P106))+P105 -> 5
...

Sheet Diagram
A2: Diagrams
B4: DK | C4: FR | D4: DE | E4: GR | F4: HU | G4: IE | H4: IT | I4: NL | J4: PL | K4: ES | L4: SE | O4: High | P4: Average | Q4: Low
A5: Meat from suckler herds | B5: ='Animal welfare index'!B3 -> 0.29560176 | C5: ='Animal welfare index'!C3 -> 0.28068068 | D5: ='Animal welfare index'!D3 -> 0.31780714 | E5: ='Animal welfare index'!E3 -> 0.32250669 | F5: ='Animal welfare index'!F3 -> 0.34083494 | G5: ='Animal welfare index'!G3 -> 0.28690759 | H5: ='Animal welfare index'!H3 -> 0.3851282 | I5: ='Animal welfare index'!I3 -> 0.28596768 | ... L5: ='Animal welfare index'!L3 -> 0.23814975 | N5: Meat from suckler herds | O5: =MAX(B5:L5) -> 0.3851282 | P5: =AVERAGE(B5:L5) -> 0.30768174 | Q5: =MIN(B5:L5) -> 0.23814975
A6: Meat from dairy calves 9m | B6: ='Animal welfare index'!B20 -> 0.3859387 | C6: ='Animal welfare index'!C20 -> 0.49604281 | D6: ='Animal welfare index'!D20 -> 0.45091818 | E6: ='Animal welfare index'!E20 -> 0.49604281 | F6: ='Animal welfare index'!F20 -> 0.49604281 | G6: ='Animal welfare index'!G20 -> 0.49604281 | H6: ='Animal welfare index'!H20 -> 0.49604281 | I6: ='Animal welfare index'!I20 -> 0.45091818 | ... L6: ='Animal welfare index'!L20 -> 0.44599549 | N6: Meat from dairy calves 9m | O6: =MAX(B6:L6) -> 0.49604281 | P6: =AVERAGE(B6:L6) -> 0.47327911 | Q6: =MIN(B6:L6) -> 0.3859387
A7: Meat from dairy calves 24m | B7: ='Animal welfare index'!B28 -> 0.20061451 | C7: ='Animal welfare index'!C28 -> 0.24631609 | D7: ='Animal welfare index'!D28 -> 0.28238673 | E7: ='Animal welfare index'!E28 -> 0.28502161 | F7: ='Animal welfare index'!F28 -> 0.29974061 | G7: ='Animal welfare index'!G28 -> 0.25013213 | H7: ='Animal welfare index'!H28 -> 0.34062672 | I7: ='Animal welfare index'!I28 -> 0.25185843 | ... L7: ='Animal welfare index'!L28 -> 0.20988203 | N7: Meat from dairy calves 24m | O7: =MAX(B7:L7) -> 0.34062672 | P7: =AVERAGE(B7:L7) -> 0.26513196 | Q7: =MIN(B7:L7) -> 0.20061451
A8: Milk | B8: ='Animal welfare index'!B36 -> 0.0085404353 | C8: ='Animal welfare index'!C36 -> 0.0083960318 | D8: ='Animal welfare index'!D36 -> 0.0098489078 | E8: ='Animal welfare index'!E36 -> 0.012851911 | F8: ='Animal welfare index'!F36 -> 0.013134824 | G8: ='Animal welfare index'!G36 -> 0.0082192112 | H8: ='Animal welfare index'!H36 -> 0.011189797 | I8: ='Animal welfare index'!I36 -> 0.0086818918 | ... L8: ='Animal welfare index'!L36 -> 0.0080983838
A9: Egg | B9: ='Animal welfare index'!B44 -> 6.7125008 | C9: ='Animal welfare index'!C44 -> 6.8052207 | D9: ='Animal welfare index'!D44 -> 6.9023384 | E9: ='Animal welfare index'!E44 -> 9.9274162 | F9: ='Animal welfare index'!F44 -> 10.427297 | G9: ='Animal welfare index'!G44 -> 7.3563894 | H9: ='Animal welfare index'!H44 -> 8.5092139 | I9: ='Animal welfare index'!I44 -> 8.1405739 | ... L9: ='Animal welfare index'!L44 -> 7.7135093 | N9: Egg | O9: =MAX(B9:L9) -> 10.427297 | P9: =AVERAGE(B9:L9) -> 8.3038422 | Q9: =MIN(B9:L9) -> 6.7125008
A10: Chicken | B10: ='Animal welfare index'!B61 -> 70.37812 | C10: ='Animal welfare index'!C61 -> 76.86855 | D10: ='Animal welfare index'!D61 -> 67.939375 | E10: ='Animal welfare index'!E61 -> 76.426602 | F10: ='Animal welfare index'!F61 -> 76.413841 | G10: ='Animal welfare index'!G61 -> 76.426602 | H10: ='Animal welfare index'!H61 -> 76.426602 | I10: ='Animal welfare index'!I61 -> 75.375612 | ... L10: ='Animal welfare index'!L61 -> 60.503138 | N10: Chicken | O10: =MAX(B10:L10) -> 76.86855 | P10: =AVERAGE(B10:L10) -> 73.598738 | Q10: =MIN(B10:L10) -> 60.503138
A11: Pig | B11: ='Animal welfare index'!B78 -> 3.7603025 | C11: ='Animal welfare index'!C78 -> 3.8528814 | D11: ='Animal welfare index'!D78 -> 3.6585123 | E11: ='Animal welfare index'!E78 -> 3.778257 | F11: ='Animal welfare index'!F78 -> 3.6643868 | G11: ='Animal welfare index'!G78 -> 3.6547805 | H11: ='Animal welfare index'!H78 -> 2.9314832 | I11: ='Animal welfare index'!I78 -> 3.521251 | ... L11: ='Animal welfare index'!L78 -> 2.8930739 | N11: Pig | O11: =MAX(B11:L11) -> 3.9766059 | P11: =AVERAGE(B11:L11) -> 3.5881628 | Q11: =MIN(B11:L11) -> 2.8930739
A12: Sheep | B12: ='Animal welfare index'!B95 -> 3.0059866 | C12: ='Animal welfare index'!C95 -> 3.2933591 | D12: ='Animal welfare index'!D95 -> 3.4800641 | E12: ='Animal welfare index'!E95 -> 2.8533373 | F12: ='Animal welfare index'!F95 -> 199.07249 | G12: ='Animal welfare index'!G95 -> 2.6711696 | H12: ='Animal welfare index'!H95 -> 2.8706657 | I12: ='Animal welfare index'!I95 -> 2.5248576 | ... L12: ='Animal welfare index'!L95 -> 2.8547625 | N12: Sheep | O12: =MAX(B12:L12) -> 199.07249 | P12: =AVERAGE(B12:L12) -> 20.949008 | Q12: =MIN(B12:L12) -> 2.5248576
A13: Rabbit | C13: ='Animal welfare index'!C112 -> 72.655755 | F13: ='Animal welfare index'!F112 -> 72.655755 | H13: ='Animal welfare index'!H112 -> 69.058707 | K13: ='Animal welfare index'!K112 -> 72.864618 | N13: Rabbit | O13: =MAX(B13:L13) -> 72.864618 | P13: =AVERAGE(B13:L13) -> 71.808709 | Q13: =MIN(B13:L13) -> 69.058707
A14: Salmon | B14: ='Animal welfare index'!B120 -> 10.939089 | C14: ='Animal welfare index'!C120 -> 10.939089 | D14: ='Animal welfare index'!D120 -> 10.939089 | E14: ='Animal welfare index'!E120 -> 10.939089 | F14: ='Animal welfare index'!F120 -> 10.939089 | G14: ='Animal welfare index'!G120 -> 10.939089 | H14: ='Animal welfare index'!H120 -> 10.939089 | I14: ='Animal welfare index'!I120 -> 10.939089 | ... L14: ='Animal welfare index'!L120 -> 10.939089 | N14: Salmon | O14: =MAX(B14:L14) -> 10.939089 | P14: =AVERAGE(B14:L14) -> 10.939089 | Q14: =MIN(B14:L14) -> 10.939089
A15: Meal worm | B15: ='Animal welfare index'!B160 -> 0.27459417 | C15: ='Animal welfare index'!C160 -> 0.27459417 | D15: ='Animal welfare index'!D160 -> 0.27459417 | E15: ='Animal welfare index'!E160 -> 0.27459417 | F15: ='Animal welfare index'!F160 -> 0.27459417 | G15: ='Animal welfare index'!G160 -> 0.27459417 | H15: ='Animal welfare index'!H160 -> 0.27459417 | I15: ='Animal welfare index'!I160 -> 0.27459417 | ... L15: ='Animal welfare index'!L160 -> 0.27459417
A16: Shrimp | B16: ='Animal welfare index'!B184 -> 7.6084608 | C16: ='Animal welfare index'!C184 -> 7.6084608 | D16: ='Animal welfare index'!D184 -> 7.6084608 | E16: ='Animal welfare index'!E184 -> 7.6084608 | F16: ='Animal welfare index'!F184 -> 7.6084608 | G16: ='Animal welfare index'!G184 -> 7.6084608 | H16: ='Animal welfare index'!H184 -> 7.6084608 | I16: ='Animal welfare index'!I184 -> 7.6084608 | ... L16: ='Animal welfare index'!L184 -> 7.6084608
M17: COMPARISON ACROSS ANIMAL SPECIES BASED ON DENMARK | X17: En sån här tabell skulle kunna vara användbar för att diskutera vad skillnaderna mellan djurslagen beror på eg
A18: Det är inte så stora skillnader mellan länder så det är värt att rita dem i ett diagram så här, bättre visa för ett land, eller bättre i tabell? -> | O18: Production animal | S18: Parent animal | X18: Chicken much higher index because high no of animal per kg of meat and high value for level due to limited space and high disease rate. Parent animals contribute 10%...
A19: Bättre att ha i tabell? Och diskutera intressanta skillnader tex ungern högre för får än gris | N19: Overall index | O19: Index | P19: Level | Q19: Ability | R19: No of animal | S19: Index | T19: Level | U19: Ability | V19: No of animal | X19: Interesting that the parent animal contributes more than per kg of meat from beef.
M20: Meat from suckler herds | N20: {=Animal welfare [1]index!B5} -> #NAME? | P20: ='Animal welfare index'!B13 -> 0.91 | Q20: ='Animal welfare index'!B14 -> 0.88410303 | R20: ='Animal welfare index'!B15 -> 0.0033222591 | S20: ='Animal welfare index'!B4 -> 0.028314795
M21: Meat from dairy calves 9m
M22: Meat from dairy calves 24m
M23: Egg
M24: Chicken | N24: ='Animal welfare index'!B61 -> 70.37812 | P24: ='Animal welfare index'!B63 -> 1.7066667 | Q24: ='Animal welfare index'!B64 -> 0.54320828 | R24: ='Animal welfare index'!B65 -> 0.75216903 | S24: ='Animal welfare index'!B70 -> 0.64637505
M25: Pig
M26: Sheep
M27: Rabbit
M28: Salmon
M29: Wild ruminants
M30: Wild boar
M31: Wild rabbit

Sheet Denmark
A3: COMPARISON ACROSS ANIMAL SPECIES BASED ON DENMARK
C4: Production animal | G4: Parent animal, or other involved animals
B5: Overall index | C5: Index | D5: Level | E5: Ability | F5: No of animals | G5: Index | H5: Level | I5: Ability | J5: No of animal
A6: Meat from suckler herds | B6: ='Animal welfare index'!B3 -> 0.29560176 | C6: ='Animal welfare index'!B12 -> 0.26728696 | D6: ='Animal welfare index'!B13 -> 0.91 | E6: ='Animal welfare index'!B14 -> 0.88410303 | F6: ='Animal welfare index'!B15 -> 0.0033222591 | G6: ='Animal welfare index'!B4 -> 0.028314795 | H6: ='Animal welfare index'!B5 -> 0.482 | I6: ='Animal welfare index'!B6 -> 0.88410303 | J6: ='Animal welfare index'!B7 -> 0.00066445183
A7: Meat from dairy calves 9m | B7: ='Animal welfare index'!B20 -> 0.3859387 | C7: ='Animal welfare index'!B20 -> 0.3859387 | D7: ='Animal welfare index'!B21 -> 0.784 | E7: ='Animal welfare index'!B22 -> 0.82044792 | F7: ='Animal welfare index'!B23 -> 0.006
A8: Meat from dairy calves 24m | B8: ='Animal welfare index'!B28 -> 0.20061451 | C8: ='Animal welfare index'!B28 -> 0.20061451 | D8: ='Animal welfare index'!B29 -> 0.736 | E8: ='Animal welfare index'!B30 -> 0.82044792 | F8: ='Animal welfare index'!B31 -> 0.0033222591
A9: Milk from dairy cows | B9: ='Animal welfare index'!B36 -> 0.0085404353 | C9: ='Animal welfare index'!B36 -> 0.0085404353 | D9: ='Animal welfare index'!B37 -> 0.966 | E9: ='Animal welfare index'!B38 -> 0.88410303 | F9: ='Animal welfare index'!B39 -> 0.0001 | G9: *
A10: Egg | B10: ='Animal welfare index'!B44 -> 6.7125008 | C10: ='Animal welfare index'!B53 -> 6.7027372 | D10: ='Animal welfare index'!B54 -> 2.082 | E10: ='Animal welfare index'!B55 -> 0.58534078 | F10: ='Animal welfare index'!B56 -> 0.055 | G10: ='Animal welfare index'!B45 -> 0.0097635475 | H10: ='Animal welfare index'!B46 -> 0.0069444444 | I10: ='Animal welfare index'!B47 -> 0.25562743 | J10: ='Animal welfare index'!B48 -> 0.055
A11: Chicken meat | B11: ='Animal welfare index'!B61 -> 70.37812 | C11: ='Animal welfare index'!B62 -> 69.731745 | D11: ='Animal welfare index'!B63 -> 1.7066667 | E11: ='Animal welfare index'!B64 -> 0.54320828 | F11: ='Animal welfare index'!B65 -> 0.75216903 | G11: ='Animal welfare index'!B70 -> 0.64637505 | H11: ='Animal welfare index'!B71 -> 2.026 | I11: ='Animal welfare index'!B72 -> 0.58534078 | J11: ='Animal welfare index'!B73 -> 0.0054505002
A12: Pig meat | B12: ='Animal welfare index'!B78 -> 3.7603025 | C12: ='Animal welfare index'!B79 -> 3.6384965 | D12: ='Animal welfare index'!B80 -> 2.276 | E12: ='Animal welfare index'!B81 -> 0.87981166 | F12: ='Animal welfare index'!B82 -> 0.018170212 | G12: ='Animal welfare index'!B87 -> 0.12180592 | H12: ='Animal welfare index'!B88 -> 1.456 | I12: ='Animal welfare index'!B89 -> 0.94805646 | J12: ='Animal welfare index'!B90 -> 0.0008824149
A13: Lamb meat | B13: ='Animal welfare index'!B95 -> 3.0059866 | C13: ='Animal welfare index'!B96 -> 2.5269796 | D13: ='Animal welfare index'!B97 -> 0.77 | E13: ='Animal welfare index'!B98 -> 0.82044792 | F13: ='Animal welfare index'!B99 -> 0.04 | G13: ='Animal welfare index'!B104 -> 0.47900702 | H13: ='Animal welfare index'!B105 -> 0.774 | I13: ='Animal welfare index'!B106 -> 0.88410303 | J13: ='Animal welfare index'!B107 -> 0.007
A14: Rabbit meat | B14: ='Animal welfare index'!B112 -> 72.094906 | C14: ='Animal welfare index'!B112 -> 72.094906 | D14: ='Animal welfare index'!B113 -> 1.444 | E14: ='Animal welfare index'!B114 -> 0.67196797 | F14: ='Animal welfare index'!B115 -> 0.743
A15: Salmon | B15: ='Animal welfare index'!B120 -> 10.939089 | C15: ='Animal welfare index'!B120 -> 10.939089 | D15: ='Animal welfare index'!B121 -> 0.88033333 | E15: ='Animal welfare index'!B122 -> 0.30307199 | F15: ='Animal welfare index'!B123 -> 0.4100041
A16: Wild fish | B16: ='Animal welfare index'!B128 -> 1.8647869 | C16: ='Animal welfare index'!B128 -> 1.8647869 | D16: ='Animal welfare index'!B129 -> 0.14583333 | E16: ='Animal welfare index'!B130 -> 0.31967775 | F16: ='Animal welfare index'!B131 -> 0.4
A17: Meat from wild ruminants | B17: ='Animal welfare index'!B136 -> 0.0044035906 | C17: ='Animal welfare index'!B136 -> 0.0044035906 | D17: ='Animal welfare index'!B137 -> 0.00069444444 | E17: ='Animal welfare index'!B138 -> 0.93252506 | F17: ='Animal welfare index'!B139 -> 0.068
A18: Wildboar meat | B18: ='Animal welfare index'!B144 -> 0.0022222222 | C18: ='Animal welfare index'!B144 -> 0.0022222222 | D18: ='Animal welfare index'!B145 -> 0.00069444444 | E18: ='Animal welfare index'!B146 -> 1 | F18: ='Animal welfare index'!B147 -> 0.032
A19: Wild rabbit meat | B19: ='Animal welfare index'!B152 -> 0.031305654 | C19: ='Animal welfare index'!B152 -> 0.031305654 | D19: ='Animal welfare index'!B153 -> 0.00069444444 | E19: ='Animal welfare index'!B154 -> 0.70880726 | F19: ='Animal welfare index'!B155 -> 0.636
A20: Mealworm | B20: ='Animal welfare index'!B160 -> 0.27459417 | C20: ='Animal welfare index'!B160 -> 0.27459417 | D20: ='Animal welfare index'!B161 -> 0.00069444444 | E20: ='Animal welfare index'!B162 -> 0.039541561 | F20: ='Animal welfare index'!B163 -> 100 | G20: *
A21: Honey from bees | B21: ='Animal welfare index'!B168 -> 0.3698657 | C21: ='Animal welfare index'!C168 -> 0.3698657 | D21: ='Animal welfare index'!B169 -> 0.00034722222 | E21: ='Animal welfare index'!B170 -> 0.088767767 | F21: ='Animal welfare index'!B171 -> 120 | G21: *
A22: Mussels | B22: ='Animal welfare index'!B176 -> 5.5325568 | C22: ='Animal welfare index'!B176 -> 5.5325568 | D22: ='Animal welfare index'!B177 -> 0.083333333 | E22: ='Animal welfare index'!B178 -> 0.049917806 | F22: ='Animal welfare index'!B179 -> 13.3 | G22: *
A23: Shrimps | B23: ='Animal welfare index'!B184 -> 7.6084608 | C23: ='Animal welfare index'!B184 -> 7.6084608 | D23: ='Animal welfare index'!B185 -> 0.041666667 | E23: ='Animal welfare index'!B186 -> 0.14608245 | F23: ='Animal welfare index'!B187 -> 12.5 | G23: *
A24: Wild octapus | B24: ='Animal welfare index'!B192 -> 0.70248667 | C24: ='Animal welfare index'!B192 -> 0.70248667 | D24: ='Animal welfare index'!B193 -> 0.14583333 | E24: ='Animal welfare index'!B194 -> 0.37054242 | F24: ='Animal welfare index'!B195 -> 0.13
A25: Horse meat | B25: ='Animal welfare index'!B200 -> 0.34637965 | C25: ='Animal welfare index'!B200 -> 0.34637965 | D25: ='Animal welfare index'!B201 -> 0.788 | E25: ='Animal welfare index'!B202 -> 0.87913616 | F25: ='Animal welfare index'!B203 -> 0.005

Sheet README
A2: Read me
A4: This file contains the calculations of the Animal Welfare Index.
A6: The index is calculated by multiplying:
A8: Ability | B8: A number between 0-1
A9: Level | B9: A number between 0.001-5 representing the
A10: No of animals | B10: No of animals needed to produce 1 kg of meat/fish/seafood/milk/egg
B11: This is "cut off" in both ends
B12: It can not be lower that 0.0001, otherwise the level and ability of dairy cows and some parents animals would not matter at all
B13: And for "small animals" (shrimp and mussels) it is divided by 10 not to get very high numbers for these
A14: And then multiplying by 100 to get a convenient no

Sheet Animal welfare index
A1: Animal welfare index | H1: Blue number are inputed here | K1: Black are calculated
B2: DK | C2: FR | D2: DE | E2: GR | F2: HU | G2: IE | H2: IT | I2: NL | J2: PL | K2: ES | L2: SE | M2: UK | N2: NZ | O2: Utopia | P2: Dystopia | Q2: Assumptions and comments: | R2: Source: | S2: fem kalvar per ko (livstidsproduktion) räknat från Gård&Djurhälsan, 2023 men det ska väl användas för beef parent cow
A3: beef suckler tot welfare index | B3: =B12+B4 -> 0.29560176 | C3: =C12+C4 -> 0.28068068 | D3: =D12+D4 -> 0.31780714 | E3: =E12+E4 -> 0.32250669 | F3: =F12+F4 -> 0.34083494 | G3: =G12+G4 -> 0.28690759 | H3: =H12+H4 -> 0.3851282 | I3: =I12+I4 -> 0.28596768 | ... M3: =M12+M4 -> 0.26681701 | O3: =O12+O4 -> 0.00033131845 | P3: =P12+P4 -> 1.6565922 | S3: Per suckler herd per yr??? | T3: No of animals | U3: Slaughtering weight | V3: Meat produced (bonefree weight)
A4: welfare index beef parent | B4: =B7*B6*B5*100 -> 0.028314795 | C4: =C7*C6*C5*100 -> 0.034639607 | D4: =D7*D6*D5*100 -> 0.032896857 | E4: =E7*E6*E5*100 -> 0.034757096 | F4: =F7*F6*F5*100 -> 0.03722436 | G4: =G7*G6*G5*100 -> 0.036754405 | H4: =H7*H6*H5*100 -> 0.037459338 | I4: =I7*I6*I5*100 -> 0.033954256 | ... M4: =M7*M6*M5*100 -> 0.035462029 | O4: =O7*O6*O5*100 -> 5.8744388e-05 | P4: =P7*P6*P5*100 -> 0.29372194 | S4: Suckler cows | T4: 1 | U4: 400 | V4: =T4*U4*0.7 -> 280 | W4: =T4/V6 -> 0.00066445183
A5: beef parent level | B5: =(2*(B8+B9+B11))+B10 -> 0.482 | C5: =(2*(C8+C9+C11))+C10 -> 0.58966667 | D5: =(2*(D8+D9+D11))+D10 -> 0.56 | E5: =(2*(E8+E9+E11))+E10 -> 0.59166667 | F5: =(2*(F8+F9+F11))+F10 -> 0.63366667 | G5: =(2*(G8+G9+G11))+G10 -> 0.62566667 | H5: =(2*(H8+H9+H11))+H10 -> 0.63766667 | I5: =(2*(I8+I9+I11))+I10 -> 0.578 | ... M5: =(2*(M8+M9+M11))+M10 -> 0.60366667 | O5: =(2*(O8+O9+O11))+O10 -> 0.001 | P5: =(2*(P8+P9+P11))+P10 -> 5 | S5: Young animals | T5: 5 | U5: 350 | V5: =T5*U5*0.7 -> 1225 | W5: =T5/V6 -> 0.0033222591
A6: beef parent ability | B6: =Ability!$B$5 -> 0.88410303 | C6: =Ability!$B$5 -> 0.88410303 | D6: =Ability!$B$5 -> 0.88410303 | E6: =Ability!$B$5 -> 0.88410303 | F6: =Ability!$B$5 -> 0.88410303 | G6: =Ability!$B$5 -> 0.88410303 | H6: =Ability!$B$5 -> 0.88410303 | I6: =Ability!$B$5 -> 0.88410303 | ... M6: =Ability!$B$5 -> 0.88410303 | O6: =Ability!$B$5 -> 0.88410303 | P6: =Ability!$B$5 -> 0.88410303 | Q6: Value for ruminats | S6: Sum meat | V6: =V4+V5 -> 1505 | W6: kg meat
A7: beef parent no per kg meat | B7: =$W$4 -> 0.00066445183 | C7: =$W$4 -> 0.00066445183 | D7: =$W$4 -> 0.00066445183 | E7: =$W$4 -> 0.00066445183 | F7: =$W$4 -> 0.00066445183 | G7: =$W$4 -> 0.00066445183 | H7: =$W$4 -> 0.00066445183 | I7: =$W$4 -> 0.00066445183 | ... M7: =$W$4 -> 0.00066445183 | O7: =$W$4 -> 0.00066445183 | P7: =$W$4 -> 0.00066445183 | Q7: Lotta - dödlighet dikor 2% i Ahlgren et al - ANVÄNDA???? | R7: Vi kan ta ett värde mittemellan de två referenserna. Men jag förstår inte var Ahlgren har fått 2% ifrån (otydlig hänvisning)
A8: beef parent mortality | B8: 0.03 | C8: 0.03 | D8: 0.03 | E8: 0.03 | F8: 0.03 | G8: 0.03 | H8: 0.03 | I8: 0.03 | J8: 0.03 | K8: 0.03 | L8: 0.03 | M8: 0.03 | O8: 0 | P8: 0.5 | Q8: Assumed 3% based on Ahlgren et al, 2022 (2%) and 60% of dairy cow mortality, based on Thomson et al, 2020 (4%) | R8: Assumption
A9: beef parent disease | B9: 0.04 | C9: 0.04 | D9: 0.04 | E9: 0.04 | F9: 0.04 | G9: 0.04 | H9: 0.04 | I9: 0.04 | J9: 0.04 | K9: 0.04 | L9: 0.04 | M9: 0.04 | O9: 0 | P9: 0.5 | Q9: No data found; assumed 25% of dairy cow disease | R9: Assumption | S9: Saknar källa. Mastit hos dikor 1,5% (Andersson, 2028) och 7,9% på mjölkkor (Växa 2023b) Gammal anonym källa säger 2% (slutrapport SLF troligen fr 2005)
A10: beef parent slaughter | B10: =Slaughtering!$C$6 -> 0.25 | C10: =Slaughtering!$E$6 -> 0.34166667 | D10: =Slaughtering!$G$6 -> 0.25 | E10: =Slaughtering!$I$6 -> 0.34166667 | F10: =Slaughtering!$K$6 -> 0.34166667 | G10: =Slaughtering!$M$6 -> 0.34166667 | H10: =Slaughtering!$O$6 -> 0.34166667 | I10: =Slaughtering!$Q$6 -> 0.25 | J10: =Slaughtering!$S$6 -> 0.34166667 | K10: =Slaughtering!$U$6 -> 0.34166667 | L10: =Slaughtering!$W$6 -> 0.25 | M10: =Slaughtering!$Y$6 -> 0.34166667 | O10: 0.001 | P10: 1 | R10: Tab "Slaughtering" | S10: Från Ahlgren et al (2022):
A11: beef parent space | B11: 0.046 | C11: 0.054 | D11: 0.085 | E11: 0.055 | F11: 0.076 | G11: 0.072 | H11: 0.078 | I11: 0.094 | J11: 0.122 | K11: 0.053 | L11: 0.072 | M11: 0.061 | O11: 0 | P11: 1 | Q11: Assuming all animals on pasture during the grazing season and free-range indoor during the stable season
A12: welfare index beef calves 24m suckler syst | B12: =B15*B14*B13*100 -> 0.26728696 | C12: =C15*C14*C13*100 -> 0.24604108 | D12: =D15*D14*D13*100 -> 0.28491028 | E12: =E15*E14*E13*100 -> 0.28774959 | F12: =F15*F14*F13*100 -> 0.30361058 | G12: =G15*G14*G13*100 -> 0.25015318 | H12: =H15*H14*H13*100 -> 0.34766887 | I12: =I15*I14*I13*100 -> 0.25201342 | ... M12: =M15*M14*M13*100 -> 0.23135498 | O12: =O15*O14*O13*100 -> 0.00027257406 | P12: =P15*P14*P13*100 -> 1.3628703
A13: beef calves 24m level | B13: =(2*(B16+B17+B19))+B18 -> 0.91 | C13: =(2*(C16+C17+C19))+C18 -> 0.83766667 | D13: =(2*(D16+D17+D19))+D18 -> 0.97 | E13: =(2*(E16+E17+E19))+E18 -> 0.97966667 | F13: =(2*(F16+F17+F19))+F18 -> 1.0336667 | G13: =(2*(G16+G17+G19))+G18 -> 0.85166667 | H13: =(2*(H16+H17+H19))+H18 -> 1.1836667 | I13: =(2*(I16+I17+I19))+I18 -> 0.858 | ... M13: =(2*(M16+M17+M19))+M18 -> 0.78766667 | O13: =(2*(O16+O17+O19))+O18 -> 0.001 | P13: =(2*(P16+P17+P19))+P18 -> 5
A14: beef calves 24m ability | B14: =Ability!$B$5 -> 0.88410303 | C14: =Ability!$B$5 -> 0.88410303 | D14: =Ability!$B$5 -> 0.88410303 | E14: =Ability!$B$5 -> 0.88410303 | F14: =Ability!$B$5 -> 0.88410303 | G14: =Ability!$B$5 -> 0.88410303 | H14: =Ability!$B$5 -> 0.88410303 | I14: =Ability!$B$5 -> 0.88410303 | ... M14: =Ability!$B$5 -> 0.88410303 | O14: =Ability!$B$6 -> 0.82044792 | P14: =Ability!$B$6 -> 0.82044792
A15: beef calves 24m no per kg meat | B15: =$W$5 -> 0.0033222591 | C15: =$W$5 -> 0.0033222591 | D15: =$W$5 -> 0.0033222591 | E15: =$W$5 -> 0.0033222591 | F15: =$W$5 -> 0.0033222591 | G15: =$W$5 -> 0.0033222591 | H15: =$W$5 -> 0.0033222591 | I15: =$W$5 -> 0.0033222591 | ... M15: =$W$5 -> 0.0033222591 | O15: =$W$5 -> 0.0033222591 | P15: =$W$5 -> 0.0033222591
A16: beef calves 24m mortality | B16: 0.042 | C16: 0.042 | D16: 0.042 | E16: 0.042 | F16: 0.042 | G16: 0.042 | H16: 0.042 | I16: 0.042 | J16: 0.042 | K16: 0.042 | L16: 0.042 | M16: 0.042 | O16: 0 | P16: 0.5 | Q16: Mortality of live born from birth to slaughter. Based on combination of Swedish data. Most calves die first week and in UK 4.4% of suckler calves died from day 1 to day 21 (AHDP, 2021) | R16: Jordbruksverket 2012; 2022;2023; | S16: 2,7+1,5=4,2. Kombination av Jordbruksverket 2023 (4,7 tot vid 6 mån) och Jordbruksverket 2022 (2,7 dikokalv och 6,0 mjölkkokalv, tot 4,7 vid 6 mån) och Jordbruksverket 2012 (1,5% under 6-24 mån, tabell 2.14)
A17: beef calves 24m disease | B17: 0.05 | C17: 0.05 | D17: 0.05 | E17: 0.05 | F17: 0.05 | G17: 0.05 | H17: 0.05 | I17: 0.05 | J17: 0.05 | K17: 0.05 | L17: 0.05 | M17: 0.05 | O17: 0 | P17: 0.5 | Q17: Lower disease and injury risk for beef than dairy calves, and for calves raised to 18m than for veal calves (Mandel et al, 2022). Assumed value set to 50% of the value for young dairy calves. | R17: Jordbruksverket 2012; 2022; 2023; Mandel et al, 2022
A18: beef calves 24m slaughter | B18: =Slaughtering!$C$6 -> 0.25 | C18: =Slaughtering!$E$6 -> 0.34166667 | D18: =Slaughtering!$G$6 -> 0.25 | E18: =Slaughtering!$I$6 -> 0.34166667 | F18: =Slaughtering!$K$6 -> 0.34166667 | G18: =Slaughtering!$M$6 -> 0.34166667 | H18: =Slaughtering!$O$6 -> 0.34166667 | I18: =Slaughtering!$Q$6 -> 0.25 | J18: =Slaughtering!$S$6 -> 0.34166667 | K18: =Slaughtering!$U$6 -> 0.34166667 | L18: =Slaughtering!$W$6 -> 0.25 | M18: =Slaughtering!$Y$6 -> 0.34166667 | O18: 0.001 | P18: 1 | R18: Tab "Slaughtering"
A19: beef calves 24m space | B19: 0.238 | C19: 0.156 | D19: 0.268 | E19: 0.227 | F19: 0.254 | G19: 0.163 | H19: 0.329 | I19: 0.212 | J19: 0.298 | K19: 0.119 | L19: 0.135 | M19: 0.131 | O19: 0 | P19: 1
A20: dairy calf 9m tot welfare index | B20: =B23*B22*B21*100 -> 0.3859387 | C20: =C23*C22*C21*100 -> 0.49604281 | D20: =D23*D22*D21*100 -> 0.45091818 | E20: =E23*E22*E21*100 -> 0.49604281 | F20: =F23*F22*F21*100 -> 0.49604281 | G20: =G23*G22*G21*100 -> 0.49604281 | H20: =H23*H22*H21*100 -> 0.49604281 | I20: =I23*I22*I21*100 -> 0.45091818 | ... M20: =M23*M22*M21*100 -> 0.46749122 | O20: =O23*O22*O21*100 -> 0.00049226875 | P20: =P23*P22*P21*100 -> 2.4613438 | Q20: Parent (cow) is not included; all welfare isssues are allocated to the dairy production
A21: dairy calf 9m level | B21: =(2*(B24+B25+B27))+B26 -> 0.784 | C21: =(2*(C24+C25+C27))+C26 -> 1.0076667 | D21: =(2*(D24+D25+D27))+D26 -> 0.916 | E21: =(2*(E24+E25+E27))+E26 -> 1.0076667 | F21: =(2*(F24+F25+F27))+F26 -> 1.0076667 | G21: =(2*(G24+G25+G27))+G26 -> 1.0076667 | H21: =(2*(H24+H25+H27))+H26 -> 1.0076667 | I21: =(2*(I24+I25+I27))+I26 -> 0.916 | ... M21: =(2*(M24+M25+M27))+M26 -> 0.94966667 | O21: =(2*(O24+O25+O27))+O26 -> 0.001 | P21: =(2*(P24+P25+P27))+P26 -> 5
A22: dairy calf 9m ability | B22: =Ability!$B$6 -> 0.82044792 | C22: =Ability!$B$6 -> 0.82044792 | D22: =Ability!$B$6 -> 0.82044792 | E22: =Ability!$B$6 -> 0.82044792 | F22: =Ability!$B$6 -> 0.82044792 | G22: =Ability!$B$6 -> 0.82044792 | H22: =Ability!$B$6 -> 0.82044792 | I22: =Ability!$B$6 -> 0.82044792 | ... M22: =Ability!$B$6 -> 0.82044792 | O22: =Ability!$B$6 -> 0.82044792 | P22: =Ability!$B$6 -> 0.82044792 | Q22: Var kommer slaktvikten nedan ifrån?
A23: dairy calf 9m no per kg meat | B23: 0.006 | C23: 0.006 | D23: 0.006 | E23: 0.006 | F23: 0.006 | G23: 0.006 | H23: 0.006 | I23: 0.006 | J23: 0.006 | K23: 0.006 | L23: 0.006 | M23: 0.006 | O23: 0.006 | P23: 0.006 | Q23: Här ska vi ha 1/(slaktvikt (240 kg)*0.7), vi antar bara mjölkras och all impact för moderdjuren hamnar för mjölken
A24: dairy calf 9m mortality | B24: 0.065 | C24: 0.065 | D24: 0.065 | E24: 0.065 | F24: 0.065 | G24: 0.065 | H24: 0.065 | I24: 0.065 | J24: 0.065 | K24: 0.065 | L24: 0.065 | M24: 0.065 | O24: 0 | P24: 0.5 | Q24: Mortality of liveborn from birth to slaughter. Based on combination of Swedish data | R24: Jordbruksverket 2012; 2022; 2023; | S24: Kombination av Jordbruksverket 2023 (4,7 tot vid 6 mån) och Jordbruksverket 2022 (2,7 dikokalv och 6,0 mjölkkokalv, tot 4,7 vid 6 mån) och Jordbruksverket 2012 (0,5% under 6-9 mån, tabell 2.14)
A25: dairy calf 9m disease | B25: 0.1 | C25: 0.1 | D25: 0.1 | E25: 0.1 | F25: 0.1 | G25: 0.1 | H25: 0.1 | I25: 0.1 | J25: 0.1 | K25: 0.1 | L25: 0.1 | M25: 0.1 | O25: 0 | P25: 0.5 | Q25: Data are scarce. 10% is an assumed value within a range from 4% (0-15m, calculated from Jordbruksverket, 2023b) to 23% (0-3m, Svensson et al, 2003). | R25: Jordbruksverket 2023b, Svensson et al, 2003
A26: dairy calf 9m slaughter | B26: =Slaughtering!$C$6 -> 0.25 | C26: =Slaughtering!$E$6 -> 0.34166667 | D26: =Slaughtering!$G$6 -> 0.25 | E26: =Slaughtering!$I$6 -> 0.34166667 | F26: =Slaughtering!$K$6 -> 0.34166667 | G26: =Slaughtering!$M$6 -> 0.34166667 | H26: =Slaughtering!$O$6 -> 0.34166667 | I26: =Slaughtering!$Q$6 -> 0.25 | J26: =Slaughtering!$S$6 -> 0.34166667 | K26: =Slaughtering!$U$6 -> 0.34166667 | L26: =Slaughtering!$W$6 -> 0.25 | M26: =Slaughtering!$Y$6 -> 0.34166667 | O26: 0.001 | P26: 1 | R26: Tab "Slaughtering"
A27: dairy calf 9m space | B27: 0.102 | C27: 0.168 | D27: 0.168 | E27: 0.168 | F27: 0.168 | G27: 0.168 | H27: 0.168 | I27: 0.168 | J27: 0.168 | K27: 0.168 | L27: 0.163 | M27: 0.139 | O27: 0 | P27: 1 | Q27: Assuming all animals indoors all year
A28: dairy calf 24m tot welfare index | B28: =B31*B30*B29*100 -> 0.20061451 | C28: =C31*C30*C29*100 -> 0.24631609 | D28: =D31*D30*D29*100 -> 0.28238673 | E28: =E31*E30*E29*100 -> 0.28502161 | F28: =F31*F30*F29*100 -> 0.29974061 | G28: =G31*G30*G29*100 -> 0.25013213 | H28: =H31*H30*H29*100 -> 0.34062672 | I28: =I31*I30*I29*100 -> 0.25185843 | ... M28: =M31*M30*M29*100 -> 0.23268739 | O28: =O31*O30*O29*100 -> 0.00027257406 | P28: =P31*P30*P29*100 -> 1.3628703 | Q28: Parent (cow) is not included; all welfare isssues are allocated to the dairy production
A29: dairy calves 24m level | B29: =(2*(B32+B33+B35))+B34 -> 0.736 | C29: =(2*(C32+C33+C35))+C34 -> 0.90366667 | D29: =(2*(D32+D33+D35))+D34 -> 1.036 | E29: =(2*(E32+E33+E35))+E34 -> 1.0456667 | F29: =(2*(F32+F33+F35))+F34 -> 1.0996667 | G29: =(2*(G32+G33+G35))+G34 -> 0.91766667 | H29: =(2*(H32+H33+H35))+H34 -> 1.2496667 | I29: =(2*(I32+I33+I35))+I34 -> 0.924 | ... M29: =(2*(M32+M33+M35))+M34 -> 0.85366667 | O29: =(2*(O32+O33+O35))+O34 -> 0.001 | P29: =(2*(P32+P33+P35))+P34 -> 5
A30: dairy calves 24m ability | B30: =Ability!$B$6 -> 0.82044792 | C30: =Ability!$B$6 -> 0.82044792 | D30: =Ability!$B$6 -> 0.82044792 | E30: =Ability!$B$6 -> 0.82044792 | F30: =Ability!$B$6 -> 0.82044792 | G30: =Ability!$B$6 -> 0.82044792 | H30: =Ability!$B$6 -> 0.82044792 | I30: =Ability!$B$6 -> 0.82044792 | ... M30: =Ability!$B$6 -> 0.82044792 | O30: =Ability!$B$6 -> 0.82044792 | P30: =Ability!$B$6 -> 0.82044792 | Q30: Är rad 33 rätt? Det är inte 1/slaktvikt utan tagit från tabellen ovan, men borde det inte vara samma sak här som för 9m??
A31: dairy calves 24m no per kg meat | B31: =$W$5 -> 0.0033222591 | C31: =$W$5 -> 0.0033222591 | D31: =$W$5 -> 0.0033222591 | E31: =$W$5 -> 0.0033222591 | F31: =$W$5 -> 0.0033222591 | G31: =$W$5 -> 0.0033222591 | H31: =$W$5 -> 0.0033222591 | I31: =$W$5 -> 0.0033222591 | ... M31: =$W$5 -> 0.0033222591 | O31: =$W$5 -> 0.0033222591 | P31: =$W$5 -> 0.0033222591 | Q31: Här ska vi ha 1/(slaktvikt*0.7), vi antar bara mjölkras och all impact för moderdjuren hamnar för mjölken
A32: dairy calves 24m mortality | B32: 0.075 | C32: 0.075 | D32: 0.075 | E32: 0.075 | F32: 0.075 | G32: 0.075 | H32: 0.075 | I32: 0.075 | J32: 0.075 | K32: 0.075 | L32: 0.075 | M32: 0.075 | O32: 0 | P32: 0.5 | Q32: Mortality of liveborn from birth to slaughter. Based on combination of Swedish data | R32: Jordbruksverket 2012; 2022; 2023; | S32: Kombination av Jordbruksverket 2023 (4,7 tot vid 6 mån) och Jordbruksverket 2022 (2,7 dikokalv och 6,0 mjölkkokalv, tot 4,7 vid 6 mån) och Jordbruksverket 2012 (1,5% under 6-24 mån, tabell 2.14)
A33: dairy calves 24m disease | B33: 0.05 | C33: 0.05 | D33: 0.05 | E33: 0.05 | F33: 0.05 | G33: 0.05 | H33: 0.05 | I33: 0.05 | J33: 0.05 | K33: 0.05 | L33: 0.05 | M33: 0.05 | O33: 0 | P33: 0.5 | Q33: Lower disease and injury risk for beef than dairy calves, and for calves raised to 18m than for veal calves (Mandel et al, 2022). Assumed value set to 50% of the value for young dairy calves. | R33: Jordbruksverket 2023b, Svensson et al, 2003
A34: dairy calves 24m slaughter | B34: =Slaughtering!$C$6 -> 0.25 | C34: =Slaughtering!$E$6 -> 0.34166667 | D34: =Slaughtering!$G$6 -> 0.25 | E34: =Slaughtering!$I$6 -> 0.34166667 | F34: =Slaughtering!$K$6 -> 0.34166667 | G34: =Slaughtering!$M$6 -> 0.34166667 | H34: =Slaughtering!$O$6 -> 0.34166667 | I34: =Slaughtering!$Q$6 -> 0.25 | J34: =Slaughtering!$S$6 -> 0.34166667 | K34: =Slaughtering!$U$6 -> 0.34166667 | L34: =Slaughtering!$W$6 -> 0.25 | M34: =Slaughtering!$Y$6 -> 0.34166667 | O34: 0.001 | P34: 1 | R34: Tab "Slaughtering"
A35: dairy calves 24m space | B35: 0.118 | C35: 0.156 | D35: 0.268 | E35: 0.227 | F35: 0.254 | G35: 0.163 | H35: 0.329 | I35: 0.212 | J35: 0.298 | K35: 0.119 | L35: 0.135 | M35: 0.131 | O35: 0 | P35: 1
A36: dairy cow welfare index | B36: =B39*B38*B37*100 -> 0.0085404353 | C36: =C39*C38*C37*100 -> 0.0083960318 | D36: =D39*D38*D37*100 -> 0.0098489078 | E36: =E39*E38*E37*100 -> 0.012851911 | F36: =F39*F38*F37*100 -> 0.013134824 | G36: =G39*G38*G37*100 -> 0.0082192112 | H36: =H39*H38*H37*100 -> 0.011189797 | I36: =I39*I38*I37*100 -> 0.0086818918 | ... L36: =L39*L38*L37*100 -> 0.0080983838 | O36: =O39*O38*O37*100 -> 8.8410303e-06 | P36: =P39*P38*P37*100 -> 0.044205152 | Q36: Dairy cow space includes the cow's whole life. Disease and mortality in % affected cows per year. | R36: kan inte sudda här? | S36: Vad menas med detta? Förenklat genom att inte ha med en beräkning för kvigan. Sjukdom o dödlighet gäller vuxna kor per år
A37: dairy cow level | B37: =(2*(B40+B41+B43))+B42 -> 0.966 | C37: =(2*(C40+C41+C43))+C42 -> 0.94966667 | D37: =(2*(D40+D41+D43))+D42 -> 1.114 | E37: =(2*(E40+E41+E43))+E42 -> 1.4536667 | F37: =(2*(F40+F41+F43))+F42 -> 1.4856667 | G37: =(2*(G40+G41+G43))+G42 -> 0.92966667 | H37: =(2*(H40+H41+H43))+H42 -> 1.2656667 | I37: =(2*(I40+I41+I43))+I42 -> 0.982 | ... L37: =(2*(L40+L41+L43))+L42 -> 0.916 | O37: =(2*(O40+O41+O43))+O42 -> 0.001 | P37: =(2*(P40+P41+P43))+P42 -> 5
A38: dairy cow ability | B38: =Ability!$B$5 -> 0.88410303 | C38: =Ability!$B$5 -> 0.88410303 | D38: =Ability!$B$5 -> 0.88410303 | E38: =Ability!$B$5 -> 0.88410303 | F38: =Ability!$B$5 -> 0.88410303 | G38: =Ability!$B$5 -> 0.88410303 | H38: =Ability!$B$5 -> 0.88410303 | I38: =Ability!$B$5 -> 0.88410303 | ... L38: =Ability!$B$5 -> 0.88410303 | O38: =Ability!$B$5 -> 0.88410303 | P38: =Ability!$B$5 -> 0.88410303 | S38: See också Ingrids artikel: | T38: https://www.frontiersin.org/articles/10.3389/fsufs.2023.1171865/full
A39: dairy cows no per kg milk | B39: 0.0001 | C39: 0.0001 | D39: 0.0001 | E39: 0.0001 | F39: 0.0001 | G39: 0.0001 | H39: 0.0001 | I39: 0.0001 | J39: 0.0001 | K39: 0.0001 | L39: 0.0001 | O39: 0.0001 | P39: 0.0001 | Q39: 1/life time milk production, but here adjusted to 0.0001 | R39: Comes from Dairy.xlsx, tab Parameters, country specific
A40: dairy cows mortality | B40: 0.06 | C40: 0.06 | D40: 0.06 | E40: 0.06 | F40: 0.06 | G40: 0.06 | H40: 0.06 | I40: 0.06 | J40: 0.06 | K40: 0.06 | L40: 0.06 | O40: 0 | P40: 0.5 | Q40: Mortality per year | R40: Växa 2023b | S40: figur 4
A41: dairy cows disease | B41: 0.16 | C41: 0.16 | D41: 0.16 | E41: 0.16 | F41: 0.16 | G41: 0.16 | H41: 0.16 | I41: 0.16 | J41: 0.16 | K41: 0.16 | L41: 0.16 | O41: 0 | P41: 0.5 | Q41: Disease frequency per year. Based on combination of Swedish data | R41: Jordbruksverket 2023; Växa 2023a | S41: Medeltal av Jordbruksverket 2023 (12%) och Växa 2023a (20,4%, tabell 42)
A42: dairy cows slaughter | B42: =Slaughtering!$C$6 -> 0.25 | C42: =Slaughtering!$E$6 -> 0.34166667 | D42: =Slaughtering!$G$6 -> 0.25 | E42: =Slaughtering!$I$6 -> 0.34166667 | F42: =Slaughtering!$K$6 -> 0.34166667 | G42: =Slaughtering!$M$6 -> 0.34166667 | H42: =Slaughtering!$O$6 -> 0.34166667 | I42: =Slaughtering!$Q$6 -> 0.25 | J42: =Slaughtering!$S$6 -> 0.34166667 | K42: =Slaughtering!$U$6 -> 0.34166667 | L42: =Slaughtering!$W$6 -> 0.25 | O42: 0.001 | P42: 1 | R42: Tab "Slaughtering"
A43: dairy cows space | B43: 0.138 | C43: 0.084 | D43: 0.212 | E43: 0.336 | F43: 0.352 | G43: 0.074 | H43: 0.242 | I43: 0.146 | J43: 0.309 | K43: 0.203 | L43: 0.113 | O43: 0 | P43: 1 | Q43: lösdrift resp uppbundna, bete
A44: laying hen tot welfare index | B44: =B45+B53 -> 6.7125008 | C44: =C45+C53 -> 6.8052207 | D44: =D45+D53 -> 6.9023384 | E44: =E45+E53 -> 9.9274162 | F44: =F45+F53 -> 10.427297 | G44: =G45+G53 -> 7.3563894 | H44: =H45+H53 -> 8.5092139 | I44: =I45+I53 -> 8.1405739 | ... L44: =L45+L53 -> 7.7135093 | O44: =O45+O53 -> 0.0045741996 | P44: =P45+P53 -> 21.841753 | Q44: 9
A45: welfare index laying hen male | B45: =B48*B47*B46*100 -> 0.0097635475 | C45: =C48*C47*C46*100 -> 0 | D45: =D48*D47*D46*100 -> 0 | E45: =E48*E47*E46*100 -> 0.012426333 | F45: =F48*F47*F46*100 -> 0.012426333 | G45: =G48*G47*G46*100 -> 0.0092309904 | H45: =H48*H47*H46*100 -> 0.010651143 | I45: =I48*I47*I46*100 -> 0.011361219 | ... L45: =L48*L47*L46*100 -> 0.011361219 | O45: =O48*O47*O46*100 -> 0.0013548254 | P45: =P48*P47*P46*100 -> 1.3548254
A46: laying hen male level | B46: =(2*(B49+B50+B52))+B51 -> 0.0069444444 | C46: =(2*(C49+C50+C52))+C51 -> 0.0069444444 | D46: =(2*(D49+D50+D52))+D51 -> 0.0069444444 | E46: =(2*(E49+E50+E52))+E51 -> 0.0069444444 | F46: =(2*(F49+F50+F52))+F51 -> 0.0069444444 | G46: =(2*(G49+G50+G52))+G51 -> 0.0069444444 | H46: =(2*(H49+H50+H52))+H51 -> 0.0069444444 | I46: =(2*(I49+I50+I52))+I51 -> 0.0069444444 | ... L46: =(2*(L49+L50+L52))+L51 -> 0.0069444444 | O46: =(2*(O49+O50+O52))+O51 -> 0.001 | P46: =(2*(P49+P50+P52))+P51 -> 1
A47: male chick ability | B47: =Ability!$B$7 -> 0.25562743 | C47: =Ability!$B$7 -> 0.25562743 | D47: =Ability!$B$7 -> 0.25562743 | E47: =Ability!$B$7 -> 0.25562743 | F47: =Ability!$B$7 -> 0.25562743 | G47: =Ability!$B$7 -> 0.25562743 | H47: =Ability!$B$7 -> 0.25562743 | I47: =Ability!$B$7 -> 0.25562743 | ... L47: =Ability!$B$7 -> 0.25562743 | O47: =Ability!$B$7 -> 0.25562743 | P47: =Ability!$B$7 -> 0.25562743
A48: male chick no per kg | B48: =B56 -> 0.055 | C48: 0 | D48: 0 | E48: =E56 -> 0.07 | F48: =F56 -> 0.07 | G48: =G56 -> 0.052 | H48: =H56 -> 0.06 | I48: =I56 -> 0.064 | J48: =J56 -> 0.066 | K48: =K56 -> 0.06 | L48: =L56 -> 0.064 | O48: 0.053 | P48: 0.053 | Q48: 1 male per laying hen, but killing male chicks is forbidden in France and Germany (EFSA, 2023).
A49: male chick mort | B49: 0 | C49: 0 | D49: 0 | E49: 0 | F49: 0 | G49: 0 | H49: 0 | I49: 0 | J49: 0 | K49: 0 | L49: 0 | O49: 0 | P49: 0
A50: male chick disease | B50: 0 | C50: 0 | D50: 0 | E50: 0 | F50: 0 | G50: 0 | H50: 0 | I50: 0 | J50: 0 | K50: 0 | L50: 0 | O50: 0 | P50: 0
A51: male chick slaughter | B51: =Slaughtering!$C$7 -> 0.0069444444 | C51: =Slaughtering!$E$7 -> 0.0069444444 | D51: =Slaughtering!$G$7 -> 0.0069444444 | E51: =Slaughtering!$I$7 -> 0.0069444444 | F51: =Slaughtering!$K$7 -> 0.0069444444 | G51: =Slaughtering!$M$7 -> 0.0069444444 | H51: =Slaughtering!$O$7 -> 0.0069444444 | I51: =Slaughtering!$Q$7 -> 0.0069444444 | J51: =Slaughtering!$S$7 -> 0.0069444444 | K51: =Slaughtering!$U$7 -> 0.0069444444 | L51: =Slaughtering!$W$7 -> 0.0069444444 | O51: 0.001 | P51: 1
A52: male chick space | B52: 0 | C52: 0 | D52: 0 | E52: 0 | F52: 0 | G52: 0 | H52: 0 | I52: 0 | J52: 0 | K52: 0 | L52: 0 | O52: 0 | P52: 0
A53: welfare index laying hen hen | B53: =B56*B55*B54*100 -> 6.7027372 | C53: =C56*C55*C54*100 -> 6.8052207 | D53: =D56*D55*D54*100 -> 6.9023384 | E53: =E56*E55*E54*100 -> 9.9149899 | F53: =F56*F55*F54*100 -> 10.414871 | G53: =G56*G55*G54*100 -> 7.3471584 | H53: =H56*H55*H54*100 -> 8.4985627 | I53: =I56*I55*I54*100 -> 8.1292127 | ... L53: =L56*L55*L54*100 -> 7.7021481 | O53: =O56*O55*O54*100 -> 0.0032193743 | P53: =P56*P55*P54*100 -> 20.486927 | Q53: Laying hen parents are included in number of hens/ kg egg. Thus they are assumed to have the same welfare as laying hens (a simplification)
A54: laying hen hen level | B54: =(2*(B57+B58+B60))+B59 -> 2.082 | C54: =(2*(C57+C58+C60))+C59 -> 2.1138333 | D54: =(2*(D57+D58+D60))+D59 -> 2.144 | E54: =(2*(E57+E58+E60))+E59 -> 2.4198333 | F54: =(2*(F57+F58+F60))+F59 -> 2.5418333 | G54: =(2*(G57+G58+G60))+G59 -> 2.4138333 | H54: =(2*(H57+H58+H60))+H59 -> 2.4198333 | I54: =(2*(I57+I58+I60))+I59 -> 2.17 | ... L54: =(2*(L57+L58+L60))+L59 -> 2.056 | O54: =(2*(O57+O58+O60))+O59 -> 0.001 | P54: =(2*(P57+P58+P60))+P59 -> 5
A55: laying hen ability | B55: =Ability!$B$8 -> 0.58534078 | C55: =Ability!$B$8 -> 0.58534078 | D55: =Ability!$B$8 -> 0.58534078 | E55: =Ability!$B$8 -> 0.58534078 | F55: =Ability!$B$8 -> 0.58534078 | G55: =Ability!$B$8 -> 0.58534078 | H55: =Ability!$B$8 -> 0.58534078 | I55: =Ability!$B$8 -> 0.58534078 | ... L55: =Ability!$B$8 -> 0.58534078 | O55: =Ability!$B$8 -> 0.58534078 | P55: =Ability!$B$8 -> 0.58534078
A56: laying hens no per kg egg | B56: =D56 -> 0.055 | C56: 0.055 | D56: 0.055 | E56: =F56 -> 0.07 | F56: 0.07 | G56: 0.052 | H56: =K56 -> 0.06 | I56: =L56 -> 0.064 | J56: 0.066 | K56: 0.06 | L56: 0.064 | O56: 0.055 | P56: 0.07 | Q56: 1/life time production. Including laying hen breeders | R56: Comes from Eggs.xlsx, tab Egg yield, data from Eurostat
A57: laying hen mort | B57: 0.04 | C57: 0.035 | D57: 0.04 | E57: 0.035 | F57: 0.03 | G57: 0.035 | H57: 0.035 | I57: 0.04 | J57: 0.03 | K57: 0.03 | L57: 0.04 | O57: 0 | P57: 0.5 | Q57: Cumulative mortality at 60wk. 4% in cages and 3% in avaries. Percent in cages within country range from 7 to 88; no data on Greece. | R57: Schuck‑Paim et al, 2021
A58: laying hen disease | B58: 0.46 | C58: 0.44 | D58: 0.46 | E58: 0.44 | F58: 0.42 | G58: 0.44 | H58: 0.44 | I58: 0.46 | J58: 0.42 | K58: 0.42 | L58: 0.46 | O58: 0 | P58: 0.5 | Q58: Comparable disease data are scarce and only keel bone fracture is used for this indicator. Studies in European countries from 2023-2019 in the review of Rufener & Makagon (2020) were used. 12 studies (25 lines/replicates/treatments) averaged at 44% prevalence around 68 wk of age. Risk of bone fracture is lower in cages (Thöfner et al, 2021). Percent of hens in cages from Schuk-Paim et al (2021). | R58: Rufener & Makagon, 2020
A59: laying hen slaughter | B59: =Slaughtering!$C$8 -> 0.25 | C59: =Slaughtering!$E$8 -> 0.27583333 | D59: =Slaughtering!$G$8 -> 0.25 | E59: =Slaughtering!$I$8 -> 0.27583333 | F59: =Slaughtering!$K$8 -> 0.27583333 | G59: =Slaughtering!$M$8 -> 0.27583333 | H59: =Slaughtering!$O$8 -> 0.27583333 | I59: =Slaughtering!$Q$8 -> 0.25 | J59: =Slaughtering!$S$8 -> 0.27583333 | K59: =Slaughtering!$U$8 -> 0.27583333 | L59: =Slaughtering!$W$8 -> 0.25 | O59: 0.001 | P59: 1 | R59: Tab "Slaughtering"
A60: laying hen space | B60: 0.416 | C60: 0.444 | D60: 0.447 | E60: 0.597 | F60: 0.683 | G60: 0.594 | H60: 0.597 | I60: 0.46 | J60: 0.705 | K60: 0.67 | L60: 0.403 | O60: 0 | P60: 1
A61: chicken tot welfare index | B61: =B62+B70 -> 70.37812 | C61: =C62+C70 -> 76.86855 | D61: =D62+D70 -> 67.939375 | E61: =E62+E70 -> 76.426602 | F61: =F62+F70 -> 76.413841 | G61: =G62+G70 -> 76.426602 | H61: =H62+H70 -> 76.426602 | I61: =I62+I70 -> 75.375612 | ... L61: =L62+L70 -> 60.503138 | O61: =O62+O70 -> 0.041177484 | P61: =P62+P70 -> 205.88742
A62: welfare index chicken sl | B62: =B65*B64*B63*100 -> 69.731745 | C62: =C65*C64*C63*100 -> 76.210147 | D62: =D65*D64*D63*100 -> 67.280239 | E62: =E65*E64*E63*100 -> 75.771985 | F62: =F65*F64*F63*100 -> 75.771985 | G62: =G65*G64*G63*100 -> 75.771985 | H62: =H65*H64*H63*100 -> 75.771985 | I62: =I65*I64*I63*100 -> 74.716475 | ... L62: =L65*L64*L63*100 -> 59.844002 | O62: =O65*O64*O63*100 -> 0.040858444 | P62: =P65*P64*P63*100 -> 204.29222
A63: chicken sl level | B63: =(2*(B66+B67+B69))+B68 -> 1.7066667 | C63: =(2*(C66+C67+C69))+C68 -> 1.8545 | D63: =(2*(D66+D67+D69))+D68 -> 1.6466667 | E63: =(2*(E66+E67+E69))+E68 -> 1.8545 | F63: =(2*(F66+F67+F69))+F68 -> 1.8545 | G63: =(2*(G66+G67+G69))+G68 -> 1.8545 | H63: =(2*(H66+H67+H69))+H68 -> 1.8545 | I63: =(2*(I66+I67+I69))+I68 -> 1.8286667 | ... L63: =(2*(L66+L67+L69))+L68 -> 1.4646667 | O63: =(2*(O66+O67+O69))+O68 -> 0.001 | P63: =(2*(P66+P67+P69))+P68 -> 5
A64: chicken sl ability | B64: =Ability!$B$9 -> 0.54320828 | C64: =Ability!$B$9 -> 0.54320828 | D64: =Ability!$B$9 -> 0.54320828 | E64: =Ability!$B$9 -> 0.54320828 | F64: =Ability!$B$9 -> 0.54320828 | G64: =Ability!$B$9 -> 0.54320828 | H64: =Ability!$B$9 -> 0.54320828 | I64: =Ability!$B$9 -> 0.54320828 | ... L64: =Ability!$B$9 -> 0.54320828 | O64: =Ability!$B$9 -> 0.54320828 | P64: =Ability!$B$9 -> 0.54320828
A65: chicken sl no per kg product | B65: 0.75216903 | C65: 0.75651855 | D65: 0.75216903 | E65: 0.75216903 | F65: 0.75216903 | G65: 0.75216903 | H65: 0.75216903 | I65: 0.75216903 | J65: 0.75216903 | K65: 0.75216903 | L65: 0.75216903 | O65: 0.75216903 | P65: 0.75216903 | R65: Comes from Chicken.xlsx, tab Production
A66: chicken sl mortality | B66: 0.038 | C66: 0.038 | D66: 0.038 | E66: 0.038 | F66: 0.038 | G66: 0.038 | H66: 0.038 | I66: 0.038 | J66: 0.038 | K66: 0.038 | L66: 0.038 | O66: 0 | P66: 0.5 | Q66: Mortality from day 1 to slaughter | R66: Van Limbergen et al, 2020. | S66: Hittar ej specifika värden. Ref visar medel för 7 EU-länder
A67: chicken sl disease | B67: 0.115 | C67: 0.145 | D67: 0.1 | E67: 0.145 | F67: 0.145 | G67: 0.145 | H67: 0.145 | I67: 0.145 | J67: 0.145 | K67: 0.145 | L67: 0.055 | O67: 0 | P67: 0.5 | Q67: Comparable disease data are scarce and only leg problem is used for this indicator. 10% with leg problems (gait score 3-5) is an assumed average value within a range from 3% (Svensk fågel, 2023) to 17-18% (Grankvist et al, 2017; Bailie et al, 2018) in recent, large studies. Gait score is influenced by stocking density (van der Eijk et al, 2023) which range within nation from 36 kg/m2 (5,5% leg problems) to 42 kg/m2 (14,5% leg problems). | R67: Svensk fågel, 2023; Bailie et al, 2018; Grankvist et al, 2017; Van der Eijk et al, 2023
A68: chicken sl slaughter | B68: =Slaughtering!$C$20 -> 0.16666667 | C68: =Slaughtering!$E$20 -> 0.1925 | D68: =Slaughtering!$G$20 -> 0.16666667 | E68: =Slaughtering!$I$20 -> 0.1925 | F68: =Slaughtering!$K$20 -> 0.1925 | G68: =Slaughtering!$M$20 -> 0.1925 | H68: =Slaughtering!$O$20 -> 0.1925 | I68: =Slaughtering!$Q$20 -> 0.16666667 | J68: =Slaughtering!$S$20 -> 0.1925 | K68: =Slaughtering!$U$20 -> 0.1925 | L68: =Slaughtering!$W$20 -> 0.16666667 | O68: 0.001 | P68: 1 | Q68: kortat slakttid, se flik slaughtering
A69: chicken sl space | B69: 0.617 | C69: 0.648 | D69: 0.602 | E69: 0.648 | F69: 0.648 | G69: 0.648 | H69: 0.648 | I69: 0.648 | J69: 0.648 | K69: 0.648 | L69: 0.556 | O69: 0 | P69: 1
A70: welfare index chicken parent | B70: =B73*B72*B71*100 -> 0.64637505 | C70: =C73*C72*C71*100 -> 0.65840233 | D70: =D73*D72*D71*100 -> 0.65913665 | E70: =E73*E72*E71*100 -> 0.65461691 | F70: =F73*F72*F71*100 -> 0.64185531 | G70: =G73*G72*G71*100 -> 0.65461691 | H70: =H73*H72*H71*100 -> 0.65461691 | I70: =I73*I72*I71*100 -> 0.65913665 | ... L70: =L73*L72*L71*100 -> 0.65913665 | O70: =O73*O72*O71*100 -> 0.00031904 | P70: =P73*P72*P71*100 -> 1.5952
A71: chicken parent level | B71: =(2*(B74+B75+B77))+B76 -> 2.026 | C71: =(2*(C74+C75+C77))+C76 -> 2.0518333 | D71: =(2*(D74+D75+D77))+D76 -> 2.066 | E71: =(2*(E74+E75+E77))+E76 -> 2.0518333 | F71: =(2*(F74+F75+F77))+F76 -> 2.0118333 | G71: =(2*(G74+G75+G77))+G76 -> 2.0518333 | H71: =(2*(H74+H75+H77))+H76 -> 2.0518333 | I71: =(2*(I74+I75+I77))+I76 -> 2.066 | ... L71: =(2*(L74+L75+L77))+L76 -> 2.066 | O71: =(2*(O74+O75+O77))+O76 -> 0.001 | P71: =(2*(P74+P75+P77))+P76 -> 5
A72: chicken parent ability | B72: =Ability!$B$8 -> 0.58534078 | C72: =Ability!$B$8 -> 0.58534078 | D72: =Ability!$B$8 -> 0.58534078 | E72: =Ability!$B$8 -> 0.58534078 | F72: =Ability!$B$8 -> 0.58534078 | G72: =Ability!$B$8 -> 0.58534078 | H72: =Ability!$B$8 -> 0.58534078 | I72: =Ability!$B$8 -> 0.58534078 | ... L72: =Ability!$B$8 -> 0.58534078 | O72: =Ability!$B$8 -> 0.58534078 | P72: =Ability!$B$8 -> 0.58534078
A73: chicken parent no per kg | B73: 0.0054505002 | C73: 0.0054820185 | D73: 0.0054505002 | E73: 0.0054505002 | F73: 0.0054505002 | G73: 0.0054505002 | H73: 0.0054505002 | I73: 0.0054505002 | J73: 0.0054505002 | K73: 0.0054505002 | L73: 0.0054505002 | O73: 0.0054505002 | P73: 0.0054505002 | R73: Comes from Chicken.xlsx, tab Production
A74: chicken parents mortality | B74: 0.06 | C74: 0.06 | D74: 0.06 | E74: 0.06 | F74: 0.06 | G74: 0.06 | H74: 0.06 | I74: 0.06 | J74: 0.06 | K74: 0.06 | L74: 0.06 | O74: 0 | P74: 0.5 | Q74: Mortality from 20 to 60 weeks of age. | R74: Thøfner et al, 2019
A75: chicken parent disease | B75: 0.44 | C75: 0.44 | D75: 0.46 | E75: 0.44 | F75: 0.42 | G75: 0.44 | H75: 0.44 | I75: 0.46 | J75: 0.42 | K75: 0.42 | L75: 0.46 | O75: 0 | P75: 0.5 | Q75: Assumed the same as for laying hens due to lack of data. It may be lower in breeders than in layers due to lower selection pressure on eggmass, but on the other hand breeders suffer from hunger (De Jong & Guémené, 2011) | R75: Assumption
A76: chicken parent slaughter | B76: =Slaughtering!$C$8 -> 0.25 | C76: =Slaughtering!$E$8 -> 0.27583333 | D76: =Slaughtering!$G$8 -> 0.25 | E76: =Slaughtering!$I$8 -> 0.27583333 | F76: =Slaughtering!$K$8 -> 0.27583333 | G76: =Slaughtering!$M$8 -> 0.27583333 | H76: =Slaughtering!$O$8 -> 0.27583333 | I76: =Slaughtering!$Q$8 -> 0.25 | J76: =Slaughtering!$S$8 -> 0.27583333 | K76: =Slaughtering!$U$8 -> 0.27583333 | L76: =Slaughtering!$W$8 -> 0.25 | O76: 0.001 | P76: 1
A77: chicken parent space | B77: 0.388 | C77: 0.388 | D77: 0.388 | E77: 0.388 | F77: 0.388 | G77: 0.388 | H77: 0.388 | I77: 0.388 | J77: 0.388 | K77: 0.388 | L77: 0.388 | O77: 0 | P77: 1
A78: pig tot welfare index | B78: =B79+B87 -> 3.7603025 | C78: =C79+C87 -> 3.8528814 | D78: =D79+D87 -> 3.6585123 | E78: =E79+E87 -> 3.778257 | F78: =F79+F87 -> 3.6643868 | G78: =G79+G87 -> 3.6547805 | H78: =H79+H87 -> 2.9314832 | I78: =I79+I87 -> 3.521251 | ... L78: =L79+L87 -> 2.8930739 | O78: =O79+O87 -> 0.0016425917 | P78: =P79+P87 -> 8.5277171
A79: welfare index pig sl | B79: =B82*B81*B80*100 -> 3.6384965 | C79: =C82*C81*C80*100 -> 3.70965 | D79: =D82*D81*D80*100 -> 3.5248384 | E79: =E82*E81*E80*100 -> 3.6342088 | F79: =F82*F81*F80*100 -> 3.5271814 | G79: =G82*G81*G80*100 -> 3.5111882 | H79: =H82*H81*H80*100 -> 2.8002989 | I79: =I82*I81*I80*100 -> 3.3963391 | ... L79: =L82*L81*L80*100 -> 2.7700099 | O79: =O82*O81*O80*100 -> 0.0015572666 | P79: =P82*P81*P80*100 -> 8.0062861
A80: pig sl level | B80: =(2*(B83+B84+B86))+B85 -> 2.276 | C80: =(2*(C83+C84+C86))+C85 -> 2.3273333 | D80: =(2*(D83+D84+D86))+D85 -> 2.234 | E80: =(2*(E83+E84+E86))+E85 -> 2.2993333 | F80: =(2*(F83+F84+F86))+F85 -> 2.2273333 | G80: =(2*(G83+G84+G86))+G85 -> 2.2333333 | H80: =(2*(H83+H84+H86))+H85 -> 2.2893333 | I80: =(2*(I83+I84+I86))+I85 -> 2.158 | ... L80: =(2*(L83+L84+L86))+L85 -> 1.776 | O80: =(2*(O83+O84+O86))+O85 -> 0.001 | P80: =(2*(P83+P84+P86))+P85 -> 5
A81: pigs sl ability | B81: =Ability!$B$10 -> 0.87981166 | C81: =Ability!$B$10 -> 0.87981166 | D81: =Ability!$B$10 -> 0.87981166 | E81: =Ability!$B$10 -> 0.87981166 | F81: =Ability!$B$10 -> 0.87981166 | G81: =Ability!$B$10 -> 0.87981166 | H81: =Ability!$B$10 -> 0.87981166 | I81: =Ability!$B$10 -> 0.87981166 | ... L81: =Ability!$B$10 -> 0.87981166 | O81: =Ability!$B$10 -> 0.87981166 | P81: =Ability!$B$10 -> 0.87981166
A82: pigs sl no per kg meat | B82: 0.018170212 | C82: 0.018116931 | D82: 0.017933553 | E82: 0.017964628 | F82: 0.017999186 | G82: 0.017869436 | H82: 0.013902908 | I82: 0.017888334 | J82: 0.017964628 | K82: 0.01818281 | L82: 0.017727547 | O82: 0.0177 | P82: 0.0182 | R82: Comes from Pigs.xlsx, tab Production
A83: pigs sl mortality | B83: 0.228 | C83: 0.212 | D83: 0.207 | E83: 0.198 | F83: 0.162 | G83: 0.165 | H83: 0.193 | I83: 0.169 | J83: 0.198 | K83: 0.241 | L83: 0.206 | O83: 0 | P83: 0.5 | Q83: Mortality of live born from birth to slaughter. National data from Interpig report. Mean values for Greece and Poland. | R83: Gårdochdjurhälsan, 2022 | S83: Includes both piglet and sl. pigs, from figur 9 och 11-12, Gård & Djurhälsan, Internationella rapporten 2022. https://www.gardochdjurhalsan.se/wp-content/uploads/2022/12/internationella-rapporten-2022.pdf
A84: pigs sl disease | B84: 0.15 | C84: 0.15 | D84: 0.15 | E84: 0.15 | F84: 0.15 | G84: 0.15 | H84: 0.15 | I84: 0.15 | J84: 0.15 | K84: 0.15 | L84: 0.15 | O84: 0 | P84: 0.5 | Q84: Assumed 15% disease frequency. Comparable data are scarce. Respiratory diseases and joint inflamations are common diseases.
A85: pigs sl slaughter | B85: =Slaughtering!$C$9 -> 0.25 | C85: =Slaughtering!$E$9 -> 0.33333333 | D85: =Slaughtering!$G$9 -> 0.25 | E85: =Slaughtering!$I$9 -> 0.33333333 | F85: =Slaughtering!$K$9 -> 0.33333333 | G85: =Slaughtering!$M$9 -> 0.33333333 | H85: =Slaughtering!$O$9 -> 0.33333333 | I85: =Slaughtering!$Q$9 -> 0.25 | J85: =Slaughtering!$S$9 -> 0.33333333 | K85: =Slaughtering!$U$9 -> 0.33333333 | L85: =Slaughtering!$W$9 -> 0.25 | O85: 0.001 | P85: 1
A86: pig sl space | B86: 0.635 | C86: 0.635 | D86: 0.635 | E86: 0.635 | F86: 0.635 | G86: 0.635 | H86: 0.635 | I86: 0.635 | J86: 0.635 | K86: 0.635 | L86: 0.407 | O86: 0 | P86: 1
A87: welfare index pig parent | B87: =B90*B89*B88*100 -> 0.12180592 | C87: =C90*C89*C88*100 -> 0.14323136 | D87: =D90*D89*D88*100 -> 0.13367389 | E87: =E90*E89*E88*100 -> 0.14404819 | F87: =F90*F89*F88*100 -> 0.13720545 | G87: =G90*G89*G88*100 -> 0.14359226 | H87: =H90*H89*H88*100 -> 0.13118435 | I87: =I90*I89*I88*100 -> 0.12491183 | ... L87: =L90*L89*L88*100 -> 0.123064 | O87: =O90*O89*O88*100 -> 8.5325082e-05 | P87: =P90*P89*P88*100 -> 0.52143105
A88: welfare level prod syst | B88: =(2*(B91+B92+B94))+B93 -> 1.456 | C88: =(2*(C91+C92+C94))+C93 -> 1.5393333 | D88: =(2*(D91+D92+D94))+D93 -> 1.456 | E88: =(2*(E91+E92+E94))+E93 -> 1.5393333 | F88: =(2*(F91+F92+F94))+F93 -> 1.5393333 | G88: =(2*(G91+G92+G94))+G93 -> 1.5393333 | H88: =(2*(H91+H92+H94))+H93 -> 1.5393333 | I88: =(2*(I91+I92+I94))+I93 -> 1.456 | ... L88: =(2*(L91+L92+L94))+L93 -> 1.258 | O88: =(2*(O91+O92+O94))+O93 -> 0.001 | P88: =(2*(P91+P92+P94))+P93 -> 5
A89: pig parent ability | B89: =Ability!$B$11 -> 0.94805646 | C89: =Ability!$B$11 -> 0.94805646 | D89: =Ability!$B$11 -> 0.94805646 | E89: =Ability!$B$11 -> 0.94805646 | F89: =Ability!$B$11 -> 0.94805646 | G89: =Ability!$B$11 -> 0.94805646 | H89: =Ability!$B$11 -> 0.94805646 | I89: =Ability!$B$11 -> 0.94805646 | ... L89: =Ability!$B$11 -> 0.94805646 | O89: =Ability!$B$11 -> 0.94805646 | P89: =Ability!$B$11 -> 0.94805646
A90: pigs no parent per kg meat | B90: 0.0008824149 | C90: 0.00098145693 | D90: 0.00096839156 | E90: 0.00098705404 | F90: 0.0009401659 | G90: 0.00098392988 | H90: 0.00089890783 | I90: 0.0009049154 | J90: 0.00098705404 | K90: 0.0011010279 | L90: 0.0010318491 | O90: 0.0009 | P90: 0.0011 | R90: Comes from Pigs.xlsx, tab Production
A91: pig parent mortality | B91: 0.034 | C91: 0.034 | D91: 0.034 | E91: 0.034 | F91: 0.034 | G91: 0.034 | H91: 0.034 | I91: 0.034 | J91: 0.034 | K91: 0.034 | L91: 0.034 | O91: 0 | P91: 0.5 | Q91: Mortality per year, based on Swedish national data | R91: Landquist et al, 2021 | S91: Comes from Pigs.xlsx, tab Parameters, country specific
A92: pig parent disease | B92: 0.15 | C92: 0.15 | D92: 0.15 | E92: 0.15 | F92: 0.15 | G92: 0.15 | H92: 0.15 | I92: 0.15 | J92: 0.15 | K92: 0.15 | L92: 0.15 | O92: 0 | P92: 0.5 | Q92: Assumed 15% disease frequency. Comparable data are scarce. Leg problems and dysgalactia are common diseases. Prevalence of lameness in 7 European studies range from 9 to 29% (Huneau-Salaün et al, 2021). Prevalence of leg problems and dysgalactia in Finnish study was 14% (Niemi et al, 2017). | R92: Huneau-Salaun et al, 2021; Niemi et al, 2017
A93: pig parent slaughter | B93: =Slaughtering!$C$9 -> 0.25 | C93: =Slaughtering!$E$9 -> 0.33333333 | D93: =Slaughtering!$G$9 -> 0.25 | E93: =Slaughtering!$I$9 -> 0.33333333 | F93: =Slaughtering!$K$9 -> 0.33333333 | G93: =Slaughtering!$M$9 -> 0.33333333 | H93: =Slaughtering!$O$9 -> 0.33333333 | I93: =Slaughtering!$Q$9 -> 0.25 | J93: =Slaughtering!$S$9 -> 0.33333333 | K93: =Slaughtering!$U$9 -> 0.33333333 | L93: =Slaughtering!$W$9 -> 0.25 | O93: 0.001 | P93: 1
A94: pig parent space | B94: 0.419 | C94: 0.419 | D94: 0.419 | E94: 0.419 | F94: 0.419 | G94: 0.419 | H94: 0.419 | I94: 0.419 | J94: 0.419 | K94: 0.419 | L94: 0.32 | O94: 0 | P94: 1
A95: sheep tot welfare index | B95: =B96+B104 -> 3.0059866 | C95: =C96+C104 -> 3.2933591 | D95: =D96+D104 -> 3.4800641 | E95: =E96+E104 -> 2.8533373 | F95: =F96+F104 -> 199.07249 | G95: =G96+G104 -> 2.6711696 | H95: =H96+H104 -> 2.8706657 | I95: =I96+I104 -> 2.5248576 | ... P95: =P96+P104 -> 19.503319
A96: welfare index sheep lamb | B96: =B99*B98*B97*100 -> 2.5269796 | C96: =C99*C98*C97*100 -> 2.8124955 | D96: =D99*D98*D97*100 -> 3.0258119 | E96: =E99*E98*E97*100 -> 2.346481 | F96: =F99*F98*F97*100 -> 3.6591977 | G96: =G99*G98*G97*100 -> 2.1692643 | H96: =H99*H98*H97*100 -> 2.346481 | I96: =I99*I98*I97*100 -> 2.0347108 | ... P96: =P99*P98*P97*100 -> 16.408958
A97: sheep lamb level | B97: =(2*(B100+B101+B103))+B102 -> 0.77 | C97: =(2*(C100+C101+C103))+C102 -> 0.857 | D97: =(2*(D100+D101+D103))+D102 -> 0.922 | E97: =(2*(E100+E101+E103))+E102 -> 0.715 | F97: =(2*(F100+F101+F103))+F102 -> 1.115 | G97: =(2*(G100+G101+G103))+G102 -> 0.661 | H97: =(2*(H100+H101+H103))+H102 -> 0.715 | I97: =(2*(I100+I101+I103))+I102 -> 0.62 | ... P97: =(2*(P100+P101+P103))+P102 -> 5
A98: sheep lamb ability | B98: =Ability!$B$12 -> 0.82044792 | C98: =Ability!$B$12 -> 0.82044792 | D98: =Ability!$B$12 -> 0.82044792 | E98: =Ability!$B$12 -> 0.82044792 | F98: =Ability!$B$12 -> 0.82044792 | G98: =Ability!$B$12 -> 0.82044792 | H98: =Ability!$B$12 -> 0.82044792 | I98: =Ability!$B$12 -> 0.82044792 | ... P98: =Ability!$B$12 -> 0.82044792
A99: sheep lamb no per kg | B99: 0.04 | C99: 0.04 | D99: 0.04 | E99: 0.04 | F99: 0.04 | G99: 0.04 | H99: 0.04 | I99: 0.04 | J99: 0.04 | K99: 0.04 | L99: 0.04 | M99: 0.04 | N99: 0.04 | O99: 0.04 | P99: 0.04
A100: sheep lamb mort | B100: 0.08 | C100: 0.08 | D100: 0.08 | E100: 0.08 | F100: 0.08 | G100: 0.08 | H100: 0.08 | I100: 0.08 | J100: 0.08 | K100: 0.08 | L100: 0.08 | M100: 0.08 | N100: 0.15 | O100: 0 | P100: 0.5 | Q100: Assumed value of mortality of live born from birth to slaughter. Based on combination of data from Sweden (mean mortality from birth to weaning 5-10%, Rydhmer et al, 2021) and UK (median mortality from birth to 3 weeks 8.2% (AHDB, 2021) and Ireland (Shiels et al, 2022). Higher mortality in NZ's extensive system (Bruce et al, 2021) | R100: Rydhmer et al, 2021, AHDB (2021)
...

Sheet Europe Utopia
A2: Averge beef Europe
B5: Shares_dairy_cows | C5: Shares_suckler | D5: Shares_dairy24m | E5: Shares_dairy9m
A6: Shares | B6: 0.2324815 | C6: 0.31773733 | D6: 0.30209765 | E6: 0.14768352 | G6: Average of SAFAD countries, calculated from Shares beef.xlsx
A7: AW | B7: 0 | C7: ='Animal welfare index'!O3 -> 0.00033131845 | D7: ='Animal welfare index'!O28 -> 0.00027257406 | E7: ='Animal welfare index'!O20 -> 0.00049226875 | G7: Utopia
A9: Average | B9: =SUMPRODUCT(B6:E6,B7:E7) -> 0.0002603162

Sheet Algorithm - only testing
G1: Weights
A2: Test av olika algoritmer | G2: Level | H2: 1
G3: Ability | H3: 1
G4: No of animals | H4: 0.0001
A5: Vårt index som vi har beslutat | B5: Kan anta värden mellan 0.001 och 5 teoretisk
B6: Level | C6: Ability | D6: No of anim | F6: Mult | G6: Add
A7: Wild ruminant | B7: 0.001 | C7: 1 | D7: 0.068 | F7: =(B7*C7*D7)*10 -> 0.00068 | G7: =B7+C7+D7 -> 1.069 | H7: Kycklingen kan få ett mkt lägre index med bättre skötsel tex om rastgård, låg sjukdom, låg dödlighet och snabb slakt
A8: Milk | B8: 0.966 | C8: 0.94680851 | D8: 0.001 | F8: =(B8*C8*D8)*10 -> 0.0091461702 | G8: =B8+C8+D8 -> 1.9138085 | H8: Att de är många är positivt för en förbättring i skötsel får stort genomslag
A9: Meat from suckler herds | B9: 0.91 | C9: 0.87765957 | D9: 0.00332 | F9: =(B9*C9*D9)*10 -> 0.026515851 | G9: =B9+C9+D9 -> 1.7909796
A10: Pig | B10: 2.276 | C10: 0.94148936 | D10: 0.018 | F10: =(B10*C10*D10)*10 -> 0.38570936 | G10: =B10+C10+D10 -> 3.2354894
A11: Chicken | B11: 1.7 | C11: 0.57978723 | D11: 0.75 | F11: =(B11*C11*D11)*10 -> 7.3922872 | G11: =B11+C11+D11 -> 3.0297872
A12: Shrimp | B12: 0.042 | C12: 0.15425532 | D12: =125/10 -> 12.5 | F12: =(B12*C12*D12)*10 -> 0.80984043 | G12: =B12+C12+D12 -> 12.696255
A14: Allt normerade
B15: Level | C15: Ability | D15: No of anim | F15: Mult | G15: Add | H15: Add with | I15: (level+ability)*no of animal | N15: Mult | O15: Add
A16: Wild ruminant | B16: =B7/5 -> 0.0002 | C16: 1 | D16: =0.068/0.0001 -> 680 | F16: =B16*C16*D16*1000 -> 136 | G16: =B16+C16+D16 -> 681.0002 | H16: =B16*$H$2+C16*$H$3+D16*$H$4 -> 1.0682 | I16: =(B16+C16)*D16 -> 680.136 | N16: =B16*C16*L16 -> 0 | O16: =B16+C16+L16 -> 1.0002 | P16: Wild ruminant
A17: Milk | B17: =B8/5 -> 0.1932 | C17: 0.94680851 | D17: 1 | F17: =B17*C17*D17*1000 -> 182.9234 | G17: =B17+C17+D17 -> 2.1400085 | H17: =B17*$H$2+C17*$H$3+D17*$H$4 -> 1.1401085 | I17: =(B17+C17)*D17 -> 1.1400085 | N17: =B17*C17*L17 -> 0 | O17: =B17+C17+L17 -> 1.1400085 | P17: Milk
A18: Meat from suckler herds | B18: =B9/5 -> 0.182 | C18: 0.87765957 | D18: =0.00332/0.0001 -> 33.2 | F18: =B18*C18*D18*1000 -> 5303.1702 | G18: =B18+C18+D18 -> 34.25966 | H18: =B18*$H$2+C18*$H$3+D18*$H$4 -> 1.0629796 | I18: =(B18+C18)*D18 -> 35.180698 | N18: =B18*C18*L18 -> 0 | O18: =B18+C18+L18 -> 1.0596596 | P18: Meat from suckler herds
A19: Pig | B19: =B10/5 -> 0.4552 | C19: 0.94148936 | D19: =0.018/0.0001 -> 180 | F19: =B19*C19*D19*1000 -> 77141.872 | G19: =B19+C19+D19 -> 181.39669 | H19: =B19*$H$2+C19*$H$3+D19*$H$4 -> 1.4146894 | I19: =(B19+C19)*D19 -> 251.40409 | N19: =B19*C19*L19 -> 0 | O19: =B19+C19+L19 -> 1.3966894 | P19: Pig
A20: Chicken | B20: =B11/5 -> 0.34 | C20: 0.57978723 | D20: =0.75/0.0001 -> 7500 | F20: =B20*C20*D20*1000 -> 1478457.4 | G20: =B20+C20+D20 -> 7500.9198 | H20: =B20*$H$2+C20*$H$3+D20*$H$4 -> 1.6697872 | I20: =(B20+C20)*D20 -> 6898.4043 | N20: =B20*C20*L20 -> 0 | O20: =B20+C20+L20 -> 0.91978723 | P20: Chicken
A21: Shrimp | B21: =B12/5 -> 0.0084 | C21: 0.15425532 | D21: =125/0.001 -> 125000 | F21: =B21*C21*D21*1000 -> 161968.09 | G21: =B21+C21+D21 -> 125000.16 | H21: =B21*$H$2+C21*$H$3+D21*$H$4 -> 12.662655 | I21: =(B21+C21)*D21 -> 20331.915 | N21: =B21*C21*L21 -> 0 | O21: =B21+C21+L21 -> 0.16265532 | P21: Shrimp
F23: Vid multiplikation blir det stora skillnader, level förr
A24: Animal welfare index
H25: nuvarande med liv/1
B26: weight=4 | C26: weight=1 | D26: weight=test | F26: beef suckler | G26: =D27 -> 0.29242437 | H26: 0.056
A27: beef suckler tot welfare index | B27: =B36+B28 -> 0.069383019 | C27: =C36+C28 -> 0.27753208 | D27: =D36+D28 -> 0.29242437 | F27: dairy calf 9 m | G27: =D44 -> 0.3859387
A28: welfare index beef parent | B28: =((B31/4)*B30*B29)*100 -> 0.0073724206 | C28: =((C31/1)*C30*C29)*100 -> 0.029489683 | D28: =((D31/1)*D30*D29)*100 -> 0.044381972 | F28: dairy calf 24m | G28: =D52 -> 0.20061451
A29: beef parent level | B29: =(2*(B32+B33+B35))+B34 -> 0.502 | C29: =(2*(C32+C33+C35))+C34 -> 0.502 | D29: =(2*(D32+D33+D35))+D34 -> 0.502 | F29: dairy cow milk | G29: =D60 -> 0.085404353 | H29: 0.00174
A30: beef parent ability | B30: =Ability!$B$5 -> 0.88410303 | C30: =Ability!$B$5 -> 0.88410303 | D30: =Ability!$B$5 -> 0.88410303 | F30: laying hen egg | G30: =D77 -> 6.5808693
A31: beef parent no per kg meat | B31: 0.00066445183 | C31: 0.00066445183 | D31: 0.001 | E31: sedan satt till 0,0001 | F31: chicken | G31: =D85 -> 35.512248 | H31: även kortat slaktprocess 2h
A32: beef parent mortality | B32: 0.04 | C32: 0.04 | D32: 0.04 | F32: pig | G32: =D102 -> 3.7765336 | H32: 0.757
A33: beef parent disease | B33: 0.04 | C33: 0.04 | D33: 0.04 | F33: sheep | G33: =D119 -> 3.0307415
A34: beef parent slaughter | B34: =Slaughtering!$C$6 -> 0.25 | C34: =Slaughtering!$C$6 -> 0.25 | D34: =Slaughtering!$C$6 -> 0.25 | F34: rabbit | G34: =D136 -> 35.007303
A35: beef parent space | B35: 0.046 | C35: 0.046 | D35: 0.046 | F35: salmon | G35: =D144 -> 6.8676114
A36: welfare index beef calves 24m suckler syst | B36: =((B39/4)*B38*B37)*100 -> 0.062010598 | C36: =((C39/1)*C38*C37)*100 -> 0.24804239 | D36: =((D39/1)*D38*D37)*100 -> 0.24804239 | F36: wild fish | G36: =D152 -> 1.8647869
A37: beef calves 24m level | B37: =(2*(B40+B41+B43))+B42 -> 0.91 | C37: =(2*(C40+C41+C43))+C42 -> 0.91 | D37: =(2*(D40+D41+D43))+D42 -> 0.91 | F37: wild ruminant | G37: =D160 -> 0.0044035906
A38: beef calves 24m ability | B38: =Ability!$B$6 -> 0.82044792 | C38: =Ability!$B$6 -> 0.82044792 | D38: =Ability!$B$6 -> 0.82044792 | F38: wild boar | G38: =D168 -> 0.00044740889
A39: beef calves 24m no per kg meat | B39: 0.0033222591 | C39: 0.0033222591 | D39: 0.0033222591 | F39: wild rabbit | G39: =D176 -> 0.0031514462
A40: beef calves 24m mortality | B40: 0.042 | C40: 0.042 | D40: 0.042 | F40: meal worm | G40: =D184 -> 2.7459417 | H40: =C184 -> 27.459417
A41: beef calves 24m disease | B41: 0.05 | C41: 0.05 | D41: 0.05 | F41: honey bee | G41: =D192 -> 3.698657 | H41: =C192 -> 36.98657
A42: beef calves 24m slaughter | B42: =Slaughtering!$C$6 -> 0.25 | C42: =Slaughtering!$C$6 -> 0.25 | D42: =Slaughtering!$C$6 -> 0.25 | F42: mussels | G42: =D200 -> 5.5325568 | H42: =C200 -> 55.325568
A43: beef calves 24m space | B43: 0.238 | C43: 0.238 | D43: 0.238 | F43: shrimps | G43: =D208 -> 7.6084608 | H43: =C208 -> 76.084608
A44: dairy calf 9m tot welfare index | B44: =((B47/4)*B46*B45)*100 -> 0.096484675 | C44: =((C47/1)*C46*C45)*100 -> 0.3859387 | D44: =((D47/1)*D46*D45)*100 -> 0.3859387 | F44: octopus-squid | G44: =D216 -> 0.70248667
A45: dairy calf 9m level | B45: =(2*(B48+B49+B51))+B50 -> 0.784 | C45: =(2*(C48+C49+C51))+C50 -> 0.784 | D45: =(2*(D48+D49+D51))+D50 -> 0.784 | F45: horse | G45: =D224 -> 0.069738
A46: dairy calf 9m ability | B46: =Ability!$B$6 -> 0.82044792 | C46: =Ability!$B$6 -> 0.82044792 | D46: =Ability!$B$6 -> 0.82044792
A47: dairy calf 9m no per kg meat | B47: 0.006 | C47: 0.006 | D47: 0.006
A48: dairy calf 9m mortality | B48: 0.065 | C48: 0.065 | D48: 0.065 | F48: Since number of animals (lives) per functional unit is not an animal welfare issue per se, we chose to reduce the importance of this number.
A49: dairy calf 9m disease | B49: 0.1 | C49: 0.1 | D49: 0.1 | F49: This transformation can be regarded as a kind of weighting. We used a minimum number of 0,001 for all animals which resulted in an increased number for
A50: dairy calf 9m slaughter | B50: =Slaughtering!$C$6 -> 0.25 | C50: =Slaughtering!$C$6 -> 0.25 | D50: =Slaughtering!$C$6 -> 0.25 | F50: beef parent, dairy cow and pig parent. We reduced the importance by dividing the number for chicken, rabbit and wild rabbit with 2,
A51: dairy calf 9m space | B51: 0.102 | C51: 0.102 | D51: 0.102 | F51: and by dividing the number for mussels and shrimps with 10 and the number for honey bees and meal worms with 100.
A52: dairy calf 24m tot welfare index | B52: =((B55/4)*B54*B53)*100 -> 0.050153627 | C52: =((C55/1)*C54*C53)*100 -> 0.20061451 | D52: =((D55/1)*D54*D53)*100 -> 0.20061451
A53: dairy calves 24m level | B53: =(2*(B56+B57+B59))+B58 -> 0.736 | C53: =(2*(C56+C57+C59))+C58 -> 0.736 | D53: =(2*(D56+D57+D59))+D58 -> 0.736 | F53: <0,001 set to 0,001
A54: dairy calves 24m ability | B54: =Ability!$B$6 -> 0.82044792 | C54: =Ability!$B$6 -> 0.82044792 | D54: =Ability!$B$6 -> 0.82044792 | F54: >0,003-0,4 unchanged
A55: dairy calves 24m no per kg meat | B55: 0.0033222591 | C55: 0.0033222591 | D55: 0.0033222591 | F55: 0,6-0,7 divided by 2
A56: dairy calves 24m mortality | B56: 0.075 | C56: 0.075 | D56: 0.075 | F56: 125-133 divided by 10
A57: dairy calves 24m disease | B57: 0.05 | C57: 0.05 | D57: 0.05 | F57: 10000-12000 divided by 100
A58: dairy calves 24m slaughter | B58: =Slaughtering!$C$6 -> 0.25 | C58: =Slaughtering!$C$6 -> 0.25 | D58: =Slaughtering!$C$6 -> 0.25
A59: dairy calves 24m space | B59: 0.118 | C59: 0.118 | D59: 0.118
A60: dairy cow welfare index | B60: =((B63/4)*B62*B61)*100 -> 0.0021562449 | C60: =((C63/1)*C62*C61)*100 -> 0.0086249796 | D60: =((D63/1)*D62*D61)*100 -> 0.085404353
A61: dairy cow level | B61: =(2*(B64+B65+B67))+B66 -> 0.966 | C61: =(2*(C64+C65+C67))+C66 -> 0.966 | D61: =(2*(D64+D65+D67))+D66 -> 0.966
A62: dairy cow ability | B62: =Ability!$B$5 -> 0.88410303 | C62: =Ability!$B$5 -> 0.88410303 | D62: =Ability!$B$5 -> 0.88410303
A63: dairy cows no per kg milk | B63: =1/9901.97740112995 -> 0.00010098993 | C63: =1/9901.97740112995 -> 0.00010098993 | D63: 0.001 | E63: satt till 0,001
A64: dairy cows mortality | B64: 0.06 | C64: 0.06 | D64: 0.06
A65: dairy cows disease | B65: 0.16 | C65: 0.16 | D65: 0.16
A66: dairy cows slaughter | B66: =Slaughtering!$C$6 -> 0.25 | C66: =Slaughtering!$C$6 -> 0.25 | D66: =Slaughtering!$C$6 -> 0.25
A67: dairy cows space | B67: 0.138 | C67: 0.138 | D67: 0.138
A68: laying hen tot welfare index | B68: =B69+B77 -> 1.6475694 | C68: =C69+C77 -> 6.5902778 | D68: =D69+D77 -> 6.5902778
A69: welfare index laying hen male | B69: =((B72/4)*B71*B70)*100 -> 0.0023521274 | C69: =((C72/1)*C71*C70)*100 -> 0.0094085094 | D69: =((D72/1)*D71*D70)*100 -> 0.0094085094
A70: laying hen male level | B70: =(2*(B73+B74+B76))+B75 -> 0.0069444444 | C70: =(2*(C73+C74+C76))+C75 -> 0.0069444444 | D70: =(2*(D73+D74+D76))+D75 -> 0.0069444444
A71: male chick ability | B71: =Ability!$B$7 -> 0.25562743 | C71: =Ability!$B$7 -> 0.25562743 | D71: =Ability!$B$7 -> 0.25562743
A72: male chick no per kg | B72: 0.053 | C72: 0.053 | D72: 0.053
A73: male chick mort | B73: 0 | C73: 0 | D73: 0
A74: male chick disease | B74: 0 | C74: 0 | D74: 0
A75: male chick slaughter | B75: =Slaughtering!$C$7 -> 0.0069444444 | C75: =Slaughtering!$C$7 -> 0.0069444444 | D75: =Slaughtering!$C$7 -> 0.0069444444
A76: male chick space | B76: 0 | C76: 0 | D76: 0
A77: welfare index laying hen hen | B77: =((B80/4)*B79*B78)*100 -> 1.6452173 | C77: =((C80/1)*C79*C78)*100 -> 6.5808693 | D77: =((D80/1)*D79*D78)*100 -> 6.5808693
A78: laying hen hen level | B78: =(2*(B81+B82+B84))+B83 -> 2.082 | C78: =(2*(C81+C82+C84))+C83 -> 2.082 | D78: =(2*(D81+D82+D84))+D83 -> 2.082
A79: laying hen ability | B79: =Ability!$B$8 -> 0.58534078 | C79: =Ability!$B$8 -> 0.58534078 | D79: =Ability!$B$8 -> 0.58534078
A80: laying hens no per kg egg | B80: 0.054 | C80: 0.054 | D80: 0.054
A81: laying hen mort | B81: 0.04 | C81: 0.04 | D81: 0.04
A82: laying hen disease | B82: 0.46 | C82: 0.46 | D82: 0.46
A83: laying hen slaughter | B83: =Slaughtering!$C$8 -> 0.25 | C83: =Slaughtering!$C$8 -> 0.25 | D83: =Slaughtering!$C$8 -> 0.25
A84: laying hen space | B84: 0.416 | C84: 0.416 | D84: 0.416
A85: chicken tot welfare index | B85: =B86+B94 -> 17.59453 | C85: =C86+C94 -> 70.37812 | D85: =D86+D94 -> 35.512248
A86: welfare index chicken sl | B86: =((B89/4)*B88*B87)*100 -> 17.432936 | C86: =((C89/1)*C88*C87)*100 -> 69.731745 | D86: =((D89/1)*D88*D87)*100 -> 34.865873
A87: chicken sl level | B87: =(2*(B90+B91+B93))+B92 -> 1.7066667 | C87: =(2*(C90+C91+C93))+C92 -> 1.7066667 | D87: =(2*(D90+D91+D93))+D92 -> 1.7066667
A88: chicken sl ability | B88: =Ability!$B$9 -> 0.54320828 | C88: =Ability!$B$9 -> 0.54320828 | D88: =Ability!$B$9 -> 0.54320828
A89: chicken sl no per kg product | B89: 0.75216903 | C89: 0.75216903 | D89: =0.752169030153725/2 -> 0.37608452 | E89: halverat (som viktning)
A90: chicken sl mortality | B90: 0.038 | C90: 0.038 | D90: 0.038
A91: chicken sl disease | B91: 0.115 | C91: 0.115 | D91: 0.115
A92: chicken sl slaughter | B92: =Slaughtering!$C$20 -> 0.16666667 | C92: =Slaughtering!$C$20 -> 0.16666667 | D92: =Slaughtering!$C$20 -> 0.16666667
A93: chicken sl space | B93: 0.617 | C93: 0.617 | D93: 0.617
A94: welfare index chicken parent | B94: =((B97/4)*B96*B95)*100 -> 0.16159376 | C94: =((C97/1)*C96*C95)*100 -> 0.64637505 | D94: =((D97/1)*D96*D95)*100 -> 0.64637505
A95: chicken parent level | B95: =(2*(B98+B99+B101))+B100 -> 2.026 | C95: =(2*(C98+C99+C101))+C100 -> 2.026 | D95: =(2*(D98+D99+D101))+D100 -> 2.026
A96: chicken parent ability | B96: =Ability!$B$8 -> 0.58534078 | C96: =Ability!$B$8 -> 0.58534078 | D96: =Ability!$B$8 -> 0.58534078
A97: chicken parent no per kg | B97: 0.0054505002 | C97: 0.0054505002 | D97: 0.0054505002
A98: chicken parents mortality | B98: 0.06 | C98: 0.06 | D98: 0.06
A99: chicken parent disease | B99: 0.44 | C99: 0.44 | D99: 0.44
A100: chicken parent slaughter | B100: =Slaughtering!$C$8 -> 0.25 | C100: =Slaughtering!$C$8 -> 0.25 | D100: =Slaughtering!$C$8 -> 0.25
A101: chicken parent space | B101: 0.388 | C101: 0.388 | D101: 0.388
A102: pig tot welfare index | B102: =B103+B111 -> 0.94007562 | C102: =C103+C111 -> 3.7603025 | D102: =D103+D111 -> 3.7765336
...

Sheet Ability
A2: Ability
A4: Species | B4: Ability score, norm | C4: Non-normalised
A5: Beef parents/cows | B5: =C5/$C$18 -> 0.88410303 | C5: 0.178
A6: Beef calves | B6: =C6/$C$18 -> 0.82044792 | C6: 0.16518406
A7: Male chick 10m | B7: =C7/$C$18 -> 0.25562743 | C7: 0.051466492
A8: Laying hens | B8: =C8/$C$18 -> 0.58534078 | C8: 0.117849
A9: Chicken | B9: =C9/$C$18 -> 0.54320828 | C9: 0.1093663
A10: Pigs, slaughtering | B10: =C10/$C$18 -> 0.87981166 | C10: 0.177136
A11: Pigs, parents/sows | B11: =C11/$C$18 -> 0.94805646 | C11: 0.190876
A12: Sheep/goat, lamb | B12: =C12/$C$18 -> 0.82044792 | C12: 0.16518406
A13: Sheep/goat, parents | B13: =C13/$C$18 -> 0.88410303 | C13: 0.178
A14: Rabbit | B14: =C14/$C$18 -> 0.67196797 | C14: 0.13529
A15: Salmon, farmed | B15: =C15/$C$18 -> 0.30307199 | C15: 0.061018697
A16: Wild fish | B16: =C16/$C$18 -> 0.31967775 | C16: 0.064362
... A21: Honey bees | B21: =C21/$C$18 -> 0.088767767 | C21: 0.01787197
A22: Mussels | B22: =C22/$C$18 -> 0.049917806 | C22: 0.010050152 | D22: Musslor har ett högre värde än mjölmask!
A23: Shrimps | B23: =C23/$C$18 -> 0.14608245 | C23: 0.029411364 | D23: Ja, och vi har nog egentligen ingen aning...
A24: Octopus, wild | B24: =C24/$C$18 -> 0.37054242 | C24: 0.074602788
A25: Horse | B25: =C25/$C$18 -> 0.87913616 | C25: 0.177

Sheet Slaughtering
A2: Slaughtering
A4: Slaughter process duration in hours and relative value for slaughter | B4: DK** | C4: DKrel | D4: FR | E4: FRrel | F4: DE** | G4: DErel | H4: GR | I4: GRrel | J4: HU | K4: HUrel | L4: IE | M4: IErel | N4: IT | O4: ITrel | P4: NL** | Q4: NLrel | R4: PL | S4: PLrel | T4: ES | U4: ESrel | V4: SE** | W4: SErel | X4: UK | Y4: UKrel | Z4: NZ | AA4: NZrel
A5: Horse | B5: 6 | C5: =B5/24 -> 0.25 | D5: 11.04 | E5: =D5/24 -> 0.46 | F5: 6 | G5: =F5/24 -> 0.25 | H5: 11.04 | I5: =H5/24 -> 0.46 | J5: 11.04 | K5: =J5/24 -> 0.46 | L5: 11.04 | M5: =L5/24 -> 0.46 | N5: 11.04 | O5: =N5/24 -> 0.46 | P5: 6 | Q5: =P5/24 -> 0.25 | R5: 11.04 | S5: =R5/24 -> 0.46 | T5: 11.04 | U5: =T5/24 -> 0.46 | V5: 6 | W5: =V5/24 -> 0.25
A6: Cattle | B6: 6 | C6: =B6/24 -> 0.25 | D6: 8.2 | E6: =D6/24 -> 0.34166667 | F6: 6 | G6: =F6/24 -> 0.25 | H6: 8.2 | I6: =H6/24 -> 0.34166667 | J6: 8.2 | K6: =J6/24 -> 0.34166667 | L6: 8.2 | M6: =L6/24 -> 0.34166667 | N6: 8.2 | O6: =N6/24 -> 0.34166667 | P6: 6 | Q6: =P6/24 -> 0.25 | R6: 8.2 | S6: =R6/24 -> 0.34166667 | T6: 8.2 | U6: =T6/24 -> 0.34166667 | V6: 6 | W6: =V6/24 -> 0.25 | X6: 8.2 | Y6: =X6/24 -> 0.34166667
A7: Male chick 10m | B7: =10/60 -> 0.16666667 | C7: =B7/24 -> 0.0069444444 | D7: =10/60 -> 0.16666667 | E7: =D7/24 -> 0.0069444444 | F7: =10/60 -> 0.16666667 | G7: =F7/24 -> 0.0069444444 | H7: =10/60 -> 0.16666667 | I7: =H7/24 -> 0.0069444444 | J7: =10/60 -> 0.16666667 | K7: =J7/24 -> 0.0069444444 | L7: =10/60 -> 0.16666667 | M7: =L7/24 -> 0.0069444444 | N7: =10/60 -> 0.16666667 | O7: =N7/24 -> 0.0069444444 | P7: =10/60 -> 0.16666667 | Q7: =P7/24 -> 0.0069444444 | R7: =10/60 -> 0.16666667 | S7: =R7/24 -> 0.0069444444 | T7: =10/60 -> 0.16666667 | U7: =T7/24 -> 0.0069444444 | V7: =10/60 -> 0.16666667 | W7: =V7/24 -> 0.0069444444
A8: Poultry - hen | B8: 6 | C8: =B8/24 -> 0.25 | D8: 6.62 | E8: =D8/24 -> 0.27583333 | F8: 6 | G8: =F8/24 -> 0.25 | H8: 6.62 | I8: =H8/24 -> 0.27583333 | J8: 6.62 | K8: =J8/24 -> 0.27583333 | L8: 6.62 | M8: =L8/24 -> 0.27583333 | N8: 6.62 | O8: =N8/24 -> 0.27583333 | P8: 6 | Q8: =P8/24 -> 0.25 | R8: 6.62 | S8: =R8/24 -> 0.27583333 | T8: 6.62 | U8: =T8/24 -> 0.27583333 | V8: 6 | W8: =V8/24 -> 0.25 | AB8: Både hönor och kyckling?? | AE8: Svar Nej, ändrat nu
A9: Pig | B9: 6 | C9: =B9/24 -> 0.25 | D9: 8 | E9: =D9/24 -> 0.33333333 | F9: 6 | G9: =F9/24 -> 0.25 | H9: 8 | I9: =H9/24 -> 0.33333333 | J9: 8 | K9: =J9/24 -> 0.33333333 | L9: 8 | M9: =L9/24 -> 0.33333333 | N9: 8 | O9: =N9/24 -> 0.33333333 | P9: 6 | Q9: =P9/24 -> 0.25 | R9: 8 | S9: =R9/24 -> 0.33333333 | T9: 8 | U9: =T9/24 -> 0.33333333 | V9: 6 | W9: =V9/24 -> 0.25
A10: Sheep/goat | B10: 6 | C10: =B10/24 -> 0.25 | D10: 8.28 | E10: =D10/24 -> 0.345 | F10: 6 | G10: =F10/24 -> 0.25 | H10: 8.28 | I10: =H10/24 -> 0.345 | J10: 8.28 | K10: =J10/24 -> 0.345 | L10: 8.28 | M10: =L10/24 -> 0.345 | N10: 8.28 | O10: =N10/24 -> 0.345 | P10: 6 | Q10: =P10/24 -> 0.25 | R10: 8.28 | S10: =R10/24 -> 0.345 | T10: 8.28 | U10: =T10/24 -> 0.345 | V10: 6 | W10: =V10/24 -> 0.25 | X10: 8.28 | Y10: =X10/24 -> 0.345 | Z10: 4 | AA10: =Z10/24 -> 0.16666667
A11: Rabbit | B11: 6 | C11: =B11/24 -> 0.25 | D11: 6.2696 | E11: =D11/24 -> 0.26123333 | F11: 6 | G11: =F11/24 -> 0.25 | H11: 6.2696 | I11: =H11/24 -> 0.26123333 | J11: 6.2696 | K11: =J11/24 -> 0.26123333 | L11: 6.2696 | M11: =L11/24 -> 0.26123333 | N11: 6.1725 | O11: =N11/24 -> 0.2571875 | P11: 6 | Q11: =P11/24 -> 0.25 | R11: 6.2696 | S11: =R11/24 -> 0.26123333 | T11: 6.37 | U11: =T11/24 -> 0.26541667 | V11: 6 | W11: =V11/24 -> 0.25 | AB11: Time for Spain from Buil et al (2004), and from Italy from Caucci (2018) assuming the same time for loading as in Spain. Average time of these two for France, Greece, Hungary, Irland, Polen. Denmark, Germany, Netherlands and Sweden set to 6 h.
A12: Salmon, farmed | B12: 5 | C12: =B12/24 -> 0.20833333 | D12: 5 | E12: =D12/24 -> 0.20833333 | F12: 5 | G12: =F12/24 -> 0.20833333 | H12: 5 | I12: =H12/24 -> 0.20833333 | J12: 5 | K12: =J12/24 -> 0.20833333 | L12: 5 | M12: =L12/24 -> 0.20833333 | N12: 5 | O12: =N12/24 -> 0.20833333 | P12: 5 | Q12: =P12/24 -> 0.20833333 | R12: 5 | S12: =R12/24 -> 0.20833333 | T12: 5 | U12: =T12/24 -> 0.20833333 | V12: 5 | W12: =V12/24 -> 0.20833333
A13: Wild fish | B13: =210/60 -> 3.5 | C13: =B13/24 -> 0.14583333 | D13: =210/60 -> 3.5 | E13: =D13/24 -> 0.14583333 | F13: =210/60 -> 3.5 | G13: =F13/24 -> 0.14583333 | H13: =210/60 -> 3.5 | I13: =H13/24 -> 0.14583333 | J13: =210/60 -> 3.5 | K13: =J13/24 -> 0.14583333 | L13: =210/60 -> 3.5 | M13: =L13/24 -> 0.14583333 | N13: =210/60 -> 3.5 | O13: =N13/24 -> 0.14583333 | P13: =210/60 -> 3.5 | Q13: =P13/24 -> 0.14583333 | R13: =210/60 -> 3.5 | S13: =R13/24 -> 0.14583333 | T13: =210/60 -> 3.5 | U13: =T13/24 -> 0.14583333 | V13: =210/60 -> 3.5 | W13: =V13/24 -> 0.14583333
A14: Wild mammals, hunting | B14: =1/60 -> 0.016666667 | C14: =B14/24 -> 0.00069444444 | D14: =1/60 -> 0.016666667 | E14: =D14/24 -> 0.00069444444 | F14: =1/60 -> 0.016666667 | G14: =F14/24 -> 0.00069444444 | H14: =1/60 -> 0.016666667 | I14: =H14/24 -> 0.00069444444 | J14: =1/60 -> 0.016666667 | K14: =J14/24 -> 0.00069444444 | L14: =1/60 -> 0.016666667 | M14: =L14/24 -> 0.00069444444 | N14: =1/60 -> 0.016666667 | O14: =N14/24 -> 0.00069444444 | P14: =1/60 -> 0.016666667 | Q14: =P14/24 -> 0.00069444444 | R14: =1/60 -> 0.016666667 | S14: =R14/24 -> 0.00069444444 | T14: =1/60 -> 0.016666667 | U14: =T14/24 -> 0.00069444444 | V14: =1/60 -> 0.016666667 | W14: =V14/24 -> 0.00069444444
A15: Mealworm | B15: =1/60 -> 0.016666667 | C15: =B15/24 -> 0.00069444444 | D15: =1/60 -> 0.016666667 | E15: =D15/24 -> 0.00069444444 | F15: =1/60 -> 0.016666667 | G15: =F15/24 -> 0.00069444444 | H15: =1/60 -> 0.016666667 | I15: =H15/24 -> 0.00069444444 | J15: =1/60 -> 0.016666667 | K15: =J15/24 -> 0.00069444444 | L15: =1/60 -> 0.016666667 | M15: =L15/24 -> 0.00069444444 | N15: =1/60 -> 0.016666667 | O15: =N15/24 -> 0.00069444444 | P15: =1/60 -> 0.016666667 | Q15: =P15/24 -> 0.00069444444 | R15: =1/60 -> 0.016666667 | S15: =R15/24 -> 0.00069444444 | T15: =1/60 -> 0.016666667 | U15: =T15/24 -> 0.00069444444 | V15: =1/60 -> 0.016666667 | W15: =V15/24 -> 0.00069444444 | AB15: ändrat!
A16: Honey bees | B16: =0.5/60 -> 0.0083333333 | C16: =B16/24 -> 0.00034722222 | D16: 0.0083333333 | E16: =D16/24 -> 0.00034722222 | F16: 0.0083333333 | G16: =F16/24 -> 0.00034722222 | H16: 0.0083333333 | I16: =H16/24 -> 0.00034722222 | J16: 0.0083333333 | K16: =J16/24 -> 0.00034722222 | L16: 0.0083333333 | M16: =L16/24 -> 0.00034722222 | N16: 0.0083333333 | O16: =N16/24 -> 0.00034722222 | P16: 0.0083333333 | Q16: =P16/24 -> 0.00034722222 | R16: 0.0083333333 | S16: =R16/24 -> 0.00034722222 | T16: 0.0083333333 | U16: =T16/24 -> 0.00034722222 | V16: 0.0083333333 | W16: =V16/24 -> 0.00034722222 | AB16: ändrat!
A17: Mussels | B17: 2 | C17: =B17/24 -> 0.083333333 | D17: 2 | E17: =D17/24 -> 0.083333333 | F17: 2 | G17: =F17/24 -> 0.083333333 | H17: 2 | I17: =H17/24 -> 0.083333333 | J17: 2 | K17: =J17/24 -> 0.083333333 | L17: 2 | M17: =L17/24 -> 0.083333333 | N17: 2 | O17: =N17/24 -> 0.083333333 | P17: 2 | Q17: =P17/24 -> 0.083333333 | R17: 2 | S17: =R17/24 -> 0.083333333 | T17: 2 | U17: =T17/24 -> 0.083333333 | V17: 2 | W17: =V17/24 -> 0.083333333 | AB17: ändrat!
A18: Shrimps | B18: 1 | C18: =B18/24 -> 0.041666667 | D18: 1 | E18: =D18/24 -> 0.041666667 | F18: 1 | G18: =F18/24 -> 0.041666667 | H18: 1 | I18: =H18/24 -> 0.041666667 | J18: 1 | K18: =J18/24 -> 0.041666667 | L18: 1 | M18: =L18/24 -> 0.041666667 | N18: 1 | O18: =N18/24 -> 0.041666667 | P18: 1 | Q18: =P18/24 -> 0.041666667 | R18: 1 | S18: =R18/24 -> 0.041666667 | T18: 1 | U18: =T18/24 -> 0.041666667 | V18: 1 | W18: =V18/24 -> 0.041666667
A19: Octopus, wild | B19: 3.5 | C19: =B19/24 -> 0.14583333 | D19: 3.5 | E19: =D19/24 -> 0.14583333 | F19: 3.5 | G19: =F19/24 -> 0.14583333 | H19: 3.5 | I19: =H19/24 -> 0.14583333 | J19: 3.5 | K19: =J19/24 -> 0.14583333 | L19: 3.5 | M19: =L19/24 -> 0.14583333 | N19: 3.5 | O19: =N19/24 -> 0.14583333 | P19: 3.5 | Q19: =P19/24 -> 0.14583333 | R19: 3.5 | S19: =R19/24 -> 0.14583333 | T19: 3.5 | U19: =T19/24 -> 0.14583333 | V19: 3.5 | W19: =V19/24 -> 0.14583333
A20: Poultry - chicken * | B20: =B8-2 -> 4 | C20: =B20/24 -> 0.16666667 | D20: =D8-2 -> 4.62 | E20: =D20/24 -> 0.1925 | F20: =F8-2 -> 4 | G20: =F20/24 -> 0.16666667 | H20: =H8-2 -> 4.62 | I20: =H20/24 -> 0.1925 | J20: =J8-2 -> 4.62 | K20: =J20/24 -> 0.1925 | L20: =L8-2 -> 4.62 | M20: =L20/24 -> 0.1925 | N20: =N8-2 -> 4.62 | O20: =N20/24 -> 0.1925 | P20: =P8-2 -> 4 | Q20: =P20/24 -> 0.16666667 | R20: =R8-2 -> 4.62 | S20: =R20/24 -> 0.1925 | T20: =T8-2 -> 4.62 | U20: =T20/24 -> 0.1925 | V20: =V8-2 -> 4 | W20: =V20/24 -> 0.16666667
A21: Dystopia | B21: 24 | C21: =B21/24 -> 1
A22: Slaughter process duration includes cathing or collecting animals on farm, loading, transport, loading off and lairage time on the slaughter house, i.e. from start of handling until the animal is dead or has lost consiuosness.
A23: Data on average duration of slaughter process are scarce and thus based on assumptions (except data for Italian and Spanish rabbits). In addition to the transport, 1 h pre-transport and 1 h post-transport is assumed.
A24: The duration of transport from farm to slaughter plant is assumed based on frequencies of short (<8h), long (8-24) and very long (>24 h) journeys in EU 2017-2021 presented by ECA (2023) for intra-EU transports of horses, poultry, pigs, small ruminants and cattle. These data are used for the slaughter process indicator although many journeys are between farms and not between farm and slaughter plant. European data on localisation of farms and slaughter plants are lacking.
A25: UK (with brexit 2021) is assumed to have the same transport durations as reported for EU countries' average 2017-2021 (ECA, 2023). Journeys <8h is set to 6 h, 8-24 h to 10h and >24 h to 26 h. | M25: The transport duration for NZ is assumed to nbe shorter (4 h) due to NZ relatively small size and large number of slaughter plants; >30 slaughter plants for sheep (beeflambnz, 2019)
A26: * The structure of chicken production differs from other animal production; a group of chicken farms is often localised in a cluster close to a slaughter plant (Albihn et al, 2021) and the time for chicken is therefore reduced with 2 h, compared to hens (within country).
A27: ** Ministers responsible for animal welfare during transport in Denmark, Germany, Netherlands and Sweden (and Belgium) suggest in a position paper (European Council, 2022) a maximum of 8 h of transport for all animals destinated for slaughter. The assumed average duration of transport for these countries was set to 6 h.
A28: Wild fish ref: Breen et al (2020)
A29: Aquaculture fish ref: Artctic seafood export, 2024 and Leröy, 2017
B31: ECA, 2023 | C31: Percent of animals
B32: Species | C32: short = 6 | D32: long = 10 | E32: very long =26 | G32: minus 2h
B33: poultry | C33: 0.865 | D33: 0.13 | E33: 0.005 | F33: =((C33*6)+(D33*10)+(E33*26)) -> 6.62 | G33: =F33-2 -> 4.62
B34: pig | C34: 0.62 | D34: 0.35 | E34: 0.03 | F34: =((C34*6)+(D34*10)+(E34*26)) -> 8
B35: sheep | C35: 0.55 | D35: 0.42 | E35: 0.03 | F35: =((C35*6)+(D35*10)+(E35*26)) -> 8.28
B36: cattle | C36: 0.57 | D36: 0.4 | E36: 0.03 | F36: =((C36*6)+(D36*10)+(E36*26)) -> 8.2
B37: horse | C37: 0.38 | D37: 0.46 | E37: 0.16 | F37: =((C37*6)+(D37*10)+(E37*26)) -> 11.04

Sheet Pasture
A2: Pasture
A4: Share of manure on pasture
B5: Dairy | C5: No-dairy cattle | D5: Other mature cattle | E5: Growing cattle | F5: Sheep | H5: Comment: | N5: Source:
A6: DK | B6: =4.93/100 -> 0.0493 | C6: =28.81/100 -> 0.2881 | F6: =72.6/100 -> 0.726 | N6: National inventory reporting. CRF files.
A7: FR | B7: =39.89/100 -> 0.3989 | C7: =53.59/100 -> 0.5359 | F7: =73.89/100 -> 0.7389 | N7: https://unfccc.int/ghg-inventories-annex-i-parties/2023
A8: IE | B8: =68.87/100 -> 0.6887 | C8: =51.87/100 -> 0.5187 | F8: =(92.33+98.74)/2/100 -> 0.95535 | H8: For sheep Ireland, average Upland sheep and sheep other | N8: CRF 2023, Table 3B(a)s2 Allocation.
A9: IT | B9: =(3.88+1.12)/100 -> 0.05 | C9: =2.75/100 -> 0.0275 | F9: =(17.73+72.27)/100 -> 0.9
A10: NL | B10: =11.2/100 -> 0.112 | D10: =54.8/100 -> 0.548 | E10: =11.61/100 -> 0.1161 | F10: =90.4/100 -> 0.904 | H10: Only Netherlands provide data divided on Other mature cattle and Growing cattle
A11: ES | B11: 0 | C11: =65.16/100 -> 0.6516 | F11: =72.5/100 -> 0.725
A12: UK | B12: =20.28/100 -> 0.2028 | C12: =48.69/100 -> 0.4869 | F12: =94.84/100 -> 0.9484
A13: DE | B13: =7.34/100 -> 0.0734 | C13: =20.92/100 -> 0.2092 | F13: =55.54/100 -> 0.5554
A14: SE | B14: =25.32/100 -> 0.2532 | C14: =47.57/100 -> 0.4757 | F14: =F6 -> 0.726 | H14: No value for sheep Sweden, assuming same as Denmark
A15: PL | B15: =10.3/100 -> 0.103 | C15: =12/100 -> 0.12 | F15: =40.49/100 -> 0.4049
A16: GR | B16: =8/100 -> 0.08 | C16: =33/100 -> 0.33 | F16: =90/100 -> 0.9
A17: HU | B17: =4.73/100 -> 0.0473 | C17: =24.72/100 -> 0.2472 | F17: =44.71/100 -> 0.4471
A18: NZ | F18: 1
B19: inte använt gödsel för dairy
A22: Betessäsongens längd i månader
B23: köttkor | C23: mjölkkor | D23: får
A24: DK | B24: 8.3 | C24: 6.06 | D24: 8.63
A25: FR | B25: 9.25 | C25: 8.72 | D25: 9.64
A26: IE | B26: 8.31 | C26: 8.53 | D26: 9.27
A27: IT | B27: 8 | C27: 6.7 | D27: 8.88
A28: NL | B28: 7.21 | C28: 6.35 | D28: 8.42
A29: ES | B29: 9.3 | C29: 8 | D29: 9.57
A30: UK | B30: 8.9 | C30: 8.04 | D30: 10.34
A31: DE | B31: 7.67 | C31: 6.46 | D31: 9.07
A32: SE | B32: 6.5 | C32: 5.4 | D32: 7
A33: PL | B33: 5.76 | C33: 5.56 | D33: 6.13
A34: GR | B34: 9.2 | C34: 7.9 | D34: 9.18
A35: HU | B35: 8.1 | C35: 6.19 | D35: 7.6
A36: NZ | D36: 12

Sheet Mortality pigs
A3: Mortality | B3: Source: Gård&Djurhälsan, 2022, figures 9, 11 and 12
B5: DK | C5: FR | D5: DE | E5: GR | F5: HU | G5: IE | H5: IT | I5: NL | J5: PL | K5: ES | L5: SE
B6: Denmark | C6: France | D6: Germany | E6: Greece* | F6: Hungary | G6: Ireland | H6: Italy | I6: Netherlands | J6: Poland* | K6: Spain | L6: Sweden
A7: Born | B7: 40.1 | C7: 35.3 | D7: 35.7 | E7: =(B7+C7+D7+F7+G7+H7+I7+K7+L7)/9 -> 34.577778 | F7: 34.8 | G7: 33.3 | H7: 29.4 | I7: 36.5 | J7: =E7 -> 34.577778 | K7: 32.6 | L7: 33.5
A8: Mortality weaning % | B8: 15.3 | C8: 14.8 | D8: 15.2 | E8: =(B8+C8+D8+F8+G8+H8+I8+K8+L8)/9 -> 13.6 | F8: 11.2 | G8: 11.1 | H8: 11.4 | I8: 12 | J8: =E8 -> 13.6 | K8: 14.5 | L8: 16.9
A9: Mortality piglet growth phase % | B9: 3.9 | C9: 2.7 | D9: 2.8 | E9: =(B9+C9+D9+F9+G9+H9+I9+K9+L9)/9 -> 3.2444444 | F9: 1.9 | G9: 2.8 | H9: 5.2 | I9: 2.5 | J9: =E9 -> 3.2444444 | K9: 5.4 | L9: 2
A10: Mortality slaughtering/fattening pigs % | B10: 3.6 | C10: 3.7 | D10: 2.7 | E10: =(B10+C10+D10+F10+G10+H10+I10+K10+L10)/9 -> 2.9666667 | F10: 3.1 | G10: 2.6 | H10: 2.7 | I10: 2.4 | J10: =E10 -> 2.9666667 | K10: 4.2 | L10: 1.7
A11: Total mortality of liveborn | B11: =SUM(B8:B10) -> 22.8 | C11: =SUM(C8:C10) -> 21.2 | D11: =SUM(D8:D10) -> 20.7 | E11: =SUM(E8:E10) -> 19.811111 | F11: =SUM(F8:F10) -> 16.2 | G11: =SUM(G8:G10) -> 16.5 | H11: =SUM(H8:H10) -> 19.3 | I11: =SUM(I8:I10) -> 16.9 | ... L11: =SUM(L8:L10) -> 20.6
A12: * Missing data, used average of other countries

Sheet GAMMALT-->

Sheet Ingrids tabell

Sheet Prel, EAAP
A2: Preliminary results shown at the EAAP conference????
B4: gram | C4: level | D4: number | E4: ability | F4: per kg | G4: per diet | I4: per år
A5: Beef | B5: 300 | C5: 1.5 | D5: 0.003 | E5: 0.178 | F5: =(C5*(0.25*D5)*E5)*100 -> 0.020025 | G5: =(F5/1000)*B5 -> 0.0060075 | I5: =(B5*52)/1000 -> 15.6
A6: Milk | B6: 350 | C6: 1.52 | D6: 0.001 | E6: 0.178 | F6: =(C6*(0.25*D6)*E6)*100 -> 0.006764 | G6: =(F6/1000)*B6 -> 0.0023674 | I6: =(B6*52)/1000 -> 18.2
A7: Chicken | B7: 200 | C7: 1.88 | D7: 0.75 | E7: 0.119 | F7: =(C7*(0.25*D7)*E7)*100 -> 4.19475 | G7: =(F7/1000)*B7 -> 0.83895 | I7: =(B7*52)/1000 -> 10.4
A8: Egg | B8: 150 | C8: 2.16 | D8: 0.053 | E8: 0.119 | F8: =(C8*(0.25*D8)*E8)*100 -> 0.340578 | G8: =(F8/1000)*B8 -> 0.0510867 | I8: =(B8*52)/1000 -> 7.8
A9: Pork | B9: 400 | C9: 2.36 | D9: 0.018 | E9: 0.192 | F9: =(C9*(0.25*D9)*E9)*100 -> 0.203904 | G9: =(F9/1000)*B9 -> 0.0815616 | I9: =(B9*52)/1000 -> 20.8
A10: Salmon | B10: 100 | C10: 1.2 | D10: 0.4 | E10: 0.06 | F10: =(C10*(0.25*D10)*E10)*100 -> 0.72 | G10: =(F10/1000)*B10 -> 0.072 | I10: =(B10*52)/1000 -> 5.2
A12: Species | B12: Available space | C12: Disease ratio | D12: Mortality on farm | E12: Slaughter process duration | F12: Welfare level of production system
A13: Beef cattle | B13: 0.2 | C13: 0.1 | D13: 0.05 | E13: 0.8 | F13: =2*(B13+C13+D13)+(E13) -> 1.5
A14: Dairy cow | B14: 0.19 | C14: 0.12 | D14: 0.05 | E14: 0.8 | F14: =2*(B14+C14+D14)+(E14) -> 1.52
A15: Chicken | B15: 0.63 | C15: 0.03 | D15: 0.03 | E15: 0.5 | F15: =2*(B15+C15+D15)+(E15) -> 1.88
A16: -”- parents | B16: 0.64 | C16: 0.15 | D16: 0.08 | E16: 0.5 | F16: =2*(B16+C16+D16)+(E16) -> 2.24
A17: Laying hen | B17: 0.55 | C17: 0.25 | D17: 0.03 | E17: 0.5 | F17: =2*(B17+C17+D17)+(E17) -> 2.16
A18: Pig | B18: 0.63 | C18: 0.1 | D18: 0.2 | E18: 0.5 | F18: =2*(B18+C18+D18)+(E18) -> 2.36
A19: Salmon | B19: 0.1 | C19: 0.1 | D19: 0.15 | E19: 0.5 | F19: =2*(B19+C19+D19)+(E19) -> 1.2
A21: Använt för Lyon

Sheet Wild game
C1: Total, per country | J1: European | K1: European
B2: Country | C2: animals / kg meat | E2: Moose | F2: Roe deer | G2: Red deer | H2: Fallow deer | I2: Wild boar | J2: Hare | K2: Rabbit | Q2: Estimation was done by:
B3: Denmark | C3: =SUM(E3:K3) -> 0.059876695 | E3: =E19*E$35 -> 0 | F3: =F19*F$35 -> 0.030175564 | G3: =G19*G$35 -> 0.0020947565 | H3: =H19*H$35 -> 0.0017611241 | I3: =I19*I$35 -> 0.015318192 | J3: =J19*J$35 -> 0.0053192774 | K3: =K19*K$35 -> 0.0052077817 | Q3: Inga uppgifter om konsumtion från fågeljakt?
B4: France | C4: =SUM(E4:K4) -> 0.065022407 | E4: =E18*E$35 -> 0 | F4: =F18*F$35 -> 0.045918992 | G4: =G18*G$35 -> 0.00067424581 | H4: =H18*H$35 -> 3.1263238e-05 | I4: =I18*I$35 -> 0.015490958 | J4: =J18*J$35 -> 0.00087093671 | K4: =K18*K$35 -> 0.002036011 | Q4: 1. As no complete consumption data could be found, it was assumed that the share of game animals consumed (on a weight basis) mirrored the national production of game meat. There seems to be a large difference between amounts produced and consumed (due to trade), but as the end goal is to provide the number of game animals killed for 1 kg of meat - the difference in total amount is not superrelevant
B5: Germany | C5: =SUM(E5:K5) -> 0.059876695 | E5: =E19*E$35 -> 0 | F5: =F19*F$35 -> 0.030175564 | G5: =G19*G$35 -> 0.0020947565 | H5: =H19*H$35 -> 0.0017611241 | I5: =I19*I$35 -> 0.015318192 | J5: =J19*J$35 -> 0.0053192774 | K5: =K19*K$35 -> 0.0052077817 | Q5: 2. National production of game animals was found in the UNECE report. All animals that contributed 10% or more of the meat supply (on a weight basis) for at least one country were considered, and the share that each species contributed to the national production of game meat calculated
B6: Greece | C6: =SUM(E6:K6) -> 0.063129969 | E6: =E20*E$35 -> 0 | F6: =F20*F$35 -> 0.0089482167 | G6: =G20*G$35 -> 0.0018894639 | H6: =H20*H$35 -> 0.00053175338 | I6: =I20*I$35 -> 0.022505403 | J6: =J20*J$35 -> 0.016934109 | K6: =K20*K$35 -> 0.012321024 | Q6: 3. Number of animals needed for 1 kg of meat were determined on a species by species basis, using the total mass of the animals (as presented in the UNECE report) and the meat yield of each animal
B7: Hungary | C7: =SUM(E7:K7) -> 0.033373387 | E7: =E21*E$35 -> 0 | F7: =F21*F$35 -> 0.0096761143 | G7: =G21*G$35 -> 0.0045151352 | H7: =H21*H$35 -> 0.00049283025 | I7: =I21*I$35 -> 0.018083929 | J7: =J21*J$35 -> 0.00060537818 | K7: =K21*K$35 -> 0 | Q7: 4. By using the share of game animals produced in each country and species-specific number of animals / kg of meat, a national average of number of animals / kg of meat could be determined
B8: Ireland | C8: =SUM(E8:K8) -> 0.060421749 | E8: =E22*E$35 -> 0 | F8: =F22*F$35 -> 0.039466667 | G8: =G22*G$35 -> 0.0060141844 | H8: =H22*H$35 -> 0.0060520095 | I8: =I22*I$35 -> 0 | J8: =J22*J$35 -> 0 | K8: =K22*K$35 -> 0.0088888889
B9: Italy | C9: =SUM(E9:K9) -> 0.063129969 | E9: =E23*E$35 -> 0 | F9: =F23*F$35 -> 0.0089482167 | G9: =G23*G$35 -> 0.0018894639 | H9: =H23*H$35 -> 0.00053175338 | I9: =I23*I$35 -> 0.022505403 | J9: =J23*J$35 -> 0.016934109 | K9: =K23*K$35 -> 0.012321024 | Q9: Sources: | R9: 1. UNECE report, for determining national production per species, species weight, and meat yield for hares / rabbits | S9: https://unece.org/fileadmin/DAM/timber/meetings/2018/20180321/game-meat-draft-2018-03.pdf
B10: Netherland | C10: =SUM(E10:K10) -> 0.059876695 | E10: =E19*E$35 -> 0 | F10: =F19*F$35 -> 0.030175564 | G10: =G19*G$35 -> 0.0020947565 | H10: =H19*H$35 -> 0.0017611241 | I10: =I19*I$35 -> 0.015318192 | J10: =J19*J$35 -> 0.0053192774 | K10: =K19*K$35 -> 0.0052077817 | R10: 2. For meat yields of roe and red deer, and wild boar. | S10: https://www.sciencedirect.com/science/article/pii/S0921800914001980#bb0165
B11: Poland | C11: =SUM(E11:K11) -> 0.033373387 | E11: =E25*E$35 -> 0 | F11: =F25*F$35 -> 0.0096761143 | G11: =G25*G$35 -> 0.0045151352 | H11: =H25*H$35 -> 0.00049283025 | I11: =I25*I$35 -> 0.018083929 | J11: =J25*J$35 -> 0.00060537818 | K11: =K25*K$35 -> 0 | R11: 3. For meat yield of mooses. | S11: https://www.adfg.alaska.gov/index.cfm?adfg=moosehunting.main | AA11: This article also has kg game meat consumed / capita and country, if we need it in the future
B12: Spain | C12: =SUM(E12:K12) -> 0.22309901 | E12: =E26*E$35 -> 0 | F12: =F26*F$35 -> 0.0014677258 | G12: =G26*G$35 -> 0.0051937573 | H12: =H26*H$35 -> 0.0006056606 | I12: =I26*I$35 -> 0.010469004 | J12: =J26*J$35 -> 0.023957565 | K12: =K26*K$35 -> 0.1814053
B13: Sweden | C13: =SUM(E13:K13) -> 0.012948823 | E13: =E27*E$35 -> 0.0030324503 | F13: =F27*F$35 -> 0.0032001593 | G13: =G27*G$35 -> 0.00025968745 | H13: =H27*H$35 -> 0.0012878426 | I13: =I27*I$35 -> 0.0035889293 | J13: =J27*J$35 -> 0.001579754 | K13: =K27*K$35 -> 0
E15: Share of hunted wild meat
B16: sum rum | C16: rum | E16: Moose | F16: Roe deer | G16: Red deer | H16: Fallow deer | I16: Wild boar | J16: European Hare | K16: European Rabbit
B17: =SUM(E17:H17) -> 0.49909967 | C17: =((E17/B17)*E$35)+((F17/B17)*F$35)+((G17/B17)*G$35)+((H17/B17)*H$35) -> 0.068185668 | D17: Denmark | E17: 0 | F17: 0.30175564 | G17: 0.14768033 | H17: 0.049663701 | I17: 0.48252304 | J17: 0.012127953 | K17: 0.006249338 | L17: Approximated with Germany
B18: =SUM(E18:H18) -> 0.50760588 | C18: =((E18/B18)*E$35)+((F18/B18)*F$35)+((G18/B18)*G$35)+((H18/B18)*H$35) -> 0.091851776 | D18: France | E18: 0 | F18: 0.45918992 | G18: 0.04753433 | H18: 0.00088162332 | I18: 0.48796518 | J18: 0.0019857357 | K18: 0.0024432132
B19: =SUM(E19:H19) -> 0.49909967 | C19: =((E19/B19)*E$35)+((F19/B19)*F$35)+((G19/B19)*G$35)+((H19/B19)*H$35) -> 0.068185668 | D19: Germany | E19: 0 | F19: 0.30175564 | G19: 0.14768033 | H19: 0.049663701 | I19: 0.48252304 | J19: 0.012127953 | K19: 0.006249338
B20: =SUM(E20:H20) -> 0.23768482 | C20: =((E20/B20)*E$35)+((F20/B20)*F$35)+((G20/B20)*G$35)+((H20/B20)*H$35) -> 0.047834078 | D20: Greece | E20: 0 | F20: 0.089482167 | G20: 0.1332072 | H20: 0.014995445 | I20: 0.70892019 | J20: 0.038609768 | K20: 0.014785229 | L20: Approximated with Italy
B21: =SUM(E21:H21) -> 0.42897599 | C21: =((E21/B21)*E$35)+((F21/B21)*F$35)+((G21/B21)*G$35)+((H21/B21)*H$35) -> 0.03423054 | D21: Hungary | E21: 0 | F21: 0.096761143 | G21: 0.31831703 | H21: 0.013897813 | I21: 0.56964375 | J21: 0.0013802622 | K21: 0 | L21: Approximated with Poland
B22: =SUM(E22:H22) -> 0.98933333 | C22: =((E22/B22)*E$35)+((F22/B22)*F$35)+((G22/B22)*G$35)+((H22/B22)*H$35) -> 0.052088471 | D22: Ireland | E22: 0 | F22: 0.39466667 | G22: 0.424 | H22: 0.17066667 | I22: 0 | J22: 0 | K22: 0.010666667
B23: =SUM(E23:H23) -> 0.23768482 | C23: =((E23/B23)*E$35)+((F23/B23)*F$35)+((G23/B23)*G$35)+((H23/B23)*H$35) -> 0.047834078 | D23: Italy | E23: 0 | F23: 0.089482167 | G23: 0.1332072 | H23: 0.014995445 | I23: 0.70892019 | J23: 0.038609768 | K23: 0.014785229
B24: =SUM(E24:H24) -> 0.49909967 | C24: =((E24/B24)*E$35)+((F24/B24)*F$35)+((G24/B24)*G$35)+((H24/B24)*H$35) -> 0.068185668 | D24: Netherlands | E24: 0 | F24: 0.30175564 | G24: 0.14768033 | H24: 0.049663701 | I24: 0.48252304 | J24: 0.012127953 | K24: 0.006249338 | L24: Approximated with Germany
B25: =SUM(E25:H25) -> 0.42897599 | C25: =((E25/B25)*E$35)+((F25/B25)*F$35)+((G25/B25)*G$35)+((H25/B25)*H$35) -> 0.03423054 | D25: Poland | E25: 0 | F25: 0.096761143 | G25: 0.31831703 | H25: 0.013897813 | I25: 0.56964375 | J25: 0.0013802622 | K25: 0
B26: =SUM(E26:H26) -> 0.39791678 | C26: =((E26/B26)*E$35)+((F26/B26)*F$35)+((G26/B26)*G$35)+((H26/B26)*H$35) -> 0.018262974 | D26: Spain | E26: 0 | F26: 0.014677258 | G26: 0.36615989 | H26: 0.017079629 | I26: 0.32977362 | J26: 0.054623249 | K26: 0.21768636
B27: =SUM(E27:H27) -> 0.88334689 | C27: =((E27/B27)*E$35)+((F27/B27)*F$35)+((G27/B27)*G$35)+((H27/B27)*H$35) -> 0.0088075702 | D27: Sweden | E27: 0.79672017 | F27: 0.032001593 | G27: 0.018307966 | H27: 0.036317161 | I27: 0.11305127 | J27: 0.0036018391 | K27: 0
E29: Animals per kg of meat
D30: Live weight | E30: 500 | F30: 20 | G30: 150 | H30: 60 | I30: 70 | J30: 3.8 | K30: 2 | N30: Animal | O30: Meat Yield | P30: Source
D31: Meat yield | E31: =227/432 -> 0.52546296 | F31: 0.5 | G31: 0.47 | H31: 0.47 | I31: 0.45 | J31: 0.6 | K31: 0.6 | N31: Moose | O31: =227/432 -> 0.52546296 | P31: https://www.adfg.alaska.gov/index.cfm?adfg=moosehunting.main
N32: Roe Deer | O32: 0.5 | P32: https://www.sciencedirect.com/science/article/pii/S0921800914001980#bb0165
D33: kg meat / animal | E33: =E30*E31 -> 262.73148 | F33: =F30*F31 -> 10 | G33: =G30*G31 -> 70.5 | H33: =H30*H31 -> 28.2 | I33: =I30*I31 -> 31.5 | J33: =J30*J31 -> 2.28 | K33: =K30*K31 -> 1.2 | N33: Red Deer | O33: 0.47 | P33: https://www.sciencedirect.com/science/article/pii/S0921800914001980#bb0166
N34: Wild boar | O34: 0.45 | P34: https://www.sciencedirect.com/science/article/pii/S0921800914001980#bb0167
D35: animal / kg meat | E35: =1/E33 -> 0.0038061674 | F35: =1/F33 -> 0.1 | G35: =1/G33 -> 0.014184397 | H35: =1/H33 -> 0.035460993 | I35: =1/I33 -> 0.031746032 | J35: =1/J33 -> 0.43859649 | K35: =1/K33 -> 0.83333333 | N35: Hare | O35: 0.6 | P35: Assumed meat yield for all species in the report | Q35: https://unece.org/fileadmin/DAM/timber/meetings/2018/20180321/game-meat-draft-2018-03.pdf
