Workbook

Sheet Pigs timeseries
A3: Pigs
B4: 2010 | C4: 2011 | D4: 2012 | E4: 2013 | F4: 2014 | G4: 2015 | H4: 2016 | I4: 2017 | J4: 2018 | K4: 2019 | L4: 2020 | M4: 2021 | N4: 2022
A5: Austria | B5: ='2010'!W7 -> 92.074579 | C5: ='2011'!W7 -> 79.70935 | D5: ='2012'!W7 -> 80.568754 | E5: ='2013'!W7 -> 84.195367 | F5: ='2014'!W7 -> 83.207589 | G5: ='2015'!W7 -> 75.047204 | H5: ='2016'!W7 -> 68.518731 | I5: ='2017'!W7 -> 69.655733 | J5: ='2018'!W7 -> 75.387708 | K5: ='2019'!W7 -> 64.060761 | L5: ='2020'!W7 -> 69.489649 | M5: ='2021'!W7 -> 62.038097 | N5: ='2022'!W7 -> 55.195005
A6: Belgium | B6: ='2010'!W8 -> 230.5286 | C6: ='2011'!W8 -> 224.41766 | D6: ='2012'!W8 -> 208.42826 | E6: ='2013'!W8 -> 198.9799 | F6: ='2014'!W8 -> 202.17093 | G6: ='2015'!W8 -> 196.11577 | H6: ='2016'!W8 -> 185.08748 | I6: ='2017'!W8 -> 175.87159 | J6: ='2018'!W8 -> 152.40665 | K6: ='2019'!W8 -> 137.50247 | L6: ='2020'!W8 -> 140.97061 | M6: ='2021'!W8 -> 128.7558 | N6: ='2022'!W8 -> 100.06434
A7: Bulgaria | B7: ='2010'!W9 -> na | C7: ='2011'!W9 -> 191.90831 | D7: ='2012'!W9 -> 203.66134 | E7: ='2013'!W9 -> 238.77357 | F7: ='2014'!W9 -> 168.69567 | G7: ='2015'!W9 -> 235.24498 | H7: ='2016'!W9 -> 292.39292 | I7: ='2017'!W9 -> 241.41424 | J7: ='2018'!W9 -> 217.22629 | K7: ='2019'!W9 -> 204.14829 | L7: ='2020'!W9 -> 224.5409 | M7: ='2021'!W9 -> 222.75513 | N7: ='2022'!W9 -> 180.22729
A8: Croatia | B8: ='2010'!W10 -> na | C8: ='2011'!W10 -> na | D8: ='2012'!W10 -> na | E8: ='2013'!W10 -> na | F8: ='2014'!W10 -> 172.20973 | G8: ='2015'!W10 -> 149.75141 | H8: ='2016'!W10 -> 136.00023 | I8: ='2017'!W10 -> 110.97546 | J8: ='2018'!W10 -> 115.51593 | K8: ='2019'!W10 -> 101.75112 | L8: ='2020'!W10 -> 112.37541 | M8: ='2021'!W10 -> 100.81195 | N8: ='2022'!W10 -> 91.643486
A9: Cyprus | B9: ='2010'!W11 -> na | C9: ='2011'!W11 -> 529.60942 | D9: ='2012'!W11 -> 489.51071 | E9: ='2013'!W11 -> 540.13384 | F9: ='2014'!W11 -> 510.53495 | G9: ='2015'!W11 -> 563.95053 | H9: ='2016'!W11 -> 558.88912 | I9: ='2017'!W11 -> 542.04115 | J9: ='2018'!W11 -> 636.72267 | K9: ='2019'!W11 -> 566.99856 | L9: ='2020'!W11 -> 564.19293 | M9: ='2021'!W11 -> 492.72755 | N9: ='2022'!W11 -> 417.78279
A10: Czech Republic | B10: ='2010'!W12 -> 112.75634 | C10: ='2011'!W12 -> 103.8339 | D10: ='2012'!W12 -> 97.576021 | E10: ='2013'!W12 -> 103.51946 | F10: ='2014'!W12 -> 102.85525 | G10: ='2015'!W12 -> 90.175048 | H10: ='2016'!W12 -> 80.457089 | I10: ='2017'!W12 -> 84.010275 | J10: ='2018'!W12 -> 76.211326 | K10: ='2019'!W12 -> 72.529623 | L10: ='2020'!W12 -> 75.62084 | M10: ='2021'!W12 -> 66.845636 | N10: ='2022'!W12 -> 62.752327
A11: Denmark | B11: ='2010'!W13 -> 54.74162 | C11: ='2011'!W13 -> 48.971177 | D11: ='2012'!W13 -> 50.594641 | E11: ='2013'!W13 -> 51.855361 | F11: ='2014'!W13 -> 51.193939 | G11: ='2015'!W13 -> 48.644585 | H11: ='2016'!W13 -> 47.174063 | I11: ='2017'!W13 -> 45.478569 | J11: ='2018'!W13 -> 44.021035 | K11: ='2019'!W13 -> 43.404351 | L11: ='2020'!W13 -> 43.363948 | M11: ='2021'!W13 -> 38.71657 | N11: ='2022'!W13 -> 39.741335
A12: Estonia | B12: ='2010'!W14 -> 110.57772 | C12: ='2011'!W14 -> 110.5596 | D12: ='2012'!W14 -> 95.054745 | E12: ='2013'!W14 -> 103.6142 | F12: ='2014'!W14 -> 114.68219 | G12: ='2015'!W14 -> 98.15207 | H12: ='2016'!W14 -> 98.723424 | I12: ='2017'!W14 -> 87.220574 | J12: ='2018'!W14 -> 81.066557 | K12: ='2019'!W14 -> 81.325821 | L12: ='2020'!W14 -> 74.179542 | M12: ='2021'!W14 -> 70.145807 | N12: ='2022'!W14 -> 69.906445
A13: Finland | B13: ='2010'!W15 -> 33.747886 | C13: ='2011'!W15 -> 32.736631 | D13: ='2012'!W15 -> 33.104703 | E13: ='2013'!W15 -> 33.996701 | F13: ='2014'!W15 -> 34.327592 | G13: ='2015'!W15 -> 31.32344 | H13: ='2016'!W15 -> 28.459443 | I13: ='2017'!W15 -> 30.113531 | J13: ='2018'!W15 -> 29.449277 | K13: ='2019'!W15 -> 30.827209 | L13: ='2020'!W15 -> 25.983588 | M13: ='2021'!W15 -> 27.151577 | N13: ='2022'!W15 -> 23.948906
A14: France | B14: ='2010'!W16 -> 197.74156 | C14: ='2011'!W16 -> 167.27636 | D14: ='2012'!W16 -> 148.03668 | E14: ='2013'!W16 -> 137.47995 | F14: ='2014'!W16 -> 154.2295 | G14: ='2015'!W16 -> 101.43546 | H14: ='2016'!W16 -> 105.31049 | I14: ='2017'!W16 -> 100.82622 | J14: ='2018'!W16 -> 95.688898 | K14: ='2019'!W16 -> 86.822953 | L14: ='2020'!W16 -> 84.529064 | M14: ='2021'!W16 -> 76.905171 | N14: ='2022'!W16 -> 58.221092
A15: Germany | B15: ='2010'!W17 -> na | C15: ='2011'!W17 -> 292.27862 | D15: ='2012'!W17 -> 282.25046 | E15: ='2013'!W17 -> 248.60462 | F15: ='2014'!W17 -> 205.81884 | G15: ='2015'!W17 -> 130.30906 | H15: ='2016'!W17 -> 124.07536 | I15: ='2017'!W17 -> 121.55865 | J15: ='2018'!W17 -> 120.55138 | K15: ='2019'!W17 -> 108.96404 | L15: ='2020'!W17 -> 115.94308 | M15: ='2021'!W17 -> 100.80082 | N15: ='2022'!W17 -> 97.676296
A16: Greece | B16: ='2010'!W18 -> na | C16: ='2011'!W18 -> na | D16: ='2012'!W18 -> na | E16: ='2013'!W18 -> na | F16: ='2014'!W18 -> na | G16: ='2015'!W18 -> 120.21964 | H16: ='2016'!W18 -> 134.7335 | I16: ='2017'!W18 -> 199.82421 | J16: ='2018'!W18 -> 196.62182 | K16: ='2019'!W18 -> 179.33574 | L16: ='2020'!W18 -> 200.11239 | M16: ='2021'!W18 -> 223.72894 | N16: ='2022'!W18 -> 183.14391
... A20: Italy | B20: ='2010'!W22 -> 621.91598 | C20: ='2011'!W22 -> 557.06292 | D20: ='2012'!W22 -> 511.73849 | E20: ='2013'!W22 -> 453.7152 | F20: ='2014'!W22 -> 494.52725 | G20: ='2015'!W22 -> 483.99168 | H20: ='2016'!W22 -> 445.60174 | I20: ='2017'!W22 -> 418.46964 | J20: ='2018'!W22 -> 356.52116 | K20: ='2019'!W22 -> 287.06881 | L20: ='2020'!W22 -> 274.35698 | M20: ='2021'!W22 -> 261.81223 | N20: ='2022'!W22 -> 239.51567
A21: Latvia | B21: ='2010'!W23 -> 67.235649 | C21: ='2011'!W24 -> 63.25118 | D21: ='2012'!W23 -> 70.542747 | E21: ='2013'!W23 -> 64.61356 | F21: ='2014'!W23 -> 62.269021 | G21: ='2015'!W23 -> 62.82412 | H21: ='2016'!W23 -> 50.506477 | I21: ='2017'!W23 -> 55.120601 | J21: ='2018'!W23 -> 59.275065 | K21: ='2019'!W23 -> 46.251542 | L21: ='2020'!W23 -> 49.210428 | M21: ='2021'!W23 -> 42.873937 | N21: ='2022'!W23 -> 34.39866
A22: Lithuania | B22: ='2010'!W24 -> 80.97428 | C22: ='2011'!W25 -> 68.814599 | D22: ='2012'!W24 -> 65.286364 | E22: ='2013'!W24 -> 48.057547 | F22: ='2014'!W24 -> 58.886139 | G22: ='2015'!W24 -> 58.698418 | H22: ='2016'!W24 -> 62.854122 | I22: ='2017'!W24 -> 57.502983 | J22: ='2018'!W24 -> 55.279622 | K22: ='2019'!W24 -> 109.56599 | L22: ='2020'!W24 -> 99.502457 | M22: ='2021'!W24 -> 116.35466 | N22: ='2022'!W24 -> 79.530549
A23: Luxembourg | B23: ='2010'!W25 -> na | C23: ='2011'!W26 -> na | D23: ='2012'!W25 -> 72.637078 | E23: ='2013'!W25 -> 87.396353 | F23: ='2014'!W25 -> 68.385033 | G23: ='2015'!W25 -> 58.64019 | H23: ='2016'!W25 -> 60.103744 | I23: ='2017'!W25 -> 59.766392 | J23: ='2018'!W25 -> 57.769495 | K23: ='2019'!W25 -> 50.542946 | L23: ='2020'!W25 -> 50.604152 | M23: ='2021'!W25 -> 47.37016 | N23: ='2022'!W25 -> 42.91757
A24: Malta | B24: ='2010'!W26 -> na | C24: ='2011'!W27 -> na | D24: ='2012'!W26 -> na | E24: ='2013'!W26 -> na | F24: ='2014'!W26 -> na | G24: ='2015'!W26 -> na | H24: ='2016'!W26 -> na | I24: ='2017'!W26 -> 193.15603 | J24: ='2018'!W26 -> 221.83246 | K24: ='2019'!W26 -> 166.29897 | L24: ='2020'!W26 -> 178.40694 | M24: ='2021'!W26 -> 174.80585 | N24: ='2022'!W26 -> 120.22689
A25: Netherlands | B25: ='2010'!W27 -> 202.99206 | C25: ='2011'!W28 -> 157.50819 | D25: ='2012'!W27 -> 105.2406 | E25: ='2013'!W27 -> 97.811852 | F25: ='2014'!W27 -> 94.234924 | G25: ='2015'!W27 -> 86.436564 | H25: ='2016'!W27 -> 71.138928 | I25: ='2017'!W27 -> 76.170966 | J25: ='2018'!W27 -> 77.068913 | K25: ='2019'!W27 -> 64.031605 | L25: ='2020'!W27 -> 66.951534 | M25: ='2021'!W27 -> 64.102714 | N25: ='2022'!W27 -> 49.276256
A26: Norway | B26: ='2010'!W28 -> 6.2430937 | C26: ='2011'!W29 -> 5.5908346 | D26: ='2012'!W28 -> 5.8680547 | E26: ='2013'!W28 -> 5.5715914 | F26: ='2014'!W28 -> 4.7612496 | G26: ='2015'!W28 -> 4.4333277 | H26: ='2016'!W28 -> 4.4430118 | I26: ='2017'!W28 -> 4.7736727 | J26: ='2018'!W28 -> 4.5912538 | K26: ='2019'!W28 -> 3.6321287 | L26: ='2020'!W28 -> 3.62963 | M26: ='2021'!W28 -> 3.6225979 | N26: ='2022'!W28 -> 3.3096332
A27: Poland | B27: ='2010'!W29 -> na | C27: ='2011'!W30 -> 181.67066 | D27: ='2012'!W29 -> 203.00554 | E27: ='2013'!W29 -> 226.42319 | F27: ='2014'!W29 -> 207.77166 | G27: ='2015'!W29 -> 208.86029 | H27: ='2016'!W29 -> 195.29808 | I27: ='2017'!W29 -> 250.19703 | J27: ='2018'!W29 -> 259.35694 | K27: ='2019'!W29 -> 284.94223 | L27: ='2020'!W29 -> 290.52842 | M27: ='2021'!W29 -> 268.96978 | N27: ='2022'!W29 -> 307.99122
A28: Portugal | B28: ='2010'!W30 -> 241.5113 | C28: ='2011'!W31 -> 222.33324 | D28: ='2012'!W30 -> 214.68339 | E28: ='2013'!W30 -> 257.78724 | F28: ='2014'!W30 -> 275.22907 | G28: ='2015'!W30 -> 235.31389 | H28: ='2016'!W30 -> 290.45964 | I28: ='2017'!W30 -> 189.82332 | J28: ='2018'!W30 -> 263.13359 | K28: ='2019'!W30 -> 203.10456 | L28: ='2020'!W30 -> 245.02803 | M28: ='2021'!W30 -> 213.61599 | N28: ='2022'!W30 -> 112.88337
A29: Romania | B29: ='2010'!W31 -> na | C29: ='2011'!W32 -> na | D29: ='2012'!W31 -> na | E29: ='2013'!W31 -> na | F29: ='2014'!W31 -> 230.36561 | G29: ='2015'!W31 -> 213.22018 | H29: ='2016'!W31 -> 166.06172 | I29: ='2017'!W31 -> 177.93199 | J29: ='2018'!W31 -> 161.72276 | K29: ='2019'!W31 -> 98.118794 | L29: ='2020'!W31 -> 106.80986 | M29: ='2021'!W31 -> 105.70104 | N29: ='2022'!W31 -> 87.989311
A30: Slovakia | B30: ='2010'!W32 -> na | C30: ='2011'!W33 -> 73.696916 | D30: ='2012'!W32 -> 60.921362 | E30: ='2013'!W32 -> 99.436444 | F30: ='2014'!W32 -> 109.92665 | G30: ='2015'!W32 -> 85.172385 | H30: ='2016'!W32 -> 85.742394 | I30: ='2017'!W32 -> 108.24108 | J30: ='2018'!W32 -> 81.610048 | K30: ='2019'!W32 -> 69.460203 | L30: ='2020'!W32 -> 86.099778 | M30: ='2021'!W32 -> 68.160762 | N30: ='2022'!W32 -> 69.445566
A31: Slovenia | B31: ='2010'!W33 -> 85.694277 | C31: ='2011'!W34 -> 85.122879 | D31: ='2012'!W33 -> 58.521951 | E31: ='2013'!W33 -> 41.44489 | F31: ='2014'!W33 -> 63.042501 | G31: ='2015'!W33 -> 50.119014 | H31: ='2016'!W33 -> 57.890723 | I31: ='2017'!W33 -> 70.260625 | J31: ='2018'!W33 -> 82.949894 | K31: ='2019'!W33 -> 86.125197 | L31: ='2020'!W33 -> 64.152779 | M31: ='2021'!W33 -> 60.945419 | N31: ='2022'!W33 -> 49.591711
A32: Spain | B32: ='2010'!W34 -> 309.33247 | C32: ='2011'!W35 -> 408.79932 | D32: ='2012'!W34 -> 457.63292 | E32: ='2013'!W34 -> 382.71099 | F32: ='2014'!W34 -> 501.99987 | G32: ='2015'!W34 -> 487.70964 | H32: ='2016'!W34 -> 439.52638 | I32: ='2017'!W34 -> 280.25823 | J32: ='2018'!W34 -> 268.32153 | K32: ='2019'!W34 -> 156.13546 | L32: ='2020'!W34 -> 188.86064 | M32: ='2021'!W34 -> 193.0779 | N32: ='2022'!W34 -> 158.50137
... A35: United Kingdom | B35: ='2010'!W37 -> 149.30763 | C35: ='2011'!W38 -> 109.20259 | D35: ='2012'!W37 -> 141.62206 | E35: ='2013'!W37 -> 134.4507 | F35: ='2014'!W37 -> 133.63286 | G35: ='2015'!W37 -> 120.11782 | H35: ='2016'!W37 -> 82.772305 | I35: ='2017'!W37 -> na | J35: ='2018'!W37 -> na | K35: ='2019'!W37 -> na | L35: ='2020'!W37 -> na | M35: ='2021'!W37 -> na | N35: ='2022'!W37 -> na

Sheet 2010
A2: Use of antibiotics index 2010
A4: Actual use | B4: https://esvacbi.ema.europa.eu/analytics/saw.dll?Dashboard | K4: Expected use | U4: Antibiotic use index
A5: PCU tonne
A6: Country | B6: Cattle | C6: Pigs | D6: Poultry | E6: Sheep and goats | F6: Fish | G6: Rabbits | H6: Horses | I6: Total PCU (tonnes) | J6: mg/PCU | K6: Cattle | L6: Pigs | M6: Poultry | N6: Sheep and goats | O6: Fish | P6: Rabbits | Q6: Horses | R6: Total | S6: mg/PCU | T6: Actual use/ expected use | U6: Beef cattle | V6: Dairy cows | W6: Pigs | X6: Broiler | Y6: Sheep and goat | Z6: Fish | AA6: Rabbits | AB6: Horses | AC6: Egg | AD6: Milk
A7: Austria | B7: 444.33916 | C7: 403.20586 | D7: 79.225167 | E7: 34.4043 | F7: 0 | G7: 0 | H7: 33.0732 | I7: =SUM(B7:H7) -> 994.24769 | J7: 62.9 | K7: =B7*$K$39 -> 13330.175 | L7: =C7*$L$39 -> 24192.352 | M7: =D7*$M$39 -> 2376.755 | N7: =E7*$N$39 -> 688.086 | O7: =F7*$O$39 -> 0 | P7: =G7*$P$39 -> 0 | Q7: =H7*$Q$39 -> 165.366 | R7: =SUM(K7:Q7) -> 40752.734 | S7: =R7/I7 -> 40.988512 | T7: =J7/S7 -> 1.5345763 | U7: =$U$39*$T7 -> 12.430068 | V7: =$V$39*$T7 -> 33.607221 | W7: =$W$39*$T7 -> 92.074579 | X7: =$X$39*$T7 -> 46.03729 | Y7: =$Y$39*$T7 -> 30.691526 | Z7: =$Z$39*$T7 -> 61.383053 | AA7: =$AA$39*$T7 -> 1196.9695 | AB7: =$AB$39*$T7 -> 7.6728816 | AC7: =$AC$39*$T7 -> 0.58592914 | AD7: =$AD$39*$T7 -> 2.5320509
A8: Belgium | B8: 478.52147 | C8: 901.27764 | D8: 173.81867 | E8: 16.44681 | F8: 0.576 | G8: 4.2588 | H8: 85.5864 | I8: =SUM(B8:H8) -> 1660.4858 | J8: 179.9 | K8: =B8*$K$39 -> 14355.644 | L8: =C8*$L$39 -> 54076.658 | M8: =D8*$M$39 -> 5214.5602 | N8: =E8*$N$39 -> 328.9362 | O8: =F8*$O$39 -> 23.04 | P8: =G8*$P$39 -> 3321.864 | Q8: =H8*$Q$39 -> 427.932 | R8: =SUM(K8:Q8) -> 77748.635 | S8: =R8/I8 -> 46.822824 | T8: =J8/S8 -> 3.8421433 | U8: =$U$39*$T8 -> 31.121361 | V8: =$V$39*$T8 -> 84.142938 | W8: =$W$39*$T8 -> 230.5286 | X8: =$X$39*$T8 -> 115.2643 | Y8: =$Y$39*$T8 -> 76.842865 | Z8: =$Z$39*$T8 -> 153.68573 | AA8: =$AA$39*$T8 -> 2996.8718 | AB8: =$AB$39*$T8 -> 19.210716 | AC8: =$AC$39*$T8 -> 1.4670002 | AD8: =$AD$39*$T8 -> 6.3395364
A9: Bulgaria | B9: na | C9: na | D9: na | E9: na | F9: na | G9: na | H9: na | I9: na | J9: na | K9: na | L9: na | M9: na | N9: na | O9: na | P9: na | Q9: na | R9: na | S9: na | T9: na | U9: na | V9: na | W9: na | X9: na | Y9: na | Z9: na | AA9: na | AB9: na | AC9: na | AD9: na
A10: Croatia | B10: na | C10: na | D10: na | E10: na | F10: na | G10: na | H10: na | I10: na | J10: na | K10: na | L10: na | M10: na | N10: na | O10: na | P10: na | Q10: na | R10: na | S10: na | T10: na | U10: na | V10: na | W10: na | X10: na | Y10: na | Z10: na | AA10: na | AB10: na | AC10: na | AD10: na
A11: Cyprus | B11: na | C11: na | D11: na | E11: na | F11: na | G11: na | H11: na | I11: na | J11: na | K11: na | L11: na | M11: na | N11: na | O11: na | P11: na | Q11: na | R11: na | S11: na | T11: na | U11: na | V11: na | W11: na | X11: na | Y11: na | Z11: na | AA11: na | AB11: na | AC11: na | AD11: na
A12: Czech Republic | B12: 292.07171 | C12: 240.16889 | D12: 146.1986 | E12: 15.161855 | F12: 20.42 | G12: 11.6284 | H12: 29.5728 | I12: =SUM(B12:H12) -> 755.22226 | J12: 94.3 | K12: =B12*$K$39 -> 8762.1513 | L12: =C12*$L$39 -> 14410.134 | M12: =D12*$M$39 -> 4385.958 | N12: =E12*$N$39 -> 303.2371 | O12: =F12*$O$39 -> 816.8 | P12: =G12*$P$39 -> 9070.152 | Q12: =H12*$Q$39 -> 147.864 | R12: =SUM(K12:Q12) -> 37896.296 | S12: =R12/I12 -> 50.178998 | T12: =J12/S12 -> 1.8792723 | U12: =$U$39*$T12 -> 15.222106 | V12: =$V$39*$T12 -> 41.156063 | W12: =$W$39*$T12 -> 112.75634 | X12: =$X$39*$T12 -> 56.378169 | Y12: =$Y$39*$T12 -> 37.585446 | Z12: =$Z$39*$T12 -> 75.170892 | AA12: =$AA$39*$T12 -> 1465.8324 | AB12: =$AB$39*$T12 -> 9.3963614 | AC12: =$AC$39*$T12 -> 0.71754033 | AD12: =$AD$39*$T12 -> 3.1007993
A13: Denmark | B13: 409.08433 | C13: 1855.9095 | D13: 120.40682 | E13: 13.72725 | F13: 34.131 | G13: 0 | H13: 70 | I13: =SUM(B13:H13) -> 2503.2589 | J13: 47.1 | K13: =B13*$K$39 -> 12272.53 | L13: =C13*$L$39 -> 111354.57 | M13: =D13*$M$39 -> 3612.2047 | N13: =E13*$N$39 -> 274.545 | O13: =F13*$O$39 -> 1365.24 | P13: =G13*$P$39 -> 0 | Q13: =H13*$Q$39 -> 350 | R13: =SUM(K13:Q13) -> 129229.09 | S13: =R13/I13 -> 51.62434 | T13: =J13/S13 -> 0.91236033 | U13: =$U$39*$T13 -> 7.3901187 | V13: =$V$39*$T13 -> 19.980691 | W13: =$W$39*$T13 -> 54.74162 | X13: =$X$39*$T13 -> 27.37081 | Y13: =$Y$39*$T13 -> 18.247207 | Z13: =$Z$39*$T13 -> 36.494413 | AA13: =$AA$39*$T13 -> 711.64106 | AB13: =$AB$39*$T13 -> 4.5618016 | AC13: =$AC$39*$T13 -> 0.34835576 | AD13: =$AD$39*$T13 -> 1.5053945
A14: Estonia | B14: 61.116435 | C14: 34.959665 | D14: 2.095567 | E14: 4.80926 | F14: 0.654 | G14: 0 | H14: 4.04 | I14: =SUM(B14:H14) -> 107.67493 | J14: 70.8 | K14: =B14*$K$39 -> 1833.4931 | L14: =C14*$L$39 -> 2097.5799 | M14: =D14*$M$39 -> 62.86701 | N14: =E14*$N$39 -> 96.1852 | O14: =F14*$O$39 -> 26.16 | P14: =G14*$P$39 -> 0 | Q14: =H14*$Q$39 -> 20.2 | R14: =SUM(K14:Q14) -> 4136.4852 | S14: =R14/I14 -> 38.416419 | T14: =J14/S14 -> 1.842962 | U14: =$U$39*$T14 -> 14.927992 | V14: =$V$39*$T14 -> 40.360867 | W14: =$W$39*$T14 -> 110.57772 | X14: =$X$39*$T14 -> 55.288859 | Y14: =$Y$39*$T14 -> 36.859239 | Z14: =$Z$39*$T14 -> 73.718479 | AA14: =$AA$39*$T14 -> 1437.5103 | AB14: =$AB$39*$T14 -> 9.2148098 | AC14: =$AC$39*$T14 -> 0.70367639 | AD14: =$AD$39*$T14 -> 3.0408872
A15: Finland | B15: 224.39418 | C15: 181.24047 | D15: 59.537886 | E15: 10.17292 | F15: 11.8 | G15: 0 | H15: 29.72 | I15: =SUM(B15:H15) -> 516.86545 | J15: 22 | K15: =B15*$K$39 -> 6731.8254 | L15: =C15*$L$39 -> 10874.428 | M15: =D15*$M$39 -> 1786.1366 | N15: =E15*$N$39 -> 203.4584 | O15: =F15*$O$39 -> 472 | P15: =G15*$P$39 -> 0 | Q15: =H15*$Q$39 -> 148.6 | R15: =SUM(K15:Q15) -> 20216.448 | S15: =R15/I15 -> 39.113561 | T15: =J15/S15 -> 0.56246477 | U15: =$U$39*$T15 -> 4.5559646 | V15: =$V$39*$T15 -> 12.317978 | W15: =$W$39*$T15 -> 33.747886 | X15: =$X$39*$T15 -> 16.873943 | Y15: =$Y$39*$T15 -> 11.249295 | Z15: =$Z$39*$T15 -> 22.498591 | AA15: =$AA$39*$T15 -> 438.72252 | AB15: =$AB$39*$T15 -> 2.8123238 | AC15: =$AC$39*$T15 -> 0.21475928 | AD15: =$AD$39*$T15 -> 0.92806687
A16: France | B16: 3340.3962 | C16: 1886.973 | D16: 1150.9532 | E16: 695.50249 | F16: 45.042 | G16: 48.6514 | H16: 311.318 | I16: =SUM(B16:H16) -> 7478.8363 | J16: 133.6 | K16: =B16*$K$39 -> 100211.89 | L16: =C16*$L$39 -> 113218.38 | M16: =D16*$M$39 -> 34528.597 | N16: =E16*$N$39 -> 13910.05 | O16: =F16*$O$39 -> 1801.68 | P16: =G16*$P$39 -> 37948.092 | Q16: =H16*$Q$39 -> 1556.59 | R16: =SUM(K16:Q16) -> 303175.27 | S16: =R16/I16 -> 40.53776 | T16: =J16/S16 -> 3.2956927 | U16: =$U$39*$T16 -> 26.695111 | V16: =$V$39*$T16 -> 72.17567 | W16: =$W$39*$T16 -> 197.74156 | X16: =$X$39*$T16 -> 98.870781 | Y16: =$Y$39*$T16 -> 65.913854 | Z16: =$Z$39*$T16 -> 131.82771 | AA16: =$AA$39*$T16 -> 2570.6403 | AB16: =$AB$39*$T16 -> 16.478463 | AC16: =$AC$39*$T16 -> 1.2583554 | AD16: =$AD$39*$T16 -> 5.4378929
A17: Germany | B17: na | C17: na | D17: na | E17: na | F17: na | G17: na | H17: na | I17: na | J17: na | K17: na | L17: na | M17: na | N17: na | O17: na | P17: na | Q17: na | R17: na | S17: na | T17: na | U17: na | V17: na | W17: na | X17: na | Y17: na | Z17: na | AA17: na | AB17: na | AC17: na | AD17: na
A18: Greece | B18: na | C18: na | D18: na | E18: na | F18: na | G18: na | H18: na | I18: na | J18: na | K18: na | L18: na | M18: na | N18: na | O18: na | P18: na | Q18: na | R18: na | S18: na | T18: na | U18: na | V18: na | W18: na | X18: na | Y18: na | Z18: na | AA18: na | AB18: na | AC18: na | AD18: na
A19: Hungary | B19: 151.32915 | C19: 316.02211 | D19: 170.43446 | E19: 102.26428 | F19: 0 | G19: 1.1564 | H19: 27.2 | I19: =SUM(B19:H19) -> 768.4064 | J19: 269.9 | K19: =B19*$K$39 -> 4539.8744 | L19: =C19*$L$39 -> 18961.327 | M19: =D19*$M$39 -> 5113.0339 | N19: =E19*$N$39 -> 2045.2856 | O19: =F19*$O$39 -> 0 | P19: =G19*$P$39 -> 901.992 | Q19: =H19*$Q$39 -> 136 | R19: =SUM(K19:Q19) -> 31697.513 | S19: =R19/I19 -> 41.250974 | T19: =J19/S19 -> 6.5428758 | U19: =$U$39*$T19 -> 52.997294 | V19: =$V$39*$T19 -> 143.28898 | W19: =$W$39*$T19 -> 392.57255 | X19: =$X$39*$T19 -> 196.28627 | Y19: =$Y$39*$T19 -> 130.85752 | Z19: =$Z$39*$T19 -> 261.71503 | AA19: =$AA$39*$T19 -> 5103.4431 | AB19: =$AB$39*$T19 -> 32.714379 | AC19: =$AC$39*$T19 -> 2.4981889 | AD19: =$AD$39*$T19 -> 10.795745
A20: Iceland | B20: 18.9925 | C20: 5.804 | D20: 4.9265 | E20: 47.1 | F20: 5.05 | G20: 0 | H20: 30.8 | I20: =SUM(B20:H20) -> 112.673 | J20: 6.8 | K20: =B20*$K$39 -> 569.775 | L20: =C20*$L$39 -> 348.24 | M20: =D20*$M$39 -> 147.795 | N20: =E20*$N$39 -> 942 | O20: =F20*$O$39 -> 202 | P20: =G20*$P$39 -> 0 | Q20: =H20*$Q$39 -> 154 | R20: =SUM(K20:Q20) -> 2363.81 | S20: =R20/I20 -> 20.979383 | T20: =J20/S20 -> 0.32412774 | U20: =$U$39*$T20 -> 2.6254347 | V20: =$V$39*$T20 -> 7.0983976 | W20: =$W$39*$T20 -> 19.447665 | X20: =$X$39*$T20 -> 9.7238323 | Y20: =$Y$39*$T20 -> 6.4825549 | Z20: =$Z$39*$T20 -> 12.96511 | AA20: =$AA$39*$T20 -> 252.81964 | AB20: =$AB$39*$T20 -> 1.6206387 | AC20: =$AC$39*$T20 -> 0.12375787 | AD20: =$AD$39*$T20 -> 0.53481078
A21: Ireland | B21: 1091.1219 | C21: 249.53832 | D21: 79.870662 | E21: 274.752 | F21: 47.212 | G21: 0 | H21: 36 | I21: =SUM(B21:H21) -> 1778.4949 | J21: 51.4 | K21: =B21*$K$39 -> 32733.656 | L21: =C21*$L$39 -> 14972.299 | M21: =D21*$M$39 -> 2396.1199 | N21: =E21*$N$39 -> 5495.04 | O21: =F21*$O$39 -> 1888.48 | P21: =G21*$P$39 -> 0 | Q21: =H21*$Q$39 -> 180 | R21: =SUM(K21:Q21) -> 57665.595 | S21: =R21/I21 -> 32.423819 | T21: =J21/S21 -> 1.5852543 | U21: =$U$39*$T21 -> 12.84056 | V21: =$V$39*$T21 -> 34.71707 | W21: =$W$39*$T21 -> 95.115261 | X21: =$X$39*$T21 -> 47.55763 | Y21: =$Y$39*$T21 -> 31.705087 | Z21: =$Z$39*$T21 -> 63.410174 | AA21: =$AA$39*$T21 -> 1236.4984 | AB21: =$AB$39*$T21 -> 7.9262717 | AC21: =$AC$39*$T21 -> 0.60527893 | AD21: =$AD$39*$T21 -> 2.6156697
A22: Italy | B22: 1820.8867 | C22: 1032.1505 | D22: 674.80435 | E22: 614.43902 | F22: 232.13 | G22: 34.062 | H22: 164.0148 | I22: =SUM(B22:H22) -> 4572.4874 | J22: 421.1 | K22: =B22*$K$39 -> 54626.602 | L22: =C22*$L$39 -> 61929.028 | M22: =D22*$M$39 -> 20244.13 | N22: =E22*$N$39 -> 12288.78 | O22: =F22*$O$39 -> 9285.2 | P22: =G22*$P$39 -> 26568.36 | Q22: =H22*$Q$39 -> 820.074 | R22: =SUM(K22:Q22) -> 185762.18 | S22: =R22/I22 -> 40.626066 | T22: =J22/S22 -> 10.365266 | U22: =$U$39*$T22 -> 83.958658 | V22: =$V$39*$T22 -> 226.99933 | W22: =$W$39*$T22 -> 621.91598 | X22: =$X$39*$T22 -> 310.95799 | Y22: =$Y$39*$T22 -> 207.30533 | Z22: =$Z$39*$T22 -> 414.61066 | AA22: =$AA$39*$T22 -> 8084.9078 | AB22: =$AB$39*$T22 -> 51.826332 | AC22: =$AC$39*$T22 -> 3.9576472 | AD22: =$AD$39*$T22 -> 17.10269
A23: Latvia | B23: 103.77506 | C23: 33.447275 | D23: 16.298149 | E23: 5.9286 | F23: 0.517 | G23: 0.0243852 | H23: 4.71 | I23: =SUM(B23:H23) -> 164.70047 | J23: 39.4 | K23: =B23*$K$39 -> 3113.2518 | L23: =C23*$L$39 -> 2006.8365 | M23: =D23*$M$39 -> 488.94447 | N23: =E23*$N$39 -> 118.572 | O23: =F23*$O$39 -> 20.68 | P23: =G23*$P$39 -> 19.020456 | Q23: =H23*$Q$39 -> 23.55 | R23: =SUM(K23:Q23) -> 5790.8552 | S23: =R23/I23 -> 35.159919 | T23: =J23/S23 -> 1.1205941 | U23: =$U$39*$T23 -> 9.0768126 | V23: =$V$39*$T23 -> 24.541012 | W23: =$W$39*$T23 -> 67.235649 | X23: =$X$39*$T23 -> 33.617824 | Y23: =$Y$39*$T23 -> 22.411883 | Z23: =$Z$39*$T23 -> 44.823766 | AA23: =$AA$39*$T23 -> 874.06344 | AB23: =$AB$39*$T23 -> 5.6029707 | AC23: =$AC$39*$T23 -> 0.42786322 | AD23: =$AD$39*$T23 -> 1.8489803
A24: Lithuania | B24: 223.67621 | C24: 67.14788 | D24: 39.655015 | E24: 4.4866 | F24: 3.428 | G24: 0.042 | H24: 3.294 | I24: =SUM(B24:H24) -> 341.7297 | J24: 48.2 | K24: =B24*$K$39 -> 6710.2863 | L24: =C24*$L$39 -> 4028.8728 | M24: =D24*$M$39 -> 1189.6504 | N24: =E24*$N$39 -> 89.732 | O24: =F24*$O$39 -> 137.12 | P24: =G24*$P$39 -> 32.76 | Q24: =H24*$Q$39 -> 16.47 | R24: =SUM(K24:Q24) -> 12204.892 | S24: =R24/I24 -> 35.715044 | T24: =J24/S24 -> 1.3495713 | U24: =$U$39*$T24 -> 10.931528 | V24: =$V$39*$T24 -> 29.555612 | W24: =$W$39*$T24 -> 80.97428 | X24: =$X$39*$T24 -> 40.48714 | Y24: =$Y$39*$T24 -> 26.991427 | Z24: =$Z$39*$T24 -> 53.982853 | AA24: =$AA$39*$T24 -> 1052.6656 | AB24: =$AB$39*$T24 -> 6.7478567 | AC24: =$AC$39*$T24 -> 0.51529087 | AD24: =$AD$39*$T24 -> 2.2267927
A25: Luxembourg | B25: na | C25: na | D25: na | E25: na | F25: na | G25: na | H25: na | I25: na | J25: na | K25: na | L25: na | M25: na | N25: na | O25: na | P25: na | Q25: na | R25: na | S25: na | T25: na | U25: na | V25: na | W25: na | X25: na | Y25: na | Z25: na | AA25: na | AB25: na | AC25: na | AD25: na
A26: Malta | B26: na | C26: na | D26: na | E26: na | F26: na | G26: na | H26: na | I26: na | J26: na | K26: na | L26: na | M26: na | N26: na | O26: na | P26: na | Q26: na | R26: na | S26: na | T26: na | U26: na | V26: na | W26: na | X26: na | Y26: na | Z26: na | AA26: na | AB26: na | AC26: na | AD26: na
A27: Netherlands | B27: 982.97573 | C27: 1492.9684 | D27: 391.06258 | E27: 109.158 | F27: 7.36 | G27: 2.6208 | H27: 169.2 | I27: =SUM(B27:H27) -> 3155.3455 | J27: 146 | K27: =B27*$K$39 -> 29489.272 | L27: =C27*$L$39 -> 89578.101 | M27: =D27*$M$39 -> 11731.877 | N27: =E27*$N$39 -> 2183.16 | O27: =F27*$O$39 -> 294.4 | P27: =G27*$P$39 -> 2044.224 | Q27: =H27*$Q$39 -> 846 | R27: =SUM(K27:Q27) -> 136167.03 | S27: =R27/I27 -> 43.154398 | T27: =J27/S27 -> 3.3832009 | U27: =$U$39*$T27 -> 27.403928 | V27: =$V$39*$T27 -> 74.0921 | W27: =$W$39*$T27 -> 202.99206 | X27: =$X$39*$T27 -> 101.49603 | Y27: =$Y$39*$T27 -> 67.664019 | Z27: =$Z$39*$T27 -> 135.32804 | AA27: =$AA$39*$T27 -> 2638.8967 | AB27: =$AB$39*$T27 -> 16.916005 | AC27: =$AC$39*$T27 -> 1.2917676 | AD27: =$AD$39*$T27 -> 5.5822815
A28: Norway | B28: 221.56949 | C28: 125.10067 | D28: 62.374 | E28: 93.63918 | F28: 1019.711 | G28: 0 | H28: 50 | I28: =SUM(B28:H28) -> 1572.3944 | J28: 3.9 | K28: =B28*$K$39 -> 6647.0848 | L28: =C28*$L$39 -> 7506.0405 | M28: =D28*$M$39 -> 1871.22 | N28: =E28*$N$39 -> 1872.7836 | O28: =F28*$O$39 -> 40788.44 | P28: =G28*$P$39 -> 0 | Q28: =H28*$Q$39 -> 250 | R28: =SUM(K28:Q28) -> 58935.569 | S28: =R28/I28 -> 37.481417 | T28: =J28/S28 -> 0.10405156 | U28: =$U$39*$T28 -> 0.84281765 | V28: =$V$39*$T28 -> 2.2787292 | W28: =$W$39*$T28 -> 6.2430937 | X28: =$X$39*$T28 -> 3.1215468 | Y28: =$Y$39*$T28 -> 2.0810312 | Z28: =$Z$39*$T28 -> 4.1620625 | AA28: =$AA$39*$T28 -> 81.160218 | AB28: =$AB$39*$T28 -> 0.52025781 | AC28: =$AC$39*$T28 -> 0.039728778 | AD28: =$AD$39*$T28 -> 0.17168508
A29: Poland | B29: na | C29: na | D29: na | E29: na | F29: na | G29: na | H29: na | I29: na | J29: na | K29: na | L29: na | M29: na | N29: na | O29: na | P29: na | Q29: na | R29: na | S29: na | T29: na | U29: na | V29: na | W29: na | X29: na | Y29: na | Z29: na | AA29: na | AB29: na | AC29: na | AD29: na
A30: Portugal | B30: 237.72894 | C30: 348.62156 | D30: 204.7199 | E30: 190.35832 | F30: 7.979 | G30: 8.4413574 | H30: 38.8 | I30: =SUM(B30:H30) -> 1036.6491 | J30: 175.1 | K30: =B30*$K$39 -> 7131.8682 | L30: =C30*$L$39 -> 20917.293 | M30: =D30*$M$39 -> 6141.5971 | N30: =E30*$N$39 -> 3807.1664 | O30: =F30*$O$39 -> 319.16 | P30: =G30*$P$39 -> 6584.2588 | Q30: =H30*$Q$39 -> 194 | R30: =SUM(K30:Q30) -> 45095.344 | S30: =R30/I30 -> 43.50107 | T30: =J30/S30 -> 4.0251884 | U30: =$U$39*$T30 -> 32.604026 | V30: =$V$39*$T30 -> 88.151625 | W30: =$W$39*$T30 -> 241.5113 | X30: =$X$39*$T30 -> 120.75565 | Y30: =$Y$39*$T30 -> 80.503767 | Z30: =$Z$39*$T30 -> 161.00753 | AA30: =$AA$39*$T30 -> 3139.6469 | AB30: =$AB$39*$T30 -> 20.125942 | AC30: =$AC$39*$T30 -> 1.5368901 | AD30: =$AD$39*$T30 -> 6.6415608
A31: Romania | B31: na | C31: na | D31: na | E31: na | F31: na | G31: na | H31: na | I31: na | J31: na | K31: na | L31: na | M31: na | N31: na | O31: na | P31: na | Q31: na | R31: na | S31: na | T31: na | U31: na | V31: na | W31: na | X31: na | Y31: na | Z31: na | AA31: na | AB31: na | AC31: na | AD31: na
A32: Slovakia | B32: na | C32: na | D32: na | E32: na | F32: na | G32: na | H32: na | I32: na | J32: na | K32: na | L32: na | M32: na | N32: na | O32: na | P32: na | Q32: na | R32: na | S32: na | T32: na | U32: na | V32: na | W32: na | X32: na | Y32: na | Z32: na | AA32: na | AB32: na | AC32: na | AD32: na
A33: Slovenia | B33: 100.14521 | C33: 26.457355 | D33: 33.517241 | E33: 9.94866 | F33: 0.778 | G33: 0.02478 | H33: 8.92 | I33: =SUM(B33:H33) -> 179.79124 | J33: 46.8 | K33: =B33*$K$39 -> 3004.3562 | L33: =C33*$L$39 -> 1587.4413 | M33: =D33*$M$39 -> 1005.5172 | N33: =E33*$N$39 -> 198.9732 | O33: =F33*$O$39 -> 31.12 | P33: =G33*$P$39 -> 19.3284 | Q33: =H33*$Q$39 -> 44.6 | R33: =SUM(K33:Q33) -> 5891.3363 | S33: =R33/I33 -> 32.767649 | T33: =J33/S33 -> 1.428238 | U33: =$U$39*$T33 -> 11.568727 | V33: =$V$39*$T33 -> 31.278411 | W33: =$W$39*$T33 -> 85.694277 | X33: =$X$39*$T33 -> 42.847139 | Y33: =$Y$39*$T33 -> 28.564759 | Z33: =$Z$39*$T33 -> 57.129518 | AA33: =$AA$39*$T33 -> 1114.0256 | AB33: =$AB$39*$T33 -> 7.1411898 | AC33: =$AC$39*$T33 -> 0.54532722 | AD33: =$AD$39*$T33 -> 2.3565926
A34: Spain | B34: 925.64427 | C34: 3332.8806 | D34: 703.34684 | E34: 1651.007 | F34: 268.565 | G34: 73.686608 | H34: 0 | I34: =SUM(B34:H34) -> 6955.1303 | J34: 259.5 | K34: =B34*$K$39 -> 27769.328 | L34: =C34*$L$39 -> 199972.84 | M34: =D34*$M$39 -> 21100.405 | N34: =E34*$N$39 -> 33020.14 | O34: =F34*$O$39 -> 10742.6 | P34: =G34*$P$39 -> 57475.554 | Q34: =H34*$Q$39 -> 0 | R34: =SUM(K34:Q34) -> 350080.86 | S34: =R34/I34 -> 50.334192 | T34: =J34/S34 -> 5.1555412 | U34: =$U$39*$T34 -> 41.759884 | V34: =$V$39*$T34 -> 112.90635 | W34: =$W$39*$T34 -> 309.33247 | X34: =$X$39*$T34 -> 154.66624 | Y34: =$Y$39*$T34 -> 103.11082 | Z34: =$Z$39*$T34 -> 206.22165 | AA34: =$AA$39*$T34 -> 4021.3221 | AB34: =$AB$39*$T34 -> 25.777706 | AC34: =$AC$39*$T34 -> 1.9684794 | AD34: =$AD$39*$T34 -> 8.506643
A35: Sweden | B35: 320.10679 | C35: 230.03315 | D35: 81.726157 | E35: 47.47 | F35: 7.851 | G35: 0 | H35: 145.08 | I35: =SUM(B35:H35) -> 832.2671 | J35: 14.7 | K35: =B35*$K$39 -> 9603.2036 | L35: =C35*$L$39 -> 13801.989 | M35: =D35*$M$39 -> 2451.7847 | N35: =E35*$N$39 -> 949.4 | O35: =F35*$O$39 -> 314.04 | P35: =G35*$P$39 -> 0 | Q35: =H35*$Q$39 -> 725.4 | R35: =SUM(K35:Q35) -> 27845.818 | S35: =R35/I35 -> 33.45779 | T35: =J35/S35 -> 0.43935957 | U35: =$U$39*$T35 -> 3.5588125 | V35: =$V$39*$T35 -> 9.6219745 | W35: =$W$39*$T35 -> 26.361574 | X35: =$X$39*$T35 -> 13.180787 | Y35: =$Y$39*$T35 -> 8.7871913 | Z35: =$Z$39*$T35 -> 17.574383 | AA35: =$AA$39*$T35 -> 342.70046 | AB35: =$AB$39*$T35 -> 2.1967978 | AC35: =$AC$39*$T35 -> 0.16775547 | AD35: =$AD$39*$T35 -> 0.72494328
A36: Switzerland | B36: na | C36: na | D36: na | E36: na | F36: na | G36: na | H36: na | I36: na | J36: na | K36: na | L36: na | M36: na | N36: na | O36: na | P36: na | Q36: na | R36: na | S36: na | T36: na | U36: na | V36: na | W36: na | X36: na | Y36: na | Z36: na | AA36: na | AB36: na | AC36: na | AD36: na
A37: United Kingdom | B37: 1750.2787 | C37: 623.27045 | D37: 1008.8719 | E37: 2615.2822 | F37: 196.28 | G37: 0 | H37: 520 | I37: =SUM(B37:H37) -> 6713.9832 | J37: 67.8 | K37: =B37*$K$39 -> 52508.36 | L37: =C37*$L$39 -> 37396.227 | M37: =D37*$M$39 -> 30266.156 | N37: =E37*$N$39 -> 52305.644 | O37: =F37*$O$39 -> 7851.2 | P37: =G37*$P$39 -> 0 | Q37: =H37*$Q$39 -> 2600 | R37: =SUM(K37:Q37) -> 182927.59 | S37: =R37/I37 -> 27.245762 | T37: =J37/S37 -> 2.4884604 | U37: =$U$39*$T37 -> 20.156529 | V37: =$V$39*$T37 -> 54.497283 | W37: =$W$39*$T37 -> 149.30763 | X37: =$X$39*$T37 -> 74.653813 | Y37: =$Y$39*$T37 -> 49.769208 | Z37: =$Z$39*$T37 -> 99.538417 | AA37: =$AA$39*$T37 -> 1940.9991 | AB37: =$AB$39*$T37 -> 12.442302 | AC37: =$AC$39*$T37 -> 0.95013943 | AD37: =$AD$39*$T37 -> 4.1059597
A39: Standard, mg per kg | K39: ='Standard values'!B5 -> 30 | L39: ='Standard values'!D5 -> 60 | M39: ='Standard values'!E5 -> 30 | N39: ='Standard values'!F5 -> 20 | O39: ='Standard values'!G5 -> 40 | P39: ='Standard values'!H5 -> 780 | Q39: ='Standard values'!I5 -> 5 | U39: ='Standard values'!B6 -> 8.1 | V39: ='Standard values'!C6 -> 21.9 | W39: ='Standard values'!D6 -> 60 | X39: ='Standard values'!E6 -> 30 | Y39: ='Standard values'!F6 -> 20 | Z39: ='Standard values'!G6 -> 40 | AA39: ='Standard values'!H6 -> 780 | AB39: ='Standard values'!I6 -> 5 | ... AD39: ='Standard values'!K6 -> 1.65

Sheet 2011
A2: Use of antibiotics index 2011
A4: Actual use | B4: https://esvacbi.ema.europa.eu/analytics/saw.dll?Dashboard | K4: Expected use | U4: Antibiotic use index
A5: PCU tonne
A6: Country | B6: Cattle | C6: Pigs | D6: Poultry | E6: Sheep and goats | F6: Fish | G6: Rabbits | H6: Horses | I6: Total PCU (tonnes) | J6: mg/PCU | K6: Cattle | L6: Pigs | M6: Poultry | N6: Sheep and goats | O6: Fish | P6: Rabbits | Q6: Horses | R6: Total | S6: mg/PCU | T6: Actual use/ expected use | U6: Beef cattle | V6: Dairy cows | W6: Pigs | X6: Broiler | Y6: Sheep and goat | Z6: Fish | AA6: Rabbits | AB6: Horses | AC6: Egg | AD6: Milk
A7: Austria | B7: 439.59816 | C7: 392.44685 | D7: 80.204064 | E7: 34.98008 | F7: 0 | G7: 0 | H7: 29.2808 | I7: =SUM(B7:H7) -> 976.50995 | J7: 54.4 | K7: =B7*$K$40 -> 13187.945 | L7: =C7*$L$40 -> 23546.811 | M7: =D7*$M$40 -> 2406.1219 | N7: =E7*$N$40 -> 699.6016 | O7: =F7*$O$40 -> 0 | P7: =G7*$P$40 -> 0 | Q7: =H7*$Q$40 -> 146.404 | R7: =SUM(K7:Q7) -> 39986.883 | S7: =R7/I7 -> 40.948772 | T7: =J7/S7 -> 1.3284892 | U7: =$U$40*$T7 -> 10.760762 | V7: =$V$40*$T7 -> 29.093913 | W7: =$W$40*$T7 -> 79.70935 | X7: =$X$40*$T7 -> 39.854675 | Y7: =$Y$40*$T7 -> 26.569783 | Z7: =$Z$40*$T7 -> 53.139567 | AA7: =$AA$40*$T7 -> 1036.2216 | AB7: =$AB$40*$T7 -> 6.6424458 | AC7: =$AC$40*$T7 -> 0.50724132 | AD7: =$AD$40*$T7 -> 2.1920071
A8: Belgium | B8: 491.11774 | C8: 930.88077 | D8: 159.42369 | E8: 16.51302 | F8: 0.576 | G8: 4.077213 | H8: 92.7488 | I8: =SUM(B8:H8) -> 1695.3372 | J8: 175.1 | K8: =B8*$K$40 -> 14733.532 | L8: =C8*$L$40 -> 55852.846 | M8: =D8*$M$40 -> 4782.7107 | N8: =E8*$N$40 -> 330.2604 | O8: =F8*$O$40 -> 23.04 | P8: =G8*$P$40 -> 3180.2261 | Q8: =H8*$Q$40 -> 463.744 | R8: =SUM(K8:Q8) -> 79366.36 | S8: =R8/I8 -> 46.814497 | T8: =J8/S8 -> 3.7402944 | U8: =$U$40*$T8 -> 30.296385 | V8: =$V$40*$T8 -> 81.912447 | W8: =$W$40*$T8 -> 224.41766 | X8: =$X$40*$T8 -> 112.20883 | Y8: =$Y$40*$T8 -> 74.805888 | Z8: =$Z$40*$T8 -> 149.61178 | AA8: =$AA$40*$T8 -> 2917.4296 | AB8: =$AB$40*$T8 -> 18.701472 | AC8: =$AC$40*$T8 -> 1.4281124 | AD8: =$AD$40*$T8 -> 6.1714857
A9: Bulgaria | B9: 137.45612 | C9: 61.86941 | D9: 44.408234 | E9: 93.63994 | F9: 5.504 | G9: 0 | H9: 55.7084 | I9: =SUM(B9:H9) -> 398.58611 | J9: 92.6 | K9: =B9*$K$40 -> 4123.6837 | L9: =C9*$L$40 -> 3712.1646 | M9: =D9*$M$40 -> 1332.247 | N9: =E9*$N$40 -> 1872.7988 | O9: =F9*$O$40 -> 220.16 | P9: =G9*$P$40 -> 0 | Q9: =H9*$Q$40 -> 278.542 | R9: =SUM(K9:Q9) -> 11539.596 | S9: =R9/I9 -> 28.951325 | T9: =J9/S9 -> 3.1984719 | U9: =$U$40*$T9 -> 25.907622 | V9: =$V$40*$T9 -> 70.046534 | W9: =$W$40*$T9 -> 191.90831 | X9: =$X$40*$T9 -> 95.954156 | Y9: =$Y$40*$T9 -> 63.969437 | Z9: =$Z$40*$T9 -> 127.93887 | AA9: =$AA$40*$T9 -> 2494.8081 | AB9: =$AB$40*$T9 -> 15.992359 | AC9: =$AC$40*$T9 -> 1.2212347 | AD9: =$AD$40*$T9 -> 5.2774786
A10: Croatia | B10: na | C10: na | D10: na | E10: na | F10: na | G10: na | H10: na | I10: na | J10: na | K10: na | L10: na | M10: na | N10: na | O10: na | P10: na | Q10: na | R10: na | S10: na | T10: na | U10: na | V10: na | W10: na | X10: na | Y10: na | Z10: na | AA10: na | AB10: na | AC10: na | AD10: na
A11: Cyprus | B11: 17.984375 | C11: 55.842525 | D11: 13.79693 | E11: 60.23882 | F11: 5.014 | G11: 0.178962 | H11: 2.6616 | I11: =SUM(B11:H11) -> 155.71721 | J11: 332.3 | K11: =B11*$K$40 -> 539.53125 | L11: =C11*$L$40 -> 3350.5515 | M11: =D11*$M$40 -> 413.9079 | N11: =E11*$N$40 -> 1204.7764 | O11: =F11*$O$40 -> 200.56 | P11: =G11*$P$40 -> 139.59036 | Q11: =H11*$Q$40 -> 13.308 | R11: =SUM(K11:Q11) -> 5862.2254 | S11: =R11/I11 -> 37.646612 | T11: =J11/S11 -> 8.8268236 | U11: =$U$40*$T11 -> 71.497271 | V11: =$V$40*$T11 -> 193.30744 | W11: =$W$40*$T11 -> 529.60942 | X11: =$X$40*$T11 -> 264.80471 | Y11: =$Y$40*$T11 -> 176.53647 | Z11: =$Z$40*$T11 -> 353.07294 | AA11: =$AA$40*$T11 -> 6884.9224 | AB11: =$AB$40*$T11 -> 44.134118 | AC11: =$AC$40*$T11 -> 3.3702417 | AD11: =$AD$40*$T11 -> 14.564259
A12: Czech Republic | B12: 293.10895 | C12: 222.2604 | D12: 139.48458 | E12: 16.1533 | F12: 21.009 | G12: 9.597 | H12: 30.546 | I12: =SUM(B12:H12) -> 732.15923 | J12: 83 | K12: =B12*$K$40 -> 8793.2684 | L12: =C12*$L$40 -> 13335.624 | M12: =D12*$M$40 -> 4184.5375 | N12: =E12*$N$40 -> 323.066 | O12: =F12*$O$40 -> 840.36 | P12: =G12*$P$40 -> 7485.66 | Q12: =H12*$Q$40 -> 152.73 | R12: =SUM(K12:Q12) -> 35115.246 | S12: =R12/I12 -> 47.961215 | T12: =J12/S12 -> 1.730565 | U12: =$U$40*$T12 -> 14.017577 | V12: =$V$40*$T12 -> 37.899374 | W12: =$W$40*$T12 -> 103.8339 | X12: =$X$40*$T12 -> 51.91695 | Y12: =$Y$40*$T12 -> 34.6113 | Z12: =$Z$40*$T12 -> 69.222601 | AA12: =$AA$40*$T12 -> 1349.8407 | AB12: =$AB$40*$T12 -> 8.6528251 | AC12: =$AC$40*$T12 -> 0.66076119 | AD12: =$AD$40*$T12 -> 2.8554323
A13: Denmark | B13: 402.40635 | C13: 1835.8244 | D13: 120.4885 | E13: 13.055525 | F13: 34.9 | G13: 0 | H13: 72 | I13: =SUM(B13:H13) -> 2478.6748 | J13: 42.1 | K13: =B13*$K$40 -> 12072.19 | L13: =C13*$L$40 -> 110149.47 | M13: =D13*$M$40 -> 3614.6551 | N13: =E13*$N$40 -> 261.1105 | O13: =F13*$O$40 -> 1396 | P13: =G13*$P$40 -> 0 | Q13: =H13*$Q$40 -> 360 | R13: =SUM(K13:Q13) -> 127853.42 | S13: =R13/I13 -> 51.581362 | T13: =J13/S13 -> 0.81618628 | U13: =$U$40*$T13 -> 6.6111089 | V13: =$V$40*$T13 -> 17.87448 | W13: =$W$40*$T13 -> 48.971177 | X13: =$X$40*$T13 -> 24.485589 | Y13: =$Y$40*$T13 -> 16.323726 | Z13: =$Z$40*$T13 -> 32.647451 | AA13: =$AA$40*$T13 -> 636.6253 | AB13: =$AB$40*$T13 -> 4.0809314 | AC13: =$AC$40*$T13 -> 0.31163476 | AD13: =$AD$40*$T13 -> 1.3467074
A14: Estonia | B14: 60.851755 | C14: 34.1163 | D14: 2.107912 | E14: 4.81992 | F14: 0.42 | G14: 0 | H14: 4.04 | I14: =SUM(B14:H14) -> 106.35589 | J14: 70.5 | K14: =B14*$K$40 -> 1825.5526 | L14: =C14*$L$40 -> 2046.978 | M14: =D14*$M$40 -> 63.23736 | N14: =E14*$N$40 -> 96.3984 | O14: =F14*$O$40 -> 16.8 | P14: =G14*$P$40 -> 0 | Q14: =H14*$Q$40 -> 20.2 | R14: =SUM(K14:Q14) -> 4069.1664 | S14: =R14/I14 -> 38.259908 | T14: =J14/S14 -> 1.84266 | U14: =$U$40*$T14 -> 14.925546 | V14: =$V$40*$T14 -> 40.354253 | W14: =$W$40*$T14 -> 110.5596 | X14: =$X$40*$T14 -> 55.279799 | Y14: =$Y$40*$T14 -> 36.853199 | Z14: =$Z$40*$T14 -> 73.706399 | AA14: =$AA$40*$T14 -> 1437.2748 | AB14: =$AB$40*$T14 -> 9.2132998 | AC14: =$AC$40*$T14 -> 0.70356108 | AD14: =$AD$40*$T14 -> 3.0403889
A15: Finland | B15: 224.39443 | C15: 181.63017 | D15: 61.818425 | E15: 10.66308 | F15: 11.275 | G15: 0 | H15: 30.2 | I15: =SUM(B15:H15) -> 519.9811 | J15: 21.3 | K15: =B15*$K$40 -> 6731.8329 | L15: =C15*$L$40 -> 10897.81 | M15: =D15*$M$40 -> 1854.5527 | N15: =E15*$N$40 -> 213.2616 | O15: =F15*$O$40 -> 451 | P15: =G15*$P$40 -> 0 | Q15: =H15*$Q$40 -> 151 | R15: =SUM(K15:Q15) -> 20299.457 | S15: =R15/I15 -> 39.038837 | T15: =J15/S15 -> 0.54561052 | U15: =$U$40*$T15 -> 4.4194452 | V15: =$V$40*$T15 -> 11.94887 | W15: =$W$40*$T15 -> 32.736631 | X15: =$X$40*$T15 -> 16.368316 | Y15: =$Y$40*$T15 -> 10.91221 | Z15: =$Z$40*$T15 -> 21.824421 | AA15: =$AA$40*$T15 -> 425.57621 | AB15: =$AB$40*$T15 -> 2.7280526 | AC15: =$AC$40*$T15 -> 0.20832402 | AD15: =$AD$40*$T15 -> 0.90025736
A16: France | B16: 3376.1277 | C16: 1901.9279 | D16: 1218.9662 | E16: 687.50356 | F16: 234 | G16: 54.5202 | H16: 311.8012 | I16: =SUM(B16:H16) -> 7784.8467 | J16: 114.3 | K16: =B16*$K$40 -> 101283.83 | L16: =C16*$L$40 -> 114115.67 | M16: =D16*$M$40 -> 36568.985 | N16: =E16*$N$40 -> 13750.071 | O16: =F16*$O$40 -> 9360 | P16: =G16*$P$40 -> 42525.756 | Q16: =H16*$Q$40 -> 1559.006 | R16: =SUM(K16:Q16) -> 319163.32 | S16: =R16/I16 -> 40.998023 | T16: =J16/S16 -> 2.7879393 | U16: =$U$40*$T16 -> 22.582309 | V16: =$V$40*$T16 -> 61.055871 | W16: =$W$40*$T16 -> 167.27636 | X16: =$X$40*$T16 -> 83.63818 | Y16: =$Y$40*$T16 -> 55.758787 | Z16: =$Z$40*$T16 -> 111.51757 | AA16: =$AA$40*$T16 -> 2174.5927 | AB16: =$AB$40*$T16 -> 13.939697 | AC16: =$AC$40*$T16 -> 1.0644859 | AD16: =$AD$40*$T16 -> 4.6000999
A17: Germany | B17: 3169.2478 | C17: 4032.9262 | D17: 1045.333 | E17: 146.24738 | F17: 20.83 | G17: 0.3598 | H17: 184.7116 | I17: =SUM(B17:H17) -> 8599.6557 | J17: 211.5 | K17: =B17*$K$40 -> 95077.433 | L17: =C17*$L$40 -> 241975.57 | M17: =D17*$M$40 -> 31359.989 | N17: =E17*$N$40 -> 2924.9476 | O17: =F17*$O$40 -> 833.2 | P17: =G17*$P$40 -> 280.644 | Q17: =H17*$Q$40 -> 923.558 | R17: =SUM(K17:Q17) -> 373375.34 | S17: =R17/I17 -> 43.417476 | T17: =J17/S17 -> 4.8713104 | U17: =$U$40*$T17 -> 39.457614 | V17: =$V$40*$T17 -> 106.6817 | W17: =$W$40*$T17 -> 292.27862 | X17: =$X$40*$T17 -> 146.13931 | Y17: =$Y$40*$T17 -> 97.426207 | Z17: =$Z$40*$T17 -> 194.85241 | AA17: =$AA$40*$T17 -> 3799.6221 | AB17: =$AB$40*$T17 -> 24.356552 | AC17: =$AC$40*$T17 -> 1.8599549 | AD17: =$AD$40*$T17 -> 8.0376621
A18: Greece | B18: na | C18: na | D18: na | E18: na | F18: na | G18: na | H18: na | I18: na | J18: na | K18: na | L18: na | M18: na | N18: na | O18: na | P18: na | Q18: na | R18: na | S18: na | T18: na | U18: na | V18: na | W18: na | X18: na | Y18: na | Z18: na | AA18: na | AB18: na | AC18: na | AD18: na
A19: Hungary | B19: 142.09475 | C19: 314.25459 | D19: 169.93186 | E19: 89.24334 | F19: 20.25 | G19: 1.1564 | H19: 29.6 | I19: =SUM(B19:H19) -> 766.53094 | J19: 192.5 | K19: =B19*$K$40 -> 4262.8425 | L19: =C19*$L$40 -> 18855.275 | M19: =D19*$M$40 -> 5097.9559 | N19: =E19*$N$40 -> 1784.8668 | O19: =F19*$O$40 -> 810 | P19: =G19*$P$40 -> 901.992 | Q19: =H19*$Q$40 -> 148 | R19: =SUM(K19:Q19) -> 31860.932 | S19: =R19/I19 -> 41.565096 | T19: =J19/S19 -> 4.6312896 | U19: =$U$40*$T19 -> 37.513446 | V19: =$V$40*$T19 -> 101.42524 | W19: =$W$40*$T19 -> 277.87738 | X19: =$X$40*$T19 -> 138.93869 | Y19: =$Y$40*$T19 -> 92.625793 | Z19: =$Z$40*$T19 -> 185.25159 | AA19: =$AA$40*$T19 -> 3612.4059 | AB19: =$AB$40*$T19 -> 23.156448 | AC19: =$AC$40*$T19 -> 1.7683106 | AD19: =$AD$40*$T19 -> 7.6416279
A20: Iceland | B20: 18.954035 | C20: 5.78006 | D20: 4.8897045 | E20: 47.305325 | F20: 5.309 | G20: 0 | H20: 31.3108 | I20: =SUM(B20:H20) -> 113.54892 | J20: 6 | K20: =B20*$K$40 -> 568.62105 | L20: =C20*$L$40 -> 346.8036 | M20: =D20*$M$40 -> 146.69114 | N20: =E20*$N$40 -> 946.1065 | O20: =F20*$O$40 -> 212.36 | P20: =G20*$P$40 -> 0 | Q20: =H20*$Q$40 -> 156.554 | R20: =SUM(K20:Q20) -> 2377.1363 | S20: =R20/I20 -> 20.934908 | T20: =J20/S20 -> 0.28660265 | U20: =$U$40*$T20 -> 2.3214814 | V20: =$V$40*$T20 -> 6.2765979 | W20: =$W$40*$T20 -> 17.196159 | X20: =$X$40*$T20 -> 8.5980794 | Y20: =$Y$40*$T20 -> 5.7320529 | Z20: =$Z$40*$T20 -> 11.464106 | AA20: =$AA$40*$T20 -> 223.55006 | AB20: =$AB$40*$T20 -> 1.4330132 | AC20: =$AC$40*$T20 -> 0.1094301 | AD20: =$AD$40*$T20 -> 0.47289436
A21: Ireland | B21: 1050.0358 | C21: 264.93223 | D21: 79.472362 | E21: 288.54328 | F21: 44.289 | G21: 0 | H21: 42.4 | I21: =SUM(B21:H21) -> 1769.6726 | J21: 46.4 | K21: =B21*$K$40 -> 31501.073 | L21: =C21*$L$40 -> 15895.934 | M21: =D21*$M$40 -> 2384.1709 | N21: =E21*$N$40 -> 5770.8656 | O21: =F21*$O$40 -> 1771.56 | P21: =G21*$P$40 -> 0 | Q21: =H21*$Q$40 -> 212 | R21: =SUM(K21:Q21) -> 57535.603 | S21: =R21/I21 -> 32.512004 | T21: =J21/S21 -> 1.4271652 | U21: =$U$40*$T21 -> 11.560038 | V21: =$V$40*$T21 -> 31.254918 | W21: =$W$40*$T21 -> 85.629912 | X21: =$X$40*$T21 -> 42.814956 | Y21: =$Y$40*$T21 -> 28.543304 | Z21: =$Z$40*$T21 -> 57.086608 | AA21: =$AA$40*$T21 -> 1113.1889 | AB21: =$AB$40*$T21 -> 7.135826 | AC21: =$AC$40*$T21 -> 0.54491762 | AD21: =$AD$40*$T21 -> 2.3548226
A22: Italy | B22: 1700.8071 | C22: 988.69559 | D22: 694.82065 | E22: 680.48156 | F22: 203.81 | G22: 33.0246 | H22: 195.0848 | I22: =SUM(B22:H22) -> 4496.7242 | J22: 371 | K22: =B22*$K$40 -> 51024.212 | L22: =C22*$L$40 -> 59321.735 | M22: =D22*$M$40 -> 20844.619 | N22: =E22*$N$40 -> 13609.631 | O22: =F22*$O$40 -> 8152.4 | P22: =G22*$P$40 -> 25759.188 | Q22: =H22*$Q$40 -> 975.424 | R22: =SUM(K22:Q22) -> 179687.21 | S22: =R22/I22 -> 39.959579 | T22: =J22/S22 -> 9.284382 | U22: =$U$40*$T22 -> 75.203494 | V22: =$V$40*$T22 -> 203.32797 | W22: =$W$40*$T22 -> 557.06292 | X22: =$X$40*$T22 -> 278.53146 | Y22: =$Y$40*$T22 -> 185.68764 | Z22: =$Z$40*$T22 -> 371.37528 | AA22: =$AA$40*$T22 -> 7241.818 | AB22: =$AB$40*$T22 -> 46.42191 | AC22: =$AC$40*$T22 -> 3.5449459 | AD22: =$AD$40*$T22 -> 15.31923
A24: Latvia | B24: 110.81131 | C24: 33.32429 | D24: 14.741691 | E24: 6.47888 | F24: 0.546 | G24: 0.0023534 | H24: 4.8156 | I24: =SUM(B24:H24) -> 170.72013 | J24: 36.7 | K24: =B24*$K$40 -> 3324.3394 | L24: =C24*$L$40 -> 1999.4574 | M24: =D24*$M$40 -> 442.25073 | N24: =E24*$N$40 -> 129.5776 | O24: =F24*$O$40 -> 21.84 | P24: =G24*$P$40 -> 1.835652 | Q24: =H24*$Q$40 -> 24.078 | R24: =SUM(K24:Q24) -> 5943.3788 | S24: =R24/I24 -> 34.81358 | T24: =J24/S24 -> 1.0541863 | U24: =$U$40*$T24 -> 8.5389093 | V24: =$V$40*$T24 -> 23.086681 | W24: =$W$40*$T24 -> 63.25118 | X24: =$X$40*$T24 -> 31.62559 | Y24: =$Y$40*$T24 -> 21.083727 | Z24: =$Z$40*$T24 -> 42.167453 | AA24: =$AA$40*$T24 -> 822.26534 | AB24: =$AB$40*$T24 -> 5.2709317 | AC24: =$AC$40*$T24 -> 0.40250751 | AD24: =$AD$40*$T24 -> 1.7394075
A25: Lithuania | B25: 212.75782 | C25: 69.583485 | D25: 40.581815 | E25: 4.60766 | F25: 3.273 | G25: 0.042 | H25: 5.6764 | I25: =SUM(B25:H25) -> 336.52218 | J25: 41.1 | K25: =B25*$K$40 -> 6382.7346 | L25: =C25*$L$40 -> 4175.0091 | M25: =D25*$M$40 -> 1217.4545 | N25: =E25*$N$40 -> 92.1532 | O25: =F25*$O$40 -> 130.92 | P25: =G25*$P$40 -> 32.76 | Q25: =H25*$Q$40 -> 28.382 | R25: =SUM(K25:Q25) -> 12059.413 | S25: =R25/I25 -> 35.835419 | T25: =J25/S25 -> 1.14691 | U25: =$U$40*$T25 -> 9.2899709 | V25: =$V$40*$T25 -> 25.117329 | W25: =$W$40*$T25 -> 68.814599 | X25: =$X$40*$T25 -> 34.4073 | Y25: =$Y$40*$T25 -> 22.9382 | Z25: =$Z$40*$T25 -> 45.876399 | AA25: =$AA$40*$T25 -> 894.58979 | AB25: =$AB$40*$T25 -> 5.7345499 | AC25: =$AC$40*$T25 -> 0.43791109 | AD25: =$AD$40*$T25 -> 1.8924015
A26: Luxembourg | B26: na | C26: na | D26: na | E26: na | F26: na | G26: na | H26: na | I26: na | J26: na | K26: na | L26: na | M26: na | N26: na | O26: na | P26: na | Q26: na | R26: na | S26: na | T26: na | U26: na | V26: na | W26: na | X26: na | Y26: na | Z26: na | AA26: na | AB26: na | AC26: na | AD26: na
A27: Malta | B27: na | C27: na | D27: na | E27: na | F27: na | G27: na | H27: na | I27: na | J27: na | K27: na | L27: na | M27: na | N27: na | O27: na | P27: na | Q27: na | R27: na | S27: na | T27: na | U27: na | V27: na | W27: na | X27: na | Y27: na | Z27: na | AA27: na | AB27: na | AC27: na | AD27: na
A28: Netherlands | B28: 973.71164 | C28: 1508.4118 | D28: 386.85527 | E28: 101.4038 | F28: 43.72 | G28: 2.6208 | H28: 169.2 | I28: =SUM(B28:H28) -> 3185.9233 | J28: 113.7 | K28: =B28*$K$40 -> 29211.349 | L28: =C28*$L$40 -> 90504.708 | M28: =D28*$M$40 -> 11605.658 | N28: =E28*$N$40 -> 2028.076 | O28: =F28*$O$40 -> 1748.8 | P28: =G28*$P$40 -> 2044.224 | Q28: =H28*$Q$40 -> 846 | R28: =SUM(K28:Q28) -> 137988.82 | S28: =R28/I28 -> 43.312033 | T28: =J28/S28 -> 2.6251365 | U28: =$U$40*$T28 -> 21.263606 | V28: =$V$40*$T28 -> 57.49049 | W28: =$W$40*$T28 -> 157.50819 | X28: =$X$40*$T28 -> 78.754096 | Y28: =$Y$40*$T28 -> 52.502731 | Z28: =$Z$40*$T28 -> 105.00546 | AA28: =$AA$40*$T28 -> 2047.6065 | AB28: =$AB$40*$T28 -> 13.125683 | AC28: =$AC$40*$T28 -> 1.0023249 | AD28: =$AD$40*$T28 -> 4.3314753
A29: Norway | B29: 227.51147 | C29: 126.48148 | D29: 63.725881 | E29: 102.49929 | F29: 1145.053 | G29: 0 | H29: 50 | I29: =SUM(B29:H29) -> 1715.2711 | J29: 3.5 | K29: =B29*$K$40 -> 6825.3443 | L29: =C29*$L$40 -> 7588.8888 | M29: =D29*$M$40 -> 1911.7764 | N29: =E29*$N$40 -> 2049.9857 | O29: =F29*$O$40 -> 45802.12 | P29: =G29*$P$40 -> 0 | Q29: =H29*$Q$40 -> 250 | R29: =SUM(K29:Q29) -> 64428.115 | S29: =R29/I29 -> 37.561476 | T29: =J29/S29 -> 0.093180577 | U29: =$U$40*$T29 -> 0.75476267 | V29: =$V$40*$T29 -> 2.0406546 | W29: =$W$40*$T29 -> 5.5908346 | X29: =$X$40*$T29 -> 2.7954173 | Y29: =$Y$40*$T29 -> 1.8636115 | Z29: =$Z$40*$T29 -> 3.7272231 | AA29: =$AA$40*$T29 -> 72.68085 | AB29: =$AB$40*$T29 -> 0.46590288 | AC29: =$AC$40*$T29 -> 0.035578038 | AD29: =$AD$40*$T29 -> 0.15374795
A30: Poland | B30: 1610.4309 | C30: 1550.5423 | D30: 739.15913 | E30: 17.86902 | F30: 34.24577 | G30: 0 | H30: 10.568 | I30: =SUM(B30:H30) -> 3962.8151 | J30: 126.3 | K30: =B30*$K$40 -> 48312.926 | L30: =C30*$L$40 -> 93032.537 | M30: =D30*$M$40 -> 22174.774 | N30: =E30*$N$40 -> 357.3804 | O30: =F30*$O$40 -> 1369.8308 | P30: =G30*$P$40 -> 0 | Q30: =H30*$Q$40 -> 52.84 | R30: =SUM(K30:Q30) -> 165300.29 | S30: =R30/I30 -> 41.712844 | T30: =J30/S30 -> 3.0278444 | U30: =$U$40*$T30 -> 24.525539 | V30: =$V$40*$T30 -> 66.309791 | W30: =$W$40*$T30 -> 181.67066 | X30: =$X$40*$T30 -> 90.835331 | Y30: =$Y$40*$T30 -> 60.556887 | Z30: =$Z$40*$T30 -> 121.11377 | AA30: =$AA$40*$T30 -> 2361.7186 | AB30: =$AB$40*$T30 -> 15.139222 | AC30: =$AC$40*$T30 -> 1.156086 | AD30: =$AD$40*$T30 -> 4.9959432
A31: Portugal | B31: 238.71105 | C31: 347.84921 | D31: 205.74179 | E31: 185.23904 | F31: 9.167 | G31: 7.5822894 | H31: 38.8 | I31: =SUM(B31:H31) -> 1033.0904 | J31: 159.2 | K31: =B31*$K$40 -> 7161.3314 | L31: =C31*$L$40 -> 20870.953 | M31: =D31*$M$40 -> 6172.2539 | N31: =E31*$N$40 -> 3704.7808 | O31: =F31*$O$40 -> 366.68 | P31: =G31*$P$40 -> 5914.1857 | Q31: =H31*$Q$40 -> 194 | R31: =SUM(K31:Q31) -> 44384.184 | S31: =R31/I31 -> 42.962538 | T31: =J31/S31 -> 3.7055539 | U31: =$U$40*$T31 -> 30.014987 | V31: =$V$40*$T31 -> 81.151631 | W31: =$W$40*$T31 -> 222.33324 | X31: =$X$40*$T31 -> 111.16662 | Y31: =$Y$40*$T31 -> 74.111078 | Z31: =$Z$40*$T31 -> 148.22216 | AA31: =$AA$40*$T31 -> 2890.3321 | AB31: =$AB$40*$T31 -> 18.52777 | AC31: =$AC$40*$T31 -> 1.4148479 | AD31: =$AD$40*$T31 -> 6.114164
A32: Romania | B32: na | C32: na | D32: na | E32: na | F32: na | G32: na | H32: na | I32: na | J32: na | K32: na | L32: na | M32: na | N32: na | O32: na | P32: na | Q32: na | R32: na | S32: na | T32: na | U32: na | V32: na | W32: na | X32: na | Y32: na | Z32: na | AA32: na | AB32: na | AC32: na | AD32: na
A33: Slovakia | B33: 103.58711 | C33: 58.055505 | D33: 49.960989 | E33: 33.662175 | F33: 0.913 | G33: 0 | H33: 2 | I33: =SUM(B33:H33) -> 248.17878 | J33: 43.6 | K33: =B33*$K$40 -> 3107.6134 | L33: =C33*$L$40 -> 3483.3303 | M33: =D33*$M$40 -> 1498.8297 | N33: =E33*$N$40 -> 673.2435 | O33: =F33*$O$40 -> 36.52 | P33: =G33*$P$40 -> 0 | Q33: =H33*$Q$40 -> 10 | R33: =SUM(K33:Q33) -> 8809.5369 | S33: =R33/I33 -> 35.496737 | T33: =J33/S33 -> 1.2282819 | U33: =$U$40*$T33 -> 9.9490836 | V33: =$V$40*$T33 -> 26.899374 | W33: =$W$40*$T33 -> 73.696916 | X33: =$X$40*$T33 -> 36.848458 | Y33: =$Y$40*$T33 -> 24.565639 | Z33: =$Z$40*$T33 -> 49.131277 | AA33: =$AA$40*$T33 -> 958.0599 | AB33: =$AB$40*$T33 -> 6.1414096 | AC33: =$AC$40*$T33 -> 0.46898037 | AD33: =$AD$40*$T33 -> 2.0266652
A34: Slovenia | B34: 101.37596 | C34: 25.082955 | D34: 35.818346 | E34: 9.95658 | F34: 0.056 | G34: 0.02478 | H34: 9.2776 | I34: =SUM(B34:H34) -> 181.59222 | J34: 46 | K34: =B34*$K$40 -> 3041.2787 | L34: =C34*$L$40 -> 1504.9773 | M34: =D34*$M$40 -> 1074.5504 | N34: =E34*$N$40 -> 199.1316 | O34: =F34*$O$40 -> 2.24 | P34: =G34*$P$40 -> 19.3284 | Q34: =H34*$Q$40 -> 46.388 | R34: =SUM(K34:Q34) -> 5887.8943 | S34: =R34/I34 -> 32.423715 | T34: =J34/S34 -> 1.4187146 | U34: =$U$40*$T34 -> 11.491589 | V34: =$V$40*$T34 -> 31.069851 | W34: =$W$40*$T34 -> 85.122879 | X34: =$X$40*$T34 -> 42.561439 | Y34: =$Y$40*$T34 -> 28.374293 | Z34: =$Z$40*$T34 -> 56.748586 | AA34: =$AA$40*$T34 -> 1106.5974 | AB34: =$AB$40*$T34 -> 7.0935732 | AC34: =$AC$40*$T34 -> 0.54169105 | AD34: =$AD$40*$T34 -> 2.3408792
A35: Spain | B35: 877.19362 | C35: 3382.7752 | D35: 707.50312 | E35: 1527.3576 | F35: 274.223 | G35: 73.735064 | H35: 277.3936 | I35: =SUM(B35:H35) -> 7120.1812 | J35: 335.8 | K35: =B35*$K$40 -> 26315.809 | L35: =C35*$L$40 -> 202966.51 | M35: =D35*$M$40 -> 21225.094 | N35: =E35*$N$40 -> 30547.153 | O35: =F35*$O$40 -> 10968.92 | P35: =G35*$P$40 -> 57513.35 | Q35: =H35*$Q$40 -> 1386.968 | R35: =SUM(K35:Q35) -> 350923.8 | S35: =R35/I35 -> 49.285797 | T35: =J35/S35 -> 6.813322 | U35: =$U$40*$T35 -> 55.187908 | V35: =$V$40*$T35 -> 149.21175 | W35: =$W$40*$T35 -> 408.79932 | X35: =$X$40*$T35 -> 204.39966 | Y35: =$Y$40*$T35 -> 136.26644 | Z35: =$Z$40*$T35 -> 272.53288 | AA35: =$AA$40*$T35 -> 5314.3911 | AB35: =$AB$40*$T35 -> 34.06661 | AC35: =$AC$40*$T35 -> 2.6014502 | AD35: =$AD$40*$T35 -> 11.241981
A36: Sweden | B36: 322.59156 | C36: 222.48702 | D36: 81.916355 | E36: 51.94592 | F36: 11.97 | G36: 0 | H36: 145.08 | I36: =SUM(B36:H36) -> 835.99086 | J36: 13.1 | K36: =B36*$K$40 -> 9677.7468 | L36: =C36*$L$40 -> 13349.221 | M36: =D36*$M$40 -> 2457.4907 | N36: =E36*$N$40 -> 1038.9184 | O36: =F36*$O$40 -> 478.8 | P36: =G36*$P$40 -> 0 | Q36: =H36*$Q$40 -> 725.4 | R36: =SUM(K36:Q36) -> 27727.577 | S36: =R36/I36 -> 33.167321 | T36: =J36/S36 -> 0.39496708 | U36: =$U$40*$T36 -> 3.1992333 | V36: =$V$40*$T36 -> 8.6497791 | W36: =$W$40*$T36 -> 23.698025 | X36: =$X$40*$T36 -> 11.849012 | Y36: =$Y$40*$T36 -> 7.8993416 | Z36: =$Z$40*$T36 -> 15.798683 | AA36: =$AA$40*$T36 -> 308.07432 | AB36: =$AB$40*$T36 -> 1.9748354 | AC36: =$AC$40*$T36 -> 0.15080561 | AD36: =$AD$40*$T36 -> 0.65169568
A37: Switzerland | B37: na | C37: na | D37: na | E37: na | F37: na | G37: na | H37: na | I37: na | J37: na | K37: na | L37: na | M37: na | N37: na | O37: na | P37: na | Q37: na | R37: na | S37: na | T37: na | U37: na | V37: na | W37: na | X37: na | Y37: na | Z37: na | AA37: na | AB37: na | AC37: na | AD37: na
A38: United Kingdom | B38: 1766.5662 | C38: 717.05057 | D38: 1011.8585 | E38: 2663.694 | F38: 170 | G38: 0 | H38: 395.2 | I38: =SUM(B38:H38) -> 6724.3692 | J38: 51 | K38: =B38*$K$40 -> 52996.985 | L38: =C38*$L$40 -> 43023.035 | M38: =D38*$M$40 -> 30355.755 | N38: =E38*$N$40 -> 53273.879 | O38: =F38*$O$40 -> 6800 | P38: =G38*$P$40 -> 0 | Q38: =H38*$Q$40 -> 1976 | R38: =SUM(K38:Q38) -> 188425.65 | S38: =R38/I38 -> 28.021313 | T38: =J38/S38 -> 1.8200432 | U38: =$U$40*$T38 -> 14.74235 | V38: =$V$40*$T38 -> 39.858946 | W38: =$W$40*$T38 -> 109.20259 | X38: =$X$40*$T38 -> 54.601296 | Y38: =$Y$40*$T38 -> 36.400864 | Z38: =$Z$40*$T38 -> 72.801728 | AA38: =$AA$40*$T38 -> 1419.6337 | AB38: =$AB$40*$T38 -> 9.100216 | AC38: =$AC$40*$T38 -> 0.69492558 | AD38: =$AD$40*$T38 -> 3.0030713
A40: Standard, mg per kg | K40: ='Standard values'!B5 -> 30 | L40: ='Standard values'!D5 -> 60 | M40: ='Standard values'!E5 -> 30 | N40: ='Standard values'!F5 -> 20 | O40: ='Standard values'!G5 -> 40 | P40: ='Standard values'!H5 -> 780 | Q40: ='Standard values'!I5 -> 5 | U40: ='Standard values'!B6 -> 8.1 | V40: ='Standard values'!C6 -> 21.9 | W40: ='Standard values'!D6 -> 60 | X40: ='Standard values'!E6 -> 30 | Y40: ='Standard values'!F6 -> 20 | Z40: ='Standard values'!G6 -> 40 | AA40: ='Standard values'!H6 -> 780 | AB40: ='Standard values'!I6 -> 5 | ... AD40: ='Standard values'!K6 -> 1.65

Sheet 2012
A2: Use of antibiotics index 2012
A4: Actual use | B4: https://esvacbi.ema.europa.eu/analytics/saw.dll?Dashboard | K4: Expected use | U4: Antibiotic use index
A5: PCU tonne
A6: Country | B6: Cattle | C6: Pigs | D6: Poultry | E6: Sheep and goats | F6: Fish | G6: Rabbits | H6: Horses | I6: Total PCU (tonnes) | J6: mg/PCU | K6: Cattle | L6: Pigs | M6: Poultry | N6: Sheep and goats | O6: Fish | P6: Rabbits | Q6: Horses | R6: Total | S6: mg/PCU | T6: Actual use/ expected use | U6: Beef cattle | V6: Dairy cows | W6: Pigs | X6: Broiler | Y6: Sheep and goat | Z6: Fish | AA6: Rabbits | AB6: Horses | AC6: Egg | AD6: Milk
A7: Austria | B7: 434.98995 | C7: 384.44137 | D7: 81.330642 | E7: 35.29124 | F7: 0 | G7: 0 | H7: 29.6488 | I7: =SUM(B7:H7) -> 965.702 | J7: 54.8 | K7: =B7*$K$39 -> 13049.699 | L7: =C7*$L$39 -> 23066.482 | M7: =D7*$M$39 -> 2439.9193 | N7: =E7*$N$39 -> 705.8248 | O7: =F7*$O$39 -> 0 | P7: =G7*$P$39 -> 0 | Q7: =H7*$Q$39 -> 148.244 | R7: =SUM(K7:Q7) -> 39410.169 | S7: =R7/I7 -> 40.809865 | T7: =J7/S7 -> 1.3428126 | U7: =$U$39*$T7 -> 10.876782 | V7: =$V$39*$T7 -> 29.407595 | W7: =$W$39*$T7 -> 80.568754 | X7: =$X$39*$T7 -> 40.284377 | Y7: =$Y$39*$T7 -> 26.856251 | Z7: =$Z$39*$T7 -> 53.712503 | AA7: =$AA$39*$T7 -> 1047.3938 | AB7: =$AB$39*$T7 -> 6.7140628 | AC7: =$AC$39*$T7 -> 0.51271025 | AD7: =$AD$39*$T7 -> 2.2156407
A8: Belgium | B8: 460.89678 | C8: 915.58085 | D8: 166.96735 | E8: 15.97238 | F8: 0.576 | G8: 4.077213 | H8: 94.2436 | I8: =SUM(B8:H8) -> 1658.3142 | J8: 162.9 | K8: =B8*$K$39 -> 13826.903 | L8: =C8*$L$39 -> 54934.851 | M8: =D8*$M$39 -> 5009.0205 | N8: =E8*$N$39 -> 319.4476 | O8: =F8*$O$39 -> 23.04 | P8: =G8*$P$39 -> 3180.2261 | Q8: =H8*$Q$39 -> 471.218 | R8: =SUM(K8:Q8) -> 77764.707 | S8: =R8/I8 -> 46.893832 | T8: =J8/S8 -> 3.4738044 | U8: =$U$39*$T8 -> 28.137816 | V8: =$V$39*$T8 -> 76.076316 | W8: =$W$39*$T8 -> 208.42826 | X8: =$X$39*$T8 -> 104.21413 | Y8: =$Y$39*$T8 -> 69.476088 | Z8: =$Z$39*$T8 -> 138.95218 | AA8: =$AA$39*$T8 -> 2709.5674 | AB8: =$AB$39*$T8 -> 17.369022 | AC8: =$AC$39*$T8 -> 1.3263617 | AD8: =$AD$39*$T8 -> 5.7317772
A9: Bulgaria | B9: 134.26176 | C9: 61.53789 | D9: 45.342606 | E9: 99.04402 | F9: 0 | G9: 0.01218 | H9: 48 | I9: =SUM(B9:H9) -> 388.19846 | J9: 98.9 | K9: =B9*$K$39 -> 4027.8528 | L9: =C9*$L$39 -> 3692.2734 | M9: =D9*$M$39 -> 1360.2782 | N9: =E9*$N$39 -> 1980.8804 | O9: =F9*$O$39 -> 0 | P9: =G9*$P$39 -> 9.5004 | Q9: =H9*$Q$39 -> 240 | R9: =SUM(K9:Q9) -> 11310.785 | S9: =R9/I9 -> 29.136605 | T9: =J9/S9 -> 3.3943556 | U9: =$U$39*$T9 -> 27.494281 | V9: =$V$39*$T9 -> 74.336388 | W9: =$W$39*$T9 -> 203.66134 | X9: =$X$39*$T9 -> 101.83067 | Y9: =$Y$39*$T9 -> 67.887112 | Z9: =$Z$39*$T9 -> 135.77422 | AA9: =$AA$39*$T9 -> 2647.5974 | AB9: =$AB$39*$T9 -> 16.971778 | AC9: =$AC$39*$T9 -> 1.2960267 | AD9: =$AD$39*$T9 -> 5.6006868
A10: Croatia | B10: na | C10: na | D10: na | E10: na | F10: na | G10: na | H10: na | I10: na | J10: na | K10: na | L10: na | M10: na | N10: na | O10: na | P10: na | Q10: na | R10: na | S10: na | T10: na | U10: na | V10: na | W10: na | X10: na | Y10: na | Z10: na | AA10: na | AB10: na | AC10: na | AD10: na
A11: Cyprus | B11: 18.731055 | C11: 51.03311 | D11: 12.727735 | E11: 59.8868 | F11: 4.334 | G11: 0.1594278 | H11: 2.0716 | I11: =SUM(B11:H11) -> 148.94373 | J11: 301.9 | K11: =B11*$K$39 -> 561.93165 | L11: =C11*$L$39 -> 3061.9866 | M11: =D11*$M$39 -> 381.83207 | N11: =E11*$N$39 -> 1197.736 | O11: =F11*$O$39 -> 173.36 | P11: =G11*$P$39 -> 124.35368 | Q11: =H11*$Q$39 -> 10.358 | R11: =SUM(K11:Q11) -> 5511.558 | S11: =R11/I11 -> 37.004297 | T11: =J11/S11 -> 8.1585119 | U11: =$U$39*$T11 -> 66.083946 | V11: =$V$39*$T11 -> 178.67141 | W11: =$W$39*$T11 -> 489.51071 | X11: =$X$39*$T11 -> 244.75536 | Y11: =$Y$39*$T11 -> 163.17024 | Z11: =$Z$39*$T11 -> 326.34048 | AA11: =$AA$39*$T11 -> 6363.6393 | AB11: =$AB$39*$T11 -> 40.79256 | AC11: =$AC$39*$T11 -> 3.1150682 | AD11: =$AD$39*$T11 -> 13.461545
A12: Czech Republic | B12: 283.85251 | C12: 197.56821 | D12: 111.5174 | E12: 17.04437 | F12: 20.8 | G12: 10.213 | H12: 31.7892 | I12: =SUM(B12:H12) -> 672.78469 | J12: 79.8 | K12: =B12*$K$39 -> 8515.5753 | L12: =C12*$L$39 -> 11854.093 | M12: =D12*$M$39 -> 3345.5221 | N12: =E12*$N$39 -> 340.8874 | O12: =F12*$O$39 -> 832 | P12: =G12*$P$39 -> 7966.14 | Q12: =H12*$Q$39 -> 158.946 | R12: =SUM(K12:Q12) -> 33013.163 | S12: =R12/I12 -> 49.069433 | T12: =J12/S12 -> 1.626267 | U12: =$U$39*$T12 -> 13.172763 | V12: =$V$39*$T12 -> 35.615248 | W12: =$W$39*$T12 -> 97.576021 | X12: =$X$39*$T12 -> 48.78801 | Y12: =$Y$39*$T12 -> 32.52534 | Z12: =$Z$39*$T12 -> 65.05068 | AA12: =$AA$39*$T12 -> 1268.4883 | AB12: =$AB$39*$T12 -> 8.1313351 | AC12: =$AC$39*$T12 -> 0.62093831 | AD12: =$AD$39*$T12 -> 2.6833406
A13: Denmark | B13: 409.94621 | C13: 1807.7919 | D13: 104.81644 | E13: 1.68252 | F13: 34.1 | G13: 0 | H13: 66 | I13: =SUM(B13:H13) -> 2424.3371 | J13: 43.7 | K13: =B13*$K$39 -> 12298.386 | L13: =C13*$L$39 -> 108467.52 | M13: =D13*$M$39 -> 3144.4931 | N13: =E13*$N$39 -> 33.6504 | O13: =F13*$O$39 -> 1364 | P13: =G13*$P$39 -> 0 | Q13: =H13*$Q$39 -> 330 | R13: =SUM(K13:Q13) -> 125638.05 | S13: =R13/I13 -> 51.82367 | T13: =J13/S13 -> 0.84324402 | U13: =$U$39*$T13 -> 6.8302766 | V13: =$V$39*$T13 -> 18.467044 | W13: =$W$39*$T13 -> 50.594641 | X13: =$X$39*$T13 -> 25.297321 | Y13: =$Y$39*$T13 -> 16.86488 | Z13: =$Z$39*$T13 -> 33.729761 | AA13: =$AA$39*$T13 -> 657.73034 | AB13: =$AB$39*$T13 -> 4.2162201 | AC13: =$AC$39*$T13 -> 0.3219659 | AD13: =$AD$39*$T13 -> 1.3913526
A14: Estonia | B14: 61.373209 | C14: 42.57705 | D14: 2.226709 | E14: 6.17657 | F14: 0.42 | G14: 0 | H14: 4.04 | I14: =SUM(B14:H14) -> 116.81354 | J14: 62.7 | K14: =B14*$K$39 -> 1841.1963 | L14: =C14*$L$39 -> 2554.623 | M14: =D14*$M$39 -> 66.80127 | N14: =E14*$N$39 -> 123.5314 | O14: =F14*$O$39 -> 16.8 | P14: =G14*$P$39 -> 0 | Q14: =H14*$Q$39 -> 20.2 | R14: =SUM(K14:Q14) -> 4623.1519 | S14: =R14/I14 -> 39.577193 | T14: =J14/S14 -> 1.5842458 | U14: =$U$39*$T14 -> 12.832391 | V14: =$V$39*$T14 -> 34.694982 | W14: =$W$39*$T14 -> 95.054745 | X14: =$X$39*$T14 -> 47.527373 | Y14: =$Y$39*$T14 -> 31.684915 | Z14: =$Z$39*$T14 -> 63.36983 | AA14: =$AA$39*$T14 -> 1235.7117 | AB14: =$AB$39*$T14 -> 7.9212288 | AC14: =$AC$39*$T14 -> 0.60489383 | AD14: =$AD$39*$T14 -> 2.6140055
A15: Finland | B15: 222.16833 | C15: 170.60264 | D15: 65.295149 | E15: 10.6527 | F15: 12.7 | G15: 0 | H15: 29.64 | I15: =SUM(B15:H15) -> 511.05882 | J15: 21.3 | K15: =B15*$K$39 -> 6665.0498 | L15: =C15*$L$39 -> 10236.159 | M15: =D15*$M$39 -> 1958.8545 | N15: =E15*$N$39 -> 213.054 | O15: =F15*$O$39 -> 508 | P15: =G15*$P$39 -> 0 | Q15: =H15*$Q$39 -> 148.2 | R15: =SUM(K15:Q15) -> 19729.317 | S15: =R15/I15 -> 38.604787 | T15: =J15/S15 -> 0.55174504 | U15: =$U$39*$T15 -> 4.4691349 | V15: =$V$39*$T15 -> 12.083216 | W15: =$W$39*$T15 -> 33.104703 | X15: =$X$39*$T15 -> 16.552351 | Y15: =$Y$39*$T15 -> 11.034901 | Z15: =$Z$39*$T15 -> 22.069802 | AA15: =$AA$39*$T15 -> 430.36113 | AB15: =$AB$39*$T15 -> 2.7587252 | AC15: =$AC$39*$T15 -> 0.21066629 | AD15: =$AD$39*$T15 -> 0.91037932
A16: France | B16: 3266.6537 | C16: 1854.947 | D16: 1146.1468 | E16: 665.31358 | F16: 234 | G16: 52.0912 | H16: 310.3112 | I16: =SUM(B16:H16) -> 7529.4634 | J16: 101.1 | K16: =B16*$K$39 -> 97999.611 | L16: =C16*$L$39 -> 111296.82 | M16: =D16*$M$39 -> 34384.403 | N16: =E16*$N$39 -> 13306.272 | O16: =F16*$O$39 -> 9360 | P16: =G16*$P$39 -> 40631.136 | Q16: =H16*$Q$39 -> 1551.556 | R16: =SUM(K16:Q16) -> 308529.79 | S16: =R16/I16 -> 40.976332 | T16: =J16/S16 -> 2.4672779 | U16: =$U$39*$T16 -> 19.984951 | V16: =$V$39*$T16 -> 54.033386 | W16: =$W$39*$T16 -> 148.03668 | X16: =$X$39*$T16 -> 74.018338 | Y16: =$Y$39*$T16 -> 49.345558 | Z16: =$Z$39*$T16 -> 98.691117 | AA16: =$AA$39*$T16 -> 1924.4768 | AB16: =$AB$39*$T16 -> 12.33639 | AC16: =$AC$39*$T16 -> 0.94205157 | AD16: =$AD$39*$T16 -> 4.0710086
A17: Germany | B17: 3128.8054 | C17: 3957.449 | D17: 903.27428 | E17: 144.0988 | F17: 19.6 | G17: 0 | H17: 184.7116 | I17: =SUM(B17:H17) -> 8337.9391 | J17: 204.8 | K17: =B17*$K$39 -> 93864.161 | L17: =C17*$L$39 -> 237446.94 | M17: =D17*$M$39 -> 27098.228 | N17: =E17*$N$39 -> 2881.976 | O17: =F17*$O$39 -> 784 | P17: =G17*$P$39 -> 0 | Q17: =H17*$Q$39 -> 923.558 | R17: =SUM(K17:Q17) -> 362998.86 | S17: =R17/I17 -> 43.535802 | T17: =J17/S17 -> 4.7041743 | U17: =$U$39*$T17 -> 38.103812 | V17: =$V$39*$T17 -> 103.02142 | W17: =$W$39*$T17 -> 282.25046 | X17: =$X$39*$T17 -> 141.12523 | Y17: =$Y$39*$T17 -> 94.083486 | Z17: =$Z$39*$T17 -> 188.16697 | AA17: =$AA$39*$T17 -> 3669.2559 | AB17: =$AB$39*$T17 -> 23.520871 | AC17: =$AC$39*$T17 -> 1.7961393 | AD17: =$AD$39*$T17 -> 7.7618876
A18: Greece | B18: na | C18: na | D18: na | E18: na | F18: na | G18: na | H18: na | I18: na | J18: na | K18: na | L18: na | M18: na | N18: na | O18: na | P18: na | Q18: na | R18: na | S18: na | T18: na | U18: na | V18: na | W18: na | X18: na | Y18: na | Z18: na | AA18: na | AB18: na | AC18: na | AD18: na
A19: Hungary | B19: 144.19904 | C19: 276.92768 | D19: 179.51936 | E19: 95.81508 | F19: 0.019111 | G19: 0.0109522 | H19: 30.52 | I19: =SUM(B19:H19) -> 727.01121 | J19: 245.7 | K19: =B19*$K$39 -> 4325.9711 | L19: =C19*$L$39 -> 16615.661 | M19: =D19*$M$39 -> 5385.5807 | N19: =E19*$N$39 -> 1916.3016 | O19: =F19*$O$39 -> 0.76444 | P19: =G19*$P$39 -> 8.542716 | Q19: =H19*$Q$39 -> 152.6 | R19: =SUM(K19:Q19) -> 28405.421 | S19: =R19/I19 -> 39.071503 | T19: =J19/S19 -> 6.2884706 | U19: =$U$39*$T19 -> 50.936612 | V19: =$V$39*$T19 -> 137.71751 | W19: =$W$39*$T19 -> 377.30823 | X19: =$X$39*$T19 -> 188.65412 | Y19: =$Y$39*$T19 -> 125.76941 | Z19: =$Z$39*$T19 -> 251.53882 | AA19: =$AA$39*$T19 -> 4905.0071 | AB19: =$AB$39*$T19 -> 31.442353 | AC19: =$AC$39*$T19 -> 2.4010524 | AD19: =$AD$39*$T19 -> 10.375976
A20: Iceland | B20: 19.047165 | C20: 5.619305 | D20: 5.2265665 | E20: 47.44475 | F20: 7.431 | G20: 0 | H20: 30.952 | I20: =SUM(B20:H20) -> 115.72079 | J20: 5.4 | K20: =B20*$K$39 -> 571.41495 | L20: =C20*$L$39 -> 337.1583 | M20: =D20*$M$39 -> 156.79699 | N20: =E20*$N$39 -> 948.895 | O20: =F20*$O$39 -> 297.24 | P20: =G20*$P$39 -> 0 | Q20: =H20*$Q$39 -> 154.76 | R20: =SUM(K20:Q20) -> 2466.2652 | S20: =R20/I20 -> 21.312206 | T20: =J20/S20 -> 0.25337593 | U20: =$U$39*$T20 -> 2.052345 | V20: =$V$39*$T20 -> 5.5489328 | W20: =$W$39*$T20 -> 15.202556 | X20: =$X$39*$T20 -> 7.6012779 | Y20: =$Y$39*$T20 -> 5.0675186 | Z20: =$Z$39*$T20 -> 10.135037 | AA20: =$AA$39*$T20 -> 197.63322 | AB20: =$AB$39*$T20 -> 1.2668796 | AC20: =$AC$39*$T20 -> 0.096743536 | AD20: =$AD$39*$T20 -> 0.41807028
A21: Ireland | B21: 1006.6039 | C21: 266.85613 | D21: 83.367493 | E21: 304.14332 | F21: 36.142 | G21: 0 | H21: 28 | I21: =SUM(B21:H21) -> 1725.1129 | J21: 54.8 | K21: =B21*$K$39 -> 30198.118 | L21: =C21*$L$39 -> 16011.368 | M21: =D21*$M$39 -> 2501.0248 | N21: =E21*$N$39 -> 6082.8664 | O21: =F21*$O$39 -> 1445.68 | P21: =G21*$P$39 -> 0 | Q21: =H21*$Q$39 -> 140 | R21: =SUM(K21:Q21) -> 56379.057 | S21: =R21/I21 -> 32.681373 | T21: =J21/S21 -> 1.6767962 | U21: =$U$39*$T21 -> 13.582049 | V21: =$V$39*$T21 -> 36.721836 | W21: =$W$39*$T21 -> 100.60777 | X21: =$X$39*$T21 -> 50.303885 | Y21: =$Y$39*$T21 -> 33.535923 | Z21: =$Z$39*$T21 -> 67.071846 | AA21: =$AA$39*$T21 -> 1307.901 | AB21: =$AB$39*$T21 -> 8.3839808 | AC21: =$AC$39*$T21 -> 0.64023126 | AD21: =$AD$39*$T21 -> 2.7667137
A22: Italy | B22: 1745.9871 | C22: 991.23131 | D22: 714.86932 | E22: 610.60538 | F22: 194.8 | G22: 32.6998 | H22: 209.67 | I22: =SUM(B22:H22) -> 4499.8629 | J22: 340.9 | K22: =B22*$K$39 -> 52379.613 | L22: =C22*$L$39 -> 59473.879 | M22: =D22*$M$39 -> 21446.08 | N22: =E22*$N$39 -> 12212.108 | O22: =F22*$O$39 -> 7792 | P22: =G22*$P$39 -> 25505.844 | Q22: =H22*$Q$39 -> 1048.35 | R22: =SUM(K22:Q22) -> 179857.87 | S22: =R22/I22 -> 39.969634 | T22: =J22/S22 -> 8.5289748 | U22: =$U$39*$T22 -> 69.084696 | V22: =$V$39*$T22 -> 186.78455 | W22: =$W$39*$T22 -> 511.73849 | X22: =$X$39*$T22 -> 255.86924 | Y22: =$Y$39*$T22 -> 170.5795 | Z22: =$Z$39*$T22 -> 341.15899 | AA22: =$AA$39*$T22 -> 6652.6003 | AB22: =$AB$39*$T22 -> 42.644874 | AC22: =$AC$39*$T22 -> 3.2565177 | AD22: =$AD$39*$T22 -> 14.072808
A23: Latvia | B23: 109.26251 | C23: 32.509175 | D23: 15.270731 | E23: 0.27622 | F23: 0 | G23: 0 | H23: 4.5904 | I23: =SUM(B23:H23) -> 161.90904 | J23: 41.5 | K23: =B23*$K$39 -> 3277.8755 | L23: =C23*$L$39 -> 1950.5505 | M23: =D23*$M$39 -> 458.12193 | N23: =E23*$N$39 -> 5.5244 | O23: =F23*$O$39 -> 0 | P23: =G23*$P$39 -> 0 | Q23: =H23*$Q$39 -> 22.952 | R23: =SUM(K23:Q23) -> 5715.0243 | S23: =R23/I23 -> 35.297746 | T23: =J23/S23 -> 1.1757125 | U23: =$U$39*$T23 -> 9.5232708 | V23: =$V$39*$T23 -> 25.748103 | W23: =$W$39*$T23 -> 70.542747 | X23: =$X$39*$T23 -> 35.271374 | Y23: =$Y$39*$T23 -> 23.514249 | Z23: =$Z$39*$T23 -> 47.028498 | AA23: =$AA$39*$T23 -> 917.05571 | AB23: =$AB$39*$T23 -> 5.8785623 | AC23: =$AC$39*$T23 -> 0.44890839 | AD23: =$AD$39*$T23 -> 1.9399255
A24: Lithuania | B24: 206.12516 | C24: 74.916795 | D24: 45.244897 | E24: 6.30244 | F24: 0 | G24: 0 | H24: 6.8176 | I24: =SUM(B24:H24) -> 339.40689 | J24: 39.1 | K24: =B24*$K$39 -> 6183.7546 | L24: =C24*$L$39 -> 4495.0077 | M24: =D24*$M$39 -> 1357.3469 | N24: =E24*$N$39 -> 126.0488 | O24: =F24*$O$39 -> 0 | P24: =G24*$P$39 -> 0 | Q24: =H24*$Q$39 -> 34.088 | R24: =SUM(K24:Q24) -> 12196.246 | S24: =R24/I24 -> 35.933997 | T24: =J24/S24 -> 1.0881061 | U24: =$U$39*$T24 -> 8.8136591 | V24: =$V$39*$T24 -> 23.829523 | W24: =$W$39*$T24 -> 65.286364 | X24: =$X$39*$T24 -> 32.643182 | Y24: =$Y$39*$T24 -> 21.762121 | Z24: =$Z$39*$T24 -> 43.524243 | AA24: =$AA$39*$T24 -> 848.72273 | AB24: =$AB$39*$T24 -> 5.4405303 | AC24: =$AC$39*$T24 -> 0.41545868 | AD24: =$AD$39*$T24 -> 1.795375
A25: Luxembourg | B25: 37.38687 | C25: 11.090625 | D25: 0.02618 | E25: 0.03992 | F25: 0 | G25: 0 | H25: 1.8376 | I25: =SUM(B25:H25) -> 50.381195 | J25: 43.2 | K25: =B25*$K$39 -> 1121.6061 | L25: =C25*$L$39 -> 665.4375 | M25: =D25*$M$39 -> 0.7854 | N25: =E25*$N$39 -> 0.7984 | O25: =F25*$O$39 -> 0 | P25: =G25*$P$39 -> 0 | Q25: =H25*$Q$39 -> 9.188 | R25: =SUM(K25:Q25) -> 1797.8154 | S25: =R25/I25 -> 35.684255 | T25: =J25/S25 -> 1.210618 | U25: =$U$39*$T25 -> 9.8060055 | V25: =$V$39*$T25 -> 26.512533 | W25: =$W$39*$T25 -> 72.637078 | X25: =$X$39*$T25 -> 36.318539 | Y25: =$Y$39*$T25 -> 24.212359 | Z25: =$Z$39*$T25 -> 48.424719 | AA25: =$AA$39*$T25 -> 944.28201 | AB25: =$AB$39*$T25 -> 6.0530898 | AC25: =$AC$39*$T25 -> 0.46223595 | AD25: =$AD$39*$T25 -> 1.9975196
A26: Malta | B26: na | C26: na | D26: na | E26: na | F26: na | G26: na | H26: na | I26: na | J26: na | K26: na | L26: na | M26: na | N26: na | O26: na | P26: na | Q26: na | R26: na | S26: na | T26: na | U26: na | V26: na | W26: na | X26: na | Y26: na | Z26: na | AA26: na | AB26: na | AC26: na | AD26: na
A27: Netherlands | B27: 991.36619 | C27: 1475.179 | D27: 496.22911 | E27: 98.5652 | F27: 45.954 | G27: 2.6208 | H27: 169.2 | I27: =SUM(B27:H27) -> 3279.1143 | J27: 74.8 | K27: =B27*$K$39 -> 29740.986 | L27: =C27*$L$39 -> 88510.741 | M27: =D27*$M$39 -> 14886.873 | N27: =E27*$N$39 -> 1971.304 | O27: =F27*$O$39 -> 1838.16 | P27: =G27*$P$39 -> 2044.224 | Q27: =H27*$Q$39 -> 846 | R27: =SUM(K27:Q27) -> 139838.29 | S27: =R27/I27 -> 42.64514 | T27: =J27/S27 -> 1.75401 | U27: =$U$39*$T27 -> 14.207481 | V27: =$V$39*$T27 -> 38.412818 | W27: =$W$39*$T27 -> 105.2406 | X27: =$X$39*$T27 -> 52.620299 | Y27: =$Y$39*$T27 -> 35.080199 | Z27: =$Z$39*$T27 -> 70.160399 | AA27: =$AA$39*$T27 -> 1368.1278 | AB27: =$AB$39*$T27 -> 8.7700498 | AC27: =$AC$39*$T27 -> 0.6697129 | AD27: =$AD$39*$T27 -> 2.8941164
A28: Norway | B28: 221.15057 | C28: 127.40935 | D28: 65.918493 | E28: 100.87311 | F28: 1321.128 | G28: 0 | H28: 50 | I28: =SUM(B28:H28) -> 1886.4795 | J28: 3.7 | K28: =B28*$K$39 -> 6634.517 | L28: =C28*$L$39 -> 7644.5607 | M28: =D28*$M$39 -> 1977.5548 | N28: =E28*$N$39 -> 2017.4623 | O28: =F28*$O$39 -> 52845.12 | P28: =G28*$P$39 -> 0 | Q28: =H28*$Q$39 -> 250 | R28: =SUM(K28:Q28) -> 71369.215 | S28: =R28/I28 -> 37.831958 | T28: =J28/S28 -> 0.097800911 | U28: =$U$39*$T28 -> 0.79218738 | V28: =$V$39*$T28 -> 2.14184 | W28: =$W$39*$T28 -> 5.8680547 | X28: =$X$39*$T28 -> 2.9340273 | Y28: =$Y$39*$T28 -> 1.9560182 | Z28: =$Z$39*$T28 -> 3.9120364 | AA28: =$AA$39*$T28 -> 76.284711 | AB28: =$AB$39*$T28 -> 0.48900455 | AC28: =$AC$39*$T28 -> 0.037342166 | AD28: =$AD$39*$T28 -> 0.1613715
A29: Poland | B29: 1542.0308 | C29: 1345.3155 | D29: 900.70277 | E29: 18.19404 | F29: 33.22561 | G29: 0 | H29: 101.6 | I29: =SUM(B29:H29) -> 3941.0687 | J29: 134.1 | K29: =B29*$K$39 -> 46260.924 | L29: =C29*$L$39 -> 80718.927 | M29: =D29*$M$39 -> 27021.083 | N29: =E29*$N$39 -> 363.8808 | O29: =F29*$O$39 -> 1329.0244 | P29: =G29*$P$39 -> 0 | Q29: =H29*$Q$39 -> 508 | R29: =SUM(K29:Q29) -> 156201.84 | S29: =R29/I29 -> 39.634387 | T29: =J29/S29 -> 3.3834256 | U29: =$U$39*$T29 -> 27.405748 | V29: =$V$39*$T29 -> 74.097022 | W29: =$W$39*$T29 -> 203.00554 | X29: =$X$39*$T29 -> 101.50277 | Y29: =$Y$39*$T29 -> 67.668513 | Z29: =$Z$39*$T29 -> 135.33703 | AA29: =$AA$39*$T29 -> 2639.072 | AB29: =$AB$39*$T29 -> 16.917128 | AC29: =$AC$39*$T29 -> 1.2918534 | AD29: =$AD$39*$T29 -> 5.5826523
A30: Portugal | B30: 237.40725 | C30: 343.01986 | D30: 199.39225 | E30: 177.47884 | F30: 9.166 | G30: 7.6593804 | H30: 35.2 | I30: =SUM(B30:H30) -> 1009.3236 | J30: 155.1 | K30: =B30*$K$39 -> 7122.2175 | L30: =C30*$L$39 -> 20581.192 | M30: =D30*$M$39 -> 5981.7674 | N30: =E30*$N$39 -> 3549.5768 | O30: =F30*$O$39 -> 366.64 | P30: =G30*$P$39 -> 5974.3167 | Q30: =H30*$Q$39 -> 176 | R30: =SUM(K30:Q30) -> 43751.71 | S30: =R30/I30 -> 43.347556 | T30: =J30/S30 -> 3.5780564 | U30: =$U$39*$T30 -> 28.982257 | V30: =$V$39*$T30 -> 78.359436 | W30: =$W$39*$T30 -> 214.68339 | X30: =$X$39*$T30 -> 107.34169 | Y30: =$Y$39*$T30 -> 71.561128 | Z30: =$Z$39*$T30 -> 143.12226 | AA30: =$AA$39*$T30 -> 2790.884 | AB30: =$AB$39*$T30 -> 17.890282 | AC30: =$AC$39*$T30 -> 1.366167 | AD30: =$AD$39*$T30 -> 5.9037931
A31: Romania | B31: na | C31: na | D31: na | E31: na | F31: na | G31: na | H31: na | I31: na | J31: na | K31: na | L31: na | M31: na | N31: na | O31: na | P31: na | Q31: na | R31: na | S31: na | T31: na | U31: na | V31: na | W31: na | X31: na | Y31: na | Z31: na | AA31: na | AB31: na | AC31: na | AD31: na
A32: Slovakia | B32: 991.36619 | C32: 1475.179 | D32: 496.22911 | E32: 98.5652 | F32: 45.954 | G32: 2.6208 | H32: 169.2 | I32: =SUM(B32:H32) -> 3279.1143 | J32: 43.3 | K32: =B32*$K$39 -> 29740.986 | L32: =C32*$L$39 -> 88510.741 | M32: =D32*$M$39 -> 14886.873 | N32: =E32*$N$39 -> 1971.304 | O32: =F32*$O$39 -> 1838.16 | P32: =G32*$P$39 -> 2044.224 | Q32: =H32*$Q$39 -> 846 | R32: =SUM(K32:Q32) -> 139838.29 | S32: =R32/I32 -> 42.64514 | T32: =J32/S32 -> 1.015356 | U32: =$U$39*$T32 -> 8.2243839 | V32: =$V$39*$T32 -> 22.236297 | W32: =$W$39*$T32 -> 60.921362 | X32: =$X$39*$T32 -> 30.460681 | Y32: =$Y$39*$T32 -> 20.307121 | Z32: =$Z$39*$T32 -> 40.614242 | AA32: =$AA$39*$T32 -> 791.97771 | AB32: =$AB$39*$T32 -> 5.0767802 | AC32: =$AC$39*$T32 -> 0.3876814 | AD32: =$AD$39*$T32 -> 1.6753375
A33: Slovenia | B33: 221.15057 | C33: 127.40935 | D33: 65.918493 | E33: 100.87311 | F33: 1321.128 | G33: 0 | H33: 50 | I33: =SUM(B33:H33) -> 1886.4795 | J33: 36.9 | K33: =B33*$K$39 -> 6634.517 | L33: =C33*$L$39 -> 7644.5607 | M33: =D33*$M$39 -> 1977.5548 | N33: =E33*$N$39 -> 2017.4623 | O33: =F33*$O$39 -> 52845.12 | P33: =G33*$P$39 -> 0 | Q33: =H33*$Q$39 -> 250 | R33: =SUM(K33:Q33) -> 71369.215 | S33: =R33/I33 -> 37.831958 | T33: =J33/S33 -> 0.97536584 | U33: =$U$39*$T33 -> 7.9004633 | V33: =$V$39*$T33 -> 21.360512 | W33: =$W$39*$T33 -> 58.521951 | X33: =$X$39*$T33 -> 29.260975 | Y33: =$Y$39*$T33 -> 19.507317 | Z33: =$Z$39*$T33 -> 39.014634 | AA33: =$AA$39*$T33 -> 760.78536 | AB33: =$AB$39*$T33 -> 4.8768292 | AC33: =$AC$39*$T33 -> 0.37241241 | AD33: =$AD$39*$T33 -> 1.6093536
A34: Spain | B34: 1542.0308 | C34: 1345.3155 | D34: 900.70277 | E34: 18.19404 | F34: 33.22561 | G34: 0 | H34: 101.6 | I34: =SUM(B34:H34) -> 3941.0687 | J34: 302.3 | K34: =B34*$K$39 -> 46260.924 | L34: =C34*$L$39 -> 80718.927 | M34: =D34*$M$39 -> 27021.083 | N34: =E34*$N$39 -> 363.8808 | O34: =F34*$O$39 -> 1329.0244 | P34: =G34*$P$39 -> 0 | Q34: =H34*$Q$39 -> 508 | R34: =SUM(K34:Q34) -> 156201.84 | S34: =R34/I34 -> 39.634387 | T34: =J34/S34 -> 7.6272153 | U34: =$U$39*$T34 -> 61.780444 | V34: =$V$39*$T34 -> 167.03601 | W34: =$W$39*$T34 -> 457.63292 | X34: =$X$39*$T34 -> 228.81646 | Y34: =$Y$39*$T34 -> 152.54431 | Z34: =$Z$39*$T34 -> 305.08861 | AA34: =$AA$39*$T34 -> 5949.2279 | AB34: =$AB$39*$T34 -> 38.136076 | AC34: =$AC$39*$T34 -> 2.9122095 | AD34: =$AD$39*$T34 -> 12.584905
A35: Sweden | B35: 237.40725 | C35: 343.01986 | D35: 199.39225 | E35: 177.47884 | F35: 9.166 | G35: 7.6593804 | H35: 35.2 | I35: =SUM(B35:H35) -> 1009.3236 | J35: 13 | K35: =B35*$K$39 -> 7122.2175 | L35: =C35*$L$39 -> 20581.192 | M35: =D35*$M$39 -> 5981.7674 | N35: =E35*$N$39 -> 3549.5768 | O35: =F35*$O$39 -> 366.64 | P35: =G35*$P$39 -> 5974.3167 | Q35: =H35*$Q$39 -> 176 | R35: =SUM(K35:Q35) -> 43751.71 | S35: =R35/I35 -> 43.347556 | T35: =J35/S35 -> 0.29990157 | U35: =$U$39*$T35 -> 2.4292027 | V35: =$V$39*$T35 -> 6.5678444 | W35: =$W$39*$T35 -> 17.994094 | X35: =$X$39*$T35 -> 8.9970471 | Y35: =$Y$39*$T35 -> 5.9980314 | Z35: =$Z$39*$T35 -> 11.996063 | AA35: =$AA$39*$T35 -> 233.92322 | AB35: =$AB$39*$T35 -> 1.4995078 | AC35: =$AC$39*$T35 -> 0.11450787 | AD35: =$AD$39*$T35 -> 0.49483759
A36: Switzerland | B36: na | C36: na | D36: na | E36: na | F36: na | G36: na | H36: na | I36: na | J36: na | K36: na | L36: na | M36: na | N36: na | O36: na | P36: na | Q36: na | R36: na | S36: na | T36: na | U36: na | V36: na | W36: na | X36: na | Y36: na | Z36: na | AA36: na | AB36: na | AC36: na | AD36: na
A37: United Kingdom | B37: 1708.5879 | C37: 732.62117 | D37: 1040.437 | E37: 2700.3304 | F37: 172 | G37: 0 | H37: 395.2 | I37: =SUM(B37:H37) -> 6749.1764 | J37: 66.2 | K37: =B37*$K$39 -> 51257.636 | L37: =C37*$L$39 -> 43957.27 | M37: =D37*$M$39 -> 31213.11 | N37: =E37*$N$39 -> 54006.607 | O37: =F37*$O$39 -> 6880 | P37: =G37*$P$39 -> 0 | Q37: =H37*$Q$39 -> 1976 | R37: =SUM(K37:Q37) -> 189290.62 | S37: =R37/I37 -> 28.046477 | T37: =J37/S37 -> 2.3603677 | U37: =$U$39*$T37 -> 19.118979 | V37: =$V$39*$T37 -> 51.692053 | W37: =$W$39*$T37 -> 141.62206 | X37: =$X$39*$T37 -> 70.811032 | Y37: =$Y$39*$T37 -> 47.207354 | Z37: =$Z$39*$T37 -> 94.414709 | AA37: =$AA$39*$T37 -> 1841.0868 | AB37: =$AB$39*$T37 -> 11.801839 | AC37: =$AC$39*$T37 -> 0.90123131 | AD37: =$AD$39*$T37 -> 3.8946067
A39: Standard, mg per kg | K39: ='Standard values'!B5 -> 30 | L39: ='Standard values'!D5 -> 60 | M39: ='Standard values'!E5 -> 30 | N39: ='Standard values'!F5 -> 20 | O39: ='Standard values'!G5 -> 40 | P39: ='Standard values'!H5 -> 780 | Q39: ='Standard values'!I5 -> 5 | U39: ='Standard values'!B6 -> 8.1 | V39: ='Standard values'!C6 -> 21.9 | W39: ='Standard values'!D6 -> 60 | X39: ='Standard values'!E6 -> 30 | Y39: ='Standard values'!F6 -> 20 | Z39: ='Standard values'!G6 -> 40 | AA39: ='Standard values'!H6 -> 780 | AB39: ='Standard values'!I6 -> 5 | ... AD39: ='Standard values'!K6 -> 1.65

Sheet 2013
A2: Use of antibiotics index 2013
A4: Actual use | B4: https://esvacbi.ema.europa.eu/analytics/saw.dll?Dashboard | K4: Expected use | U4: Antibiotic use index
A5: PCU tonne
A6: Country | B6: Cattle | C6: Pigs | D6: Poultry | E6: Sheep and goats | F6: Fish | G6: Rabbits | H6: Horses | I6: Total PCU (tonnes) | J6: mg/PCU | K6: Cattle | L6: Pigs | M6: Poultry | N6: Sheep and goats | O6: Fish | P6: Rabbits | Q6: Horses | R6: Total | S6: mg/PCU | T6: Actual use/ expected use | U6: Beef cattle | V6: Dairy cows | W6: Pigs | X6: Broiler | Y6: Sheep and goat | Z6: Fish | AA6: Rabbits | AB6: Horses | AC6: Egg | AD6: Milk
A7: Austria | B7: 436.4895 | C7: 379.6921 | D7: 76.4414 | E7: 34.6283 | F7: 0 | G7: 0 | H7: 29.7824 | I7: =SUM(B7:H7) -> 957.0337 | J7: 57.2 | K7: =B7*$K$39 -> 13094.685 | L7: =C7*$L$39 -> 22781.526 | M7: =D7*$M$39 -> 2293.242 | N7: =E7*$N$39 -> 692.566 | O7: =F7*$O$39 -> 0 | P7: =G7*$P$39 -> 0 | Q7: =H7*$Q$39 -> 148.912 | R7: =SUM(K7:Q7) -> 39010.931 | S7: =R7/I7 -> 40.762338 | T7: =J7/S7 -> 1.4032561 | U7: =$U$39*$T7 -> 11.366375 | V7: =$V$39*$T7 -> 30.731309 | W7: =$W$39*$T7 -> 84.195367 | X7: =$X$39*$T7 -> 42.097684 | Y7: =$Y$39*$T7 -> 28.065122 | Z7: =$Z$39*$T7 -> 56.130245 | AA7: =$AA$39*$T7 -> 1094.5398 | AB7: =$AB$39*$T7 -> 7.0162806 | AC7: =$AC$39*$T7 -> 0.5357887 | AD7: =$AD$39*$T7 -> 2.3153726
A8: Belgium | B8: 437.3423 | C8: 927.9978 | D8: 173.6619 | E8: 13.2053 | F8: 0 | G8: 4.3447 | H8: 100.9268 | I8: =SUM(B8:H8) -> 1657.4788 | J8: 156.4 | K8: =B8*$K$39 -> 13120.269 | L8: =C8*$L$39 -> 55679.868 | M8: =D8*$M$39 -> 5209.857 | N8: =E8*$N$39 -> 264.106 | O8: =F8*$O$39 -> 0 | P8: =G8*$P$39 -> 3388.866 | Q8: =H8*$Q$39 -> 504.634 | R8: =SUM(K8:Q8) -> 78167.6 | S8: =R8/I8 -> 47.160543 | T8: =J8/S8 -> 3.3163316 | U8: =$U$39*$T8 -> 26.862286 | V8: =$V$39*$T8 -> 72.627663 | W8: =$W$39*$T8 -> 198.9799 | X8: =$X$39*$T8 -> 99.489949 | Y8: =$Y$39*$T8 -> 66.326633 | Z8: =$Z$39*$T8 -> 132.65327 | AA8: =$AA$39*$T8 -> 2586.7387 | AB8: =$AB$39*$T8 -> 16.581658 | AC8: =$AC$39*$T8 -> 1.2662357 | AD8: =$AD$39*$T8 -> 5.4719472
A9: Bulgaria | B9: 139.995 | C9: 64.5598 | D9: 42.6784 | E9: 103.8105 | F9: 0 | G9: 0.0209 | H9: 49.8184 | I9: =SUM(B9:H9) -> 400.883 | J9: 116.1 | K9: =B9*$K$39 -> 4199.85 | L9: =C9*$L$39 -> 3873.588 | M9: =D9*$M$39 -> 1280.352 | N9: =E9*$N$39 -> 2076.21 | O9: =F9*$O$39 -> 0 | P9: =G9*$P$39 -> 16.302 | Q9: =H9*$Q$39 -> 249.092 | R9: =SUM(K9:Q9) -> 11695.394 | S9: =R9/I9 -> 29.174083 | T9: =J9/S9 -> 3.9795595 | U9: =$U$39*$T9 -> 32.234432 | V9: =$V$39*$T9 -> 87.152353 | W9: =$W$39*$T9 -> 238.77357 | X9: =$X$39*$T9 -> 119.38679 | Y9: =$Y$39*$T9 -> 79.59119 | Z9: =$Z$39*$T9 -> 159.18238 | AA9: =$AA$39*$T9 -> 3104.0564 | AB9: =$AB$39*$T9 -> 19.897798 | AC9: =$AC$39*$T9 -> 1.5194682 | AD9: =$AD$39*$T9 -> 6.5662732
A10: Croatia | B10: na | C10: na | D10: na | E10: na | F10: na | G10: na | H10: na | I10: na | J10: na | K10: na | L10: na | M10: na | N10: na | O10: na | P10: na | Q10: na | R10: na | S10: na | T10: na | U10: na | V10: na | W10: na | X10: na | Y10: na | Z10: na | AA10: na | AB10: na | AC10: na | AD10: na
A11: Cyprus | B11: 18.748045 | C11: 49.6644 | D11: 11.0564 | E11: 56.876585 | F11: 5.339 | G11: 0.110726 | H11: 1.874 | I11: =SUM(B11:H11) -> 143.66916 | J11: 333.4 | K11: =B11*$K$39 -> 562.44135 | L11: =C11*$L$39 -> 2979.864 | M11: =D11*$M$39 -> 331.692 | N11: =E11*$N$39 -> 1137.5317 | O11: =F11*$O$39 -> 213.56 | P11: =G11*$P$39 -> 86.36628 | Q11: =H11*$Q$39 -> 9.37 | R11: =SUM(K11:Q11) -> 5320.8253 | S11: =R11/I11 -> 37.035265 | T11: =J11/S11 -> 9.0022306 | U11: =$U$39*$T11 -> 72.918068 | V11: =$V$39*$T11 -> 197.14885 | W11: =$W$39*$T11 -> 540.13384 | X11: =$X$39*$T11 -> 270.06692 | Y11: =$Y$39*$T11 -> 180.04461 | Z11: =$Z$39*$T11 -> 360.08922 | AA11: =$AA$39*$T11 -> 7021.7399 | AB11: =$AB$39*$T11 -> 45.011153 | AC11: =$AC$39*$T11 -> 3.4372153 | AD11: =$AD$39*$T11 -> 14.85368
A12: Czech Republic | B12: 292.4606 | C12: 209.3805 | D12: 116.9814 | E12: 17.0574 | F12: 19.358 | G12: 9.0664 | H12: 32.4496 | I12: =SUM(B12:H12) -> 696.7539 | J12: 82.2 | K12: =B12*$K$39 -> 8773.818 | L12: =C12*$L$39 -> 12562.83 | M12: =D12*$M$39 -> 3509.442 | N12: =E12*$N$39 -> 341.148 | O12: =F12*$O$39 -> 774.32 | P12: =G12*$P$39 -> 7071.792 | Q12: =H12*$Q$39 -> 162.248 | R12: =SUM(K12:Q12) -> 33195.598 | S12: =R12/I12 -> 47.643218 | T12: =J12/S12 -> 1.7253243 | U12: =$U$39*$T12 -> 13.975127 | V12: =$V$39*$T12 -> 37.784601 | W12: =$W$39*$T12 -> 103.51946 | X12: =$X$39*$T12 -> 51.759728 | Y12: =$Y$39*$T12 -> 34.506485 | Z12: =$Z$39*$T12 -> 69.01297 | AA12: =$AA$39*$T12 -> 1345.7529 | AB12: =$AB$39*$T12 -> 8.6266213 | AC12: =$AC$39*$T12 -> 0.65876017 | AD12: =$AD$39*$T12 -> 2.846785
A13: Denmark | B13: 406.2944 | C13: 1775.992 | D13: 120.18515 | E13: 1.64 | F13: 43.1 | G13: 0 | H13: 70 | I13: =SUM(B13:H13) -> 2417.2115 | J13: 44.5 | K13: =B13*$K$39 -> 12188.832 | L13: =C13*$L$39 -> 106559.52 | M13: =D13*$M$39 -> 3605.5545 | N13: =E13*$N$39 -> 32.8 | O13: =F13*$O$39 -> 1724 | P13: =G13*$P$39 -> 0 | Q13: =H13*$Q$39 -> 350 | R13: =SUM(K13:Q13) -> 124460.71 | S13: =R13/I13 -> 51.489373 | T13: =J13/S13 -> 0.86425601 | U13: =$U$39*$T13 -> 7.0004737 | V13: =$V$39*$T13 -> 18.927207 | W13: =$W$39*$T13 -> 51.855361 | X13: =$X$39*$T13 -> 25.92768 | Y13: =$Y$39*$T13 -> 17.28512 | Z13: =$Z$39*$T13 -> 34.570241 | AA13: =$AA$39*$T13 -> 674.11969 | AB13: =$AB$39*$T13 -> 4.3212801 | AC13: =$AC$39*$T13 -> 0.32998866 | AD13: =$AD$39*$T13 -> 1.4260224
A14: Estonia | B14: 62.5335 | C14: 46.8883 | D14: 2.5102 | E14: 6.3625 | F14: 0.42 | G14: 0 | H14: 2.52 | I14: =SUM(B14:H14) -> 121.2345 | J14: 70.1 | K14: =B14*$K$39 -> 1876.005 | L14: =C14*$L$39 -> 2813.298 | M14: =D14*$M$39 -> 75.306 | N14: =E14*$N$39 -> 127.25 | O14: =F14*$O$39 -> 16.8 | P14: =G14*$P$39 -> 0 | Q14: =H14*$Q$39 -> 12.6 | R14: =SUM(K14:Q14) -> 4921.259 | S14: =R14/I14 -> 40.592892 | T14: =J14/S14 -> 1.7269033 | U14: =$U$39*$T14 -> 13.987917 | V14: =$V$39*$T14 -> 37.819182 | W14: =$W$39*$T14 -> 103.6142 | X14: =$X$39*$T14 -> 51.807099 | Y14: =$Y$39*$T14 -> 34.538066 | Z14: =$Z$39*$T14 -> 69.076132 | AA14: =$AA$39*$T14 -> 1346.9846 | AB14: =$AB$39*$T14 -> 8.6345165 | AC14: =$AC$39*$T14 -> 0.65936308 | AD14: =$AD$39*$T14 -> 2.8493905
A15: Finland | B15: 223.3127 | C15: 169.4757 | D15: 66.9134 | E15: 11.1035 | F15: 13.6 | G15: 0 | H15: 30 | I15: =SUM(B15:H15) -> 514.4053 | J15: 21.8 | K15: =B15*$K$39 -> 6699.381 | L15: =C15*$L$39 -> 10168.542 | M15: =D15*$M$39 -> 2007.402 | N15: =E15*$N$39 -> 222.07 | O15: =F15*$O$39 -> 544 | P15: =G15*$P$39 -> 0 | Q15: =H15*$Q$39 -> 150 | R15: =SUM(K15:Q15) -> 19791.395 | S15: =R15/I15 -> 38.474322 | T15: =J15/S15 -> 0.56661168 | U15: =$U$39*$T15 -> 4.5895546 | V15: =$V$39*$T15 -> 12.408796 | W15: =$W$39*$T15 -> 33.996701 | X15: =$X$39*$T15 -> 16.99835 | Y15: =$Y$39*$T15 -> 11.332234 | Z15: =$Z$39*$T15 -> 22.664467 | AA15: =$AA$39*$T15 -> 441.95711 | AB15: =$AB$39*$T15 -> 2.8330584 | AC15: =$AC$39*$T15 -> 0.21634264 | AD15: =$AD$39*$T15 -> 0.93490927
A16: France | B16: 3206.4423 | C16: 1828.8624 | D16: 1169.6602 | E16: 644.1096 | F16: 40.205 | G16: 51.2204 | H16: 306.6056 | I16: =SUM(B16:H16) -> 7247.1055 | J16: 93.9 | K16: =B16*$K$39 -> 96193.269 | L16: =C16*$L$39 -> 109731.74 | M16: =D16*$M$39 -> 35089.806 | N16: =E16*$N$39 -> 12882.192 | O16: =F16*$O$39 -> 1608.2 | P16: =G16*$P$39 -> 39951.912 | Q16: =H16*$Q$39 -> 1533.028 | R16: =SUM(K16:Q16) -> 296990.15 | S16: =R16/I16 -> 40.98052 | T16: =J16/S16 -> 2.2913326 | U16: =$U$39*$T16 -> 18.559794 | V16: =$V$39*$T16 -> 50.180183 | W16: =$W$39*$T16 -> 137.47995 | X16: =$X$39*$T16 -> 68.739977 | Y16: =$Y$39*$T16 -> 45.826651 | Z16: =$Z$39*$T16 -> 91.653303 | AA16: =$AA$39*$T16 -> 1787.2394 | AB16: =$AB$39*$T16 -> 11.456663 | AC16: =$AC$39*$T16 -> 0.87487244 | AD16: =$AD$39*$T16 -> 3.7806987
A17: Germany | B17: 3137.1524 | C17: 3990.6946 | D17: 1050.2373 | E17: 137.4958 | F17: 25.5 | G17: 0 | H17: 184.52 | I17: =SUM(B17:H17) -> 8525.6001 | J17: 179.7 | K17: =B17*$K$39 -> 94114.572 | L17: =C17*$L$39 -> 239441.68 | M17: =D17*$M$39 -> 31507.119 | N17: =E17*$N$39 -> 2749.916 | O17: =F17*$O$39 -> 1020 | P17: =G17*$P$39 -> 0 | Q17: =H17*$Q$39 -> 922.6 | R17: =SUM(K17:Q17) -> 369755.88 | S17: =R17/I17 -> 43.370071 | T17: =J17/S17 -> 4.1434103 | U17: =$U$39*$T17 -> 33.561624 | V17: =$V$39*$T17 -> 90.740686 | W17: =$W$39*$T17 -> 248.60462 | X17: =$X$39*$T17 -> 124.30231 | Y17: =$Y$39*$T17 -> 82.868206 | Z17: =$Z$39*$T17 -> 165.73641 | AA17: =$AA$39*$T17 -> 3231.86 | AB17: =$AB$39*$T17 -> 20.717052 | AC17: =$AC$39*$T17 -> 1.5820294 | AD17: =$AD$39*$T17 -> 6.836627
A18: Greece | B18: na | C18: na | D18: na | E18: na | F18: na | G18: na | H18: na | I18: na | J18: na | K18: na | L18: na | M18: na | N18: na | O18: na | P18: na | Q18: na | R18: na | S18: na | T18: na | U18: na | V18: na | W18: na | X18: na | Y18: na | Z18: na | AA18: na | AB18: na | AC18: na | AD18: na
A19: Hungary | B19: 150.9814 | C19: 295.1714 | D19: 164.6747 | E19: 103.0187 | F19: 19.061 | G19: 6.58 | H19: 23.6 | I19: =SUM(B19:H19) -> 763.0872 | J19: 230.6 | K19: =B19*$K$39 -> 4529.442 | L19: =C19*$L$39 -> 17710.284 | M19: =D19*$M$39 -> 4940.241 | N19: =E19*$N$39 -> 2060.374 | O19: =F19*$O$39 -> 762.44 | P19: =G19*$P$39 -> 5132.4 | Q19: =H19*$Q$39 -> 118 | R19: =SUM(K19:Q19) -> 35253.181 | S19: =R19/I19 -> 46.198103 | T19: =J19/S19 -> 4.991547 | U19: =$U$39*$T19 -> 40.43153 | V19: =$V$39*$T19 -> 109.31488 | W19: =$W$39*$T19 -> 299.49282 | X19: =$X$39*$T19 -> 149.74641 | Y19: =$Y$39*$T19 -> 99.830939 | Z19: =$Z$39*$T19 -> 199.66188 | AA19: =$AA$39*$T19 -> 3893.4066 | AB19: =$AB$39*$T19 -> 24.957735 | AC19: =$AC$39*$T19 -> 1.9058634 | AD19: =$AD$39*$T19 -> 8.2360525
A20: Iceland | B20: 18.1963 | C20: 5.9118 | D20: 5.1561 | E20: 48.1212 | F20: 7.053 | G20: 0 | H20: 30.8 | I20: =SUM(B20:H20) -> 115.2384 | J20: 4.9 | K20: =B20*$K$39 -> 545.889 | L20: =C20*$L$39 -> 354.708 | M20: =D20*$M$39 -> 154.683 | N20: =E20*$N$39 -> 962.424 | O20: =F20*$O$39 -> 282.12 | P20: =G20*$P$39 -> 0 | Q20: =H20*$Q$39 -> 154 | R20: =SUM(K20:Q20) -> 2453.824 | S20: =R20/I20 -> 21.293458 | T20: =J20/S20 -> 0.23011763 | U20: =$U$39*$T20 -> 1.8639528 | V20: =$V$39*$T20 -> 5.0395761 | W20: =$W$39*$T20 -> 13.807058 | X20: =$X$39*$T20 -> 6.9035289 | Y20: =$Y$39*$T20 -> 4.6023526 | Z20: =$Z$39*$T20 -> 9.2047051 | AA20: =$AA$39*$T20 -> 179.49175 | AB20: =$AB$39*$T20 -> 1.1505881 | AC20: =$AC$39*$T20 -> 0.087863095 | AD20: =$AD$39*$T20 -> 0.37969409
A21: Ireland | B21: 1056.5958 | C21: 260.9444 | D21: 84.602 | E21: 293.3629 | F21: 36.142 | G21: 0 | H21: 30 | I21: =SUM(B21:H21) -> 1761.6471 | J21: 55.7 | K21: =B21*$K$39 -> 31697.874 | L21: =C21*$L$39 -> 15656.664 | M21: =D21*$M$39 -> 2538.06 | N21: =E21*$N$39 -> 5867.258 | O21: =F21*$O$39 -> 1445.68 | P21: =G21*$P$39 -> 0 | Q21: =H21*$Q$39 -> 150 | R21: =SUM(K21:Q21) -> 57355.536 | S21: =R21/I21 -> 32.557903 | T21: =J21/S21 -> 1.7107981 | U21: =$U$39*$T21 -> 13.857465 | V21: =$V$39*$T21 -> 37.466479 | W21: =$W$39*$T21 -> 102.64789 | X21: =$X$39*$T21 -> 51.323944 | Y21: =$Y$39*$T21 -> 34.215963 | Z21: =$Z$39*$T21 -> 68.431925 | AA21: =$AA$39*$T21 -> 1334.4225 | AB21: =$AB$39*$T21 -> 8.5539906 | AC21: =$AC$39*$T21 -> 0.65321383 | AD21: =$AD$39*$T21 -> 2.8228169
A22: Italy | B22: 1669.1633 | C22: 971.0024 | D22: 690.6255 | E22: 592.3492 | F22: 200.7 | G22: 31.1514 | H22: 216.9128 | I22: =SUM(B22:H22) -> 4371.9046 | J22: 301.5 | K22: =B22*$K$39 -> 50074.899 | L22: =C22*$L$39 -> 58260.144 | M22: =D22*$M$39 -> 20718.765 | N22: =E22*$N$39 -> 11846.984 | O22: =F22*$O$39 -> 8028 | P22: =G22*$P$39 -> 24298.092 | Q22: =H22*$Q$39 -> 1084.564 | R22: =SUM(K22:Q22) -> 174311.45 | S22: =R22/I22 -> 39.870826 | T22: =J22/S22 -> 7.5619201 | U22: =$U$39*$T22 -> 61.251553 | V22: =$V$39*$T22 -> 165.60605 | W22: =$W$39*$T22 -> 453.7152 | X22: =$X$39*$T22 -> 226.8576 | Y22: =$Y$39*$T22 -> 151.2384 | Z22: =$Z$39*$T22 -> 302.4768 | AA22: =$AA$39*$T22 -> 5898.2977 | AB22: =$AB$39*$T22 -> 37.8096 | AC22: =$AC$39*$T22 -> 2.8872786 | AD22: =$AD$39*$T22 -> 12.477168
A23: Latvia | B23: 106.0586 | C23: 33.0717 | D23: 16.7499 | E23: 7.2082 | F23: 0 | G23: 0.0038 | H23: 4.054 | I23: =SUM(B23:H23) -> 167.1462 | J23: 37.6 | K23: =B23*$K$39 -> 3181.758 | L23: =C23*$L$39 -> 1984.302 | M23: =D23*$M$39 -> 502.497 | N23: =E23*$N$39 -> 144.164 | O23: =F23*$O$39 -> 0 | P23: =G23*$P$39 -> 2.964 | Q23: =H23*$Q$39 -> 20.27 | R23: =SUM(K23:Q23) -> 5835.955 | S23: =R23/I23 -> 34.915272 | T23: =J23/S23 -> 1.0768927 | U23: =$U$39*$T23 -> 8.7228306 | V23: =$V$39*$T23 -> 23.583949 | W23: =$W$39*$T23 -> 64.61356 | X23: =$X$39*$T23 -> 32.30678 | Y23: =$Y$39*$T23 -> 21.537853 | Z23: =$Z$39*$T23 -> 43.075707 | AA23: =$AA$39*$T23 -> 839.97628 | AB23: =$AB$39*$T23 -> 5.3844633 | AC23: =$AC$39*$T23 -> 0.4111772 | AD23: =$AD$39*$T23 -> 1.7768729
A24: Lithuania | B24: 198.2902 | C24: 78.4801 | D24: 48.2827 | E24: 7.5759 | F24: 0 | G24: 0 | H24: 6.8624 | I24: =SUM(B24:H24) -> 339.4913 | J24: 29 | K24: =B24*$K$39 -> 5948.706 | L24: =C24*$L$39 -> 4708.806 | M24: =D24*$M$39 -> 1448.481 | N24: =E24*$N$39 -> 151.518 | O24: =F24*$O$39 -> 0 | P24: =G24*$P$39 -> 0 | Q24: =H24*$Q$39 -> 34.312 | R24: =SUM(K24:Q24) -> 12291.823 | S24: =R24/I24 -> 36.206592 | T24: =J24/S24 -> 0.80095912 | U24: =$U$39*$T24 -> 6.4877689 | V24: =$V$39*$T24 -> 17.541005 | W24: =$W$39*$T24 -> 48.057547 | X24: =$X$39*$T24 -> 24.028774 | Y24: =$Y$39*$T24 -> 16.019182 | Z24: =$Z$39*$T24 -> 32.038365 | AA24: =$AA$39*$T24 -> 624.74811 | AB24: =$AB$39*$T24 -> 4.0047956 | AC24: =$AC$39*$T24 -> 0.30582075 | AD24: =$AD$39*$T24 -> 1.3215825
A25: Luxembourg | B25: 37.4882 | C25: 11.4514 | D25: 0.0925 | E25: 0.056 | F25: 0 | G25: 0 | H25: 1.9448 | I25: =SUM(B25:H25) -> 51.0329 | J25: 52.1 | K25: =B25*$K$39 -> 1124.646 | L25: =C25*$L$39 -> 687.084 | M25: =D25*$M$39 -> 2.775 | N25: =E25*$N$39 -> 1.12 | O25: =F25*$O$39 -> 0 | P25: =G25*$P$39 -> 0 | Q25: =H25*$Q$39 -> 9.724 | R25: =SUM(K25:Q25) -> 1825.349 | S25: =R25/I25 -> 35.768083 | T25: =J25/S25 -> 1.4566059 | U25: =$U$39*$T25 -> 11.798508 | V25: =$V$39*$T25 -> 31.899669 | W25: =$W$39*$T25 -> 87.396353 | X25: =$X$39*$T25 -> 43.698176 | Y25: =$Y$39*$T25 -> 29.132118 | Z25: =$Z$39*$T25 -> 58.264235 | AA25: =$AA$39*$T25 -> 1136.1526 | AB25: =$AB$39*$T25 -> 7.2830294 | AC25: =$AC$39*$T25 -> 0.55615861 | AD25: =$AD$39*$T25 -> 2.4033997
A26: Malta | B26: na | C26: na | D26: na | E26: na | F26: na | G26: na | H26: na | I26: na | J26: na | K26: na | L26: na | M26: na | N26: na | O26: na | P26: na | Q26: na | R26: na | S26: na | T26: na | U26: na | V26: na | W26: na | X26: na | Y26: na | Z26: na | AA26: na | AB26: na | AC26: na | AD26: na
A27: Netherlands | B27: 1047.3681 | C27: 1473.334 | D27: 393.0583 | E27: 94.6563 | F27: 45.954 | G27: 2.7552 | H27: 169.2 | I27: =SUM(B27:H27) -> 3226.3259 | J27: 69.9 | K27: =B27*$K$39 -> 31421.043 | L27: =C27*$L$39 -> 88400.04 | M27: =D27*$M$39 -> 11791.749 | N27: =E27*$N$39 -> 1893.126 | O27: =F27*$O$39 -> 1838.16 | P27: =G27*$P$39 -> 2149.056 | Q27: =H27*$Q$39 -> 846 | R27: =SUM(K27:Q27) -> 138339.17 | S27: =R27/I27 -> 42.878239 | T27: =J27/S27 -> 1.6301975 | U27: =$U$39*$T27 -> 13.2046 | V27: =$V$39*$T27 -> 35.701326 | W27: =$W$39*$T27 -> 97.811852 | X27: =$X$39*$T27 -> 48.905926 | Y27: =$Y$39*$T27 -> 32.603951 | Z27: =$Z$39*$T27 -> 65.207901 | AA27: =$AA$39*$T27 -> 1271.5541 | AB27: =$AB$39*$T27 -> 8.1509877 | AC27: =$AC$39*$T27 -> 0.62243906 | AD27: =$AD$39*$T27 -> 2.6898259
A28: Norway | B28: 224.5123 | C28: 127.5923 | D28: 74.0954 | E28: 101.3628 | F28: 1246.544 | G28: 0 | H28: 50 | I28: =SUM(B28:H28) -> 1824.1068 | J28: 3.5 | K28: =B28*$K$39 -> 6735.369 | L28: =C28*$L$39 -> 7655.538 | M28: =D28*$M$39 -> 2222.862 | N28: =E28*$N$39 -> 2027.256 | O28: =F28*$O$39 -> 49861.76 | P28: =G28*$P$39 -> 0 | Q28: =H28*$Q$39 -> 250 | R28: =SUM(K28:Q28) -> 68752.785 | S28: =R28/I28 -> 37.691206 | T28: =J28/S28 -> 0.092859857 | U28: =$U$39*$T28 -> 0.75216484 | V28: =$V$39*$T28 -> 2.0336309 | W28: =$W$39*$T28 -> 5.5715914 | X28: =$X$39*$T28 -> 2.7857957 | Y28: =$Y$39*$T28 -> 1.8571971 | Z28: =$Z$39*$T28 -> 3.7143943 | AA28: =$AA$39*$T28 -> 72.430689 | AB28: =$AB$39*$T28 -> 0.46429929 | AC28: =$AC$39*$T28 -> 0.035455582 | AD28: =$AD$39*$T28 -> 0.15321876
A29: Poland | B29: 1446.9338 | C29: 1326.8051 | D29: 925.556 | E29: 18.1483 | F29: 31.25795 | G29: 0 | H29: 88.8 | I29: =SUM(B29:H29) -> 3837.5012 | J29: 150.3 | K29: =B29*$K$39 -> 43408.014 | L29: =C29*$L$39 -> 79608.306 | M29: =D29*$M$39 -> 27766.68 | N29: =E29*$N$39 -> 362.966 | O29: =F29*$O$39 -> 1250.318 | P29: =G29*$P$39 -> 0 | Q29: =H29*$Q$39 -> 444 | R29: =SUM(K29:Q29) -> 152840.28 | S29: =R29/I29 -> 39.828075 | T29: =J29/S29 -> 3.7737199 | U29: =$U$39*$T29 -> 30.567131 | V29: =$V$39*$T29 -> 82.644466 | W29: =$W$39*$T29 -> 226.42319 | X29: =$X$39*$T29 -> 113.2116 | Y29: =$Y$39*$T29 -> 75.474398 | Z29: =$Z$39*$T29 -> 150.9488 | AA29: =$AA$39*$T29 -> 2943.5015 | AB29: =$AB$39*$T29 -> 18.8686 | AC29: =$AC$39*$T29 -> 1.4408749 | AD29: =$AD$39*$T29 -> 6.2266379
A30: Portugal | B30: 223.3522 | C30: 320.0382 | D30: 203.1358 | E30: 175.6437 | F30: 10.32 | G30: 7.2889 | H30: 31.2 | I30: =SUM(B30:H30) -> 970.9788 | J30: 184.8 | K30: =B30*$K$39 -> 6700.566 | L30: =C30*$L$39 -> 19202.292 | M30: =D30*$M$39 -> 6094.074 | N30: =E30*$N$39 -> 3512.874 | O30: =F30*$O$39 -> 412.8 | P30: =G30*$P$39 -> 5685.342 | Q30: =H30*$Q$39 -> 156 | R30: =SUM(K30:Q30) -> 41763.948 | S30: =R30/I30 -> 43.012214 | T30: =J30/S30 -> 4.296454 | U30: =$U$39*$T30 -> 34.801278 | V30: =$V$39*$T30 -> 94.092343 | W30: =$W$39*$T30 -> 257.78724 | X30: =$X$39*$T30 -> 128.89362 | Y30: =$Y$39*$T30 -> 85.92908 | Z30: =$Z$39*$T30 -> 171.85816 | AA30: =$AA$39*$T30 -> 3351.2341 | AB30: =$AB$39*$T30 -> 21.48227 | AC30: =$AC$39*$T30 -> 1.6404643 | AD30: =$AD$39*$T30 -> 7.0891491
A31: Romania | B31: na | C31: na | D31: na | E31: na | F31: na | G31: na | H31: na | I31: na | J31: na | K31: na | L31: na | M31: na | N31: na | O31: na | P31: na | Q31: na | R31: na | S31: na | T31: na | U31: na | V31: na | W31: na | X31: na | Y31: na | Z31: na | AA31: na | AB31: na | AC31: na | AD31: na
A32: Slovakia | B32: 100.3753 | C32: 59.30578 | D32: 49.664198 | E32: 32.6768 | F32: 2.462 | G32: 0.0056756 | H32: 2.6848 | I32: =SUM(B32:H32) -> 247.17455 | J32: 59.2 | K32: =B32*$K$39 -> 3011.259 | L32: =C32*$L$39 -> 3558.3468 | M32: =D32*$M$39 -> 1489.9259 | N32: =E32*$N$39 -> 653.536 | O32: =F32*$O$39 -> 98.48 | P32: =G32*$P$39 -> 4.426968 | Q32: =H32*$Q$39 -> 13.424 | R32: =SUM(K32:Q32) -> 8829.3987 | S32: =R32/I32 -> 35.721309 | T32: =J32/S32 -> 1.6572741 | U32: =$U$39*$T32 -> 13.42392 | V32: =$V$39*$T32 -> 36.294302 | W32: =$W$39*$T32 -> 99.436444 | X32: =$X$39*$T32 -> 49.718222 | Y32: =$Y$39*$T32 -> 33.145481 | Z32: =$Z$39*$T32 -> 66.290963 | AA32: =$AA$39*$T32 -> 1292.6738 | AB32: =$AB$39*$T32 -> 8.2863704 | AC32: =$AC$39*$T32 -> 0.63277737 | AD32: =$AD$39*$T32 -> 2.7345022
A33: Slovenia | B33: 97.5093 | C33: 24.7979 | D33: 35.7389 | E33: 10.5054 | F33: 0.88 | G33: 0.042 | H33: 10.7072 | I33: =SUM(B33:H33) -> 180.1807 | J33: 22.3 | K33: =B33*$K$39 -> 2925.279 | L33: =C33*$L$39 -> 1487.874 | M33: =D33*$M$39 -> 1072.167 | N33: =E33*$N$39 -> 210.108 | O33: =F33*$O$39 -> 35.2 | P33: =G33*$P$39 -> 32.76 | Q33: =H33*$Q$39 -> 53.536 | R33: =SUM(K33:Q33) -> 5816.924 | S33: =R33/I33 -> 32.283835 | T33: =J33/S33 -> 0.69074817 | U33: =$U$39*$T33 -> 5.5950602 | V33: =$V$39*$T33 -> 15.127385 | W33: =$W$39*$T33 -> 41.44489 | X33: =$X$39*$T33 -> 20.722445 | Y33: =$Y$39*$T33 -> 13.814963 | Z33: =$Z$39*$T33 -> 27.629927 | AA33: =$AA$39*$T33 -> 538.78357 | AB33: =$AB$39*$T33 -> 3.4537409 | AC33: =$AC$39*$T33 -> 0.26374021 | AD33: =$AD$39*$T33 -> 1.1397345
A34: Spain | B34: 891.3623 | C34: 3292.3578 | D34: 715.9992 | E34: 1436.8169 | F34: 274.223 | G34: 74.7754 | H34: 258.0464 | I34: =SUM(B34:H34) -> 6943.581 | J34: 317 | K34: =B34*$K$39 -> 26740.869 | L34: =C34*$L$39 -> 197541.47 | M34: =D34*$M$39 -> 21479.976 | N34: =E34*$N$39 -> 28736.338 | O34: =F34*$O$39 -> 10968.92 | P34: =G34*$P$39 -> 58324.812 | Q34: =H34*$Q$39 -> 1290.232 | R34: =SUM(K34:Q34) -> 345082.62 | S34: =R34/I34 -> 49.698076 | T34: =J34/S34 -> 6.3785166 | U34: =$U$39*$T34 -> 51.665984 | V34: =$V$39*$T34 -> 139.68951 | W34: =$W$39*$T34 -> 382.71099 | X34: =$X$39*$T34 -> 191.3555 | Y34: =$Y$39*$T34 -> 127.57033 | Z34: =$Z$39*$T34 -> 255.14066 | AA34: =$AA$39*$T34 -> 4975.2429 | AB34: =$AB$39*$T34 -> 31.892583 | AC34: =$AC$39*$T34 -> 2.4354336 | AD34: =$AD$39*$T34 -> 10.524552
A35: Sweden | B35: 303.9724 | C35: 201.708 | D35: 84.7635 | E35: 48.326 | F35: 11.663 | G35: 0 | H35: 145.2 | I35: =SUM(B35:H35) -> 795.6329 | J35: 12.2 | K35: =B35*$K$39 -> 9119.172 | L35: =C35*$L$39 -> 12102.48 | M35: =D35*$M$39 -> 2542.905 | N35: =E35*$N$39 -> 966.52 | O35: =F35*$O$39 -> 466.52 | P35: =G35*$P$39 -> 0 | Q35: =H35*$Q$39 -> 726 | R35: =SUM(K35:Q35) -> 25923.597 | S35: =R35/I35 -> 32.582359 | T35: =J35/S35 -> 0.37443575 | U35: =$U$39*$T35 -> 3.0329295 | V35: =$V$39*$T35 -> 8.2001428 | W35: =$W$39*$T35 -> 22.466145 | X35: =$X$39*$T35 -> 11.233072 | Y35: =$Y$39*$T35 -> 7.4887149 | Z35: =$Z$39*$T35 -> 14.97743 | AA35: =$AA$39*$T35 -> 292.05988 | AB35: =$AB$39*$T35 -> 1.8721787 | AC35: =$AC$39*$T35 -> 0.14296638 | AD35: =$AD$39*$T35 -> 0.61781898
A36: Switzerland | B36: na | C36: na | D36: na | E36: na | F36: na | G36: na | H36: na | I36: na | J36: na | K36: na | L36: na | M36: na | N36: na | O36: na | P36: na | Q36: na | R36: na | S36: na | T36: na | U36: na | V36: na | W36: na | X36: na | Y36: na | Z36: na | AA36: na | AB36: na | AC36: na | AD36: na
A37: United Kingdom | B37: 1692.1045 | C37: 715.8586 | D37: 1058.6378 | E37: 2765.334 | F37: 172 | G37: 0 | H37: 395.2 | I37: =SUM(B37:H37) -> 6799.1349 | J37: 62.5 | K37: =B37*$K$39 -> 50763.135 | L37: =C37*$L$39 -> 42951.516 | M37: =D37*$M$39 -> 31759.134 | N37: =E37*$N$39 -> 55306.68 | O37: =F37*$O$39 -> 6880 | P37: =G37*$P$39 -> 0 | Q37: =H37*$Q$39 -> 1976 | R37: =SUM(K37:Q37) -> 189636.46 | S37: =R37/I37 -> 27.891264 | T37: =J37/S37 -> 2.240845 | U37: =$U$39*$T37 -> 18.150845 | V37: =$V$39*$T37 -> 49.074506 | W37: =$W$39*$T37 -> 134.4507 | X37: =$X$39*$T37 -> 67.225351 | Y37: =$Y$39*$T37 -> 44.816901 | Z37: =$Z$39*$T37 -> 89.633801 | AA37: =$AA$39*$T37 -> 1747.8591 | AB37: =$AB$39*$T37 -> 11.204225 | AC37: =$AC$39*$T37 -> 0.85559538 | AD37: =$AD$39*$T37 -> 3.6973943
A39: Standard, mg per kg | K39: ='Standard values'!B5 -> 30 | L39: ='Standard values'!D5 -> 60 | M39: ='Standard values'!E5 -> 30 | N39: ='Standard values'!F5 -> 20 | O39: ='Standard values'!G5 -> 40 | P39: ='Standard values'!H5 -> 780 | Q39: ='Standard values'!I5 -> 5 | U39: ='Standard values'!B6 -> 8.1 | V39: ='Standard values'!C6 -> 21.9 | W39: ='Standard values'!D6 -> 60 | X39: ='Standard values'!E6 -> 30 | Y39: ='Standard values'!F6 -> 20 | Z39: ='Standard values'!G6 -> 40 | AA39: ='Standard values'!H6 -> 780 | AB39: ='Standard values'!I6 -> 5 | ... AD39: ='Standard values'!K6 -> 1.65

Sheet 2014
A2: Use of antibiotics index 2014
A4: Actual use | B4: https://esvacbi.ema.europa.eu/analytics/saw.dll?Dashboard | K4: Expected use | U4: Antibiotic use index
A5: PCU tonne
A6: Country | B6: Cattle | C6: Pigs | D6: Poultry | E6: Sheep and goats | F6: Fish | G6: Rabbits | H6: Horses | I6: Total PCU (tonnes) | J6: mg/PCU | K6: Cattle | L6: Pigs | M6: Poultry | N6: Sheep and goats | O6: Fish | P6: Rabbits | Q6: Horses | R6: Total | S6: mg/PCU | T6: Actual use/ expected use | U6: Beef cattle | V6: Dairy cows | W6: Pigs | X6: Broiler | Y6: Sheep and goat | Z6: Fish | AA6: Rabbits | AB6: Horses | AC6: Egg | AD6: Milk
A7: Austria | B7: 438.07438 | C7: 370.27974 | D7: 77.499055 | E7: 33.46685 | F7: 0 | G7: 0 | H7: 28.9756 | I7: =SUM(B7:H7) -> 948.29563 | J7: 56.3 | K7: =B7*$K$39 -> 13142.231 | L7: =C7*$L$39 -> 22216.785 | M7: =D7*$M$39 -> 2324.9717 | N7: =E7*$N$39 -> 669.337 | O7: =F7*$O$39 -> 0 | P7: =G7*$P$39 -> 0 | Q7: =H7*$Q$39 -> 144.878 | R7: =SUM(K7:Q7) -> 38498.203 | S7: =R7/I7 -> 40.597258 | T7: =J7/S7 -> 1.3867932 | U7: =$U$39*$T7 -> 11.233025 | V7: =$V$39*$T7 -> 30.37077 | W7: =$W$39*$T7 -> 83.207589 | X7: =$X$39*$T7 -> 41.603795 | Y7: =$Y$39*$T7 -> 27.735863 | Z7: =$Z$39*$T7 -> 55.471726 | AA7: =$AA$39*$T7 -> 1081.6987 | AB7: =$AB$39*$T7 -> 6.9339658 | AC7: =$AC$39*$T7 -> 0.52950284 | AD7: =$AD$39*$T7 -> 2.2882087
A8: Belgium | B8: 440.71785 | C8: 931.05668 | D8: 183.02566 | E8: 10.75029 | F8: 0 | G8: 4.3596 | H8: 108.0596 | I8: =SUM(B8:H8) -> 1677.9697 | J8: 158.1 | K8: =B8*$K$39 -> 13221.535 | L8: =C8*$L$39 -> 55863.401 | M8: =D8*$M$39 -> 5490.7698 | N8: =E8*$N$39 -> 215.0058 | O8: =F8*$O$39 -> 0 | P8: =G8*$P$39 -> 3400.488 | Q8: =H8*$Q$39 -> 540.298 | R8: =SUM(K8:Q8) -> 78731.498 | S8: =R8/I8 -> 46.920692 | T8: =J8/S8 -> 3.3695156 | U8: =$U$39*$T8 -> 27.293076 | V8: =$V$39*$T8 -> 73.792391 | W8: =$W$39*$T8 -> 202.17093 | X8: =$X$39*$T8 -> 101.08547 | Y8: =$Y$39*$T8 -> 67.390311 | Z8: =$Z$39*$T8 -> 134.78062 | AA8: =$AA$39*$T8 -> 2628.2221 | AB8: =$AB$39*$T8 -> 16.847578 | AC8: =$AC$39*$T8 -> 1.2865423 | AD8: =$AD$39*$T8 -> 5.5597007
A9: Bulgaria | B9: 134.16196 | C9: 65.852945 | D9: 43.188165 | E9: 101.46546 | F9: 0 | G9: 0.0727342 | H9: 48.724 | I9: =SUM(B9:H9) -> 393.46526 | J9: 82.9 | K9: =B9*$K$39 -> 4024.8587 | L9: =C9*$L$39 -> 3951.1767 | M9: =D9*$M$39 -> 1295.6449 | N9: =E9*$N$39 -> 2029.3092 | O9: =F9*$O$39 -> 0 | P9: =G9*$P$39 -> 56.732676 | Q9: =H9*$Q$39 -> 243.62 | R9: =SUM(K9:Q9) -> 11601.342 | S9: =R9/I9 -> 29.485048 | T9: =J9/S9 -> 2.8115945 | U9: =$U$39*$T9 -> 22.773916 | V9: =$V$39*$T9 -> 61.57392 | W9: =$W$39*$T9 -> 168.69567 | X9: =$X$39*$T9 -> 84.347835 | Y9: =$Y$39*$T9 -> 56.23189 | Z9: =$Z$39*$T9 -> 112.46378 | AA9: =$AA$39*$T9 -> 2193.0437 | AB9: =$AB$39*$T9 -> 14.057973 | AC9: =$AC$39*$T9 -> 1.0735179 | AD9: =$AD$39*$T9 -> 4.6391309
A10: Croatia | B10: 114.72756 | C10: 78.65027 | D10: 40.257527 | E10: 46.46226 | F10: 13.768 | G10: 0.015000006 | H10: 8.4576 | I10: =SUM(B10:H10) -> 302.33822 | J10: 103.5 | K10: =B10*$K$39 -> 3441.8268 | L10: =C10*$L$39 -> 4719.0162 | M10: =D10*$M$39 -> 1207.7258 | N10: =E10*$N$39 -> 929.2452 | O10: =F10*$O$39 -> 550.72 | P10: =G10*$P$39 -> 11.700005 | Q10: =H10*$Q$39 -> 42.288 | R10: =SUM(K10:Q10) -> 10902.522 | S10: =R10/I10 -> 36.060681 | T10: =J10/S10 -> 2.8701621 | U10: =$U$39*$T10 -> 23.248313 | V10: =$V$39*$T10 -> 62.85655 | W10: =$W$39*$T10 -> 172.20973 | X10: =$X$39*$T10 -> 86.104863 | Y10: =$Y$39*$T10 -> 57.403242 | Z10: =$Z$39*$T10 -> 114.80648 | AA10: =$AA$39*$T10 -> 2238.7264 | AB10: =$AB$39*$T10 -> 14.35081 | AC10: =$AC$39*$T10 -> 1.0958801 | AD10: =$AD$39*$T10 -> 4.7357675
A11: Cyprus | B11: 18.84163 | C11: 44.91865 | D11: 14.802475 | E11: 46.616765 | F11: 4.835 | G11: 0.0850262 | H11: 1.5388 | I11: =SUM(B11:H11) -> 131.63835 | J11: 317 | K11: =B11*$K$39 -> 565.2489 | L11: =C11*$L$39 -> 2695.119 | M11: =D11*$M$39 -> 444.07425 | N11: =E11*$N$39 -> 932.3353 | O11: =F11*$O$39 -> 193.4 | P11: =G11*$P$39 -> 66.320436 | Q11: =H11*$Q$39 -> 7.694 | R11: =SUM(K11:Q11) -> 4904.1919 | S11: =R11/I11 -> 37.25504 | T11: =J11/S11 -> 8.5089158 | U11: =$U$39*$T11 -> 68.922218 | V11: =$V$39*$T11 -> 186.34526 | W11: =$W$39*$T11 -> 510.53495 | X11: =$X$39*$T11 -> 255.26747 | Y11: =$Y$39*$T11 -> 170.17832 | Z11: =$Z$39*$T11 -> 340.35663 | AA11: =$AA$39*$T11 -> 6636.9543 | AB11: =$AB$39*$T11 -> 42.544579 | AC11: =$AC$39*$T11 -> 3.2488588 | AD11: =$AD$39*$T11 -> 14.039711
A12: Czech Republic | B12: 290.41764 | C12: 215.30279 | D12: 117.97472 | E12: 17.506215 | F12: 20.647 | G12: 7.9464 | H12: 32.842 | I12: =SUM(B12:H12) -> 702.63677 | J12: 79.8 | K12: =B12*$K$39 -> 8712.5294 | L12: =C12*$L$39 -> 12918.167 | M12: =D12*$M$39 -> 3539.2417 | N12: =E12*$N$39 -> 350.1243 | O12: =F12*$O$39 -> 825.88 | P12: =G12*$P$39 -> 6198.192 | Q12: =H12*$Q$39 -> 164.21 | R12: =SUM(K12:Q12) -> 32708.344 | S12: =R12/I12 -> 46.550858 | T12: =J12/S12 -> 1.7142541 | U12: =$U$39*$T12 -> 13.885458 | V12: =$V$39*$T12 -> 37.542165 | W12: =$W$39*$T12 -> 102.85525 | X12: =$X$39*$T12 -> 51.427623 | Y12: =$Y$39*$T12 -> 34.285082 | Z12: =$Z$39*$T12 -> 68.570165 | AA12: =$AA$39*$T12 -> 1337.1182 | AB12: =$AB$39*$T12 -> 8.5712706 | AC12: =$AC$39*$T12 -> 0.65453339 | AD12: =$AD$39*$T12 -> 2.8285193
A13: Denmark | B13: 405.21139 | C13: 1765.998 | D13: 117.8646 | E13: 13.19993 | F13: 43 | G13: 0 | H13: 70 | I13: =SUM(B13:H13) -> 2415.2739 | J13: 43.8 | K13: =B13*$K$39 -> 12156.342 | L13: =C13*$L$39 -> 105959.88 | M13: =D13*$M$39 -> 3535.938 | N13: =E13*$N$39 -> 263.9986 | O13: =F13*$O$39 -> 1720 | P13: =G13*$P$39 -> 0 | Q13: =H13*$Q$39 -> 350 | R13: =SUM(K13:Q13) -> 123986.16 | S13: =R13/I13 -> 51.334202 | T13: =J13/S13 -> 0.85323232 | U13: =$U$39*$T13 -> 6.9111818 | V13: =$V$39*$T13 -> 18.685788 | W13: =$W$39*$T13 -> 51.193939 | X13: =$X$39*$T13 -> 25.59697 | Y13: =$Y$39*$T13 -> 17.064646 | Z13: =$Z$39*$T13 -> 34.129293 | AA13: =$AA$39*$T13 -> 665.52121 | AB13: =$AB$39*$T13 -> 4.2661616 | AC13: =$AC$39*$T13 -> 0.32577961 | AD13: =$AD$39*$T13 -> 1.4078333
A14: Estonia | B14: 64.625825 | C14: 48.513635 | D14: 2.713348 | E14: 6.65686 | F14: 0.75 | G14: 0 | H14: 4.0216 | I14: =SUM(B14:H14) -> 127.28127 | J14: 76.8 | K14: =B14*$K$39 -> 1938.7748 | L14: =C14*$L$39 -> 2910.8181 | M14: =D14*$M$39 -> 81.40044 | N14: =E14*$N$39 -> 133.1372 | O14: =F14*$O$39 -> 30 | P14: =G14*$P$39 -> 0 | Q14: =H14*$Q$39 -> 20.108 | R14: =SUM(K14:Q14) -> 5114.2385 | S14: =R14/I14 -> 40.180606 | T14: =J14/S14 -> 1.9113699 | U14: =$U$39*$T14 -> 15.482096 | V14: =$V$39*$T14 -> 41.859 | W14: =$W$39*$T14 -> 114.68219 | X14: =$X$39*$T14 -> 57.341096 | Y14: =$Y$39*$T14 -> 38.227397 | Z14: =$Z$39*$T14 -> 76.454795 | AA14: =$AA$39*$T14 -> 1490.8685 | AB14: =$AB$39*$T14 -> 9.5568494 | AC14: =$AC$39*$T14 -> 0.72979577 | AD14: =$AD$39*$T14 -> 3.1537603
A15: Finland | B15: 224.62225 | C15: 161.82945 | D15: 68.319885 | E15: 11.440655 | F15: 13.32 | G15: 0 | H15: 29.84 | I15: =SUM(B15:H15) -> 509.37224 | J15: 21.8 | K15: =B15*$K$39 -> 6738.6675 | L15: =C15*$L$39 -> 9709.767 | M15: =D15*$M$39 -> 2049.5966 | N15: =E15*$N$39 -> 228.8131 | O15: =F15*$O$39 -> 532.8 | P15: =G15*$P$39 -> 0 | Q15: =H15*$Q$39 -> 149.2 | R15: =SUM(K15:Q15) -> 19408.844 | S15: =R15/I15 -> 38.103459 | T15: =J15/S15 -> 0.57212654 | U15: =$U$39*$T15 -> 4.634225 | V15: =$V$39*$T15 -> 12.529571 | W15: =$W$39*$T15 -> 34.327592 | X15: =$X$39*$T15 -> 17.163796 | Y15: =$Y$39*$T15 -> 11.442531 | Z15: =$Z$39*$T15 -> 22.885062 | AA15: =$AA$39*$T15 -> 446.2587 | AB15: =$AB$39*$T15 -> 2.8606327 | AC15: =$AC$39*$T15 -> 0.21844831 | AD15: =$AD$39*$T15 -> 0.94400879
A16: France | B16: 3209.1786 | C16: 1817.4828 | D16: 1134.3026 | E16: 640.63104 | F16: 41.641 | G16: 52.402 | H16: 301.0172 | I16: =SUM(B16:H16) -> 7196.6552 | J16: 105.8 | K16: =B16*$K$39 -> 96275.359 | L16: =C16*$L$39 -> 109048.97 | M16: =D16*$M$39 -> 34029.078 | N16: =E16*$N$39 -> 12812.621 | O16: =F16*$O$39 -> 1665.64 | P16: =G16*$P$39 -> 40873.56 | Q16: =H16*$Q$39 -> 1505.086 | R16: =SUM(K16:Q16) -> 296210.31 | S16: =R16/I16 -> 41.159442 | T16: =J16/S16 -> 2.5704916 | U16: =$U$39*$T16 -> 20.820982 | V16: =$V$39*$T16 -> 56.293767 | W16: =$W$39*$T16 -> 154.2295 | X16: =$X$39*$T16 -> 77.114749 | Y16: =$Y$39*$T16 -> 51.409833 | Z16: =$Z$39*$T16 -> 102.81967 | AA16: =$AA$39*$T16 -> 2004.9835 | AB16: =$AB$39*$T16 -> 12.852458 | AC16: =$AC$39*$T16 -> 0.98146044 | AD16: =$AD$39*$T16 -> 4.2413112
A17: Germany | B17: 3192.4183 | C17: 4135.165 | D17: 1070.9903 | E17: 139.17898 | F17: 26.293934 | G17: 0 | H17: 184.52 | I17: =SUM(B17:H17) -> 8748.5665 | J17: 149.3 | K17: =B17*$K$39 -> 95772.55 | L17: =C17*$L$39 -> 248109.9 | M17: =D17*$M$39 -> 32129.709 | N17: =E17*$N$39 -> 2783.5796 | O17: =F17*$O$39 -> 1051.7574 | P17: =G17*$P$39 -> 0 | Q17: =H17*$Q$39 -> 922.6 | R17: =SUM(K17:Q17) -> 380770.09 | S17: =R17/I17 -> 43.523713 | T17: =J17/S17 -> 3.430314 | U17: =$U$39*$T17 -> 27.785543 | V17: =$V$39*$T17 -> 75.123876 | W17: =$W$39*$T17 -> 205.81884 | X17: =$X$39*$T17 -> 102.90942 | Y17: =$Y$39*$T17 -> 68.60628 | Z17: =$Z$39*$T17 -> 137.21256 | AA17: =$AA$39*$T17 -> 2675.6449 | AB17: =$AB$39*$T17 -> 17.15157 | AC17: =$AC$39*$T17 -> 1.3097563 | AD17: =$AD$39*$T17 -> 5.6600181
A18: Greece | B18: na | C18: na | D18: na | E18: na | F18: na | G18: na | H18: na | I18: na | J18: na | K18: na | L18: na | M18: na | N18: na | O18: na | P18: na | Q18: na | R18: na | S18: na | T18: na | U18: na | V18: na | W18: na | X18: na | Y18: na | Z18: na | AA18: na | AB18: na | AC18: na | AD18: na
A19: Hungary | B19: 155.38783 | C19: 303.09284 | D19: 171.19794 | E19: 99.75376 | F19: 18.771 | G19: 6.5184 | H19: 24.4 | I19: =SUM(B19:H19) -> 779.12177 | J19: 193 | K19: =B19*$K$39 -> 4661.6349 | L19: =C19*$L$39 -> 18185.57 | M19: =D19*$M$39 -> 5135.9383 | N19: =E19*$N$39 -> 1995.0752 | O19: =F19*$O$39 -> 750.84 | P19: =G19*$P$39 -> 5084.352 | Q19: =H19*$Q$39 -> 122 | R19: =SUM(K19:Q19) -> 35935.411 | S19: =R19/I19 -> 46.122971 | T19: =J19/S19 -> 4.1844659 | U19: =$U$39*$T19 -> 33.894174 | V19: =$V$39*$T19 -> 91.639804 | W19: =$W$39*$T19 -> 251.06796 | X19: =$X$39*$T19 -> 125.53398 | Y19: =$Y$39*$T19 -> 83.689319 | Z19: =$Z$39*$T19 -> 167.37864 | AA19: =$AA$39*$T19 -> 3263.8834 | AB19: =$AB$39*$T19 -> 20.92233 | AC19: =$AC$39*$T19 -> 1.5977052 | AD19: =$AD$39*$T19 -> 6.9043688
A20: Iceland | B20: 17.516575 | C20: 5.978945 | D20: 5.136 | E20: 48.404625 | F20: 8 | G20: 0 | H20: 30.8 | I20: =SUM(B20:H20) -> 115.83615 | J20: 4.8 | K20: =B20*$K$39 -> 525.49725 | L20: =C20*$L$39 -> 358.7367 | M20: =D20*$M$39 -> 154.08 | N20: =E20*$N$39 -> 968.0925 | O20: =F20*$O$39 -> 320 | P20: =G20*$P$39 -> 0 | Q20: =H20*$Q$39 -> 154 | R20: =SUM(K20:Q20) -> 2480.4064 | S20: =R20/I20 -> 21.413061 | T20: =J20/S20 -> 0.22416225 | U20: =$U$39*$T20 -> 1.8157142 | V20: =$V$39*$T20 -> 4.9091533 | W20: =$W$39*$T20 -> 13.449735 | X20: =$X$39*$T20 -> 6.7248676 | Y20: =$Y$39*$T20 -> 4.483245 | Z20: =$Z$39*$T20 -> 8.9664901 | AA20: =$AA$39*$T20 -> 174.84656 | AB20: =$AB$39*$T20 -> 1.1208113 | AC20: =$AC$39*$T20 -> 0.085589224 | AD20: =$AD$39*$T20 -> 0.36986772
A21: Ireland | B21: 1130.6146 | C21: 266.11696 | D21: 75.705901 | E21: 299.76066 | F21: 34.199 | G21: 0 | H21: 60 | I21: =SUM(B21:H21) -> 1866.3971 | J21: 47.5 | K21: =B21*$K$39 -> 33918.437 | L21: =C21*$L$39 -> 15967.018 | M21: =D21*$M$39 -> 2271.177 | N21: =E21*$N$39 -> 5995.2132 | O21: =F21*$O$39 -> 1367.96 | P21: =G21*$P$39 -> 0 | Q21: =H21*$Q$39 -> 300 | R21: =SUM(K21:Q21) -> 59819.804 | S21: =R21/I21 -> 32.050953 | T21: =J21/S21 -> 1.4820152 | U21: =$U$39*$T21 -> 12.004323 | V21: =$V$39*$T21 -> 32.456133 | W21: =$W$39*$T21 -> 88.920914 | X21: =$X$39*$T21 -> 44.460457 | Y21: =$Y$39*$T21 -> 29.640305 | Z21: =$Z$39*$T21 -> 59.280609 | AA21: =$AA$39*$T21 -> 1155.9719 | AB21: =$AB$39*$T21 -> 7.4100761 | AC21: =$AC$39*$T21 -> 0.56586036 | AD21: =$AD$39*$T21 -> 2.4453251
A22: Italy | B22: 1523.5047 | C22: 828.35848 | D22: 702.36729 | E22: 568.92488 | F22: 174.55 | G22: 31.7674 | H22: 147.8812 | I22: =SUM(B22:H22) -> 3977.354 | J22: 332.3 | K22: =B22*$K$39 -> 45705.142 | L22: =C22*$L$39 -> 49701.509 | M22: =D22*$M$39 -> 21071.019 | N22: =E22*$N$39 -> 11378.498 | O22: =F22*$O$39 -> 6982 | P22: =G22*$P$39 -> 24778.572 | Q22: =H22*$Q$39 -> 739.406 | R22: =SUM(K22:Q22) -> 160356.15 | S22: =R22/I22 -> 40.317293 | T22: =J22/S22 -> 8.2421209 | U22: =$U$39*$T22 -> 66.761179 | V22: =$V$39*$T22 -> 180.50245 | W22: =$W$39*$T22 -> 494.52725 | X22: =$X$39*$T22 -> 247.26363 | Y22: =$Y$39*$T22 -> 164.84242 | Z22: =$Z$39*$T22 -> 329.68483 | AA22: =$AA$39*$T22 -> 6428.8543 | AB22: =$AB$39*$T22 -> 41.210604 | AC22: =$AC$39*$T22 -> 3.1469916 | AD22: =$AD$39*$T22 -> 13.599499
A23: Latvia | B23: 108.53001 | C23: 34.65456 | D23: 18.522498 | E23: 7.160175 | F23: 0 | G23: 0.059878 | H23: 4.0744 | I23: =SUM(B23:H23) -> 173.00152 | J23: 36.6 | K23: =B23*$K$39 -> 3255.9003 | L23: =C23*$L$39 -> 2079.2736 | M23: =D23*$M$39 -> 555.67494 | N23: =E23*$N$39 -> 143.2035 | O23: =F23*$O$39 -> 0 | P23: =G23*$P$39 -> 46.70484 | Q23: =H23*$Q$39 -> 20.372 | R23: =SUM(K23:Q23) -> 6101.1292 | S23: =R23/I23 -> 35.266333 | T23: =J23/S23 -> 1.037817 | U23: =$U$39*$T23 -> 8.4063178 | V23: =$V$39*$T23 -> 22.728193 | W23: =$W$39*$T23 -> 62.269021 | X23: =$X$39*$T23 -> 31.13451 | Y23: =$Y$39*$T23 -> 20.75634 | Z23: =$Z$39*$T23 -> 41.512681 | AA23: =$AA$39*$T23 -> 809.49727 | AB23: =$AB$39*$T23 -> 5.1890851 | AC23: =$AC$39*$T23 -> 0.39625741 | AD23: =$AD$39*$T23 -> 1.7123981
A24: Lithuania | B24: 193.8321 | C24: 74.10027 | D24: 49.966294 | E24: 9.4059 | F24: 0 | G24: 0.167006 | H24: 7.4816 | I24: =SUM(B24:H24) -> 334.95317 | J24: 35.5 | K24: =B24*$K$39 -> 5814.9628 | L24: =C24*$L$39 -> 4446.0162 | M24: =D24*$M$39 -> 1498.9888 | N24: =E24*$N$39 -> 188.118 | O24: =F24*$O$39 -> 0 | P24: =G24*$P$39 -> 130.26468 | Q24: =H24*$Q$39 -> 37.408 | R24: =SUM(K24:Q24) -> 12115.759 | S24: =R24/I24 -> 36.1715 | T24: =J24/S24 -> 0.98143565 | U24: =$U$39*$T24 -> 7.9496288 | V24: =$V$39*$T24 -> 21.493441 | W24: =$W$39*$T24 -> 58.886139 | X24: =$X$39*$T24 -> 29.443069 | Y24: =$Y$39*$T24 -> 19.628713 | Z24: =$Z$39*$T24 -> 39.257426 | AA24: =$AA$39*$T24 -> 765.51981 | AB24: =$AB$39*$T24 -> 4.9071782 | AC24: =$AC$39*$T24 -> 0.37472998 | AD24: =$AD$39*$T24 -> 1.6193688
A25: Luxembourg | B25: 38.55599 | C25: 11.335905 | D25: 0.119734 | E25: 0.06768 | F25: 0 | G25: 0 | H25: 1.8896 | I25: =SUM(B25:H25) -> 51.968909 | J25: 40.6 | K25: =B25*$K$39 -> 1156.6797 | L25: =C25*$L$39 -> 680.1543 | M25: =D25*$M$39 -> 3.59202 | N25: =E25*$N$39 -> 1.3536 | O25: =F25*$O$39 -> 0 | P25: =G25*$P$39 -> 0 | Q25: =H25*$Q$39 -> 9.448 | R25: =SUM(K25:Q25) -> 1851.2276 | S25: =R25/I25 -> 35.62183 | T25: =J25/S25 -> 1.1397506 | U25: =$U$39*$T25 -> 9.2319795 | V25: =$V$39*$T25 -> 24.960537 | W25: =$W$39*$T25 -> 68.385033 | X25: =$X$39*$T25 -> 34.192517 | Y25: =$Y$39*$T25 -> 22.795011 | Z25: =$Z$39*$T25 -> 45.590022 | AA25: =$AA$39*$T25 -> 889.00543 | AB25: =$AB$39*$T25 -> 5.6987528 | AC25: =$AC$39*$T25 -> 0.43517748 | AD25: =$AD$39*$T25 -> 1.8805884
A26: Malta | B26: na | C26: na | D26: na | E26: na | F26: na | G26: na | H26: na | I26: na | J26: na | K26: na | L26: na | M26: na | N26: na | O26: na | P26: na | Q26: na | R26: na | S26: na | T26: na | U26: na | V26: na | W26: na | X26: na | Y26: na | Z26: na | AA26: na | AB26: na | AC26: na | AD26: na
A27: Netherlands | B27: 1042.7005 | C27: 1468.74 | D27: 414.67456 | E27: 111.43227 | F27: 46.605 | G27: 0.44898 | H27: 50.636 | I27: =SUM(B27:H27) -> 3135.2373 | J27: 68.4 | K27: =B27*$K$39 -> 31281.015 | L27: =C27*$L$39 -> 88124.4 | M27: =D27*$M$39 -> 12440.237 | N27: =E27*$N$39 -> 2228.6454 | O27: =F27*$O$39 -> 1864.2 | P27: =G27*$P$39 -> 350.2044 | Q27: =H27*$Q$39 -> 253.18 | R27: =SUM(K27:Q27) -> 136541.88 | S27: =R27/I27 -> 43.550733 | T27: =J27/S27 -> 1.5705821 | U27: =$U$39*$T27 -> 12.721715 | V27: =$V$39*$T27 -> 34.395747 | W27: =$W$39*$T27 -> 94.234924 | X27: =$X$39*$T27 -> 47.117462 | Y27: =$Y$39*$T27 -> 31.411641 | Z27: =$Z$39*$T27 -> 62.823283 | AA27: =$AA$39*$T27 -> 1225.054 | AB27: =$AB$39*$T27 -> 7.8529104 | AC27: =$AC$39*$T27 -> 0.59967679 | AD27: =$AD$39*$T27 -> 2.5914604
A28: Norway | B28: 215.68605 | C28: 126.04403 | D28: 75.971778 | E28: 101.39601 | F28: 1332.497 | G28: 0 | H28: 50 | I28: =SUM(B28:H28) -> 1901.5949 | J28: 3 | K28: =B28*$K$39 -> 6470.5815 | L28: =C28*$L$39 -> 7562.6415 | M28: =D28*$M$39 -> 2279.1533 | N28: =E28*$N$39 -> 2027.9201 | O28: =F28*$O$39 -> 53299.88 | P28: =G28*$P$39 -> 0 | Q28: =H28*$Q$39 -> 250 | R28: =SUM(K28:Q28) -> 71890.176 | S28: =R28/I28 -> 37.805201 | T28: =J28/S28 -> 0.07935416 | U28: =$U$39*$T28 -> 0.6427687 | V28: =$V$39*$T28 -> 1.7378561 | W28: =$W$39*$T28 -> 4.7612496 | X28: =$X$39*$T28 -> 2.3806248 | Y28: =$Y$39*$T28 -> 1.5870832 | Z28: =$Z$39*$T28 -> 3.1741664 | AA28: =$AA$39*$T28 -> 61.896245 | AB28: =$AB$39*$T28 -> 0.3967708 | AC28: =$AC$39*$T28 -> 0.030298861 | AD28: =$AD$39*$T28 -> 0.13093436
A29: Poland | B29: 1515.0054 | C29: 1484.5096 | D29: 1006.7534 | E29: 19.6734 | F29: 36.33581 | G29: 0 | H29: 82.84 | I29: =SUM(B29:H29) -> 4145.1177 | J29: 139.5 | K29: =B29*$K$39 -> 45450.163 | L29: =C29*$L$39 -> 89070.577 | M29: =D29*$M$39 -> 30202.603 | N29: =E29*$N$39 -> 393.468 | O29: =F29*$O$39 -> 1453.4324 | P29: =G29*$P$39 -> 0 | Q29: =H29*$Q$39 -> 414.2 | R29: =SUM(K29:Q29) -> 166984.44 | S29: =R29/I29 -> 40.284608 | T29: =J29/S29 -> 3.462861 | U29: =$U$39*$T29 -> 28.049174 | V29: =$V$39*$T29 -> 75.836656 | W29: =$W$39*$T29 -> 207.77166 | X29: =$X$39*$T29 -> 103.88583 | Y29: =$Y$39*$T29 -> 69.25722 | Z29: =$Z$39*$T29 -> 138.51444 | AA29: =$AA$39*$T29 -> 2701.0316 | AB29: =$AB$39*$T29 -> 17.314305 | AC29: =$AC$39*$T29 -> 1.3221833 | AD29: =$AD$39*$T29 -> 5.7137207
A30: Portugal | B30: 215.13584 | C30: 318.44017 | D30: 199.46332 | E30: 173.25594 | F30: 9.955 | G30: 7.5099234 | H30: 33.2 | I30: =SUM(B30:H30) -> 956.9602 | J30: 198.6 | K30: =B30*$K$39 -> 6454.0754 | L30: =C30*$L$39 -> 19106.41 | M30: =D30*$M$39 -> 5983.8997 | N30: =E30*$N$39 -> 3465.1188 | O30: =F30*$O$39 -> 398.2 | P30: =G30*$P$39 -> 5857.7403 | Q30: =H30*$Q$39 -> 166 | R30: =SUM(K30:Q30) -> 41431.444 | S30: =R30/I30 -> 43.294846 | T30: =J30/S30 -> 4.5871511 | U30: =$U$39*$T30 -> 37.155924 | V30: =$V$39*$T30 -> 100.45861 | W30: =$W$39*$T30 -> 275.22907 | X30: =$X$39*$T30 -> 137.61453 | Y30: =$Y$39*$T30 -> 91.743022 | Z30: =$Z$39*$T30 -> 183.48604 | AA30: =$AA$39*$T30 -> 3577.9779 | AB30: =$AB$39*$T30 -> 22.935756 | AC30: =$AC$39*$T30 -> 1.7514577 | AD30: =$AD$39*$T30 -> 7.5687993
A31: Romania | B31: 584.16697 | C31: 343.58436 | D31: 408.09563 | E31: 975.49645 | F31: 5.166 | G31: 0 | H31: 185.3216 | I31: =SUM(B31:H31) -> 2501.831 | J31: 109 | K31: =B31*$K$39 -> 17525.009 | L31: =C31*$L$39 -> 20615.062 | M31: =D31*$M$39 -> 12242.869 | N31: =E31*$N$39 -> 19509.929 | O31: =F31*$O$39 -> 206.64 | P31: =G31*$P$39 -> 0 | Q31: =H31*$Q$39 -> 926.608 | R31: =SUM(K31:Q31) -> 71026.117 | S31: =R31/I31 -> 28.389654 | T31: =J31/S31 -> 3.8394269 | U31: =$U$39*$T31 -> 31.099358 | V31: =$V$39*$T31 -> 84.083448 | W31: =$W$39*$T31 -> 230.36561 | X31: =$X$39*$T31 -> 115.18281 | Y31: =$Y$39*$T31 -> 76.788537 | Z31: =$Z$39*$T31 -> 153.57707 | AA31: =$AA$39*$T31 -> 2994.7529 | AB31: =$AB$39*$T31 -> 19.197134 | AC31: =$AC$39*$T31 -> 1.465963 | AD31: =$AD$39*$T31 -> 6.3350543
A32: Slovakia | B32: 98.84301 | C32: 60.227025 | D32: 52.975374 | E32: 31.80799 | F32: 2.657 | G32: 0 | H32: 2.7312 | I32: =SUM(B32:H32) -> 249.2416 | J32: 65.6 | K32: =B32*$K$39 -> 2965.2903 | L32: =C32*$L$39 -> 3613.6215 | M32: =D32*$M$39 -> 1589.2612 | N32: =E32*$N$39 -> 636.1598 | O32: =F32*$O$39 -> 106.28 | P32: =G32*$P$39 -> 0 | Q32: =H32*$Q$39 -> 13.656 | R32: =SUM(K32:Q32) -> 8924.2688 | S32: =R32/I32 -> 35.805696 | T32: =J32/S32 -> 1.8321108 | U32: =$U$39*$T32 -> 14.840097 | V32: =$V$39*$T32 -> 40.123226 | W32: =$W$39*$T32 -> 109.92665 | X32: =$X$39*$T32 -> 54.963323 | Y32: =$Y$39*$T32 -> 36.642215 | Z32: =$Z$39*$T32 -> 73.28443 | AA32: =$AA$39*$T32 -> 1429.0464 | AB32: =$AB$39*$T32 -> 9.1605538 | AC32: =$AC$39*$T32 -> 0.6995332 | AD32: =$AD$39*$T32 -> 3.0229827
A33: Slovenia | B33: 94.03469 | C33: 19.72072 | D33: 37.143734 | E33: 8.329335 | F33: 1.842 | G33: 0.0224476 | H33: 10.1476 | I33: =SUM(B33:H33) -> 171.24053 | J33: 33.3 | K33: =B33*$K$39 -> 2821.0407 | L33: =C33*$L$39 -> 1183.2432 | M33: =D33*$M$39 -> 1114.312 | N33: =E33*$N$39 -> 166.5867 | O33: =F33*$O$39 -> 73.68 | P33: =G33*$P$39 -> 17.509128 | Q33: =H33*$Q$39 -> 50.738 | R33: =SUM(K33:Q33) -> 5427.1097 | S33: =R33/I33 -> 31.692905 | T33: =J33/S33 -> 1.0507084 | U33: =$U$39*$T33 -> 8.5107376 | V33: =$V$39*$T33 -> 23.010513 | W33: =$W$39*$T33 -> 63.042501 | X33: =$X$39*$T33 -> 31.521251 | Y33: =$Y$39*$T33 -> 21.014167 | Z33: =$Z$39*$T33 -> 42.028334 | AA33: =$AA$39*$T33 -> 819.55251 | AB33: =$AB$39*$T33 -> 5.2535418 | AC33: =$AC$39*$T33 -> 0.40117955 | AD33: =$AD$39*$T33 -> 1.7336688
A34: Spain | B34: 867.5586 | C34: 3456.4353 | D34: 751.7228 | E34: 1387.0049 | F34: 305.734 | G34: 73.257577 | H34: 235.432 | I34: =SUM(B34:H34) -> 7077.1452 | J34: 418.8 | K34: =B34*$K$39 -> 26026.758 | L34: =C34*$L$39 -> 207386.12 | M34: =D34*$M$39 -> 22551.684 | N34: =E34*$N$39 -> 27740.097 | O34: =F34*$O$39 -> 12229.36 | P34: =G34*$P$39 -> 57140.91 | Q34: =H34*$Q$39 -> 1177.16 | R34: =SUM(K34:Q34) -> 354252.09 | S34: =R34/I34 -> 50.05579 | T34: =J34/S34 -> 8.3666645 | U34: =$U$39*$T34 -> 67.769983 | V34: =$V$39*$T34 -> 183.22995 | W34: =$W$39*$T34 -> 501.99987 | X34: =$X$39*$T34 -> 250.99994 | Y34: =$Y$39*$T34 -> 167.33329 | Z34: =$Z$39*$T34 -> 334.66658 | AA34: =$AA$39*$T34 -> 6525.9983 | AB34: =$AB$39*$T34 -> 41.833323 | AC34: =$AC$39*$T34 -> 3.1945446 | AD34: =$AD$39*$T34 -> 13.804997
A35: Sweden | B35: 308.28025 | C35: 203.38148 | D35: 93.40893 | E35: 49.3284 | F35: 11.152 | G35: 0 | H35: 145.2 | I35: =SUM(B35:H35) -> 810.75106 | J35: 11.1 | K35: =B35*$K$39 -> 9248.4075 | L35: =C35*$L$39 -> 12202.889 | M35: =D35*$M$39 -> 2802.2679 | N35: =E35*$N$39 -> 986.568 | O35: =F35*$O$39 -> 446.08 | P35: =G35*$P$39 -> 0 | Q35: =H35*$Q$39 -> 726 | R35: =SUM(K35:Q35) -> 26412.212 | S35: =R35/I35 -> 32.577462 | T35: =J35/S35 -> 0.34072635 | U35: =$U$39*$T35 -> 2.7598835 | V35: =$V$39*$T35 -> 7.4619072 | W35: =$W$39*$T35 -> 20.443581 | X35: =$X$39*$T35 -> 10.221791 | Y35: =$Y$39*$T35 -> 6.8145271 | Z35: =$Z$39*$T35 -> 13.629054 | AA35: =$AA$39*$T35 -> 265.76656 | AB35: =$AB$39*$T35 -> 1.7036318 | AC35: =$AC$39*$T35 -> 0.13009552 | AD35: =$AD$39*$T35 -> 0.56219848
A36: Switzerland | B36: 483.93773 | C36: 208.64852 | D36: 65.544565 | E36: 35.94052 | F36: 0 | G36: 1.0451826 | H36: 22.88 | I36: =SUM(B36:H36) -> 817.99652 | J36: 56.8 | K36: =B36*$K$39 -> 14518.132 | L36: =C36*$L$39 -> 12518.911 | M36: =D36*$M$39 -> 1966.337 | N36: =E36*$N$39 -> 718.8104 | O36: =F36*$O$39 -> 0 | P36: =G36*$P$39 -> 815.24243 | Q36: =H36*$Q$39 -> 114.4 | R36: =SUM(K36:Q36) -> 30651.833 | S36: =R36/I36 -> 37.471838 | T36: =J36/S36 -> 1.515805 | U36: =$U$39*$T36 -> 12.278021 | V36: =$V$39*$T36 -> 33.19613 | W36: =$W$39*$T36 -> 90.948301 | X36: =$X$39*$T36 -> 45.474151 | Y36: =$Y$39*$T36 -> 30.3161 | Z36: =$Z$39*$T36 -> 60.632201 | AA36: =$AA$39*$T36 -> 1182.3279 | AB36: =$AB$39*$T36 -> 7.5790251 | AC36: =$AC$39*$T36 -> 0.57876192 | AD36: =$AD$39*$T36 -> 2.5010783
A37: United Kingdom | B37: 1731.3223 | C37: 744.57772 | D37: 1041.6613 | E37: 2824.9173 | F37: 177 | G37: 0 | H37: 395.2 | I37: =SUM(B37:H37) -> 6914.6786 | J37: 62.3 | K37: =B37*$K$39 -> 51939.669 | L37: =C37*$L$39 -> 44674.663 | M37: =D37*$M$39 -> 31249.838 | N37: =E37*$N$39 -> 56498.346 | O37: =F37*$O$39 -> 7080 | P37: =G37*$P$39 -> 0 | Q37: =H37*$Q$39 -> 1976 | R37: =SUM(K37:Q37) -> 193418.52 | S37: =R37/I37 -> 27.972163 | T37: =J37/S37 -> 2.2272143 | U37: =$U$39*$T37 -> 18.040435 | V37: =$V$39*$T37 -> 48.775992 | W37: =$W$39*$T37 -> 133.63286 | X37: =$X$39*$T37 -> 66.816428 | Y37: =$Y$39*$T37 -> 44.544285 | Z37: =$Z$39*$T37 -> 89.08857 | AA37: =$AA$39*$T37 -> 1737.2271 | AB37: =$AB$39*$T37 -> 11.136071 | AC37: =$AC$39*$T37 -> 0.8503909 | AD37: =$AD$39*$T37 -> 3.6749035
A39: Standard, mg per kg | K39: ='Standard values'!B5 -> 30 | L39: ='Standard values'!D5 -> 60 | M39: ='Standard values'!E5 -> 30 | N39: ='Standard values'!F5 -> 20 | O39: ='Standard values'!G5 -> 40 | P39: ='Standard values'!H5 -> 780 | Q39: ='Standard values'!I5 -> 5 | U39: ='Standard values'!B6 -> 8.1 | V39: ='Standard values'!C6 -> 21.9 | W39: ='Standard values'!D6 -> 60 | X39: ='Standard values'!E6 -> 30 | Y39: ='Standard values'!F6 -> 20 | Z39: ='Standard values'!G6 -> 40 | AA39: ='Standard values'!H6 -> 780 | AB39: ='Standard values'!I6 -> 5 | ... AD39: ='Standard values'!K6 -> 1.65

Sheet 2015
A2: Use of antibiotics index 2015
A4: Actual use | B4: https://esvacbi.ema.europa.eu/analytics/saw.dll?Dashboard | K4: Expected use | U4: Antibiotic use index
A5: PCU tonne
A6: Country | B6: Cattle | C6: Pigs | D6: Poultry | E6: Sheep and goats | F6: Fish | G6: Rabbits | H6: Horses | I6: Total PCU (tonnes) | J6: mg/PCU | K6: Cattle | L6: Pigs | M6: Poultry | N6: Sheep and goats | O6: Fish | P6: Rabbits | Q6: Horses | R6: Total | S6: mg/PCU | T6: Actual use/ expected use | U6: Beef cattle | V6: Dairy cows | W6: Pigs | X6: Broiler | Y6: Sheep and goat | Z6: Fish | AA6: Rabbits | AB6: Horses | AC6: Egg | AD6: Milk
A7: Austria | B7: 438.19732 | C7: 373.80418 | D7: 79.159058 | E7: 33.63647 | F7: 0 | G7: 0 | H7: 31.9548 | I7: =SUM(B7:H7) -> 956.75183 | J7: 50.7 | K7: =B7*$K$39 -> 13145.92 | L7: =C7*$L$39 -> 22428.251 | M7: =D7*$M$39 -> 2374.7717 | N7: =E7*$N$39 -> 672.7294 | O7: =F7*$O$39 -> 0 | P7: =G7*$P$39 -> 0 | Q7: =H7*$Q$39 -> 159.774 | R7: =SUM(K7:Q7) -> 38781.446 | S7: =R7/I7 -> 40.534488 | T7: =J7/S7 -> 1.2507867 | U7: =$U$39*$T7 -> 10.131373 | V7: =$V$39*$T7 -> 27.39223 | W7: =$W$39*$T7 -> 75.047204 | X7: =$X$39*$T7 -> 37.523602 | Y7: =$Y$39*$T7 -> 25.015735 | Z7: =$Z$39*$T7 -> 50.031469 | AA7: =$AA$39*$T7 -> 975.61365 | AB7: =$AB$39*$T7 -> 6.2539337 | AC7: =$AC$39*$T7 -> 0.47757312 | AD7: =$AD$39*$T7 -> 2.0637981
A8: Belgium | B8: 457.06509 | C8: 905.21759 | D8: 221.17026 | E8: 16.44241 | F8: 0 | G8: 4.2145712 | H8: 115.2888 | I8: =SUM(B8:H8) -> 1719.3987 | J8: 149.9 | K8: =B8*$K$39 -> 13711.953 | L8: =C8*$L$39 -> 54313.056 | M8: =D8*$M$39 -> 6635.1079 | N8: =E8*$N$39 -> 328.8482 | O8: =F8*$O$39 -> 0 | P8: =G8*$P$39 -> 3287.3655 | Q8: =H8*$Q$39 -> 576.444 | R8: =SUM(K8:Q8) -> 78852.774 | S8: =R8/I8 -> 45.860668 | T8: =J8/S8 -> 3.2685961 | U8: =$U$39*$T8 -> 26.475628 | V8: =$V$39*$T8 -> 71.582255 | W8: =$W$39*$T8 -> 196.11577 | X8: =$X$39*$T8 -> 98.057883 | Y8: =$Y$39*$T8 -> 65.371922 | Z8: =$Z$39*$T8 -> 130.74384 | AA8: =$AA$39*$T8 -> 2549.505 | AB8: =$AB$39*$T8 -> 16.34298 | AC8: =$AC$39*$T8 -> 1.2480094 | AD8: =$AD$39*$T8 -> 5.3931836
A9: Bulgaria | B9: 129.4483 | C9: 73.10593 | D9: 45.9062 | E9: 96.32195 | F9: 0 | G9: 0.0728 | H9: 35.1852 | I9: =SUM(B9:H9) -> 380.04037 | J9: 121.8 | K9: =B9*$K$39 -> 3883.4489 | L9: =C9*$L$39 -> 4386.3558 | M9: =D9*$M$39 -> 1377.186 | N9: =E9*$N$39 -> 1926.439 | O9: =F9*$O$39 -> 0 | P9: =G9*$P$39 -> 56.784 | Q9: =H9*$Q$39 -> 175.926 | R9: =SUM(K9:Q9) -> 11806.14 | S9: =R9/I9 -> 31.065488 | T9: =J9/S9 -> 3.9207496 | U9: =$U$39*$T9 -> 31.758072 | V9: =$V$39*$T9 -> 85.864417 | W9: =$W$39*$T9 -> 235.24498 | X9: =$X$39*$T9 -> 117.62249 | Y9: =$Y$39*$T9 -> 78.414993 | Z9: =$Z$39*$T9 -> 156.82999 | AA9: =$AA$39*$T9 -> 3058.1847 | AB9: =$AB$39*$T9 -> 19.603748 | AC9: =$AC$39*$T9 -> 1.4970135 | AD9: =$AD$39*$T9 -> 6.4692369
A10: Croatia | B10: 111.73718 | C10: 81.08711 | D10: 42.428705 | E10: 46.517245 | F10: 16.875 | G10: 0.0082446 | H10: 8.726 | I10: =SUM(B10:H10) -> 307.37948 | J10: 90.5 | K10: =B10*$K$39 -> 3352.1154 | L10: =C10*$L$39 -> 4865.2266 | M10: =D10*$M$39 -> 1272.8611 | N10: =E10*$N$39 -> 930.3449 | O10: =F10*$O$39 -> 675 | P10: =G10*$P$39 -> 6.430788 | Q10: =H10*$Q$39 -> 43.63 | R10: =SUM(K10:Q10) -> 11145.609 | S10: =R10/I10 -> 36.260093 | T10: =J10/S10 -> 2.4958568 | U10: =$U$39*$T10 -> 20.21644 | V10: =$V$39*$T10 -> 54.659263 | W10: =$W$39*$T10 -> 149.75141 | X10: =$X$39*$T10 -> 74.875703 | Y10: =$Y$39*$T10 -> 49.917136 | Z10: =$Z$39*$T10 -> 99.834271 | AA10: =$AA$39*$T10 -> 1946.7683 | AB10: =$AB$39*$T10 -> 12.479284 | AC10: =$AC$39*$T10 -> 0.9529635 | AD10: =$AD$39*$T10 -> 4.1181637
A11: Cyprus | B11: 21.255955 | C11: 46.12046 | D11: 12.52576 | E11: 46.90746 | F11: 5.459 | G11: 0.0552272 | H11: 1.552 | I11: =SUM(B11:H11) -> 133.87586 | J11: 350.2 | K11: =B11*$K$39 -> 637.67865 | L11: =C11*$L$39 -> 2767.2276 | M11: =D11*$M$39 -> 375.7728 | N11: =E11*$N$39 -> 938.1492 | O11: =F11*$O$39 -> 218.36 | P11: =G11*$P$39 -> 43.077216 | Q11: =H11*$Q$39 -> 7.76 | R11: =SUM(K11:Q11) -> 4988.0255 | S11: =R11/I11 -> 37.258587 | T11: =J11/S11 -> 9.3991755 | U11: =$U$39*$T11 -> 76.133322 | V11: =$V$39*$T11 -> 205.84194 | W11: =$W$39*$T11 -> 563.95053 | X11: =$X$39*$T11 -> 281.97527 | Y11: =$Y$39*$T11 -> 187.98351 | Z11: =$Z$39*$T11 -> 375.96702 | AA11: =$AA$39*$T11 -> 7331.3569 | AB11: =$AB$39*$T11 -> 46.995878 | AC11: =$AC$39*$T11 -> 3.5887761 | AD11: =$AD$39*$T11 -> 15.50864
A12: Czech Republic | B12: 294.68142 | C12: 201.97618 | D12: 122.22558 | E12: 17.97655 | F12: 20.1 | G12: 7.2114 | H12: 33.8812 | I12: =SUM(B12:H12) -> 698.05233 | J12: 68 | K12: =B12*$K$39 -> 8840.4428 | L12: =C12*$L$39 -> 12118.571 | M12: =D12*$M$39 -> 3666.7673 | N12: =E12*$N$39 -> 359.531 | O12: =F12*$O$39 -> 804 | P12: =G12*$P$39 -> 5624.892 | Q12: =H12*$Q$39 -> 169.406 | R12: =SUM(K12:Q12) -> 31583.61 | S12: =R12/I12 -> 45.245332 | T12: =J12/S12 -> 1.5029175 | U12: =$U$39*$T12 -> 12.173631 | V12: =$V$39*$T12 -> 32.913892 | W12: =$W$39*$T12 -> 90.175048 | X12: =$X$39*$T12 -> 45.087524 | Y12: =$Y$39*$T12 -> 30.058349 | Z12: =$Z$39*$T12 -> 60.116698 | AA12: =$AA$39*$T12 -> 1172.2756 | AB12: =$AB$39*$T12 -> 7.5145873 | AC12: =$AC$39*$T12 -> 0.57384121 | AD12: =$AD$39*$T12 -> 2.4798138
A13: Denmark | B13: 389.01738 | C13: 1783.5149 | D13: 116.4095 | E13: 12.47535 | F13: 44 | G13: 0 | H13: 70 | I13: =SUM(B13:H13) -> 2415.4171 | J13: 41.8 | K13: =B13*$K$39 -> 11670.521 | L13: =C13*$L$39 -> 107010.89 | M13: =D13*$M$39 -> 3492.285 | N13: =E13*$N$39 -> 249.507 | O13: =F13*$O$39 -> 1760 | P13: =G13*$P$39 -> 0 | Q13: =H13*$Q$39 -> 350 | R13: =SUM(K13:Q13) -> 124533.21 | S13: =R13/I13 -> 51.55764 | T13: =J13/S13 -> 0.81074308 | U13: =$U$39*$T13 -> 6.5670189 | V13: =$V$39*$T13 -> 17.755273 | W13: =$W$39*$T13 -> 48.644585 | X13: =$X$39*$T13 -> 24.322292 | Y13: =$Y$39*$T13 -> 16.214862 | Z13: =$Z$39*$T13 -> 32.429723 | AA13: =$AA$39*$T13 -> 632.3796 | AB13: =$AB$39*$T13 -> 4.0537154 | AC13: =$AC$39*$T13 -> 0.30955645 | AD13: =$AD$39*$T13 -> 1.3377261
A14: Estonia | B14: 64.20947 | C14: 45.11156 | D14: 2.604855 | E14: 6.68668 | F14: 0.7983 | G14: 0 | H14: 4.02 | I14: =SUM(B14:H14) -> 123.43086 | J14: 64.9 | K14: =B14*$K$39 -> 1926.2841 | L14: =C14*$L$39 -> 2706.6936 | M14: =D14*$M$39 -> 78.14565 | N14: =E14*$N$39 -> 133.7336 | O14: =F14*$O$39 -> 31.932 | P14: =G14*$P$39 -> 0 | Q14: =H14*$Q$39 -> 20.1 | R14: =SUM(K14:Q14) -> 4896.8889 | S14: =R14/I14 -> 39.673132 | T14: =J14/S14 -> 1.6358678 | U14: =$U$39*$T14 -> 13.250529 | V14: =$V$39*$T14 -> 35.825506 | W14: =$W$39*$T14 -> 98.15207 | X14: =$X$39*$T14 -> 49.076035 | Y14: =$Y$39*$T14 -> 32.717357 | Z14: =$Z$39*$T14 -> 65.434714 | AA14: =$AA$39*$T14 -> 1275.9769 | AB14: =$AB$39*$T14 -> 8.1793392 | AC14: =$AC$39*$T14 -> 0.62460408 | AD14: =$AD$39*$T14 -> 2.6991819
A15: Finland | B15: 226.90289 | C15: 164.50049 | D15: 70.221594 | E15: 12.82604 | F15: 14.877 | G15: 0 | H15: 29.68 | I15: =SUM(B15:H15) -> 519.00801 | J15: 19.9 | K15: =B15*$K$39 -> 6807.0867 | L15: =C15*$L$39 -> 9870.0294 | M15: =D15*$M$39 -> 2106.6478 | N15: =E15*$N$39 -> 256.5208 | O15: =F15*$O$39 -> 595.08 | P15: =G15*$P$39 -> 0 | Q15: =H15*$Q$39 -> 148.4 | R15: =SUM(K15:Q15) -> 19783.765 | S15: =R15/I15 -> 38.118419 | T15: =J15/S15 -> 0.52205733 | U15: =$U$39*$T15 -> 4.2286644 | V15: =$V$39*$T15 -> 11.433056 | W15: =$W$39*$T15 -> 31.32344 | X15: =$X$39*$T15 -> 15.66172 | Y15: =$Y$39*$T15 -> 10.441147 | Z15: =$Z$39*$T15 -> 20.882293 | AA15: =$AA$39*$T15 -> 407.20472 | AB15: =$AB$39*$T15 -> 2.6102867 | AC15: =$AC$39*$T15 -> 0.19933098 | AD15: =$AD$39*$T15 -> 0.8613946
A16: France | B16: 3213.8163 | C16: 1816.6335 | D16: 1168.7755 | E16: 632.18406 | F16: 44.595 | G16: 51.38 | H16: 294.1808 | I16: =SUM(B16:H16) -> 7221.5651 | J16: 69.4 | K16: =B16*$K$39 -> 96414.489 | L16: =C16*$L$39 -> 108998.01 | M16: =D16*$M$39 -> 35063.264 | N16: =E16*$N$39 -> 12643.681 | O16: =F16*$O$39 -> 1783.8 | P16: =G16*$P$39 -> 40076.4 | Q16: =H16*$Q$39 -> 1470.904 | R16: =SUM(K16:Q16) -> 296450.55 | S16: =R16/I16 -> 41.050734 | T16: =J16/S16 -> 1.690591 | U16: =$U$39*$T16 -> 13.693787 | V16: =$V$39*$T16 -> 37.023942 | W16: =$W$39*$T16 -> 101.43546 | X16: =$X$39*$T16 -> 50.717729 | Y16: =$Y$39*$T16 -> 33.811819 | Z16: =$Z$39*$T16 -> 67.623639 | AA16: =$AA$39*$T16 -> 1318.661 | AB16: =$AB$39*$T16 -> 8.4529548 | AC16: =$AC$39*$T16 -> 0.64549837 | AD16: =$AD$39*$T16 -> 2.7894751
A17: Germany | B17: 3167.4523 | C17: 3901.1782 | D17: 1067.3924 | E17: 137.7218 | F17: 26.9 | G17: 33.6 | H17: 356 | I17: =SUM(B17:H17) -> 8690.2447 | J17: 98.2 | K17: =B17*$K$39 -> 95023.568 | L17: =C17*$L$39 -> 234070.7 | M17: =D17*$M$39 -> 32021.772 | N17: =E17*$N$39 -> 2754.436 | O17: =F17*$O$39 -> 1076 | P17: =G17*$P$39 -> 26208 | Q17: =H17*$Q$39 -> 1780 | R17: =SUM(K17:Q17) -> 392934.47 | S17: =R17/I17 -> 45.215582 | T17: =J17/S17 -> 2.1718177 | U17: =$U$39*$T17 -> 17.591723 | V17: =$V$39*$T17 -> 47.562807 | W17: =$W$39*$T17 -> 130.30906 | X17: =$X$39*$T17 -> 65.15453 | Y17: =$Y$39*$T17 -> 43.436354 | Z17: =$Z$39*$T17 -> 86.872707 | AA17: =$AA$39*$T17 -> 1694.0178 | AB17: =$AB$39*$T17 -> 10.859088 | AC17: =$AC$39*$T17 -> 0.82923948 | AD17: =$AD$39*$T17 -> 3.5834992
A18: Greece | B18: 104.18515 | C18: 130.24918 | D18: 115.69967 | E18: 798.80738 | F18: 89.3349 | G18: 2.8632422 | H18: 5.9548 | I18: =SUM(B18:H18) -> 1247.0943 | J18: 58.2 | K18: =B18*$K$39 -> 3125.5544 | L18: =C18*$L$39 -> 7814.9505 | M18: =D18*$M$39 -> 3470.9901 | N18: =E18*$N$39 -> 15976.148 | O18: =F18*$O$39 -> 3573.396 | P18: =G18*$P$39 -> 2233.3289 | Q18: =H18*$Q$39 -> 29.774 | R18: =SUM(K18:Q18) -> 36224.141 | S18: =R18/I18 -> 29.046834 | T18: =J18/S18 -> 2.0036607 | U18: =$U$39*$T18 -> 16.229652 | V18: =$V$39*$T18 -> 43.88017 | W18: =$W$39*$T18 -> 120.21964 | X18: =$X$39*$T18 -> 60.109821 | Y18: =$Y$39*$T18 -> 40.073214 | Z18: =$Z$39*$T18 -> 80.146428 | AA18: =$AA$39*$T18 -> 1562.8554 | AB18: =$AB$39*$T18 -> 10.018304 | AC18: =$AC$39*$T18 -> 0.76503409 | AD18: =$AD$39*$T18 -> 3.3060402
... A25: Luxembourg | B25: 39.799535 | C25: 10.92833 | D25: 0.120089 | E25: 0.07742 | F25: 0 | G25: 0 | H25: 1.8868 | I25: =SUM(B25:H25) -> 52.812174 | J25: 34.5 | K25: =B25*$K$39 -> 1193.986 | L25: =C25*$L$39 -> 655.6998 | M25: =D25*$M$39 -> 3.60267 | N25: =E25*$N$39 -> 1.5484 | O25: =F25*$O$39 -> 0 | P25: =G25*$P$39 -> 0 | Q25: =H25*$Q$39 -> 9.434 | R25: =SUM(K25:Q25) -> 1864.2709 | S25: =R25/I25 -> 35.300022 | T25: =J25/S25 -> 0.97733649 | U25: =$U$39*$T25 -> 7.9164256 | V25: =$V$39*$T25 -> 21.403669 | W25: =$W$39*$T25 -> 58.64019 | X25: =$X$39*$T25 -> 29.320095 | Y25: =$Y$39*$T25 -> 19.54673 | Z25: =$Z$39*$T25 -> 39.09346 | AA25: =$AA$39*$T25 -> 762.32246 | AB25: =$AB$39*$T25 -> 4.8866825 | AC25: =$AC$39*$T25 -> 0.37316484 | AD25: =$AD$39*$T25 -> 1.6126052
A26: Malta | B26: na | C26: na | D26: na | E26: na | F26: na | G26: na | H26: na | I26: na | J26: na | K26: na | L26: na | M26: na | N26: na | O26: na | P26: na | Q26: na | R26: na | S26: na | T26: na | U26: na | V26: na | W26: na | X26: na | Y26: na | Z26: na | AA26: na | AB26: na | AC26: na | AD26: na
A27: Netherlands | B27: 1055.0956 | C27: 1660.8348 | D27: 404.26046 | E27: 87.745285 | F27: 62.204 | G27: 0.5335862 | H27: 47.354 | I27: =SUM(B27:H27) -> 3318.0278 | J27: 64.4 | K27: =B27*$K$39 -> 31652.869 | L27: =C27*$L$39 -> 99650.09 | M27: =D27*$M$39 -> 12127.814 | N27: =E27*$N$39 -> 1754.9057 | O27: =F27*$O$39 -> 2488.16 | P27: =G27*$P$39 -> 416.19724 | Q27: =H27*$Q$39 -> 236.77 | R27: =SUM(K27:Q27) -> 148326.81 | S27: =R27/I27 -> 44.703304 | T27: =J27/S27 -> 1.4406094 | U27: =$U$39*$T27 -> 11.668936 | V27: =$V$39*$T27 -> 31.549346 | W27: =$W$39*$T27 -> 86.436564 | X27: =$X$39*$T27 -> 43.218282 | Y27: =$Y$39*$T27 -> 28.812188 | Z27: =$Z$39*$T27 -> 57.624376 | AA27: =$AA$39*$T27 -> 1123.6753 | AB27: =$AB$39*$T27 -> 7.203047 | AC27: =$AC$39*$T27 -> 0.55005086 | AD27: =$AD$39*$T27 -> 2.3770055
A28: Norway | B28: 213.79447 | C28: 126.33798 | D28: 65.163349 | E28: 104.40954 | F28: 1388.319 | G28: 0 | H28: 50 | I28: =SUM(B28:H28) -> 1948.0243 | J28: 2.8 | K28: =B28*$K$39 -> 6413.834 | L28: =C28*$L$39 -> 7580.2788 | M28: =D28*$M$39 -> 1954.9005 | N28: =E28*$N$39 -> 2088.1909 | O28: =F28*$O$39 -> 55532.76 | P28: =G28*$P$39 -> 0 | Q28: =H28*$Q$39 -> 250 | R28: =SUM(K28:Q28) -> 73819.964 | S28: =R28/I28 -> 37.894785 | T28: =J28/S28 -> 0.073888794 | U28: =$U$39*$T28 -> 0.59849923 | V28: =$V$39*$T28 -> 1.6181646 | W28: =$W$39*$T28 -> 4.4333277 | X28: =$X$39*$T28 -> 2.2166638 | Y28: =$Y$39*$T28 -> 1.4777759 | Z28: =$Z$39*$T28 -> 2.9555518 | AA28: =$AA$39*$T28 -> 57.63326 | AB28: =$AB$39*$T28 -> 0.36944397 | AC28: =$AC$39*$T28 -> 0.028212085 | AD28: =$AD$39*$T28 -> 0.12191651
A29: Poland | B29: 1521.2479 | C29: 1412.2472 | D29: 1118.0534 | E29: 18.18432 | F29: 33.5596 | G29: 1.529318 | H29: 121.3436 | I29: =SUM(B29:H29) -> 4226.1654 | J29: 137.9 | K29: =B29*$K$39 -> 45637.437 | L29: =C29*$L$39 -> 84734.834 | M29: =D29*$M$39 -> 33541.602 | N29: =E29*$N$39 -> 363.6864 | O29: =F29*$O$39 -> 1342.384 | P29: =G29*$P$39 -> 1192.868 | Q29: =H29*$Q$39 -> 606.718 | R29: =SUM(K29:Q29) -> 167419.53 | S29: =R29/I29 -> 39.614997 | T29: =J29/S29 -> 3.4810049 | U29: =$U$39*$T29 -> 28.19614 | V29: =$V$39*$T29 -> 76.234008 | W29: =$W$39*$T29 -> 208.86029 | X29: =$X$39*$T29 -> 104.43015 | Y29: =$Y$39*$T29 -> 69.620098 | Z29: =$Z$39*$T29 -> 139.2402 | AA29: =$AA$39*$T29 -> 2715.1838 | AB29: =$AB$39*$T29 -> 17.405025 | AC29: =$AC$39*$T29 -> 1.329111 | AD29: =$AD$39*$T29 -> 5.7436581
A30: Portugal | B30: 229.18103 | C30: 343.52569 | D30: 214.48648 | E30: 173.52373 | F30: 11.218 | G30: 6.8047742 | H30: 29.6 | I30: =SUM(B30:H30) -> 1008.3397 | J30: 168.4 | K30: =B30*$K$39 -> 6875.4308 | L30: =C30*$L$39 -> 20611.541 | M30: =D30*$M$39 -> 6434.5945 | N30: =E30*$N$39 -> 3470.4746 | O30: =F30*$O$39 -> 448.72 | P30: =G30*$P$39 -> 5307.7239 | Q30: =H30*$Q$39 -> 148 | R30: =SUM(K30:Q30) -> 43296.485 | S30: =R30/I30 -> 42.938392 | T30: =J30/S30 -> 3.9218982 | U30: =$U$39*$T30 -> 31.767375 | V30: =$V$39*$T30 -> 85.88957 | W30: =$W$39*$T30 -> 235.31389 | X30: =$X$39*$T30 -> 117.65695 | Y30: =$Y$39*$T30 -> 78.437963 | Z30: =$Z$39*$T30 -> 156.87593 | AA30: =$AA$39*$T30 -> 3059.0806 | AB30: =$AB$39*$T30 -> 19.609491 | AC30: =$AC$39*$T30 -> 1.497452 | AD30: =$AD$39*$T30 -> 6.471132
A31: Romania | B31: 613.77704 | C31: 336.93891 | D31: 422.78375 | E31: 997.66206 | F31: 4.454 | G31: 0 | H31: 183.0132 | I31: =SUM(B31:H31) -> 2558.629 | J31: 100.5 | K31: =B31*$K$39 -> 18413.311 | L31: =C31*$L$39 -> 20216.335 | M31: =D31*$M$39 -> 12683.512 | N31: =E31*$N$39 -> 19953.241 | O31: =F31*$O$39 -> 178.16 | P31: =G31*$P$39 -> 0 | Q31: =H31*$Q$39 -> 915.066 | R31: =SUM(K31:Q31) -> 72359.625 | S31: =R31/I31 -> 28.280625 | T31: =J31/S31 -> 3.5536697 | U31: =$U$39*$T31 -> 28.784725 | V31: =$V$39*$T31 -> 77.825367 | W31: =$W$39*$T31 -> 213.22018 | X31: =$X$39*$T31 -> 106.61009 | Y31: =$Y$39*$T31 -> 71.073395 | Z31: =$Z$39*$T31 -> 142.14679 | AA31: =$AA$39*$T31 -> 2771.8624 | AB31: =$AB$39*$T31 -> 17.768349 | AC31: =$AC$39*$T31 -> 1.3568557 | AD31: =$AD$39*$T31 -> 5.863555
A32: Slovakia | B32: 96.405915 | C32: 60.687955 | D32: 54.218914 | E32: 30.98076 | F32: 1.25358 | G32: 0 | H32: 3.7076 | I32: =SUM(B32:H32) -> 247.25472 | J32: 50.8 | K32: =B32*$K$39 -> 2892.1774 | L32: =C32*$L$39 -> 3641.2773 | M32: =D32*$M$39 -> 1626.5674 | N32: =E32*$N$39 -> 619.6152 | O32: =F32*$O$39 -> 50.1432 | P32: =G32*$P$39 -> 0 | Q32: =H32*$Q$39 -> 18.538 | R32: =SUM(K32:Q32) -> 8848.3186 | S32: =R32/I32 -> 35.786247 | T32: =J32/S32 -> 1.4195398 | U32: =$U$39*$T32 -> 11.498272 | V32: =$V$39*$T32 -> 31.087921 | W32: =$W$39*$T32 -> 85.172385 | X32: =$X$39*$T32 -> 42.586193 | Y32: =$Y$39*$T32 -> 28.390795 | Z32: =$Z$39*$T32 -> 56.78159 | AA32: =$AA$39*$T32 -> 1107.241 | AB32: =$AB$39*$T32 -> 7.0976988 | AC32: =$AC$39*$T32 -> 0.54200609 | AD32: =$AD$39*$T32 -> 2.3422406
A33: Slovenia | B33: 95.63798 | C33: 18.873025 | D33: 37.987957 | E33: 8.48647 | F33: 1.9272 | G33: 0.0156114 | H33: 10.2076 | I33: =SUM(B33:H33) -> 173.13584 | J33: 26.3 | K33: =B33*$K$39 -> 2869.1394 | L33: =C33*$L$39 -> 1132.3815 | M33: =D33*$M$39 -> 1139.6387 | N33: =E33*$N$39 -> 169.7294 | O33: =F33*$O$39 -> 77.088 | P33: =G33*$P$39 -> 12.176892 | Q33: =H33*$Q$39 -> 51.038 | R33: =SUM(K33:Q33) -> 5451.1919 | S33: =R33/I33 -> 31.485057 | T33: =J33/S33 -> 0.83531689 | U33: =$U$39*$T33 -> 6.7660668 | V33: =$V$39*$T33 -> 18.29344 | W33: =$W$39*$T33 -> 50.119014 | X33: =$X$39*$T33 -> 25.059507 | Y33: =$Y$39*$T33 -> 16.706338 | Z33: =$Z$39*$T33 -> 33.412676 | AA33: =$AA$39*$T33 -> 651.54718 | AB33: =$AB$39*$T33 -> 4.1765845 | AC33: =$AC$39*$T33 -> 0.31893918 | AD33: =$AD$39*$T33 -> 1.3782729
A34: Spain | B34: 940.88062 | C34: 3660.048 | D34: 793.19381 | E34: 1476.8673 | F34: 335.237 | G34: 72.632389 | H34: 252.9364 | I34: =SUM(B34:H34) -> 7531.7955 | J34: 402 | K34: =B34*$K$39 -> 28226.419 | L34: =C34*$L$39 -> 219602.88 | M34: =D34*$M$39 -> 23795.814 | N34: =E34*$N$39 -> 29537.346 | O34: =F34*$O$39 -> 13409.48 | P34: =G34*$P$39 -> 56653.264 | Q34: =H34*$Q$39 -> 1264.682 | R34: =SUM(K34:Q34) -> 372489.88 | S34: =R34/I34 -> 49.455655 | T34: =J34/S34 -> 8.128494 | U34: =$U$39*$T34 -> 65.840802 | V34: =$V$39*$T34 -> 178.01402 | W34: =$W$39*$T34 -> 487.70964 | X34: =$X$39*$T34 -> 243.85482 | Y34: =$Y$39*$T34 -> 162.56988 | Z34: =$Z$39*$T34 -> 325.13976 | AA34: =$AA$39*$T34 -> 6340.2254 | AB34: =$AB$39*$T34 -> 40.64247 | AC34: =$AC$39*$T34 -> 3.1036068 | AD34: =$AD$39*$T34 -> 13.412015
A35: Sweden | B35: 305.45995 | C35: 200.21307 | D35: 97.139255 | E35: 49.750075 | F35: 10.752 | G35: 0 | H35: 145.08 | I35: =SUM(B35:H35) -> 808.39435 | J35: 11.4 | K35: =B35*$K$39 -> 9163.7985 | L35: =C35*$L$39 -> 12012.784 | M35: =D35*$M$39 -> 2914.1777 | N35: =E35*$N$39 -> 995.0015 | O35: =F35*$O$39 -> 430.08 | P35: =G35*$P$39 -> 0 | Q35: =H35*$Q$39 -> 725.4 | R35: =SUM(K35:Q35) -> 26241.242 | S35: =R35/I35 -> 32.460942 | T35: =J35/S35 -> 0.35119129 | U35: =$U$39*$T35 -> 2.8446495 | V35: =$V$39*$T35 -> 7.6910893 | W35: =$W$39*$T35 -> 21.071478 | X35: =$X$39*$T35 -> 10.535739 | Y35: =$Y$39*$T35 -> 7.0238258 | Z35: =$Z$39*$T35 -> 14.047652 | AA35: =$AA$39*$T35 -> 273.92921 | AB35: =$AB$39*$T35 -> 1.7559565 | AC35: =$AC$39*$T35 -> 0.13409122 | AD35: =$AD$39*$T35 -> 0.57946563
A36: Switzerland | B36: 484.60971 | C36: 208.30492 | D36: 66.953873 | E36: 31.530315 | F36: 0 | G36: 0.8330308 | H36: 22.1672 | I36: =SUM(B36:H36) -> 814.39905 | J36: 50.6 | K36: =B36*$K$39 -> 14538.291 | L36: =C36*$L$39 -> 12498.295 | M36: =D36*$M$39 -> 2008.6162 | N36: =E36*$N$39 -> 630.6063 | O36: =F36*$O$39 -> 0 | P36: =G36*$P$39 -> 649.76402 | Q36: =H36*$Q$39 -> 110.836 | R36: =SUM(K36:Q36) -> 30436.409 | S36: =R36/I36 -> 37.372845 | T36: =J36/S36 -> 1.3539242 | U36: =$U$39*$T36 -> 10.966786 | V36: =$V$39*$T36 -> 29.650941 | W36: =$W$39*$T36 -> 81.235454 | X36: =$X$39*$T36 -> 40.617727 | Y36: =$Y$39*$T36 -> 27.078485 | Z36: =$Z$39*$T36 -> 54.156969 | AA36: =$AA$39*$T36 -> 1056.0609 | AB36: =$AB$39*$T36 -> 6.7696212 | AC36: =$AC$39*$T36 -> 0.51695289 | AD36: =$AD$39*$T36 -> 2.233975
A37: United Kingdom | B37: 1743.0265 | C37: 769.66737 | D37: 1082.421 | E37: 2795.6398 | F37: 193.094 | G37: 0 | H37: 377.6 | I37: =SUM(B37:H37) -> 6961.4487 | J37: 56.5 | K37: =B37*$K$39 -> 52290.795 | L37: =C37*$L$39 -> 46180.042 | M37: =D37*$M$39 -> 32472.629 | N37: =E37*$N$39 -> 55912.796 | O37: =F37*$O$39 -> 7723.76 | P37: =G37*$P$39 -> 0 | Q37: =H37*$Q$39 -> 1888 | R37: =SUM(K37:Q37) -> 196468.02 | S37: =R37/I37 -> 28.22229 | T37: =J37/S37 -> 2.0019637 | U37: =$U$39*$T37 -> 16.215906 | V37: =$V$39*$T37 -> 43.843005 | W37: =$W$39*$T37 -> 120.11782 | X37: =$X$39*$T37 -> 60.058911 | Y37: =$Y$39*$T37 -> 40.039274 | Z37: =$Z$39*$T37 -> 80.078548 | AA37: =$AA$39*$T37 -> 1561.5317 | AB37: =$AB$39*$T37 -> 10.009818 | AC37: =$AC$39*$T37 -> 0.76438614 | AD37: =$AD$39*$T37 -> 3.3032401
A39: Standard, mg per kg | K39: ='Standard values'!B5 -> 30 | L39: ='Standard values'!D5 -> 60 | M39: ='Standard values'!E5 -> 30 | N39: ='Standard values'!F5 -> 20 | O39: ='Standard values'!G5 -> 40 | P39: ='Standard values'!H5 -> 780 | Q39: ='Standard values'!I5 -> 5 | U39: ='Standard values'!B6 -> 8.1 | V39: ='Standard values'!C6 -> 21.9 | W39: ='Standard values'!D6 -> 60 | X39: ='Standard values'!E6 -> 30 | Y39: ='Standard values'!F6 -> 20 | Z39: ='Standard values'!G6 -> 40 | AA39: ='Standard values'!H6 -> 780 | AB39: ='Standard values'!I6 -> 5 | ... AD39: ='Standard values'!K6 -> 1.65

Sheet 2016
A2: Use of antibiotics index 2016 | AE2: Use of antibiotics index 2016
A4: Actual use | B4: https://esvacbi.ema.europa.eu/analytics/saw.dll?Dashboard | K4: Expected use | U4: Antibiotic use index | AE4: Actual use
A5: PCU tonne | AE5: PCU tonne
A6: Country | B6: Cattle | C6: Pigs | D6: Poultry | E6: Sheep and goats | F6: Fish | G6: Rabbits | H6: Horses | I6: Total PCU (tonnes) | J6: mg/PCU | K6: Cattle | L6: Pigs | M6: Poultry | N6: Sheep and goats | O6: Fish | P6: Rabbits | Q6: Horses | R6: Total | S6: mg/PCU | T6: Actual use/ expected use | U6: Beef cattle | V6: Dairy cows | W6: Pigs | X6: Broiler | Y6: Sheep and goat | Z6: Fish | AA6: Rabbits | AB6: Horses | AC6: Egg | AD6: Milk | AE6: Country
A7: Austria | B7: 441.31009 | C7: 369.0727 | D7: 79.879112 | E7: 34.92082 | F7: 0 | G7: 0 | H7: 31.9548 | I7: =SUM(B7:H7) -> 957.13752 | J7: 46.1 | K7: =B7*$K$39 -> 13239.303 | L7: =C7*$L$39 -> 22144.362 | M7: =D7*$M$39 -> 2396.3734 | N7: =E7*$N$39 -> 698.4164 | O7: =F7*$O$39 -> 0 | P7: =G7*$P$39 -> 0 | Q7: =H7*$Q$39 -> 159.774 | R7: =SUM(K7:Q7) -> 38638.228 | S7: =R7/I7 -> 40.368523 | T7: =J7/S7 -> 1.1419789 | U7: =$U$39*$T7 -> 9.2500287 | V7: =$V$39*$T7 -> 25.009337 | W7: =$W$39*$T7 -> 68.518731 | X7: =$X$39*$T7 -> 34.259366 | Y7: =$Y$39*$T7 -> 22.839577 | Z7: =$Z$39*$T7 -> 45.679154 | AA7: =$AA$39*$T7 -> 890.74351 | AB7: =$AB$39*$T7 -> 5.7098943 | AC7: =$AC$39*$T7 -> 0.43602829 | AD7: =$AD$39*$T7 -> 1.8842651 | AE7: Austria
A8: Belgium | B8: 455.06925 | C8: 882.30627 | D8: 236.04378 | E8: 16.270025 | F8: 0 | G8: 4.0752964 | H8: 121.3396 | I8: =SUM(B8:H8) -> 1715.1042 | J8: 139.9 | K8: =B8*$K$39 -> 13652.077 | L8: =C8*$L$39 -> 52938.376 | M8: =D8*$M$39 -> 7081.3135 | N8: =E8*$N$39 -> 325.4005 | O8: =F8*$O$39 -> 0 | P8: =G8*$P$39 -> 3178.7312 | Q8: =H8*$Q$39 -> 606.698 | R8: =SUM(K8:Q8) -> 77782.597 | S8: =R8/I8 -> 45.351528 | T8: =J8/S8 -> 3.0847913 | U8: =$U$39*$T8 -> 24.98681 | V8: =$V$39*$T8 -> 67.55693 | W8: =$W$39*$T8 -> 185.08748 | X8: =$X$39*$T8 -> 92.54374 | Y8: =$Y$39*$T8 -> 61.695827 | Z8: =$Z$39*$T8 -> 123.39165 | AA8: =$AA$39*$T8 -> 2406.1372 | AB8: =$AB$39*$T8 -> 15.423957 | AC8: =$AC$39*$T8 -> 1.1778294 | AD8: =$AD$39*$T8 -> 5.0899057 | AE8: Belgium
A9: Bulgaria | B9: 130.11318 | C9: 82.837425 | D9: 46.862624 | E9: 100.24097 | F9: 0 | G9: 0.0728 | H9: 33.0792 | I9: =SUM(B9:H9) -> 393.20619 | J9: 155 | K9: =B9*$K$39 -> 3903.3953 | L9: =C9*$L$39 -> 4970.2455 | M9: =D9*$M$39 -> 1405.8787 | N9: =E9*$N$39 -> 2004.8194 | O9: =F9*$O$39 -> 0 | P9: =G9*$P$39 -> 56.784 | Q9: =H9*$Q$39 -> 165.396 | R9: =SUM(K9:Q9) -> 12506.519 | S9: =R9/I9 -> 31.806515 | T9: =J9/S9 -> 4.8732154 | U9: =$U$39*$T9 -> 39.473045 | V9: =$V$39*$T9 -> 106.72342 | W9: =$W$39*$T9 -> 292.39292 | X9: =$X$39*$T9 -> 146.19646 | Y9: =$Y$39*$T9 -> 97.464308 | Z9: =$Z$39*$T9 -> 194.92862 | AA9: =$AA$39*$T9 -> 3801.108 | AB9: =$AB$39*$T9 -> 24.366077 | AC9: =$AC$39*$T9 -> 1.8606822 | AD9: =$AD$39*$T9 -> 8.0408054 | AE9: Bulgaria
A10: Croatia | B10: 110.96898 | C10: 90.37496 | D10: 42.740539 | E10: 47.25382 | F10: 17.269 | G10: 0.0039998 | H10: 9.11 | I10: =SUM(B10:H10) -> 317.7213 | J10: 83.6 | K10: =B10*$K$39 -> 3329.0694 | L10: =C10*$L$39 -> 5422.4976 | M10: =D10*$M$39 -> 1282.2162 | N10: =E10*$N$39 -> 945.0764 | O10: =F10*$O$39 -> 690.76 | P10: =G10*$P$39 -> 3.119844 | Q10: =H10*$Q$39 -> 45.55 | R10: =SUM(K10:Q10) -> 11718.289 | S10: =R10/I10 -> 36.882291 | T10: =J10/S10 -> 2.2666705 | U10: =$U$39*$T10 -> 18.360031 | V10: =$V$39*$T10 -> 49.640083 | W10: =$W$39*$T10 -> 136.00023 | X10: =$X$39*$T10 -> 68.000114 | Y10: =$Y$39*$T10 -> 45.333409 | Z10: =$Z$39*$T10 -> 90.666819 | AA10: =$AA$39*$T10 -> 1768.003 | AB10: =$AB$39*$T10 -> 11.333352 | AC10: =$AC$39*$T10 -> 0.865456 | AD10: =$AD$39*$T10 -> 3.7400063 | AE10: Croatia
A11: Cyprus | B11: 20.203925 | C11: 45.449695 | D11: 13.004945 | E11: 46.761055 | F11: 6.625 | G11: 0.0528206 | H11: 1.6224 | I11: =SUM(B11:H11) -> 133.71984 | J11: 346.4 | K11: =B11*$K$39 -> 606.11775 | L11: =C11*$L$39 -> 2726.9817 | M11: =D11*$M$39 -> 390.14835 | N11: =E11*$N$39 -> 935.2211 | O11: =F11*$O$39 -> 265 | P11: =G11*$P$39 -> 41.200068 | Q11: =H11*$Q$39 -> 8.112 | R11: =SUM(K11:Q11) -> 4972.781 | S11: =R11/I11 -> 37.188056 | T11: =J11/S11 -> 9.3148186 | U11: =$U$39*$T11 -> 75.450031 | V11: =$V$39*$T11 -> 203.99453 | W11: =$W$39*$T11 -> 558.88912 | X11: =$X$39*$T11 -> 279.44456 | Y11: =$Y$39*$T11 -> 186.29637 | Z11: =$Z$39*$T11 -> 372.59275 | AA11: =$AA$39*$T11 -> 7265.5585 | AB11: =$AB$39*$T11 -> 46.574093 | AC11: =$AC$39*$T11 -> 3.5565671 | AD11: =$AD$39*$T11 -> 15.369451 | AE11: Cyprus
A12: Czech Republic | B12: 293.97853 | C12: 205.33671 | D12: 126.9808 | E12: 18.118375 | F12: 20.952 | G12: 7.5138 | H12: 32 | I12: =SUM(B12:H12) -> 704.88022 | J12: 61.2 | K12: =B12*$K$39 -> 8819.3559 | L12: =C12*$L$39 -> 12320.203 | M12: =D12*$M$39 -> 3809.4241 | N12: =E12*$N$39 -> 362.3675 | O12: =F12*$O$39 -> 838.08 | P12: =G12*$P$39 -> 5860.764 | Q12: =H12*$Q$39 -> 160 | R12: =SUM(K12:Q12) -> 32170.194 | S12: =R12/I12 -> 45.639235 | T12: =J12/S12 -> 1.3409515 | U12: =$U$39*$T12 -> 10.861707 | V12: =$V$39*$T12 -> 29.366837 | W12: =$W$39*$T12 -> 80.457089 | X12: =$X$39*$T12 -> 40.228544 | Y12: =$Y$39*$T12 -> 26.81903 | Z12: =$Z$39*$T12 -> 53.638059 | AA12: =$AA$39*$T12 -> 1045.9422 | AB12: =$AB$39*$T12 -> 6.7047574 | AC12: =$AC$39*$T12 -> 0.51199965 | AD12: =$AD$39*$T12 -> 2.2125699 | AE12: Czech Republic
A13: Denmark | B13: 398.45586 | C13: 1772.955 | D13: 122.66785 | E13: 12.594675 | F13: 43 | G13: 0 | H13: 70 | I13: =SUM(B13:H13) -> 2419.6734 | J13: 40.4 | K13: =B13*$K$39 -> 11953.676 | L13: =C13*$L$39 -> 106377.3 | M13: =D13*$M$39 -> 3680.0355 | N13: =E13*$N$39 -> 251.8935 | O13: =F13*$O$39 -> 1720 | P13: =G13*$P$39 -> 0 | Q13: =H13*$Q$39 -> 350 | R13: =SUM(K13:Q13) -> 124332.91 | S13: =R13/I13 -> 51.384169 | T13: =J13/S13 -> 0.78623438 | U13: =$U$39*$T13 -> 6.3684985 | V13: =$V$39*$T13 -> 17.218533 | W13: =$W$39*$T13 -> 47.174063 | X13: =$X$39*$T13 -> 23.587031 | Y13: =$Y$39*$T13 -> 15.724688 | Z13: =$Z$39*$T13 -> 31.449375 | AA13: =$AA$39*$T13 -> 613.26282 | AB13: =$AB$39*$T13 -> 3.9311719 | AC13: =$AC$39*$T13 -> 0.30019858 | AD13: =$AD$39*$T13 -> 1.2972867 | AE13: Denmark
A14: Estonia | B14: 60.434465 | C14: 38.017305 | D14: 2.337592 | E14: 7.167785 | F14: 0.867733 | G14: 0.0028532 | H14: 3.8948 | I14: =SUM(B14:H14) -> 112.72253 | J14: 63.7 | K14: =B14*$K$39 -> 1813.034 | L14: =C14*$L$39 -> 2281.0383 | M14: =D14*$M$39 -> 70.12776 | N14: =E14*$N$39 -> 143.3557 | O14: =F14*$O$39 -> 34.70932 | P14: =G14*$P$39 -> 2.225496 | Q14: =H14*$Q$39 -> 19.474 | R14: =SUM(K14:Q14) -> 4363.9645 | S14: =R14/I14 -> 38.714216 | T14: =J14/S14 -> 1.6453904 | U14: =$U$39*$T14 -> 13.327662 | V14: =$V$39*$T14 -> 36.03405 | W14: =$W$39*$T14 -> 98.723424 | X14: =$X$39*$T14 -> 49.361712 | Y14: =$Y$39*$T14 -> 32.907808 | Z14: =$Z$39*$T14 -> 65.815616 | AA14: =$AA$39*$T14 -> 1283.4045 | AB14: =$AB$39*$T14 -> 8.226952 | AC14: =$AC$39*$T14 -> 0.62823997 | AD14: =$AD$39*$T14 -> 2.7148942 | AE14: Estonia
A15: Finland | B15: 224.37943 | C15: 165.87998 | D15: 73.317025 | E15: 13.0051 | F15: 14.413 | G15: 0 | H15: 29.68 | I15: =SUM(B15:H15) -> 520.67453 | J15: 18.1 | K15: =B15*$K$39 -> 6731.3829 | L15: =C15*$L$39 -> 9952.7988 | M15: =D15*$M$39 -> 2199.5107 | N15: =E15*$N$39 -> 260.102 | O15: =F15*$O$39 -> 576.52 | P15: =G15*$P$39 -> 0 | Q15: =H15*$Q$39 -> 148.4 | R15: =SUM(K15:Q15) -> 19868.714 | S15: =R15/I15 -> 38.159566 | T15: =J15/S15 -> 0.47432405 | U15: =$U$39*$T15 -> 3.8420248 | V15: =$V$39*$T15 -> 10.387697 | W15: =$W$39*$T15 -> 28.459443 | X15: =$X$39*$T15 -> 14.229721 | Y15: =$Y$39*$T15 -> 9.486481 | Z15: =$Z$39*$T15 -> 18.972962 | AA15: =$AA$39*$T15 -> 369.97276 | AB15: =$AB$39*$T15 -> 2.3716202 | AC15: =$AC$39*$T15 -> 0.18110555 | AD15: =$AD$39*$T15 -> 0.78263468 | AE15: Finland
A16: France | B16: 3239.7072 | C16: 1814.6653 | D16: 1144.9065 | E16: 641.547 | F16: 44.521 | G16: 46.5458 | H16: 285.0592 | I16: =SUM(B16:H16) -> 7216.952 | J16: 71.2 | K16: =B16*$K$39 -> 97191.215 | L16: =C16*$L$39 -> 108879.92 | M16: =D16*$M$39 -> 34347.194 | N16: =E16*$N$39 -> 12830.94 | O16: =F16*$O$39 -> 1780.84 | P16: =G16*$P$39 -> 36305.724 | Q16: =H16*$Q$39 -> 1425.296 | R16: =SUM(K16:Q16) -> 292761.13 | S16: =R16/I16 -> 40.565758 | T16: =J16/S16 -> 1.7551749 | U16: =$U$39*$T16 -> 14.216917 | V16: =$V$39*$T16 -> 38.43833 | W16: =$W$39*$T16 -> 105.31049 | X16: =$X$39*$T16 -> 52.655247 | Y16: =$Y$39*$T16 -> 35.103498 | Z16: =$Z$39*$T16 -> 70.206995 | AA16: =$AA$39*$T16 -> 1369.0364 | AB16: =$AB$39*$T16 -> 8.7758744 | AC16: =$AC$39*$T16 -> 0.67015768 | AD16: =$AD$39*$T16 -> 2.8960386 | AE16: France
A17: Germany | B17: 3160.5013 | C17: 3806.7517 | D17: 1070.6215 | E17: 137.30129 | F17: 19.238 | G17: 19.6 | H17: 520 | I17: =SUM(B17:H17) -> 8734.0138 | J17: 89.2 | K17: =B17*$K$39 -> 94815.04 | L17: =C17*$L$39 -> 228405.1 | M17: =D17*$M$39 -> 32118.644 | N17: =E17*$N$39 -> 2746.0258 | O17: =F17*$O$39 -> 769.52 | P17: =G17*$P$39 -> 15288 | Q17: =H17*$Q$39 -> 2600 | R17: =SUM(K17:Q17) -> 376742.33 | S17: =R17/I17 -> 43.135074 | T17: =J17/S17 -> 2.0679227 | U17: =$U$39*$T17 -> 16.750174 | V17: =$V$39*$T17 -> 45.287508 | W17: =$W$39*$T17 -> 124.07536 | X17: =$X$39*$T17 -> 62.037682 | Y17: =$Y$39*$T17 -> 41.358455 | Z17: =$Z$39*$T17 -> 82.716909 | AA17: =$AA$39*$T17 -> 1612.9797 | AB17: =$AB$39*$T17 -> 10.339614 | AC17: =$AC$39*$T17 -> 0.7895705 | AD17: =$AD$39*$T17 -> 3.4120725 | AE17: Germany
A18: Greece | B18: 96.18208 | C18: 115.87836 | D18: 127.55948 | E18: 784.22598 | F18: 100.2951 | G18: 2.7968752 | H18: 5.748 | I18: =SUM(B18:H18) -> 1232.6859 | J18: 64.8 | K18: =B18*$K$39 -> 2885.4624 | L18: =C18*$L$39 -> 6952.7016 | M18: =D18*$M$39 -> 3826.7843 | N18: =E18*$N$39 -> 15684.52 | O18: =F18*$O$39 -> 4011.804 | P18: =G18*$P$39 -> 2181.5627 | Q18: =H18*$Q$39 -> 28.74 | R18: =SUM(K18:Q18) -> 35571.575 | S18: =R18/I18 -> 28.856966 | T18: =J18/S18 -> 2.2455583 | U18: =$U$39*$T18 -> 18.189022 | V18: =$V$39*$T18 -> 49.177727 | W18: =$W$39*$T18 -> 134.7335 | X18: =$X$39*$T18 -> 67.366749 | Y18: =$Y$39*$T18 -> 44.911166 | Z18: =$Z$39*$T18 -> 89.822332 | AA18: =$AA$39*$T18 -> 1751.5355 | AB18: =$AB$39*$T18 -> 11.227792 | AC18: =$AC$39*$T18 -> 0.85739499 | AD18: =$AD$39*$T18 -> 3.7051712 | AE18: Greece
... A25: Luxembourg | B25: 40.31794 | C25: 11.539715 | D25: 0.128022 | E25: 0.74333 | F25: 0 | G25: 0 | H25: 1.8868 | I25: =SUM(B25:H25) -> 54.615807 | J25: 35.4 | K25: =B25*$K$39 -> 1209.5382 | L25: =C25*$L$39 -> 692.3829 | M25: =D25*$M$39 -> 3.84066 | N25: =E25*$N$39 -> 14.8666 | O25: =F25*$O$39 -> 0 | P25: =G25*$P$39 -> 0 | Q25: =H25*$Q$39 -> 9.434 | R25: =SUM(K25:Q25) -> 1930.0624 | S25: =R25/I25 -> 35.338897 | T25: =J25/S25 -> 1.0017291 | U25: =$U$39*$T25 -> 8.1140054 | V25: =$V$39*$T25 -> 21.937867 | W25: =$W$39*$T25 -> 60.103744 | X25: =$X$39*$T25 -> 30.051872 | Y25: =$Y$39*$T25 -> 20.034581 | Z25: =$Z$39*$T25 -> 40.069163 | AA25: =$AA$39*$T25 -> 781.34867 | AB25: =$AB$39*$T25 -> 5.0086453 | AC25: =$AC$39*$T25 -> 0.38247837 | AD25: =$AD$39*$T25 -> 1.652853 | AE25: Luxembourg
A26: Malta | B26: na | C26: na | D26: na | E26: na | F26: na | G26: na | H26: na | I26: na | J26: na | K26: na | L26: na | M26: na | N26: na | O26: na | P26: na | Q26: na | R26: na | S26: na | T26: na | U26: na | V26: na | W26: na | X26: na | Y26: na | Z26: na | AA26: na | AB26: na | AC26: na | AD26: na | AE26: Malta
A27: Netherlands | B27: 1173.7682 | C27: 1684.9524 | D27: 397.84675 | E27: 93.9662 | F27: 61.76344 | G27: 0.5084282 | H27: 32.9252 | I27: =SUM(B27:H27) -> 3445.7306 | J27: 52.7 | K27: =B27*$K$39 -> 35213.046 | L27: =C27*$L$39 -> 101097.15 | M27: =D27*$M$39 -> 11935.403 | N27: =E27*$N$39 -> 1879.324 | O27: =F27*$O$39 -> 2470.5376 | P27: =G27*$P$39 -> 396.574 | Q27: =H27*$Q$39 -> 164.626 | R27: =SUM(K27:Q27) -> 153156.66 | S27: =R27/I27 -> 44.448238 | T27: =J27/S27 -> 1.1856488 | U27: =$U$39*$T27 -> 9.6037553 | V27: =$V$39*$T27 -> 25.965709 | W27: =$W$39*$T27 -> 71.138928 | X27: =$X$39*$T27 -> 35.569464 | Y27: =$Y$39*$T27 -> 23.712976 | Z27: =$Z$39*$T27 -> 47.425952 | AA27: =$AA$39*$T27 -> 924.80606 | AB27: =$AB$39*$T27 -> 5.928244 | AC27: =$AC$39*$T27 -> 0.45270227 | AD27: =$AD$39*$T27 -> 1.9563205 | AE27: Netherlands
A28: Norway | B28: 214.47504 | C28: 129.56909 | D28: 67.902952 | E28: 108.33227 | F28: 1326.156 | G28: 0 | H28: 50 | I28: =SUM(B28:H28) -> 1896.4354 | J28: 2.8 | K28: =B28*$K$39 -> 6434.2513 | L28: =C28*$L$39 -> 7774.1454 | M28: =D28*$M$39 -> 2037.0886 | N28: =E28*$N$39 -> 2166.6454 | O28: =F28*$O$39 -> 53046.24 | P28: =G28*$P$39 -> 0 | Q28: =H28*$Q$39 -> 250 | R28: =SUM(K28:Q28) -> 71708.371 | S28: =R28/I28 -> 37.812188 | T28: =J28/S28 -> 0.074050197 | U28: =$U$39*$T28 -> 0.5998066 | V28: =$V$39*$T28 -> 1.6216993 | W28: =$W$39*$T28 -> 4.4430118 | X28: =$X$39*$T28 -> 2.2215059 | Y28: =$Y$39*$T28 -> 1.4810039 | Z28: =$Z$39*$T28 -> 2.9620079 | AA28: =$AA$39*$T28 -> 57.759154 | AB28: =$AB$39*$T28 -> 0.37025099 | AC28: =$AC$39*$T28 -> 0.028273712 | AD28: =$AD$39*$T28 -> 0.12218283 | AE28: Norway
A29: Poland | B29: 1547.2981 | C29: 1452.6336 | D29: 1266.4593 | E29: 18.4481 | F29: 35.451937 | G29: 1.6588362 | H29: 120.8224 | I29: =SUM(B29:H29) -> 4442.7722 | J29: 128.4 | K29: =B29*$K$39 -> 46418.942 | L29: =C29*$L$39 -> 87158.015 | M29: =D29*$M$39 -> 37993.779 | N29: =E29*$N$39 -> 368.962 | O29: =F29*$O$39 -> 1418.0775 | P29: =G29*$P$39 -> 1293.8922 | Q29: =H29*$Q$39 -> 604.112 | R29: =SUM(K29:Q29) -> 175255.78 | S29: =R29/I29 -> 39.447392 | T29: =J29/S29 -> 3.254968 | U29: =$U$39*$T29 -> 26.365241 | V29: =$V$39*$T29 -> 71.283799 | W29: =$W$39*$T29 -> 195.29808 | X29: =$X$39*$T29 -> 97.64904 | Y29: =$Y$39*$T29 -> 65.09936 | Z29: =$Z$39*$T29 -> 130.19872 | AA29: =$AA$39*$T29 -> 2538.875 | AB29: =$AB$39*$T29 -> 16.27484 | AC29: =$AC$39*$T29 -> 1.242806 | AD29: =$AD$39*$T29 -> 5.3706972 | AE29: Poland
A30: Portugal | B30: 227.91904 | C30: 358.6432 | D30: 219.79639 | E30: 173.85741 | F30: 9.561 | G30: 5.9454346 | H30: 26.4 | I30: =SUM(B30:H30) -> 1022.1225 | J30: 206.4 | K30: =B30*$K$39 -> 6837.5711 | L30: =C30*$L$39 -> 21518.592 | M30: =D30*$M$39 -> 6593.8916 | N30: =E30*$N$39 -> 3477.1482 | O30: =F30*$O$39 -> 382.44 | P30: =G30*$P$39 -> 4637.439 | Q30: =H30*$Q$39 -> 132 | R30: =SUM(K30:Q30) -> 43579.082 | S30: =R30/I30 -> 42.635871 | T30: =J30/S30 -> 4.8409941 | U30: =$U$39*$T30 -> 39.212052 | V30: =$V$39*$T30 -> 106.01777 | W30: =$W$39*$T30 -> 290.45964 | X30: =$X$39*$T30 -> 145.22982 | Y30: =$Y$39*$T30 -> 96.819882 | Z30: =$Z$39*$T30 -> 193.63976 | AA30: =$AA$39*$T30 -> 3775.9754 | AB30: =$AB$39*$T30 -> 24.20497 | AC30: =$AC$39*$T30 -> 1.8483796 | AD30: =$AD$39*$T30 -> 7.9876402 | AE30: Portugal
A31: Romania | B31: 928.96177 | C31: 553.10403 | D31: 453.03708 | E31: 1000.6827 | F31: 7.152 | G31: 0.0023898 | H31: 173.1988 | I31: =SUM(B31:H31) -> 3116.1387 | J31: 85.1 | K31: =B31*$K$39 -> 27868.853 | L31: =C31*$L$39 -> 33186.242 | M31: =D31*$M$39 -> 13591.112 | N31: =E31*$N$39 -> 20013.653 | O31: =F31*$O$39 -> 286.08 | P31: =G31*$P$39 -> 1.864044 | Q31: =H31*$Q$39 -> 865.994 | R31: =SUM(K31:Q31) -> 95813.799 | S31: =R31/I31 -> 30.747604 | T31: =J31/S31 -> 2.7676954 | U31: =$U$39*$T31 -> 22.418332 | V31: =$V$39*$T31 -> 60.612528 | W31: =$W$39*$T31 -> 166.06172 | X31: =$X$39*$T31 -> 83.030861 | Y31: =$Y$39*$T31 -> 55.353907 | Z31: =$Z$39*$T31 -> 110.70781 | AA31: =$AA$39*$T31 -> 2158.8024 | AB31: =$AB$39*$T31 -> 13.838477 | AC31: =$AC$39*$T31 -> 1.0567564 | AD31: =$AD$39*$T31 -> 4.5666973 | AE31: Romania
A32: Slovakia | B32: 93.46142 | C32: 55.23627 | D32: 56.574756 | E32: 30.823165 | F32: 2.1625 | G32: 0 | H32: 4.368 | I32: =SUM(B32:H32) -> 242.62611 | J32: 50.3 | K32: =B32*$K$39 -> 2803.8426 | L32: =C32*$L$39 -> 3314.1762 | M32: =D32*$M$39 -> 1697.2427 | N32: =E32*$N$39 -> 616.4633 | O32: =F32*$O$39 -> 86.5 | P32: =G32*$P$39 -> 0 | Q32: =H32*$Q$39 -> 21.84 | R32: =SUM(K32:Q32) -> 8540.0648 | S32: =R32/I32 -> 35.198457 | T32: =J32/S32 -> 1.4290399 | U32: =$U$39*$T32 -> 11.575223 | V32: =$V$39*$T32 -> 31.295974 | W32: =$W$39*$T32 -> 85.742394 | X32: =$X$39*$T32 -> 42.871197 | Y32: =$Y$39*$T32 -> 28.580798 | Z32: =$Z$39*$T32 -> 57.161596 | AA32: =$AA$39*$T32 -> 1114.6511 | AB32: =$AB$39*$T32 -> 7.1451995 | AC32: =$AC$39*$T32 -> 0.54563342 | AD32: =$AD$39*$T32 -> 2.3579158 | AE32: Slovakia
A33: Slovenia | B33: 98.162905 | C33: 18.949365 | D33: 39.735043 | E33: 8.63913 | F33: 1.984 | G33: 0.0194908 | H33: 10.6572 | I33: =SUM(B33:H33) -> 178.14713 | J33: 30.3 | K33: =B33*$K$39 -> 2944.8872 | L33: =C33*$L$39 -> 1136.9619 | M33: =D33*$M$39 -> 1192.0513 | N33: =E33*$N$39 -> 172.7826 | O33: =F33*$O$39 -> 79.36 | P33: =G33*$P$39 -> 15.202824 | Q33: =H33*$Q$39 -> 53.286 | R33: =SUM(K33:Q33) -> 5594.5318 | S33: =R33/I33 -> 31.403995 | T33: =J33/S33 -> 0.96484539 | U33: =$U$39*$T33 -> 7.8152476 | V33: =$V$39*$T33 -> 21.130114 | W33: =$W$39*$T33 -> 57.890723 | X33: =$X$39*$T33 -> 28.945362 | Y33: =$Y$39*$T33 -> 19.296908 | Z33: =$Z$39*$T33 -> 38.593815 | AA33: =$AA$39*$T33 -> 752.5794 | AB33: =$AB$39*$T33 -> 4.8242269 | AC33: =$AC$39*$T33 -> 0.36839551 | AD33: =$AD$39*$T33 -> 1.5919949 | AE33: Slovenia
A34: Spain | B34: 917.98369 | C34: 3737.5982 | D34: 833.57234 | E34: 1436.6143 | F34: 308.196 | G34: 67.9084 | H34: 215.8044 | I34: =SUM(B34:H34) -> 7517.6774 | J34: 362.4 | K34: =B34*$K$39 -> 27539.511 | L34: =C34*$L$39 -> 224255.89 | M34: =D34*$M$39 -> 25007.17 | N34: =E34*$N$39 -> 28732.287 | O34: =F34*$O$39 -> 12327.84 | P34: =G34*$P$39 -> 52968.552 | Q34: =H34*$Q$39 -> 1079.022 | R34: =SUM(K34:Q34) -> 371910.28 | S34: =R34/I34 -> 49.471433 | T34: =J34/S34 -> 7.3254397 | U34: =$U$39*$T34 -> 59.336061 | V34: =$V$39*$T34 -> 160.42713 | W34: =$W$39*$T34 -> 439.52638 | X34: =$X$39*$T34 -> 219.76319 | Y34: =$Y$39*$T34 -> 146.50879 | Z34: =$Z$39*$T34 -> 293.01759 | AA34: =$AA$39*$T34 -> 5713.8429 | AB34: =$AB$39*$T34 -> 36.627198 | AC34: =$AC$39*$T34 -> 2.7969861 | AD34: =$AD$39*$T34 -> 12.086975 | AE34: Spain
A35: Sweden | B35: 298.26666 | C35: 197.93046 | D35: 104.7447 | E35: 48.41095 | F35: 13.451 | G35: 0 | H35: 142.2 | I35: =SUM(B35:H35) -> 805.00378 | J35: 11.7 | K35: =B35*$K$39 -> 8947.9999 | L35: =C35*$L$39 -> 11875.828 | M35: =D35*$M$39 -> 3142.3411 | N35: =E35*$N$39 -> 968.219 | O35: =F35*$O$39 -> 538.04 | P35: =G35*$P$39 -> 0 | Q35: =H35*$Q$39 -> 711 | R35: =SUM(K35:Q35) -> 26183.428 | S35: =R35/I35 -> 32.525844 | T35: =J35/S35 -> 0.35971395 | U35: =$U$39*$T35 -> 2.913683 | V35: =$V$39*$T35 -> 7.8777355 | W35: =$W$39*$T35 -> 21.582837 | X35: =$X$39*$T35 -> 10.791419 | Y35: =$Y$39*$T35 -> 7.194279 | Z35: =$Z$39*$T35 -> 14.388558 | AA35: =$AA$39*$T35 -> 280.57688 | AB35: =$AB$39*$T35 -> 1.7985698 | AC35: =$AC$39*$T35 -> 0.13734533 | AD35: =$AD$39*$T35 -> 0.59352802 | AE35: Sweden
A36: Switzerland | B36: 476.76123 | C36: 202.86692 | D36: 68.910368 | E36: 34.217545 | F36: 0 | G36: 0.761397 | H36: 22.2648 | I36: =SUM(B36:H36) -> 805.78225 | J36: 46.6 | K36: =B36*$K$39 -> 14302.837 | L36: =C36*$L$39 -> 12172.015 | M36: =D36*$M$39 -> 2067.311 | N36: =E36*$N$39 -> 684.3509 | O36: =F36*$O$39 -> 0 | P36: =G36*$P$39 -> 593.88966 | Q36: =H36*$Q$39 -> 111.324 | R36: =SUM(K36:Q36) -> 29931.727 | S36: =R36/I36 -> 37.146173 | T36: =J36/S36 -> 1.2545034 | U36: =$U$39*$T36 -> 10.161477 | V36: =$V$39*$T36 -> 27.473624 | W36: =$W$39*$T36 -> 75.270202 | X36: =$X$39*$T36 -> 37.635101 | Y36: =$Y$39*$T36 -> 25.090067 | Z36: =$Z$39*$T36 -> 50.180135 | AA36: =$AA$39*$T36 -> 978.51263 | AB36: =$AB$39*$T36 -> 6.2725169 | AC36: =$AC$39*$T36 -> 0.4789922 | AD36: =$AD$39*$T36 -> 2.0699306 | AE36: Switzerland
A37: United Kingdom | B37: 1792.3439 | C37: 788.86325 | D37: 1150.9465 | E37: 2845.3168 | F37: 187.325 | G37: 0 | H37: 377.6 | I37: =SUM(B37:H37) -> 7142.3955 | J37: 39 | K37: =B37*$K$39 -> 53770.317 | L37: =C37*$L$39 -> 47331.795 | M37: =D37*$M$39 -> 34528.396 | N37: =E37*$N$39 -> 56906.337 | O37: =F37*$O$39 -> 7493 | P37: =G37*$P$39 -> 0 | Q37: =H37*$Q$39 -> 1888 | R37: =SUM(K37:Q37) -> 201917.84 | S37: =R37/I37 -> 28.270325 | T37: =J37/S37 -> 1.3795384 | U37: =$U$39*$T37 -> 11.174261 | V37: =$V$39*$T37 -> 30.211891 | W37: =$W$39*$T37 -> 82.772305 | X37: =$X$39*$T37 -> 41.386153 | Y37: =$Y$39*$T37 -> 27.590768 | Z37: =$Z$39*$T37 -> 55.181537 | AA37: =$AA$39*$T37 -> 1076.04 | AB37: =$AB$39*$T37 -> 6.8976921 | AC37: =$AC$39*$T37 -> 0.52673285 | AD37: =$AD$39*$T37 -> 2.2762384 | AE37: United Kingdom
A39: Standard, mg per kg | K39: ='Standard values'!B5 -> 30 | L39: ='Standard values'!D5 -> 60 | M39: ='Standard values'!E5 -> 30 | N39: ='Standard values'!F5 -> 20 | O39: ='Standard values'!G5 -> 40 | P39: ='Standard values'!H5 -> 780 | Q39: ='Standard values'!I5 -> 5 | U39: ='Standard values'!B6 -> 8.1 | V39: ='Standard values'!C6 -> 21.9 | W39: ='Standard values'!D6 -> 60 | X39: ='Standard values'!E6 -> 30 | Y39: ='Standard values'!F6 -> 20 | Z39: ='Standard values'!G6 -> 40 | AA39: ='Standard values'!H6 -> 780 | AB39: ='Standard values'!I6 -> 5 | ... AD39: ='Standard values'!K6 -> 1.65 | AE39: Standard, mg per kg

Sheet 2017
A2: Use of antibiotics index 2017
A4: Actual use | B4: https://esvacbi.ema.europa.eu/analytics/saw.dll?Dashboard | K4: Expected use | U4: Antibiotic use index
A5: PCU tonne
A6: Country | B6: Cattle | C6: Pigs | D6: Poultry | E6: Sheep and goats | F6: Fish | G6: Rabbits | H6: Horses | I6: Total PCU (tonnes) | J6: mg/PCU | K6: Cattle | L6: Pigs | M6: Poultry | N6: Sheep and goats | O6: Fish | P6: Rabbits | Q6: Horses | R6: Total | S6: mg/PCU | T6: Actual use/ expected use | U6: Beef cattle | V6: Dairy cows | W6: Pigs | X6: Broiler | Y6: Sheep and goat | Z6: Fish | AA6: Rabbits | AB6: Horses | AC6: Egg | AD6: Milk
A7: Austria | B7: 439.81976 | C7: 364.32851 | D7: 80.168128 | E7: 37.61454 | F7: 0 | G7: 0 | H7: 31.9552 | I7: =SUM(B7:H7) -> 953.88614 | J7: 46.7 | K7: =B7*$K$39 -> 13194.593 | L7: =C7*$L$39 -> 21859.711 | M7: =D7*$M$39 -> 2405.0439 | N7: =E7*$N$39 -> 752.2908 | O7: =F7*$O$39 -> 0 | P7: =G7*$P$39 -> 0 | Q7: =H7*$Q$39 -> 159.776 | R7: =SUM(K7:Q7) -> 38371.414 | S7: =R7/I7 -> 40.226409 | T7: =J7/S7 -> 1.1609289 | U7: =$U$39*$T7 -> 9.4035239 | V7: =$V$39*$T7 -> 25.424342 | W7: =$W$39*$T7 -> 69.655733 | X7: =$X$39*$T7 -> 34.827866 | Y7: =$Y$39*$T7 -> 23.218578 | Z7: =$Z$39*$T7 -> 46.437155 | AA7: =$AA$39*$T7 -> 905.52452 | AB7: =$AB$39*$T7 -> 5.8046444 | AC7: =$AC$39*$T7 -> 0.44326375 | AD7: =$AD$39*$T7 -> 1.9155326
A8: Belgium | B8: 449.48002 | C8: 842.26887 | D8: 247.72357 | E8: 13.844435 | F8: 0 | G8: 3.7399138 | H8: 126.0044 | I8: =SUM(B8:H8) -> 1683.0612 | J8: 131.1 | K8: =B8*$K$39 -> 13484.401 | L8: =C8*$L$39 -> 50536.132 | M8: =D8*$M$39 -> 7431.707 | N8: =E8*$N$39 -> 276.8887 | O8: =F8*$O$39 -> 0 | P8: =G8*$P$39 -> 2917.1328 | Q8: =H8*$Q$39 -> 630.022 | R8: =SUM(K8:Q8) -> 75276.284 | S8: =R8/I8 -> 44.725815 | T8: =J8/S8 -> 2.9311931 | U8: =$U$39*$T8 -> 23.742664 | V8: =$V$39*$T8 -> 64.193129 | W8: =$W$39*$T8 -> 175.87159 | X8: =$X$39*$T8 -> 87.935794 | Y8: =$Y$39*$T8 -> 58.623862 | Z8: =$Z$39*$T8 -> 117.24772 | AA8: =$AA$39*$T8 -> 2286.3306 | AB8: =$AB$39*$T8 -> 14.655966 | AC8: =$AC$39*$T8 -> 1.1191828 | AD8: =$AD$39*$T8 -> 4.8364687
A9: Bulgaria | B9: 119.93245 | C9: 83.806495 | D9: 45.936974 | E9: 104.99072 | F9: 0 | G9: 0.0294 | H9: 27.2088 | I9: =SUM(B9:H9) -> 381.90483 | J9: 129.2 | K9: =B9*$K$39 -> 3597.9734 | L9: =C9*$L$39 -> 5028.3897 | M9: =D9*$M$39 -> 1378.1092 | N9: =E9*$N$39 -> 2099.8144 | O9: =F9*$O$39 -> 0 | P9: =G9*$P$39 -> 22.932 | Q9: =H9*$Q$39 -> 136.044 | R9: =SUM(K9:Q9) -> 12263.263 | S9: =R9/I9 -> 32.110781 | T9: =J9/S9 -> 4.0235707 | U9: =$U$39*$T9 -> 32.590923 | V9: =$V$39*$T9 -> 88.116199 | W9: =$W$39*$T9 -> 241.41424 | X9: =$X$39*$T9 -> 120.70712 | Y9: =$Y$39*$T9 -> 80.471414 | Z9: =$Z$39*$T9 -> 160.94283 | AA9: =$AA$39*$T9 -> 3138.3852 | AB9: =$AB$39*$T9 -> 20.117854 | AC9: =$AC$39*$T9 -> 1.5362725 | AD9: =$AD$39*$T9 -> 6.6388917
A10: Croatia | B10: 104.05697 | C10: 87.788525 | D10: 44.414701 | E10: 47.7878 | F10: 17.115 | G10: 0.0039998 | H10: 9.2104 | I10: =SUM(B10:H10) -> 310.3774 | J10: 68 | K10: =B10*$K$39 -> 3121.7092 | L10: =C10*$L$39 -> 5267.3115 | M10: =D10*$M$39 -> 1332.441 | N10: =E10*$N$39 -> 955.756 | O10: =F10*$O$39 -> 684.6 | P10: =G10*$P$39 -> 3.119844 | Q10: =H10*$Q$39 -> 46.052 | R10: =SUM(K10:Q10) -> 11410.99 | S10: =R10/I10 -> 36.764886 | T10: =J10/S10 -> 1.849591 | U10: =$U$39*$T10 -> 14.981687 | V10: =$V$39*$T10 -> 40.506042 | W10: =$W$39*$T10 -> 110.97546 | X10: =$X$39*$T10 -> 55.487729 | Y10: =$Y$39*$T10 -> 36.991819 | Z10: =$Z$39*$T10 -> 73.983638 | AA10: =$AA$39*$T10 -> 1442.6809 | AB10: =$AB$39*$T10 -> 9.2479548 | AC10: =$AC$39*$T10 -> 0.70620746 | AD10: =$AD$39*$T10 -> 3.0518251
A11: Cyprus | B11: 21.042245 | C11: 45.299495 | D11: 12.733595 | E11: 47.10685 | F11: 7.276 | G11: 0.0691208 | H11: 1.9908 | I11: =SUM(B11:H11) -> 135.51811 | J11: 335.2 | K11: =B11*$K$39 -> 631.26735 | L11: =C11*$L$39 -> 2717.9697 | M11: =D11*$M$39 -> 382.00785 | N11: =E11*$N$39 -> 942.137 | O11: =F11*$O$39 -> 291.04 | P11: =G11*$P$39 -> 53.914224 | Q11: =H11*$Q$39 -> 9.954 | R11: =SUM(K11:Q11) -> 5028.2901 | S11: =R11/I11 -> 37.104194 | T11: =J11/S11 -> 9.0340191 | U11: =$U$39*$T11 -> 73.175555 | V11: =$V$39*$T11 -> 197.84502 | W11: =$W$39*$T11 -> 542.04115 | X11: =$X$39*$T11 -> 271.02057 | Y11: =$Y$39*$T11 -> 180.68038 | Z11: =$Z$39*$T11 -> 361.36076 | AA11: =$AA$39*$T11 -> 7046.5349 | AB11: =$AB$39*$T11 -> 45.170096 | AC11: =$AC$39*$T11 -> 3.4493528 | AD11: =$AD$39*$T11 -> 14.906132
A12: Czech Republic | B12: 283.21783 | C12: 197.90772 | D12: 128.70531 | E12: 18.037915 | F12: 21.685 | G12: 7.4242 | H12: 36.0876 | I12: =SUM(B12:H12) -> 693.06558 | J12: 63.5 | K12: =B12*$K$39 -> 8496.5349 | L12: =C12*$L$39 -> 11874.463 | M12: =D12*$M$39 -> 3861.1594 | N12: =E12*$N$39 -> 360.7583 | O12: =F12*$O$39 -> 867.4 | P12: =G12*$P$39 -> 5790.876 | Q12: =H12*$Q$39 -> 180.438 | R12: =SUM(K12:Q12) -> 31431.63 | S12: =R12/I12 -> 45.351596 | T12: =J12/S12 -> 1.4001712 | U12: =$U$39*$T12 -> 11.341387 | V12: =$V$39*$T12 -> 30.66375 | W12: =$W$39*$T12 -> 84.010275 | X12: =$X$39*$T12 -> 42.005137 | Y12: =$Y$39*$T12 -> 28.003425 | Z12: =$Z$39*$T12 -> 56.00685 | AA12: =$AA$39*$T12 -> 1092.1336 | AB12: =$AB$39*$T12 -> 7.0008562 | AC12: =$AC$39*$T12 -> 0.53461084 | AD12: =$AD$39*$T12 -> 2.3102825
A13: Denmark | B13: 387.30056 | C13: 1752.304 | D13: 131.8461 | E13: 13.107675 | F13: 43 | G13: 0 | H13: 70 | I13: =SUM(B13:H13) -> 2397.5584 | J13: 38.9 | K13: =B13*$K$39 -> 11619.017 | L13: =C13*$L$39 -> 105138.24 | M13: =D13*$M$39 -> 3955.383 | N13: =E13*$N$39 -> 262.1535 | O13: =F13*$O$39 -> 1720 | P13: =G13*$P$39 -> 0 | Q13: =H13*$Q$39 -> 350 | R13: =SUM(K13:Q13) -> 123044.79 | S13: =R13/I13 -> 51.320876 | T13: =J13/S13 -> 0.75797615 | U13: =$U$39*$T13 -> 6.1396068 | V13: =$V$39*$T13 -> 16.599678 | W13: =$W$39*$T13 -> 45.478569 | X13: =$X$39*$T13 -> 22.739285 | Y13: =$Y$39*$T13 -> 15.159523 | Z13: =$Z$39*$T13 -> 30.319046 | AA13: =$AA$39*$T13 -> 591.2214 | AB13: =$AB$39*$T13 -> 3.7898808 | AC13: =$AC$39*$T13 -> 0.28940908 | AD13: =$AD$39*$T13 -> 1.2506607
A14: Estonia | B14: 59.674125 | C14: 37.358755 | D14: 2.620511 | E14: 6.4225 | F14: 0.871 | G14: 0 | H14: 3.9036 | I14: =SUM(B14:H14) -> 110.85049 | J14: 56.3 | K14: =B14*$K$39 -> 1790.2237 | L14: =C14*$L$39 -> 2241.5253 | M14: =D14*$M$39 -> 78.61533 | N14: =E14*$N$39 -> 128.45 | O14: =F14*$O$39 -> 34.84 | P14: =G14*$P$39 -> 0 | Q14: =H14*$Q$39 -> 19.518 | R14: =SUM(K14:Q14) -> 4293.1724 | S14: =R14/I14 -> 38.729394 | T14: =J14/S14 -> 1.4536762 | U14: =$U$39*$T14 -> 11.774777 | V14: =$V$39*$T14 -> 31.835509 | W14: =$W$39*$T14 -> 87.220574 | X14: =$X$39*$T14 -> 43.610287 | Y14: =$Y$39*$T14 -> 29.073525 | Z14: =$Z$39*$T14 -> 58.147049 | AA14: =$AA$39*$T14 -> 1133.8675 | AB14: =$AB$39*$T14 -> 7.2683812 | AC14: =$AC$39*$T14 -> 0.55504002 | AD14: =$AD$39*$T14 -> 2.3985658
A15: Finland | B15: 219.3177 | C15: 153.8687 | D15: 76.74793 | E15: 13.1942 | F15: 14.587 | G15: 0 | H15: 29.76 | I15: =SUM(B15:H15) -> 507.47553 | J15: 18.9 | K15: =B15*$K$39 -> 6579.531 | L15: =C15*$L$39 -> 9232.1217 | M15: =D15*$M$39 -> 2302.4379 | N15: =E15*$N$39 -> 263.884 | O15: =F15*$O$39 -> 583.48 | P15: =G15*$P$39 -> 0 | Q15: =H15*$Q$39 -> 148.8 | R15: =SUM(K15:Q15) -> 19110.255 | S15: =R15/I15 -> 37.65749 | T15: =J15/S15 -> 0.50189218 | U15: =$U$39*$T15 -> 4.0653267 | V15: =$V$39*$T15 -> 10.991439 | W15: =$W$39*$T15 -> 30.113531 | X15: =$X$39*$T15 -> 15.056766 | Y15: =$Y$39*$T15 -> 10.037844 | Z15: =$Z$39*$T15 -> 20.075687 | AA15: =$AA$39*$T15 -> 391.4759 | AB15: =$AB$39*$T15 -> 2.5094609 | AC15: =$AC$39*$T15 -> 0.19163156 | AD15: =$AD$39*$T15 -> 0.8281221
A16: France | B16: 3196.8978 | C16: 1781.6825 | D16: 1125.2241 | E16: 619.50632 | F16: 45.471 | G16: 44.8462 | H16: 282.9672 | I16: =SUM(B16:H16) -> 7096.5951 | J16: 68 | K16: =B16*$K$39 -> 95906.933 | L16: =C16*$L$39 -> 106900.95 | M16: =D16*$M$39 -> 33756.724 | N16: =E16*$N$39 -> 12390.126 | O16: =F16*$O$39 -> 1818.84 | P16: =G16*$P$39 -> 34980.036 | Q16: =H16*$Q$39 -> 1414.836 | R16: =SUM(K16:Q16) -> 287168.45 | S16: =R16/I16 -> 40.465666 | T16: =J16/S16 -> 1.680437 | U16: =$U$39*$T16 -> 13.611539 | V16: =$V$39*$T16 -> 36.801569 | W16: =$W$39*$T16 -> 100.82622 | X16: =$X$39*$T16 -> 50.413109 | Y16: =$Y$39*$T16 -> 33.608739 | Z16: =$Z$39*$T16 -> 67.217478 | AA16: =$AA$39*$T16 -> 1310.7408 | AB16: =$AB$39*$T16 -> 8.4021848 | AC16: =$AC$39*$T16 -> 0.64162138 | AD16: =$AD$39*$T16 -> 2.772721
A17: Germany | B17: 3102.1856 | C17: 3748.9582 | D17: 1051.859 | E17: 137.11929 | F17: 19.247 | G17: 29.4 | H17: 520 | I17: =SUM(B17:H17) -> 8608.769 | J17: 89.1 | K17: =B17*$K$39 -> 93065.567 | L17: =C17*$L$39 -> 224937.49 | M17: =D17*$M$39 -> 31555.769 | N17: =E17*$N$39 -> 2742.3858 | O17: =F17*$O$39 -> 769.88 | P17: =G17*$P$39 -> 22932 | Q17: =H17*$Q$39 -> 2600 | R17: =SUM(K17:Q17) -> 378603.09 | S17: =R17/I17 -> 43.978772 | T17: =J17/S17 -> 2.0259774 | U17: =$U$39*$T17 -> 16.410417 | V17: =$V$39*$T17 -> 44.368906 | W17: =$W$39*$T17 -> 121.55865 | X17: =$X$39*$T17 -> 60.779323 | Y17: =$Y$39*$T17 -> 40.519548 | Z17: =$Z$39*$T17 -> 81.039097 | AA17: =$AA$39*$T17 -> 1580.2624 | AB17: =$AB$39*$T17 -> 10.129887 | AC17: =$AC$39*$T17 -> 0.77355502 | AD17: =$AD$39*$T17 -> 3.3428627
A18: Greece | B18: 96.3007 | C18: 111.96328 | D18: 129.45051 | E18: 768.43528 | F18: 106.23 | G18: 2.4112942 | H18: 3.4428 | I18: =SUM(B18:H18) -> 1218.2339 | J18: 95.7 | K18: =B18*$K$39 -> 2889.021 | L18: =C18*$L$39 -> 6717.7971 | M18: =D18*$M$39 -> 3883.5153 | N18: =E18*$N$39 -> 15368.706 | O18: =F18*$O$39 -> 4249.2 | P18: =G18*$P$39 -> 1880.8095 | Q18: =H18*$Q$39 -> 17.214 | R18: =SUM(K18:Q18) -> 35006.262 | S18: =R18/I18 -> 28.735256 | T18: =J18/S18 -> 3.3304036 | U18: =$U$39*$T18 -> 26.976269 | V18: =$V$39*$T18 -> 72.935838 | W18: =$W$39*$T18 -> 199.82421 | X18: =$X$39*$T18 -> 99.912107 | Y18: =$Y$39*$T18 -> 66.608071 | Z18: =$Z$39*$T18 -> 133.21614 | AA18: =$AA$39*$T18 -> 2597.7148 | AB18: =$AB$39*$T18 -> 16.652018 | AC18: =$AC$39*$T18 -> 1.2716086 | AD18: =$AD$39*$T18 -> 5.4951659
... A36: Switzerland | B36: 474.81628 | C36: 200.40814 | D36: 69.161831 | E36: 29.0899 | F36: 0 | G36: 0.7414106 | H36: 21.6944 | I36: =SUM(B36:H36) -> 795.91196 | J36: 40.1 | K36: =B36*$K$39 -> 14244.488 | L36: =C36*$L$39 -> 12024.488 | M36: =D36*$M$39 -> 2074.8549 | N36: =E36*$N$39 -> 581.798 | O36: =F36*$O$39 -> 0 | P36: =G36*$P$39 -> 578.30027 | Q36: =H36*$Q$39 -> 108.472 | R36: =SUM(K36:Q36) -> 29612.402 | S36: =R36/I36 -> 37.205625 | T36: =J36/S36 -> 1.077794 | U36: =$U$39*$T36 -> 8.7301315 | V36: =$V$39*$T36 -> 23.603689 | W36: =$W$39*$T36 -> 64.667641 | X36: =$X$39*$T36 -> 32.33382 | Y36: =$Y$39*$T36 -> 21.55588 | Z36: =$Z$39*$T36 -> 43.111761 | AA36: =$AA$39*$T36 -> 840.67933 | AB36: =$AB$39*$T36 -> 5.3889701 | AC36: =$AC$39*$T36 -> 0.41152135 | AD36: =$AD$39*$T36 -> 1.7783601
A37: United Kingdom | B37: na | C37: na | D37: na | E37: na | F37: na | G37: na | H37: na | I37: na | J37: 32.1 | K37: na | L37: na | M37: na | N37: na | O37: na | P37: na | Q37: na | R37: na | S37: na | T37: na | U37: na | V37: na | W37: na | X37: na | Y37: na | Z37: na | AA37: na | AB37: na | AC37: na | AD37: na
A39: Standard, mg per kg | K39: ='Standard values'!B5 -> 30 | L39: ='Standard values'!D5 -> 60 | M39: ='Standard values'!E5 -> 30 | N39: ='Standard values'!F5 -> 20 | O39: ='Standard values'!G5 -> 40 | P39: ='Standard values'!H5 -> 780 | Q39: ='Standard values'!I5 -> 5 | U39: ='Standard values'!B6 -> 8.1 | V39: ='Standard values'!C6 -> 21.9 | W39: ='Standard values'!D6 -> 60 | X39: ='Standard values'!E6 -> 30 | Y39: ='Standard values'!F6 -> 20 | Z39: ='Standard values'!G6 -> 40 | AA39: ='Standard values'!H6 -> 780 | AB39: ='Standard values'!I6 -> 5 | ... AD39: ='Standard values'!K6 -> 1.65

Sheet 2018
A2: Use of antibiotics index 2018
A4: Actual use | B4: https://esvacbi.ema.europa.eu/analytics/saw.dll?Dashboard | K4: Expected use | U4: Antibiotic use index
A5: PCU tonne
A6: Country | B6: Cattle | C6: Pigs | D6: Poultry | E6: Sheep and goats | F6: Fish | G6: Rabbits | H6: Horses | I6: Total PCU (tonnes) | J6: mg/PCU | K6: Cattle | L6: Pigs | M6: Poultry | N6: Sheep and goats | O6: Fish | P6: Rabbits | Q6: Horses | R6: Total | S6: mg/PCU | T6: Actual use/ expected use | U6: Beef cattle | V6: Dairy cows | W6: Pigs | X6: Broiler | Y6: Sheep and goat | Z6: Fish | AA6: Rabbits | AB6: Horses | AC6: Egg | AD6: Milk
A7: Austria | B7: 442.45538 | C7: 360.93412 | D7: 79.227754 | E7: 37.53896 | F7: 0 | G7: 0 | H7: 37.0176 | I7: =SUM(B7:H7) -> 957.17382 | J7: 50.2 | K7: =B7*$K$39 -> 13273.662 | L7: =C7*$L$39 -> 21656.048 | M7: =D7*$M$39 -> 2376.8326 | N7: =E7*$N$39 -> 750.7792 | O7: =F7*$O$39 -> 0 | P7: =G7*$P$39 -> 0 | Q7: =H7*$Q$39 -> 185.088 | R7: =SUM(K7:Q7) -> 38242.409 | S7: =R7/I7 -> 39.953463 | T7: =J7/S7 -> 1.2564618 | U7: =$U$39*$T7 -> 10.177341 | V7: =$V$39*$T7 -> 27.516513 | W7: =$W$39*$T7 -> 75.387708 | X7: =$X$39*$T7 -> 37.693854 | Y7: =$Y$39*$T7 -> 25.129236 | Z7: =$Z$39*$T7 -> 50.258472 | AA7: =$AA$39*$T7 -> 980.04021 | AB7: =$AB$39*$T7 -> 6.282309 | AC7: =$AC$39*$T7 -> 0.47973996 | AD7: =$AD$39*$T7 -> 2.073162
A8: Belgium | B8: 470.3958 | C8: 858.33746 | D8: 242.12608 | E8: 17.26831 | F8: 0 | G8: 3.6266902 | H8: 132.6768 | I8: =SUM(B8:H8) -> 1724.4311 | J8: 113 | K8: =B8*$K$39 -> 14111.874 | L8: =C8*$L$39 -> 51500.248 | M8: =D8*$M$39 -> 7263.7824 | N8: =E8*$N$39 -> 345.3662 | O8: =F8*$O$39 -> 0 | P8: =G8*$P$39 -> 2828.8184 | Q8: =H8*$Q$39 -> 663.384 | R8: =SUM(K8:Q8) -> 76713.472 | S8: =R8/I8 -> 44.486249 | T8: =J8/S8 -> 2.5401108 | U8: =$U$39*$T8 -> 20.574897 | V8: =$V$39*$T8 -> 55.628426 | W8: =$W$39*$T8 -> 152.40665 | X8: =$X$39*$T8 -> 76.203323 | Y8: =$Y$39*$T8 -> 50.802216 | Z8: =$Z$39*$T8 -> 101.60443 | AA8: =$AA$39*$T8 -> 1981.2864 | AB8: =$AB$39*$T8 -> 12.700554 | AC8: =$AC$39*$T8 -> 0.96986048 | AD8: =$AD$39*$T8 -> 4.1911828
A9: Bulgaria | B9: 116.50508 | C9: 94.385355 | D9: 52.009202 | E9: 104.42457 | F9: 6.764 | G9: 0.0061684 | H9: 25.8368 | I9: =SUM(B9:H9) -> 399.93118 | J9: 119.6 | K9: =B9*$K$39 -> 3495.1524 | L9: =C9*$L$39 -> 5663.1213 | M9: =D9*$M$39 -> 1560.2761 | N9: =E9*$N$39 -> 2088.4914 | O9: =F9*$O$39 -> 270.56 | P9: =G9*$P$39 -> 4.811352 | Q9: =H9*$Q$39 -> 129.184 | R9: =SUM(K9:Q9) -> 13211.597 | S9: =R9/I9 -> 33.034675 | T9: =J9/S9 -> 3.6204382 | U9: =$U$39*$T9 -> 29.325549 | V9: =$V$39*$T9 -> 79.287596 | W9: =$W$39*$T9 -> 217.22629 | X9: =$X$39*$T9 -> 108.61315 | Y9: =$Y$39*$T9 -> 72.408764 | Z9: =$Z$39*$T9 -> 144.81753 | AA9: =$AA$39*$T9 -> 2823.9418 | AB9: =$AB$39*$T9 -> 18.102191 | AC9: =$AC$39*$T9 -> 1.3823491 | AD9: =$AD$39*$T9 -> 5.973723
A10: Croatia | B10: 102.97894 | C10: 87.100105 | D10: 44.624035 | E10: 47.20542 | F10: 19.68 | G10: 0.00784 | H10: 9.4596 | I10: =SUM(B10:H10) -> 311.05594 | J10: 70.8 | K10: =B10*$K$39 -> 3089.3681 | L10: =C10*$L$39 -> 5226.0063 | M10: =D10*$M$39 -> 1338.721 | N10: =E10*$N$39 -> 944.1084 | O10: =F10*$O$39 -> 787.2 | P10: =G10*$P$39 -> 6.1152 | Q10: =H10*$Q$39 -> 47.298 | R10: =SUM(K10:Q10) -> 11438.817 | S10: =R10/I10 -> 36.774148 | T10: =J10/S10 -> 1.9252655 | U10: =$U$39*$T10 -> 15.594651 | V10: =$V$39*$T10 -> 42.163315 | W10: =$W$39*$T10 -> 115.51593 | X10: =$X$39*$T10 -> 57.757966 | Y10: =$Y$39*$T10 -> 38.505311 | Z10: =$Z$39*$T10 -> 77.010622 | AA10: =$AA$39*$T10 -> 1501.7071 | AB10: =$AB$39*$T10 -> 9.6263277 | AC10: =$AC$39*$T10 -> 0.73510139 | AD10: =$AD$39*$T10 -> 3.1766881
A11: Cyprus | B11: 22.51086 | C11: 44.635375 | D11: 12.91344 | E11: 46.731845 | F11: 7.347 | G11: 0.0714882 | H11: 1.9936 | I11: =SUM(B11:H11) -> 136.20361 | J11: 392.3 | K11: =B11*$K$39 -> 675.3258 | L11: =C11*$L$39 -> 2678.1225 | M11: =D11*$M$39 -> 387.4032 | N11: =E11*$N$39 -> 934.6369 | O11: =F11*$O$39 -> 293.88 | P11: =G11*$P$39 -> 55.760796 | Q11: =H11*$Q$39 -> 9.968 | R11: =SUM(K11:Q11) -> 5035.0972 | S11: =R11/I11 -> 36.967429 | T11: =J11/S11 -> 10.612044 | U11: =$U$39*$T11 -> 85.95756 | V11: =$V$39*$T11 -> 232.40377 | W11: =$W$39*$T11 -> 636.72267 | X11: =$X$39*$T11 -> 318.36133 | Y11: =$Y$39*$T11 -> 212.24089 | Z11: =$Z$39*$T11 -> 424.48178 | AA11: =$AA$39*$T11 -> 8277.3947 | AB11: =$AB$39*$T11 -> 53.060222 | AC11: =$AC$39*$T11 -> 4.0518715 | AD11: =$AD$39*$T11 -> 17.509873
A12: Czech Republic | B12: 289.45488 | C12: 202.74595 | D12: 126.98153 | E12: 17.153105 | F12: 24.21 | G12: 6.9328 | H12: 37.094 | I12: =SUM(B12:H12) -> 704.57226 | J12: 56.9 | K12: =B12*$K$39 -> 8683.6464 | L12: =C12*$L$39 -> 12164.757 | M12: =D12*$M$39 -> 3809.4458 | N12: =E12*$N$39 -> 343.0621 | O12: =F12*$O$39 -> 968.4 | P12: =G12*$P$39 -> 5407.584 | Q12: =H12*$Q$39 -> 185.47 | R12: =SUM(K12:Q12) -> 31562.365 | S12: =R12/I12 -> 44.796491 | T12: =J12/S12 -> 1.2701888 | U12: =$U$39*$T12 -> 10.288529 | V12: =$V$39*$T12 -> 27.817134 | W12: =$W$39*$T12 -> 76.211326 | X12: =$X$39*$T12 -> 38.105663 | Y12: =$Y$39*$T12 -> 25.403775 | Z12: =$Z$39*$T12 -> 50.807551 | AA12: =$AA$39*$T12 -> 990.74724 | AB12: =$AB$39*$T12 -> 6.3509438 | AC12: =$AC$39*$T12 -> 0.48498116 | AD12: =$AD$39*$T12 -> 2.0958115
A13: Denmark | B13: 392.3651 | C13: 1802.6086 | D13: 124.4283 | E13: 12.306775 | F13: 45 | G13: 0 | H13: 70 | I13: =SUM(B13:H13) -> 2446.7088 | J13: 37.8 | K13: =B13*$K$39 -> 11770.953 | L13: =C13*$L$39 -> 108156.52 | M13: =D13*$M$39 -> 3732.849 | N13: =E13*$N$39 -> 246.1355 | O13: =F13*$O$39 -> 1800 | P13: =G13*$P$39 -> 0 | Q13: =H13*$Q$39 -> 350 | R13: =SUM(K13:Q13) -> 126056.46 | S13: =R13/I13 -> 51.520825 | T13: =J13/S13 -> 0.73368391 | U13: =$U$39*$T13 -> 5.9428397 | V13: =$V$39*$T13 -> 16.067678 | W13: =$W$39*$T13 -> 44.021035 | X13: =$X$39*$T13 -> 22.010517 | Y13: =$Y$39*$T13 -> 14.673678 | Z13: =$Z$39*$T13 -> 29.347356 | AA13: =$AA$39*$T13 -> 572.27345 | AB13: =$AB$39*$T13 -> 3.6684195 | AC13: =$AC$39*$T13 -> 0.28013386 | AD13: =$AD$39*$T13 -> 1.2105784
A14: Estonia | B14: 60.88402 | C14: 39.68512 | D14: 2.667647 | E14: 5.94746 | F14: 0.944 | G14: 0 | H14: 3.88 | I14: =SUM(B14:H14) -> 114.00825 | J14: 52.9 | K14: =B14*$K$39 -> 1826.5206 | L14: =C14*$L$39 -> 2381.1072 | M14: =D14*$M$39 -> 80.02941 | N14: =E14*$N$39 -> 118.9492 | O14: =F14*$O$39 -> 37.76 | P14: =G14*$P$39 -> 0 | Q14: =H14*$Q$39 -> 19.4 | R14: =SUM(K14:Q14) -> 4463.7664 | S14: =R14/I14 -> 39.153013 | T14: =J14/S14 -> 1.3511093 | U14: =$U$39*$T14 -> 10.943985 | V14: =$V$39*$T14 -> 29.589293 | W14: =$W$39*$T14 -> 81.066557 | X14: =$X$39*$T14 -> 40.533279 | Y14: =$Y$39*$T14 -> 27.022186 | Z14: =$Z$39*$T14 -> 54.044372 | AA14: =$AA$39*$T14 -> 1053.8652 | AB14: =$AB$39*$T14 -> 6.7555465 | AC14: =$AC$39*$T14 -> 0.51587809 | AD14: =$AD$39*$T14 -> 2.2293303
A15: Finland | B15: 216.05804 | C15: 141.61671 | D15: 82.008535 | E15: 13.01626 | F15: 14.324 | G15: 0 | H15: 29.76 | I15: =SUM(B15:H15) -> 496.78355 | J15: 18.2 | K15: =B15*$K$39 -> 6481.7412 | L15: =C15*$L$39 -> 8497.0029 | M15: =D15*$M$39 -> 2460.256 | N15: =E15*$N$39 -> 260.3252 | O15: =F15*$O$39 -> 572.96 | P15: =G15*$P$39 -> 0 | Q15: =H15*$Q$39 -> 148.8 | R15: =SUM(K15:Q15) -> 18421.085 | S15: =R15/I15 -> 37.080707 | T15: =J15/S15 -> 0.49082128 | U15: =$U$39*$T15 -> 3.9756523 | V15: =$V$39*$T15 -> 10.748986 | W15: =$W$39*$T15 -> 29.449277 | X15: =$X$39*$T15 -> 14.724638 | Y15: =$Y$39*$T15 -> 9.8164255 | Z15: =$Z$39*$T15 -> 19.632851 | AA15: =$AA$39*$T15 -> 382.84059 | AB15: =$AB$39*$T15 -> 2.4541064 | AC15: =$AC$39*$T15 -> 0.18740449 | AD15: =$AD$39*$T15 -> 0.8098551
A16: France | B16: 3164.8839 | C16: 1803.7621 | D16: 1129.161 | E16: 640.73208 | F16: 45.971 | G16: 42.301 | H16: 280.2108 | I16: =SUM(B16:H16) -> 7107.0218 | J16: 64.2 | K16: =B16*$K$39 -> 94946.516 | L16: =C16*$L$39 -> 108225.73 | M16: =D16*$M$39 -> 33874.829 | N16: =E16*$N$39 -> 12814.642 | O16: =F16*$O$39 -> 1838.84 | P16: =G16*$P$39 -> 32994.78 | Q16: =H16*$Q$39 -> 1401.054 | R16: =SUM(K16:Q16) -> 286096.39 | S16: =R16/I16 -> 40.255454 | T16: =J16/S16 -> 1.594815 | U16: =$U$39*$T16 -> 12.918001 | V16: =$V$39*$T16 -> 34.926448 | W16: =$W$39*$T16 -> 95.688898 | X16: =$X$39*$T16 -> 47.844449 | Y16: =$Y$39*$T16 -> 31.896299 | Z16: =$Z$39*$T16 -> 63.792599 | AA16: =$AA$39*$T16 -> 1243.9557 | AB16: =$AB$39*$T16 -> 7.9740748 | AC16: =$AC$39*$T16 -> 0.60892935 | AD16: =$AD$39*$T16 -> 2.6314447
A17: Germany | B17: 3051.2774 | C17: 3712.42 | D17: 1048.7073 | E17: 137.63892 | F17: 18.109 | G17: 29.4 | H17: 520 | I17: =SUM(B17:H17) -> 8517.5526 | J17: 88.4 | K17: =B17*$K$39 -> 91538.321 | L17: =C17*$L$39 -> 222745.2 | M17: =D17*$M$39 -> 31461.22 | N17: =E17*$N$39 -> 2752.7784 | O17: =F17*$O$39 -> 724.36 | P17: =G17*$P$39 -> 22932 | Q17: =H17*$Q$39 -> 2600 | R17: =SUM(K17:Q17) -> 374753.88 | S17: =R17/I17 -> 43.997836 | T17: =J17/S17 -> 2.0091897 | U17: =$U$39*$T17 -> 16.274437 | V17: =$V$39*$T17 -> 44.001255 | W17: =$W$39*$T17 -> 120.55138 | X17: =$X$39*$T17 -> 60.275692 | Y17: =$Y$39*$T17 -> 40.183795 | Z17: =$Z$39*$T17 -> 80.36759 | AA17: =$AA$39*$T17 -> 1567.168 | AB17: =$AB$39*$T17 -> 10.045949 | AC17: =$AC$39*$T17 -> 0.76714517 | AD17: =$AD$39*$T17 -> 3.3151631
A18: Greece | B18: 89.35302 | C18: 107.24401 | D18: 137.24193 | E18: 757.60698 | F18: 110.1653 | G18: 2.1097454 | H18: 2.3608 | I18: =SUM(B18:H18) -> 1206.0818 | J18: 93.6 | K18: =B18*$K$39 -> 2680.5906 | L18: =C18*$L$39 -> 6434.6403 | M18: =D18*$M$39 -> 4117.2578 | N18: =E18*$N$39 -> 15152.14 | O18: =F18*$O$39 -> 4406.612 | P18: =G18*$P$39 -> 1645.6014 | Q18: =H18*$Q$39 -> 11.804 | R18: =SUM(K18:Q18) -> 34448.646 | S18: =R18/I18 -> 28.562446 | T18: =J18/S18 -> 3.2770303 | U18: =$U$39*$T18 -> 26.543945 | V18: =$V$39*$T18 -> 71.766963 | W18: =$W$39*$T18 -> 196.62182 | X18: =$X$39*$T18 -> 98.310908 | Y18: =$Y$39*$T18 -> 65.540605 | Z18: =$Z$39*$T18 -> 131.08121 | AA18: =$AA$39*$T18 -> 2556.0836 | AB18: =$AB$39*$T18 -> 16.385151 | AC18: =$AC$39*$T18 -> 1.2512297 | AD18: =$AD$39*$T18 -> 5.4070999
... A36: Switzerland | B36: 482.10713 | C36: 196.71038 | D36: 75.103847 | E36: 31.99654 | F36: 0 | G36: 0.607754 | H36: 32.02 | I36: =SUM(B36:H36) -> 818.54565 | J36: 40.2 | K36: =B36*$K$39 -> 14463.214 | L36: =C36*$L$39 -> 11802.623 | M36: =D36*$M$39 -> 2253.1154 | N36: =E36*$N$39 -> 639.9308 | O36: =F36*$O$39 -> 0 | P36: =G36*$P$39 -> 474.04812 | Q36: =H36*$Q$39 -> 160.1 | R36: =SUM(K36:Q36) -> 29793.031 | S36: =R36/I36 -> 36.397519 | T36: =J36/S36 -> 1.1044709 | U36: =$U$39*$T36 -> 8.9462141 | V36: =$V$39*$T36 -> 24.187912 | W36: =$W$39*$T36 -> 66.268253 | X36: =$X$39*$T36 -> 33.134126 | Y36: =$Y$39*$T36 -> 22.089418 | Z36: =$Z$39*$T36 -> 44.178835 | AA36: =$AA$39*$T36 -> 861.48729 | AB36: =$AB$39*$T36 -> 5.5223544 | AC36: =$AC$39*$T36 -> 0.42170706 | AD36: =$AD$39*$T36 -> 1.822377
A37: United Kingdom | B37: na | C37: na | D37: na | E37: na | F37: na | G37: na | H37: na | I37: na | J37: 29 | K37: na | L37: na | M37: na | N37: na | O37: na | P37: na | Q37: na | R37: na | S37: na | T37: na | U37: na | V37: na | W37: na | X37: na | Y37: na | Z37: na | AA37: na | AB37: na | AC37: na | AD37: na
A39: Standard, mg per kg | K39: ='Standard values'!B5 -> 30 | L39: ='Standard values'!D5 -> 60 | M39: ='Standard values'!E5 -> 30 | N39: ='Standard values'!F5 -> 20 | O39: ='Standard values'!G5 -> 40 | P39: ='Standard values'!H5 -> 780 | Q39: ='Standard values'!I5 -> 5 | U39: ='Standard values'!B6 -> 8.1 | V39: ='Standard values'!C6 -> 21.9 | W39: ='Standard values'!D6 -> 60 | X39: ='Standard values'!E6 -> 30 | Y39: ='Standard values'!F6 -> 20 | Z39: ='Standard values'!G6 -> 40 | AA39: ='Standard values'!H6 -> 780 | AB39: ='Standard values'!I6 -> 5 | ... AD39: ='Standard values'!K6 -> 1.65

Sheet 2019
A2: Use of antibiotics index 2019
A4: Actual use | B4: https://esvacbi.ema.europa.eu/analytics/saw.dll?Dashboard | K4: Expected use | U4: Antibiotic use index
A5: PCU tonne
A6: Country | B6: Cattle | C6: Pigs | D6: Poultry | E6: Sheep and goats | F6: Fish | G6: Rabbits | H6: Horses | I6: Total PCU (tonnes) | J6: mg/PCU | K6: Cattle | L6: Pigs | M6: Poultry | N6: Sheep and goats | O6: Fish | P6: Rabbits | Q6: Horses | R6: Total | S6: mg/PCU | T6: Actual use/ expected use | U6: Beef cattle | V6: Dairy cows | W6: Pigs | X6: Broiler | Y6: Sheep and goat | Z6: Fish | AA6: Rabbits | AB6: Horses | AC6: Egg | AD6: Milk
A7: Austria | B7: 434.28314 | C7: 358.20508 | D7: 81.986101 | E7: 37.99396 | F7: 0 | G7: 0 | H7: 38.1988 | I7: =SUM(B7:H7) -> 950.66708 | J7: 42.6 | K7: =B7*$K$39 -> 13028.494 | L7: =C7*$L$39 -> 21492.305 | M7: =D7*$M$39 -> 2459.583 | N7: =E7*$N$39 -> 759.8792 | O7: =F7*$O$39 -> 0 | P7: =G7*$P$39 -> 0 | Q7: =H7*$Q$39 -> 190.994 | R7: =SUM(K7:Q7) -> 37931.255 | S7: =R7/I7 -> 39.89962 | T7: =J7/S7 -> 1.0676793 | U7: =$U$39*$T7 -> 8.6482027 | V7: =$V$39*$T7 -> 23.382178 | W7: =$W$39*$T7 -> 64.060761 | X7: =$X$39*$T7 -> 32.03038 | Y7: =$Y$39*$T7 -> 21.353587 | Z7: =$Z$39*$T7 -> 42.707174 | AA7: =$AA$39*$T7 -> 832.78989 | AB7: =$AB$39*$T7 -> 5.3383967 | AC7: =$AC$39*$T7 -> 0.40765939 | AD7: =$AD$39*$T7 -> 1.7616709
A8: Belgium | B8: 465.785 | C8: 839.46538 | D8: 271.9283 | E8: 17.16063 | F8: 0 | G8: 3.746554 | H8: 119.2588 | I8: =SUM(B8:H8) -> 1717.3447 | J8: 101.9 | K8: =B8*$K$39 -> 13973.55 | L8: =C8*$L$39 -> 50367.923 | M8: =D8*$M$39 -> 8157.8489 | N8: =E8*$N$39 -> 343.2126 | O8: =F8*$O$39 -> 0 | P8: =G8*$P$39 -> 2922.3121 | Q8: =H8*$Q$39 -> 596.294 | R8: =SUM(K8:Q8) -> 76361.14 | S8: =R8/I8 -> 44.464656 | T8: =J8/S8 -> 2.2917078 | U8: =$U$39*$T8 -> 18.562833 | V8: =$V$39*$T8 -> 50.188401 | W8: =$W$39*$T8 -> 137.50247 | X8: =$X$39*$T8 -> 68.751234 | Y8: =$Y$39*$T8 -> 45.834156 | Z8: =$Z$39*$T8 -> 91.668312 | AA8: =$AA$39*$T8 -> 1787.5321 | AB8: =$AB$39*$T8 -> 11.458539 | AC8: =$AC$39*$T8 -> 0.8750157 | AD8: =$AD$39*$T8 -> 3.7813179
A9: Bulgaria | B9: 106.36833 | C9: 89.603245 | D9: 51.85417 | E9: 98.81274 | F9: 13.495 | G9: 0.0043218 | H9: 25.3692 | I9: =SUM(B9:H9) -> 385.50701 | J9: 112.7 | K9: =B9*$K$39 -> 3191.0499 | L9: =C9*$L$39 -> 5376.1947 | M9: =D9*$M$39 -> 1555.6251 | N9: =E9*$N$39 -> 1976.2548 | O9: =F9*$O$39 -> 539.8 | P9: =G9*$P$39 -> 3.371004 | Q9: =H9*$Q$39 -> 126.846 | R9: =SUM(K9:Q9) -> 12769.142 | S9: =R9/I9 -> 33.122982 | T9: =J9/S9 -> 3.4024715 | U9: =$U$39*$T9 -> 27.560019 | V9: =$V$39*$T9 -> 74.514125 | W9: =$W$39*$T9 -> 204.14829 | X9: =$X$39*$T9 -> 102.07414 | Y9: =$Y$39*$T9 -> 68.049429 | Z9: =$Z$39*$T9 -> 136.09886 | AA9: =$AA$39*$T9 -> 2653.9277 | AB9: =$AB$39*$T9 -> 17.012357 | AC9: =$AC$39*$T9 -> 1.2991255 | AD9: =$AD$39*$T9 -> 5.6140779
A10: Croatia | B10: 102.16546 | C10: 92.422965 | D10: 45.957723 | E10: 48.60598 | F10: 20.39 | G10: 0.0039998 | H10: 9.8948 | I10: =SUM(B10:H10) -> 319.44093 | J10: 62.8 | K10: =B10*$K$39 -> 3064.9638 | L10: =C10*$L$39 -> 5545.3779 | M10: =D10*$M$39 -> 1378.7317 | N10: =E10*$N$39 -> 972.1196 | O10: =F10*$O$39 -> 815.6 | P10: =G10*$P$39 -> 3.119844 | Q10: =H10*$Q$39 -> 49.474 | R10: =SUM(K10:Q10) -> 11829.387 | S10: =R10/I10 -> 37.031532 | T10: =J10/S10 -> 1.6958521 | U10: =$U$39*$T10 -> 13.736402 | V10: =$V$39*$T10 -> 37.139161 | W10: =$W$39*$T10 -> 101.75112 | X10: =$X$39*$T10 -> 50.875562 | Y10: =$Y$39*$T10 -> 33.917042 | Z10: =$Z$39*$T10 -> 67.834083 | AA10: =$AA$39*$T10 -> 1322.7646 | AB10: =$AB$39*$T10 -> 8.4792604 | AC10: =$AC$39*$T10 -> 0.64750716 | AD10: =$AD$39*$T10 -> 2.7981559
A11: Cyprus | B11: 24.28442 | C11: 46.04336 | D11: 13.546035 | E11: 47.072675 | F11: 8.079 | G11: 0.0691782 | H11: 2.0108 | I11: =SUM(B11:H11) -> 141.10547 | J11: 350 | K11: =B11*$K$39 -> 728.5326 | L11: =C11*$L$39 -> 2762.6016 | M11: =D11*$M$39 -> 406.38105 | N11: =E11*$N$39 -> 941.4535 | O11: =F11*$O$39 -> 323.16 | P11: =G11*$P$39 -> 53.958996 | Q11: =H11*$Q$39 -> 10.054 | R11: =SUM(K11:Q11) -> 5226.1417 | S11: =R11/I11 -> 37.037131 | T11: =J11/S11 -> 9.449976 | U11: =$U$39*$T11 -> 76.544805 | V11: =$V$39*$T11 -> 206.95447 | W11: =$W$39*$T11 -> 566.99856 | X11: =$X$39*$T11 -> 283.49928 | Y11: =$Y$39*$T11 -> 188.99952 | Z11: =$Z$39*$T11 -> 377.99904 | AA11: =$AA$39*$T11 -> 7370.9812 | AB11: =$AB$39*$T11 -> 47.24988 | AC11: =$AC$39*$T11 -> 3.6081726 | AD11: =$AD$39*$T11 -> 15.59246
A12: Czech Republic | B12: 290.42622 | C12: 198.61372 | D12: 130.48243 | E12: 16.70816 | F12: 20.986 | G12: 6.8418 | H12: 37.9624 | I12: =SUM(B12:H12) -> 702.02073 | J12: 53.8 | K12: =B12*$K$39 -> 8712.7866 | L12: =C12*$L$39 -> 11916.823 | M12: =D12*$M$39 -> 3914.4729 | N12: =E12*$N$39 -> 334.1632 | O12: =F12*$O$39 -> 839.44 | P12: =G12*$P$39 -> 5336.604 | Q12: =H12*$Q$39 -> 189.812 | R12: =SUM(K12:Q12) -> 31244.102 | S12: =R12/I12 -> 44.505953 | T12: =J12/S12 -> 1.208827 | U12: =$U$39*$T12 -> 9.791499 | V12: =$V$39*$T12 -> 26.473312 | W12: =$W$39*$T12 -> 72.529623 | X12: =$X$39*$T12 -> 36.264811 | Y12: =$Y$39*$T12 -> 24.176541 | Z12: =$Z$39*$T12 -> 48.353082 | AA12: =$AA$39*$T12 -> 942.88509 | AB12: =$AB$39*$T12 -> 6.0441352 | AC12: =$AC$39*$T12 -> 0.46155214 | AD12: =$AD$39*$T12 -> 1.9945646
A13: Denmark | B13: 386.5016 | C13: 1724.2613 | D13: 126.1661 | E13: 12.439625 | F13: 43 | G13: 0 | H13: 70 | I13: =SUM(B13:H13) -> 2362.3686 | J13: 37.1 | K13: =B13*$K$39 -> 11595.048 | L13: =C13*$L$39 -> 103455.68 | M13: =D13*$M$39 -> 3784.983 | N13: =E13*$N$39 -> 248.7925 | O13: =F13*$O$39 -> 1720 | P13: =G13*$P$39 -> 0 | Q13: =H13*$Q$39 -> 350 | R13: =SUM(K13:Q13) -> 121154.5 | S13: =R13/I13 -> 51.285181 | T13: =J13/S13 -> 0.72340586 | U13: =$U$39*$T13 -> 5.8595874 | V13: =$V$39*$T13 -> 15.842588 | W13: =$W$39*$T13 -> 43.404351 | X13: =$X$39*$T13 -> 21.702176 | Y13: =$Y$39*$T13 -> 14.468117 | Z13: =$Z$39*$T13 -> 28.936234 | AA13: =$AA$39*$T13 -> 564.25657 | AB13: =$AB$39*$T13 -> 3.6170293 | AC13: =$AC$39*$T13 -> 0.27620951 | AD13: =$AD$39*$T13 -> 1.1936197
A14: Estonia | B14: 59.28484 | C14: 41.69916 | D14: 2.497358 | E14: 5.69146 | F14: 1.062 | G14: 0 | H14: 4.6608 | I14: =SUM(B14:H14) -> 114.89562 | J14: 53.5 | K14: =B14*$K$39 -> 1778.5452 | L14: =C14*$L$39 -> 2501.9496 | M14: =D14*$M$39 -> 74.92074 | N14: =E14*$N$39 -> 113.8292 | O14: =F14*$O$39 -> 42.48 | P14: =G14*$P$39 -> 0 | Q14: =H14*$Q$39 -> 23.304 | R14: =SUM(K14:Q14) -> 4535.0287 | S14: =R14/I14 -> 39.470859 | T14: =J14/S14 -> 1.3554303 | U14: =$U$39*$T14 -> 10.978986 | V14: =$V$39*$T14 -> 29.683925 | W14: =$W$39*$T14 -> 81.325821 | X14: =$X$39*$T14 -> 40.66291 | Y14: =$Y$39*$T14 -> 27.108607 | Z14: =$Z$39*$T14 -> 54.217214 | AA14: =$AA$39*$T14 -> 1057.2357 | AB14: =$AB$39*$T14 -> 6.7771517 | AC14: =$AC$39*$T14 -> 0.51752795 | AD14: =$AD$39*$T14 -> 2.2364601
A15: Finland | B15: 211.33946 | C15: 141.9971 | D15: 83.861985 | E15: 12.22752 | F15: 15.296 | G15: 0 | H15: 29.72 | I15: =SUM(B15:H15) -> 494.44206 | J15: 19.1 | K15: =B15*$K$39 -> 6340.1838 | L15: =C15*$L$39 -> 8519.826 | M15: =D15*$M$39 -> 2515.8596 | N15: =E15*$N$39 -> 244.5504 | O15: =F15*$O$39 -> 611.84 | P15: =G15*$P$39 -> 0 | Q15: =H15*$Q$39 -> 148.6 | R15: =SUM(K15:Q15) -> 18380.86 | S15: =R15/I15 -> 37.174951 | T15: =J15/S15 -> 0.51378682 | U15: =$U$39*$T15 -> 4.1616732 | V15: =$V$39*$T15 -> 11.251931 | W15: =$W$39*$T15 -> 30.827209 | X15: =$X$39*$T15 -> 15.413605 | Y15: =$Y$39*$T15 -> 10.275736 | Z15: =$Z$39*$T15 -> 20.551473 | AA15: =$AA$39*$T15 -> 400.75372 | AB15: =$AB$39*$T15 -> 2.5689341 | AC15: =$AC$39*$T15 -> 0.19617315 | AD15: =$AD$39*$T15 -> 0.84774825
A16: France | B16: 3090.1625 | C16: 1800.6317 | D16: 1091.5197 | E16: 635.61704 | F16: 45.971 | G16: 41.0144 | H16: 280.4616 | I16: =SUM(B16:H16) -> 6985.3779 | J16: 58.3 | K16: =B16*$K$39 -> 92704.874 | L16: =C16*$L$39 -> 108037.9 | M16: =D16*$M$39 -> 32745.59 | N16: =E16*$N$39 -> 12712.341 | O16: =F16*$O$39 -> 1838.84 | P16: =G16*$P$39 -> 31991.232 | Q16: =H16*$Q$39 -> 1402.308 | R16: =SUM(K16:Q16) -> 281433.09 | S16: =R16/I16 -> 40.288885 | T16: =J16/S16 -> 1.4470492 | U16: =$U$39*$T16 -> 11.721099 | V16: =$V$39*$T16 -> 31.690378 | W16: =$W$39*$T16 -> 86.822953 | X16: =$X$39*$T16 -> 43.411477 | Y16: =$Y$39*$T16 -> 28.940984 | Z16: =$Z$39*$T16 -> 57.881969 | AA16: =$AA$39*$T16 -> 1128.6984 | AB16: =$AB$39*$T16 -> 7.2352461 | AC16: =$AC$39*$T16 -> 0.5525097 | AD16: =$AD$39*$T16 -> 2.3876312
A17: Germany | B17: 3008.706 | C17: 3586.8034 | D17: 1032.9534 | E17: 137.26418 | F17: 18.548 | G17: 22.8942 | H17: 520 | I17: =SUM(B17:H17) -> 8327.1691 | J17: 78.6 | K17: =B17*$K$39 -> 90261.179 | L17: =C17*$L$39 -> 215208.2 | M17: =D17*$M$39 -> 30988.601 | N17: =E17*$N$39 -> 2745.2836 | O17: =F17*$O$39 -> 741.92 | P17: =G17*$P$39 -> 17857.476 | Q17: =H17*$Q$39 -> 2600 | R17: =SUM(K17:Q17) -> 360402.66 | S17: =R17/I17 -> 43.280334 | T17: =J17/S17 -> 1.8160673 | U17: =$U$39*$T17 -> 14.710145 | V17: =$V$39*$T17 -> 39.771874 | W17: =$W$39*$T17 -> 108.96404 | X17: =$X$39*$T17 -> 54.482019 | Y17: =$Y$39*$T17 -> 36.321346 | Z17: =$Z$39*$T17 -> 72.642692 | AA17: =$AA$39*$T17 -> 1416.5325 | AB17: =$AB$39*$T17 -> 9.0803365 | AC17: =$AC$39*$T17 -> 0.69340751 | AD17: =$AD$39*$T17 -> 2.996511
A18: Greece | B18: 78.32707 | C18: 100.24735 | D18: 138.31438 | E18: 749.51234 | F18: 104.944 | G18: 2.1097454 | H18: 2.3608 | I18: =SUM(B18:H18) -> 1175.8157 | J18: 84.8 | K18: =B18*$K$39 -> 2349.8121 | L18: =C18*$L$39 -> 6014.8413 | M18: =D18*$M$39 -> 4149.4314 | N18: =E18*$N$39 -> 14990.247 | O18: =F18*$O$39 -> 4197.76 | P18: =G18*$P$39 -> 1645.6014 | Q18: =H18*$Q$39 -> 11.804 | R18: =SUM(K18:Q18) -> 33359.497 | S18: =R18/I18 -> 28.371366 | T18: =J18/S18 -> 2.9889291 | U18: =$U$39*$T18 -> 24.210326 | V18: =$V$39*$T18 -> 65.457547 | W18: =$W$39*$T18 -> 179.33574 | X18: =$X$39*$T18 -> 89.667872 | Y18: =$Y$39*$T18 -> 59.778581 | Z18: =$Z$39*$T18 -> 119.55716 | AA18: =$AA$39*$T18 -> 2331.3647 | AB18: =$AB$39*$T18 -> 14.944645 | AC18: =$AC$39*$T18 -> 1.1412275 | AD18: =$AD$39*$T18 -> 4.931733
... A36: Switzerland | B36: 475.22365 | C36: 189.62286 | D36: 75.140538 | E36: 32.004875 | F36: 0 | G36: 0.6428898 | H36: 44.7836 | I36: =SUM(B36:H36) -> 817.41841 | J36: 35.7 | K36: =B36*$K$39 -> 14256.71 | L36: =C36*$L$39 -> 11377.372 | M36: =D36*$M$39 -> 2254.2161 | N36: =E36*$N$39 -> 640.0975 | O36: =F36*$O$39 -> 0 | P36: =G36*$P$39 -> 501.45404 | Q36: =H36*$Q$39 -> 223.918 | R36: =SUM(K36:Q36) -> 29253.767 | S36: =R36/I36 -> 35.787996 | T36: =J36/S36 -> 0.99754119 | U36: =$U$39*$T36 -> 8.0800836 | V36: =$V$39*$T36 -> 21.846152 | W36: =$W$39*$T36 -> 59.852471 | X36: =$X$39*$T36 -> 29.926236 | Y36: =$Y$39*$T36 -> 19.950824 | Z36: =$Z$39*$T36 -> 39.901648 | AA36: =$AA$39*$T36 -> 778.08213 | AB36: =$AB$39*$T36 -> 4.987706 | AC36: =$AC$39*$T36 -> 0.38087936 | AD36: =$AD$39*$T36 -> 1.645943
A37: United Kingdom | B37: na | C37: na | D37: na | E37: na | F37: na | G37: na | H37: na | I37: na | J37: 30.4 | K37: na | L37: na | M37: na | N37: na | O37: na | P37: na | Q37: na | R37: na | S37: na | T37: na | U37: na | V37: na | W37: na | X37: na | Y37: na | Z37: na | AA37: na | AB37: na | AC37: na | AD37: na
