Workbook
Name CF_biog_CH4: 'CF climate'!$C$5
Name CF_fossil_CH4: 'CF climate'!$D$5
Name CF_HCFC: 'CF climate'!$F$5
Name CF_N2O: 'CF climate'!$E$5
Name CH4_bio_codes: 'Crops CH4, bio'!$A$6:$A$118
Name CH4_bio_data: 'Crops CH4, bio'!$E$6:$N$118
Name CH4_codes: 'Crops CH4, bio'!$A$6:$A$118
Name CH4_codes: 'Crops CH4, fossil'!$A$6:$A$118
Name CH4_data: 'Crops CH4, bio'!$E$6:$N$118
Name CH4_data: 'Crops CH4, fossil'!$E$6:$N$118
Name CO2_codes: 'Crops CO2'!$A$6:$A$118
Name CO2_data: 'Crops CO2'!$E$6:$N$118
Name CO2e_codes: 'Crops CO2e'!$A$6:$A$118
Name CO2e_data: 'Crops CO2e'!$E$6:$N$118
Name Crop_codes: 'Footprints, results per kg'!$A$6:$A$116
Name Crop_codes: 'Crops, input data per ha'!$A$6:$A$118
Name Crop_data: 'Crops, input data per ha'!$A$6:$Z$118
Name Crop_data_codes: 'Crops, input data per ha'!$A$6:$A$118
Name Crops: 'Crops CH4, bio'!$B:$B
Name Crops: 'Crops CH4, fossil'!$B:$B
Name Crops: 'Crops CO2e'!$B:$B
Name Crops: 'Crops N2O'!$B:$B
Name Crops: 'Crops CO2'!$B:$B
Name EF_capital_goods_CH4: 'Emission factors'!$C$35
Name EF_capital_goods_CO2: 'Emission factors'!$B$35
Name EF_capital_goods_N2O: 'Emission factors'!$D$35
Name EF_chips_CH4: 'Emission factors'!$C$10
Name EF_chips_CO2: 'Emission factors'!$B$10
Name EF_chips_N2O: 'Emission factors'!$D$10
Name EF_diesel_CH4: 'Emission factors'!$C$13
Name EF_diesel_CO2: 'Emission factors'!$B$13
Name EF_diesel_N2O: 'Emission factors'!$D$13
Name EF_district_heating_CH4: 'Emission factors'!$C$14
Name EF_district_heating_CO2: 'Emission factors'!$B$14
Name EF_district_heating_N2O: 'Emission factors'!$D$14
Name EF_electricity_CH4: 'Emission factors'!$C$6
Name EF_electricity_CO2: 'Emission factors'!$B$6
Name EF_electricity_N2O: 'Emission factors'!$D$6
Name EF_heating_oil_CH4: 'Emission factors'!$C$7
Name EF_heating_oil_CO2: 'Emission factors'!$B$7
Name EF_heating_oil_N2O: 'Emission factors'!$D$7
Name EF_irrigation_CH4: 'Emission factors'!$C$28
Name EF_irrigation_CO2: 'Emission factors'!$B$28
Name EF_irrigation_N2O: 'Emission factors'!$D$28
Name EF_min_fert_AN_CH4: 'Emission factors'!$C$21
Name EF_min_fert_AN_CO2: 'Emission factors'!$B$21
Name EF_min_fert_AN_N2O: 'Emission factors'!$D$21
Name EF_min_fert_BAT_CH4: 'Emission factors'!$C$20
Name EF_min_fert_BAT_CO2: 'Emission factors'!$B$20
Name EF_min_fert_BAT_N2O: 'Emission factors'!$D$20
Name EF_min_fert_CH4: 'Emission factors'!$C$20
Name EF_min_fert_CO2: 'Emission factors'!$B$20
Name EF_N2O_soils_crop_res: 'Emission factors'!$B$63
Name EF_N2O_soils_indirect: 'Emission factors'!$B$64
Name EF_N2O_soils_min_fert: 'Emission factors'!$B$62
Name EF_natural_gas_CH4: 'Emission factors'!$C$8
Name EF_natural_gas_CO2: 'Emission factors'!$B$8
Name EF_natural_gas_N2O: 'Emission factors'!$D$8
Name EF_NH3: 'Emission factors'!$B$73
Name EF_other_fossil_CH4: 'Emission factors'!$C$9

Sheet README
A2: Introduction to the dataset
A4: This is a dataset that includes data on the environmental and social indicators for crops for Sweden.
A6: Results are presented in the tab "Crops, results per kg"
A7: These are calculated from the input data in tab "Crops, input data per ha"
A8: For climate, there is an intermediate step in the calculations for each gas in the tabs "Crops CO2", "Crops CH4" and "Crops N2O"
A10: Figures in blue are input data that change across countries, these are only found in tabs:
B11: - Crops, input data per ha
B12: - Emission factors
A14: Figures in black are calculated or the same across countries and should not be changed
A16: Figures in green are input data that do differ between countries but that are not changed, but calculated from the Swedish values or where Swedish data is used as a place-holder for now.

Sheet Footprints, results per kg
A2: Footprints (per kg of crop)
A4: Crops | F4: Climate | L4: Land | M4: Nitrogen | N4: Phosphorus | O4: Water | P4: Pesticides | Q4: Biodiversity | R4: Ammonia | S4: Labour
A5: Crop code | B5: Crop | C5: Category | D5: Grown in country | E5: Share | F5: Carbon footprint, kg CO2e/kg | G5: Carbon dioxide, kg CO2/kg | H5: Methane, fossil, kg CH4/kg | I5: Methane, biogenic, kg CH4/kg | J5: Nitrous oxide, kg N2O/kg | K5: HFCs, kg HFCs/kg | L5: Cropland use, m2/kg | M5: New N input, kg N/kg | N5: New P input, kg P/kg | O5: Blue freshwater use, m3/kg | P5: Pesticide use, g a.i./kg | Q5: Extinction rate, E/MSY/kg | R5: Ammonia emission, kg NH3/kg | S5: Labour requirements, h/kg
A6: 01371 | B6: =INDEX(Crop_data,MATCH(A6,Crop_data_codes,0),2) -> Almonds, in shell | C6: =INDEX(Crop_data,MATCH(A6,Crop_data_codes,0),3) -> Nuts | D6: =IF(INDEX(Crop_data,MATCH(A6,Crop_data_codes,0),6)>0,"Yes","No") -> No | F6: =IF(D6="Yes",INDEX(CO2e_data,MATCH(A6,CO2e_codes,0),1),"") | G6: =IF(D6="Yes",INDEX(CO2_data,MATCH(A6,CO2_codes,0),1),"") | H6: =IF(D6="Yes",INDEX(CH4_data,MATCH(A6,CH4_codes,0),1),"") | I6: =IF(D6="Yes",INDEX(CH4_bio_data,MATCH(A6,CH4_bio_codes,0),1),"") | J6: =IF(D6="Yes",INDEX(N2O_data,MATCH(A6,N2O_codes,0),1),"") | L6: =IF(D6="Yes",1/INDEX(Crop_data,MATCH(A6,Crop_data_codes,0),6)*10000,"") | M6: =IF(D6="Yes",(INDEX(Crop_data,MATCH(A6,Crop_data_codes,0),7)+INDEX(Crop_data,MATCH(A6,Crop_data_codes,0),8))/INDEX(Crop_data,MATCH(A6,Crop_data_codes,0),6),"") | N6: =IF(D6="Yes",INDEX(Crop_data,MATCH(A6,Crop_data_codes,0),10)/INDEX(Crop_data,MATCH(A6,Crop_data_codes,0),6),"") | O6: =IF(D6="Yes",INDEX(Crop_data,MATCH(A6,Crop_data_codes,0),12)/INDEX(Crop_data,MATCH(A6,Crop_data_codes,0),6),"") | P6: =IF(D6="Yes",INDEX(Crop_data,MATCH(A6,Crop_data_codes,0),13)/INDEX(Crop_data,MATCH(A6,Crop_data_codes,0),6)*1000,"") | Q6: =IF(D6="Yes",SUM(INDEX(Crop_data,MATCH(A6,Crop_data_codes,0),21):INDEX(Crop_data,MATCH(A6,Crop_data_codes,0),22):INDEX(Crop_data,MATCH(A6,Crop_data_codes,0),23):INDEX(Crop_data,MATCH(A6,Crop_data_codes,0),24):INDEX(Crop_data,MATCH(A6,Crop_data_codes,0),25))*(1/INDEX(Crop_data,MATCH(A6,Crop_data_codes,0),6)*10000)/(No_species/1000000),"") | R6: =IF(D6="Yes",INDEX(Crop_data,MATCH(A6,Crop_data_codes,0),7)/INDEX(Crop_data,MATCH(A6,Crop_data_codes,0),6)*EF_NH3*N_to_NH3,"") | S6: =IF(D6="Yes",INDEX(Crop_data,MATCH(A6,Crop_data_codes,0),26)/INDEX(Crop_data,MATCH(A6,Crop_data_codes,0),6),"")
A7: 01654 | B7: =INDEX(Crop_data,MATCH(A7,Crop_data_codes,0),2) -> Anise, badian, coriander, cumin, caraway, fennel and juniper berries, raw | C7: =INDEX(Crop_data,MATCH(A7,Crop_data_codes,0),3) -> Vegetables | D7: =IF(INDEX(Crop_data,MATCH(A7,Crop_data_codes,0),6)>0,"Yes","No") -> No | F7: =IF(D7="Yes",INDEX(CO2e_data,MATCH(A7,CO2e_codes,0),1),"") | G7: =IF(D7="Yes",INDEX(CO2_data,MATCH(A7,CO2_codes,0),1),"") | H7: =IF(D7="Yes",INDEX(CH4_data,MATCH(A7,CH4_codes,0),1),"") | I7: =IF(D7="Yes",INDEX(CH4_bio_data,MATCH(A7,CH4_bio_codes,0),1),"") | J7: =IF(D7="Yes",INDEX(N2O_data,MATCH(A7,N2O_codes,0),1),"") | L7: =IF(D7="Yes",1/INDEX(Crop_data,MATCH(A7,Crop_data_codes,0),6)*10000,"") | M7: =IF(D7="Yes",(INDEX(Crop_data,MATCH(A7,Crop_data_codes,0),7)+INDEX(Crop_data,MATCH(A7,Crop_data_codes,0),8))/INDEX(Crop_data,MATCH(A7,Crop_data_codes,0),6),"") | N7: =IF(D7="Yes",INDEX(Crop_data,MATCH(A7,Crop_data_codes,0),10)/INDEX(Crop_data,MATCH(A7,Crop_data_codes,0),6),"") | O7: =IF(D7="Yes",INDEX(Crop_data,MATCH(A7,Crop_data_codes,0),12)/INDEX(Crop_data,MATCH(A7,Crop_data_codes,0),6),"") | P7: =IF(D7="Yes",INDEX(Crop_data,MATCH(A7,Crop_data_codes,0),13)/INDEX(Crop_data,MATCH(A7,Crop_data_codes,0),6)*1000,"") | Q7: =IF(D7="Yes",SUM(INDEX(Crop_data,MATCH(A7,Crop_data_codes,0),21):INDEX(Crop_data,MATCH(A7,Crop_data_codes,0),22):INDEX(Crop_data,MATCH(A7,Crop_data_codes,0),23):INDEX(Crop_data,MATCH(A7,Crop_data_codes,0),24):INDEX(Crop_data,MATCH(A7,Crop_data_codes,0),25))*(1/INDEX(Crop_data,MATCH(A7,Crop_data_codes,0),6)*10000)/(No_species/1000000),"") | R7: =IF(D7="Yes",INDEX(Crop_data,MATCH(A7,Crop_data_codes,0),7)/INDEX(Crop_data,MATCH(A7,Crop_data_codes,0),6)*EF_NH3*N_to_NH3,"") | S7: =IF(D7="Yes",INDEX(Crop_data,MATCH(A7,Crop_data_codes,0),26)/INDEX(Crop_data,MATCH(A7,Crop_data_codes,0),6),"")
A8: 01341 | B8: =INDEX(Crop_data,MATCH(A8,Crop_data_codes,0),2) -> Apples | C8: =INDEX(Crop_data,MATCH(A8,Crop_data_codes,0),3) -> Fruits | D8: =IF(INDEX(Crop_data,MATCH(A8,Crop_data_codes,0),6)>0,"Yes","No") -> Yes | F8: =IF(D8="Yes",INDEX(CO2e_data,MATCH(A8,CO2e_codes,0),1),"") -> 0.15649168 | G8: =IF(D8="Yes",INDEX(CO2_data,MATCH(A8,CO2_codes,0),1),"") -> 0.10494615 | H8: =IF(D8="Yes",INDEX(CH4_data,MATCH(A8,CH4_codes,0),1),"") -> 0.00014499388 | I8: =IF(D8="Yes",INDEX(CH4_bio_data,MATCH(A8,CH4_bio_codes,0),1),"") -> 0 | J8: =IF(D8="Yes",INDEX(N2O_data,MATCH(A8,N2O_codes,0),1),"") -> 0.00017298429 | L8: =IF(D8="Yes",1/INDEX(Crop_data,MATCH(A8,Crop_data_codes,0),6)*10000,"") -> 0.52858425 | M8: =IF(D8="Yes",(INDEX(Crop_data,MATCH(A8,Crop_data_codes,0),7)+INDEX(Crop_data,MATCH(A8,Crop_data_codes,0),8))/INDEX(Crop_data,MATCH(A8,Crop_data_codes,0),6),"") -> 0.0021672481 | N8: =IF(D8="Yes",INDEX(Crop_data,MATCH(A8,Crop_data_codes,0),10)/INDEX(Crop_data,MATCH(A8,Crop_data_codes,0),6),"") -> 0.00031715826 | O8: =IF(D8="Yes",INDEX(Crop_data,MATCH(A8,Crop_data_codes,0),12)/INDEX(Crop_data,MATCH(A8,Crop_data_codes,0),6),"") -> 0.028999998 | P8: =IF(D8="Yes",INDEX(Crop_data,MATCH(A8,Crop_data_codes,0),13)/INDEX(Crop_data,MATCH(A8,Crop_data_codes,0),6)*1000,"") -> 0.3155648 | Q8: =IF(D8="Yes",SUM(INDEX(Crop_data,MATCH(A8,Crop_data_codes,0),21):INDEX(Crop_data,MATCH(A8,Crop_data_codes,0),22):INDEX(Crop_data,MATCH(A8,Crop_data_codes,0),23):INDEX(Crop_data,MATCH(A8,Crop_data_codes,0),24):INDEX(Crop_data,MATCH(A8,Crop_data_codes,0),25))*(1/INDEX(Crop_data,MATCH(A8,Crop_data_codes,0),6)*10000)/(No_species/1000000),"") -> 4.3089214e-12 | R8: =IF(D8="Yes",INDEX(Crop_data,MATCH(A8,Crop_data_codes,0),7)/INDEX(Crop_data,MATCH(A8,Crop_data_codes,0),6)*EF_NH3*N_to_NH3,"") -> 0.00013175699 | S8: =IF(D8="Yes",INDEX(Crop_data,MATCH(A8,Crop_data_codes,0),26)/INDEX(Crop_data,MATCH(A8,Crop_data_codes,0),6),"") -> 0.015687323
A9: 01343 | B9: =INDEX(Crop_data,MATCH(A9,Crop_data_codes,0),2) -> Apricots | C9: =INDEX(Crop_data,MATCH(A9,Crop_data_codes,0),3) -> Fruits | D9: =IF(INDEX(Crop_data,MATCH(A9,Crop_data_codes,0),6)>0,"Yes","No") -> No | F9: =IF(D9="Yes",INDEX(CO2e_data,MATCH(A9,CO2e_codes,0),1),"") | G9: =IF(D9="Yes",INDEX(CO2_data,MATCH(A9,CO2_codes,0),1),"") | H9: =IF(D9="Yes",INDEX(CH4_data,MATCH(A9,CH4_codes,0),1),"") | I9: =IF(D9="Yes",INDEX(CH4_bio_data,MATCH(A9,CH4_bio_codes,0),1),"") | J9: =IF(D9="Yes",INDEX(N2O_data,MATCH(A9,N2O_codes,0),1),"") | L9: =IF(D9="Yes",1/INDEX(Crop_data,MATCH(A9,Crop_data_codes,0),6)*10000,"") | M9: =IF(D9="Yes",(INDEX(Crop_data,MATCH(A9,Crop_data_codes,0),7)+INDEX(Crop_data,MATCH(A9,Crop_data_codes,0),8))/INDEX(Crop_data,MATCH(A9,Crop_data_codes,0),6),"") | N9: =IF(D9="Yes",INDEX(Crop_data,MATCH(A9,Crop_data_codes,0),10)/INDEX(Crop_data,MATCH(A9,Crop_data_codes,0),6),"") | O9: =IF(D9="Yes",INDEX(Crop_data,MATCH(A9,Crop_data_codes,0),12)/INDEX(Crop_data,MATCH(A9,Crop_data_codes,0),6),"") | P9: =IF(D9="Yes",INDEX(Crop_data,MATCH(A9,Crop_data_codes,0),13)/INDEX(Crop_data,MATCH(A9,Crop_data_codes,0),6)*1000,"") | Q9: =IF(D9="Yes",SUM(INDEX(Crop_data,MATCH(A9,Crop_data_codes,0),21):INDEX(Crop_data,MATCH(A9,Crop_data_codes,0),22):INDEX(Crop_data,MATCH(A9,Crop_data_codes,0),23):INDEX(Crop_data,MATCH(A9,Crop_data_codes,0),24):INDEX(Crop_data,MATCH(A9,Crop_data_codes,0),25))*(1/INDEX(Crop_data,MATCH(A9,Crop_data_codes,0),6)*10000)/(No_species/1000000),"") | R9: =IF(D9="Yes",INDEX(Crop_data,MATCH(A9,Crop_data_codes,0),7)/INDEX(Crop_data,MATCH(A9,Crop_data_codes,0),6)*EF_NH3*N_to_NH3,"") | S9: =IF(D9="Yes",INDEX(Crop_data,MATCH(A9,Crop_data_codes,0),26)/INDEX(Crop_data,MATCH(A9,Crop_data_codes,0),6),"")
A10: 01216 | B10: =INDEX(Crop_data,MATCH(A10,Crop_data_codes,0),2) -> Artichokes | C10: =INDEX(Crop_data,MATCH(A10,Crop_data_codes,0),3) -> Vegetables | D10: =IF(INDEX(Crop_data,MATCH(A10,Crop_data_codes,0),6)>0,"Yes","No") -> No | F10: =IF(D10="Yes",INDEX(CO2e_data,MATCH(A10,CO2e_codes,0),1),"") | G10: =IF(D10="Yes",INDEX(CO2_data,MATCH(A10,CO2_codes,0),1),"") | H10: =IF(D10="Yes",INDEX(CH4_data,MATCH(A10,CH4_codes,0),1),"") | I10: =IF(D10="Yes",INDEX(CH4_bio_data,MATCH(A10,CH4_bio_codes,0),1),"") | J10: =IF(D10="Yes",INDEX(N2O_data,MATCH(A10,N2O_codes,0),1),"") | L10: =IF(D10="Yes",1/INDEX(Crop_data,MATCH(A10,Crop_data_codes,0),6)*10000,"") | M10: =IF(D10="Yes",(INDEX(Crop_data,MATCH(A10,Crop_data_codes,0),7)+INDEX(Crop_data,MATCH(A10,Crop_data_codes,0),8))/INDEX(Crop_data,MATCH(A10,Crop_data_codes,0),6),"") | N10: =IF(D10="Yes",INDEX(Crop_data,MATCH(A10,Crop_data_codes,0),10)/INDEX(Crop_data,MATCH(A10,Crop_data_codes,0),6),"") | O10: =IF(D10="Yes",INDEX(Crop_data,MATCH(A10,Crop_data_codes,0),12)/INDEX(Crop_data,MATCH(A10,Crop_data_codes,0),6),"") | P10: =IF(D10="Yes",INDEX(Crop_data,MATCH(A10,Crop_data_codes,0),13)/INDEX(Crop_data,MATCH(A10,Crop_data_codes,0),6)*1000,"") | Q10: =IF(D10="Yes",SUM(INDEX(Crop_data,MATCH(A10,Crop_data_codes,0),21):INDEX(Crop_data,MATCH(A10,Crop_data_codes,0),22):INDEX(Crop_data,MATCH(A10,Crop_data_codes,0),23):INDEX(Crop_data,MATCH(A10,Crop_data_codes,0),24):INDEX(Crop_data,MATCH(A10,Crop_data_codes,0),25))*(1/INDEX(Crop_data,MATCH(A10,Crop_data_codes,0),6)*10000)/(No_species/1000000),"") | R10: =IF(D10="Yes",INDEX(Crop_data,MATCH(A10,Crop_data_codes,0),7)/INDEX(Crop_data,MATCH(A10,Crop_data_codes,0),6)*EF_NH3*N_to_NH3,"") | S10: =IF(D10="Yes",INDEX(Crop_data,MATCH(A10,Crop_data_codes,0),26)/INDEX(Crop_data,MATCH(A10,Crop_data_codes,0),6),"")
A11: 01211 | B11: =INDEX(Crop_data,MATCH(A11,Crop_data_codes,0),2) -> Asparagus | C11: =INDEX(Crop_data,MATCH(A11,Crop_data_codes,0),3) -> Vegetables | D11: =IF(INDEX(Crop_data,MATCH(A11,Crop_data_codes,0),6)>0,"Yes","No") -> Yes | E11: 90 | F11: =IF(D11="Yes",INDEX(CO2e_data,MATCH(A11,CO2e_codes,0),1),"") -> 0.44756952 | G11: =IF(D11="Yes",INDEX(CO2_data,MATCH(A11,CO2_codes,0),1),"") -> 0.29879835 | H11: =IF(D11="Yes",INDEX(CH4_data,MATCH(A11,CH4_codes,0),1),"") -> 0.00025729579 | I11: =IF(D11="Yes",INDEX(CH4_bio_data,MATCH(A11,CH4_bio_codes,0),1),"") -> 0 | J11: =IF(D11="Yes",INDEX(N2O_data,MATCH(A11,N2O_codes,0),1),"") -> 0.00051686357 | L11: =IF(D11="Yes",1/INDEX(Crop_data,MATCH(A11,Crop_data_codes,0),6)*10000,"") -> 6.0392856 | M11: =IF(D11="Yes",(INDEX(Crop_data,MATCH(A11,Crop_data_codes,0),7)+INDEX(Crop_data,MATCH(A11,Crop_data_codes,0),8))/INDEX(Crop_data,MATCH(A11,Crop_data_codes,0),6),"") -> 0.012078571 | N11: =IF(D11="Yes",INDEX(Crop_data,MATCH(A11,Crop_data_codes,0),10)/INDEX(Crop_data,MATCH(A11,Crop_data_codes,0),6),"") -> 0.0024157142 | O11: =IF(D11="Yes",INDEX(Crop_data,MATCH(A11,Crop_data_codes,0),12)/INDEX(Crop_data,MATCH(A11,Crop_data_codes,0),6),"") -> 0.034 | P11: =IF(D11="Yes",INDEX(Crop_data,MATCH(A11,Crop_data_codes,0),13)/INDEX(Crop_data,MATCH(A11,Crop_data_codes,0),6)*1000,"") -> 0.99648212 | Q11: =IF(D11="Yes",SUM(INDEX(Crop_data,MATCH(A11,Crop_data_codes,0),21):INDEX(Crop_data,MATCH(A11,Crop_data_codes,0),22):INDEX(Crop_data,MATCH(A11,Crop_data_codes,0),23):INDEX(Crop_data,MATCH(A11,Crop_data_codes,0),24):INDEX(Crop_data,MATCH(A11,Crop_data_codes,0),25))*(1/INDEX(Crop_data,MATCH(A11,Crop_data_codes,0),6)*10000)/(No_species/1000000),"") -> 4.9231142e-11 | R11: =IF(D11="Yes",INDEX(Crop_data,MATCH(A11,Crop_data_codes,0),7)/INDEX(Crop_data,MATCH(A11,Crop_data_codes,0),6)*EF_NH3*N_to_NH3,"") -> 0.00073431193 | S11: =IF(D11="Yes",INDEX(Crop_data,MATCH(A11,Crop_data_codes,0),26)/INDEX(Crop_data,MATCH(A11,Crop_data_codes,0),6),"") -> 0.21294521
A12: 01311 | B12: =INDEX(Crop_data,MATCH(A12,Crop_data_codes,0),2) -> Avocados | C12: =INDEX(Crop_data,MATCH(A12,Crop_data_codes,0),3) -> Vegetables | D12: =IF(INDEX(Crop_data,MATCH(A12,Crop_data_codes,0),6)>0,"Yes","No") -> No | E12: 10 | F12: =IF(D12="Yes",INDEX(CO2e_data,MATCH(A12,CO2e_codes,0),1),"") | G12: =IF(D12="Yes",INDEX(CO2_data,MATCH(A12,CO2_codes,0),1),"") | H12: =IF(D12="Yes",INDEX(CH4_data,MATCH(A12,CH4_codes,0),1),"") | I12: =IF(D12="Yes",INDEX(CH4_bio_data,MATCH(A12,CH4_bio_codes,0),1),"") | J12: =IF(D12="Yes",INDEX(N2O_data,MATCH(A12,N2O_codes,0),1),"") | L12: =IF(D12="Yes",1/INDEX(Crop_data,MATCH(A12,Crop_data_codes,0),6)*10000,"") | M12: =IF(D12="Yes",(INDEX(Crop_data,MATCH(A12,Crop_data_codes,0),7)+INDEX(Crop_data,MATCH(A12,Crop_data_codes,0),8))/INDEX(Crop_data,MATCH(A12,Crop_data_codes,0),6),"") | N12: =IF(D12="Yes",INDEX(Crop_data,MATCH(A12,Crop_data_codes,0),10)/INDEX(Crop_data,MATCH(A12,Crop_data_codes,0),6),"") | O12: =IF(D12="Yes",INDEX(Crop_data,MATCH(A12,Crop_data_codes,0),12)/INDEX(Crop_data,MATCH(A12,Crop_data_codes,0),6),"") | P12: =IF(D12="Yes",INDEX(Crop_data,MATCH(A12,Crop_data_codes,0),13)/INDEX(Crop_data,MATCH(A12,Crop_data_codes,0),6)*1000,"") | Q12: =IF(D12="Yes",SUM(INDEX(Crop_data,MATCH(A12,Crop_data_codes,0),21):INDEX(Crop_data,MATCH(A12,Crop_data_codes,0),22):INDEX(Crop_data,MATCH(A12,Crop_data_codes,0),23):INDEX(Crop_data,MATCH(A12,Crop_data_codes,0),24):INDEX(Crop_data,MATCH(A12,Crop_data_codes,0),25))*(1/INDEX(Crop_data,MATCH(A12,Crop_data_codes,0),6)*10000)/(No_species/1000000),"") | R12: =IF(D12="Yes",INDEX(Crop_data,MATCH(A12,Crop_data_codes,0),7)/INDEX(Crop_data,MATCH(A12,Crop_data_codes,0),6)*EF_NH3*N_to_NH3,"") | S12: =IF(D12="Yes",INDEX(Crop_data,MATCH(A12,Crop_data_codes,0),26)/INDEX(Crop_data,MATCH(A12,Crop_data_codes,0),6),"")
A13: 01312 | B13: =INDEX(Crop_data,MATCH(A13,Crop_data_codes,0),2) -> Bananas | C13: =INDEX(Crop_data,MATCH(A13,Crop_data_codes,0),3) -> Fruits | D13: =IF(INDEX(Crop_data,MATCH(A13,Crop_data_codes,0),6)>0,"Yes","No") -> No | F13: =IF(D13="Yes",INDEX(CO2e_data,MATCH(A13,CO2e_codes,0),1),"") | G13: =IF(D13="Yes",INDEX(CO2_data,MATCH(A13,CO2_codes,0),1),"") | H13: =IF(D13="Yes",INDEX(CH4_data,MATCH(A13,CH4_codes,0),1),"") | I13: =IF(D13="Yes",INDEX(CH4_bio_data,MATCH(A13,CH4_bio_codes,0),1),"") | J13: =IF(D13="Yes",INDEX(N2O_data,MATCH(A13,N2O_codes,0),1),"") | L13: =IF(D13="Yes",1/INDEX(Crop_data,MATCH(A13,Crop_data_codes,0),6)*10000,"") | M13: =IF(D13="Yes",(INDEX(Crop_data,MATCH(A13,Crop_data_codes,0),7)+INDEX(Crop_data,MATCH(A13,Crop_data_codes,0),8))/INDEX(Crop_data,MATCH(A13,Crop_data_codes,0),6),"") | N13: =IF(D13="Yes",INDEX(Crop_data,MATCH(A13,Crop_data_codes,0),10)/INDEX(Crop_data,MATCH(A13,Crop_data_codes,0),6),"") | O13: =IF(D13="Yes",INDEX(Crop_data,MATCH(A13,Crop_data_codes,0),12)/INDEX(Crop_data,MATCH(A13,Crop_data_codes,0),6),"") | P13: =IF(D13="Yes",INDEX(Crop_data,MATCH(A13,Crop_data_codes,0),13)/INDEX(Crop_data,MATCH(A13,Crop_data_codes,0),6)*1000,"") | Q13: =IF(D13="Yes",SUM(INDEX(Crop_data,MATCH(A13,Crop_data_codes,0),21):INDEX(Crop_data,MATCH(A13,Crop_data_codes,0),22):INDEX(Crop_data,MATCH(A13,Crop_data_codes,0),23):INDEX(Crop_data,MATCH(A13,Crop_data_codes,0),24):INDEX(Crop_data,MATCH(A13,Crop_data_codes,0),25))*(1/INDEX(Crop_data,MATCH(A13,Crop_data_codes,0),6)*10000)/(No_species/1000000),"") | R13: =IF(D13="Yes",INDEX(Crop_data,MATCH(A13,Crop_data_codes,0),7)/INDEX(Crop_data,MATCH(A13,Crop_data_codes,0),6)*EF_NH3*N_to_NH3,"") | S13: =IF(D13="Yes",INDEX(Crop_data,MATCH(A13,Crop_data_codes,0),26)/INDEX(Crop_data,MATCH(A13,Crop_data_codes,0),6),"")
A14: 0115 | B14: =INDEX(Crop_data,MATCH(A14,Crop_data_codes,0),2) -> Barley, average | C14: =INDEX(Crop_data,MATCH(A14,Crop_data_codes,0),3) -> Cereals, incl feed | D14: =IF(INDEX(Crop_data,MATCH(A14,Crop_data_codes,0),6)>0,"Yes","No") -> Yes | F14: =IF(D14="Yes",INDEX(CO2e_data,MATCH(A14,CO2e_codes,0),1),"") -> 0.40169841 | G14: =IF(D14="Yes",INDEX(CO2_data,MATCH(A14,CO2_codes,0),1),"") -> 0.16693756 | H14: =IF(D14="Yes",INDEX(CH4_data,MATCH(A14,CH4_codes,0),1),"") -> 0.00020851912 | I14: =IF(D14="Yes",INDEX(CH4_bio_data,MATCH(A14,CH4_bio_codes,0),1),"") -> 0 | J14: =IF(D14="Yes",INDEX(N2O_data,MATCH(A14,N2O_codes,0),1),"") -> 0.00083716842 | L14: =IF(D14="Yes",1/INDEX(Crop_data,MATCH(A14,Crop_data_codes,0),6)*10000,"") -> 2.1815009 | M14: =IF(D14="Yes",(INDEX(Crop_data,MATCH(A14,Crop_data_codes,0),7)+INDEX(Crop_data,MATCH(A14,Crop_data_codes,0),8))/INDEX(Crop_data,MATCH(A14,Crop_data_codes,0),6),"") -> 0.020506108 | N14: =IF(D14="Yes",INDEX(Crop_data,MATCH(A14,Crop_data_codes,0),10)/INDEX(Crop_data,MATCH(A14,Crop_data_codes,0),6),"") -> 0.0015270506 | O14: =IF(D14="Yes",INDEX(Crop_data,MATCH(A14,Crop_data_codes,0),12)/INDEX(Crop_data,MATCH(A14,Crop_data_codes,0),6),"") -> 0 | P14: =IF(D14="Yes",INDEX(Crop_data,MATCH(A14,Crop_data_codes,0),13)/INDEX(Crop_data,MATCH(A14,Crop_data_codes,0),6)*1000,"") -> 0.11343805 | Q14: =IF(D14="Yes",SUM(INDEX(Crop_data,MATCH(A14,Crop_data_codes,0),21):INDEX(Crop_data,MATCH(A14,Crop_data_codes,0),22):INDEX(Crop_data,MATCH(A14,Crop_data_codes,0),23):INDEX(Crop_data,MATCH(A14,Crop_data_codes,0),24):INDEX(Crop_data,MATCH(A14,Crop_data_codes,0),25))*(1/INDEX(Crop_data,MATCH(A14,Crop_data_codes,0),6)*10000)/(No_species/1000000),"") -> 1.7783193e-11 | R14: =IF(D14="Yes",INDEX(Crop_data,MATCH(A14,Crop_data_codes,0),7)/INDEX(Crop_data,MATCH(A14,Crop_data_codes,0),6)*EF_NH3*N_to_NH3,"") -> 0.0012466607 | S14: =IF(D14="Yes",INDEX(Crop_data,MATCH(A14,Crop_data_codes,0),26)/INDEX(Crop_data,MATCH(A14,Crop_data_codes,0),6),"") -> 0.0034904014
A15: 0115_s | B15: =INDEX(Crop_data,MATCH(A15,Crop_data_codes,0),2) -> Barley, spring | C15: =INDEX(Crop_data,MATCH(A15,Crop_data_codes,0),3) -> Cereals | D15: =IF(INDEX(Crop_data,MATCH(A15,Crop_data_codes,0),6)>0,"Yes","No") -> Yes | F15: =IF(D15="Yes",INDEX(CO2e_data,MATCH(A15,CO2e_codes,0),1),"") -> 0.39997434 | G15: =IF(D15="Yes",INDEX(CO2_data,MATCH(A15,CO2_codes,0),1),"") -> 0.16737855 | H15: =IF(D15="Yes",INDEX(CH4_data,MATCH(A15,CH4_codes,0),1),"") -> 0.00020804148 | I15: =IF(D15="Yes",INDEX(CH4_bio_data,MATCH(A15,CH4_bio_codes,0),1),"") -> 0 | J15: =IF(D15="Yes",INDEX(N2O_data,MATCH(A15,N2O_codes,0),1),"") -> 0.00082928993 | L15: =IF(D15="Yes",1/INDEX(Crop_data,MATCH(A15,Crop_data_codes,0),6)*10000,"") -> 2.2492128 | M15: =IF(D15="Yes",(INDEX(Crop_data,MATCH(A15,Crop_data_codes,0),7)+INDEX(Crop_data,MATCH(A15,Crop_data_codes,0),8))/INDEX(Crop_data,MATCH(A15,Crop_data_codes,0),6),"") -> 0.020242915 | N15: =IF(D15="Yes",INDEX(Crop_data,MATCH(A15,Crop_data_codes,0),10)/INDEX(Crop_data,MATCH(A15,Crop_data_codes,0),6),"") -> 0.0015744489 | O15: =IF(D15="Yes",INDEX(Crop_data,MATCH(A15,Crop_data_codes,0),12)/INDEX(Crop_data,MATCH(A15,Crop_data_codes,0),6),"") -> 0 | P15: =IF(D15="Yes",INDEX(Crop_data,MATCH(A15,Crop_data_codes,0),13)/INDEX(Crop_data,MATCH(A15,Crop_data_codes,0),6)*1000,"") -> 0.105713 | Q15: =IF(D15="Yes",SUM(INDEX(Crop_data,MATCH(A15,Crop_data_codes,0),21):INDEX(Crop_data,MATCH(A15,Crop_data_codes,0),22):INDEX(Crop_data,MATCH(A15,Crop_data_codes,0),23):INDEX(Crop_data,MATCH(A15,Crop_data_codes,0),24):INDEX(Crop_data,MATCH(A15,Crop_data_codes,0),25))*(1/INDEX(Crop_data,MATCH(A15,Crop_data_codes,0),6)*10000)/(No_species/1000000),"") -> 1.8335168e-11 | R15: =IF(D15="Yes",INDEX(Crop_data,MATCH(A15,Crop_data_codes,0),7)/INDEX(Crop_data,MATCH(A15,Crop_data_codes,0),6)*EF_NH3*N_to_NH3,"") -> 0.00123066 | S15: =IF(D15="Yes",INDEX(Crop_data,MATCH(A15,Crop_data_codes,0),26)/INDEX(Crop_data,MATCH(A15,Crop_data_codes,0),6),"") -> 0.0035987404
A16: 0115_w | B16: =INDEX(Crop_data,MATCH(A16,Crop_data_codes,0),2) -> Barley, winter | C16: =INDEX(Crop_data,MATCH(A16,Crop_data_codes,0),3) -> Cereals | D16: =IF(INDEX(Crop_data,MATCH(A16,Crop_data_codes,0),6)>0,"Yes","No") -> Yes | F16: =IF(D16="Yes",INDEX(CO2e_data,MATCH(A16,CO2e_codes,0),1),"") -> 0.40316862 | G16: =IF(D16="Yes",INDEX(CO2_data,MATCH(A16,CO2_codes,0),1),"") -> 0.16024114 | H16: =IF(D16="Yes",INDEX(CH4_data,MATCH(A16,CH4_codes,0),1),"") -> 0.00020841946 | I16: =IF(D16="Yes",INDEX(CH4_bio_data,MATCH(A16,CH4_bio_codes,0),1),"") -> 0 | J16: =IF(D16="Yes",INDEX(N2O_data,MATCH(A16,N2O_codes,0),1),"") -> 0.00086709368 | L16: =IF(D16="Yes",1/INDEX(Crop_data,MATCH(A16,Crop_data_codes,0),6)*10000,"") -> 1.7164435 | M16: =IF(D16="Yes",(INDEX(Crop_data,MATCH(A16,Crop_data_codes,0),7)+INDEX(Crop_data,MATCH(A16,Crop_data_codes,0),8))/INDEX(Crop_data,MATCH(A16,Crop_data_codes,0),6),"") -> 0.021627188 | N16: =IF(D16="Yes",INDEX(Crop_data,MATCH(A16,Crop_data_codes,0),10)/INDEX(Crop_data,MATCH(A16,Crop_data_codes,0),6),"") -> 0.0013731548 | O16: =IF(D16="Yes",INDEX(Crop_data,MATCH(A16,Crop_data_codes,0),12)/INDEX(Crop_data,MATCH(A16,Crop_data_codes,0),6),"") -> 0 | P16: =IF(D16="Yes",INDEX(Crop_data,MATCH(A16,Crop_data_codes,0),13)/INDEX(Crop_data,MATCH(A16,Crop_data_codes,0),6)*1000,"") -> 0.17164435 | Q16: =IF(D16="Yes",SUM(INDEX(Crop_data,MATCH(A16,Crop_data_codes,0),21):INDEX(Crop_data,MATCH(A16,Crop_data_codes,0),22):INDEX(Crop_data,MATCH(A16,Crop_data_codes,0),23):INDEX(Crop_data,MATCH(A16,Crop_data_codes,0),24):INDEX(Crop_data,MATCH(A16,Crop_data_codes,0),25))*(1/INDEX(Crop_data,MATCH(A16,Crop_data_codes,0),6)*10000)/(No_species/1000000),"") -> 1.3992131e-11 | R16: =IF(D16="Yes",INDEX(Crop_data,MATCH(A16,Crop_data_codes,0),7)/INDEX(Crop_data,MATCH(A16,Crop_data_codes,0),6)*EF_NH3*N_to_NH3,"") -> 0.0013148163 | S16: =IF(D16="Yes",INDEX(Crop_data,MATCH(A16,Crop_data_codes,0),26)/INDEX(Crop_data,MATCH(A16,Crop_data_codes,0),6),"") -> 0.0027463096
A17: 01701 | B17: =INDEX(Crop_data,MATCH(A17,Crop_data_codes,0),2) -> Beans, dry | C17: =INDEX(Crop_data,MATCH(A17,Crop_data_codes,0),3) -> Pulses | D17: =IF(INDEX(Crop_data,MATCH(A17,Crop_data_codes,0),6)>0,"Yes","No") -> Yes | F17: =IF(D17="Yes",INDEX(CO2e_data,MATCH(A17,CO2e_codes,0),1),"") -> 0.42886957 | G17: =IF(D17="Yes",INDEX(CO2_data,MATCH(A17,CO2_codes,0),1),"") -> 0.21066187 | H17: =IF(D17="Yes",INDEX(CH4_data,MATCH(A17,CH4_codes,0),1),"") -> 0.00021828768 | I17: =IF(D17="Yes",INDEX(CH4_bio_data,MATCH(A17,CH4_bio_codes,0),1),"") -> 0 | J17: =IF(D17="Yes",INDEX(N2O_data,MATCH(A17,N2O_codes,0),1),"") -> 0.00077546789 | L17: =IF(D17="Yes",1/INDEX(Crop_data,MATCH(A17,Crop_data_codes,0),6)*10000,"") -> 5.5555556 | M17: =IF(D17="Yes",(INDEX(Crop_data,MATCH(A17,Crop_data_codes,0),7)+INDEX(Crop_data,MATCH(A17,Crop_data_codes,0),8))/INDEX(Crop_data,MATCH(A17,Crop_data_codes,0),6),"") -> 0.030555556 | N17: =IF(D17="Yes",INDEX(Crop_data,MATCH(A17,Crop_data_codes,0),10)/INDEX(Crop_data,MATCH(A17,Crop_data_codes,0),6),"") -> 0.0055555556 | O17: =IF(D17="Yes",INDEX(Crop_data,MATCH(A17,Crop_data_codes,0),12)/INDEX(Crop_data,MATCH(A17,Crop_data_codes,0),6),"") -> 0.001 | P17: =IF(D17="Yes",INDEX(Crop_data,MATCH(A17,Crop_data_codes,0),13)/INDEX(Crop_data,MATCH(A17,Crop_data_codes,0),6)*1000,"") -> 0.61111111 | Q17: =IF(D17="Yes",SUM(INDEX(Crop_data,MATCH(A17,Crop_data_codes,0),21):INDEX(Crop_data,MATCH(A17,Crop_data_codes,0),22):INDEX(Crop_data,MATCH(A17,Crop_data_codes,0),23):INDEX(Crop_data,MATCH(A17,Crop_data_codes,0),24):INDEX(Crop_data,MATCH(A17,Crop_data_codes,0),25))*(1/INDEX(Crop_data,MATCH(A17,Crop_data_codes,0),6)*10000)/(No_species/1000000),"") -> 4.5287865e-11 | R17: =IF(D17="Yes",INDEX(Crop_data,MATCH(A17,Crop_data_codes,0),7)/INDEX(Crop_data,MATCH(A17,Crop_data_codes,0),6)*EF_NH3*N_to_NH3,"") -> 0.0010132434 | S17: =IF(D17="Yes",INDEX(Crop_data,MATCH(A17,Crop_data_codes,0),26)/INDEX(Crop_data,MATCH(A17,Crop_data_codes,0),6),"") -> 0.0076333333
A18: 01355.01 | B18: =INDEX(Crop_data,MATCH(A18,Crop_data_codes,0),2) -> Blueberries | C18: =INDEX(Crop_data,MATCH(A18,Crop_data_codes,0),3) -> Berries | D18: =IF(INDEX(Crop_data,MATCH(A18,Crop_data_codes,0),6)>0,"Yes","No") -> No | F18: =IF(D18="Yes",INDEX(CO2e_data,MATCH(A18,CO2e_codes,0),1),"") | G18: =IF(D18="Yes",INDEX(CO2_data,MATCH(A18,CO2_codes,0),1),"") | H18: =IF(D18="Yes",INDEX(CH4_data,MATCH(A18,CH4_codes,0),1),"") | I18: =IF(D18="Yes",INDEX(CH4_bio_data,MATCH(A18,CH4_bio_codes,0),1),"") | J18: =IF(D18="Yes",INDEX(N2O_data,MATCH(A18,N2O_codes,0),1),"") | L18: =IF(D18="Yes",1/INDEX(Crop_data,MATCH(A18,Crop_data_codes,0),6)*10000,"") | M18: =IF(D18="Yes",(INDEX(Crop_data,MATCH(A18,Crop_data_codes,0),7)+INDEX(Crop_data,MATCH(A18,Crop_data_codes,0),8))/INDEX(Crop_data,MATCH(A18,Crop_data_codes,0),6),"") | N18: =IF(D18="Yes",INDEX(Crop_data,MATCH(A18,Crop_data_codes,0),10)/INDEX(Crop_data,MATCH(A18,Crop_data_codes,0),6),"") | O18: =IF(D18="Yes",INDEX(Crop_data,MATCH(A18,Crop_data_codes,0),12)/INDEX(Crop_data,MATCH(A18,Crop_data_codes,0),6),"") | P18: =IF(D18="Yes",INDEX(Crop_data,MATCH(A18,Crop_data_codes,0),13)/INDEX(Crop_data,MATCH(A18,Crop_data_codes,0),6)*1000,"") | Q18: =IF(D18="Yes",SUM(INDEX(Crop_data,MATCH(A18,Crop_data_codes,0),21):INDEX(Crop_data,MATCH(A18,Crop_data_codes,0),22):INDEX(Crop_data,MATCH(A18,Crop_data_codes,0),23):INDEX(Crop_data,MATCH(A18,Crop_data_codes,0),24):INDEX(Crop_data,MATCH(A18,Crop_data_codes,0),25))*(1/INDEX(Crop_data,MATCH(A18,Crop_data_codes,0),6)*10000)/(No_species/1000000),"") | R18: =IF(D18="Yes",INDEX(Crop_data,MATCH(A18,Crop_data_codes,0),7)/INDEX(Crop_data,MATCH(A18,Crop_data_codes,0),6)*EF_NH3*N_to_NH3,"") | S18: =IF(D18="Yes",INDEX(Crop_data,MATCH(A18,Crop_data_codes,0),26)/INDEX(Crop_data,MATCH(A18,Crop_data_codes,0),6),"")
A19: 01377 | B19: =INDEX(Crop_data,MATCH(A19,Crop_data_codes,0),2) -> Brazil nuts, in shell | C19: =INDEX(Crop_data,MATCH(A19,Crop_data_codes,0),3) -> Nuts | D19: =IF(INDEX(Crop_data,MATCH(A19,Crop_data_codes,0),6)>0,"Yes","No") -> No | E19: 10 | F19: =IF(D19="Yes",INDEX(CO2e_data,MATCH(A19,CO2e_codes,0),1),"") | G19: =IF(D19="Yes",INDEX(CO2_data,MATCH(A19,CO2_codes,0),1),"") | H19: =IF(D19="Yes",INDEX(CH4_data,MATCH(A19,CH4_codes,0),1),"") | I19: =IF(D19="Yes",INDEX(CH4_bio_data,MATCH(A19,CH4_bio_codes,0),1),"") | J19: =IF(D19="Yes",INDEX(N2O_data,MATCH(A19,N2O_codes,0),1),"") | L19: =IF(D19="Yes",1/INDEX(Crop_data,MATCH(A19,Crop_data_codes,0),6)*10000,"") | M19: =IF(D19="Yes",(INDEX(Crop_data,MATCH(A19,Crop_data_codes,0),7)+INDEX(Crop_data,MATCH(A19,Crop_data_codes,0),8))/INDEX(Crop_data,MATCH(A19,Crop_data_codes,0),6),"") | N19: =IF(D19="Yes",INDEX(Crop_data,MATCH(A19,Crop_data_codes,0),10)/INDEX(Crop_data,MATCH(A19,Crop_data_codes,0),6),"") | O19: =IF(D19="Yes",INDEX(Crop_data,MATCH(A19,Crop_data_codes,0),12)/INDEX(Crop_data,MATCH(A19,Crop_data_codes,0),6),"") | P19: =IF(D19="Yes",INDEX(Crop_data,MATCH(A19,Crop_data_codes,0),13)/INDEX(Crop_data,MATCH(A19,Crop_data_codes,0),6)*1000,"") | Q19: =IF(D19="Yes",SUM(INDEX(Crop_data,MATCH(A19,Crop_data_codes,0),21):INDEX(Crop_data,MATCH(A19,Crop_data_codes,0),22):INDEX(Crop_data,MATCH(A19,Crop_data_codes,0),23):INDEX(Crop_data,MATCH(A19,Crop_data_codes,0),24):INDEX(Crop_data,MATCH(A19,Crop_data_codes,0),25))*(1/INDEX(Crop_data,MATCH(A19,Crop_data_codes,0),6)*10000)/(No_species/1000000),"") | R19: =IF(D19="Yes",INDEX(Crop_data,MATCH(A19,Crop_data_codes,0),7)/INDEX(Crop_data,MATCH(A19,Crop_data_codes,0),6)*EF_NH3*N_to_NH3,"") | S19: =IF(D19="Yes",INDEX(Crop_data,MATCH(A19,Crop_data_codes,0),26)/INDEX(Crop_data,MATCH(A19,Crop_data_codes,0),6),"")
A20: 01702 | B20: =INDEX(Crop_data,MATCH(A20,Crop_data_codes,0),2) -> Broad beans and horse beans, dry | C20: =INDEX(Crop_data,MATCH(A20,Crop_data_codes,0),3) -> Pulses, incl feed | D20: =IF(INDEX(Crop_data,MATCH(A20,Crop_data_codes,0),6)>0,"Yes","No") -> Yes | E20: 90 | F20: =IF(D20="Yes",INDEX(CO2e_data,MATCH(A20,CO2e_codes,0),1),"") -> 0.22007 | G20: =IF(D20="Yes",INDEX(CO2_data,MATCH(A20,CO2_codes,0),1),"") -> 0.15034279 | H20: =IF(D20="Yes",INDEX(CH4_data,MATCH(A20,CH4_codes,0),1),"") -> 0.0001515342 | I20: =IF(D20="Yes",INDEX(CH4_bio_data,MATCH(A20,CH4_bio_codes,0),1),"") -> 0 | J20: =IF(D20="Yes",INDEX(N2O_data,MATCH(A20,N2O_codes,0),1),"") -> 0.00023886993 | L20: =IF(D20="Yes",1/INDEX(Crop_data,MATCH(A20,Crop_data_codes,0),6)*10000,"") -> 5.0505051 | M20: =IF(D20="Yes",(INDEX(Crop_data,MATCH(A20,Crop_data_codes,0),7)+INDEX(Crop_data,MATCH(A20,Crop_data_codes,0),8))/INDEX(Crop_data,MATCH(A20,Crop_data_codes,0),6),"") -> 0.013131313 | N20: =IF(D20="Yes",INDEX(Crop_data,MATCH(A20,Crop_data_codes,0),10)/INDEX(Crop_data,MATCH(A20,Crop_data_codes,0),6),"") -> 0.002020202 | O20: =IF(D20="Yes",INDEX(Crop_data,MATCH(A20,Crop_data_codes,0),12)/INDEX(Crop_data,MATCH(A20,Crop_data_codes,0),6),"") -> 0.001 | P20: =IF(D20="Yes",INDEX(Crop_data,MATCH(A20,Crop_data_codes,0),13)/INDEX(Crop_data,MATCH(A20,Crop_data_codes,0),6)*1000,"") -> 0.30808081 | Q20: =IF(D20="Yes",SUM(INDEX(Crop_data,MATCH(A20,Crop_data_codes,0),21):INDEX(Crop_data,MATCH(A20,Crop_data_codes,0),22):INDEX(Crop_data,MATCH(A20,Crop_data_codes,0),23):INDEX(Crop_data,MATCH(A20,Crop_data_codes,0),24):INDEX(Crop_data,MATCH(A20,Crop_data_codes,0),25))*(1/INDEX(Crop_data,MATCH(A20,Crop_data_codes,0),6)*10000)/(No_species/1000000),"") -> 4.1170786e-11 | R20: =IF(D20="Yes",INDEX(Crop_data,MATCH(A20,Crop_data_codes,0),7)/INDEX(Crop_data,MATCH(A20,Crop_data_codes,0),6)*EF_NH3*N_to_NH3,"") -> 6.140869e-05 | S20: =IF(D20="Yes",INDEX(Crop_data,MATCH(A20,Crop_data_codes,0),26)/INDEX(Crop_data,MATCH(A20,Crop_data_codes,0),6),"") -> 0.0069393939
A21: 01243 | B21: =INDEX(Crop_data,MATCH(A21,Crop_data_codes,0),2) -> Broad beans and horse beans, green | C21: =INDEX(Crop_data,MATCH(A21,Crop_data_codes,0),3) -> Vegetables | D21: =IF(INDEX(Crop_data,MATCH(A21,Crop_data_codes,0),6)>0,"Yes","No") -> No | F21: =IF(D21="Yes",INDEX(CO2e_data,MATCH(A21,CO2e_codes,0),1),"") | G21: =IF(D21="Yes",INDEX(CO2_data,MATCH(A21,CO2_codes,0),1),"") | H21: =IF(D21="Yes",INDEX(CH4_data,MATCH(A21,CH4_codes,0),1),"") | I21: =IF(D21="Yes",INDEX(CH4_bio_data,MATCH(A21,CH4_bio_codes,0),1),"") | J21: =IF(D21="Yes",INDEX(N2O_data,MATCH(A21,N2O_codes,0),1),"") | L21: =IF(D21="Yes",1/INDEX(Crop_data,MATCH(A21,Crop_data_codes,0),6)*10000,"") | M21: =IF(D21="Yes",(INDEX(Crop_data,MATCH(A21,Crop_data_codes,0),7)+INDEX(Crop_data,MATCH(A21,Crop_data_codes,0),8))/INDEX(Crop_data,MATCH(A21,Crop_data_codes,0),6),"") | N21: =IF(D21="Yes",INDEX(Crop_data,MATCH(A21,Crop_data_codes,0),10)/INDEX(Crop_data,MATCH(A21,Crop_data_codes,0),6),"") | O21: =IF(D21="Yes",INDEX(Crop_data,MATCH(A21,Crop_data_codes,0),12)/INDEX(Crop_data,MATCH(A21,Crop_data_codes,0),6),"") | P21: =IF(D21="Yes",INDEX(Crop_data,MATCH(A21,Crop_data_codes,0),13)/INDEX(Crop_data,MATCH(A21,Crop_data_codes,0),6)*1000,"") | Q21: =IF(D21="Yes",SUM(INDEX(Crop_data,MATCH(A21,Crop_data_codes,0),21):INDEX(Crop_data,MATCH(A21,Crop_data_codes,0),22):INDEX(Crop_data,MATCH(A21,Crop_data_codes,0),23):INDEX(Crop_data,MATCH(A21,Crop_data_codes,0),24):INDEX(Crop_data,MATCH(A21,Crop_data_codes,0),25))*(1/INDEX(Crop_data,MATCH(A21,Crop_data_codes,0),6)*10000)/(No_species/1000000),"") | R21: =IF(D21="Yes",INDEX(Crop_data,MATCH(A21,Crop_data_codes,0),7)/INDEX(Crop_data,MATCH(A21,Crop_data_codes,0),6)*EF_NH3*N_to_NH3,"") | S21: =IF(D21="Yes",INDEX(Crop_data,MATCH(A21,Crop_data_codes,0),26)/INDEX(Crop_data,MATCH(A21,Crop_data_codes,0),6),"")
A22: 01213_b | B22: =INDEX(Crop_data,MATCH(A22,Crop_data_codes,0),2) -> Broccoli | C22: =INDEX(Crop_data,MATCH(A22,Crop_data_codes,0),3) -> Vegetables | D22: =IF(INDEX(Crop_data,MATCH(A22,Crop_data_codes,0),6)>0,"Yes","No") -> Yes | E22: 40 | F22: =IF(D22="Yes",INDEX(CO2e_data,MATCH(A22,CO2e_codes,0),1),"") -> 0.39467025 | G22: =IF(D22="Yes",INDEX(CO2_data,MATCH(A22,CO2_codes,0),1),"") -> 0.15759026 | H22: =IF(D22="Yes",INDEX(CH4_data,MATCH(A22,CH4_codes,0),1),"") -> 0.00021954447 | I22: =IF(D22="Yes",INDEX(CH4_bio_data,MATCH(A22,CH4_bio_codes,0),1),"") -> 0 | J22: =IF(D22="Yes",INDEX(N2O_data,MATCH(A22,N2O_codes,0),1),"") -> 0.00084445993 | L22: =IF(D22="Yes",1/INDEX(Crop_data,MATCH(A22,Crop_data_codes,0),6)*10000,"") -> 1.4518002 | M22: =IF(D22="Yes",(INDEX(Crop_data,MATCH(A22,Crop_data_codes,0),7)+INDEX(Crop_data,MATCH(A22,Crop_data_codes,0),8))/INDEX(Crop_data,MATCH(A22,Crop_data_codes,0),6),"") -> 0.021777003 | N22: =IF(D22="Yes",INDEX(Crop_data,MATCH(A22,Crop_data_codes,0),10)/INDEX(Crop_data,MATCH(A22,Crop_data_codes,0),6),"") -> 0.0033311197 | O22: =IF(D22="Yes",INDEX(Crop_data,MATCH(A22,Crop_data_codes,0),12)/INDEX(Crop_data,MATCH(A22,Crop_data_codes,0),6),"") -> 0.034 | P22: =IF(D22="Yes",INDEX(Crop_data,MATCH(A22,Crop_data_codes,0),13)/INDEX(Crop_data,MATCH(A22,Crop_data_codes,0),6)*1000,"") -> 0.23954704 | Q22: =IF(D22="Yes",SUM(INDEX(Crop_data,MATCH(A22,Crop_data_codes,0),21):INDEX(Crop_data,MATCH(A22,Crop_data_codes,0),22):INDEX(Crop_data,MATCH(A22,Crop_data_codes,0),23):INDEX(Crop_data,MATCH(A22,Crop_data_codes,0),24):INDEX(Crop_data,MATCH(A22,Crop_data_codes,0),25))*(1/INDEX(Crop_data,MATCH(A22,Crop_data_codes,0),6)*10000)/(No_species/1000000),"") -> 1.1834808e-11 | R22: =IF(D22="Yes",INDEX(Crop_data,MATCH(A22,Crop_data_codes,0),7)/INDEX(Crop_data,MATCH(A22,Crop_data_codes,0),6)*EF_NH3*N_to_NH3,"") -> 0.0013239243 | S22: =IF(D22="Yes",INDEX(Crop_data,MATCH(A22,Crop_data_codes,0),26)/INDEX(Crop_data,MATCH(A22,Crop_data_codes,0),6),"") -> 0.036309524
A23: 01192 | B23: =INDEX(Crop_data,MATCH(A23,Crop_data_codes,0),2) -> Buckwheat | C23: =INDEX(Crop_data,MATCH(A23,Crop_data_codes,0),3) -> Seeds | D23: =IF(INDEX(Crop_data,MATCH(A23,Crop_data_codes,0),6)>0,"Yes","No") -> No | F23: =IF(D23="Yes",INDEX(CO2e_data,MATCH(A23,CO2e_codes,0),1),"") | G23: =IF(D23="Yes",INDEX(CO2_data,MATCH(A23,CO2_codes,0),1),"") | H23: =IF(D23="Yes",INDEX(CH4_data,MATCH(A23,CH4_codes,0),1),"") | I23: =IF(D23="Yes",INDEX(CH4_bio_data,MATCH(A23,CH4_bio_codes,0),1),"") | J23: =IF(D23="Yes",INDEX(N2O_data,MATCH(A23,N2O_codes,0),1),"") | L23: =IF(D23="Yes",1/INDEX(Crop_data,MATCH(A23,Crop_data_codes,0),6)*10000,"") | M23: =IF(D23="Yes",(INDEX(Crop_data,MATCH(A23,Crop_data_codes,0),7)+INDEX(Crop_data,MATCH(A23,Crop_data_codes,0),8))/INDEX(Crop_data,MATCH(A23,Crop_data_codes,0),6),"") | N23: =IF(D23="Yes",INDEX(Crop_data,MATCH(A23,Crop_data_codes,0),10)/INDEX(Crop_data,MATCH(A23,Crop_data_codes,0),6),"") | O23: =IF(D23="Yes",INDEX(Crop_data,MATCH(A23,Crop_data_codes,0),12)/INDEX(Crop_data,MATCH(A23,Crop_data_codes,0),6),"") | P23: =IF(D23="Yes",INDEX(Crop_data,MATCH(A23,Crop_data_codes,0),13)/INDEX(Crop_data,MATCH(A23,Crop_data_codes,0),6)*1000,"") | Q23: =IF(D23="Yes",SUM(INDEX(Crop_data,MATCH(A23,Crop_data_codes,0),21):INDEX(Crop_data,MATCH(A23,Crop_data_codes,0),22):INDEX(Crop_data,MATCH(A23,Crop_data_codes,0),23):INDEX(Crop_data,MATCH(A23,Crop_data_codes,0),24):INDEX(Crop_data,MATCH(A23,Crop_data_codes,0),25))*(1/INDEX(Crop_data,MATCH(A23,Crop_data_codes,0),6)*10000)/(No_species/1000000),"") | R23: =IF(D23="Yes",INDEX(Crop_data,MATCH(A23,Crop_data_codes,0),7)/INDEX(Crop_data,MATCH(A23,Crop_data_codes,0),6)*EF_NH3*N_to_NH3,"") | S23: =IF(D23="Yes",INDEX(Crop_data,MATCH(A23,Crop_data_codes,0),26)/INDEX(Crop_data,MATCH(A23,Crop_data_codes,0),6),"")
A24: 01212 | B24: =INDEX(Crop_data,MATCH(A24,Crop_data_codes,0),2) -> Cabbages | C24: =INDEX(Crop_data,MATCH(A24,Crop_data_codes,0),3) -> Vegetables | D24: =IF(INDEX(Crop_data,MATCH(A24,Crop_data_codes,0),6)>0,"Yes","No") -> Yes | F24: =IF(D24="Yes",INDEX(CO2e_data,MATCH(A24,CO2e_codes,0),1),"") -> 0.15132479 | G24: =IF(D24="Yes",INDEX(CO2_data,MATCH(A24,CO2_codes,0),1),"") -> 0.064836586 | H24: =IF(D24="Yes",INDEX(CH4_data,MATCH(A24,CH4_codes,0),1),"") -> 0.00013803061 | I24: =IF(D24="Yes",INDEX(CH4_bio_data,MATCH(A24,CH4_bio_codes,0),1),"") -> 0 | J24: =IF(D24="Yes",INDEX(N2O_data,MATCH(A24,N2O_codes,0),1),"") -> 0.00030173952 | L24: =IF(D24="Yes",1/INDEX(Crop_data,MATCH(A24,Crop_data_codes,0),6)*10000,"") -> 0.29833772 | M24: =IF(D24="Yes",(INDEX(Crop_data,MATCH(A24,Crop_data_codes,0),7)+INDEX(Crop_data,MATCH(A24,Crop_data_codes,0),8))/INDEX(Crop_data,MATCH(A24,Crop_data_codes,0),6),"") -> 0.0059667651 | N24: =IF(D24="Yes",INDEX(Crop_data,MATCH(A24,Crop_data_codes,0),10)/INDEX(Crop_data,MATCH(A24,Crop_data_codes,0),6),"") -> 0.00047734121 | O24: =IF(D24="Yes",INDEX(Crop_data,MATCH(A24,Crop_data_codes,0),12)/INDEX(Crop_data,MATCH(A24,Crop_data_codes,0),6),"") -> 0.034 | P24: =IF(D24="Yes",INDEX(Crop_data,MATCH(A24,Crop_data_codes,0),13)/INDEX(Crop_data,MATCH(A24,Crop_data_codes,0),6)*1000,"") -> 0.049225724 | Q24: =IF(D24="Yes",SUM(INDEX(Crop_data,MATCH(A24,Crop_data_codes,0),21):INDEX(Crop_data,MATCH(A24,Crop_data_codes,0),22):INDEX(Crop_data,MATCH(A24,Crop_data_codes,0),23):INDEX(Crop_data,MATCH(A24,Crop_data_codes,0),24):INDEX(Crop_data,MATCH(A24,Crop_data_codes,0),25))*(1/INDEX(Crop_data,MATCH(A24,Crop_data_codes,0),6)*10000)/(No_species/1000000),"") -> 2.4319941e-12 | R24: =IF(D24="Yes",INDEX(Crop_data,MATCH(A24,Crop_data_codes,0),7)/INDEX(Crop_data,MATCH(A24,Crop_data_codes,0),6)*EF_NH3*N_to_NH3,"") -> 0.00036274711 | S24: =IF(D24="Yes",INDEX(Crop_data,MATCH(A24,Crop_data_codes,0),26)/INDEX(Crop_data,MATCH(A24,Crop_data_codes,0),6),"") -> 0.0048927386
A25: 01229 | B25: =INDEX(Crop_data,MATCH(A25,Crop_data_codes,0),2) -> Cantaloupes and other melons | C25: =INDEX(Crop_data,MATCH(A25,Crop_data_codes,0),3) -> Fruits | D25: =IF(INDEX(Crop_data,MATCH(A25,Crop_data_codes,0),6)>0,"Yes","No") -> No | F25: =IF(D25="Yes",INDEX(CO2e_data,MATCH(A25,CO2e_codes,0),1),"") | G25: =IF(D25="Yes",INDEX(CO2_data,MATCH(A25,CO2_codes,0),1),"") | H25: =IF(D25="Yes",INDEX(CH4_data,MATCH(A25,CH4_codes,0),1),"") | I25: =IF(D25="Yes",INDEX(CH4_bio_data,MATCH(A25,CH4_bio_codes,0),1),"") | J25: =IF(D25="Yes",INDEX(N2O_data,MATCH(A25,N2O_codes,0),1),"") | L25: =IF(D25="Yes",1/INDEX(Crop_data,MATCH(A25,Crop_data_codes,0),6)*10000,"") | M25: =IF(D25="Yes",(INDEX(Crop_data,MATCH(A25,Crop_data_codes,0),7)+INDEX(Crop_data,MATCH(A25,Crop_data_codes,0),8))/INDEX(Crop_data,MATCH(A25,Crop_data_codes,0),6),"") | N25: =IF(D25="Yes",INDEX(Crop_data,MATCH(A25,Crop_data_codes,0),10)/INDEX(Crop_data,MATCH(A25,Crop_data_codes,0),6),"") | O25: =IF(D25="Yes",INDEX(Crop_data,MATCH(A25,Crop_data_codes,0),12)/INDEX(Crop_data,MATCH(A25,Crop_data_codes,0),6),"") | P25: =IF(D25="Yes",INDEX(Crop_data,MATCH(A25,Crop_data_codes,0),13)/INDEX(Crop_data,MATCH(A25,Crop_data_codes,0),6)*1000,"") | Q25: =IF(D25="Yes",SUM(INDEX(Crop_data,MATCH(A25,Crop_data_codes,0),21):INDEX(Crop_data,MATCH(A25,Crop_data_codes,0),22):INDEX(Crop_data,MATCH(A25,Crop_data_codes,0),23):INDEX(Crop_data,MATCH(A25,Crop_data_codes,0),24):INDEX(Crop_data,MATCH(A25,Crop_data_codes,0),25))*(1/INDEX(Crop_data,MATCH(A25,Crop_data_codes,0),6)*10000)/(No_species/1000000),"") | R25: =IF(D25="Yes",INDEX(Crop_data,MATCH(A25,Crop_data_codes,0),7)/INDEX(Crop_data,MATCH(A25,Crop_data_codes,0),6)*EF_NH3*N_to_NH3,"") | S25: =IF(D25="Yes",INDEX(Crop_data,MATCH(A25,Crop_data_codes,0),26)/INDEX(Crop_data,MATCH(A25,Crop_data_codes,0),6),"")
A26: 01251 | B26: =INDEX(Crop_data,MATCH(A26,Crop_data_codes,0),2) -> Carrots and turnips | C26: =INDEX(Crop_data,MATCH(A26,Crop_data_codes,0),3) -> Vegetables | D26: =IF(INDEX(Crop_data,MATCH(A26,Crop_data_codes,0),6)>0,"Yes","No") -> Yes | F26: =IF(D26="Yes",INDEX(CO2e_data,MATCH(A26,CO2e_codes,0),1),"") -> 0.068674823 | G26: =IF(D26="Yes",INDEX(CO2_data,MATCH(A26,CO2_codes,0),1),"") -> 0.045113215 | H26: =IF(D26="Yes",INDEX(CH4_data,MATCH(A26,CH4_codes,0),1),"") -> 0.00011743398 | I26: =IF(D26="Yes",INDEX(CH4_bio_data,MATCH(A26,CH4_bio_codes,0),1),"") -> 0 | J26: =IF(D26="Yes",INDEX(N2O_data,MATCH(A26,N2O_codes,0),1),"") -> 7.3487455e-05 | L26: =IF(D26="Yes",1/INDEX(Crop_data,MATCH(A26,Crop_data_codes,0),6)*10000,"") -> 0.16007427 | M26: =IF(D26="Yes",(INDEX(Crop_data,MATCH(A26,Crop_data_codes,0),7)+INDEX(Crop_data,MATCH(A26,Crop_data_codes,0),8))/INDEX(Crop_data,MATCH(A26,Crop_data_codes,0),6),"") -> 0.0013286165 | N26: =IF(D26="Yes",INDEX(Crop_data,MATCH(A26,Crop_data_codes,0),10)/INDEX(Crop_data,MATCH(A26,Crop_data_codes,0),6),"") -> 0.00047615694 | O26: =IF(D26="Yes",INDEX(Crop_data,MATCH(A26,Crop_data_codes,0),12)/INDEX(Crop_data,MATCH(A26,Crop_data_codes,0),6),"") -> 0.034 | P26: =IF(D26="Yes",INDEX(Crop_data,MATCH(A26,Crop_data_codes,0),13)/INDEX(Crop_data,MATCH(A26,Crop_data_codes,0),6)*1000,"") -> 0.035696563 | Q26: =IF(D26="Yes",SUM(INDEX(Crop_data,MATCH(A26,Crop_data_codes,0),21):INDEX(Crop_data,MATCH(A26,Crop_data_codes,0),22):INDEX(Crop_data,MATCH(A26,Crop_data_codes,0),23):INDEX(Crop_data,MATCH(A26,Crop_data_codes,0),24):INDEX(Crop_data,MATCH(A26,Crop_data_codes,0),25))*(1/INDEX(Crop_data,MATCH(A26,Crop_data_codes,0),6)*10000)/(No_species/1000000),"") -> 1.304896e-12 | R26: =IF(D26="Yes",INDEX(Crop_data,MATCH(A26,Crop_data_codes,0),7)/INDEX(Crop_data,MATCH(A26,Crop_data_codes,0),6)*EF_NH3*N_to_NH3,"") -> 8.0772711e-05 | S26: =IF(D26="Yes",INDEX(Crop_data,MATCH(A26,Crop_data_codes,0),26)/INDEX(Crop_data,MATCH(A26,Crop_data_codes,0),6),"") -> 0.00144387
A27: 01372 | B27: =INDEX(Crop_data,MATCH(A27,Crop_data_codes,0),2) -> Cashew nuts, in shell | C27: =INDEX(Crop_data,MATCH(A27,Crop_data_codes,0),3) -> Nuts | D27: =IF(INDEX(Crop_data,MATCH(A27,Crop_data_codes,0),6)>0,"Yes","No") -> No | F27: =IF(D27="Yes",INDEX(CO2e_data,MATCH(A27,CO2e_codes,0),1),"") | G27: =IF(D27="Yes",INDEX(CO2_data,MATCH(A27,CO2_codes,0),1),"") | H27: =IF(D27="Yes",INDEX(CH4_data,MATCH(A27,CH4_codes,0),1),"") | I27: =IF(D27="Yes",INDEX(CH4_bio_data,MATCH(A27,CH4_bio_codes,0),1),"") | J27: =IF(D27="Yes",INDEX(N2O_data,MATCH(A27,N2O_codes,0),1),"") | P27: =IF(D27="Yes",INDEX(Crop_data,MATCH(A27,Crop_data_codes,0),13)/INDEX(Crop_data,MATCH(A27,Crop_data_codes,0),6)*1000,"") | Q27: =IF(D27="Yes",SUM(INDEX(Crop_data,MATCH(A27,Crop_data_codes,0),21):INDEX(Crop_data,MATCH(A27,Crop_data_codes,0),22):INDEX(Crop_data,MATCH(A27,Crop_data_codes,0),23):INDEX(Crop_data,MATCH(A27,Crop_data_codes,0),24):INDEX(Crop_data,MATCH(A27,Crop_data_codes,0),25))*(1/INDEX(Crop_data,MATCH(A27,Crop_data_codes,0),6)*10000)/(No_species/1000000),"") | S27: =IF(D27="Yes",INDEX(Crop_data,MATCH(A27,Crop_data_codes,0),26)/INDEX(Crop_data,MATCH(A27,Crop_data_codes,0),6),"")
A28: 01213_cf | B28: =INDEX(Crop_data,MATCH(A28,Crop_data_codes,0),2) -> Cauliflowers | C28: =INDEX(Crop_data,MATCH(A28,Crop_data_codes,0),3) -> Vegetables | D28: =IF(INDEX(Crop_data,MATCH(A28,Crop_data_codes,0),6)>0,"Yes","No") -> Yes | E28: 60 | F28: =IF(D28="Yes",INDEX(CO2e_data,MATCH(A28,CO2e_codes,0),1),"") -> 0.27215527 | G28: =IF(D28="Yes",INDEX(CO2_data,MATCH(A28,CO2_codes,0),1),"") -> 0.10493009 | H28: =IF(D28="Yes",INDEX(CH4_data,MATCH(A28,CH4_codes,0),1),"") -> 0.00017751872 | I28: =IF(D28="Yes",INDEX(CH4_bio_data,MATCH(A28,CH4_bio_codes,0),1),"") -> 0 | J28: =IF(D28="Yes",INDEX(N2O_data,MATCH(A28,N2O_codes,0),1),"") -> 0.00059316895 | L28: =IF(D28="Yes",1/INDEX(Crop_data,MATCH(A28,Crop_data_codes,0),6)*10000,"") -> 0.6574622 | M28: =IF(D28="Yes",(INDEX(Crop_data,MATCH(A28,Crop_data_codes,0),7)+INDEX(Crop_data,MATCH(A28,Crop_data_codes,0),8))/INDEX(Crop_data,MATCH(A28,Crop_data_codes,0),6),"") -> 0.014464168 | N28: =IF(D28="Yes",INDEX(Crop_data,MATCH(A28,Crop_data_codes,0),10)/INDEX(Crop_data,MATCH(A28,Crop_data_codes,0),6),"") -> 0.0014059172 | O28: =IF(D28="Yes",INDEX(Crop_data,MATCH(A28,Crop_data_codes,0),12)/INDEX(Crop_data,MATCH(A28,Crop_data_codes,0),6),"") -> 0.034 | P28: =IF(D28="Yes",INDEX(Crop_data,MATCH(A28,Crop_data_codes,0),13)/INDEX(Crop_data,MATCH(A28,Crop_data_codes,0),6)*1000,"") -> 0.10848126 | Q28: =IF(D28="Yes",SUM(INDEX(Crop_data,MATCH(A28,Crop_data_codes,0),21):INDEX(Crop_data,MATCH(A28,Crop_data_codes,0),22):INDEX(Crop_data,MATCH(A28,Crop_data_codes,0),23):INDEX(Crop_data,MATCH(A28,Crop_data_codes,0),24):INDEX(Crop_data,MATCH(A28,Crop_data_codes,0),25))*(1/INDEX(Crop_data,MATCH(A28,Crop_data_codes,0),6)*10000)/(No_species/1000000),"") -> 5.3595106e-12 | R28: =IF(D28="Yes",INDEX(Crop_data,MATCH(A28,Crop_data_codes,0),7)/INDEX(Crop_data,MATCH(A28,Crop_data_codes,0),6)*EF_NH3*N_to_NH3,"") -> 0.00087934337 | S28: =IF(D28="Yes",INDEX(Crop_data,MATCH(A28,Crop_data_codes,0),26)/INDEX(Crop_data,MATCH(A28,Crop_data_codes,0),6),"") -> 0.01644313
A29: 01213 | B29: =INDEX(Crop_data,MATCH(A29,Crop_data_codes,0),2) -> Cauliflowers and broccoli, average | C29: =INDEX(Crop_data,MATCH(A29,Crop_data_codes,0),3) -> Vegetables | D29: =IF(INDEX(Crop_data,MATCH(A29,Crop_data_codes,0),6)>0,"Yes","No") -> Yes | F29: =IF(D29="Yes",INDEX(CO2e_data,MATCH(A29,CO2e_codes,0),1),"") -> 0.30051533 | G29: =IF(D29="Yes",INDEX(CO2_data,MATCH(A29,CO2_codes,0),1),"") -> 0.11714315 | H29: =IF(D29="Yes",INDEX(CH4_data,MATCH(A29,CH4_codes,0),1),"") -> 0.00018726562 | I29: =IF(D29="Yes",INDEX(CH4_bio_data,MATCH(A29,CH4_bio_codes,0),1),"") -> 0 | J29: =IF(D29="Yes",INDEX(N2O_data,MATCH(A29,N2O_codes,0),1),"") -> 0.00065125155 | L29: =IF(D29="Yes",1/INDEX(Crop_data,MATCH(A29,Crop_data_codes,0),6)*10000,"") -> 0.84167999 | M29: =IF(D29="Yes",(INDEX(Crop_data,MATCH(A29,Crop_data_codes,0),7)+INDEX(Crop_data,MATCH(A29,Crop_data_codes,0),8))/INDEX(Crop_data,MATCH(A29,Crop_data_codes,0),6),"") -> 0.016160256 | N29: =IF(D29="Yes",INDEX(Crop_data,MATCH(A29,Crop_data_codes,0),10)/INDEX(Crop_data,MATCH(A29,Crop_data_codes,0),6),"") -> 0.001851696 | O29: =IF(D29="Yes",INDEX(Crop_data,MATCH(A29,Crop_data_codes,0),12)/INDEX(Crop_data,MATCH(A29,Crop_data_codes,0),6),"") -> 0.034 | P29: =IF(D29="Yes",INDEX(Crop_data,MATCH(A29,Crop_data_codes,0),13)/INDEX(Crop_data,MATCH(A29,Crop_data_codes,0),6)*1000,"") -> 0.1388772 | Q29: =IF(D29="Yes",SUM(INDEX(Crop_data,MATCH(A29,Crop_data_codes,0),21):INDEX(Crop_data,MATCH(A29,Crop_data_codes,0),22):INDEX(Crop_data,MATCH(A29,Crop_data_codes,0),23):INDEX(Crop_data,MATCH(A29,Crop_data_codes,0),24):INDEX(Crop_data,MATCH(A29,Crop_data_codes,0),25))*(1/INDEX(Crop_data,MATCH(A29,Crop_data_codes,0),6)*10000)/(No_species/1000000),"") -> 6.8612201e-12 | R29: =IF(D29="Yes",INDEX(Crop_data,MATCH(A29,Crop_data_codes,0),7)/INDEX(Crop_data,MATCH(A29,Crop_data_codes,0),6)*EF_NH3*N_to_NH3,"") -> 0.00098245634 | S29: =IF(D29="Yes",INDEX(Crop_data,MATCH(A29,Crop_data_codes,0),26)/INDEX(Crop_data,MATCH(A29,Crop_data_codes,0),6),"") -> 0.021050417
A30: 01199.90 | B30: =INDEX(Crop_data,MATCH(A30,Crop_data_codes,0),2) -> Cereals n.e.c. | C30: =INDEX(Crop_data,MATCH(A30,Crop_data_codes,0),3) -> Cereals | D30: =IF(INDEX(Crop_data,MATCH(A30,Crop_data_codes,0),6)>0,"Yes","No") -> No | F30: =IF(D30="Yes",INDEX(CO2e_data,MATCH(A30,CO2e_codes,0),1),"") | G30: =IF(D30="Yes",INDEX(CO2_data,MATCH(A30,CO2_codes,0),1),"") | H30: =IF(D30="Yes",INDEX(CH4_data,MATCH(A30,CH4_codes,0),1),"") | I30: =IF(D30="Yes",INDEX(CH4_bio_data,MATCH(A30,CH4_bio_codes,0),1),"") | J30: =IF(D30="Yes",INDEX(N2O_data,MATCH(A30,N2O_codes,0),1),"") | L30: =IF(D30="Yes",1/INDEX(Crop_data,MATCH(A30,Crop_data_codes,0),6)*10000,"") | M30: =IF(D30="Yes",(INDEX(Crop_data,MATCH(A30,Crop_data_codes,0),7)+INDEX(Crop_data,MATCH(A30,Crop_data_codes,0),8))/INDEX(Crop_data,MATCH(A30,Crop_data_codes,0),6),"") | N30: =IF(D30="Yes",INDEX(Crop_data,MATCH(A30,Crop_data_codes,0),10)/INDEX(Crop_data,MATCH(A30,Crop_data_codes,0),6),"") | O30: =IF(D30="Yes",INDEX(Crop_data,MATCH(A30,Crop_data_codes,0),12)/INDEX(Crop_data,MATCH(A30,Crop_data_codes,0),6),"") | P30: =IF(D30="Yes",INDEX(Crop_data,MATCH(A30,Crop_data_codes,0),13)/INDEX(Crop_data,MATCH(A30,Crop_data_codes,0),6)*1000,"") | Q30: =IF(D30="Yes",SUM(INDEX(Crop_data,MATCH(A30,Crop_data_codes,0),21):INDEX(Crop_data,MATCH(A30,Crop_data_codes,0),22):INDEX(Crop_data,MATCH(A30,Crop_data_codes,0),23):INDEX(Crop_data,MATCH(A30,Crop_data_codes,0),24):INDEX(Crop_data,MATCH(A30,Crop_data_codes,0),25))*(1/INDEX(Crop_data,MATCH(A30,Crop_data_codes,0),6)*10000)/(No_species/1000000),"") | R30: =IF(D30="Yes",INDEX(Crop_data,MATCH(A30,Crop_data_codes,0),7)/INDEX(Crop_data,MATCH(A30,Crop_data_codes,0),6)*EF_NH3*N_to_NH3,"") | S30: =IF(D30="Yes",INDEX(Crop_data,MATCH(A30,Crop_data_codes,0),26)/INDEX(Crop_data,MATCH(A30,Crop_data_codes,0),6),"")
A31: 01344.02 | B31: =INDEX(Crop_data,MATCH(A31,Crop_data_codes,0),2) -> Cherries | C31: =INDEX(Crop_data,MATCH(A31,Crop_data_codes,0),3) -> Berries | D31: =IF(INDEX(Crop_data,MATCH(A31,Crop_data_codes,0),6)>0,"Yes","No") -> No | F31: =IF(D31="Yes",INDEX(CO2e_data,MATCH(A31,CO2e_codes,0),1),"") | G31: =IF(D31="Yes",INDEX(CO2_data,MATCH(A31,CO2_codes,0),1),"") | H31: =IF(D31="Yes",INDEX(CH4_data,MATCH(A31,CH4_codes,0),1),"") | I31: =IF(D31="Yes",INDEX(CH4_bio_data,MATCH(A31,CH4_bio_codes,0),1),"") | J31: =IF(D31="Yes",INDEX(N2O_data,MATCH(A31,N2O_codes,0),1),"") | L31: =IF(D31="Yes",1/INDEX(Crop_data,MATCH(A31,Crop_data_codes,0),6)*10000,"") | M31: =IF(D31="Yes",(INDEX(Crop_data,MATCH(A31,Crop_data_codes,0),7)+INDEX(Crop_data,MATCH(A31,Crop_data_codes,0),8))/INDEX(Crop_data,MATCH(A31,Crop_data_codes,0),6),"") | N31: =IF(D31="Yes",INDEX(Crop_data,MATCH(A31,Crop_data_codes,0),10)/INDEX(Crop_data,MATCH(A31,Crop_data_codes,0),6),"") | O31: =IF(D31="Yes",INDEX(Crop_data,MATCH(A31,Crop_data_codes,0),12)/INDEX(Crop_data,MATCH(A31,Crop_data_codes,0),6),"") | P31: =IF(D31="Yes",INDEX(Crop_data,MATCH(A31,Crop_data_codes,0),13)/INDEX(Crop_data,MATCH(A31,Crop_data_codes,0),6)*1000,"") | Q31: =IF(D31="Yes",SUM(INDEX(Crop_data,MATCH(A31,Crop_data_codes,0),21):INDEX(Crop_data,MATCH(A31,Crop_data_codes,0),22):INDEX(Crop_data,MATCH(A31,Crop_data_codes,0),23):INDEX(Crop_data,MATCH(A31,Crop_data_codes,0),24):INDEX(Crop_data,MATCH(A31,Crop_data_codes,0),25))*(1/INDEX(Crop_data,MATCH(A31,Crop_data_codes,0),6)*10000)/(No_species/1000000),"") | R31: =IF(D31="Yes",INDEX(Crop_data,MATCH(A31,Crop_data_codes,0),7)/INDEX(Crop_data,MATCH(A31,Crop_data_codes,0),6)*EF_NH3*N_to_NH3,"") | S31: =IF(D31="Yes",INDEX(Crop_data,MATCH(A31,Crop_data_codes,0),26)/INDEX(Crop_data,MATCH(A31,Crop_data_codes,0),6),"")
A32: 01373 | B32: =INDEX(Crop_data,MATCH(A32,Crop_data_codes,0),2) -> Chestnuts, in shell | C32: =INDEX(Crop_data,MATCH(A32,Crop_data_codes,0),3) -> Nuts | D32: =IF(INDEX(Crop_data,MATCH(A32,Crop_data_codes,0),6)>0,"Yes","No") -> No | F32: =IF(D32="Yes",INDEX(CO2e_data,MATCH(A32,CO2e_codes,0),1),"") | G32: =IF(D32="Yes",INDEX(CO2_data,MATCH(A32,CO2_codes,0),1),"") | H32: =IF(D32="Yes",INDEX(CH4_data,MATCH(A32,CH4_codes,0),1),"") | I32: =IF(D32="Yes",INDEX(CH4_bio_data,MATCH(A32,CH4_bio_codes,0),1),"") | J32: =IF(D32="Yes",INDEX(N2O_data,MATCH(A32,N2O_codes,0),1),"") | L32: =IF(D32="Yes",1/INDEX(Crop_data,MATCH(A32,Crop_data_codes,0),6)*10000,"") | M32: =IF(D32="Yes",(INDEX(Crop_data,MATCH(A32,Crop_data_codes,0),7)+INDEX(Crop_data,MATCH(A32,Crop_data_codes,0),8))/INDEX(Crop_data,MATCH(A32,Crop_data_codes,0),6),"") | N32: =IF(D32="Yes",INDEX(Crop_data,MATCH(A32,Crop_data_codes,0),10)/INDEX(Crop_data,MATCH(A32,Crop_data_codes,0),6),"") | O32: =IF(D32="Yes",INDEX(Crop_data,MATCH(A32,Crop_data_codes,0),12)/INDEX(Crop_data,MATCH(A32,Crop_data_codes,0),6),"") | P32: =IF(D32="Yes",INDEX(Crop_data,MATCH(A32,Crop_data_codes,0),13)/INDEX(Crop_data,MATCH(A32,Crop_data_codes,0),6)*1000,"") | Q32: =IF(D32="Yes",SUM(INDEX(Crop_data,MATCH(A32,Crop_data_codes,0),21):INDEX(Crop_data,MATCH(A32,Crop_data_codes,0),22):INDEX(Crop_data,MATCH(A32,Crop_data_codes,0),23):INDEX(Crop_data,MATCH(A32,Crop_data_codes,0),24):INDEX(Crop_data,MATCH(A32,Crop_data_codes,0),25))*(1/INDEX(Crop_data,MATCH(A32,Crop_data_codes,0),6)*10000)/(No_species/1000000),"") | R32: =IF(D32="Yes",INDEX(Crop_data,MATCH(A32,Crop_data_codes,0),7)/INDEX(Crop_data,MATCH(A32,Crop_data_codes,0),6)*EF_NH3*N_to_NH3,"") | S32: =IF(D32="Yes",INDEX(Crop_data,MATCH(A32,Crop_data_codes,0),26)/INDEX(Crop_data,MATCH(A32,Crop_data_codes,0),6),"")
A33: 01703 | B33: =INDEX(Crop_data,MATCH(A33,Crop_data_codes,0),2) -> Chick peas, dry | C33: =INDEX(Crop_data,MATCH(A33,Crop_data_codes,0),3) -> Pulses | D33: =IF(INDEX(Crop_data,MATCH(A33,Crop_data_codes,0),6)>0,"Yes","No") -> No | F33: =IF(D33="Yes",INDEX(CO2e_data,MATCH(A33,CO2e_codes,0),1),"") | G33: =IF(D33="Yes",INDEX(CO2_data,MATCH(A33,CO2_codes,0),1),"") | H33: =IF(D33="Yes",INDEX(CH4_data,MATCH(A33,CH4_codes,0),1),"") | I33: =IF(D33="Yes",INDEX(CH4_bio_data,MATCH(A33,CH4_bio_codes,0),1),"") | J33: =IF(D33="Yes",INDEX(N2O_data,MATCH(A33,N2O_codes,0),1),"") | L33: =IF(D33="Yes",1/INDEX(Crop_data,MATCH(A33,Crop_data_codes,0),6)*10000,"") | M33: =IF(D33="Yes",(INDEX(Crop_data,MATCH(A33,Crop_data_codes,0),7)+INDEX(Crop_data,MATCH(A33,Crop_data_codes,0),8))/INDEX(Crop_data,MATCH(A33,Crop_data_codes,0),6),"") | N33: =IF(D33="Yes",INDEX(Crop_data,MATCH(A33,Crop_data_codes,0),10)/INDEX(Crop_data,MATCH(A33,Crop_data_codes,0),6),"") | O33: =IF(D33="Yes",INDEX(Crop_data,MATCH(A33,Crop_data_codes,0),12)/INDEX(Crop_data,MATCH(A33,Crop_data_codes,0),6),"") | P33: =IF(D33="Yes",INDEX(Crop_data,MATCH(A33,Crop_data_codes,0),13)/INDEX(Crop_data,MATCH(A33,Crop_data_codes,0),6)*1000,"") | Q33: =IF(D33="Yes",SUM(INDEX(Crop_data,MATCH(A33,Crop_data_codes,0),21):INDEX(Crop_data,MATCH(A33,Crop_data_codes,0),22):INDEX(Crop_data,MATCH(A33,Crop_data_codes,0),23):INDEX(Crop_data,MATCH(A33,Crop_data_codes,0),24):INDEX(Crop_data,MATCH(A33,Crop_data_codes,0),25))*(1/INDEX(Crop_data,MATCH(A33,Crop_data_codes,0),6)*10000)/(No_species/1000000),"") | R33: =IF(D33="Yes",INDEX(Crop_data,MATCH(A33,Crop_data_codes,0),7)/INDEX(Crop_data,MATCH(A33,Crop_data_codes,0),6)*EF_NH3*N_to_NH3,"") | S33: =IF(D33="Yes",INDEX(Crop_data,MATCH(A33,Crop_data_codes,0),26)/INDEX(Crop_data,MATCH(A33,Crop_data_codes,0),6),"")
A34: 01231 | B34: =INDEX(Crop_data,MATCH(A34,Crop_data_codes,0),2) -> Chillies and peppers, green (Capsicum spp. and Pimenta spp.), raw | C34: =INDEX(Crop_data,MATCH(A34,Crop_data_codes,0),3) -> Spices | D34: =IF(INDEX(Crop_data,MATCH(A34,Crop_data_codes,0),6)>0,"Yes","No") -> No | F34: =IF(D34="Yes",INDEX(CO2e_data,MATCH(A34,CO2e_codes,0),1),"") | G34: =IF(D34="Yes",INDEX(CO2_data,MATCH(A34,CO2_codes,0),1),"") | H34: =IF(D34="Yes",INDEX(CH4_data,MATCH(A34,CH4_codes,0),1),"") | I34: =IF(D34="Yes",INDEX(CH4_bio_data,MATCH(A34,CH4_bio_codes,0),1),"") | J34: =IF(D34="Yes",INDEX(N2O_data,MATCH(A34,N2O_codes,0),1),"") | L34: =IF(D34="Yes",1/INDEX(Crop_data,MATCH(A34,Crop_data_codes,0),6)*10000,"") | M34: =IF(D34="Yes",(INDEX(Crop_data,MATCH(A34,Crop_data_codes,0),7)+INDEX(Crop_data,MATCH(A34,Crop_data_codes,0),8))/INDEX(Crop_data,MATCH(A34,Crop_data_codes,0),6),"") | N34: =IF(D34="Yes",INDEX(Crop_data,MATCH(A34,Crop_data_codes,0),10)/INDEX(Crop_data,MATCH(A34,Crop_data_codes,0),6),"") | O34: =IF(D34="Yes",INDEX(Crop_data,MATCH(A34,Crop_data_codes,0),12)/INDEX(Crop_data,MATCH(A34,Crop_data_codes,0),6),"") | P34: =IF(D34="Yes",INDEX(Crop_data,MATCH(A34,Crop_data_codes,0),13)/INDEX(Crop_data,MATCH(A34,Crop_data_codes,0),6)*1000,"") | Q34: =IF(D34="Yes",SUM(INDEX(Crop_data,MATCH(A34,Crop_data_codes,0),21):INDEX(Crop_data,MATCH(A34,Crop_data_codes,0),22):INDEX(Crop_data,MATCH(A34,Crop_data_codes,0),23):INDEX(Crop_data,MATCH(A34,Crop_data_codes,0),24):INDEX(Crop_data,MATCH(A34,Crop_data_codes,0),25))*(1/INDEX(Crop_data,MATCH(A34,Crop_data_codes,0),6)*10000)/(No_species/1000000),"") | R34: =IF(D34="Yes",INDEX(Crop_data,MATCH(A34,Crop_data_codes,0),7)/INDEX(Crop_data,MATCH(A34,Crop_data_codes,0),6)*EF_NH3*N_to_NH3,"") | S34: =IF(D34="Yes",INDEX(Crop_data,MATCH(A34,Crop_data_codes,0),26)/INDEX(Crop_data,MATCH(A34,Crop_data_codes,0),6),"")
A35: 01640 | B35: =INDEX(Crop_data,MATCH(A35,Crop_data_codes,0),2) -> Cocoa beans | C35: =INDEX(Crop_data,MATCH(A35,Crop_data_codes,0),3) -> Stimulants | D35: =IF(INDEX(Crop_data,MATCH(A35,Crop_data_codes,0),6)>0,"Yes","No") -> No | F35: =IF(D35="Yes",INDEX(CO2e_data,MATCH(A35,CO2e_codes,0),1),"") | G35: =IF(D35="Yes",INDEX(CO2_data,MATCH(A35,CO2_codes,0),1),"") | H35: =IF(D35="Yes",INDEX(CH4_data,MATCH(A35,CH4_codes,0),1),"") | I35: =IF(D35="Yes",INDEX(CH4_bio_data,MATCH(A35,CH4_bio_codes,0),1),"") | J35: =IF(D35="Yes",INDEX(N2O_data,MATCH(A35,N2O_codes,0),1),"") | L35: =IF(D35="Yes",1/INDEX(Crop_data,MATCH(A35,Crop_data_codes,0),6)*10000,"") | M35: =IF(D35="Yes",(INDEX(Crop_data,MATCH(A35,Crop_data_codes,0),7)+INDEX(Crop_data,MATCH(A35,Crop_data_codes,0),8))/INDEX(Crop_data,MATCH(A35,Crop_data_codes,0),6),"") | N35: =IF(D35="Yes",INDEX(Crop_data,MATCH(A35,Crop_data_codes,0),10)/INDEX(Crop_data,MATCH(A35,Crop_data_codes,0),6),"") | O35: =IF(D35="Yes",INDEX(Crop_data,MATCH(A35,Crop_data_codes,0),12)/INDEX(Crop_data,MATCH(A35,Crop_data_codes,0),6),"") | P35: =IF(D35="Yes",INDEX(Crop_data,MATCH(A35,Crop_data_codes,0),13)/INDEX(Crop_data,MATCH(A35,Crop_data_codes,0),6)*1000,"") | Q35: =IF(D35="Yes",SUM(INDEX(Crop_data,MATCH(A35,Crop_data_codes,0),21):INDEX(Crop_data,MATCH(A35,Crop_data_codes,0),22):INDEX(Crop_data,MATCH(A35,Crop_data_codes,0),23):INDEX(Crop_data,MATCH(A35,Crop_data_codes,0),24):INDEX(Crop_data,MATCH(A35,Crop_data_codes,0),25))*(1/INDEX(Crop_data,MATCH(A35,Crop_data_codes,0),6)*10000)/(No_species/1000000),"") | R35: =IF(D35="Yes",INDEX(Crop_data,MATCH(A35,Crop_data_codes,0),7)/INDEX(Crop_data,MATCH(A35,Crop_data_codes,0),6)*EF_NH3*N_to_NH3,"") | S35: =IF(D35="Yes",INDEX(Crop_data,MATCH(A35,Crop_data_codes,0),26)/INDEX(Crop_data,MATCH(A35,Crop_data_codes,0),6),"")
A36: 01460 | B36: =INDEX(Crop_data,MATCH(A36,Crop_data_codes,0),2) -> Coconut, in shell | C36: =INDEX(Crop_data,MATCH(A36,Crop_data_codes,0),3) -> Nuts | D36: =IF(INDEX(Crop_data,MATCH(A36,Crop_data_codes,0),6)>0,"Yes","No") -> No | F36: =IF(D36="Yes",INDEX(CO2e_data,MATCH(A36,CO2e_codes,0),1),"") | G36: =IF(D36="Yes",INDEX(CO2_data,MATCH(A36,CO2_codes,0),1),"") | H36: =IF(D36="Yes",INDEX(CH4_data,MATCH(A36,CH4_codes,0),1),"") | I36: =IF(D36="Yes",INDEX(CH4_bio_data,MATCH(A36,CH4_bio_codes,0),1),"") | J36: =IF(D36="Yes",INDEX(N2O_data,MATCH(A36,N2O_codes,0),1),"") | L36: =IF(D36="Yes",1/INDEX(Crop_data,MATCH(A36,Crop_data_codes,0),6)*10000,"") | M36: =IF(D36="Yes",(INDEX(Crop_data,MATCH(A36,Crop_data_codes,0),7)+INDEX(Crop_data,MATCH(A36,Crop_data_codes,0),8))/INDEX(Crop_data,MATCH(A36,Crop_data_codes,0),6),"") | N36: =IF(D36="Yes",INDEX(Crop_data,MATCH(A36,Crop_data_codes,0),10)/INDEX(Crop_data,MATCH(A36,Crop_data_codes,0),6),"") | O36: =IF(D36="Yes",INDEX(Crop_data,MATCH(A36,Crop_data_codes,0),12)/INDEX(Crop_data,MATCH(A36,Crop_data_codes,0),6),"") | P36: =IF(D36="Yes",INDEX(Crop_data,MATCH(A36,Crop_data_codes,0),13)/INDEX(Crop_data,MATCH(A36,Crop_data_codes,0),6)*1000,"") | Q36: =IF(D36="Yes",SUM(INDEX(Crop_data,MATCH(A36,Crop_data_codes,0),21):INDEX(Crop_data,MATCH(A36,Crop_data_codes,0),22):INDEX(Crop_data,MATCH(A36,Crop_data_codes,0),23):INDEX(Crop_data,MATCH(A36,Crop_data_codes,0),24):INDEX(Crop_data,MATCH(A36,Crop_data_codes,0),25))*(1/INDEX(Crop_data,MATCH(A36,Crop_data_codes,0),6)*10000)/(No_species/1000000),"") | R36: =IF(D36="Yes",INDEX(Crop_data,MATCH(A36,Crop_data_codes,0),7)/INDEX(Crop_data,MATCH(A36,Crop_data_codes,0),6)*EF_NH3*N_to_NH3,"") | S36: =IF(D36="Yes",INDEX(Crop_data,MATCH(A36,Crop_data_codes,0),26)/INDEX(Crop_data,MATCH(A36,Crop_data_codes,0),6),"")
A37: 01610 | B37: =INDEX(Crop_data,MATCH(A37,Crop_data_codes,0),2) -> Coffee, green | C37: =INDEX(Crop_data,MATCH(A37,Crop_data_codes,0),3) -> Stimulants | D37: =IF(INDEX(Crop_data,MATCH(A37,Crop_data_codes,0),6)>0,"Yes","No") -> No | F37: =IF(D37="Yes",INDEX(CO2e_data,MATCH(A37,CO2e_codes,0),1),"") | G37: =IF(D37="Yes",INDEX(CO2_data,MATCH(A37,CO2_codes,0),1),"") | H37: =IF(D37="Yes",INDEX(CH4_data,MATCH(A37,CH4_codes,0),1),"") | I37: =IF(D37="Yes",INDEX(CH4_bio_data,MATCH(A37,CH4_bio_codes,0),1),"") | J37: =IF(D37="Yes",INDEX(N2O_data,MATCH(A37,N2O_codes,0),1),"") | L37: =IF(D37="Yes",1/INDEX(Crop_data,MATCH(A37,Crop_data_codes,0),6)*10000,"") | M37: =IF(D37="Yes",(INDEX(Crop_data,MATCH(A37,Crop_data_codes,0),7)+INDEX(Crop_data,MATCH(A37,Crop_data_codes,0),8))/INDEX(Crop_data,MATCH(A37,Crop_data_codes,0),6),"") | N37: =IF(D37="Yes",INDEX(Crop_data,MATCH(A37,Crop_data_codes,0),10)/INDEX(Crop_data,MATCH(A37,Crop_data_codes,0),6),"") | O37: =IF(D37="Yes",INDEX(Crop_data,MATCH(A37,Crop_data_codes,0),12)/INDEX(Crop_data,MATCH(A37,Crop_data_codes,0),6),"") | P37: =IF(D37="Yes",INDEX(Crop_data,MATCH(A37,Crop_data_codes,0),13)/INDEX(Crop_data,MATCH(A37,Crop_data_codes,0),6)*1000,"") | Q37: =IF(D37="Yes",SUM(INDEX(Crop_data,MATCH(A37,Crop_data_codes,0),21):INDEX(Crop_data,MATCH(A37,Crop_data_codes,0),22):INDEX(Crop_data,MATCH(A37,Crop_data_codes,0),23):INDEX(Crop_data,MATCH(A37,Crop_data_codes,0),24):INDEX(Crop_data,MATCH(A37,Crop_data_codes,0),25))*(1/INDEX(Crop_data,MATCH(A37,Crop_data_codes,0),6)*10000)/(No_species/1000000),"") | R37: =IF(D37="Yes",INDEX(Crop_data,MATCH(A37,Crop_data_codes,0),7)/INDEX(Crop_data,MATCH(A37,Crop_data_codes,0),6)*EF_NH3*N_to_NH3,"") | S37: =IF(D37="Yes",INDEX(Crop_data,MATCH(A37,Crop_data_codes,0),26)/INDEX(Crop_data,MATCH(A37,Crop_data_codes,0),6),"")
A38: 01232 | B38: =INDEX(Crop_data,MATCH(A38,Crop_data_codes,0),2) -> Cucumbers and gherkins, averrage | C38: =INDEX(Crop_data,MATCH(A38,Crop_data_codes,0),3) -> Vegetables | D38: =IF(INDEX(Crop_data,MATCH(A38,Crop_data_codes,0),6)>0,"Yes","No") -> Yes | F38: =IF(D38="Yes",INDEX(CO2e_data,MATCH(A38,CO2e_codes,0),1),"") -> 0.53017466 | G38: =IF(D38="Yes",INDEX(CO2_data,MATCH(A38,CO2_codes,0),1),"") -> 0.44994605 | H38: =IF(D38="Yes",INDEX(CH4_data,MATCH(A38,CH4_codes,0),1),"") -> 0.0014171751 | I38: =IF(D38="Yes",INDEX(CH4_bio_data,MATCH(A38,CH4_bio_codes,0),1),"") -> 0 | J38: =IF(D38="Yes",INDEX(N2O_data,MATCH(A38,N2O_codes,0),1),"") -> 0.0001391824 | L38: =IF(D38="Yes",1/INDEX(Crop_data,MATCH(A38,Crop_data_codes,0),6)*10000,"") -> 0.022826917 | M38: =IF(D38="Yes",(INDEX(Crop_data,MATCH(A38,Crop_data_codes,0),7)+INDEX(Crop_data,MATCH(A38,Crop_data_codes,0),8))/INDEX(Crop_data,MATCH(A38,Crop_data_codes,0),6),"") -> 0.0031634786 | N38: =IF(D38="Yes",INDEX(Crop_data,MATCH(A38,Crop_data_codes,0),10)/INDEX(Crop_data,MATCH(A38,Crop_data_codes,0),6),"") -> 0.0015301904 | O38: =IF(D38="Yes",INDEX(Crop_data,MATCH(A38,Crop_data_codes,0),12)/INDEX(Crop_data,MATCH(A38,Crop_data_codes,0),6),"") -> 0.004 | P38: =IF(D38="Yes",INDEX(Crop_data,MATCH(A38,Crop_data_codes,0),13)/INDEX(Crop_data,MATCH(A38,Crop_data_codes,0),6)*1000,"") -> 0.0037664414 | Q38: =IF(D38="Yes",SUM(INDEX(Crop_data,MATCH(A38,Crop_data_codes,0),21):INDEX(Crop_data,MATCH(A38,Crop_data_codes,0),22):INDEX(Crop_data,MATCH(A38,Crop_data_codes,0),23):INDEX(Crop_data,MATCH(A38,Crop_data_codes,0),24):INDEX(Crop_data,MATCH(A38,Crop_data_codes,0),25))*(1/INDEX(Crop_data,MATCH(A38,Crop_data_codes,0),6)*10000)/(No_species/1000000),"") -> 2.2610799e-13 | R38: =IF(D38="Yes",INDEX(Crop_data,MATCH(A38,Crop_data_codes,0),7)/INDEX(Crop_data,MATCH(A38,Crop_data_codes,0),6)*EF_NH3*N_to_NH3,"") -> 0.00019232243 | S38: =IF(D38="Yes",INDEX(Crop_data,MATCH(A38,Crop_data_codes,0),26)/INDEX(Crop_data,MATCH(A38,Crop_data_codes,0),6),"") -> 0.0017862713
A39: 01232_gh | B39: =INDEX(Crop_data,MATCH(A39,Crop_data_codes,0),2) -> Cucumbers and gherkins, greenhouse | C39: =INDEX(Crop_data,MATCH(A39,Crop_data_codes,0),3) -> Vegetables | D39: =IF(INDEX(Crop_data,MATCH(A39,Crop_data_codes,0),6)>0,"Yes","No") -> Yes | E39: 95 | F39: =IF(D39="Yes",INDEX(CO2e_data,MATCH(A39,CO2e_codes,0),1),"") -> 0.53272297 | G39: =IF(D39="Yes",INDEX(CO2_data,MATCH(A39,CO2_codes,0),1),"") -> 0.45237422 | H39: =IF(D39="Yes",INDEX(CH4_data,MATCH(A39,CH4_codes,0),1),"") -> 0.001424037 | I39: =IF(D39="Yes",INDEX(CH4_bio_data,MATCH(A39,CH4_bio_codes,0),1),"") -> 0 | J39: =IF(D39="Yes",INDEX(N2O_data,MATCH(A39,N2O_codes,0),1),"") -> 0.00013887341 | L39: =IF(D39="Yes",1/INDEX(Crop_data,MATCH(A39,Crop_data_codes,0),6)*10000,"") -> 0.021816627 | M39: =IF(D39="Yes",(INDEX(Crop_data,MATCH(A39,Crop_data_codes,0),7)+INDEX(Crop_data,MATCH(A39,Crop_data_codes,0),8))/INDEX(Crop_data,MATCH(A39,Crop_data_codes,0),6),"") -> 0.0031665215 | N39: =IF(D39="Yes",INDEX(Crop_data,MATCH(A39,Crop_data_codes,0),10)/INDEX(Crop_data,MATCH(A39,Crop_data_codes,0),6),"") -> 0.0015352832 | O39: =IF(D39="Yes",INDEX(Crop_data,MATCH(A39,Crop_data_codes,0),12)/INDEX(Crop_data,MATCH(A39,Crop_data_codes,0),6),"") -> 0.004 | P39: =IF(D39="Yes",INDEX(Crop_data,MATCH(A39,Crop_data_codes,0),13)/INDEX(Crop_data,MATCH(A39,Crop_data_codes,0),6)*1000,"") -> 0.0035997434 | Q39: =IF(D39="Yes",SUM(INDEX(Crop_data,MATCH(A39,Crop_data_codes,0),21):INDEX(Crop_data,MATCH(A39,Crop_data_codes,0),22):INDEX(Crop_data,MATCH(A39,Crop_data_codes,0),23):INDEX(Crop_data,MATCH(A39,Crop_data_codes,0),24):INDEX(Crop_data,MATCH(A39,Crop_data_codes,0),25))*(1/INDEX(Crop_data,MATCH(A39,Crop_data_codes,0),6)*10000)/(No_species/1000000),"") -> 2.1811419e-13 | R39: =IF(D39="Yes",INDEX(Crop_data,MATCH(A39,Crop_data_codes,0),7)/INDEX(Crop_data,MATCH(A39,Crop_data_codes,0),6)*EF_NH3*N_to_NH3,"") -> 0.00019250742 | S39: =IF(D39="Yes",INDEX(Crop_data,MATCH(A39,Crop_data_codes,0),26)/INDEX(Crop_data,MATCH(A39,Crop_data_codes,0),6),"") -> 0.0017617581
A40: 01232_of | B40: =INDEX(Crop_data,MATCH(A40,Crop_data_codes,0),2) -> Cucumbers and gherkins, openfield | C40: =INDEX(Crop_data,MATCH(A40,Crop_data_codes,0),3) -> Vegetables | D40: =IF(INDEX(Crop_data,MATCH(A40,Crop_data_codes,0),6)>0,"Yes","No") -> Yes | E40: 5 | F40: =IF(D40="Yes",INDEX(CO2e_data,MATCH(A40,CO2e_codes,0),1),"") -> 0.1030023 | G40: =IF(D40="Yes",INDEX(CO2_data,MATCH(A40,CO2_codes,0),1),"") -> 0.048158591 | H40: =IF(D40="Yes",INDEX(CH4_data,MATCH(A40,CH4_codes,0),1),"") -> 0.00011565648 | I40: =IF(D40="Yes",INDEX(CH4_bio_data,MATCH(A40,CH4_bio_codes,0),1),"") -> 0 | J40: =IF(D40="Yes",INDEX(N2O_data,MATCH(A40,N2O_codes,0),1),"") -> 0.00018826794 | L40: =IF(D40="Yes",1/INDEX(Crop_data,MATCH(A40,Crop_data_codes,0),6)*10000,"") -> 0.18999848 | M40: =IF(D40="Yes",(INDEX(Crop_data,MATCH(A40,Crop_data_codes,0),7)+INDEX(Crop_data,MATCH(A40,Crop_data_codes,0),8))/INDEX(Crop_data,MATCH(A40,Crop_data_codes,0),6),"") -> 0.0026599787 | N40: =IF(D40="Yes",INDEX(Crop_data,MATCH(A40,Crop_data_codes,0),10)/INDEX(Crop_data,MATCH(A40,Crop_data_codes,0),6),"") -> 0.00068750219 | O40: =IF(D40="Yes",INDEX(Crop_data,MATCH(A40,Crop_data_codes,0),12)/INDEX(Crop_data,MATCH(A40,Crop_data_codes,0),6),"") -> 0.004 | P40: =IF(D40="Yes",INDEX(Crop_data,MATCH(A40,Crop_data_codes,0),13)/INDEX(Crop_data,MATCH(A40,Crop_data_codes,0),6)*1000,"") -> 0.031349749 | Q40: =IF(D40="Yes",SUM(INDEX(Crop_data,MATCH(A40,Crop_data_codes,0),21):INDEX(Crop_data,MATCH(A40,Crop_data_codes,0),22):INDEX(Crop_data,MATCH(A40,Crop_data_codes,0),23):INDEX(Crop_data,MATCH(A40,Crop_data_codes,0),24):INDEX(Crop_data,MATCH(A40,Crop_data_codes,0),25))*(1/INDEX(Crop_data,MATCH(A40,Crop_data_codes,0),6)*10000)/(No_species/1000000),"") -> 1.5488326e-12 | R40: =IF(D40="Yes",INDEX(Crop_data,MATCH(A40,Crop_data_codes,0),7)/INDEX(Crop_data,MATCH(A40,Crop_data_codes,0),6)*EF_NH3*N_to_NH3,"") -> 0.00016171235 | S40: =IF(D40="Yes",INDEX(Crop_data,MATCH(A40,Crop_data_codes,0),26)/INDEX(Crop_data,MATCH(A40,Crop_data_codes,0),6),"") -> 0.0058424533
A41: 01351.01 | B41: =INDEX(Crop_data,MATCH(A41,Crop_data_codes,0),2) -> Currants | C41: =INDEX(Crop_data,MATCH(A41,Crop_data_codes,0),3) -> Berries | D41: =IF(INDEX(Crop_data,MATCH(A41,Crop_data_codes,0),6)>0,"Yes","No") -> Yes | F41: =IF(D41="Yes",INDEX(CO2e_data,MATCH(A41,CO2e_codes,0),1),"") -> 0.36239627 | G41: =IF(D41="Yes",INDEX(CO2_data,MATCH(A41,CO2_codes,0),1),"") -> 0.25328303 | H41: =IF(D41="Yes",INDEX(CH4_data,MATCH(A41,CH4_codes,0),1),"") -> 0.00021788893 | I41: =IF(D41="Yes",INDEX(CH4_bio_data,MATCH(A41,CH4_bio_codes,0),1),"") -> 0 | J41: =IF(D41="Yes",INDEX(N2O_data,MATCH(A41,N2O_codes,0),1),"") -> 0.00037589797 | L41: =IF(D41="Yes",1/INDEX(Crop_data,MATCH(A41,Crop_data_codes,0),6)*10000,"") -> 2.5 | M41: =IF(D41="Yes",(INDEX(Crop_data,MATCH(A41,Crop_data_codes,0),7)+INDEX(Crop_data,MATCH(A41,Crop_data_codes,0),8))/INDEX(Crop_data,MATCH(A41,Crop_data_codes,0),6),"") -> 0.008 | N41: =IF(D41="Yes",INDEX(Crop_data,MATCH(A41,Crop_data_codes,0),10)/INDEX(Crop_data,MATCH(A41,Crop_data_codes,0),6),"") -> 0.005 | O41: =IF(D41="Yes",INDEX(Crop_data,MATCH(A41,Crop_data_codes,0),12)/INDEX(Crop_data,MATCH(A41,Crop_data_codes,0),6),"") -> 0.01009222 | P41: =IF(D41="Yes",INDEX(Crop_data,MATCH(A41,Crop_data_codes,0),13)/INDEX(Crop_data,MATCH(A41,Crop_data_codes,0),6)*1000,"") -> 0.5625 | Q41: =IF(D41="Yes",SUM(INDEX(Crop_data,MATCH(A41,Crop_data_codes,0),21):INDEX(Crop_data,MATCH(A41,Crop_data_codes,0),22):INDEX(Crop_data,MATCH(A41,Crop_data_codes,0),23):INDEX(Crop_data,MATCH(A41,Crop_data_codes,0),24):INDEX(Crop_data,MATCH(A41,Crop_data_codes,0),25))*(1/INDEX(Crop_data,MATCH(A41,Crop_data_codes,0),6)*10000)/(No_species/1000000),"") -> 2.0379539e-11 | R41: =IF(D41="Yes",INDEX(Crop_data,MATCH(A41,Crop_data_codes,0),7)/INDEX(Crop_data,MATCH(A41,Crop_data_codes,0),6)*EF_NH3*N_to_NH3,"") -> 0.00048635682 | S41: =IF(D41="Yes",INDEX(Crop_data,MATCH(A41,Crop_data_codes,0),26)/INDEX(Crop_data,MATCH(A41,Crop_data_codes,0),6),"") -> 0.1887875
A42: 01314 | B42: =INDEX(Crop_data,MATCH(A42,Crop_data_codes,0),2) -> Dates | C42: =INDEX(Crop_data,MATCH(A42,Crop_data_codes,0),3) -> Fruits | D42: =IF(INDEX(Crop_data,MATCH(A42,Crop_data_codes,0),6)>0,"Yes","No") -> No | F42: =IF(D42="Yes",INDEX(CO2e_data,MATCH(A42,CO2e_codes,0),1),"") | G42: =IF(D42="Yes",INDEX(CO2_data,MATCH(A42,CO2_codes,0),1),"") | H42: =IF(D42="Yes",INDEX(CH4_data,MATCH(A42,CH4_codes,0),1),"") | I42: =IF(D42="Yes",INDEX(CH4_bio_data,MATCH(A42,CH4_bio_codes,0),1),"") | J42: =IF(D42="Yes",INDEX(N2O_data,MATCH(A42,N2O_codes,0),1),"") | L42: =IF(D42="Yes",1/INDEX(Crop_data,MATCH(A42,Crop_data_codes,0),6)*10000,"") | M42: =IF(D42="Yes",(INDEX(Crop_data,MATCH(A42,Crop_data_codes,0),7)+INDEX(Crop_data,MATCH(A42,Crop_data_codes,0),8))/INDEX(Crop_data,MATCH(A42,Crop_data_codes,0),6),"") | N42: =IF(D42="Yes",INDEX(Crop_data,MATCH(A42,Crop_data_codes,0),10)/INDEX(Crop_data,MATCH(A42,Crop_data_codes,0),6),"") | O42: =IF(D42="Yes",INDEX(Crop_data,MATCH(A42,Crop_data_codes,0),12)/INDEX(Crop_data,MATCH(A42,Crop_data_codes,0),6),"") | P42: =IF(D42="Yes",INDEX(Crop_data,MATCH(A42,Crop_data_codes,0),13)/INDEX(Crop_data,MATCH(A42,Crop_data_codes,0),6)*1000,"") | Q42: =IF(D42="Yes",SUM(INDEX(Crop_data,MATCH(A42,Crop_data_codes,0),21):INDEX(Crop_data,MATCH(A42,Crop_data_codes,0),22):INDEX(Crop_data,MATCH(A42,Crop_data_codes,0),23):INDEX(Crop_data,MATCH(A42,Crop_data_codes,0),24):INDEX(Crop_data,MATCH(A42,Crop_data_codes,0),25))*(1/INDEX(Crop_data,MATCH(A42,Crop_data_codes,0),6)*10000)/(No_species/1000000),"") | R42: =IF(D42="Yes",INDEX(Crop_data,MATCH(A42,Crop_data_codes,0),7)/INDEX(Crop_data,MATCH(A42,Crop_data_codes,0),6)*EF_NH3*N_to_NH3,"") | S42: =IF(D42="Yes",INDEX(Crop_data,MATCH(A42,Crop_data_codes,0),26)/INDEX(Crop_data,MATCH(A42,Crop_data_codes,0),6),"")
A43: 01599.10 | B43: =INDEX(Crop_data,MATCH(A43,Crop_data_codes,0),2) -> Edible roots and tubers with high starch or inulin content, n.e.c., fresh | C43: =INDEX(Crop_data,MATCH(A43,Crop_data_codes,0),3) -> Roots | D43: =IF(INDEX(Crop_data,MATCH(A43,Crop_data_codes,0),6)>0,"Yes","No") -> No | F43: =IF(D43="Yes",INDEX(CO2e_data,MATCH(A43,CO2e_codes,0),1),"") | G43: =IF(D43="Yes",INDEX(CO2_data,MATCH(A43,CO2_codes,0),1),"") | H43: =IF(D43="Yes",INDEX(CH4_data,MATCH(A43,CH4_codes,0),1),"") | I43: =IF(D43="Yes",INDEX(CH4_bio_data,MATCH(A43,CH4_bio_codes,0),1),"") | J43: =IF(D43="Yes",INDEX(N2O_data,MATCH(A43,N2O_codes,0),1),"") | L43: =IF(D43="Yes",1/INDEX(Crop_data,MATCH(A43,Crop_data_codes,0),6)*10000,"") | M43: =IF(D43="Yes",(INDEX(Crop_data,MATCH(A43,Crop_data_codes,0),7)+INDEX(Crop_data,MATCH(A43,Crop_data_codes,0),8))/INDEX(Crop_data,MATCH(A43,Crop_data_codes,0),6),"") | N43: =IF(D43="Yes",INDEX(Crop_data,MATCH(A43,Crop_data_codes,0),10)/INDEX(Crop_data,MATCH(A43,Crop_data_codes,0),6),"") | O43: =IF(D43="Yes",INDEX(Crop_data,MATCH(A43,Crop_data_codes,0),12)/INDEX(Crop_data,MATCH(A43,Crop_data_codes,0),6),"") | P43: =IF(D43="Yes",INDEX(Crop_data,MATCH(A43,Crop_data_codes,0),13)/INDEX(Crop_data,MATCH(A43,Crop_data_codes,0),6)*1000,"") | Q43: =IF(D43="Yes",SUM(INDEX(Crop_data,MATCH(A43,Crop_data_codes,0),21):INDEX(Crop_data,MATCH(A43,Crop_data_codes,0),22):INDEX(Crop_data,MATCH(A43,Crop_data_codes,0),23):INDEX(Crop_data,MATCH(A43,Crop_data_codes,0),24):INDEX(Crop_data,MATCH(A43,Crop_data_codes,0),25))*(1/INDEX(Crop_data,MATCH(A43,Crop_data_codes,0),6)*10000)/(No_species/1000000),"") | R43: =IF(D43="Yes",INDEX(Crop_data,MATCH(A43,Crop_data_codes,0),7)/INDEX(Crop_data,MATCH(A43,Crop_data_codes,0),6)*EF_NH3*N_to_NH3,"") | S43: =IF(D43="Yes",INDEX(Crop_data,MATCH(A43,Crop_data_codes,0),26)/INDEX(Crop_data,MATCH(A43,Crop_data_codes,0),6),"")
A44: 01233 | B44: =INDEX(Crop_data,MATCH(A44,Crop_data_codes,0),2) -> Eggplants (aubergines) | C44: =INDEX(Crop_data,MATCH(A44,Crop_data_codes,0),3) -> Vegetables | D44: =IF(INDEX(Crop_data,MATCH(A44,Crop_data_codes,0),6)>0,"Yes","No") -> No | F44: =IF(D44="Yes",INDEX(CO2e_data,MATCH(A44,CO2e_codes,0),1),"") | G44: =IF(D44="Yes",INDEX(CO2_data,MATCH(A44,CO2_codes,0),1),"") | H44: =IF(D44="Yes",INDEX(CH4_data,MATCH(A44,CH4_codes,0),1),"") | I44: =IF(D44="Yes",INDEX(CH4_bio_data,MATCH(A44,CH4_bio_codes,0),1),"") | J44: =IF(D44="Yes",INDEX(N2O_data,MATCH(A44,N2O_codes,0),1),"") | L44: =IF(D44="Yes",1/INDEX(Crop_data,MATCH(A44,Crop_data_codes,0),6)*10000,"") | M44: =IF(D44="Yes",(INDEX(Crop_data,MATCH(A44,Crop_data_codes,0),7)+INDEX(Crop_data,MATCH(A44,Crop_data_codes,0),8))/INDEX(Crop_data,MATCH(A44,Crop_data_codes,0),6),"") | N44: =IF(D44="Yes",INDEX(Crop_data,MATCH(A44,Crop_data_codes,0),10)/INDEX(Crop_data,MATCH(A44,Crop_data_codes,0),6),"") | O44: =IF(D44="Yes",INDEX(Crop_data,MATCH(A44,Crop_data_codes,0),12)/INDEX(Crop_data,MATCH(A44,Crop_data_codes,0),6),"") | P44: =IF(D44="Yes",INDEX(Crop_data,MATCH(A44,Crop_data_codes,0),13)/INDEX(Crop_data,MATCH(A44,Crop_data_codes,0),6)*1000,"") | Q44: =IF(D44="Yes",SUM(INDEX(Crop_data,MATCH(A44,Crop_data_codes,0),21):INDEX(Crop_data,MATCH(A44,Crop_data_codes,0),22):INDEX(Crop_data,MATCH(A44,Crop_data_codes,0),23):INDEX(Crop_data,MATCH(A44,Crop_data_codes,0),24):INDEX(Crop_data,MATCH(A44,Crop_data_codes,0),25))*(1/INDEX(Crop_data,MATCH(A44,Crop_data_codes,0),6)*10000)/(No_species/1000000),"") | R44: =IF(D44="Yes",INDEX(Crop_data,MATCH(A44,Crop_data_codes,0),7)/INDEX(Crop_data,MATCH(A44,Crop_data_codes,0),6)*EF_NH3*N_to_NH3,"") | S44: =IF(D44="Yes",INDEX(Crop_data,MATCH(A44,Crop_data_codes,0),26)/INDEX(Crop_data,MATCH(A44,Crop_data_codes,0),6),"")
A45: 01315 | B45: =INDEX(Crop_data,MATCH(A45,Crop_data_codes,0),2) -> Figs | C45: =INDEX(Crop_data,MATCH(A45,Crop_data_codes,0),3) -> Fruits | D45: =IF(INDEX(Crop_data,MATCH(A45,Crop_data_codes,0),6)>0,"Yes","No") -> No | F45: =IF(D45="Yes",INDEX(CO2e_data,MATCH(A45,CO2e_codes,0),1),"") | G45: =IF(D45="Yes",INDEX(CO2_data,MATCH(A45,CO2_codes,0),1),"") | H45: =IF(D45="Yes",INDEX(CH4_data,MATCH(A45,CH4_codes,0),1),"") | I45: =IF(D45="Yes",INDEX(CH4_bio_data,MATCH(A45,CH4_bio_codes,0),1),"") | J45: =IF(D45="Yes",INDEX(N2O_data,MATCH(A45,N2O_codes,0),1),"") | L45: =IF(D45="Yes",1/INDEX(Crop_data,MATCH(A45,Crop_data_codes,0),6)*10000,"") | M45: =IF(D45="Yes",(INDEX(Crop_data,MATCH(A45,Crop_data_codes,0),7)+INDEX(Crop_data,MATCH(A45,Crop_data_codes,0),8))/INDEX(Crop_data,MATCH(A45,Crop_data_codes,0),6),"") | N45: =IF(D45="Yes",INDEX(Crop_data,MATCH(A45,Crop_data_codes,0),10)/INDEX(Crop_data,MATCH(A45,Crop_data_codes,0),6),"") | O45: =IF(D45="Yes",INDEX(Crop_data,MATCH(A45,Crop_data_codes,0),12)/INDEX(Crop_data,MATCH(A45,Crop_data_codes,0),6),"") | P45: =IF(D45="Yes",INDEX(Crop_data,MATCH(A45,Crop_data_codes,0),13)/INDEX(Crop_data,MATCH(A45,Crop_data_codes,0),6)*1000,"") | Q45: =IF(D45="Yes",SUM(INDEX(Crop_data,MATCH(A45,Crop_data_codes,0),21):INDEX(Crop_data,MATCH(A45,Crop_data_codes,0),22):INDEX(Crop_data,MATCH(A45,Crop_data_codes,0),23):INDEX(Crop_data,MATCH(A45,Crop_data_codes,0),24):INDEX(Crop_data,MATCH(A45,Crop_data_codes,0),25))*(1/INDEX(Crop_data,MATCH(A45,Crop_data_codes,0),6)*10000)/(No_species/1000000),"") | R45: =IF(D45="Yes",INDEX(Crop_data,MATCH(A45,Crop_data_codes,0),7)/INDEX(Crop_data,MATCH(A45,Crop_data_codes,0),6)*EF_NH3*N_to_NH3,"") | S45: =IF(D45="Yes",INDEX(Crop_data,MATCH(A45,Crop_data_codes,0),26)/INDEX(Crop_data,MATCH(A45,Crop_data_codes,0),6),"")
A46: 01351.02 | B46: =INDEX(Crop_data,MATCH(A46,Crop_data_codes,0),2) -> Gooseberries | C46: =INDEX(Crop_data,MATCH(A46,Crop_data_codes,0),3) -> Berries | D46: =IF(INDEX(Crop_data,MATCH(A46,Crop_data_codes,0),6)>0,"Yes","No") -> No | F46: =IF(D46="Yes",INDEX(CO2e_data,MATCH(A46,CO2e_codes,0),1),"") | G46: =IF(D46="Yes",INDEX(CO2_data,MATCH(A46,CO2_codes,0),1),"") | H46: =IF(D46="Yes",INDEX(CH4_data,MATCH(A46,CH4_codes,0),1),"") | I46: =IF(D46="Yes",INDEX(CH4_bio_data,MATCH(A46,CH4_bio_codes,0),1),"") | J46: =IF(D46="Yes",INDEX(N2O_data,MATCH(A46,N2O_codes,0),1),"") | L46: =IF(D46="Yes",1/INDEX(Crop_data,MATCH(A46,Crop_data_codes,0),6)*10000,"") | M46: =IF(D46="Yes",(INDEX(Crop_data,MATCH(A46,Crop_data_codes,0),7)+INDEX(Crop_data,MATCH(A46,Crop_data_codes,0),8))/INDEX(Crop_data,MATCH(A46,Crop_data_codes,0),6),"") | N46: =IF(D46="Yes",INDEX(Crop_data,MATCH(A46,Crop_data_codes,0),10)/INDEX(Crop_data,MATCH(A46,Crop_data_codes,0),6),"") | O46: =IF(D46="Yes",INDEX(Crop_data,MATCH(A46,Crop_data_codes,0),12)/INDEX(Crop_data,MATCH(A46,Crop_data_codes,0),6),"") | P46: =IF(D46="Yes",INDEX(Crop_data,MATCH(A46,Crop_data_codes,0),13)/INDEX(Crop_data,MATCH(A46,Crop_data_codes,0),6)*1000,"") | Q46: =IF(D46="Yes",SUM(INDEX(Crop_data,MATCH(A46,Crop_data_codes,0),21):INDEX(Crop_data,MATCH(A46,Crop_data_codes,0),22):INDEX(Crop_data,MATCH(A46,Crop_data_codes,0),23):INDEX(Crop_data,MATCH(A46,Crop_data_codes,0),24):INDEX(Crop_data,MATCH(A46,Crop_data_codes,0),25))*(1/INDEX(Crop_data,MATCH(A46,Crop_data_codes,0),6)*10000)/(No_species/1000000),"") | R46: =IF(D46="Yes",INDEX(Crop_data,MATCH(A46,Crop_data_codes,0),7)/INDEX(Crop_data,MATCH(A46,Crop_data_codes,0),6)*EF_NH3*N_to_NH3,"") | S46: =IF(D46="Yes",INDEX(Crop_data,MATCH(A46,Crop_data_codes,0),26)/INDEX(Crop_data,MATCH(A46,Crop_data_codes,0),6),"")
A47: 01330 | B47: =INDEX(Crop_data,MATCH(A47,Crop_data_codes,0),2) -> Grapes | C47: =INDEX(Crop_data,MATCH(A47,Crop_data_codes,0),3) -> Fruits | D47: =IF(INDEX(Crop_data,MATCH(A47,Crop_data_codes,0),6)>0,"Yes","No") -> Yes | F47: =IF(D47="Yes",INDEX(CO2e_data,MATCH(A47,CO2e_codes,0),1),"") -> 0.93325671 | G47: =IF(D47="Yes",INDEX(CO2_data,MATCH(A47,CO2_codes,0),1),"") -> 0.84756439 | H47: =IF(D47="Yes",INDEX(CH4_data,MATCH(A47,CH4_codes,0),1),"") -> 0.00049095831 | I47: =IF(D47="Yes",INDEX(CH4_bio_data,MATCH(A47,CH4_bio_codes,0),1),"") -> 0 | J47: =IF(D47="Yes",INDEX(N2O_data,MATCH(A47,N2O_codes,0),1),"") -> 0.00026029951 | L47: =IF(D47="Yes",1/INDEX(Crop_data,MATCH(A47,Crop_data_codes,0),6)*10000,"") -> 6.6181337 | M47: =IF(D47="Yes",(INDEX(Crop_data,MATCH(A47,Crop_data_codes,0),7)+INDEX(Crop_data,MATCH(A47,Crop_data_codes,0),8))/INDEX(Crop_data,MATCH(A47,Crop_data_codes,0),6),"") -> 0.0041368936 | N47: =IF(D47="Yes",INDEX(Crop_data,MATCH(A47,Crop_data_codes,0),10)/INDEX(Crop_data,MATCH(A47,Crop_data_codes,0),6),"") -> 0.0017550458 | O47: =IF(D47="Yes",INDEX(Crop_data,MATCH(A47,Crop_data_codes,0),12)/INDEX(Crop_data,MATCH(A47,Crop_data_codes,0),6),"") -> 0.084 | P47: =IF(D47="Yes",INDEX(Crop_data,MATCH(A47,Crop_data_codes,0),13)/INDEX(Crop_data,MATCH(A47,Crop_data_codes,0),6)*1000,"") -> 4.0304434 | Q47: =IF(D47="Yes",SUM(INDEX(Crop_data,MATCH(A47,Crop_data_codes,0),21):INDEX(Crop_data,MATCH(A47,Crop_data_codes,0),22):INDEX(Crop_data,MATCH(A47,Crop_data_codes,0),23):INDEX(Crop_data,MATCH(A47,Crop_data_codes,0),24):INDEX(Crop_data,MATCH(A47,Crop_data_codes,0),25))*(1/INDEX(Crop_data,MATCH(A47,Crop_data_codes,0),6)*10000)/(No_species/1000000),"") -> 5.3949806e-11 | R47: =IF(D47="Yes",INDEX(Crop_data,MATCH(A47,Crop_data_codes,0),7)/INDEX(Crop_data,MATCH(A47,Crop_data_codes,0),6)*EF_NH3*N_to_NH3,"") -> 0.0002515008 | S47: =IF(D47="Yes",INDEX(Crop_data,MATCH(A47,Crop_data_codes,0),26)/INDEX(Crop_data,MATCH(A47,Crop_data_codes,0),6),"") -> 0.22031767
A48: 01290.01 | B48: =INDEX(Crop_data,MATCH(A48,Crop_data_codes,0),2) -> Green corn (maize) | C48: =INDEX(Crop_data,MATCH(A48,Crop_data_codes,0),3) -> Vegetables | D48: =IF(INDEX(Crop_data,MATCH(A48,Crop_data_codes,0),6)>0,"Yes","No") -> No | F48: =IF(D48="Yes",INDEX(CO2e_data,MATCH(A48,CO2e_codes,0),1),"") | G48: =IF(D48="Yes",INDEX(CO2_data,MATCH(A48,CO2_codes,0),1),"") | H48: =IF(D48="Yes",INDEX(CH4_data,MATCH(A48,CH4_codes,0),1),"") | I48: =IF(D48="Yes",INDEX(CH4_bio_data,MATCH(A48,CH4_bio_codes,0),1),"") | J48: =IF(D48="Yes",INDEX(N2O_data,MATCH(A48,N2O_codes,0),1),"") | L48: =IF(D48="Yes",1/INDEX(Crop_data,MATCH(A48,Crop_data_codes,0),6)*10000,"") | M48: =IF(D48="Yes",(INDEX(Crop_data,MATCH(A48,Crop_data_codes,0),7)+INDEX(Crop_data,MATCH(A48,Crop_data_codes,0),8))/INDEX(Crop_data,MATCH(A48,Crop_data_codes,0),6),"") | N48: =IF(D48="Yes",INDEX(Crop_data,MATCH(A48,Crop_data_codes,0),10)/INDEX(Crop_data,MATCH(A48,Crop_data_codes,0),6),"") | O48: =IF(D48="Yes",INDEX(Crop_data,MATCH(A48,Crop_data_codes,0),12)/INDEX(Crop_data,MATCH(A48,Crop_data_codes,0),6),"") | P48: =IF(D48="Yes",INDEX(Crop_data,MATCH(A48,Crop_data_codes,0),13)/INDEX(Crop_data,MATCH(A48,Crop_data_codes,0),6)*1000,"") | Q48: =IF(D48="Yes",SUM(INDEX(Crop_data,MATCH(A48,Crop_data_codes,0),21):INDEX(Crop_data,MATCH(A48,Crop_data_codes,0),22):INDEX(Crop_data,MATCH(A48,Crop_data_codes,0),23):INDEX(Crop_data,MATCH(A48,Crop_data_codes,0),24):INDEX(Crop_data,MATCH(A48,Crop_data_codes,0),25))*(1/INDEX(Crop_data,MATCH(A48,Crop_data_codes,0),6)*10000)/(No_species/1000000),"") | R48: =IF(D48="Yes",INDEX(Crop_data,MATCH(A48,Crop_data_codes,0),7)/INDEX(Crop_data,MATCH(A48,Crop_data_codes,0),6)*EF_NH3*N_to_NH3,"") | S48: =IF(D48="Yes",INDEX(Crop_data,MATCH(A48,Crop_data_codes,0),26)/INDEX(Crop_data,MATCH(A48,Crop_data_codes,0),6),"")
A49: 01252 | B49: =INDEX(Crop_data,MATCH(A49,Crop_data_codes,0),2) -> Green garlic | C49: =INDEX(Crop_data,MATCH(A49,Crop_data_codes,0),3) -> Vegetables | D49: =IF(INDEX(Crop_data,MATCH(A49,Crop_data_codes,0),6)>0,"Yes","No") -> Yes | F49: =IF(D49="Yes",INDEX(CO2e_data,MATCH(A49,CO2e_codes,0),1),"") -> 0.19074325 | G49: =IF(D49="Yes",INDEX(CO2_data,MATCH(A49,CO2_codes,0),1),"") -> 0.14802042 | H49: =IF(D49="Yes",INDEX(CH4_data,MATCH(A49,CH4_codes,0),1),"") -> 0.00016765363 | I49: =IF(D49="Yes",INDEX(CH4_bio_data,MATCH(A49,CH4_bio_codes,0),1),"") -> 0 | J49: =IF(D49="Yes",INDEX(N2O_data,MATCH(A49,N2O_codes,0),1),"") -> 0.00013819321 | L49: =IF(D49="Yes",1/INDEX(Crop_data,MATCH(A49,Crop_data_codes,0),6)*10000,"") -> 2.7586207 | M49: =IF(D49="Yes",(INDEX(Crop_data,MATCH(A49,Crop_data_codes,0),7)+INDEX(Crop_data,MATCH(A49,Crop_data_codes,0),8))/INDEX(Crop_data,MATCH(A49,Crop_data_codes,0),6),"") -> 0.0031413613 | N49: =IF(D49="Yes",INDEX(Crop_data,MATCH(A49,Crop_data_codes,0),10)/INDEX(Crop_data,MATCH(A49,Crop_data_codes,0),6),"") -> 0.00095986038 | O49: =IF(D49="Yes",INDEX(Crop_data,MATCH(A49,Crop_data_codes,0),12)/INDEX(Crop_data,MATCH(A49,Crop_data_codes,0),6),"") -> 0.034 | P49: =IF(D49="Yes",INDEX(Crop_data,MATCH(A49,Crop_data_codes,0),13)/INDEX(Crop_data,MATCH(A49,Crop_data_codes,0),6)*1000,"") -> 0.45517241 | Q49: =IF(D49="Yes",SUM(INDEX(Crop_data,MATCH(A49,Crop_data_codes,0),21):INDEX(Crop_data,MATCH(A49,Crop_data_codes,0),22):INDEX(Crop_data,MATCH(A49,Crop_data_codes,0),23):INDEX(Crop_data,MATCH(A49,Crop_data_codes,0),24):INDEX(Crop_data,MATCH(A49,Crop_data_codes,0),25))*(1/INDEX(Crop_data,MATCH(A49,Crop_data_codes,0),6)*10000)/(No_species/1000000),"") -> 2.2487767e-11 | R49: =IF(D49="Yes",INDEX(Crop_data,MATCH(A49,Crop_data_codes,0),7)/INDEX(Crop_data,MATCH(A49,Crop_data_codes,0),6)*EF_NH3*N_to_NH3,"") -> 0.00019097781 | S49: =IF(D49="Yes",INDEX(Crop_data,MATCH(A49,Crop_data_codes,0),26)/INDEX(Crop_data,MATCH(A49,Crop_data_codes,0),6),"") -> 0.048634483
A50: 0142 | B50: =INDEX(Crop_data,MATCH(A50,Crop_data_codes,0),2) -> Groundnuts, excluding shelled | C50: =INDEX(Crop_data,MATCH(A50,Crop_data_codes,0),3) -> Nuts | D50: =IF(INDEX(Crop_data,MATCH(A50,Crop_data_codes,0),6)>0,"Yes","No") -> No | F50: =IF(D50="Yes",INDEX(CO2e_data,MATCH(A50,CO2e_codes,0),1),"") | G50: =IF(D50="Yes",INDEX(CO2_data,MATCH(A50,CO2_codes,0),1),"") | H50: =IF(D50="Yes",INDEX(CH4_data,MATCH(A50,CH4_codes,0),1),"") | I50: =IF(D50="Yes",INDEX(CH4_bio_data,MATCH(A50,CH4_bio_codes,0),1),"") | J50: =IF(D50="Yes",INDEX(N2O_data,MATCH(A50,N2O_codes,0),1),"") | L50: =IF(D50="Yes",1/INDEX(Crop_data,MATCH(A50,Crop_data_codes,0),6)*10000,"") | M50: =IF(D50="Yes",(INDEX(Crop_data,MATCH(A50,Crop_data_codes,0),7)+INDEX(Crop_data,MATCH(A50,Crop_data_codes,0),8))/INDEX(Crop_data,MATCH(A50,Crop_data_codes,0),6),"") | N50: =IF(D50="Yes",INDEX(Crop_data,MATCH(A50,Crop_data_codes,0),10)/INDEX(Crop_data,MATCH(A50,Crop_data_codes,0),6),"") | O50: =IF(D50="Yes",INDEX(Crop_data,MATCH(A50,Crop_data_codes,0),12)/INDEX(Crop_data,MATCH(A50,Crop_data_codes,0),6),"") | P50: =IF(D50="Yes",INDEX(Crop_data,MATCH(A50,Crop_data_codes,0),13)/INDEX(Crop_data,MATCH(A50,Crop_data_codes,0),6)*1000,"") | Q50: =IF(D50="Yes",SUM(INDEX(Crop_data,MATCH(A50,Crop_data_codes,0),21):INDEX(Crop_data,MATCH(A50,Crop_data_codes,0),22):INDEX(Crop_data,MATCH(A50,Crop_data_codes,0),23):INDEX(Crop_data,MATCH(A50,Crop_data_codes,0),24):INDEX(Crop_data,MATCH(A50,Crop_data_codes,0),25))*(1/INDEX(Crop_data,MATCH(A50,Crop_data_codes,0),6)*10000)/(No_species/1000000),"") | R50: =IF(D50="Yes",INDEX(Crop_data,MATCH(A50,Crop_data_codes,0),7)/INDEX(Crop_data,MATCH(A50,Crop_data_codes,0),6)*EF_NH3*N_to_NH3,"") | S50: =IF(D50="Yes",INDEX(Crop_data,MATCH(A50,Crop_data_codes,0),26)/INDEX(Crop_data,MATCH(A50,Crop_data_codes,0),6),"")
A51: 01374 | B51: =INDEX(Crop_data,MATCH(A51,Crop_data_codes,0),2) -> Hazelnuts, in shell | C51: =INDEX(Crop_data,MATCH(A51,Crop_data_codes,0),3) -> Nuts | D51: =IF(INDEX(Crop_data,MATCH(A51,Crop_data_codes,0),6)>0,"Yes","No") -> No | F51: =IF(D51="Yes",INDEX(CO2e_data,MATCH(A51,CO2e_codes,0),1),"") | G51: =IF(D51="Yes",INDEX(CO2_data,MATCH(A51,CO2_codes,0),1),"") | H51: =IF(D51="Yes",INDEX(CH4_data,MATCH(A51,CH4_codes,0),1),"") | I51: =IF(D51="Yes",INDEX(CH4_bio_data,MATCH(A51,CH4_bio_codes,0),1),"") | J51: =IF(D51="Yes",INDEX(N2O_data,MATCH(A51,N2O_codes,0),1),"") | L51: =IF(D51="Yes",1/INDEX(Crop_data,MATCH(A51,Crop_data_codes,0),6)*10000,"") | M51: =IF(D51="Yes",(INDEX(Crop_data,MATCH(A51,Crop_data_codes,0),7)+INDEX(Crop_data,MATCH(A51,Crop_data_codes,0),8))/INDEX(Crop_data,MATCH(A51,Crop_data_codes,0),6),"") | N51: =IF(D51="Yes",INDEX(Crop_data,MATCH(A51,Crop_data_codes,0),10)/INDEX(Crop_data,MATCH(A51,Crop_data_codes,0),6),"") | O51: =IF(D51="Yes",INDEX(Crop_data,MATCH(A51,Crop_data_codes,0),12)/INDEX(Crop_data,MATCH(A51,Crop_data_codes,0),6),"") | P51: =IF(D51="Yes",INDEX(Crop_data,MATCH(A51,Crop_data_codes,0),13)/INDEX(Crop_data,MATCH(A51,Crop_data_codes,0),6)*1000,"") | Q51: =IF(D51="Yes",SUM(INDEX(Crop_data,MATCH(A51,Crop_data_codes,0),21):INDEX(Crop_data,MATCH(A51,Crop_data_codes,0),22):INDEX(Crop_data,MATCH(A51,Crop_data_codes,0),23):INDEX(Crop_data,MATCH(A51,Crop_data_codes,0),24):INDEX(Crop_data,MATCH(A51,Crop_data_codes,0),25))*(1/INDEX(Crop_data,MATCH(A51,Crop_data_codes,0),6)*10000)/(No_species/1000000),"") | R51: =IF(D51="Yes",INDEX(Crop_data,MATCH(A51,Crop_data_codes,0),7)/INDEX(Crop_data,MATCH(A51,Crop_data_codes,0),6)*EF_NH3*N_to_NH3,"") | S51: =IF(D51="Yes",INDEX(Crop_data,MATCH(A51,Crop_data_codes,0),26)/INDEX(Crop_data,MATCH(A51,Crop_data_codes,0),6),"")
A52: 01352 | B52: =INDEX(Crop_data,MATCH(A52,Crop_data_codes,0),2) -> Kiwi fruit | C52: =INDEX(Crop_data,MATCH(A52,Crop_data_codes,0),3) -> Fruits | D52: =IF(INDEX(Crop_data,MATCH(A52,Crop_data_codes,0),6)>0,"Yes","No") -> No | F52: =IF(D52="Yes",INDEX(CO2e_data,MATCH(A52,CO2e_codes,0),1),"") | G52: =IF(D52="Yes",INDEX(CO2_data,MATCH(A52,CO2_codes,0),1),"") | H52: =IF(D52="Yes",INDEX(CH4_data,MATCH(A52,CH4_codes,0),1),"") | I52: =IF(D52="Yes",INDEX(CH4_bio_data,MATCH(A52,CH4_bio_codes,0),1),"") | J52: =IF(D52="Yes",INDEX(N2O_data,MATCH(A52,N2O_codes,0),1),"") | L52: =IF(D52="Yes",1/INDEX(Crop_data,MATCH(A52,Crop_data_codes,0),6)*10000,"") | M52: =IF(D52="Yes",(INDEX(Crop_data,MATCH(A52,Crop_data_codes,0),7)+INDEX(Crop_data,MATCH(A52,Crop_data_codes,0),8))/INDEX(Crop_data,MATCH(A52,Crop_data_codes,0),6),"") | N52: =IF(D52="Yes",INDEX(Crop_data,MATCH(A52,Crop_data_codes,0),10)/INDEX(Crop_data,MATCH(A52,Crop_data_codes,0),6),"") | O52: =IF(D52="Yes",INDEX(Crop_data,MATCH(A52,Crop_data_codes,0),12)/INDEX(Crop_data,MATCH(A52,Crop_data_codes,0),6),"") | P52: =IF(D52="Yes",INDEX(Crop_data,MATCH(A52,Crop_data_codes,0),13)/INDEX(Crop_data,MATCH(A52,Crop_data_codes,0),6)*1000,"") | Q52: =IF(D52="Yes",SUM(INDEX(Crop_data,MATCH(A52,Crop_data_codes,0),21):INDEX(Crop_data,MATCH(A52,Crop_data_codes,0),22):INDEX(Crop_data,MATCH(A52,Crop_data_codes,0),23):INDEX(Crop_data,MATCH(A52,Crop_data_codes,0),24):INDEX(Crop_data,MATCH(A52,Crop_data_codes,0),25))*(1/INDEX(Crop_data,MATCH(A52,Crop_data_codes,0),6)*10000)/(No_species/1000000),"") | R52: =IF(D52="Yes",INDEX(Crop_data,MATCH(A52,Crop_data_codes,0),7)/INDEX(Crop_data,MATCH(A52,Crop_data_codes,0),6)*EF_NH3*N_to_NH3,"") | S52: =IF(D52="Yes",INDEX(Crop_data,MATCH(A52,Crop_data_codes,0),26)/INDEX(Crop_data,MATCH(A52,Crop_data_codes,0),6),"")
... A93: 01353.01 | B93: =INDEX(Crop_data,MATCH(A93,Crop_data_codes,0),2) -> Raspberries | C93: =INDEX(Crop_data,MATCH(A93,Crop_data_codes,0),3) -> Berries | D93: =IF(INDEX(Crop_data,MATCH(A93,Crop_data_codes,0),6)>0,"Yes","No") -> Yes | F93: =IF(D93="Yes",INDEX(CO2e_data,MATCH(A93,CO2e_codes,0),1),"") -> 0.65909233 | G93: =IF(D93="Yes",INDEX(CO2_data,MATCH(A93,CO2_codes,0),1),"") -> 0.35512529 | H93: =IF(D93="Yes",INDEX(CH4_data,MATCH(A93,CH4_codes,0),1),"") -> 0.00034604341 | I93: =IF(D93="Yes",INDEX(CH4_bio_data,MATCH(A93,CH4_bio_codes,0),1),"") -> 0 | J93: =IF(D93="Yes",INDEX(N2O_data,MATCH(A93,N2O_codes,0),1),"") -> 0.0010756591 | L93: =IF(D93="Yes",1/INDEX(Crop_data,MATCH(A93,Crop_data_codes,0),6)*10000,"") -> 2.8394571 | M93: =IF(D93="Yes",(INDEX(Crop_data,MATCH(A93,Crop_data_codes,0),7)+INDEX(Crop_data,MATCH(A93,Crop_data_codes,0),8))/INDEX(Crop_data,MATCH(A93,Crop_data_codes,0),6),"") -> 0.028394571 | N93: =IF(D93="Yes",INDEX(Crop_data,MATCH(A93,Crop_data_codes,0),10)/INDEX(Crop_data,MATCH(A93,Crop_data_codes,0),6),"") -> 0.0035493214 | O93: =IF(D93="Yes",INDEX(Crop_data,MATCH(A93,Crop_data_codes,0),12)/INDEX(Crop_data,MATCH(A93,Crop_data_codes,0),6),"") -> 0.152 | P93: =IF(D93="Yes",INDEX(Crop_data,MATCH(A93,Crop_data_codes,0),13)/INDEX(Crop_data,MATCH(A93,Crop_data_codes,0),6)*1000,"") -> 0.63887785 | Q93: =IF(D93="Yes",SUM(INDEX(Crop_data,MATCH(A93,Crop_data_codes,0),21):INDEX(Crop_data,MATCH(A93,Crop_data_codes,0),22):INDEX(Crop_data,MATCH(A93,Crop_data_codes,0),23):INDEX(Crop_data,MATCH(A93,Crop_data_codes,0),24):INDEX(Crop_data,MATCH(A93,Crop_data_codes,0),25))*(1/INDEX(Crop_data,MATCH(A93,Crop_data_codes,0),6)*10000)/(No_species/1000000),"") -> 2.3146731e-11 | R93: =IF(D93="Yes",INDEX(Crop_data,MATCH(A93,Crop_data_codes,0),7)/INDEX(Crop_data,MATCH(A93,Crop_data_codes,0),6)*EF_NH3*N_to_NH3,"") -> 0.0017262367 | S93: =IF(D93="Yes",INDEX(Crop_data,MATCH(A93,Crop_data_codes,0),26)/INDEX(Crop_data,MATCH(A93,Crop_data_codes,0),6),"") -> 0.50003975
A94: 0113 | B94: =INDEX(Crop_data,MATCH(A94,Crop_data_codes,0),2) -> Rice | C94: =INDEX(Crop_data,MATCH(A94,Crop_data_codes,0),3) -> Cereals | D94: =IF(INDEX(Crop_data,MATCH(A94,Crop_data_codes,0),6)>0,"Yes","No") -> No | E94: 40 | F94: =IF(D94="Yes",INDEX(CO2e_data,MATCH(A94,CO2e_codes,0),1),"") | G94: =IF(D94="Yes",INDEX(CO2_data,MATCH(A94,CO2_codes,0),1),"") | H94: =IF(D94="Yes",INDEX(CH4_data,MATCH(A94,CH4_codes,0),1),"") | I94: =IF(D94="Yes",INDEX(CH4_bio_data,MATCH(A94,CH4_bio_codes,0),1),"") | J94: =IF(D94="Yes",INDEX(N2O_data,MATCH(A94,N2O_codes,0),1),"") | L94: =IF(D94="Yes",1/INDEX(Crop_data,MATCH(A94,Crop_data_codes,0),6)*10000,"") | M94: =IF(D94="Yes",(INDEX(Crop_data,MATCH(A94,Crop_data_codes,0),7)+INDEX(Crop_data,MATCH(A94,Crop_data_codes,0),8))/INDEX(Crop_data,MATCH(A94,Crop_data_codes,0),6),"") | N94: =IF(D94="Yes",INDEX(Crop_data,MATCH(A94,Crop_data_codes,0),10)/INDEX(Crop_data,MATCH(A94,Crop_data_codes,0),6),"") | O94: =IF(D94="Yes",INDEX(Crop_data,MATCH(A94,Crop_data_codes,0),12)/INDEX(Crop_data,MATCH(A94,Crop_data_codes,0),6),"") | P94: =IF(D94="Yes",INDEX(Crop_data,MATCH(A94,Crop_data_codes,0),13)/INDEX(Crop_data,MATCH(A94,Crop_data_codes,0),6)*1000,"") | Q94: =IF(D94="Yes",SUM(INDEX(Crop_data,MATCH(A94,Crop_data_codes,0),21):INDEX(Crop_data,MATCH(A94,Crop_data_codes,0),22):INDEX(Crop_data,MATCH(A94,Crop_data_codes,0),23):INDEX(Crop_data,MATCH(A94,Crop_data_codes,0),24):INDEX(Crop_data,MATCH(A94,Crop_data_codes,0),25))*(1/INDEX(Crop_data,MATCH(A94,Crop_data_codes,0),6)*10000)/(No_species/1000000),"") | R94: =IF(D94="Yes",INDEX(Crop_data,MATCH(A94,Crop_data_codes,0),7)/INDEX(Crop_data,MATCH(A94,Crop_data_codes,0),6)*EF_NH3*N_to_NH3,"") | S94: =IF(D94="Yes",INDEX(Crop_data,MATCH(A94,Crop_data_codes,0),26)/INDEX(Crop_data,MATCH(A94,Crop_data_codes,0),6),"")
A95: 0116 | B95: =INDEX(Crop_data,MATCH(A95,Crop_data_codes,0),2) -> Rye | C95: =INDEX(Crop_data,MATCH(A95,Crop_data_codes,0),3) -> Cereals, incl feed | D95: =IF(INDEX(Crop_data,MATCH(A95,Crop_data_codes,0),6)>0,"Yes","No") -> Yes | F95: =IF(D95="Yes",INDEX(CO2e_data,MATCH(A95,CO2e_codes,0),1),"") -> 0.3290882 | G95: =IF(D95="Yes",INDEX(CO2_data,MATCH(A95,CO2_codes,0),1),"") -> 0.14252482 | H95: =IF(D95="Yes",INDEX(CH4_data,MATCH(A95,CH4_codes,0),1),"") -> 0.00018598745 | I95: =IF(D95="Yes",INDEX(CH4_bio_data,MATCH(A95,CH4_bio_codes,0),1),"") -> 0 | J95: =IF(D95="Yes",INDEX(N2O_data,MATCH(A95,N2O_codes,0),1),"") -> 0.0006630804 | L95: =IF(D95="Yes",1/INDEX(Crop_data,MATCH(A95,Crop_data_codes,0),6)*10000,"") -> 1.6760975 | M95: =IF(D95="Yes",(INDEX(Crop_data,MATCH(A95,Crop_data_codes,0),7)+INDEX(Crop_data,MATCH(A95,Crop_data_codes,0),8))/INDEX(Crop_data,MATCH(A95,Crop_data_codes,0),6),"") -> 0.015923567 | N95: =IF(D95="Yes",INDEX(Crop_data,MATCH(A95,Crop_data_codes,0),10)/INDEX(Crop_data,MATCH(A95,Crop_data_codes,0),6),"") -> 0.0011733155 | O95: =IF(D95="Yes",INDEX(Crop_data,MATCH(A95,Crop_data_codes,0),12)/INDEX(Crop_data,MATCH(A95,Crop_data_codes,0),6),"") -> 0 | P95: =IF(D95="Yes",INDEX(Crop_data,MATCH(A95,Crop_data_codes,0),13)/INDEX(Crop_data,MATCH(A95,Crop_data_codes,0),6)*1000,"") -> 0.15755317 | Q95: =IF(D95="Yes",SUM(INDEX(Crop_data,MATCH(A95,Crop_data_codes,0),21):INDEX(Crop_data,MATCH(A95,Crop_data_codes,0),22):INDEX(Crop_data,MATCH(A95,Crop_data_codes,0),23):INDEX(Crop_data,MATCH(A95,Crop_data_codes,0),24):INDEX(Crop_data,MATCH(A95,Crop_data_codes,0),25))*(1/INDEX(Crop_data,MATCH(A95,Crop_data_codes,0),6)*10000)/(No_species/1000000),"") -> 1.3663238e-11 | R95: =IF(D95="Yes",INDEX(Crop_data,MATCH(A95,Crop_data_codes,0),7)/INDEX(Crop_data,MATCH(A95,Crop_data_codes,0),6)*EF_NH3*N_to_NH3,"") -> 0.00096806692 | S95: =IF(D95="Yes",INDEX(Crop_data,MATCH(A95,Crop_data_codes,0),26)/INDEX(Crop_data,MATCH(A95,Crop_data_codes,0),6),"") -> 0.002681756
A96: 0114 | B96: =INDEX(Crop_data,MATCH(A96,Crop_data_codes,0),2) -> Sorghum | C96: =INDEX(Crop_data,MATCH(A96,Crop_data_codes,0),3) -> Cereals | D96: =IF(INDEX(Crop_data,MATCH(A96,Crop_data_codes,0),6)>0,"Yes","No") -> No | F96: =IF(D96="Yes",INDEX(CO2e_data,MATCH(A96,CO2e_codes,0),1),"") | G96: =IF(D96="Yes",INDEX(CO2_data,MATCH(A96,CO2_codes,0),1),"") | H96: =IF(D96="Yes",INDEX(CH4_data,MATCH(A96,CH4_codes,0),1),"") | I96: =IF(D96="Yes",INDEX(CH4_bio_data,MATCH(A96,CH4_bio_codes,0),1),"") | J96: =IF(D96="Yes",INDEX(N2O_data,MATCH(A96,N2O_codes,0),1),"") | L96: =IF(D96="Yes",1/INDEX(Crop_data,MATCH(A96,Crop_data_codes,0),6)*10000,"") | M96: =IF(D96="Yes",(INDEX(Crop_data,MATCH(A96,Crop_data_codes,0),7)+INDEX(Crop_data,MATCH(A96,Crop_data_codes,0),8))/INDEX(Crop_data,MATCH(A96,Crop_data_codes,0),6),"") | N96: =IF(D96="Yes",INDEX(Crop_data,MATCH(A96,Crop_data_codes,0),10)/INDEX(Crop_data,MATCH(A96,Crop_data_codes,0),6),"") | O96: =IF(D96="Yes",INDEX(Crop_data,MATCH(A96,Crop_data_codes,0),12)/INDEX(Crop_data,MATCH(A96,Crop_data_codes,0),6),"") | P96: =IF(D96="Yes",INDEX(Crop_data,MATCH(A96,Crop_data_codes,0),13)/INDEX(Crop_data,MATCH(A96,Crop_data_codes,0),6)*1000,"") | Q96: =IF(D96="Yes",SUM(INDEX(Crop_data,MATCH(A96,Crop_data_codes,0),21):INDEX(Crop_data,MATCH(A96,Crop_data_codes,0),22):INDEX(Crop_data,MATCH(A96,Crop_data_codes,0),23):INDEX(Crop_data,MATCH(A96,Crop_data_codes,0),24):INDEX(Crop_data,MATCH(A96,Crop_data_codes,0),25))*(1/INDEX(Crop_data,MATCH(A96,Crop_data_codes,0),6)*10000)/(No_species/1000000),"") | R96: =IF(D96="Yes",INDEX(Crop_data,MATCH(A96,Crop_data_codes,0),7)/INDEX(Crop_data,MATCH(A96,Crop_data_codes,0),6)*EF_NH3*N_to_NH3,"") | S96: =IF(D96="Yes",INDEX(Crop_data,MATCH(A96,Crop_data_codes,0),26)/INDEX(Crop_data,MATCH(A96,Crop_data_codes,0),6),"")
A97: 01344.01 | B97: =INDEX(Crop_data,MATCH(A97,Crop_data_codes,0),2) -> Sour cherries | C97: =INDEX(Crop_data,MATCH(A97,Crop_data_codes,0),3) -> Fruits | D97: =IF(INDEX(Crop_data,MATCH(A97,Crop_data_codes,0),6)>0,"Yes","No") -> Yes | E97: 60 | F97: =IF(D97="Yes",INDEX(CO2e_data,MATCH(A97,CO2e_codes,0),1),"") -> 0.75862825 | G97: =IF(D97="Yes",INDEX(CO2_data,MATCH(A97,CO2_codes,0),1),"") -> 0.46074609 | H97: =IF(D97="Yes",INDEX(CH4_data,MATCH(A97,CH4_codes,0),1),"") -> 0.00039414167 | I97: =IF(D97="Yes",INDEX(CH4_bio_data,MATCH(A97,CH4_bio_codes,0),1),"") -> 0 | J97: =IF(D97="Yes",INDEX(N2O_data,MATCH(A97,N2O_codes,0),1),"") -> 0.0010481199 | L97: =IF(D97="Yes",1/INDEX(Crop_data,MATCH(A97,Crop_data_codes,0),6)*10000,"") -> 2.7497759 | M97: =IF(D97="Yes",(INDEX(Crop_data,MATCH(A97,Crop_data_codes,0),7)+INDEX(Crop_data,MATCH(A97,Crop_data_codes,0),8))/INDEX(Crop_data,MATCH(A97,Crop_data_codes,0),6),"") -> 0.027495188 | N97: =IF(D97="Yes",INDEX(Crop_data,MATCH(A97,Crop_data_codes,0),10)/INDEX(Crop_data,MATCH(A97,Crop_data_codes,0),6),"") -> 0.0035743745 | O97: =IF(D97="Yes",INDEX(Crop_data,MATCH(A97,Crop_data_codes,0),12)/INDEX(Crop_data,MATCH(A97,Crop_data_codes,0),6),"") -> 0.152 | P97: =IF(D97="Yes",INDEX(Crop_data,MATCH(A97,Crop_data_codes,0),13)/INDEX(Crop_data,MATCH(A97,Crop_data_codes,0),6)*1000,"") -> 1.6746135 | Q97: =IF(D97="Yes",SUM(INDEX(Crop_data,MATCH(A97,Crop_data_codes,0),21):INDEX(Crop_data,MATCH(A97,Crop_data_codes,0),22):INDEX(Crop_data,MATCH(A97,Crop_data_codes,0),23):INDEX(Crop_data,MATCH(A97,Crop_data_codes,0),24):INDEX(Crop_data,MATCH(A97,Crop_data_codes,0),25))*(1/INDEX(Crop_data,MATCH(A97,Crop_data_codes,0),6)*10000)/(No_species/1000000),"") -> 2.2415666e-11 | R97: =IF(D97="Yes",INDEX(Crop_data,MATCH(A97,Crop_data_codes,0),7)/INDEX(Crop_data,MATCH(A97,Crop_data_codes,0),6)*EF_NH3*N_to_NH3,"") -> 0.0016715591 | S97: =IF(D97="Yes",INDEX(Crop_data,MATCH(A97,Crop_data_codes,0),26)/INDEX(Crop_data,MATCH(A97,Crop_data_codes,0),6),"") -> 0.091666529
A98: 0141 | B98: =INDEX(Crop_data,MATCH(A98,Crop_data_codes,0),2) -> Soya beans | C98: =INDEX(Crop_data,MATCH(A98,Crop_data_codes,0),3) -> Pulses | D98: =IF(INDEX(Crop_data,MATCH(A98,Crop_data_codes,0),6)>0,"Yes","No") -> No | F98: =IF(D98="Yes",INDEX(CO2e_data,MATCH(A98,CO2e_codes,0),1),"") | G98: =IF(D98="Yes",INDEX(CO2_data,MATCH(A98,CO2_codes,0),1),"") | H98: =IF(D98="Yes",INDEX(CH4_data,MATCH(A98,CH4_codes,0),1),"") | I98: =IF(D98="Yes",INDEX(CH4_bio_data,MATCH(A98,CH4_bio_codes,0),1),"") | J98: =IF(D98="Yes",INDEX(N2O_data,MATCH(A98,N2O_codes,0),1),"") | L98: =IF(D98="Yes",1/INDEX(Crop_data,MATCH(A98,Crop_data_codes,0),6)*10000,"") | M98: =IF(D98="Yes",(INDEX(Crop_data,MATCH(A98,Crop_data_codes,0),7)+INDEX(Crop_data,MATCH(A98,Crop_data_codes,0),8))/INDEX(Crop_data,MATCH(A98,Crop_data_codes,0),6),"") | N98: =IF(D98="Yes",INDEX(Crop_data,MATCH(A98,Crop_data_codes,0),10)/INDEX(Crop_data,MATCH(A98,Crop_data_codes,0),6),"") | O98: =IF(D98="Yes",INDEX(Crop_data,MATCH(A98,Crop_data_codes,0),12)/INDEX(Crop_data,MATCH(A98,Crop_data_codes,0),6),"") | P98: =IF(D98="Yes",INDEX(Crop_data,MATCH(A98,Crop_data_codes,0),13)/INDEX(Crop_data,MATCH(A98,Crop_data_codes,0),6)*1000,"") | Q98: =IF(D98="Yes",SUM(INDEX(Crop_data,MATCH(A98,Crop_data_codes,0),21):INDEX(Crop_data,MATCH(A98,Crop_data_codes,0),22):INDEX(Crop_data,MATCH(A98,Crop_data_codes,0),23):INDEX(Crop_data,MATCH(A98,Crop_data_codes,0),24):INDEX(Crop_data,MATCH(A98,Crop_data_codes,0),25))*(1/INDEX(Crop_data,MATCH(A98,Crop_data_codes,0),6)*10000)/(No_species/1000000),"") | R98: =IF(D98="Yes",INDEX(Crop_data,MATCH(A98,Crop_data_codes,0),7)/INDEX(Crop_data,MATCH(A98,Crop_data_codes,0),6)*EF_NH3*N_to_NH3,"") | S98: =IF(D98="Yes",INDEX(Crop_data,MATCH(A98,Crop_data_codes,0),26)/INDEX(Crop_data,MATCH(A98,Crop_data_codes,0),6),"")
A99: 01215 | B99: =INDEX(Crop_data,MATCH(A99,Crop_data_codes,0),2) -> Spinach | C99: =INDEX(Crop_data,MATCH(A99,Crop_data_codes,0),3) -> Vegetables | D99: =IF(INDEX(Crop_data,MATCH(A99,Crop_data_codes,0),6)>0,"Yes","No") -> Yes | F99: =IF(D99="Yes",INDEX(CO2e_data,MATCH(A99,CO2e_codes,0),1),"") -> 0.3325978 | G99: =IF(D99="Yes",INDEX(CO2_data,MATCH(A99,CO2_codes,0),1),"") -> 0.18040343 | H99: =IF(D99="Yes",INDEX(CH4_data,MATCH(A99,CH4_codes,0),1),"") -> 0.00020644266 | I99: =IF(D99="Yes",INDEX(CH4_bio_data,MATCH(A99,CH4_bio_codes,0),1),"") -> 0 | J99: =IF(D99="Yes",INDEX(N2O_data,MATCH(A99,N2O_codes,0),1),"") -> 0.00053495379 | L99: =IF(D99="Yes",1/INDEX(Crop_data,MATCH(A99,Crop_data_codes,0),6)*10000,"") -> 2.8225784 | M99: =IF(D99="Yes",(INDEX(Crop_data,MATCH(A99,Crop_data_codes,0),7)+INDEX(Crop_data,MATCH(A99,Crop_data_codes,0),8))/INDEX(Crop_data,MATCH(A99,Crop_data_codes,0),6),"") -> 0.012701101 | N99: =IF(D99="Yes",INDEX(Crop_data,MATCH(A99,Crop_data_codes,0),10)/INDEX(Crop_data,MATCH(A99,Crop_data_codes,0),6),"") -> 0.0025402202 | O99: =IF(D99="Yes",INDEX(Crop_data,MATCH(A99,Crop_data_codes,0),12)/INDEX(Crop_data,MATCH(A99,Crop_data_codes,0),6),"") -> 0.034 | P99: =IF(D99="Yes",INDEX(Crop_data,MATCH(A99,Crop_data_codes,0),13)/INDEX(Crop_data,MATCH(A99,Crop_data_codes,0),6)*1000,"") -> 0.46572543 | Q99: =IF(D99="Yes",SUM(INDEX(Crop_data,MATCH(A99,Crop_data_codes,0),21):INDEX(Crop_data,MATCH(A99,Crop_data_codes,0),22):INDEX(Crop_data,MATCH(A99,Crop_data_codes,0),23):INDEX(Crop_data,MATCH(A99,Crop_data_codes,0),24):INDEX(Crop_data,MATCH(A99,Crop_data_codes,0),25))*(1/INDEX(Crop_data,MATCH(A99,Crop_data_codes,0),6)*10000)/(No_species/1000000),"") -> 2.3009138e-11 | R99: =IF(D99="Yes",INDEX(Crop_data,MATCH(A99,Crop_data_codes,0),7)/INDEX(Crop_data,MATCH(A99,Crop_data_codes,0),6)*EF_NH3*N_to_NH3,"") -> 0.00077215837 | S99: =IF(D99="Yes",INDEX(Crop_data,MATCH(A99,Crop_data_codes,0),26)/INDEX(Crop_data,MATCH(A99,Crop_data_codes,0),6),"") -> 0.0065963656
A100: 01354 | B100: =INDEX(Crop_data,MATCH(A100,Crop_data_codes,0),2) -> Strawberries | C100: =INDEX(Crop_data,MATCH(A100,Crop_data_codes,0),3) -> Fruits | D100: =IF(INDEX(Crop_data,MATCH(A100,Crop_data_codes,0),6)>0,"Yes","No") -> Yes | E100: 95 | F100: =IF(D100="Yes",INDEX(CO2e_data,MATCH(A100,CO2e_codes,0),1),"") -> 0.22927085 | G100: =IF(D100="Yes",INDEX(CO2_data,MATCH(A100,CO2_codes,0),1),"") -> 0.15729291 | H100: =IF(D100="Yes",INDEX(CH4_data,MATCH(A100,CH4_codes,0),1),"") -> 0.0001999945 | I100: =IF(D100="Yes",INDEX(CH4_bio_data,MATCH(A100,CH4_bio_codes,0),1),"") -> 0 | J100: =IF(D100="Yes",INDEX(N2O_data,MATCH(A100,N2O_codes,0),1),"") -> 0.00024182455 | L100: =IF(D100="Yes",1/INDEX(Crop_data,MATCH(A100,Crop_data_codes,0),6)*10000,"") -> 1.2536293 | M100: =IF(D100="Yes",(INDEX(Crop_data,MATCH(A100,Crop_data_codes,0),7)+INDEX(Crop_data,MATCH(A100,Crop_data_codes,0),8))/INDEX(Crop_data,MATCH(A100,Crop_data_codes,0),6),"") -> 0.0041368936 | N100: =IF(D100="Yes",INDEX(Crop_data,MATCH(A100,Crop_data_codes,0),10)/INDEX(Crop_data,MATCH(A100,Crop_data_codes,0),6),"") -> 0.0017550458 | O100: =IF(D100="Yes",INDEX(Crop_data,MATCH(A100,Crop_data_codes,0),12)/INDEX(Crop_data,MATCH(A100,Crop_data_codes,0),6),"") -> 0.152 | P100: =IF(D100="Yes",INDEX(Crop_data,MATCH(A100,Crop_data_codes,0),13)/INDEX(Crop_data,MATCH(A100,Crop_data_codes,0),6)*1000,"") -> 0.28206658 | Q100: =IF(D100="Yes",SUM(INDEX(Crop_data,MATCH(A100,Crop_data_codes,0),21):INDEX(Crop_data,MATCH(A100,Crop_data_codes,0),22):INDEX(Crop_data,MATCH(A100,Crop_data_codes,0),23):INDEX(Crop_data,MATCH(A100,Crop_data_codes,0),24):INDEX(Crop_data,MATCH(A100,Crop_data_codes,0),25))*(1/INDEX(Crop_data,MATCH(A100,Crop_data_codes,0),6)*10000)/(No_species/1000000),"") -> 1.0219355e-11 | R100: =IF(D100="Yes",INDEX(Crop_data,MATCH(A100,Crop_data_codes,0),7)/INDEX(Crop_data,MATCH(A100,Crop_data_codes,0),6)*EF_NH3*N_to_NH3,"") -> 0.0002515008 | S100: =IF(D100="Yes",INDEX(Crop_data,MATCH(A100,Crop_data_codes,0),26)/INDEX(Crop_data,MATCH(A100,Crop_data_codes,0),6),"") -> 0.10123432
A101: 01801 | B101: =INDEX(Crop_data,MATCH(A101,Crop_data_codes,0),2) -> Sugar beet | C101: =INDEX(Crop_data,MATCH(A101,Crop_data_codes,0),3) -> Sugar crops | D101: =IF(INDEX(Crop_data,MATCH(A101,Crop_data_codes,0),6)>0,"Yes","No") -> Yes | E101: 5 | F101: =IF(D101="Yes",INDEX(CO2e_data,MATCH(A101,CO2e_codes,0),1),"") -> 0.068428231 | G101: =IF(D101="Yes",INDEX(CO2_data,MATCH(A101,CO2_codes,0),1),"") -> 0.042786894 | H101: =IF(D101="Yes",INDEX(CH4_data,MATCH(A101,CH4_codes,0),1),"") -> 0.00011028673 | I101: =IF(D101="Yes",INDEX(CH4_bio_data,MATCH(A101,CH4_bio_codes,0),1),"") -> 0 | J101: =IF(D101="Yes",INDEX(N2O_data,MATCH(A101,N2O_codes,0),1),"") -> 8.1885688e-05 | L101: =IF(D101="Yes",1/INDEX(Crop_data,MATCH(A101,Crop_data_codes,0),6)*10000,"") -> 0.15006502 | M101: =IF(D101="Yes",(INDEX(Crop_data,MATCH(A101,Crop_data_codes,0),7)+INDEX(Crop_data,MATCH(A101,Crop_data_codes,0),8))/INDEX(Crop_data,MATCH(A101,Crop_data_codes,0),6),"") -> 0.0015756775 | N101: =IF(D101="Yes",INDEX(Crop_data,MATCH(A101,Crop_data_codes,0),10)/INDEX(Crop_data,MATCH(A101,Crop_data_codes,0),6),"") -> 0.00036015487 | O101: =IF(D101="Yes",INDEX(Crop_data,MATCH(A101,Crop_data_codes,0),12)/INDEX(Crop_data,MATCH(A101,Crop_data_codes,0),6),"") -> 0.0029999994 | P101: =IF(D101="Yes",INDEX(Crop_data,MATCH(A101,Crop_data_codes,0),13)/INDEX(Crop_data,MATCH(A101,Crop_data_codes,0),6)*1000,"") -> 0.035715476 | Q101: =IF(D101="Yes",SUM(INDEX(Crop_data,MATCH(A101,Crop_data_codes,0),21):INDEX(Crop_data,MATCH(A101,Crop_data_codes,0),22):INDEX(Crop_data,MATCH(A101,Crop_data_codes,0),23):INDEX(Crop_data,MATCH(A101,Crop_data_codes,0),24):INDEX(Crop_data,MATCH(A101,Crop_data_codes,0),25))*(1/INDEX(Crop_data,MATCH(A101,Crop_data_codes,0),6)*10000)/(No_species/1000000),"") -> 1.2233024e-12 | R101: =IF(D101="Yes",INDEX(Crop_data,MATCH(A101,Crop_data_codes,0),7)/INDEX(Crop_data,MATCH(A101,Crop_data_codes,0),6)*EF_NH3*N_to_NH3,"") -> 9.579269e-05 | S101: =IF(D101="Yes",INDEX(Crop_data,MATCH(A101,Crop_data_codes,0),26)/INDEX(Crop_data,MATCH(A101,Crop_data_codes,0),6),"") -> 0.00044854435
A102: 01802 | B102: =INDEX(Crop_data,MATCH(A102,Crop_data_codes,0),2) -> Sugar cane | C102: =INDEX(Crop_data,MATCH(A102,Crop_data_codes,0),3) -> Sugar crops | D102: =IF(INDEX(Crop_data,MATCH(A102,Crop_data_codes,0),6)>0,"Yes","No") -> No | F102: =IF(D102="Yes",INDEX(CO2e_data,MATCH(A102,CO2e_codes,0),1),"") | G102: =IF(D102="Yes",INDEX(CO2_data,MATCH(A102,CO2_codes,0),1),"") | H102: =IF(D102="Yes",INDEX(CH4_data,MATCH(A102,CH4_codes,0),1),"") | I102: =IF(D102="Yes",INDEX(CH4_bio_data,MATCH(A102,CH4_bio_codes,0),1),"") | J102: =IF(D102="Yes",INDEX(N2O_data,MATCH(A102,N2O_codes,0),1),"") | L102: =IF(D102="Yes",1/INDEX(Crop_data,MATCH(A102,Crop_data_codes,0),6)*10000,"") | M102: =IF(D102="Yes",(INDEX(Crop_data,MATCH(A102,Crop_data_codes,0),7)+INDEX(Crop_data,MATCH(A102,Crop_data_codes,0),8))/INDEX(Crop_data,MATCH(A102,Crop_data_codes,0),6),"") | N102: =IF(D102="Yes",INDEX(Crop_data,MATCH(A102,Crop_data_codes,0),10)/INDEX(Crop_data,MATCH(A102,Crop_data_codes,0),6),"") | O102: =IF(D102="Yes",INDEX(Crop_data,MATCH(A102,Crop_data_codes,0),12)/INDEX(Crop_data,MATCH(A102,Crop_data_codes,0),6),"") | P102: =IF(D102="Yes",INDEX(Crop_data,MATCH(A102,Crop_data_codes,0),13)/INDEX(Crop_data,MATCH(A102,Crop_data_codes,0),6)*1000,"") | Q102: =IF(D102="Yes",SUM(INDEX(Crop_data,MATCH(A102,Crop_data_codes,0),21):INDEX(Crop_data,MATCH(A102,Crop_data_codes,0),22):INDEX(Crop_data,MATCH(A102,Crop_data_codes,0),23):INDEX(Crop_data,MATCH(A102,Crop_data_codes,0),24):INDEX(Crop_data,MATCH(A102,Crop_data_codes,0),25))*(1/INDEX(Crop_data,MATCH(A102,Crop_data_codes,0),6)*10000)/(No_species/1000000),"") | R102: =IF(D102="Yes",INDEX(Crop_data,MATCH(A102,Crop_data_codes,0),7)/INDEX(Crop_data,MATCH(A102,Crop_data_codes,0),6)*EF_NH3*N_to_NH3,"") | S102: =IF(D102="Yes",INDEX(Crop_data,MATCH(A102,Crop_data_codes,0),26)/INDEX(Crop_data,MATCH(A102,Crop_data_codes,0),6),"")
A103: 01445 | B103: =INDEX(Crop_data,MATCH(A103,Crop_data_codes,0),2) -> Sunflower seed | C103: =INDEX(Crop_data,MATCH(A103,Crop_data_codes,0),3) -> Oil crops | D103: =IF(INDEX(Crop_data,MATCH(A103,Crop_data_codes,0),6)>0,"Yes","No") -> No | F103: =IF(D103="Yes",INDEX(CO2e_data,MATCH(A103,CO2e_codes,0),1),"") | G103: =IF(D103="Yes",INDEX(CO2_data,MATCH(A103,CO2_codes,0),1),"") | H103: =IF(D103="Yes",INDEX(CH4_data,MATCH(A103,CH4_codes,0),1),"") | I103: =IF(D103="Yes",INDEX(CH4_bio_data,MATCH(A103,CH4_bio_codes,0),1),"") | J103: =IF(D103="Yes",INDEX(N2O_data,MATCH(A103,N2O_codes,0),1),"") | L103: =IF(D103="Yes",1/INDEX(Crop_data,MATCH(A103,Crop_data_codes,0),6)*10000,"") | M103: =IF(D103="Yes",(INDEX(Crop_data,MATCH(A103,Crop_data_codes,0),7)+INDEX(Crop_data,MATCH(A103,Crop_data_codes,0),8))/INDEX(Crop_data,MATCH(A103,Crop_data_codes,0),6),"") | N103: =IF(D103="Yes",INDEX(Crop_data,MATCH(A103,Crop_data_codes,0),10)/INDEX(Crop_data,MATCH(A103,Crop_data_codes,0),6),"") | O103: =IF(D103="Yes",INDEX(Crop_data,MATCH(A103,Crop_data_codes,0),12)/INDEX(Crop_data,MATCH(A103,Crop_data_codes,0),6),"") | P103: =IF(D103="Yes",INDEX(Crop_data,MATCH(A103,Crop_data_codes,0),13)/INDEX(Crop_data,MATCH(A103,Crop_data_codes,0),6)*1000,"") | Q103: =IF(D103="Yes",SUM(INDEX(Crop_data,MATCH(A103,Crop_data_codes,0),21):INDEX(Crop_data,MATCH(A103,Crop_data_codes,0),22):INDEX(Crop_data,MATCH(A103,Crop_data_codes,0),23):INDEX(Crop_data,MATCH(A103,Crop_data_codes,0),24):INDEX(Crop_data,MATCH(A103,Crop_data_codes,0),25))*(1/INDEX(Crop_data,MATCH(A103,Crop_data_codes,0),6)*10000)/(No_species/1000000),"") | R103: =IF(D103="Yes",INDEX(Crop_data,MATCH(A103,Crop_data_codes,0),7)/INDEX(Crop_data,MATCH(A103,Crop_data_codes,0),6)*EF_NH3*N_to_NH3,"") | S103: =IF(D103="Yes",INDEX(Crop_data,MATCH(A103,Crop_data_codes,0),26)/INDEX(Crop_data,MATCH(A103,Crop_data_codes,0),6),"")
A104: 01530 | B104: =INDEX(Crop_data,MATCH(A104,Crop_data_codes,0),2) -> Sweet potatoes | C104: =INDEX(Crop_data,MATCH(A104,Crop_data_codes,0),3) -> Roots | D104: =IF(INDEX(Crop_data,MATCH(A104,Crop_data_codes,0),6)>0,"Yes","No") -> No | F104: =IF(D104="Yes",INDEX(CO2e_data,MATCH(A104,CO2e_codes,0),1),"") | G104: =IF(D104="Yes",INDEX(CO2_data,MATCH(A104,CO2_codes,0),1),"") | H104: =IF(D104="Yes",INDEX(CH4_data,MATCH(A104,CH4_codes,0),1),"") | I104: =IF(D104="Yes",INDEX(CH4_bio_data,MATCH(A104,CH4_bio_codes,0),1),"") | J104: =IF(D104="Yes",INDEX(N2O_data,MATCH(A104,N2O_codes,0),1),"") | L104: =IF(D104="Yes",1/INDEX(Crop_data,MATCH(A104,Crop_data_codes,0),6)*10000,"") | M104: =IF(D104="Yes",(INDEX(Crop_data,MATCH(A104,Crop_data_codes,0),7)+INDEX(Crop_data,MATCH(A104,Crop_data_codes,0),8))/INDEX(Crop_data,MATCH(A104,Crop_data_codes,0),6),"") | N104: =IF(D104="Yes",INDEX(Crop_data,MATCH(A104,Crop_data_codes,0),10)/INDEX(Crop_data,MATCH(A104,Crop_data_codes,0),6),"") | O104: =IF(D104="Yes",INDEX(Crop_data,MATCH(A104,Crop_data_codes,0),12)/INDEX(Crop_data,MATCH(A104,Crop_data_codes,0),6),"") | P104: =IF(D104="Yes",INDEX(Crop_data,MATCH(A104,Crop_data_codes,0),13)/INDEX(Crop_data,MATCH(A104,Crop_data_codes,0),6)*1000,"") | Q104: =IF(D104="Yes",SUM(INDEX(Crop_data,MATCH(A104,Crop_data_codes,0),21):INDEX(Crop_data,MATCH(A104,Crop_data_codes,0),22):INDEX(Crop_data,MATCH(A104,Crop_data_codes,0),23):INDEX(Crop_data,MATCH(A104,Crop_data_codes,0),24):INDEX(Crop_data,MATCH(A104,Crop_data_codes,0),25))*(1/INDEX(Crop_data,MATCH(A104,Crop_data_codes,0),6)*10000)/(No_species/1000000),"") | R104: =IF(D104="Yes",INDEX(Crop_data,MATCH(A104,Crop_data_codes,0),7)/INDEX(Crop_data,MATCH(A104,Crop_data_codes,0),6)*EF_NH3*N_to_NH3,"") | S104: =IF(D104="Yes",INDEX(Crop_data,MATCH(A104,Crop_data_codes,0),26)/INDEX(Crop_data,MATCH(A104,Crop_data_codes,0),6),"")
A105: 01324 | B105: =INDEX(Crop_data,MATCH(A105,Crop_data_codes,0),2) -> Tangerines, mandarins, clementines | C105: =INDEX(Crop_data,MATCH(A105,Crop_data_codes,0),3) -> Fruits | D105: =IF(INDEX(Crop_data,MATCH(A105,Crop_data_codes,0),6)>0,"Yes","No") -> No | F105: =IF(D105="Yes",INDEX(CO2e_data,MATCH(A105,CO2e_codes,0),1),"") | G105: =IF(D105="Yes",INDEX(CO2_data,MATCH(A105,CO2_codes,0),1),"") | H105: =IF(D105="Yes",INDEX(CH4_data,MATCH(A105,CH4_codes,0),1),"") | I105: =IF(D105="Yes",INDEX(CH4_bio_data,MATCH(A105,CH4_bio_codes,0),1),"") | J105: =IF(D105="Yes",INDEX(N2O_data,MATCH(A105,N2O_codes,0),1),"") | L105: =IF(D105="Yes",1/INDEX(Crop_data,MATCH(A105,Crop_data_codes,0),6)*10000,"") | M105: =IF(D105="Yes",(INDEX(Crop_data,MATCH(A105,Crop_data_codes,0),7)+INDEX(Crop_data,MATCH(A105,Crop_data_codes,0),8))/INDEX(Crop_data,MATCH(A105,Crop_data_codes,0),6),"") | N105: =IF(D105="Yes",INDEX(Crop_data,MATCH(A105,Crop_data_codes,0),10)/INDEX(Crop_data,MATCH(A105,Crop_data_codes,0),6),"") | O105: =IF(D105="Yes",INDEX(Crop_data,MATCH(A105,Crop_data_codes,0),12)/INDEX(Crop_data,MATCH(A105,Crop_data_codes,0),6),"") | P105: =IF(D105="Yes",INDEX(Crop_data,MATCH(A105,Crop_data_codes,0),13)/INDEX(Crop_data,MATCH(A105,Crop_data_codes,0),6)*1000,"") | Q105: =IF(D105="Yes",SUM(INDEX(Crop_data,MATCH(A105,Crop_data_codes,0),21):INDEX(Crop_data,MATCH(A105,Crop_data_codes,0),22):INDEX(Crop_data,MATCH(A105,Crop_data_codes,0),23):INDEX(Crop_data,MATCH(A105,Crop_data_codes,0),24):INDEX(Crop_data,MATCH(A105,Crop_data_codes,0),25))*(1/INDEX(Crop_data,MATCH(A105,Crop_data_codes,0),6)*10000)/(No_species/1000000),"") | R105: =IF(D105="Yes",INDEX(Crop_data,MATCH(A105,Crop_data_codes,0),7)/INDEX(Crop_data,MATCH(A105,Crop_data_codes,0),6)*EF_NH3*N_to_NH3,"") | S105: =IF(D105="Yes",INDEX(Crop_data,MATCH(A105,Crop_data_codes,0),26)/INDEX(Crop_data,MATCH(A105,Crop_data_codes,0),6),"")
A106: 01234 | B106: =INDEX(Crop_data,MATCH(A106,Crop_data_codes,0),2) -> Tomatoes, average | C106: =INDEX(Crop_data,MATCH(A106,Crop_data_codes,0),3) -> Vegetables | D106: =IF(INDEX(Crop_data,MATCH(A106,Crop_data_codes,0),6)>0,"Yes","No") -> Yes | F106: =IF(D106="Yes",INDEX(CO2e_data,MATCH(A106,CO2e_codes,0),1),"") -> 0.2849484 | G106: =IF(D106="Yes",INDEX(CO2_data,MATCH(A106,CO2_codes,0),1),"") -> 0.24453232 | H106: =IF(D106="Yes",INDEX(CH4_data,MATCH(A106,CH4_codes,0),1),"") -> 0.00025994802 | I106: =IF(D106="Yes",INDEX(CH4_bio_data,MATCH(A106,CH4_bio_codes,0),1),"") -> 0 | J106: =IF(D106="Yes",INDEX(N2O_data,MATCH(A106,N2O_codes,0),1),"") -> 0.00011966896 | L106: =IF(D106="Yes",1/INDEX(Crop_data,MATCH(A106,Crop_data_codes,0),6)*10000,"") -> 0.022820786 | M106: =IF(D106="Yes",(INDEX(Crop_data,MATCH(A106,Crop_data_codes,0),7)+INDEX(Crop_data,MATCH(A106,Crop_data_codes,0),8))/INDEX(Crop_data,MATCH(A106,Crop_data_codes,0),6),"") -> 0.0026951348 | N106: =IF(D106="Yes",INDEX(Crop_data,MATCH(A106,Crop_data_codes,0),10)/INDEX(Crop_data,MATCH(A106,Crop_data_codes,0),6),"") -> 0.00074517014 | O106: =IF(D106="Yes",INDEX(Crop_data,MATCH(A106,Crop_data_codes,0),12)/INDEX(Crop_data,MATCH(A106,Crop_data_codes,0),6),"") -> 0.004 | P106: =IF(D106="Yes",INDEX(Crop_data,MATCH(A106,Crop_data_codes,0),13)/INDEX(Crop_data,MATCH(A106,Crop_data_codes,0),6)*1000,"") -> 0.0037654297 | Q106: =IF(D106="Yes",SUM(INDEX(Crop_data,MATCH(A106,Crop_data_codes,0),21):INDEX(Crop_data,MATCH(A106,Crop_data_codes,0),22):INDEX(Crop_data,MATCH(A106,Crop_data_codes,0),23):INDEX(Crop_data,MATCH(A106,Crop_data_codes,0),24):INDEX(Crop_data,MATCH(A106,Crop_data_codes,0),25))*(1/INDEX(Crop_data,MATCH(A106,Crop_data_codes,0),6)*10000)/(No_species/1000000),"") -> 2.2815338e-13 | R106: =IF(D106="Yes",INDEX(Crop_data,MATCH(A106,Crop_data_codes,0),7)/INDEX(Crop_data,MATCH(A106,Crop_data_codes,0),6)*EF_NH3*N_to_NH3,"") -> 0.00016384965 | S106: =IF(D106="Yes",INDEX(Crop_data,MATCH(A106,Crop_data_codes,0),26)/INDEX(Crop_data,MATCH(A106,Crop_data_codes,0),6),"") -> 0.0018428469
A107: 01234_gh | B107: =INDEX(Crop_data,MATCH(A107,Crop_data_codes,0),2) -> Tomatoes, greenhouse | C107: =INDEX(Crop_data,MATCH(A107,Crop_data_codes,0),3) -> Vegetables | D107: =IF(INDEX(Crop_data,MATCH(A107,Crop_data_codes,0),6)>0,"Yes","No") -> Yes | F107: =IF(D107="Yes",INDEX(CO2e_data,MATCH(A107,CO2e_codes,0),1),"") -> 0.2849484 | G107: =IF(D107="Yes",INDEX(CO2_data,MATCH(A107,CO2_codes,0),1),"") -> 0.24453232 | H107: =IF(D107="Yes",INDEX(CH4_data,MATCH(A107,CH4_codes,0),1),"") -> 0.00025994802 | I107: =IF(D107="Yes",INDEX(CH4_bio_data,MATCH(A107,CH4_bio_codes,0),1),"") -> 0 | J107: =IF(D107="Yes",INDEX(N2O_data,MATCH(A107,N2O_codes,0),1),"") -> 0.00011966896 | L107: =IF(D107="Yes",1/INDEX(Crop_data,MATCH(A107,Crop_data_codes,0),6)*10000,"") -> 0.022820786 | M107: =IF(D107="Yes",(INDEX(Crop_data,MATCH(A107,Crop_data_codes,0),7)+INDEX(Crop_data,MATCH(A107,Crop_data_codes,0),8))/INDEX(Crop_data,MATCH(A107,Crop_data_codes,0),6),"") -> 0.0026951348 | N107: =IF(D107="Yes",INDEX(Crop_data,MATCH(A107,Crop_data_codes,0),10)/INDEX(Crop_data,MATCH(A107,Crop_data_codes,0),6),"") -> 0.00074517014 | O107: =IF(D107="Yes",INDEX(Crop_data,MATCH(A107,Crop_data_codes,0),12)/INDEX(Crop_data,MATCH(A107,Crop_data_codes,0),6),"") -> 0.004 | P107: =IF(D107="Yes",INDEX(Crop_data,MATCH(A107,Crop_data_codes,0),13)/INDEX(Crop_data,MATCH(A107,Crop_data_codes,0),6)*1000,"") -> 0.0037654297 | Q107: =IF(D107="Yes",SUM(INDEX(Crop_data,MATCH(A107,Crop_data_codes,0),21):INDEX(Crop_data,MATCH(A107,Crop_data_codes,0),22):INDEX(Crop_data,MATCH(A107,Crop_data_codes,0),23):INDEX(Crop_data,MATCH(A107,Crop_data_codes,0),24):INDEX(Crop_data,MATCH(A107,Crop_data_codes,0),25))*(1/INDEX(Crop_data,MATCH(A107,Crop_data_codes,0),6)*10000)/(No_species/1000000),"") -> 2.2815338e-13 | R107: =IF(D107="Yes",INDEX(Crop_data,MATCH(A107,Crop_data_codes,0),7)/INDEX(Crop_data,MATCH(A107,Crop_data_codes,0),6)*EF_NH3*N_to_NH3,"") -> 0.00016384965 | S107: =IF(D107="Yes",INDEX(Crop_data,MATCH(A107,Crop_data_codes,0),26)/INDEX(Crop_data,MATCH(A107,Crop_data_codes,0),6),"") -> 0.0018428469
A108: 01234_of | B108: =INDEX(Crop_data,MATCH(A108,Crop_data_codes,0),2) -> Tomatoes, openfield | C108: =INDEX(Crop_data,MATCH(A108,Crop_data_codes,0),3) -> Vegetables | D108: =IF(INDEX(Crop_data,MATCH(A108,Crop_data_codes,0),6)>0,"Yes","No") -> No | F108: =IF(D108="Yes",INDEX(CO2e_data,MATCH(A108,CO2e_codes,0),1),"") | G108: =IF(D108="Yes",INDEX(CO2_data,MATCH(A108,CO2_codes,0),1),"") | H108: =IF(D108="Yes",INDEX(CH4_data,MATCH(A108,CH4_codes,0),1),"") | I108: =IF(D108="Yes",INDEX(CH4_bio_data,MATCH(A108,CH4_bio_codes,0),1),"") | J108: =IF(D108="Yes",INDEX(N2O_data,MATCH(A108,N2O_codes,0),1),"") | L108: =IF(D108="Yes",1/INDEX(Crop_data,MATCH(A108,Crop_data_codes,0),6)*10000,"") | M108: =IF(D108="Yes",(INDEX(Crop_data,MATCH(A108,Crop_data_codes,0),7)+INDEX(Crop_data,MATCH(A108,Crop_data_codes,0),8))/INDEX(Crop_data,MATCH(A108,Crop_data_codes,0),6),"") | N108: =IF(D108="Yes",INDEX(Crop_data,MATCH(A108,Crop_data_codes,0),10)/INDEX(Crop_data,MATCH(A108,Crop_data_codes,0),6),"") | O108: =IF(D108="Yes",INDEX(Crop_data,MATCH(A108,Crop_data_codes,0),12)/INDEX(Crop_data,MATCH(A108,Crop_data_codes,0),6),"") | P108: =IF(D108="Yes",INDEX(Crop_data,MATCH(A108,Crop_data_codes,0),13)/INDEX(Crop_data,MATCH(A108,Crop_data_codes,0),6)*1000,"") | Q108: =IF(D108="Yes",SUM(INDEX(Crop_data,MATCH(A108,Crop_data_codes,0),21):INDEX(Crop_data,MATCH(A108,Crop_data_codes,0),22):INDEX(Crop_data,MATCH(A108,Crop_data_codes,0),23):INDEX(Crop_data,MATCH(A108,Crop_data_codes,0),24):INDEX(Crop_data,MATCH(A108,Crop_data_codes,0),25))*(1/INDEX(Crop_data,MATCH(A108,Crop_data_codes,0),6)*10000)/(No_species/1000000),"") | R108: =IF(D108="Yes",INDEX(Crop_data,MATCH(A108,Crop_data_codes,0),7)/INDEX(Crop_data,MATCH(A108,Crop_data_codes,0),6)*EF_NH3*N_to_NH3,"") | S108: =IF(D108="Yes",INDEX(Crop_data,MATCH(A108,Crop_data_codes,0),26)/INDEX(Crop_data,MATCH(A108,Crop_data_codes,0),6),"")
A109: 01191 | B109: =INDEX(Crop_data,MATCH(A109,Crop_data_codes,0),2) -> Triticale | C109: =INDEX(Crop_data,MATCH(A109,Crop_data_codes,0),3) -> Cereals | D109: =IF(INDEX(Crop_data,MATCH(A109,Crop_data_codes,0),6)>0,"Yes","No") -> Yes | F109: =IF(D109="Yes",INDEX(CO2e_data,MATCH(A109,CO2e_codes,0),1),"") -> 0.37038315 | G109: =IF(D109="Yes",INDEX(CO2_data,MATCH(A109,CO2_codes,0),1),"") -> 0.15563845 | H109: =IF(D109="Yes",INDEX(CH4_data,MATCH(A109,CH4_codes,0),1),"") -> 0.00020122948 | I109: =IF(D109="Yes",INDEX(CH4_bio_data,MATCH(A109,CH4_bio_codes,0),1),"") -> 0 | J109: =IF(D109="Yes",INDEX(N2O_data,MATCH(A109,N2O_codes,0),1),"") -> 0.00076464493 | L109: =IF(D109="Yes",1/INDEX(Crop_data,MATCH(A109,Crop_data_codes,0),6)*10000,"") -> 1.8343239 | M109: =IF(D109="Yes",(INDEX(Crop_data,MATCH(A109,Crop_data_codes,0),7)+INDEX(Crop_data,MATCH(A109,Crop_data_codes,0),8))/INDEX(Crop_data,MATCH(A109,Crop_data_codes,0),6),"") -> 0.019442406 | N109: =IF(D109="Yes",INDEX(Crop_data,MATCH(A109,Crop_data_codes,0),10)/INDEX(Crop_data,MATCH(A109,Crop_data_codes,0),6),"") -> 0.0075201761 | O109: =IF(D109="Yes",INDEX(Crop_data,MATCH(A109,Crop_data_codes,0),12)/INDEX(Crop_data,MATCH(A109,Crop_data_codes,0),6),"") -> 0.002 | P109: =IF(D109="Yes",INDEX(Crop_data,MATCH(A109,Crop_data_codes,0),13)/INDEX(Crop_data,MATCH(A109,Crop_data_codes,0),6)*1000,"") -> 0.11189376 | Q109: =IF(D109="Yes",SUM(INDEX(Crop_data,MATCH(A109,Crop_data_codes,0),21):INDEX(Crop_data,MATCH(A109,Crop_data_codes,0),22):INDEX(Crop_data,MATCH(A109,Crop_data_codes,0),23):INDEX(Crop_data,MATCH(A109,Crop_data_codes,0),24):INDEX(Crop_data,MATCH(A109,Crop_data_codes,0),25))*(1/INDEX(Crop_data,MATCH(A109,Crop_data_codes,0),6)*10000)/(No_species/1000000),"") -> 1.495307e-11 | R109: =IF(D109="Yes",INDEX(Crop_data,MATCH(A109,Crop_data_codes,0),7)/INDEX(Crop_data,MATCH(A109,Crop_data_codes,0),6)*EF_NH3*N_to_NH3,"") -> 0.0011819934 | S109: =IF(D109="Yes",INDEX(Crop_data,MATCH(A109,Crop_data_codes,0),26)/INDEX(Crop_data,MATCH(A109,Crop_data_codes,0),6),"") -> 0.0029349182
A110: 01929.02 | B110: =INDEX(Crop_data,MATCH(A110,Crop_data_codes,0),2) -> True hemp, raw or retted | C110: =INDEX(Crop_data,MATCH(A110,Crop_data_codes,0),3) -> Other | D110: =IF(INDEX(Crop_data,MATCH(A110,Crop_data_codes,0),6)>0,"Yes","No") -> No | F110: =IF(D110="Yes",INDEX(CO2e_data,MATCH(A110,CO2e_codes,0),1),"") | G110: =IF(D110="Yes",INDEX(CO2_data,MATCH(A110,CO2_codes,0),1),"") | H110: =IF(D110="Yes",INDEX(CH4_data,MATCH(A110,CH4_codes,0),1),"") | I110: =IF(D110="Yes",INDEX(CH4_bio_data,MATCH(A110,CH4_bio_codes,0),1),"") | J110: =IF(D110="Yes",INDEX(N2O_data,MATCH(A110,N2O_codes,0),1),"") | L110: =IF(D110="Yes",1/INDEX(Crop_data,MATCH(A110,Crop_data_codes,0),6)*10000,"") | M110: =IF(D110="Yes",(INDEX(Crop_data,MATCH(A110,Crop_data_codes,0),7)+INDEX(Crop_data,MATCH(A110,Crop_data_codes,0),8))/INDEX(Crop_data,MATCH(A110,Crop_data_codes,0),6),"") | N110: =IF(D110="Yes",INDEX(Crop_data,MATCH(A110,Crop_data_codes,0),10)/INDEX(Crop_data,MATCH(A110,Crop_data_codes,0),6),"") | O110: =IF(D110="Yes",INDEX(Crop_data,MATCH(A110,Crop_data_codes,0),12)/INDEX(Crop_data,MATCH(A110,Crop_data_codes,0),6),"") | P110: =IF(D110="Yes",INDEX(Crop_data,MATCH(A110,Crop_data_codes,0),13)/INDEX(Crop_data,MATCH(A110,Crop_data_codes,0),6)*1000,"") | Q110: =IF(D110="Yes",SUM(INDEX(Crop_data,MATCH(A110,Crop_data_codes,0),21):INDEX(Crop_data,MATCH(A110,Crop_data_codes,0),22):INDEX(Crop_data,MATCH(A110,Crop_data_codes,0),23):INDEX(Crop_data,MATCH(A110,Crop_data_codes,0),24):INDEX(Crop_data,MATCH(A110,Crop_data_codes,0),25))*(1/INDEX(Crop_data,MATCH(A110,Crop_data_codes,0),6)*10000)/(No_species/1000000),"") | R110: =IF(D110="Yes",INDEX(Crop_data,MATCH(A110,Crop_data_codes,0),7)/INDEX(Crop_data,MATCH(A110,Crop_data_codes,0),6)*EF_NH3*N_to_NH3,"") | S110: =IF(D110="Yes",INDEX(Crop_data,MATCH(A110,Crop_data_codes,0),26)/INDEX(Crop_data,MATCH(A110,Crop_data_codes,0),6),"")
A111: 01709.01 | B111: =INDEX(Crop_data,MATCH(A111,Crop_data_codes,0),2) -> Vetches | C111: =INDEX(Crop_data,MATCH(A111,Crop_data_codes,0),3) -> Other | D111: =IF(INDEX(Crop_data,MATCH(A111,Crop_data_codes,0),6)>0,"Yes","No") -> No | F111: =IF(D111="Yes",INDEX(CO2e_data,MATCH(A111,CO2e_codes,0),1),"") | G111: =IF(D111="Yes",INDEX(CO2_data,MATCH(A111,CO2_codes,0),1),"") | H111: =IF(D111="Yes",INDEX(CH4_data,MATCH(A111,CH4_codes,0),1),"") | I111: =IF(D111="Yes",INDEX(CH4_bio_data,MATCH(A111,CH4_bio_codes,0),1),"") | J111: =IF(D111="Yes",INDEX(N2O_data,MATCH(A111,N2O_codes,0),1),"") | L111: =IF(D111="Yes",1/INDEX(Crop_data,MATCH(A111,Crop_data_codes,0),6)*10000,"") | M111: =IF(D111="Yes",(INDEX(Crop_data,MATCH(A111,Crop_data_codes,0),7)+INDEX(Crop_data,MATCH(A111,Crop_data_codes,0),8))/INDEX(Crop_data,MATCH(A111,Crop_data_codes,0),6),"") | N111: =IF(D111="Yes",INDEX(Crop_data,MATCH(A111,Crop_data_codes,0),10)/INDEX(Crop_data,MATCH(A111,Crop_data_codes,0),6),"") | O111: =IF(D111="Yes",INDEX(Crop_data,MATCH(A111,Crop_data_codes,0),12)/INDEX(Crop_data,MATCH(A111,Crop_data_codes,0),6),"") | P111: =IF(D111="Yes",INDEX(Crop_data,MATCH(A111,Crop_data_codes,0),13)/INDEX(Crop_data,MATCH(A111,Crop_data_codes,0),6)*1000,"") | Q111: =IF(D111="Yes",SUM(INDEX(Crop_data,MATCH(A111,Crop_data_codes,0),21):INDEX(Crop_data,MATCH(A111,Crop_data_codes,0),22):INDEX(Crop_data,MATCH(A111,Crop_data_codes,0),23):INDEX(Crop_data,MATCH(A111,Crop_data_codes,0),24):INDEX(Crop_data,MATCH(A111,Crop_data_codes,0),25))*(1/INDEX(Crop_data,MATCH(A111,Crop_data_codes,0),6)*10000)/(No_species/1000000),"") | R111: =IF(D111="Yes",INDEX(Crop_data,MATCH(A111,Crop_data_codes,0),7)/INDEX(Crop_data,MATCH(A111,Crop_data_codes,0),6)*EF_NH3*N_to_NH3,"") | S111: =IF(D111="Yes",INDEX(Crop_data,MATCH(A111,Crop_data_codes,0),26)/INDEX(Crop_data,MATCH(A111,Crop_data_codes,0),6),"")
A112: 01376 | B112: =INDEX(Crop_data,MATCH(A112,Crop_data_codes,0),2) -> Walnuts, in shell | C112: =INDEX(Crop_data,MATCH(A112,Crop_data_codes,0),3) -> Nuts | D112: =IF(INDEX(Crop_data,MATCH(A112,Crop_data_codes,0),6)>0,"Yes","No") -> No | F112: =IF(D112="Yes",INDEX(CO2e_data,MATCH(A112,CO2e_codes,0),1),"") | G112: =IF(D112="Yes",INDEX(CO2_data,MATCH(A112,CO2_codes,0),1),"") | H112: =IF(D112="Yes",INDEX(CH4_data,MATCH(A112,CH4_codes,0),1),"") | I112: =IF(D112="Yes",INDEX(CH4_bio_data,MATCH(A112,CH4_bio_codes,0),1),"") | J112: =IF(D112="Yes",INDEX(N2O_data,MATCH(A112,N2O_codes,0),1),"") | L112: =IF(D112="Yes",1/INDEX(Crop_data,MATCH(A112,Crop_data_codes,0),6)*10000,"") | M112: =IF(D112="Yes",(INDEX(Crop_data,MATCH(A112,Crop_data_codes,0),7)+INDEX(Crop_data,MATCH(A112,Crop_data_codes,0),8))/INDEX(Crop_data,MATCH(A112,Crop_data_codes,0),6),"") | N112: =IF(D112="Yes",INDEX(Crop_data,MATCH(A112,Crop_data_codes,0),10)/INDEX(Crop_data,MATCH(A112,Crop_data_codes,0),6),"") | O112: =IF(D112="Yes",INDEX(Crop_data,MATCH(A112,Crop_data_codes,0),12)/INDEX(Crop_data,MATCH(A112,Crop_data_codes,0),6),"") | P112: =IF(D112="Yes",INDEX(Crop_data,MATCH(A112,Crop_data_codes,0),13)/INDEX(Crop_data,MATCH(A112,Crop_data_codes,0),6)*1000,"") | Q112: =IF(D112="Yes",SUM(INDEX(Crop_data,MATCH(A112,Crop_data_codes,0),21):INDEX(Crop_data,MATCH(A112,Crop_data_codes,0),22):INDEX(Crop_data,MATCH(A112,Crop_data_codes,0),23):INDEX(Crop_data,MATCH(A112,Crop_data_codes,0),24):INDEX(Crop_data,MATCH(A112,Crop_data_codes,0),25))*(1/INDEX(Crop_data,MATCH(A112,Crop_data_codes,0),6)*10000)/(No_species/1000000),"") | R112: =IF(D112="Yes",INDEX(Crop_data,MATCH(A112,Crop_data_codes,0),7)/INDEX(Crop_data,MATCH(A112,Crop_data_codes,0),6)*EF_NH3*N_to_NH3,"") | S112: =IF(D112="Yes",INDEX(Crop_data,MATCH(A112,Crop_data_codes,0),26)/INDEX(Crop_data,MATCH(A112,Crop_data_codes,0),6),"")
A113: 01221 | B113: =INDEX(Crop_data,MATCH(A113,Crop_data_codes,0),2) -> Watermelons | C113: =INDEX(Crop_data,MATCH(A113,Crop_data_codes,0),3) -> Fruits | D113: =IF(INDEX(Crop_data,MATCH(A113,Crop_data_codes,0),6)>0,"Yes","No") -> No | F113: =IF(D113="Yes",INDEX(CO2e_data,MATCH(A113,CO2e_codes,0),1),"") | G113: =IF(D113="Yes",INDEX(CO2_data,MATCH(A113,CO2_codes,0),1),"") | H113: =IF(D113="Yes",INDEX(CH4_data,MATCH(A113,CH4_codes,0),1),"") | I113: =IF(D113="Yes",INDEX(CH4_bio_data,MATCH(A113,CH4_bio_codes,0),1),"") | J113: =IF(D113="Yes",INDEX(N2O_data,MATCH(A113,N2O_codes,0),1),"") | L113: =IF(D113="Yes",1/INDEX(Crop_data,MATCH(A113,Crop_data_codes,0),6)*10000,"") | M113: =IF(D113="Yes",(INDEX(Crop_data,MATCH(A113,Crop_data_codes,0),7)+INDEX(Crop_data,MATCH(A113,Crop_data_codes,0),8))/INDEX(Crop_data,MATCH(A113,Crop_data_codes,0),6),"") | N113: =IF(D113="Yes",INDEX(Crop_data,MATCH(A113,Crop_data_codes,0),10)/INDEX(Crop_data,MATCH(A113,Crop_data_codes,0),6),"") | O113: =IF(D113="Yes",INDEX(Crop_data,MATCH(A113,Crop_data_codes,0),12)/INDEX(Crop_data,MATCH(A113,Crop_data_codes,0),6),"") | P113: =IF(D113="Yes",INDEX(Crop_data,MATCH(A113,Crop_data_codes,0),13)/INDEX(Crop_data,MATCH(A113,Crop_data_codes,0),6)*1000,"") | Q113: =IF(D113="Yes",SUM(INDEX(Crop_data,MATCH(A113,Crop_data_codes,0),21):INDEX(Crop_data,MATCH(A113,Crop_data_codes,0),22):INDEX(Crop_data,MATCH(A113,Crop_data_codes,0),23):INDEX(Crop_data,MATCH(A113,Crop_data_codes,0),24):INDEX(Crop_data,MATCH(A113,Crop_data_codes,0),25))*(1/INDEX(Crop_data,MATCH(A113,Crop_data_codes,0),6)*10000)/(No_species/1000000),"") | R113: =IF(D113="Yes",INDEX(Crop_data,MATCH(A113,Crop_data_codes,0),7)/INDEX(Crop_data,MATCH(A113,Crop_data_codes,0),6)*EF_NH3*N_to_NH3,"") | S113: =IF(D113="Yes",INDEX(Crop_data,MATCH(A113,Crop_data_codes,0),26)/INDEX(Crop_data,MATCH(A113,Crop_data_codes,0),6),"")
A114: 01221_gh | B114: =INDEX(Crop_data,MATCH(A114,Crop_data_codes,0),2) -> Watermelons, greenhouse | C114: =INDEX(Crop_data,MATCH(A114,Crop_data_codes,0),3) -> Fruits | D114: =IF(INDEX(Crop_data,MATCH(A114,Crop_data_codes,0),6)>0,"Yes","No") -> No | F114: =IF(D114="Yes",INDEX(CO2e_data,MATCH(A114,CO2e_codes,0),1),"") | G114: =IF(D114="Yes",INDEX(CO2_data,MATCH(A114,CO2_codes,0),1),"") | H114: =IF(D114="Yes",INDEX(CH4_data,MATCH(A114,CH4_codes,0),1),"") | I114: =IF(D114="Yes",INDEX(CH4_bio_data,MATCH(A114,CH4_bio_codes,0),1),"") | J114: =IF(D114="Yes",INDEX(N2O_data,MATCH(A114,N2O_codes,0),1),"") | L114: =IF(D114="Yes",1/INDEX(Crop_data,MATCH(A114,Crop_data_codes,0),6)*10000,"") | M114: =IF(D114="Yes",(INDEX(Crop_data,MATCH(A114,Crop_data_codes,0),7)+INDEX(Crop_data,MATCH(A114,Crop_data_codes,0),8))/INDEX(Crop_data,MATCH(A114,Crop_data_codes,0),6),"") | N114: =IF(D114="Yes",INDEX(Crop_data,MATCH(A114,Crop_data_codes,0),10)/INDEX(Crop_data,MATCH(A114,Crop_data_codes,0),6),"") | O114: =IF(D114="Yes",INDEX(Crop_data,MATCH(A114,Crop_data_codes,0),12)/INDEX(Crop_data,MATCH(A114,Crop_data_codes,0),6),"") | P114: =IF(D114="Yes",INDEX(Crop_data,MATCH(A114,Crop_data_codes,0),13)/INDEX(Crop_data,MATCH(A114,Crop_data_codes,0),6)*1000,"") | Q114: =IF(D114="Yes",SUM(INDEX(Crop_data,MATCH(A114,Crop_data_codes,0),21):INDEX(Crop_data,MATCH(A114,Crop_data_codes,0),22):INDEX(Crop_data,MATCH(A114,Crop_data_codes,0),23):INDEX(Crop_data,MATCH(A114,Crop_data_codes,0),24):INDEX(Crop_data,MATCH(A114,Crop_data_codes,0),25))*(1/INDEX(Crop_data,MATCH(A114,Crop_data_codes,0),6)*10000)/(No_species/1000000),"") | R114: =IF(D114="Yes",INDEX(Crop_data,MATCH(A114,Crop_data_codes,0),7)/INDEX(Crop_data,MATCH(A114,Crop_data_codes,0),6)*EF_NH3*N_to_NH3,"") | S114: =IF(D114="Yes",INDEX(Crop_data,MATCH(A114,Crop_data_codes,0),26)/INDEX(Crop_data,MATCH(A114,Crop_data_codes,0),6),"")
A115: 01221_of | B115: =INDEX(Crop_data,MATCH(A115,Crop_data_codes,0),2) -> Watermelons, openfield | C115: =INDEX(Crop_data,MATCH(A115,Crop_data_codes,0),3) -> Fruits | D115: =IF(INDEX(Crop_data,MATCH(A115,Crop_data_codes,0),6)>0,"Yes","No") -> No | E115: 100 | F115: =IF(D115="Yes",INDEX(CO2e_data,MATCH(A115,CO2e_codes,0),1),"") | G115: =IF(D115="Yes",INDEX(CO2_data,MATCH(A115,CO2_codes,0),1),"") | H115: =IF(D115="Yes",INDEX(CH4_data,MATCH(A115,CH4_codes,0),1),"") | I115: =IF(D115="Yes",INDEX(CH4_bio_data,MATCH(A115,CH4_bio_codes,0),1),"") | J115: =IF(D115="Yes",INDEX(N2O_data,MATCH(A115,N2O_codes,0),1),"") | L115: =IF(D115="Yes",1/INDEX(Crop_data,MATCH(A115,Crop_data_codes,0),6)*10000,"") | M115: =IF(D115="Yes",(INDEX(Crop_data,MATCH(A115,Crop_data_codes,0),7)+INDEX(Crop_data,MATCH(A115,Crop_data_codes,0),8))/INDEX(Crop_data,MATCH(A115,Crop_data_codes,0),6),"") | N115: =IF(D115="Yes",INDEX(Crop_data,MATCH(A115,Crop_data_codes,0),10)/INDEX(Crop_data,MATCH(A115,Crop_data_codes,0),6),"") | O115: =IF(D115="Yes",INDEX(Crop_data,MATCH(A115,Crop_data_codes,0),12)/INDEX(Crop_data,MATCH(A115,Crop_data_codes,0),6),"") | P115: =IF(D115="Yes",INDEX(Crop_data,MATCH(A115,Crop_data_codes,0),13)/INDEX(Crop_data,MATCH(A115,Crop_data_codes,0),6)*1000,"") | Q115: =IF(D115="Yes",SUM(INDEX(Crop_data,MATCH(A115,Crop_data_codes,0),21):INDEX(Crop_data,MATCH(A115,Crop_data_codes,0),22):INDEX(Crop_data,MATCH(A115,Crop_data_codes,0),23):INDEX(Crop_data,MATCH(A115,Crop_data_codes,0),24):INDEX(Crop_data,MATCH(A115,Crop_data_codes,0),25))*(1/INDEX(Crop_data,MATCH(A115,Crop_data_codes,0),6)*10000)/(No_species/1000000),"") | R115: =IF(D115="Yes",INDEX(Crop_data,MATCH(A115,Crop_data_codes,0),7)/INDEX(Crop_data,MATCH(A115,Crop_data_codes,0),6)*EF_NH3*N_to_NH3,"") | S115: =IF(D115="Yes",INDEX(Crop_data,MATCH(A115,Crop_data_codes,0),26)/INDEX(Crop_data,MATCH(A115,Crop_data_codes,0),6),"")
A116: 0111 | B116: =INDEX(Crop_data,MATCH(A116,Crop_data_codes,0),2) -> Wheat, average | C116: =INDEX(Crop_data,MATCH(A116,Crop_data_codes,0),3) -> Cereals, incl feed | D116: =IF(INDEX(Crop_data,MATCH(A116,Crop_data_codes,0),6)>0,"Yes","No") -> Yes | F116: =IF(D116="Yes",INDEX(CO2e_data,MATCH(A116,CO2e_codes,0),1),"") -> 0.42153795 | G116: =IF(D116="Yes",INDEX(CO2_data,MATCH(A116,CO2_codes,0),1),"") -> 0.16484003 | H116: =IF(D116="Yes",INDEX(CH4_data,MATCH(A116,CH4_codes,0),1),"") -> 0.00021569594 | I116: =IF(D116="Yes",INDEX(CH4_bio_data,MATCH(A116,CH4_bio_codes,0),1),"") -> 0 | J116: =IF(D116="Yes",INDEX(N2O_data,MATCH(A116,N2O_codes,0),1),"") -> 0.00091674057 | L116: =IF(D116="Yes",1/INDEX(Crop_data,MATCH(A116,Crop_data_codes,0),6)*10000,"") -> 1.5363343 | M116: =IF(D116="Yes",(INDEX(Crop_data,MATCH(A116,Crop_data_codes,0),7)+INDEX(Crop_data,MATCH(A116,Crop_data_codes,0),8))/INDEX(Crop_data,MATCH(A116,Crop_data_codes,0),6),"") -> 0.023505915 | N116: =IF(D116="Yes",INDEX(Crop_data,MATCH(A116,Crop_data_codes,0),10)/INDEX(Crop_data,MATCH(A116,Crop_data_codes,0),6),"") -> 0.002150868 | O116: =IF(D116="Yes",INDEX(Crop_data,MATCH(A116,Crop_data_codes,0),12)/INDEX(Crop_data,MATCH(A116,Crop_data_codes,0),6),"") -> 0.002 | P116: =IF(D116="Yes",INDEX(Crop_data,MATCH(A116,Crop_data_codes,0),13)/INDEX(Crop_data,MATCH(A116,Crop_data_codes,0),6)*1000,"") -> 0.11368874 | Q116: =IF(D116="Yes",SUM(INDEX(Crop_data,MATCH(A116,Crop_data_codes,0),21):INDEX(Crop_data,MATCH(A116,Crop_data_codes,0),22):INDEX(Crop_data,MATCH(A116,Crop_data_codes,0),23):INDEX(Crop_data,MATCH(A116,Crop_data_codes,0),24):INDEX(Crop_data,MATCH(A116,Crop_data_codes,0),25))*(1/INDEX(Crop_data,MATCH(A116,Crop_data_codes,0),6)*10000)/(No_species/1000000),"") -> 1.2523914e-11 | R116: =IF(D116="Yes",INDEX(Crop_data,MATCH(A116,Crop_data_codes,0),7)/INDEX(Crop_data,MATCH(A116,Crop_data_codes,0),6)*EF_NH3*N_to_NH3,"") -> 0.0014290328 | S116: =IF(D116="Yes",INDEX(Crop_data,MATCH(A116,Crop_data_codes,0),26)/INDEX(Crop_data,MATCH(A116,Crop_data_codes,0),6),"") -> 0.0023859272
A117: 0111_s | B117: =INDEX(Crop_data,MATCH(A117,Crop_data_codes,0),2) -> Wheat, spring | C117: =INDEX(Crop_data,MATCH(A117,Crop_data_codes,0),3) -> Cereals | D117: =IF(INDEX(Crop_data,MATCH(A117,Crop_data_codes,0),6)>0,"Yes","No") -> Yes | F117: =IF(D117="Yes",INDEX(CO2e_data,MATCH(A117,CO2e_codes,0),1),"") -> 0.45741422 | G117: =IF(D117="Yes",INDEX(CO2_data,MATCH(A117,CO2_codes,0),1),"") -> 0.18700342 | H117: =IF(D117="Yes",INDEX(CH4_data,MATCH(A117,CH4_codes,0),1),"") -> 0.00022837987 | I117: =IF(D117="Yes",INDEX(CH4_bio_data,MATCH(A117,CH4_bio_codes,0),1),"") -> 0 | J117: =IF(D117="Yes",INDEX(N2O_data,MATCH(A117,N2O_codes,0),1),"") -> 0.00096558638 | L117: =IF(D117="Yes",1/INDEX(Crop_data,MATCH(A117,Crop_data_codes,0),6)*10000,"") -> 2.4875622 | M117: =IF(D117="Yes",(INDEX(Crop_data,MATCH(A117,Crop_data_codes,0),7)+INDEX(Crop_data,MATCH(A117,Crop_data_codes,0),8))/INDEX(Crop_data,MATCH(A117,Crop_data_codes,0),6),"") -> 0.024626866 | N117: =IF(D117="Yes",INDEX(Crop_data,MATCH(A117,Crop_data_codes,0),10)/INDEX(Crop_data,MATCH(A117,Crop_data_codes,0),6),"") -> 0.0037313433 | O117: =IF(D117="Yes",INDEX(Crop_data,MATCH(A117,Crop_data_codes,0),12)/INDEX(Crop_data,MATCH(A117,Crop_data_codes,0),6),"") -> 0.002 | P117: =IF(D117="Yes",INDEX(Crop_data,MATCH(A117,Crop_data_codes,0),13)/INDEX(Crop_data,MATCH(A117,Crop_data_codes,0),6)*1000,"") -> 0.10447761 | Q117: =IF(D117="Yes",SUM(INDEX(Crop_data,MATCH(A117,Crop_data_codes,0),21):INDEX(Crop_data,MATCH(A117,Crop_data_codes,0),22):INDEX(Crop_data,MATCH(A117,Crop_data_codes,0),23):INDEX(Crop_data,MATCH(A117,Crop_data_codes,0),24):INDEX(Crop_data,MATCH(A117,Crop_data_codes,0),25))*(1/INDEX(Crop_data,MATCH(A117,Crop_data_codes,0),6)*10000)/(No_species/1000000),"") -> 2.0278148e-11 | R117: =IF(D117="Yes",INDEX(Crop_data,MATCH(A117,Crop_data_codes,0),7)/INDEX(Crop_data,MATCH(A117,Crop_data_codes,0),6)*EF_NH3*N_to_NH3,"") -> 0.0014971805 | S117: =IF(D117="Yes",INDEX(Crop_data,MATCH(A117,Crop_data_codes,0),26)/INDEX(Crop_data,MATCH(A117,Crop_data_codes,0),6),"") -> 0.0038631841
A118: 0111_w | B118: =INDEX(Crop_data,MATCH(A118,Crop_data_codes,0),2) -> Wheat, winter | C118: =INDEX(Crop_data,MATCH(A118,Crop_data_codes,0),3) -> Cereals | D118: =IF(INDEX(Crop_data,MATCH(A118,Crop_data_codes,0),6)>0,"Yes","No") -> Yes | F118: =IF(D118="Yes",INDEX(CO2e_data,MATCH(A118,CO2e_codes,0),1),"") -> 0.4192092 | G118: =IF(D118="Yes",INDEX(CO2_data,MATCH(A118,CO2_codes,0),1),"") -> 0.16353198 | H118: =IF(D118="Yes",INDEX(CH4_data,MATCH(A118,CH4_codes,0),1),"") -> 0.00021492392 | I118: =IF(D118="Yes",INDEX(CH4_bio_data,MATCH(A118,CH4_bio_codes,0),1),"") -> 0 | J118: =IF(D118="Yes",INDEX(N2O_data,MATCH(A118,N2O_codes,0),1),"") -> 0.00091308601 | L118: =IF(D118="Yes",1/INDEX(Crop_data,MATCH(A118,Crop_data_codes,0),6)*10000,"") -> 1.4736222 | M118: =IF(D118="Yes",(INDEX(Crop_data,MATCH(A118,Crop_data_codes,0),7)+INDEX(Crop_data,MATCH(A118,Crop_data_codes,0),8))/INDEX(Crop_data,MATCH(A118,Crop_data_codes,0),6),"") -> 0.023430592 | N118: =IF(D118="Yes",INDEX(Crop_data,MATCH(A118,Crop_data_codes,0),10)/INDEX(Crop_data,MATCH(A118,Crop_data_codes,0),6),"") -> 0.002063071 | O118: =IF(D118="Yes",INDEX(Crop_data,MATCH(A118,Crop_data_codes,0),12)/INDEX(Crop_data,MATCH(A118,Crop_data_codes,0),6),"") -> 0.002 | P118: =IF(D118="Yes",INDEX(Crop_data,MATCH(A118,Crop_data_codes,0),13)/INDEX(Crop_data,MATCH(A118,Crop_data_codes,0),6)*1000,"") -> 0.11346891 | Q118: =IF(D118="Yes",SUM(INDEX(Crop_data,MATCH(A118,Crop_data_codes,0),21):INDEX(Crop_data,MATCH(A118,Crop_data_codes,0),22):INDEX(Crop_data,MATCH(A118,Crop_data_codes,0),23):INDEX(Crop_data,MATCH(A118,Crop_data_codes,0),24):INDEX(Crop_data,MATCH(A118,Crop_data_codes,0),25))*(1/INDEX(Crop_data,MATCH(A118,Crop_data_codes,0),6)*10000)/(No_species/1000000),"") -> 1.2012696e-11 | R118: =IF(D118="Yes",INDEX(Crop_data,MATCH(A118,Crop_data_codes,0),7)/INDEX(Crop_data,MATCH(A118,Crop_data_codes,0),6)*EF_NH3*N_to_NH3,"") -> 0.0014244536 | S118: =IF(D118="Yes",INDEX(Crop_data,MATCH(A118,Crop_data_codes,0),26)/INDEX(Crop_data,MATCH(A118,Crop_data_codes,0),6),"") -> 0.0022885352

Sheet Crops, input data per ha
A2: Crops, input data per hectare
AA3: Sources:
A4: Crops | F4: Yield | G4: Nutrient inputs | K4: Energy | L4: Water | M4: Pesticides | N4: Crop residues | U4: Biodiversity, potential species loss/m2 | Z4: Labour | AA4: Yield | AB4: Nutrient inputs | AF4: Energy | AG4: Water | AH4: Pesticides | AI4: Crop residues | AK4: Biodiversity | AM4: Labour
A5: Crop code | B5: Crop | C5: Category | D5: Grown in country | E5: Share | F5: Yield, kg/ha | G5: N appl fertilisers, kg N/ha | H5: N fixation, kg N/ha | I5: N crop residues, kg N/ha | J5: P appl, kg P/ha | K5: Diesel use, l/ha | L5: Blue freshwater use, m3/ha | M5: Pesticide use, kg a.i./ha | N5: Frac removed | O5: N above ground | P5: Above ground / below ground | Q5: Below ground/ above ground | R5: N below ground | S5: DM fraction harvested product | T5: Frac renew | U5: CF mammals | V5: CF birds | W5: CF amphibians | X5: CF reptiles | Y5: CF plants | Z5: Labour requirements, h/ha | AA5: Yield, kg/ha | AB5: Mineral N appl, kg N/ha | AC5: N fixation, kg N/ha | AD5: N crop residues, kg N/ha | AE5: P appl, kg P/ha | AF5: Diesel use, l/ha | AG5: Blue freshwater use, m3/kg | AH5: Pesticide use, kg a.i./ha | AI5: Above ground/ yield | AJ5: Frac removed | AK5: Source | AL5: Land use classification | AM5: Labour requirements, h/ha
A6: 01371 | B6: Almonds, in shell | C6: Nuts | D6: =IF(F6>0,"Yes","No") -> No
A7: 01654 | B7: Anise, badian, coriander, cumin, caraway, fennel and juniper berries, raw | C7: Vegetables | D7: =IF(F7>0,"Yes","No") -> No
A8: 01341 | B8: Apples | C8: Fruits | D8: =IF(F8>0,"Yes","No") -> Yes | F8: 18918.46 | G8: =41/18918*F8 -> 41.000997 | I8: =((F8*S8*P8)*T8*O8*(1-N8))+((F8*S8)+(F8*S8*P8))*Q8*T8*R8 -> 173.92875 | J8: =6/18918*F8 -> 6.0001459 | K8: 450 | L8: 548.6353 | M8: 5.97 | N8: 0.143 | O8: 0.008 | P8: 1 | Q8: 0.22 | R8: 0.009 | S8: 0.85 | T8: 1 | U8: 4.9926192e-13 | V8: 7.6196994e-13 | W8: 6.9410319e-14 | X8: 7.1402612e-15 | Y8: 1.5342897e-12 | Z8: 296.78 | AA8: FAOSTAT, avg 2017-2021 | AB8: SBA, 2004 | AD8: IPCC, 2019 | AE8: SBA, 2004 | AF8: SBA, 2011 | AG8: Mekonnen & Hoekstra, 2011 | AH8: SS, 2022 | AJ8: NIR, 2020. Average of Cereals | AK8: Chaudhary & Brooks, 2018, Table S5 | AL8: CF_Int crop (Cropland, intensive use) | AM8: Swiss "Deckungsbeitragskatalog" (DBK), processed to be used in SOLm (Muller et al. 2017)
A9: 01343 | B9: Apricots | C9: Fruits | D9: =IF(F9>0,"Yes","No") -> No
A10: 01216 | B10: Artichokes | C10: Vegetables | D10: =IF(F10>0,"Yes","No") -> No
A11: 01211 | B11: Asparagus | C11: Vegetables | D11: =IF(F11>0,"Yes","No") -> Yes | F11: 1655.825 | G11: 20 | I11: =((F11*S11*P11)*T11*O11*(1-N11))+((F11*S11)+(F11*S11*P11))*Q11*T11*R11 -> 15.222993 | J11: 4 | K11: 140 | L11: 56.29805 | M11: 1.65 | N11: 0.143 | O11: 0.008 | P11: 1 | Q11: 0.22 | R11: 0.009 | S11: 0.85 | T11: 1 | U11: 4.9926192e-13 | V11: 7.6196994e-13 | W11: 6.9410319e-14 | X11: 7.1402612e-15 | Y11: 1.5342897e-12 | Z11: 352.6 | AA11: FAOSTAT, avg 2017-2021 | AB11: Jensen, 2013 | AD11: IPCC, 2019 | AE11: Jensen, 2013 | AF11: Baky et al., 2010, average for vegetables | AG11: Mekonnen & Hoekstra, 2011. Other vegetables | AH11: SS, 2022. Avg for vegetables | AJ11: NIR, 2020. Average of Cereals | AK11: Chaudhary & Brooks, 2018, Table S5 | AL11: CF_Int crop (Cropland, intensive use) | AM11: Swiss "Deckungsbeitragskatalog" (DBK), processed to be used in SOLm (Muller et al. 2017)
A12: 01311 | B12: Avocados | C12: Vegetables | D12: =IF(F12>0,"Yes","No") -> No
A13: 01312 | B13: Bananas | C13: Fruits | D13: =IF(F13>0,"Yes","No") -> No
A14: 0115 | B14: Barley, average | C14: Cereals, incl feed | D14: =IF(F14>0,"Yes","No") -> Yes | F14: 4584 | G14: =94/4584*F14 -> 94 | I14: 58 | J14: =7/4584*F14 -> 7 | K14: 70 | L14: 0 | M14: 0.52 | N14: 0.112 | O14: 0.007 | P14: 1.2 | Q14: 0.22 | R14: 0.014 | S14: 0.89 | T14: 1 | U14: 4.9926192e-13 | V14: 7.6196994e-13 | W14: 6.9410319e-14 | X14: 7.1402612e-15 | Y14: 1.5342897e-12 | Z14: 16 | AD14: IPCC, 2019 | AG14: Mekonnen & Hoekstra, 2011 | AM14: Swiss "Deckungsbeitragskatalog" (DBK), processed to be used in SOLm (Muller et al. 2017)
A15: 0115_s | B15: Barley, spring | C15: Cereals | D15: =IF(F15>0,"Yes","No") -> Yes | E15: 90 | F15: 4446 | G15: =90/4446*F15 -> 90 | I15: =((F15*S15*P15)*T15*O15*(1-N15))+((F15*S15)+(F15*S15*P15))*Q15*T15*R15 -> 56.726692 | J15: =7/4446*F15 -> 7 | K15: 70 | L15: 0 | M15: 0.47 | N15: 0.1 | O15: 0.007 | P15: 1.2 | Q15: 0.22 | R15: 0.014 | S15: 0.89 | T15: 1 | U15: 4.9926192e-13 | V15: 7.6196994e-13 | W15: 6.9410319e-14 | X15: 7.1402612e-15 | Y15: 1.5342897e-12 | Z15: 16 | AA15: Eurostat, avg 2017-2021 | AB15: SS, 2020 | AD15: IPCC, 2019 | AE15: SS, 2020 | AF15: Baky et al., 2010 | AG15: Mekonnen & Hoekstra, 2011 | AH15: SS, 2022 | AI15: IPCC, 2019. Yields from FAO | AJ15: NIR, 2020 | AK15: Chaudhary & Brooks, 2018, Table S5 | AL15: CF_Int crop (Cropland, intensive use) | AM15: Swiss "Deckungsbeitragskatalog" (DBK), processed to be used in SOLm (Muller et al. 2017)
A16: 0115_w | B16: Barley, winter | C16: Cereals | D16: =IF(F16>0,"Yes","No") -> Yes | E16: 10 | F16: 5826 | G16: =126/5826*F16 -> 126 | I16: =((F16*S16*P16)*T16*O16*(1-N16))+((F16*S16)+(F16*S16*P16))*Q16*T16*R16 -> 69.107546 | J16: =8/5826*F16 -> 8 | K16: 66.7 | L16: 0 | M16: 1 | N16: 0.22 | O16: 0.007 | P16: 1.2 | Q16: 0.22 | R16: 0.014 | S16: 0.89 | T16: 1 | U16: 4.9926192e-13 | V16: 7.6196994e-13 | W16: 6.9410319e-14 | X16: 7.1402612e-15 | Y16: 1.5342897e-12 | Z16: 16 | AA16: Eurostat, avg 2017-2021 | AB16: SS, 2020 | AD16: IPCC, 2019 | AE16: SS, 2020 | AF16: Baky et al., 2010 | AG16: Mekonnen & Hoekstra, 2011 | AH16: SS, 2022 | AI16: IPCC, 2019. Yields from FAO | AJ16: NIR, 2020 | AK16: Chaudhary & Brooks, 2018, Table S5 | AL16: CF_Int crop (Cropland, intensive use) | AM16: Swiss "Deckungsbeitragskatalog" (DBK), processed to be used in SOLm (Muller et al. 2017)
A17: 01701 | B17: Beans, dry | C17: Pulses | D17: =IF(F17>0,"Yes","No") -> Yes | F17: 1800 | G17: =30/1800*F17 -> 30 | H17: 25 | I17: =((F17*S17*P17)*T17*O17*(1-N17))+((F17*S17)+(F17*S17*P17))*Q17*T17*R17 -> 34.631251 | J17: =10/1800*F17 -> 10 | K17: 65 | L17: 1.8 | M17: 1.1 | N17: 0.022 | O17: 0.008 | P17: 2.1 | Q17: 0.19 | R17: 0.008 | S17: 0.91 | T17: 1 | U17: 4.9926192e-13 | V17: 7.6196994e-13 | W17: 6.9410319e-14 | X17: 7.1402612e-15 | Y17: 1.5342897e-12 | Z17: 13.74 | AA17: Tidåker et al, 2021 | AB17: Tidåker et al., 2021 | AC17: Tidåker et al., 2021 | AD17: IPCC, 2019 | AE17: Tidåker et al, 2021 | AF17: Tidåker et al, 2021, common bean conv | AG17: Mekonnen & Hoekstra, 2011 | AH17: Tidåker et al, 2021 | AJ17: NIR, 2020 | AK17: Chaudhary & Brooks, 2018, Table S5 | AM17: Swiss "Deckungsbeitragskatalog" (DBK), processed to be used in SOLm (Muller et al. 2017)
A18: 01355.01 | B18: Blueberries | C18: Berries | D18: =IF(F18>0,"Yes","No") -> No
A19: 01377 | B19: Brazil nuts, in shell | C19: Nuts | D19: =IF(F19>0,"Yes","No") -> No
A20: 01702 | B20: Broad beans and horse beans, dry | C20: Pulses, incl feed | D20: =IF(F20>0,"Yes","No") -> Yes | F20: 1980 | G20: =2/1980*F20 -> 2 | H20: 24 | I20: =((F20*S20*P20)*T20*O20*(1-N20))+((F20*S20)+(F20*S20*P20))*Q20*T20*R20 -> 38.094376 | J20: =4/1980*F20 -> 4 | K20: 63.2 | L20: 1.98 | M20: 0.61 | N20: 0.022 | O20: 0.008 | P20: 2.1 | Q20: 0.19 | R20: 0.008 | S20: 0.91 | T20: 1 | U20: 4.9926192e-13 | V20: 7.6196994e-13 | W20: 6.9410319e-14 | X20: 7.1402612e-15 | Y20: 1.5342897e-12 | Z20: 13.74 | AA20: FAOSTAT, avg 2017-2021 | AB20: SS, 2020 | AC20: Lassaletta et al., 2014 | AD20: IPCC, 2019 | AE20: SS 2020 | AF20: Baky et al., 2010 | AG20: Mekonnen & Hoekstra, 2011 | AH20: SS, 2022 | AI20: IPCC, 2019. Yields from FAO | AJ20: NIR, 2020 | AK20: Chaudhary & Brooks, 2018, Table S5 | AL20: CF_Int crop (Cropland, intensive use) | AM20: Swiss "Deckungsbeitragskatalog" (DBK), processed to be used in SOLm (Muller et al. 2017)
A21: 01243 | B21: Broad beans and horse beans, green | C21: Vegetables | D21: =IF(F21>0,"Yes","No") -> No
A22: 01213_b | B22: Broccoli | C22: Vegetables | D22: =IF(F22>0,"Yes","No") -> Yes | E22: 40 | F22: 6888 | G22: =150/6888*F22 -> 150 | I22: =((F22*S22*P22)*T22*O22*(1-N22))+((F22*S22)+(F22*S22*P22))*Q22*T22*R22 -> 63.325517 | J22: =22.944752181741/6888*F22 -> 22.944752 | K22: 140 | L22: 234.192 | M22: 1.65 | N22: 0.143 | O22: 0.008 | P22: 1 | Q22: 0.22 | R22: 0.009 | S22: 0.85 | T22: 1 | U22: 4.9926192e-13 | V22: 7.6196994e-13 | W22: 6.9410319e-14 | X22: 7.1402612e-15 | Y22: 1.5342897e-12 | Z22: 250.1 | AA22: SCB 2023, trädgårdsproduktion (år 2022) | AB22: Marmolin & Björkholm, n.d., Björkholm, A-M., pers. comm. (2019) | AD22: IPCC, 2019 | AE22: Marmolin & Björkholm, n.d., Björkholm, A-M., pers. comm. (2019) | AF22: Baky et al., 2010 | AG22: Mekonnen & Hoekstra, 2011. Other vegetables | AH22: SS, 2022. Avg for vegetables | AJ22: NIR, 2020. Average of Cereals | AK22: Chaudhary & Brooks, 2018, Table S5 | AL22: CF_Int crop (Cropland, intensive use) | AM22: Swiss "Deckungsbeitragskatalog" (DBK), processed to be used in SOLm (Muller et al. 2017)
A23: 01192 | B23: Buckwheat | C23: Seeds | D23: =IF(F23>0,"Yes","No") -> No
A24: 01212 | B24: Cabbages | C24: Vegetables | D24: =IF(F24>0,"Yes","No") -> Yes | F24: 33519.06 | G24: =200/33519*F24 -> 200.00036 | I24: =((F24*S24*P24)*T24*O24*(1-N24))+((F24*S24)+(F24*S24*P24))*Q24*T24*R24 -> 308.16083 | J24: =16/33519*F24 -> 16.000029 | K24: 140 | L24: 1139.648 | M24: 1.65 | N24: 0.143 | O24: 0.008 | P24: 1 | Q24: 0.22 | R24: 0.009 | S24: 0.85 | T24: 1 | U24: 4.9926192e-13 | V24: 7.6196994e-13 | W24: 6.9410319e-14 | X24: 7.1402612e-15 | Y24: 1.5342897e-12 | Z24: 164 | AA24: FAOSTAT, avg 2017-2021 | AB24: Marmolin & Björkholm, n.d., Björkholm, A-M., pers. comm. (2019) | AD24: IPCC, 2019 | AE24: Marmolin & Björkholm, n.d., Björkholm, A-M., pers. comm. (2019) | AF24: Baky et al., 2010 | AG24: Mekonnen & Hoekstra, 2011. Other vegetables | AH24: SS, 2022. Avg for vegetables | AJ24: NIR, 2020. Average of Cereals | AK24: Chaudhary & Brooks, 2018, Table S5 | AL24: CF_Int crop (Cropland, intensive use) | AM24: Swiss "Deckungsbeitragskatalog" (DBK), processed to be used in SOLm (Muller et al. 2017)
A25: 01229 | B25: Cantaloupes and other melons | C25: Fruits | D25: =IF(F25>0,"Yes","No") -> No
A26: 01251 | B26: Carrots and turnips | C26: Vegetables | D26: =IF(F26>0,"Yes","No") -> Yes | F26: 62471 | G26: =83/62471*F26 -> 83 | I26: =((F26*S26*P26)*T26*O26*(1-N26))+((F26*S26)+(F26*S26*P26))*Q26*T26*R26 -> 157.28199 | J26: =29.746/62471*F26 -> 29.746 | K26: 140 | L26: 2124.014 | M26: 2.23 | N26: 0.01 | O26: 0.019 | P26: 0.4 | Q26: 0.2 | R26: 0.014 | S26: 0.22 | T26: 1 | U26: 4.9926192e-13 | V26: 7.6196994e-13 | W26: 6.9410319e-14 | X26: 7.1402612e-15 | Y26: 1.5342897e-12 | Z26: 90.2 | AA26: FAOSTAT, avg 2017-2021 | AB26: Marmolin & Björkholm, n.d. | AD26: IPCC, 2019 | AE26: Marmolin & Björkholm, n.d. | AF26: Baky et al., 2010 | AG26: Mekonnen & Hoekstra, 2011. Other vegetables | AH26: SS, 2022 | AI26: IPCC, 2019. Avg for root crops. Yields from FAO | AJ26: NIR, 2020. Average of potato / sugarbeet | AK26: Chaudhary & Brooks, 2018, Table S5 | AL26: CF_Int crop (Cropland, intensive use) | AM26: Swiss "Deckungsbeitragskatalog" (DBK), processed to be used in SOLm (Muller et al. 2017)
A27: 01372 | B27: Cashew nuts, in shell | C27: Nuts | D27: =IF(F27>0,"Yes","No") -> No
A28: 01213_cf | B28: Cauliflowers | C28: Vegetables | D28: =IF(F28>0,"Yes","No") -> Yes | E28: 60 | F28: 15210 | G28: =220/15210*F28 -> 220 | I28: =((F28*S28*P28)*T28*O28*(1-N28))+((F28*S28)+(F28*S28*P28))*Q28*T28*R28 -> 139.83466 | J28: =21.384/15210*F28 -> 21.384 | K28: 140 | L28: 517.14 | M28: 1.65 | N28: 0.143 | O28: 0.008 | P28: 1 | Q28: 0.22 | R28: 0.009 | S28: 0.85 | T28: 1 | U28: 4.9926192e-13 | V28: 7.6196994e-13 | W28: 6.9410319e-14 | X28: 7.1402612e-15 | Y28: 1.5342897e-12 | Z28: 250.1 | AA28: SCB 2023, trädgårdsproduktion (år 2022) | AB28: Marmolin & Björkholm, n.d., Björkholm, A-M., pers. comm. (2019) | AD28: IPCC, 2019 | AE28: Marmolin & Björkholm, n.d., Björkholm, A-M., pers. comm. (2019) | AF28: Baky et al., 2010 | AG28: Mekonnen & Hoekstra, 2011. Other vegetables | AH28: SS, 2022. Avg for vegetables | AJ28: NIR, 2020. Average of Cereals | AK28: Chaudhary & Brooks, 2018, Table S5 | AL28: CF_Int crop (Cropland, intensive use) | AM28: Swiss "Deckungsbeitragskatalog" (DBK), processed to be used in SOLm (Muller et al. 2017)
A29: 01213 | B29: Cauliflowers and broccoli, average | C29: Vegetables | D29: =IF(F29>0,"Yes","No") -> Yes | F29: 11881 | G29: =192/11881*F29 -> 192 | I29: 109 | J29: =22/11881*F29 -> 22 | K29: 140 | L29: 403.954 | M29: 1.65 | N29: 0.143 | O29: 0.008 | P29: 1 | Q29: 0.22 | R29: 0.009 | S29: 0.85 | T29: 1 | U29: 4.9926192e-13 | V29: 7.6196994e-13 | W29: 6.9410319e-14 | X29: 7.1402612e-15 | Y29: 1.5342897e-12 | Z29: 250.1 | AD29: IPCC, 2019 | AG29: Mekonnen & Hoekstra, 2011. Other vegetables | AM29: Swiss "Deckungsbeitragskatalog" (DBK), processed to be used in SOLm (Muller et al. 2017)
A30: 01199.90 | B30: Cereals n.e.c. | C30: Cereals | D30: =IF(F30>0,"Yes","No") -> No
A31: 01344.02 | B31: Cherries | C31: Berries | D31: =IF(F31>0,"Yes","No") -> No
A32: 01373 | B32: Chestnuts, in shell | C32: Nuts | D32: =IF(F32>0,"Yes","No") -> No
A33: 01703 | B33: Chick peas, dry | C33: Pulses | D33: =IF(F33>0,"Yes","No") -> No
A34: 01231 | B34: Chillies and peppers, green (Capsicum spp. and Pimenta spp.), raw | C34: Spices | D34: =IF(F34>0,"Yes","No") -> No
A35: 01640 | B35: Cocoa beans | C35: Stimulants | D35: =IF(F35>0,"Yes","No") -> No
A36: 01460 | B36: Coconut, in shell | C36: Nuts | D36: =IF(F36>0,"Yes","No") -> No
A37: 01610 | B37: Coffee, green | C37: Stimulants | D37: =IF(F37>0,"Yes","No") -> No
A38: 01232 | B38: Cucumbers and gherkins, averrage | C38: Vegetables | D38: =IF(F38>0,"Yes","No") -> Yes | E38: 95 | F38: =(INDEX(Crop_data,MATCH("01232_gh",Crop_data_codes,0),5)*INDEX(Crop_data,MATCH("01232_gh",Crop_data_codes,0),6)+INDEX(Crop_data,MATCH("01232_of",Crop_data_codes,0),5)*INDEX(Crop_data,MATCH("01232_of",Crop_data_codes,0),6))/100 -> 438079.3 | G38: =(INDEX(Crop_data,MATCH("01232_gh",Crop_data_codes,0),5)*INDEX(Crop_data,MATCH("01232_gh",Crop_data_codes,0),7)+INDEX(Crop_data,MATCH("01232_of",Crop_data_codes,0),5)*INDEX(Crop_data,MATCH("01232_of",Crop_data_codes,0),7))/100 -> 1385.8545 | H38: =(INDEX(Crop_data,MATCH("01232_gh",Crop_data_codes,0),5)*INDEX(Crop_data,MATCH("01232_gh",Crop_data_codes,0),8)+INDEX(Crop_data,MATCH("01232_of",Crop_data_codes,0),5)*INDEX(Crop_data,MATCH("01232_of",Crop_data_codes,0),8))/100 -> 0 | I38: =(INDEX(Crop_data,MATCH("01232_gh",Crop_data_codes,0),5)*INDEX(Crop_data,MATCH("01232_gh",Crop_data_codes,0),9)+INDEX(Crop_data,MATCH("01232_of",Crop_data_codes,0),5)*INDEX(Crop_data,MATCH("01232_of",Crop_data_codes,0),9))/100 -> 127.74388 | J38: =(INDEX(Crop_data,MATCH("01232_gh",Crop_data_codes,0),5)*INDEX(Crop_data,MATCH("01232_gh",Crop_data_codes,0),10)+INDEX(Crop_data,MATCH("01232_of",Crop_data_codes,0),5)*INDEX(Crop_data,MATCH("01232_of",Crop_data_codes,0),10))/100 -> 670.34475 | K38: =(INDEX(Crop_data,MATCH("01232_gh",Crop_data_codes,0),5)*INDEX(Crop_data,MATCH("01232_gh",Crop_data_codes,0),11)+INDEX(Crop_data,MATCH("01232_of",Crop_data_codes,0),5)*INDEX(Crop_data,MATCH("01232_of",Crop_data_codes,0),11))/100 -> 7 | L38: =(INDEX(Crop_data,MATCH("01232_gh",Crop_data_codes,0),5)*INDEX(Crop_data,MATCH("01232_gh",Crop_data_codes,0),12)+INDEX(Crop_data,MATCH("01232_of",Crop_data_codes,0),5)*INDEX(Crop_data,MATCH("01232_of",Crop_data_codes,0),12))/100 -> 1752.3172 | M38: =(INDEX(Crop_data,MATCH("01232_gh",Crop_data_codes,0),5)*INDEX(Crop_data,MATCH("01232_gh",Crop_data_codes,0),13)+INDEX(Crop_data,MATCH("01232_of",Crop_data_codes,0),5)*INDEX(Crop_data,MATCH("01232_of",Crop_data_codes,0),13))/100 -> 1.65 | N38: =(INDEX(Crop_data,MATCH("01232_gh",Crop_data_codes,0),5)*INDEX(Crop_data,MATCH("01232_gh",Crop_data_codes,0),14)+INDEX(Crop_data,MATCH("01232_of",Crop_data_codes,0),5)*INDEX(Crop_data,MATCH("01232_of",Crop_data_codes,0),14))/100 -> 0.143 | O38: =(INDEX(Crop_data,MATCH("01232_gh",Crop_data_codes,0),5)*INDEX(Crop_data,MATCH("01232_gh",Crop_data_codes,0),15)+INDEX(Crop_data,MATCH("01232_of",Crop_data_codes,0),5)*INDEX(Crop_data,MATCH("01232_of",Crop_data_codes,0),15))/100 -> 0.008 | P38: =(INDEX(Crop_data,MATCH("01232_gh",Crop_data_codes,0),5)*INDEX(Crop_data,MATCH("01232_gh",Crop_data_codes,0),16)+INDEX(Crop_data,MATCH("01232_of",Crop_data_codes,0),5)*INDEX(Crop_data,MATCH("01232_of",Crop_data_codes,0),16))/100 -> 1 | Q38: =(INDEX(Crop_data,MATCH("01232_gh",Crop_data_codes,0),5)*INDEX(Crop_data,MATCH("01232_gh",Crop_data_codes,0),17)+INDEX(Crop_data,MATCH("01232_of",Crop_data_codes,0),5)*INDEX(Crop_data,MATCH("01232_of",Crop_data_codes,0),17))/100 -> 0.22 | R38: =(INDEX(Crop_data,MATCH("01232_gh",Crop_data_codes,0),5)*INDEX(Crop_data,MATCH("01232_gh",Crop_data_codes,0),18)+INDEX(Crop_data,MATCH("01232_of",Crop_data_codes,0),5)*INDEX(Crop_data,MATCH("01232_of",Crop_data_codes,0),18))/100 -> 0.009 | S38: =(INDEX(Crop_data,MATCH("01232_gh",Crop_data_codes,0),5)*INDEX(Crop_data,MATCH("01232_gh",Crop_data_codes,0),19)+INDEX(Crop_data,MATCH("01232_of",Crop_data_codes,0),5)*INDEX(Crop_data,MATCH("01232_of",Crop_data_codes,0),19))/100 -> 0.85 | T38: =(INDEX(Crop_data,MATCH("01232_gh",Crop_data_codes,0),5)*INDEX(Crop_data,MATCH("01232_gh",Crop_data_codes,0),20)+INDEX(Crop_data,MATCH("01232_of",Crop_data_codes,0),5)*INDEX(Crop_data,MATCH("01232_of",Crop_data_codes,0),20))/100 -> 1 | U38: =(INDEX(Crop_data,MATCH("01232_gh",Crop_data_codes,0),5)*INDEX(Crop_data,MATCH("01232_gh",Crop_data_codes,0),21)+INDEX(Crop_data,MATCH("01232_of",Crop_data_codes,0),5)*INDEX(Crop_data,MATCH("01232_of",Crop_data_codes,0),21))/100 -> 5.6894688e-13 | V38: =(INDEX(Crop_data,MATCH("01232_gh",Crop_data_codes,0),5)*INDEX(Crop_data,MATCH("01232_gh",Crop_data_codes,0),22)+INDEX(Crop_data,MATCH("01232_of",Crop_data_codes,0),5)*INDEX(Crop_data,MATCH("01232_of",Crop_data_codes,0),22))/100 -> 9.8975982e-13 | W38: =(INDEX(Crop_data,MATCH("01232_gh",Crop_data_codes,0),5)*INDEX(Crop_data,MATCH("01232_gh",Crop_data_codes,0),23)+INDEX(Crop_data,MATCH("01232_of",Crop_data_codes,0),5)*INDEX(Crop_data,MATCH("01232_of",Crop_data_codes,0),23))/100 -> 7.8855137e-14 | X38: =(INDEX(Crop_data,MATCH("01232_gh",Crop_data_codes,0),5)*INDEX(Crop_data,MATCH("01232_gh",Crop_data_codes,0),24)+INDEX(Crop_data,MATCH("01232_of",Crop_data_codes,0),5)*INDEX(Crop_data,MATCH("01232_of",Crop_data_codes,0),24))/100 -> 8.5803354e-15 | Y38: =(INDEX(Crop_data,MATCH("01232_gh",Crop_data_codes,0),5)*INDEX(Crop_data,MATCH("01232_gh",Crop_data_codes,0),25)+INDEX(Crop_data,MATCH("01232_of",Crop_data_codes,0),5)*INDEX(Crop_data,MATCH("01232_of",Crop_data_codes,0),25))/100 -> 1.8437309e-12 | Z38: =(INDEX(Crop_data,MATCH("01232_gh",Crop_data_codes,0),5)*INDEX(Crop_data,MATCH("01232_gh",Crop_data_codes,0),26)+INDEX(Crop_data,MATCH("01232_of",Crop_data_codes,0),5)*INDEX(Crop_data,MATCH("01232_of",Crop_data_codes,0),26))/100 -> 782.5285 | AA38: FAOSTAT, avg 2017-2021 | AD38: IPCC, 2019 | AG38: average tomatoes | AM38: approx strawberries
A39: 01232_gh | B39: Cucumbers and gherkins, greenhouse | C39: Vegetables | D39: =IF(F39>0,"Yes","No") -> Yes | E39: 95 | F39: 458366 | G39: =1451.4258/458366*F39 -> 1451.4258 | I39: 109 | J39: =703.7216/458366*F39 -> 703.7216 | K39: 0 | L39: 1833.464 | M39: 1.65 | N39: 0.143 | O39: 0.008 | P39: 1 | Q39: 0.22 | R39: 0.009 | S39: 0.85 | T39: 1 | U39: 5.7261451e-13 | V39: 1.0017488e-12 | W39: 7.9352233e-14 | X39: 8.6561288e-15 | Y39: 1.8600173e-12 | Z39: 807.53 | AA39: SCB 2023, trädgårdsproduktion (år 2022) | AB39: Davis et al. 2011 | AD39: IPCC, 2019 | AE39: Davis et al. (2011) | AG39: average tomatoes | AH39: SS, 2022. Avg for vegetables | AJ39: NIR, 2020. Average of Cereals | AK39: Chaudhary & Brooks, 2018, Table S5 | AL39: CF_Int urb (Urban, intensive use) | AM39: approx strawberries
A40: 01232_of | B40: Cucumbers and gherkins, openfield | C40: Vegetables | D40: =IF(F40>0,"Yes","No") -> Yes | E40: 5 | F40: 52632 | G40: =140/52632*F40 -> 140 | I40: =((F40*S40*P40)*T40*O40*(1-N40))+((F40*S40)+(F40*S40*P40))*Q40*T40*R40 -> 483.87756 | J40: =36.1846153846154/52632*F40 -> 36.184615 | K40: 140 | L40: 210.528 | M40: 1.65 | N40: 0.143 | O40: 0.008 | P40: 1 | Q40: 0.22 | R40: 0.009 | S40: 0.85 | T40: 1 | U40: 4.9926192e-13 | V40: 7.6196994e-13 | W40: 6.9410319e-14 | X40: 7.1402612e-15 | Y40: 1.5342897e-12 | Z40: 307.5 | AA40: SCB 2023, trädgårdsproduktion (år 2022) | AB40: Marmolin & Björkholm, n.d., Björkholm, A-M., pers. comm. (2019) | AD40: IPCC, 2019 | AE40: Marmolin & Björkholm, n.d., Björkholm, A-M., pers. comm. (2019) | AF40: Baky et al., 2010, average for vegetables | AG40: average tomatoes | AH40: SS, 2022. Avg for vegetables | AJ40: NIR, 2020. Average of Cereals | AK40: Chaudhary & Brooks, 2018, Table S5 | AL40: CF_Int crop (Cropland, intensive use) | AM40: Swiss "Deckungsbeitragskatalog" (DBK), processed to be used in SOLm (Muller et al. 2017)
A41: 01351.01 | B41: Currants | C41: Berries | D41: =IF(F41>0,"Yes","No") -> Yes | F41: 4000 | G41: =400*0.08/4000*F41 -> 32 | I41: =((F41*S41*P41)*T41*O41*(1-N41))+((F41*S41)+(F41*S41*P41))*Q41*T41*R41 -> 36.7744 | J41: =400*0.05/4000*F41 -> 20 | K41: 300 | L41: 40.36888 | M41: 2.25 | N41: 0.143 | O41: 0.008 | P41: 1 | Q41: 0.22 | R41: 0.009 | S41: 0.85 | T41: 1 | U41: 4.9926192e-13 | V41: 7.6196994e-13 | W41: 6.9410319e-14 | X41: 7.1402612e-15 | Y41: 1.5342897e-12 | Z41: 755.15 | AA41: SBA, undated. | AB41: SBA, undated. | AD41: IPCC, 2019 | AE41: SBA, undated. | AF41: Baky et al., 2010, average for berries | AG41: Mekonnen & Hoekstra, 2011. Other vegetables | AH41: SS, 2022. Strawberry | AJ41: NIR, 2020. Average of Cereals | AK41: Chaudhary & Brooks, 2018, Table S5 | AL41: CF_Int crop (Cropland, intensive use) | AM41: Swiss "Deckungsbeitragskatalog" (DBK), processed to be used in SOLm (Muller et al. 2017)
A42: 01314 | B42: Dates | C42: Fruits | D42: =IF(F42>0,"Yes","No") -> No
A43: 01599.10 | B43: Edible roots and tubers with high starch or inulin content, n.e.c., fresh | C43: Roots | D43: =IF(F43>0,"Yes","No") -> No
A44: 01233 | B44: Eggplants (aubergines) | C44: Vegetables | D44: =IF(F44>0,"Yes","No") -> No
A45: 01315 | B45: Figs | C45: Fruits | D45: =IF(F45>0,"Yes","No") -> No
A46: 01351.02 | B46: Gooseberries | C46: Berries | D46: =IF(F46>0,"Yes","No") -> No
A47: 01330 | B47: Grapes | C47: Fruits | D47: =IF(F47>0,"Yes","No") -> Yes | F47: 1511 | G47: =33/7977*F47 -> 6.2508462 | I47: =((F47*S47*P47)*T47*O47*(1-N47))+((F47*S47)+(F47*S47*P47))*Q47*T47*R47 -> 13.89153 | J47: =14/7977*F47 -> 2.6518741 | K47: 450 | L47: 126.924 | M47: 6.09 | N47: 0.143 | O47: 0.008 | P47: 1 | Q47: 0.22 | R47: 0.009 | S47: 0.85 | T47: 1 | U47: 4.9926192e-13 | V47: 7.6196994e-13 | W47: 6.9410319e-14 | X47: 7.1402612e-15 | Y47: 1.5342897e-12 | Z47: 332.9 | AA47: FAOSTAT, avg 2017-2021 | AB47: approx strawberries | AD47: IPCC, 2019 | AE47: approx strawberries | AF47: Baky et al., 2010, average for fruit | AG47: Mekonnen & Hoekstra, 2011 | AH47: SS, 2022. Avg for fruits | AJ47: NIR, 2020. Average of Cereals | AK47: Chaudhary & Brooks, 2018, Table S5 | AL47: CF_Int crop (Cropland, intensive use) | AM47: Swiss "Deckungsbeitragskatalog" (DBK), processed to be used in SOLm (Muller et al. 2017)
A48: 01290.01 | B48: Green corn (maize) | C48: Vegetables | D48: =IF(F48>0,"Yes","No") -> No
A49: 01252 | B49: Green garlic | C49: Vegetables | D49: =IF(F49>0,"Yes","No") -> Yes | F49: 3625 | G49: =144/45840*F49 -> 11.387435 | I49: =((F49*S49*P49)*T49*O49*(1-N49))+((F49*S49)+(F49*S49*P49))*Q49*T49*R49 -> 9.12659 | J49: =44/45840*F49 -> 3.4794939 | K49: 140 | L49: 123.25 | M49: 1.65 | N49: =AVERAGE(N101,N86) -> 0.01 | O49: 0.019 | P49: 0.4 | Q49: 0.2 | R49: 0.014 | S49: 0.22 | T49: 1 | U49: 4.9926192e-13 | V49: 7.6196994e-13 | W49: 6.9410319e-14 | X49: 7.1402612e-15 | Y49: 1.5342897e-12 | Z49: 176.3 | AA49: FAOSTAT, avg 2017-2021 | AB49: approx onions and challots | AD49: IPCC, 2019 | AE49: approx onion and shallots | AF49: Baky et al., 2010, average for vegetables | AG49: Mekonnen & Hoekstra, 2011. Other vegetables | AH49: SS, 2022. Avg for vegetables | AI49: IPCC, 2019. Avg for root crops. Yields from FAO | AJ49: NIR, 2020. Average of potato / sugar beet | AK49: Chaudhary & Brooks, 2018, Table S5 | AL49: CF_Int crop (Cropland, intensive use) | AM49: Swiss "Deckungsbeitragskatalog" (DBK), processed to be used in SOLm (Muller et al. 2017)
A50: 0142 | B50: Groundnuts, excluding shelled | C50: Nuts | D50: =IF(F50>0,"Yes","No") -> No
A51: 01374 | B51: Hazelnuts, in shell | C51: Nuts | D51: =IF(F51>0,"Yes","No") -> No
A52: 01352 | B52: Kiwi fruit | C52: Fruits | D52: =IF(F52>0,"Yes","No") -> No
A53: 01254 | B53: Leeks and other alliaceous vegetables | C53: Vegetables | D53: =IF(F53>0,"Yes","No") -> Yes | F53: 29234.9 | G53: =220/29235*F53 -> 219.99925 | I53: =((F53*S53*P53)*T53*O53*(1-N53))+((F53*S53)+(F53*S53*P53))*Q53*T53*R53 -> 73.604123 | J53: =44/29235*F53 -> 43.999849 | K53: 140 | L53: 993.9866 | M53: 1.65 | N53: =AVERAGE(N101,N86) -> 0.01 | O53: 0.019 | P53: 0.4 | Q53: 0.2 | R53: 0.014 | S53: 0.22 | T53: 1 | U53: 4.9926192e-13 | V53: 7.6196994e-13 | W53: 6.9410319e-14 | X53: 7.1402612e-15 | Y53: 1.5342897e-12 | Z53: 666.25 | AA53: FAOSTAT, avg 2017-2021 | AB53: Marmolin & Björkholm, n.d | AD53: IPCC, 2019 | AE53: Marmolin & Björkholm, n.d | AF53: Baky et al., 2010 | AG53: Mekonnen & Hoekstra, 2011. Other vegetables | AH53: SS, 2022. Avg for vegetables | AI53: IPCC, 2019. Avg for root crops. Yields from FAO | AJ53: NIR, 2020. Average of potato / sugar beet | AK53: Chaudhary & Brooks, 2018, Table S5 | AL53: CF_Int crop (Cropland, intensive use) | AM53: Swiss "Deckungsbeitragskatalog" (DBK), processed to be used in SOLm (Muller et al. 2017)
A54: 01322 | B54: Lemons and limes | C54: Fruits | D54: =IF(F54>0,"Yes","No") -> No
A55: 01704 | B55: Lentils, dry | C55: Pulses | D55: =IF(F55>0,"Yes","No") -> Yes | F55: 900 | G55: =0/900*F55 -> 0 | H55: 63 | I55: =((F55*S55*P55)*T55*O55*(1-N55))+((F55*S55)+(F55*S55*P55))*Q55*T55*R55 -> 17.315626 | J55: =0/900*F55 -> 0 | K55: 79 | L55: 0.9 | M55: 0 | N55: 0.022 | O55: 0.008 | P55: 2.1 | Q55: 0.19 | R55: 0.008 | S55: 0.91 | T55: 1 | U55: 4.9926192e-13 | V55: 7.6196994e-13 | W55: 6.9410319e-14 | X55: 7.1402612e-15 | Y55: 1.5342897e-12 | Z55: 13.74 | AA55: Tidåker et al, 2021 | AC55: approx peas | AD55: IPCC, 2019 | AF55: Tidåker et al, 2021 | AG55: Mekonnen & Hoekstra, 2011. Beans, peas | AM55: Swiss "Deckungsbeitragskatalog" (DBK), processed to be used in SOLm (Muller et al. 2017)
A56: 01214 | B56: Lettuce and chicory | C56: Vegetables | D56: =IF(F56>0,"Yes","No") -> Yes | F56: 15758.84 | G56: =104/15759*F56 -> 103.99894 | I56: =((F56*S56*P56)*T56*O56*(1-N56))+((F56*S56)+(F56*S56*P56))*Q56*T56*R56 -> 144.88047 | J56: =21/15759*F56 -> 20.999787 | K56: 140 | L56: 535.80056 | M56: 1.65 | N56: 0.143 | O56: 0.008 | P56: 1 | Q56: 0.22 | R56: 0.009 | S56: 0.85 | T56: 1 | U56: 4.9926192e-13 | V56: 7.6196994e-13 | W56: 6.9410319e-14 | X56: 7.1402612e-15 | Y56: 1.5342897e-12 | Z56: 246 | AA56: FAOSTAT, avg 2017-2021 | AB56: Marmolin & Björkholm, n.d | AD56: IPCC, 2019 | AE56: Marmolin & Björkholm, n.d | AF56: Baky et al., 2010 | AG56: Mekonnen & Hoekstra, 2011. Other vegetables | AH56: SS, 2022. Avg for vegetables | AJ56: NIR, 2020. Average of Cereals | AK56: Chaudhary & Brooks, 2018, Table S5 | AL56: CF_Int crop (Cropland, intensive use) | AM56: Swiss "Deckungsbeitragskatalog" (DBK), processed to be used in SOLm (Muller et al. 2017)
A57: 01441 | B57: Linseed | C57: Seeds | D57: =IF(F57>0,"Yes","No") -> Yes | F57: 1575.04 | G57: 60 | I57: =((F57*S57*P57)*T57*O57*(1-N57))+((F57*S57)+(F57*S57*P57))*Q57*T57*R57 -> 14.480288 | J57: 15 | K57: 65.4 | L57: 444.16128 | M57: 0.7 | N57: 0.143 | O57: 0.008 | P57: 1 | Q57: 0.22 | R57: 0.009 | S57: 0.85 | T57: 1 | U57: 4.9926192e-13 | V57: 7.6196994e-13 | W57: 6.9410319e-14 | X57: 7.1402612e-15 | Y57: 1.5342897e-12 | Z57: 15.89 | AA57: FAOSTAT, avg 2017-2021 | AB57: Ludeman, 2022 | AD57: IPCC, 2019 | AE57: Ludeman, 2022 | AF57: Baky et al., 2010 | AG57: Mekonnen & Hoekstra, 2011. Other oilcrops | AH57: SS, 2022 | AJ57: NIR, 2020. Average of Cereals | AK57: Chaudhary & Brooks, 2018, Table S5 | AL57: CF_Int crop (Cropland, intensive use) | AM57: Swiss "Deckungsbeitragskatalog" (DBK), processed to be used in SOLm (Muller et al. 2017)
A58: 01709.02 | B58: Lupins | C58: Pulses | D58: =IF(F58>0,"Yes","No") -> No
A59: 0112 | B59: Maize (corn) | C59: Cereals, incl feed | D59: =IF(F59>0,"Yes","No") -> Yes | F59: 6609.85 | G59: =132/6610*F59 -> 131.997 | I59: =((F59*S59*P59)*T59*O59*(1-N59))+((F59*S59)+(F59*S59*P59))*Q59*T59*R59 -> 53.259263 | J59: =37/6610*F59 -> 36.99916 | K59: 69 | L59: 330.4925 | M59: 0.11 | N59: 0.143 | O59: 0.006 | P59: 1 | Q59: 0.22 | R59: 0.007 | S59: 0.98 | T59: 1 | U59: 4.9926192e-13 | V59: 7.6196994e-13 | W59: 6.9410319e-14 | X59: 7.1402612e-15 | Y59: 1.5342897e-12 | Z59: 13.89 | AA59: FAOSTAT, avg 2017-2021 | AB59: SS, 2020 | AD59: IPCC, 2019 | AE59: SS, 2020 | AF59: Baky et al., 2010, average for cereals | AG59: Mekonnen & Hoekstra, 2011 | AH59: SS, 2022 | AI59: IPCC, 2019. Yields from FAO | AJ59: NIR, 2020. Average of Cereals | AK59: Chaudhary & Brooks, 2018, Table S5 | AL59: CF_Int crop (Cropland, intensive use) | AM59: Swiss "Deckungsbeitragskatalog" (DBK), processed to be used in SOLm (Muller et al. 2017)
A60: 01316 | B60: Mangoes, guavas and mangosteens | C60: Fruits | D60: =IF(F60>0,"Yes","No") -> No | AE60: SS, 2020
A61: 0118 | B61: Millet | C61: Cereals | D61: =IF(F61>0,"Yes","No") -> No
A62: 01199.02 | B62: Mixed grain | C62: Cereals | D62: =IF(F62>0,"Yes","No") -> No
A63: 01270 | B63: Mushrooms and truffles | C63: Mushrooms | D63: =IF(F63>0,"Yes","No") -> No
A64: 0117 | B64: Oats | C64: Cereals, incl feed | D64: =IF(F64>0,"Yes","No") -> Yes | F64: 3927.56 | G64: =71/3928*F64 -> 70.992047 | I64: =((F64*S64*P64)*T64*O64*(1-N64))+((F64*S64)+(F64*S64*P64))*Q64*T64*R64 -> 44.707808 | J64: =15/3928*F64 -> 14.99832 | K64: 68.6 | L64: 0 | M64: 0.45 | N64: 0.1 | O64: 0.007 | P64: 1.3 | Q64: 0.25 | R64: 0.008 | S64: 0.89 | T64: 1 | U64: 4.9926192e-13 | V64: 7.6196994e-13 | W64: 6.9410319e-14 | X64: 7.1402612e-15 | Y64: 1.5342897e-12 | Z64: 15.18 | AA64: FAOSTAT, avg 2017-2021 | AB64: SS, 2020 | AD64: IPCC, 2019 | AE64: SS, 2020 | AF64: Baky et al., 2010 | AG64: Mekonnen & Hoekstra, 2011 | AH64: SS, 2022 | AI64: IPCC, 2019. Yields from FAO | AJ64: NIR, 2020 | AK64: Chaudhary & Brooks, 2018, Table S5 | AL64: CF_Int crop (Cropland, intensive use) | AM64: Swiss "Deckungsbeitragskatalog" (DBK), processed to be used in SOLm (Muller et al. 2017)
A65: 01491.01 | B65: Oil palm fruit | C65: Oil crops, tree | D65: =IF(F65>0,"Yes","No") -> No | AE65: SS, 2020
A66: 01450 | B66: Olives | C66: Oil crops, tree | D66: =IF(F66>0,"Yes","No") -> No
A67: 01253.02 | B67: Onions and shallots, dry (excluding dehydrated) | C67: Vegetables | D67: =IF(F67>0,"Yes","No") -> Yes | F67: 45839.6 | G67: =144/45840*F67 -> 143.99874 | I67: =((F67*S67*P67)*T67*O67*(1-N67))+((F67*S67)+(F67*S67*P67))*Q67*T67*R67 -> 115.40944 | J67: =44/45840*F67 -> 43.999616 | K67: 140 | L67: 1466.867 | M67: 4.71 | N67: =AVERAGE(N101,N86) -> 0.01 | O67: 0.019 | P67: 0.4 | Q67: 0.2 | R67: 0.014 | S67: 0.22 | T67: 1 | U67: 4.9926192e-13 | V67: 7.6196994e-13 | W67: 6.9410319e-14 | X67: 7.1402612e-15 | Y67: 1.5342897e-12 | Z67: 176.3 | AA67: FAOSTAT, avg 2017-2021 | AB67: Marmolin & Björkholm, n.d. | AD67: IPCC, 2019 | AE67: Marmolin & Björkholm, n.d. | AF67: Baky et al., 2010 | AG67: Mekonnen & Hoekstra, 2011 | AH67: SS, 2022 | AI67: IPCC, 2019. Avg for root crops. Yields from FAO | AJ67: NIR, 2020. Average of potato/sugar beet | AK67: Chaudhary & Brooks, 2018, Table S5 | AL67: CF_Int crop (Cropland, intensive use) | AM67: Swiss "Deckungsbeitragskatalog" (DBK), processed to be used in SOLm (Muller et al. 2017)
A68: 01323 | B68: Oranges | C68: Fruits | D68: =IF(F68>0,"Yes","No") -> No
A69: 01241.90 | B69: Other beans, green | C69: Vegetables | D69: =IF(F69>0,"Yes","No") -> Yes | F69: 2556.25 | G69: =2/2556*F69 -> 2.0001956 | H69: 24 | I69: =((F69*S69*P69)*T69*O69*(1-N69))+((F69*S69)+(F69*S69*P69))*Q69*T69*R69 -> 49.181187 | J69: =4/2556*F69 -> 4.0003912 | K69: 61.1 | L69: 2.55625 | M69: 0.595 | N69: 0.022 | O69: 0.008 | P69: 2.1 | Q69: 0.19 | R69: 0.008 | S69: 0.91 | T69: 1 | U69: 4.9926192e-13 | V69: 7.6196994e-13 | W69: 6.9410319e-14 | X69: 7.1402612e-15 | Y69: 1.5342897e-12 | Z69: 15.58 | AA69: FAOSTAT, avg 2017-2021 | AB69: SS, 2020 Faba bean | AC69: Lassaletta et al., 2014 | AD69: IPCC, 2019 | AE69: SS, 2020 Faba bean | AF69: Baky et al., 2010 | AG69: Mekonnen & Hoekstra, 2011. Beans | AH69: SS, 2022 Avg Fava Bean / Peas | AI69: IPCC, 2019. Yields from FAO | AJ69: NIR, 2020 | AK69: Chaudhary & Brooks, 2018, Table S5 | AL69: CF_Int crop (Cropland, intensive use) | AM69: Swiss "Deckungsbeitragskatalog" (DBK), processed to be used in SOLm (Muller et al. 2017)
A70: 01359.90 | B70: Other fruits, n.e.c. | C70: Fruits | D70: =IF(F70>0,"Yes","No") -> No
A71: 01449.90 | B71: Other oil seeds, n.e.c. | C71: Oil crops | D71: =IF(F71>0,"Yes","No") -> No
A72: 01709.90 | B72: Other pulses n.e.c. | C72: Pulses | D72: =IF(F72>0,"Yes","No") -> Yes | F72: 1495.625 | G72: =2/1496*F72 -> 1.9994987 | H72: 24 | I72: =((F72*S72*P72)*T72*O72*(1-N72))+((F72*S72)+(F72*S72*P72))*Q72*T72*R72 -> 28.775203 | J72: =4/1496*F72 -> 3.9989973 | K72: 63.2 | L72: 1.495625 | M72: 0.595 | N72: 0.022 | O72: 0.008 | P72: 2.1 | Q72: 0.19 | R72: 0.008 | S72: 0.91 | T72: 1 | U72: 4.9926192e-13 | V72: 7.6196994e-13 | W72: 6.9410319e-14 | X72: 7.1402612e-15 | Y72: 1.5342897e-12 | Z72: 15.58 | AA72: FAOSTAT, avg 2017-2021 | AB72: SS, 2020 Faba bean | AC72: Lassaletta et al., 2014 | AD72: IPCC, 2019 | AE72: SS, 2020 Faba bean | AF72: Baky et al., 2010 | AG72: Mekonnen & Hoekstra, 2011. Beans, peas | AH72: SS, 2022 Avg Fava Bean / Peas | AI72: IPCC, 2019. Yields from FAO | AJ72: NIR, 2020. | AK72: Chaudhary & Brooks, 2018, Table S5 | AL72: CF_Int crop (Cropland, intensive use) | AM72: Swiss "Deckungsbeitragskatalog" (DBK), processed to be used in SOLm (Muller et al. 2017)
A73: 01699 | B73: Other stimulant, spice and aromatic crops, n.e.c. | C73: Stimulants | D73: =IF(F73>0,"Yes","No") -> No
A74: 01290.90 | B74: Other vegetables, fresh n.e.c. | C74: Vegetables | D74: =IF(F74>0,"Yes","No") -> Yes | F74: 10597.54 | G74: =132/10598*F74 -> 131.99427 | I74: =((F74*S74*P74)*T74*O74*(1-N74))+((F74*S74)+(F74*S74*P74))*Q74*T74*R74 -> 97.405523 | J74: =30/10598*F74 -> 29.998698 | K74: 140 | L74: 10.59754 | M74: 1.65 | N74: =AVERAGE(N15:N16,N95,N117:N118,N64) -> 0.14333333 | O74: 0.008 | P74: 1 | Q74: 0.22 | R74: 0.009 | S74: 0.85 | T74: 1 | U74: 4.9926192e-13 | V74: 7.6196994e-13 | W74: 6.9410319e-14 | X74: 7.1402612e-15 | Y74: 1.5342897e-12 | Z74: =(Z24+Z26+Z22+Z28+Z53+Z56+Z67+Z87)/8 -> 249.33125 | AA74: FAOSTAT, avg 2017-2021 | AB74: mean all vegetables with data | AD74: IPCC, 2019 | AE74: mean all vegetables with data | AF74: Baky et al., 2010, average for vegetables | AG74: Mekonnen & Hoekstra, 2011 | AH74: SS, 2022. Avg for vegetables | AJ74: NIR, 2020. Average of Cereals | AK74: Chaudhary & Brooks, 2018, Table S5 | AL74: CF_Int crop (Cropland, intensive use) | AM74: approx vegetables
A75: 01317 | B75: Papayas | C75: Fruits | D75: =IF(F75>0,"Yes","No") -> No
A76: 01345 | B76: Peaches and nectarines | C76: Fruits | D76: =IF(F76>0,"Yes","No") -> No
A77: 01342.01 | B77: Pears | C77: Fruits | D77: =IF(F77>0,"Yes","No") -> Yes | F77: 15789.38 | G77: =48/15789*F77 -> 48.001155 | I77: =((F77*S77*P77)*T77*O77*(1-N77))+((F77*S77)+(F77*S77*P77))*Q77*T77*R77 -> 145.16124 | J77: =6.5295/15789*F77 -> 6.5296571 | K77: 450 | L77: 2399.9858 | M77: 6.09 | N77: 0.143 | O77: 0.008 | P77: 1 | Q77: 0.22 | R77: 0.009 | S77: 0.85 | T77: 1 | U77: 4.9926192e-13 | V77: 7.6196994e-13 | W77: 6.9410319e-14 | X77: 7.1402612e-15 | Y77: 1.5342897e-12 | Z77: 285.7 | AA77: FAOSTAT, avg 2017-2021 | AB77: SBA, 2004 | AD77: IPCC, 2019 | AE77: SBA, 2004 | AF77: SBA, 2011 | AG77: Mekonnen & Hoekstra, 2011. Other fruits | AH77: SS, 2022. Avg for fruits | AJ77: NIR, 2020. Average of Cereals | AK77: Chaudhary & Brooks, 2018, Table S5 | AL77: CF_Int crop (Cropland, intensive use) | AM77: Swiss "Deckungsbeitragskatalog" (DBK), processed to be used in SOLm (Muller et al. 2017)
A78: 01705 | B78: Peas, dry | C78: Pulses, incl feed | D78: =IF(F78>0,"Yes","No") -> Yes | F78: 2962.34 | G78: =0/2962*F78 -> 0 | H78: 63 | I78: =((F78*S78*P78)*T78*O78*(1-N78))+((F78*S78)+(F78*S78*P78))*Q78*T78*R78 -> 57.990531 | J78: =5/2962*F78 -> 5.0005739 | K78: 63.2 | L78: 2.96234 | M78: 0.58 | N78: 0 | O78: 0.008 | P78: 2.1 | Q78: 0.19 | R78: 0.008 | S78: 0.91 | T78: 1 | U78: 4.9926192e-13 | V78: 7.6196994e-13 | W78: 6.9410319e-14 | X78: 7.1402612e-15 | Y78: 1.5342897e-12 | Z78: 13.74 | AA78: FAOSTAT, avg 2017-2022 | AB78: SS, 2020 | AC78: Lassaletta et al., 2014 | AD78: IPCC, 2019 | AE78: SS, 2020 | AF78: Baky et al., 2010 | AG78: Mekonnen & Hoekstra, 2011 | AH78: SS, 2022 | AI78: IPCC, 2019. Yields from FAO | AJ78: NIR, 2020 | AK78: Chaudhary & Brooks, 2018, Table S5 | AL78: CF_Int crop (Cropland, intensive use) | AM78: Swiss "Deckungsbeitragskatalog" (DBK), processed to be used in SOLm (Muller et al. 2017)
A79: 01242 | B79: Peas, green | C79: Vegetables | D79: =IF(F79>0,"Yes","No") -> Yes | F79: 4016.74 | G79: =0/4017*F79 -> 0 | H79: 63 | I79: =((F79*S79*P79)*T79*O79*(1-N79))+((F79*S79)+(F79*S79*P79))*Q79*T79*R79 -> 78.631381 | J79: =5/4017*F79 -> 4.9996764 | K79: 63.2 | L79: 4.01674 | M79: 0.58 | N79: 0 | O79: 0.008 | P79: 2.1 | Q79: 0.19 | R79: 0.008 | S79: 0.91 | T79: 1 | U79: 4.9926192e-13 | V79: 7.6196994e-13 | W79: 6.9410319e-14 | X79: 7.1402612e-15 | Y79: 1.5342897e-12 | Z79: 15.58 | AA79: FAOSTAT, avg 2017-2023 | AB79: SS, 2020 | AC79: Lassaletta et al., 2014 | AD79: IPCC, 2019 | AE79: SS, 2020 | AF79: Baky et al., 2010 | AG79: Mekonnen & Hoekstra, 2011 | AH79: SS, 2022 | AI79: IPCC, 2019. Yields from FAO | AJ79: NIR, 2020 | AK79: Chaudhary & Brooks, 2018, Table S5 | AL79: CF_Int crop (Cropland, intensive use) | AM79: Swiss "Deckungsbeitragskatalog" (DBK), processed to be used in SOLm (Muller et al. 2017)
A80: 01651 | B80: Pepper (Piper spp.), raw | C80: Vegetables | D80: =IF(F80>0,"Yes","No") -> No
A81: 01318 | B81: Pineapples | C81: Fruits | D81: =IF(F81>0,"Yes","No") -> No
A82: 01313 | B82: Plantains and cooking bananas | C82: Fruits | D82: =IF(F82>0,"Yes","No") -> No
A83: 01346 | B83: Plums and sloes | C83: Fruits | D83: =IF(F83>0,"Yes","No") -> Yes | F83: 6050 | G83: =41/6050*F83 -> 41 | I83: =((F83*S83*P83)*T83*O83*(1-N83))+((F83*S83)+(F83*S83*P83))*Q83*T83*R83 -> 55.62128 | J83: =6/6050*F83 -> 6 | K83: 450 | L83: 919.6 | M83: 6.09 | N83: 0.143 | O83: 0.008 | P83: 1 | Q83: 0.22 | R83: 0.009 | S83: 0.85 | T83: 1 | U83: 4.9926192e-13 | V83: 7.6196994e-13 | W83: 6.9410319e-14 | X83: 7.1402612e-15 | Y83: 1.5342897e-12 | Z83: 333.36 | AA83: FAOSTAT, avg 2017-2021 | AB83: approx apples | AD83: IPCC, 2019 | AE83: approx apples | AF83: Baky et al., 2010, average for fruit | AG83: Mekonnen & Hoekstra, 2011. Other fruits | AH83: SS, 2022. Avg for fruits | AJ83: NIR, 2020. Average of Cereals | AK83: Chaudhary & Brooks, 2018, Table S5 | AL83: CF_Int crop (Cropland, intensive use) | AM83: Swiss "Deckungsbeitragskatalog" (DBK), processed to be used in SOLm (Muller et al. 2017)
A84: 01321 | B84: Pomelos and grapefruits | C84: Fruits | D84: =IF(F84>0,"Yes","No") -> No
A85: 01448 | B85: Poppy seed | C85: Seeds | D85: =IF(F85>0,"Yes","No") -> No
A86: 01510 | B86: Potatoes | C86: Roots | D86: =IF(F86>0,"Yes","No") -> Yes | F86: 34393.5 | G86: =101/34393.5*F86 -> 101 | I86: =((F86*S86*P86)*T86*O86*(1-N86))+((F86*S86)+(F86*S86*P86))*Q86*T86*R86 -> 86.419309 | J86: =41/34393.5*F86 -> 41 | K86: 135.5 | L86: 343.935 | M86: 2.13 | N86: 0.013 | O86: 0.019 | P86: 0.4 | Q86: 0.2 | R86: 0.014 | S86: 0.22 | T86: 1 | U86: 4.9926192e-13 | V86: 7.6196994e-13 | W86: 6.9410319e-14 | X86: 7.1402612e-15 | Y86: 1.5342897e-12 | Z86: 110.13 | AA86: FAOSTAT, avg 2017-2021 | AB86: SS, 2020 | AD86: IPCC, 2019 | AE86: SS, 2020 | AF86: Baky et al., 2010 | AG86: Mekonnen & Hoekstra, 2011 | AH86: SS, 2022 | AI86: IPCC, 2019. Yields from FAO | AJ86: NIR, 2020 | AK86: Chaudhary & Brooks, 2018, Table S5 | AL86: CF_Int crop (Cropland, intensive use) | AM86: Swiss "Deckungsbeitragskatalog" (DBK), processed to be used in SOLm (Muller et al. 2017)
A87: 01235 | B87: Pumpkins, squash and gourds | C87: Vegetables | D87: =IF(F87>0,"Yes","No") -> Yes | F87: 23020.85 | G87: =18/23021*F87 -> 17.999883 | I87: =((F87*S87*P87)*T87*O87*(1-N87))+((F87*S87)+(F87*S87*P87))*Q87*T87*R87 -> 211.64449 | K87: 140 | L87: 782.7089 | M87: 1.65 | N87: 0.143 | O87: 0.008 | P87: 1 | Q87: 0.22 | R87: 0.009 | S87: 0.85 | T87: 1 | U87: 4.9926192e-13 | V87: 7.6196994e-13 | W87: 6.9410319e-14 | X87: 7.1402612e-15 | Y87: 1.5342897e-12 | Z87: 151.7 | AA87: FAOSTAT, avg 2017-2022 | AB87: Karlsson-Potter, 2023 | AD87: IPCC, 2019 | AF87: Baky et al., 2010, average for vegetables | AG87: Mekonnen & Hoekstra, 2011. Other vegetables | AH87: SS, 2022. Avg for vegetables | AJ87: NIR, 2020. Average of Cereals | AK87: Chaudhary & Brooks, 2018, Table S5 | AL87: CF_Int crop (Cropland, intensive use) | AM87: Swiss "Deckungsbeitragskatalog" (DBK), processed to be used in SOLm (Muller et al. 2017)
A88: 01342.02 | B88: Quinces | C88: Other | D88: =IF(F88>0,"Yes","No") -> No
A89: 01194 | B89: Quinoa | C89: Seeds | D89: =IF(F89>0,"Yes","No") -> No
A90: 01443 | B90: Rape or colza seed, average | C90: Oil crops | D90: =IF(F90>0,"Yes","No") -> Yes | F90: 3117.4 | G90: 147 | I90: 30.525581 | J90: =16/1726*F90 -> 28.898262 | K90: 60 | L90: 6.2348 | M90: 0.359 | N90: 0.055 | O90: 0.008 | P90: 1 | Q90: 0.22 | R90: 0.009 | S90: 0.85 | T90: 1 | U90: 4.9926192e-13 | V90: 7.6196994e-13 | W90: 6.9410319e-14 | X90: 7.1402612e-15 | Y90: 1.5342897e-12 | Z90: 15.89 | AA90: Average of winter and spring rape for all variables
A91: 01443_s | B91: Rape or colza seed, spring | C91: Oil crops | D91: =IF(F91>0,"Yes","No") -> Yes | E91: 10 | F91: 1726 | G91: =147/1726*F91 -> 147 | I91: =((F91*S91*P91)*T91*O91*(1-N91))+((F91*S91)+(F91*S91*P91))*Q91*T91*R91 -> 16.900992 | J91: =16/1726*F91 -> 16 | K91: 60 | L91: 3.452 | M91: 0.26 | N91: 0.055 | O91: 0.008 | P91: 1 | Q91: 0.22 | R91: 0.009 | S91: 0.85 | T91: 1 | U91: 4.9926192e-13 | V91: 7.6196994e-13 | W91: 6.9410319e-14 | X91: 7.1402612e-15 | Y91: 1.5342897e-12 | Z91: 15.89 | AA91: Eurostat, avg 2017-2021 | AB91: SS, 2020 (winter) | AD91: IPCC, 2019 | AE91: SS, 2020 (winter) | AF91: Baky et al., 2010 | AG91: Mekonnen & Hoekstra, 2011 | AH91: SS, 2022 | AJ91: NIR, 2020 | AK91: Chaudhary & Brooks, 2018, Table S5 | AL91: CF_Int crop (Cropland, intensive use) | AM91: Swiss "Deckungsbeitragskatalog" (DBK), processed to be used in SOLm (Muller et al. 2017)
A92: 01443_w | B92: Rape or colza seed, winter | C92: Oil crops | D92: =IF(F92>0,"Yes","No") -> Yes | E92: 90 | F92: 3272 | G92: =147/3272*F92 -> 147 | I92: =((F92*S92*P92)*T92*O92*(1-N92))+((F92*S92)+(F92*S92*P92))*Q92*T92*R92 -> 32.039424 | J92: =16/3272*F92 -> 16 | K92: 60 | L92: 6.544 | M92: 0.37 | N92: 0.055 | O92: 0.008 | P92: 1 | Q92: 0.22 | R92: 0.009 | S92: 0.85 | T92: 1 | U92: 4.9926192e-13 | V92: 7.6196994e-13 | W92: 6.9410319e-14 | X92: 7.1402612e-15 | Y92: 1.5342897e-12 | Z92: 15.89 | AA92: Eurostat, avg 2017-2021 | AB92: SS, 2020 (winter) | AD92: IPCC, 2019 | AE92: SS, 2020 (winter) | AF92: Baky et al., 2010 | AG92: Mekonnen & Hoekstra, 2011 | AH92: SS, 2022 | AJ92: NIR, 2020 | AK92: Chaudhary & Brooks, 2018, Table S5 | AL92: CF_Int crop (Cropland, intensive use) | AM92: Swiss "Deckungsbeitragskatalog" (DBK), processed to be used in SOLm (Muller et al. 2017)
A93: 01353.01 | B93: Raspberries | C93: Berries | D93: =IF(F93>0,"Yes","No") -> Yes | F93: 3521.8 | G93: =100/3521.8*F93 -> 100 | I93: =((F93*S93*P93)*T93*O93*(1-N93))+((F93*S93)+(F93*S93*P93))*Q93*T93*R93 -> 32.37802 | J93: =12.5/3521.8*F93 -> 12.5 | K93: 300 | L93: 535.3136 | M93: 2.25 | N93: 0.143 | O93: 0.008 | P93: 1 | Q93: 0.22 | R93: 0.009 | S93: 0.85 | T93: 1 | U93: 4.9926192e-13 | V93: 7.6196994e-13 | W93: 6.9410319e-14 | X93: 7.1402612e-15 | Y93: 1.5342897e-12 | Z93: 1761.04 | AA93: FAOSTAT, avg 2017-2021 | AB93: Nilsson (2011) | AD93: IPCC, 2019 | AE93: Nilsson (2011) | AF93: SBA, 2011 | AG93: Mekonnen & Hoekstra, 2011. Other fruits | AH93: SS, 2022. Strawberry | AJ93: NIR, 2020. Average of Cereals | AK93: Chaudhary & Brooks, 2018, Table S5 | AL93: CF_Int crop (Cropland, intensive use) | AM93: Swiss "Deckungsbeitragskatalog" (DBK), processed to be used in SOLm (Muller et al. 2017)
A94: 0113 | B94: Rice | C94: Cereals | D94: =IF(F94>0,"Yes","No") -> No
A95: 0116 | B95: Rye | C95: Cereals, incl feed | D95: =IF(F95>0,"Yes","No") -> Yes | F95: 5966.24 | G95: =95/5966*F95 -> 95.003822 | I95: =((F95*S95*P95)*T95*O95*(1-N95))+((F95*S95)+(F95*S95*P95))*Q95*T95*R95 -> 65.796649 | J95: =7/5966*F95 -> 7.0002816 | K95: 68.7 | L95: 0 | M95: 0.94 | N95: 0.22 | O95: 0.005 | P95: 1.6 | Q95: 0.22 | R95: 0.011 | S95: 0.88 | T95: 1 | U95: 4.9926192e-13 | V95: 7.6196994e-13 | W95: 6.9410319e-14 | X95: 7.1402612e-15 | Y95: 1.5342897e-12 | Z95: 16 | AA95: FAOSTAT, avg 2017-2021 | AB95: SS, 2020 | AD95: IPCC, 2019 | AE95: SS, 2020 | AF95: Baky et al., 2010 | AG95: Mekonnen & Hoekstra, 2011 | AH95: SS, 2022 | AI95: IPCC, 2019. Yields from FAO | AJ95: NIR, 2020 | AK95: Chaudhary & Brooks, 2018, Table S5 | AL95: CF_Int crop (Cropland, intensive use) | AM95: Swiss "Deckungsbeitragskatalog" (DBK), processed to be used in SOLm (Muller et al. 2017)
A96: 0114 | B96: Sorghum | C96: Cereals | D96: =IF(F96>0,"Yes","No") -> No
A97: 01344.01 | B97: Sour cherries | C97: Fruits | D97: =IF(F97>0,"Yes","No") -> Yes | F97: 3636.66 | G97: =100/3637*F97 -> 99.990652 | I97: =((F97*S97*P97)*T97*O97*(1-N97))+((F97*S97)+(F97*S97*P97))*Q97*T97*R97 -> 33.433997 | J97: =13/3637*F97 -> 12.998785 | K97: 450 | L97: 552.77232 | M97: 6.09 | N97: 0.143 | O97: 0.008 | P97: 1 | Q97: 0.22 | R97: 0.009 | S97: 0.85 | T97: 1 | U97: 4.9926192e-13 | V97: 7.6196994e-13 | W97: 6.9410319e-14 | X97: 7.1402612e-15 | Y97: 1.5342897e-12 | Z97: 333.36 | AA97: FAOSTAT, avg 2017-2021 | AB97: approx raspberries | AD97: IPCC, 2019 | AE97: approx raspberries | AF97: Baky et al., 2010, average for fruit | AG97: Mekonnen & Hoekstra, 2011. Other fruits | AH97: SS, 2022. Avg for fruits | AJ97: NIR, 2020. Average of Cereals | AK97: Chaudhary & Brooks, 2018, Table S5 | AL97: CF_Int crop (Cropland, intensive use) | AM97: approx plums
A98: 0141 | B98: Soya beans | C98: Pulses | D98: =IF(F98>0,"Yes","No") -> No
A99: 01215 | B99: Spinach | C99: Vegetables | D99: =IF(F99>0,"Yes","No") -> Yes | F99: 3542.86 | G99: =45/3543*F99 -> 44.998222 | I99: =((F99*S99*P99)*T99*O99*(1-N99))+((F99*S99)+(F99*S99*P99))*Q99*T99*R99 -> 32.571638 | J99: =9/3543*F99 -> 8.9996444 | K99: 140 | L99: 120.45724 | M99: 1.65 | N99: 0.143 | O99: 0.008 | P99: 1 | Q99: 0.22 | R99: 0.009 | S99: 0.85 | T99: 1 | U99: 4.9926192e-13 | V99: 7.6196994e-13 | W99: 6.9410319e-14 | X99: 7.1402612e-15 | Y99: 1.5342897e-12 | Z99: 23.37 | AA99: FAOSTAT, avg 2017-2021 | AB99: Karlsson-Potter, 2023 | AD99: IPCC, 2019 | AE99: proportional as lettuce and chicory | AF99: Baky et al., 2010, average for vegetables | AG99: Mekonnen & Hoekstra, 2011. Other vegetables | AH99: SS, 2022. Avg for vegetables | AJ99: NIR, 2020. Average of Cereals | AK99: Chaudhary & Brooks, 2018, Table S5 | AL99: CF_Int crop (Cropland, intensive use) | AM99: Swiss "Deckungsbeitragskatalog" (DBK), processed to be used in SOLm (Muller et al. 2017)
A100: 01354 | B100: Strawberries | C100: Fruits | D100: =IF(F100>0,"Yes","No") -> Yes | F100: 7976.84 | G100: =33/7977*F100 -> 32.999338 | I100: =((F100*S100*P100)*T100*O100*(1-N100))+((F100*S100)+(F100*S100*P100))*Q100*T100*R100 -> 73.335876 | J100: =14/7977*F100 -> 13.999719 | K100: 300 | L100: 1212.4797 | M100: 2.25 | N100: 0.143 | O100: 0.008 | P100: 1 | Q100: 0.22 | R100: 0.009 | S100: 0.85 | T100: 1 | U100: 4.9926192e-13 | V100: 7.6196994e-13 | W100: 6.9410319e-14 | X100: 7.1402612e-15 | Y100: 1.5342897e-12 | Z100: 807.53 | AA100: FAOSTAT, avg 2017-2022 | AB100: Davis et al., 2011 | AD100: IPCC, 2019 | AE100: Davis et al., 2011 | AF100: SBA, 2011 | AG100: Mekonnen & Hoekstra, 2011. Other fruits | AH100: SS, 2022 | AJ100: NIR, 2020. Average of Cereals | AK100: Chaudhary & Brooks, 2018, Table S5 | AL100: CF_Int crop (Cropland, intensive use) | AM100: Swiss "Deckungsbeitragskatalog" (DBK), processed to be used in SOLm (Muller et al. 2017)
A101: 01801 | B101: Sugar beet | C101: Sugar crops | D101: =IF(F101>0,"Yes","No") -> Yes | F101: 66637.78 | G101: =105/66638*F101 -> 104.99965 | I101: =((F101*S101*P101)*T101*O101*(1-N101))+((F101*S101)+(F101*S101*P101))*Q101*T101*R101 -> 168.10686 | J101: =24/66638*F101 -> 23.999921 | K101: 130 | L101: 199.9133 | M101: 2.38 | N101: 0.007 | O101: 0.019 | P101: 0.4 | Q101: 0.2 | R101: 0.014 | S101: 0.22 | T101: 1 | U101: 4.9926192e-13 | V101: 7.6196994e-13 | W101: 6.9410319e-14 | X101: 7.1402612e-15 | Y101: 1.5342897e-12 | Z101: 29.89 | AA101: FAOSTAT, avg 2017-2023 | AB101: SS, 2020 | AD101: IPCC, 2019 | AE101: SS, 2020 | AF101: Baky et al., 2010 | AG101: Mekonnen & Hoekstra, 2011 | AH101: SS, 2022 | AI101: IPCC, 2019. Avg for Tubers. Yields from FAO | AJ101: NIR, 2020 | AK101: Chaudhary & Brooks, 2018, Table S5 | AL101: CF_Int crop (Cropland, intensive use) | AM101: Swiss "Deckungsbeitragskatalog" (DBK), processed to be used in SOLm (Muller et al. 2017)
...

Sheet Crops CO2e
A2: Emissions of CO2e per kg of crop [kg CO2e per kg of crop harvested]
A4: Crops | E4: Sum | F4: Inputs | H4: Soil emissions | J4: Energy use | N4: Land use change
A5: Code | B5: Crops | C5: Categories | D5: Cultivated in country | F5: Production of mineral fertilizer | G5: Production of capital goods | H5: Direct emissions | I5: Indirect emissions | J5: Diesel use field mach | K5: Energy use in greenhouses | L5: Energy use for irrigation | M5: Energy use for post-harvest proc | N5: LUC emissions
A6: 01371 | B6: =INDEX(Crop_data,MATCH(A6,Crop_data_codes,0),2) -> Almonds, in shell | C6: =INDEX(Crop_data,MATCH(A6,Crop_data_codes,0),3) -> Nuts | D6: =INDEX(Crop_data,MATCH(A6,Crop_data_codes,0),4) -> No | E6: =IF(D6="Yes", SUM(F6:N6),"") | F6: =IF(D6="YES",INDEX(CO2_data,MATCH(A6,CO2_codes,0),2)+INDEX(CH4_data,MATCH(A6,CH4_codes,0),2)*CF_fossil_CH4+INDEX(CH4_bio_data,MATCH(A6,CH4_bio_codes,0),2)*CF_biog_CH4+INDEX(N2O_data,MATCH(A6,N2O_codes,0),2)*CF_N2O,"") | G6: =IF(D6="YES",INDEX(CO2_data,MATCH(A6,CO2_codes,0),3)+INDEX(CH4_data,MATCH(A6,CH4_codes,0),3)*CF_fossil_CH4+INDEX(CH4_bio_data,MATCH(A6,CH4_bio_codes,0),3)*CF_biog_CH4+INDEX(N2O_data,MATCH(A6,N2O_codes,0),3)*CF_N2O,"") | H6: =IF(D6="YES",INDEX(CO2_data,MATCH(A6,CO2_codes,0),4)+INDEX(CH4_data,MATCH(A6,CH4_codes,0),4)*CF_fossil_CH4+INDEX(CH4_bio_data,MATCH(A6,CH4_bio_codes,0),4)*CF_biog_CH4+INDEX(N2O_data,MATCH(A6,N2O_codes,0),4)*CF_N2O,"") | I6: =IF(D6="YES",INDEX(CO2_data,MATCH(A6,CO2_codes,0),5)+INDEX(CH4_data,MATCH(A6,CH4_codes,0),5)*CF_fossil_CH4+INDEX(CH4_bio_data,MATCH(A6,CH4_bio_codes,0),5)*CF_biog_CH4+INDEX(N2O_data,MATCH(A6,N2O_codes,0),5)*CF_N2O,"") | J6: =IF(D6="YES",INDEX(CO2_data,MATCH(A6,CO2_codes,0),6)+INDEX(CH4_data,MATCH(A6,CH4_codes,0),6)*CF_fossil_CH4+INDEX(CH4_bio_data,MATCH(A6,CH4_bio_codes,0),6)*CF_biog_CH4+INDEX(N2O_data,MATCH(A6,N2O_codes,0),6)*CF_N2O,"") | K6: =IF(D6="YES",INDEX(CO2_data,MATCH(A6,CO2_codes,0),7)+INDEX(CH4_data,MATCH(A6,CH4_codes,0),7)*CF_fossil_CH4+INDEX(CH4_bio_data,MATCH(A6,CH4_bio_codes,0),7)*CF_biog_CH4+INDEX(N2O_data,MATCH(A6,N2O_codes,0),7)*CF_N2O,"") | L6: =IF(D6="YES",INDEX(CO2_data,MATCH(A6,CO2_codes,0),8)+INDEX(CH4_data,MATCH(A6,CH4_codes,0),8)*CF_fossil_CH4+INDEX(CH4_bio_data,MATCH(A6,CH4_bio_codes,0),8)*CF_biog_CH4+INDEX(N2O_data,MATCH(A6,N2O_codes,0),8)*CF_N2O,"") | M6: =IF(D6="YES",INDEX(CO2_data,MATCH(A6,CO2_codes,0),9)+INDEX(CH4_data,MATCH(A6,CH4_codes,0),9)*CF_fossil_CH4+INDEX(CH4_bio_data,MATCH(A6,CH4_bio_codes,0),9)*CF_biog_CH4+INDEX(N2O_data,MATCH(A6,N2O_codes,0),9)*CF_N2O,"") | N6: =IF(D6="YES",INDEX(CO2_data,MATCH(A6,CO2_codes,0),10)+INDEX(CH4_data,MATCH(A6,CH4_codes,0),10)*CF_fossil_CH4+INDEX(CH4_bio_data,MATCH(A6,CH4_bio_codes,0),10)*CF_biog_CH4+INDEX(N2O_data,MATCH(A6,N2O_codes,0),10)*CF_N2O,"")
A7: 01654 | B7: =INDEX(Crop_data,MATCH(A7,Crop_data_codes,0),2) -> Anise, badian, coriander, cumin, caraway, fennel and juniper berries, raw | C7: =INDEX(Crop_data,MATCH(A7,Crop_data_codes,0),3) -> Vegetables | D7: =INDEX(Crop_data,MATCH(A7,Crop_data_codes,0),4) -> No | E7: =IF(D7="Yes", SUM(F7:N7),"") | F7: =IF(D7="YES",INDEX(CO2_data,MATCH(A7,CO2_codes,0),2)+INDEX(CH4_data,MATCH(A7,CH4_codes,0),2)*CF_fossil_CH4+INDEX(CH4_bio_data,MATCH(A7,CH4_bio_codes,0),2)*CF_biog_CH4+INDEX(N2O_data,MATCH(A7,N2O_codes,0),2)*CF_N2O,"") | G7: =IF(D7="YES",INDEX(CO2_data,MATCH(A7,CO2_codes,0),3)+INDEX(CH4_data,MATCH(A7,CH4_codes,0),3)*CF_fossil_CH4+INDEX(CH4_bio_data,MATCH(A7,CH4_bio_codes,0),3)*CF_biog_CH4+INDEX(N2O_data,MATCH(A7,N2O_codes,0),3)*CF_N2O,"") | H7: =IF(D7="YES",INDEX(CO2_data,MATCH(A7,CO2_codes,0),4)+INDEX(CH4_data,MATCH(A7,CH4_codes,0),4)*CF_fossil_CH4+INDEX(CH4_bio_data,MATCH(A7,CH4_bio_codes,0),4)*CF_biog_CH4+INDEX(N2O_data,MATCH(A7,N2O_codes,0),4)*CF_N2O,"") | I7: =IF(D7="YES",INDEX(CO2_data,MATCH(A7,CO2_codes,0),5)+INDEX(CH4_data,MATCH(A7,CH4_codes,0),5)*CF_fossil_CH4+INDEX(CH4_bio_data,MATCH(A7,CH4_bio_codes,0),5)*CF_biog_CH4+INDEX(N2O_data,MATCH(A7,N2O_codes,0),5)*CF_N2O,"") | J7: =IF(D7="YES",INDEX(CO2_data,MATCH(A7,CO2_codes,0),6)+INDEX(CH4_data,MATCH(A7,CH4_codes,0),6)*CF_fossil_CH4+INDEX(CH4_bio_data,MATCH(A7,CH4_bio_codes,0),6)*CF_biog_CH4+INDEX(N2O_data,MATCH(A7,N2O_codes,0),6)*CF_N2O,"") | K7: =IF(D7="YES",INDEX(CO2_data,MATCH(A7,CO2_codes,0),7)+INDEX(CH4_data,MATCH(A7,CH4_codes,0),7)*CF_fossil_CH4+INDEX(CH4_bio_data,MATCH(A7,CH4_bio_codes,0),7)*CF_biog_CH4+INDEX(N2O_data,MATCH(A7,N2O_codes,0),7)*CF_N2O,"") | L7: =IF(D7="YES",INDEX(CO2_data,MATCH(A7,CO2_codes,0),8)+INDEX(CH4_data,MATCH(A7,CH4_codes,0),8)*CF_fossil_CH4+INDEX(CH4_bio_data,MATCH(A7,CH4_bio_codes,0),8)*CF_biog_CH4+INDEX(N2O_data,MATCH(A7,N2O_codes,0),8)*CF_N2O,"") | M7: =IF(D7="YES",INDEX(CO2_data,MATCH(A7,CO2_codes,0),9)+INDEX(CH4_data,MATCH(A7,CH4_codes,0),9)*CF_fossil_CH4+INDEX(CH4_bio_data,MATCH(A7,CH4_bio_codes,0),9)*CF_biog_CH4+INDEX(N2O_data,MATCH(A7,N2O_codes,0),9)*CF_N2O,"") | N7: =IF(D7="YES",INDEX(CO2_data,MATCH(A7,CO2_codes,0),10)+INDEX(CH4_data,MATCH(A7,CH4_codes,0),10)*CF_fossil_CH4+INDEX(CH4_bio_data,MATCH(A7,CH4_bio_codes,0),10)*CF_biog_CH4+INDEX(N2O_data,MATCH(A7,N2O_codes,0),10)*CF_N2O,"")
A8: 01341 | B8: =INDEX(Crop_data,MATCH(A8,Crop_data_codes,0),2) -> Apples | C8: =INDEX(Crop_data,MATCH(A8,Crop_data_codes,0),3) -> Fruits | D8: =INDEX(Crop_data,MATCH(A8,Crop_data_codes,0),4) -> Yes | E8: =IF(D8="Yes", SUM(F8:N8),"") -> 0.15649168 | F8: =IF(D8="YES",INDEX(CO2_data,MATCH(A8,CO2_codes,0),2)+INDEX(CH4_data,MATCH(A8,CH4_codes,0),2)*CF_fossil_CH4+INDEX(CH4_bio_data,MATCH(A8,CH4_bio_codes,0),2)*CF_biog_CH4+INDEX(N2O_data,MATCH(A8,N2O_codes,0),2)*CF_N2O,"") -> 0.0109568 | G8: =IF(D8="YES",INDEX(CO2_data,MATCH(A8,CO2_codes,0),3)+INDEX(CH4_data,MATCH(A8,CH4_codes,0),3)*CF_fossil_CH4+INDEX(CH4_bio_data,MATCH(A8,CH4_bio_codes,0),3)*CF_biog_CH4+INDEX(N2O_data,MATCH(A8,N2O_codes,0),3)*CF_N2O,"") -> 0.0301313 | H8: =IF(D8="YES",INDEX(CO2_data,MATCH(A8,CO2_codes,0),4)+INDEX(CH4_data,MATCH(A8,CH4_codes,0),4)*CF_fossil_CH4+INDEX(CH4_bio_data,MATCH(A8,CH4_bio_codes,0),4)*CF_biog_CH4+INDEX(N2O_data,MATCH(A8,N2O_codes,0),4)*CF_N2O,"") -> 0.038540318 | I8: =IF(D8="YES",INDEX(CO2_data,MATCH(A8,CO2_codes,0),5)+INDEX(CH4_data,MATCH(A8,CH4_codes,0),5)*CF_fossil_CH4+INDEX(CH4_bio_data,MATCH(A8,CH4_bio_codes,0),5)*CF_biog_CH4+INDEX(N2O_data,MATCH(A8,N2O_codes,0),5)*CF_N2O,"") -> 0.0038540318 | J8: =IF(D8="YES",INDEX(CO2_data,MATCH(A8,CO2_codes,0),6)+INDEX(CH4_data,MATCH(A8,CH4_codes,0),6)*CF_fossil_CH4+INDEX(CH4_bio_data,MATCH(A8,CH4_bio_codes,0),6)*CF_biog_CH4+INDEX(N2O_data,MATCH(A8,N2O_codes,0),6)*CF_N2O,"") -> 0.064871498 | K8: =IF(D8="YES",INDEX(CO2_data,MATCH(A8,CO2_codes,0),7)+INDEX(CH4_data,MATCH(A8,CH4_codes,0),7)*CF_fossil_CH4+INDEX(CH4_bio_data,MATCH(A8,CH4_bio_codes,0),7)*CF_biog_CH4+INDEX(N2O_data,MATCH(A8,N2O_codes,0),7)*CF_N2O,"") -> 0 | L8: =IF(D8="YES",INDEX(CO2_data,MATCH(A8,CO2_codes,0),8)+INDEX(CH4_data,MATCH(A8,CH4_codes,0),8)*CF_fossil_CH4+INDEX(CH4_bio_data,MATCH(A8,CH4_bio_codes,0),8)*CF_biog_CH4+INDEX(N2O_data,MATCH(A8,N2O_codes,0),8)*CF_N2O,"") -> 0.0024171178 | M8: =IF(D8="YES",INDEX(CO2_data,MATCH(A8,CO2_codes,0),9)+INDEX(CH4_data,MATCH(A8,CH4_codes,0),9)*CF_fossil_CH4+INDEX(CH4_bio_data,MATCH(A8,CH4_bio_codes,0),9)*CF_biog_CH4+INDEX(N2O_data,MATCH(A8,N2O_codes,0),9)*CF_N2O,"") -> 0.0057206176 | N8: =IF(D8="YES",INDEX(CO2_data,MATCH(A8,CO2_codes,0),10)+INDEX(CH4_data,MATCH(A8,CH4_codes,0),10)*CF_fossil_CH4+INDEX(CH4_bio_data,MATCH(A8,CH4_bio_codes,0),10)*CF_biog_CH4+INDEX(N2O_data,MATCH(A8,N2O_codes,0),10)*CF_N2O,"") -> 0
