Workbook
Name Ability_to_perceive_handling: #REF!
Name BGBE: #REF!
Name Boars_per_sow: #REF!
Name Bonefree_outof_CW_AT: #REF!
Name Bonefree_outof_CW_BE: #REF!
Name Bonefree_outof_CW_BG: #REF!
Name Bonefree_outof_CW_BR: #REF!
Name Bonefree_outof_CW_CY: #REF!
Name Bonefree_outof_CW_CZ: #REF!
Name Bonefree_outof_CW_DE: #REF!
Name Bonefree_outof_CW_DK: #REF!
Name Bonefree_outof_CW_EE: #REF!
Name Bonefree_outof_CW_ES: #REF!
Name Bonefree_outof_CW_FI: #REF!
Name Bonefree_outof_CW_FR: #REF!
Name Bonefree_outof_CW_GB: #REF!
Name Bonefree_outof_CW_GR: #REF!
Name Bonefree_outof_CW_HR: #REF!
Name Bonefree_outof_CW_HU: #REF!
Name Bonefree_outof_CW_IE: #REF!
Name Bonefree_outof_CW_IT: #REF!
Name Bonefree_outof_CW_LT: #REF!
Name Bonefree_outof_CW_LV: #REF!
Name Bonefree_outof_CW_MT: #REF!
Name Bonefree_outof_CW_NL: #REF!
Name Bonefree_outof_CW_PL: #REF!
Name Bonefree_outof_CW_PT: #REF!
Name Bonefree_outof_CW_RO: #REF!
Name Bonefree_outof_CW_SE: #REF!
Name Bonefree_outof_CW_SI: #REF!
Name Bonefree_outof_CW_SK: #REF!
Name Bonefree_outof_CW_TH: #REF!
Name Bonefree_outof_CW_US: #REF!
Name CF_GWP_CH4_fossil: #REF!
Name CF_GWP_N2O: #REF!
Name CY: #REF!
Name EF_ammonia_AT: #REF!
Name EF_ammonia_BE: #REF!
Name EF_ammonia_BG: #REF!
Name EF_ammonia_BR: #REF!
Name EF_ammonia_CY: #REF!
Name EF_ammonia_CZ: #REF!
Name EF_ammonia_DE: #REF!
Name EF_ammonia_DK: #REF!
Name EF_ammonia_EE: #REF!
Name EF_ammonia_ES: #REF!
Name EF_ammonia_FI: #REF!
Name EF_ammonia_FR: #REF!
Name EF_ammonia_GB: #REF!
Name EF_ammonia_GR: #REF!
Name EF_ammonia_HR: #REF!
Name EF_ammonia_HU: #REF!
Name EF_ammonia_IE: #REF!
Name EF_ammonia_IT: #REF!
Name EF_ammonia_LT: #REF!
Name EF_ammonia_LV: #REF!
Name EF_ammonia_MT: #REF!
Name EF_ammonia_NL: #REF!
Name EF_ammonia_PL: #REF!
Name EF_ammonia_PT: #REF!

Sheet README
A2: Read me
A4: This is a file that contains the environmental footprint data from beef.
A6: Beef comes from a range of different systems with great variation in impact.
A7: Here we assess the beef footprint based on beef from the following sources:
A8: 1. Culled dairy cows
A9: 2. Suckler herds (meat from both the mother animal and the offspring assumed to be raised at 'medium intensity')
A10: 3. Dairy calves slaughtered at young age raised at high intensity
A11: 4. Dairy offspring raise at 'medium intensity' and slaughtered at a higher age
A13: We calculate the share of meat that comes from these different systems for the different countries based on data from Eurostat (see tab 'Shares in prod syst')
A15: These shares are used to establish a weighted average of the footprints per kg of beef.
A17: The different footprints are gathered from the following sources:
A19: Climate, land use, ammonia | C19: Ahlgren et al. (2022) using the following systems to represent the different production systems above:
C20: 1. Calculated in Milk.xlsx (but for now 3 is used)
C21: 2. Köttrasstut, Gsk
C22: 3. Mjölkrastjur, Gsk
C23: 4. Mjölkrasstut, Gsk
A24: N and P input, pesticides | C24: From Moberg et al (2021) Table S6
A25: Water | C25: From Mekonnen et al (2011)
A26: Biodiversity | C26: Ludvig
A27: Animal welfare | C27: Calculated for each system and aggregated based on the shares of production systems in different countries
A28: Antibiotics | C28: ???
A31: Color codes:
B33: Results
B34: Sheets for input
B35: Intermediate calculations

Sheet Footprints, results per kg
A2: Footprints (per kg of bonefree meat) | M2: * Adjusted for manure
M3: Att göra | N3: Att göra | P3: Att göra | Q3: Beräkna utifrån nya markanvändningen men måste få med betet också
A5: Animal products | F5: Climate | L5: Land | M5: Nitrogen* | N5: Phosphorus | O5: Water | P5: Pesticides | Q5: Biodiversity | R5: Ammonia | S5: Labour | T5: Animal welfare | U5: Use of antibiotics
A6: Code | B6: Name | C6: Category | D6: Country | E6: Country code | F6: Carbon footprint, kg CO2e/kg | G6: Carbon dioxide, kg CO2/kg | H6: Methane, fossil, kg CH4/kg | I6: Methane, biogenic, kg CH4/kg | J6: Nitrous oxide, kg N2O/kg | K6: HFCs, kg HFCs/kg | L6: Cropland use, m2/kg | M6: New N input, kg N/kg | N6: New P input, kg P/kg | O6: Blue freshwater use, m3/kg | P6: Pesticide use, g a.i./kg | Q6: Extinction rate, E/MSY/kg | R6: Ammonia emission, kg NH3/kg | S6: Labour requirements, h/kg | T6: Animal welfare index per kg of bonefree meat
A7: 21111.02 | B7: Bovine meat | C7: Red meat | D7: Denmark | E7: DK | F7: ='GHG detailed, results per kg'!G11 -> 24.491332 | G7: ='GHG detailed, results per kg'!G7 -> 3.6306623 | H7: ='GHG detailed, results per kg'!G8 -> 0 | I7: ='GHG detailed, results per kg'!G9 -> 0.52822121 | J7: ='GHG detailed, results per kg'!G10 -> 0.024171053 | L7: =('Shares in prod syst'!$B$46*'Data from Ahlgren et al'!$K$8+'Shares in prod syst'!$B$47*'Data from Ahlgren et al'!$K$12+'Shares in prod syst'!$B$48*'Data from Ahlgren et al'!$K$20+'Shares in prod syst'!$B$49*'Data from Ahlgren et al'!$K$8)/0.7 -> 27.381064 | M7: 0.39287936 | N7: 0.015901371 | O7: =([1]Production!$B$5*'[1]Parameters, country spec'!$B$51*'[1]EFP per kg feed'!I20+([1]Production!$B$6+[1]Production!$B$7)*'[1]Parameters, country spec'!$B$52*'[1]EFP per kg feed'!I21)/[1]Production!$B$21 -> 23.183337 | P7: 0.81908393 | Q7: 2.2515202e-09 | R7: 0.21242026 | T7: ='Shares in prod syst'!B55 -> 0.015511432 | U7: 19.4
A8: 21111.02 | B8: Bovine meat | C8: Red meat | D8: France | E8: FR | F8: ='GHG detailed, results per kg'!G16 -> 30.653248 | G8: ='GHG detailed, results per kg'!G12 -> 4.2563774 | H8: ='GHG detailed, results per kg'!G13 -> 0 | I8: ='GHG detailed, results per kg'!G14 -> 0.675642 | J8: ='GHG detailed, results per kg'!G15 -> 0.029870097 | L8: =('Shares in prod syst'!$C$46*'Data from Ahlgren et al'!$K$8+'Shares in prod syst'!$C$47*'Data from Ahlgren et al'!$K$12+'Shares in prod syst'!$C$48*'Data from Ahlgren et al'!$K$20+'Shares in prod syst'!$C$49*'Data from Ahlgren et al'!$K$8)/0.7 -> 28.435205 | M8: 0.4844356 | N8: 0.03806657 | O8: =([1]Production!$C$5*'[1]Parameters, country spec'!$C$51*'[1]EFP per kg feed'!I36+([1]Production!$C$6+[1]Production!$C$7)*'[1]Parameters, country spec'!$C$52*'[1]EFP per kg feed'!I37)/[1]Production!C21 -> 73.351292 | P8: 1.7710491 | Q8: 1.4163738e-08 | R8: 0.21144096 | T8: ='Shares in prod syst'!C55 -> 0.015018662 | U8: 38.1
A9: 21111.02 | B9: Bovine meat | C9: Red meat | D9: Germany | E9: DE | F9: ='GHG detailed, results per kg'!G21 -> 27.640825 | G9: ='GHG detailed, results per kg'!G17 -> 3.863894 | H9: ='GHG detailed, results per kg'!G18 -> 0 | I9: ='GHG detailed, results per kg'!G19 -> 0.60987053 | J9: ='GHG detailed, results per kg'!G20 -> 0.02677812 | L9: =('Shares in prod syst'!$D$46*'Data from Ahlgren et al'!$K$8+'Shares in prod syst'!$D$47*'Data from Ahlgren et al'!$K$12+'Shares in prod syst'!$D$48*'Data from Ahlgren et al'!$K$20+'Shares in prod syst'!$D$49*'Data from Ahlgren et al'!$K$8)/0.7 -> 25.551047 | M9: 0.39972859 | N9: 0.019914925 | O9: =([1]Production!$D$5*'[1]Parameters, country spec'!$D$51*'[1]EFP per kg feed'!I52+([1]Production!$D$6+[1]Production!$D$7)*'[1]Parameters, country spec'!$D$52*'[1]EFP per kg feed'!I53)/[1]Production!$D$21 -> 20.817882 | P9: 1.0667984 | Q9: 2.1447671e-09 | R9: 0.23798811 | T9: ='Shares in prod syst'!D55 -> 0.015002948 | U9: 50.4
A10: 21111.02 | B10: Bovine meat | C10: Red meat | D10: Greece | E10: GR | F10: ='GHG detailed, results per kg'!G26 -> 32.102287 | G10: ='GHG detailed, results per kg'!G22 -> 4.3652178 | H10: ='GHG detailed, results per kg'!G23 -> 0 | I10: ='GHG detailed, results per kg'!G24 -> 0.71556993 | J10: ='GHG detailed, results per kg'!G25 -> 0.030830334 | L10: =('Shares in prod syst'!$E$46*'Data from Ahlgren et al'!$K$8+'Shares in prod syst'!$E$47*'Data from Ahlgren et al'!$K$12+'Shares in prod syst'!$E$48*'Data from Ahlgren et al'!$K$20+'Shares in prod syst'!$E$49*'Data from Ahlgren et al'!$K$8)/0.7 -> 28.761705 | M10: 0.7703812 | N10: 0.086791142 | O10: =([1]Production!$E$5*'[1]Parameters, country spec'!$E$51*'[1]EFP per kg feed'!I68+([1]Production!$E$6+[1]Production!$E$7)*'[1]Parameters, country spec'!$E$52*'[1]EFP per kg feed'!I69)/[1]Production!$E$21 -> 171.27636 | P10: 2.1588876 | Q10: 1.8194035e-07 | R10: 0.25261273 | T10: ='Shares in prod syst'!E55 -> 0.017647318 | U10: 111.7
A11: 21111.02 | B11: Bovine meat | C11: Red meat | D11: Hungary | E11: HU | F11: ='GHG detailed, results per kg'!G31 -> 27.457044 | G11: ='GHG detailed, results per kg'!G27 -> 3.9270738 | H11: ='GHG detailed, results per kg'!G28 -> 0 | I11: ='GHG detailed, results per kg'!G29 -> 0.59951948 | J11: ='GHG detailed, results per kg'!G30 -> 0.026897231 | L11: =('Shares in prod syst'!$F$46*'Data from Ahlgren et al'!$K$8+'Shares in prod syst'!$F$47*'Data from Ahlgren et al'!$K$12+'Shares in prod syst'!$F$48*'Data from Ahlgren et al'!$K$20+'Shares in prod syst'!$F$49*'Data from Ahlgren et al'!$K$8)/0.7 -> 27.758651 | M11: 0.78493395 | N11: 0.063892939 | O11: =([1]Production!$F$5*'[1]Parameters, country spec'!$F$51*'[1]EFP per kg feed'!I84+([1]Production!$F$6+[1]Production!$F$7)*'[1]Parameters, country spec'!$F$52*'[1]EFP per kg feed'!I85)/[1]Production!$F$21 -> 6.4058135 | P11: 2.5117464 | Q11: 4.619002e-09 | R11: 0.2560465 | T11: ='Shares in prod syst'!F55 -> 0.016337906 | U11: 102.5
A12: 21111.02 | B12: Bovine meat | C12: Red meat | D12: Ireland | E12: IE | F12: ='GHG detailed, results per kg'!G36 -> 32.478388 | G12: ='GHG detailed, results per kg'!G32 -> 4.3879948 | H12: ='GHG detailed, results per kg'!G33 -> 0 | I12: ='GHG detailed, results per kg'!G34 -> 0.72321564 | J12: ='GHG detailed, results per kg'!G35 -> 0.031368392 | L12: =('Shares in prod syst'!$G$46*'Data from Ahlgren et al'!$K$8+'Shares in prod syst'!$G$47*'Data from Ahlgren et al'!$K$12+'Shares in prod syst'!$G$48*'Data from Ahlgren et al'!$K$20+'Shares in prod syst'!$G$49*'Data from Ahlgren et al'!$K$8)/0.7 -> 27.277828 | M12: 0.59205666 | N12: 0.03635779 | O12: =([1]Production!$G$5*'[1]Parameters, country spec'!$G$51*'[1]EFP per kg feed'!I100+([1]Production!$G$6+[1]Production!$G$7)*'[1]Parameters, country spec'!$G$52*'[1]EFP per kg feed'!I101)/[1]Production!$G$21 -> 10.484319 | P12: 3.1877282 | Q12: 1.4763208e-09 | R12: 0.21090107 | T12: ='Shares in prod syst'!G55 -> 0.013176995 | U12: 40.6
A13: 21111.02 | B13: Bovine meat | C13: Red meat | D13: Italy | E13: IT | F13: ='GHG detailed, results per kg'!G41 -> 28.042385 | G13: ='GHG detailed, results per kg'!G37 -> 3.9003357 | H13: ='GHG detailed, results per kg'!G38 -> 0 | I13: ='GHG detailed, results per kg'!G39 -> 0.61979304 | J13: ='GHG detailed, results per kg'!G40 -> 0.027134204 | L13: =('Shares in prod syst'!$H$46*'Data from Ahlgren et al'!$K$8+'Shares in prod syst'!$H$47*'Data from Ahlgren et al'!$K$12+'Shares in prod syst'!$H$48*'Data from Ahlgren et al'!$K$20+'Shares in prod syst'!$H$49*'Data from Ahlgren et al'!$K$8)/0.7 -> 25.501147 | M13: 0.56074497 | N13: 0.034194009 | O13: =([1]Production!$H$5*'[1]Parameters, country spec'!$H$51*'[1]EFP per kg feed'!I116+([1]Production!$H$6+[1]Production!$H$7)*'[1]Parameters, country spec'!$H$52*'[1]EFP per kg feed'!I117)/[1]Production!$H$21 -> 67.848745 | P13: 1.9859225 | Q13: 5.7557651e-08 | R13: 0.33933506 | T13: ='Shares in prod syst'!H55 -> 0.018516204 | U13: 129.1
A14: 21111.02 | B14: Bovine meat | C14: Red meat | D14: Netherlands | E14: NL | F14: ='GHG detailed, results per kg'!G46 -> 20.197475 | G14: ='GHG detailed, results per kg'!G42 -> 3.2080793 | H14: ='GHG detailed, results per kg'!G43 -> 0 | I14: ='GHG detailed, results per kg'!G44 -> 0.42451506 | J14: ='GHG detailed, results per kg'!G45 -> 0.020247213 | L14: =('Shares in prod syst'!$I$46*'Data from Ahlgren et al'!$K$8+'Shares in prod syst'!$I$47*'Data from Ahlgren et al'!$K$12+'Shares in prod syst'!$I$48*'Data from Ahlgren et al'!$K$20+'Shares in prod syst'!$I$49*'Data from Ahlgren et al'!$K$8)/0.7 -> 27.014168 | M14: 1.0370691 | N14: 0.025728359 | O14: =([1]Production!$I$5*'[1]Parameters, country spec'!$I$51*'[1]EFP per kg feed'!I132+([1]Production!$I$6+[1]Production!$I$7)*'[1]Parameters, country spec'!$I$52*'[1]EFP per kg feed'!I133)/[1]Production!$I$21 -> 23.514263 | P14: 2.1230752 | Q14: 3.6414625e-09 | R14: 0.17542994 | T14: ='Shares in prod syst'!I55 -> 0.021441076 | U14: 32.1
A15: 21111.02 | B15: Bovine meat | C15: Red meat | D15: Poland | E15: PL | F15: ='GHG detailed, results per kg'!G51 -> 26.501178 | G15: ='GHG detailed, results per kg'!G47 -> 3.6958259 | H15: ='GHG detailed, results per kg'!G38 -> 0 | I15: ='GHG detailed, results per kg'!G49 -> 0.58641304 | J15: ='GHG detailed, results per kg'!G50 -> 0.025539195 | L15: =('Shares in prod syst'!$J$46*'Data from Ahlgren et al'!$K$8+'Shares in prod syst'!$J$47*'Data from Ahlgren et al'!$K$12+'Shares in prod syst'!$J$48*'Data from Ahlgren et al'!$K$20+'Shares in prod syst'!$J$49*'Data from Ahlgren et al'!$K$8)/0.7 -> 23.924102 | M15: 0.62792157 | N15: 0.053780363 | O15: =([1]Production!$J$5*'[1]Parameters, country spec'!$J$51*'[1]EFP per kg feed'!I148+([1]Production!$J$6+[1]Production!$J$7)*'[1]Parameters, country spec'!$J$52*'[1]EFP per kg feed'!I149)/[1]Production!$J$21 -> 8.8326623 | P15: 2.7832697 | Q15: 4.3043857e-09 | R15: 0.27758662 | T15: ='Shares in prod syst'!J55 -> 0.016488161 | U15: 134.7
A16: 21111.02 | B16: Bovine meat | C16: Red meat | D16: Spain | E16: ES | F16: ='GHG detailed, results per kg'!G56 -> 31.536945 | G16: ='GHG detailed, results per kg'!G52 -> 4.3646161 | H16: ='GHG detailed, results per kg'!G53 -> 0 | I16: ='GHG detailed, results per kg'!G54 -> 0.69543787 | J16: ='GHG detailed, results per kg'!G55 -> 0.030752771 | L16: =('Shares in prod syst'!$K$46*'Data from Ahlgren et al'!$K$8+'Shares in prod syst'!$K$47*'Data from Ahlgren et al'!$K$12+'Shares in prod syst'!$K$48*'Data from Ahlgren et al'!$K$20+'Shares in prod syst'!$K$49*'Data from Ahlgren et al'!$K$8)/0.7 -> 29.092595 | M16: 0.6986156 | N16: 0.06674488 | O16: =([1]Production!$K$5*'[1]Parameters, country spec'!$K$51*'[1]EFP per kg feed'!I164+([1]Production!$K$6+[1]Production!$K$7)*'[1]Parameters, country spec'!$K$52*'[1]EFP per kg feed'!I165)/[1]Production!$K$21 -> 176.74609 | P16: 2.6239911 | Q16: 1.6644677e-07 | R16: 0.1814084 | T16: ='Shares in prod syst'!K55 -> 0.016086334 | U16: 95.7
A17: 21111.02 | B17: Bovine meat | C17: Red meat | D17: Sweden | E17: SE | F17: ='GHG detailed, results per kg'!G61 -> 32.35646 | G17: ='GHG detailed, results per kg'!G57 -> 4.4044399 | H17: ='GHG detailed, results per kg'!G58 -> 0 | I17: ='GHG detailed, results per kg'!G59 -> 0.7182014 | J17: ='GHG detailed, results per kg'!G60 -> 0.031357445 | L17: =('Shares in prod syst'!$L$46*'Data from Ahlgren et al'!$K$8+'Shares in prod syst'!$L$47*'Data from Ahlgren et al'!$K$12+'Shares in prod syst'!$L$48*'Data from Ahlgren et al'!$K$20+'Shares in prod syst'!$L$49*'Data from Ahlgren et al'!$K$8)/0.7 -> 28.045604 | M17: 0.74075572 | N17: 0.0060849689 | O17: =([1]Production!$L$5*'[1]Parameters, country spec'!$L$51*'[1]EFP per kg feed'!I180+([1]Production!$L$6+[1]Production!$L$7)*'[1]Parameters, country spec'!$L$52*'[1]EFP per kg feed'!I181)/[1]Production!$L$21 -> 0.022770162 | P17: 0.017649507 | Q17: -4.3908668e-09 | R17: 0.20378096 | T17: ='Shares in prod syst'!L55 -> 0.011209704 | U17: 10.1
A18: 21111.02 | B18: Bovine meat | C18: Red meat | D18: UK | E18: GB | F18: ='GHG detailed, results per kg'!G66 -> 33.581689 | G18: ='GHG detailed, results per kg'!G62 -> 4.5211218 | H18: ='GHG detailed, results per kg'!G63 -> 0 | I18: ='GHG detailed, results per kg'!G64 -> 0.7480771 | J18: ='GHG detailed, results per kg'!G65 -> 0.032463316 | L18: =('Shares in prod syst'!$M$46*'Data from Ahlgren et al'!$K$8+'Shares in prod syst'!$M$47*'Data from Ahlgren et al'!$K$12+'Shares in prod syst'!$M$48*'Data from Ahlgren et al'!$K$20+'Shares in prod syst'!$M$49*'Data from Ahlgren et al'!$K$8)/0.7 -> 28.043603 | M18: 0.85821459 | N18: 0.048203506 | O18: =([1]Production!$M$5*'[1]Parameters, country spec'!$M$51*'[1]EFP per kg feed'!I196+([1]Production!$M$6+[1]Production!$M$7)*'[1]Parameters, country spec'!$M$52*'[1]EFP per kg feed'!I197)/[1]Production!$M$21 -> 3.8174783 | P18: 0.63437034 | Q18: 3.8526631e-09 | R18: 0.20496686 | T18: ='Shares in prod syst'!M55 -> 0.013176995 | U18: 29.8

Sheet GHG detailed, results per kg
H1: * Production of mineral fertiliser is adjusted to account for the N supplied by manure.
A2: GHG emissions (per kg of bonefree weight) | H2: ** Adjusted for use of manure instead of mineral fertiliser (lower emission factor for manure)
H3: *** Calculated as percentage of direct emissions due to assumption due to data limitations regarding nitrogen leaching and volatilization from soils in different regions.
S4: Animals | W4: Stables | X4: Slaughter
A5: Animal products | G5: Sum | H5: Inputs | J5: Soil emissions | L5: Energy use | P5: Land use change | Q5: Feed processing | R5: Transports
A6: FoodEx code | B6: FoodEx name | C6: Food Ex category (L1) | D6: Country | E6: Country code | F6: Gas | G6: GHG | H6: Production of mineral fertilizer* | I6: Production of capital goods | J6: Direct emissions** | K6: Indirect emissions*** | L6: Diesel use field mach | M6: Energy use in greenhouses | N6: Energy use for irrigation | O6: Energy use for post-harvest proc | P6: LUC emissions | Q6: Feed processing | R6: Feed transports | S6: Enteric fermentation* | T6: Manure management - tot | U6: Manure management - direct | V6: Manure management - indirect | W6: Energy use in stables | X6: Energy use for slaughter
A7: A01QV | B7: Bovine muscle | C7: Meat and meat products | D7: Denmark | E7: DK | F7: CO2 | G7: =SUM(H7:X7) -> 3.6306623 | H7: ='GHG detailed, results per kg CW'!H7/Meat_yield -> 0.64063351 | I7: ='GHG detailed, results per kg CW'!I7/Meat_yield -> 0 | J7: ='GHG detailed, results per kg CW'!J7/Meat_yield -> 0 | K7: ='GHG detailed, results per kg CW'!K7/Meat_yield -> 0 | L7: ='GHG detailed, results per kg CW'!L7/Meat_yield -> 0.76876021 | M7: ='GHG detailed, results per kg CW'!M7/Meat_yield -> 0 | N7: ='GHG detailed, results per kg CW'!N7/Meat_yield -> 0 | O7: ='GHG detailed, results per kg CW'!O7/Meat_yield -> 0 | P7: ='GHG detailed, results per kg CW'!P7/Meat_yield -> 0 | Q7: 0 | R7: ='GHG detailed, results per kg CW'!Q7/Meat_yield -> 1.0230475 | S7: ='GHG detailed, results per kg CW'!R7/Meat_yield -> 0 | T7: ='GHG detailed, results per kg CW'!S7/Meat_yield -> 0 | U7: ='GHG detailed, results per kg CW'!T7/Meat_yield -> 0 | V7: ='GHG detailed, results per kg CW'!U7/Meat_yield -> 0 | W7: ='GHG detailed, results per kg CW'!V7/Meat_yield -> 0.51250681 | X7: ='GHG detailed, results per kg CW'!W7/Meat_yield -> 0.68571429
A8: A01QV | B8: Bovine muscle | C8: Meat and meat products | D8: Denmark | E8: DK | F8: CH4, fossil | G8: =SUM(H8:X8) -> 0 | H8: ='GHG detailed, results per kg CW'!H8/Meat_yield -> 0 | I8: ='GHG detailed, results per kg CW'!I8/Meat_yield -> 0 | J8: ='GHG detailed, results per kg CW'!J8/Meat_yield -> 0 | K8: ='GHG detailed, results per kg CW'!K8/Meat_yield -> 0 | L8: ='GHG detailed, results per kg CW'!L8/Meat_yield -> 0 | M8: ='GHG detailed, results per kg CW'!M8/Meat_yield -> 0 | N8: ='GHG detailed, results per kg CW'!N8/Meat_yield -> 0 | O8: ='GHG detailed, results per kg CW'!O8/Meat_yield -> 0 | P8: ='GHG detailed, results per kg CW'!P8/Meat_yield -> 0 | Q8: 0 | R8: ='GHG detailed, results per kg CW'!Q8/Meat_yield -> 0 | S8: ='GHG detailed, results per kg CW'!R8/Meat_yield -> 0 | T8: ='GHG detailed, results per kg CW'!S8/Meat_yield -> 0 | U8: ='GHG detailed, results per kg CW'!T8/Meat_yield -> 0 | V8: ='GHG detailed, results per kg CW'!U8/Meat_yield -> 0 | W8: ='GHG detailed, results per kg CW'!V8/Meat_yield -> 0 | X8: ='GHG detailed, results per kg CW'!W8/Meat_yield -> 0
A9: A01QV | B9: Bovine muscle | C9: Meat and meat products | D9: Denmark | E9: DK | F9: CH4, biogenic | G9: =SUM(H9:T9)+SUM(W9:X9) -> 0.52822121 | H9: ='GHG detailed, results per kg CW'!H9/Meat_yield -> 0 | I9: ='GHG detailed, results per kg CW'!I9/Meat_yield -> 0 | J9: ='GHG detailed, results per kg CW'!J9/Meat_yield -> 0 | K9: ='GHG detailed, results per kg CW'!K9/Meat_yield -> 0 | L9: ='GHG detailed, results per kg CW'!L9/Meat_yield -> 0 | M9: ='GHG detailed, results per kg CW'!M9/Meat_yield -> 0 | N9: ='GHG detailed, results per kg CW'!N9/Meat_yield -> 0 | O9: ='GHG detailed, results per kg CW'!O9/Meat_yield -> 0 | P9: ='GHG detailed, results per kg CW'!P9/Meat_yield -> 0 | Q9: 0 | R9: ='GHG detailed, results per kg CW'!Q9/Meat_yield -> 0 | S9: ='GHG detailed, results per kg CW'!R9/Meat_yield -> 0.42063229 | T9: ='GHG detailed, results per kg CW'!S9/Meat_yield -> 0.10758892 | U9: ='GHG detailed, results per kg CW'!T9/Meat_yield -> 0 | V9: ='GHG detailed, results per kg CW'!U9/Meat_yield -> 0 | W9: ='GHG detailed, results per kg CW'!V9/Meat_yield -> 0 | X9: ='GHG detailed, results per kg CW'!W9/Meat_yield -> 0
A10: A01QV | B10: Bovine muscle | C10: Meat and meat products | D10: Denmark | E10: DK | F10: N2O | G10: =SUM(H10:T10)+SUM(W10:X10) -> 0.024171053 | H10: ='GHG detailed, results per kg CW'!H10/Meat_yield -> 0.0023466429 | I10: ='GHG detailed, results per kg CW'!I10/Meat_yield -> 0 | J10: ='GHG detailed, results per kg CW'!J10/Meat_yield -> 0.010167043 | K10: ='GHG detailed, results per kg CW'!K10/Meat_yield -> 0.0010167043 | L10: ='GHG detailed, results per kg CW'!L10/Meat_yield -> 0 | M10: ='GHG detailed, results per kg CW'!M10/Meat_yield -> 0 | N10: ='GHG detailed, results per kg CW'!N10/Meat_yield -> 0 | O10: ='GHG detailed, results per kg CW'!O10/Meat_yield -> 0 | P10: ='GHG detailed, results per kg CW'!P10/Meat_yield -> 0 | Q10: 0 | R10: ='GHG detailed, results per kg CW'!Q10/Meat_yield -> 0 | S10: ='GHG detailed, results per kg CW'!R10/Meat_yield -> 0 | T10: ='GHG detailed, results per kg CW'!S10/Meat_yield -> 0.010640662 | U10: ='GHG detailed, results per kg CW'!T10/Meat_yield -> 0 | V10: ='GHG detailed, results per kg CW'!U10/Meat_yield -> 0 | W10: ='GHG detailed, results per kg CW'!V10/Meat_yield -> 0 | X10: ='GHG detailed, results per kg CW'!W10/Meat_yield -> 0
A11: A01QV | B11: Bovine muscle | C11: Meat and meat products | D11: Denmark | E11: DK | F11: CO2e | G11: =SUM(H11:X11) -> 24.491332 | H11: =SUMPRODUCT(H7:H10,'CF Climate'!$B$5:$B$8) -> 1.281267 | I11: =SUMPRODUCT(I7:I10,'CF Climate'!$B$5:$B$8) -> 0 | J11: =SUMPRODUCT(J7:J10,'CF Climate'!$B$5:$B$8) -> 2.7756028 | K11: =SUMPRODUCT(K7:K10,'CF Climate'!$B$5:$B$8) -> 0.27756028 | L11: =SUMPRODUCT(L7:L10,'CF Climate'!$B$5:$B$8) -> 0.76876021 | M11: =SUMPRODUCT(M7:M10,'CF Climate'!$B$5:$B$8) -> 0 | N11: =SUMPRODUCT(N7:N10,'CF Climate'!$B$5:$B$8) -> 0 | O11: =SUMPRODUCT(O7:O10,'CF Climate'!$B$5:$B$8) -> 0 | P11: =SUMPRODUCT(P7:P10,'CF Climate'!$B$5:$B$8) -> 0 | Q11: 0 | R11: =SUMPRODUCT(R7:R10,'CF Climate'!$B$5:$B$8) -> 1.0230475 | S11: =SUMPRODUCT(S7:S10,'CF Climate'!$B$5:$B$8) -> 11.357072 | T11: =SUMPRODUCT(T7:T10,'CF Climate'!$B$5:$B$8) -> 5.8098017 | U11: =SUMPRODUCT(U7:U10,'CF Climate'!$B$5:$B$8) -> 0 | V11: =SUMPRODUCT(V7:V10,'CF Climate'!$B$5:$B$8) -> 0 | W11: =SUMPRODUCT(W7:W10,'CF Climate'!$B$5:$B$8) -> 0.51250681 | X11: =SUMPRODUCT(X7:X10,'CF Climate'!$B$5:$B$8) -> 0.68571429
A12: A01QV | B12: Bovine muscle | C12: Meat and meat products | D12: France | E12: FR | F12: CO2 | G12: =SUM(H12:X12) -> 4.2563774 | H12: ='GHG detailed, results per kg CW'!H12/Meat_yield -> 0.68293422 | I12: ='GHG detailed, results per kg CW'!I12/Meat_yield -> 0 | J12: ='GHG detailed, results per kg CW'!J12/Meat_yield -> 0 | K12: ='GHG detailed, results per kg CW'!K12/Meat_yield -> 0 | L12: ='GHG detailed, results per kg CW'!L12/Meat_yield -> 0.81952107 | M12: ='GHG detailed, results per kg CW'!M12/Meat_yield -> 0 | N12: ='GHG detailed, results per kg CW'!N12/Meat_yield -> 0 | O12: ='GHG detailed, results per kg CW'!O12/Meat_yield -> 0 | P12: ='GHG detailed, results per kg CW'!P12/Meat_yield -> 0 | Q12: 0 | R12: ='GHG detailed, results per kg CW'!Q12/Meat_yield -> 1.5218605 | S12: ='GHG detailed, results per kg CW'!R12/Meat_yield -> 0 | T12: ='GHG detailed, results per kg CW'!S12/Meat_yield -> 0 | U12: ='GHG detailed, results per kg CW'!T12/Meat_yield -> 0 | V12: ='GHG detailed, results per kg CW'!U12/Meat_yield -> 0 | W12: ='GHG detailed, results per kg CW'!V12/Meat_yield -> 0.54634738 | X12: ='GHG detailed, results per kg CW'!W12/Meat_yield -> 0.68571429
A13: A01QV | B13: Bovine muscle | C13: Meat and meat products | D13: France | E13: FR | F13: CH4, fossil | G13: =SUM(H13:X13) -> 0 | H13: ='GHG detailed, results per kg CW'!H13/Meat_yield -> 0 | I13: ='GHG detailed, results per kg CW'!I13/Meat_yield -> 0 | J13: ='GHG detailed, results per kg CW'!J13/Meat_yield -> 0 | K13: ='GHG detailed, results per kg CW'!K13/Meat_yield -> 0 | L13: ='GHG detailed, results per kg CW'!L13/Meat_yield -> 0 | M13: ='GHG detailed, results per kg CW'!M13/Meat_yield -> 0 | N13: ='GHG detailed, results per kg CW'!N13/Meat_yield -> 0 | O13: ='GHG detailed, results per kg CW'!O13/Meat_yield -> 0 | P13: ='GHG detailed, results per kg CW'!P13/Meat_yield -> 0 | Q13: 0 | R13: ='GHG detailed, results per kg CW'!Q13/Meat_yield -> 0 | S13: ='GHG detailed, results per kg CW'!R13/Meat_yield -> 0 | T13: ='GHG detailed, results per kg CW'!S13/Meat_yield -> 0 | U13: ='GHG detailed, results per kg CW'!T13/Meat_yield -> 0 | V13: ='GHG detailed, results per kg CW'!U13/Meat_yield -> 0 | W13: ='GHG detailed, results per kg CW'!V13/Meat_yield -> 0 | X13: ='GHG detailed, results per kg CW'!W13/Meat_yield -> 0
A14: A01QV | B14: Bovine muscle | C14: Meat and meat products | D14: France | E14: FR | F14: CH4, biogenic | G14: =SUM(H14:T14)+SUM(W14:X14) -> 0.675642 | H14: ='GHG detailed, results per kg CW'!H14/Meat_yield -> 0 | I14: ='GHG detailed, results per kg CW'!I14/Meat_yield -> 0 | J14: ='GHG detailed, results per kg CW'!J14/Meat_yield -> 0 | K14: ='GHG detailed, results per kg CW'!K14/Meat_yield -> 0 | L14: ='GHG detailed, results per kg CW'!L14/Meat_yield -> 0 | M14: ='GHG detailed, results per kg CW'!M14/Meat_yield -> 0 | N14: ='GHG detailed, results per kg CW'!N14/Meat_yield -> 0 | O14: ='GHG detailed, results per kg CW'!O14/Meat_yield -> 0 | P14: ='GHG detailed, results per kg CW'!P14/Meat_yield -> 0 | Q14: 0 | R14: ='GHG detailed, results per kg CW'!Q14/Meat_yield -> 0 | S14: ='GHG detailed, results per kg CW'!R14/Meat_yield -> 0.53166582 | T14: ='GHG detailed, results per kg CW'!S14/Meat_yield -> 0.14397617 | U14: ='GHG detailed, results per kg CW'!T14/Meat_yield -> 0 | V14: ='GHG detailed, results per kg CW'!U14/Meat_yield -> 0 | W14: ='GHG detailed, results per kg CW'!V14/Meat_yield -> 0 | X14: ='GHG detailed, results per kg CW'!W14/Meat_yield -> 0
A15: A01QV | B15: Bovine muscle | C15: Meat and meat products | D15: France | E15: FR | F15: N2O | G15: =SUM(H15:T15)+SUM(W15:X15) -> 0.029870097 | H15: ='GHG detailed, results per kg CW'!H15/Meat_yield -> 0.0025015906 | I15: ='GHG detailed, results per kg CW'!I15/Meat_yield -> 0 | J15: ='GHG detailed, results per kg CW'!J15/Meat_yield -> 0.01193555 | K15: ='GHG detailed, results per kg CW'!K15/Meat_yield -> 0.001193555 | L15: ='GHG detailed, results per kg CW'!L15/Meat_yield -> 0 | M15: ='GHG detailed, results per kg CW'!M15/Meat_yield -> 0 | N15: ='GHG detailed, results per kg CW'!N15/Meat_yield -> 0 | O15: ='GHG detailed, results per kg CW'!O15/Meat_yield -> 0 | P15: ='GHG detailed, results per kg CW'!P15/Meat_yield -> 0 | Q15: 0 | R15: ='GHG detailed, results per kg CW'!Q15/Meat_yield -> 0 | S15: ='GHG detailed, results per kg CW'!R15/Meat_yield -> 0 | T15: ='GHG detailed, results per kg CW'!S15/Meat_yield -> 0.014239402 | U15: ='GHG detailed, results per kg CW'!T15/Meat_yield -> 0 | V15: ='GHG detailed, results per kg CW'!U15/Meat_yield -> 0 | W15: ='GHG detailed, results per kg CW'!V15/Meat_yield -> 0 | X15: ='GHG detailed, results per kg CW'!W15/Meat_yield -> 0
A16: A01QV | B16: Bovine muscle | C16: Meat and meat products | D16: France | E16: FR | F16: CO2e | G16: =SUM(H16:X16) -> 30.653248 | H16: =SUMPRODUCT(H12:H15,'CF Climate'!$B$5:$B$8) -> 1.3658684 | I16: =SUMPRODUCT(I12:I15,'CF Climate'!$B$5:$B$8) -> 0 | J16: =SUMPRODUCT(J12:J15,'CF Climate'!$B$5:$B$8) -> 3.2584051 | K16: =SUMPRODUCT(K12:K15,'CF Climate'!$B$5:$B$8) -> 0.32584051 | L16: =SUMPRODUCT(L12:L15,'CF Climate'!$B$5:$B$8) -> 0.81952107 | M16: =SUMPRODUCT(M12:M15,'CF Climate'!$B$5:$B$8) -> 0 | N16: =SUMPRODUCT(N12:N15,'CF Climate'!$B$5:$B$8) -> 0 | O16: =SUMPRODUCT(O12:O15,'CF Climate'!$B$5:$B$8) -> 0 | P16: =SUMPRODUCT(P12:P15,'CF Climate'!$B$5:$B$8) -> 0 | Q16: 0 | R16: =SUMPRODUCT(R12:R15,'CF Climate'!$B$5:$B$8) -> 1.5218605 | S16: =SUMPRODUCT(S12:S15,'CF Climate'!$B$5:$B$8) -> 14.354977 | T16: =SUMPRODUCT(T12:T15,'CF Climate'!$B$5:$B$8) -> 7.7747133 | U16: =SUMPRODUCT(U12:U15,'CF Climate'!$B$5:$B$8) -> 0 | V16: =SUMPRODUCT(V12:V15,'CF Climate'!$B$5:$B$8) -> 0 | W16: =SUMPRODUCT(W12:W15,'CF Climate'!$B$5:$B$8) -> 0.54634738 | X16: =SUMPRODUCT(X12:X15,'CF Climate'!$B$5:$B$8) -> 0.68571429
A17: A01QV | B17: Bovine muscle | C17: Meat and meat products | D17: Germany | E17: DE | F17: CO2 | G17: =SUM(H17:X17) -> 3.863894 | H17: ='GHG detailed, results per kg CW'!H17/Meat_yield -> 0.60051189 | I17: ='GHG detailed, results per kg CW'!I17/Meat_yield -> 0 | J17: ='GHG detailed, results per kg CW'!J17/Meat_yield -> 0 | K17: ='GHG detailed, results per kg CW'!K17/Meat_yield -> 0 | L17: ='GHG detailed, results per kg CW'!L17/Meat_yield -> 0.72061427 | M17: ='GHG detailed, results per kg CW'!M17/Meat_yield -> 0 | N17: ='GHG detailed, results per kg CW'!N17/Meat_yield -> 0 | O17: ='GHG detailed, results per kg CW'!O17/Meat_yield -> 0 | P17: ='GHG detailed, results per kg CW'!P17/Meat_yield -> 0 | Q17: 0 | R17: ='GHG detailed, results per kg CW'!Q17/Meat_yield -> 1.376644 | S17: ='GHG detailed, results per kg CW'!R17/Meat_yield -> 0 | T17: ='GHG detailed, results per kg CW'!S17/Meat_yield -> 0 | U17: ='GHG detailed, results per kg CW'!T17/Meat_yield -> 0 | V17: ='GHG detailed, results per kg CW'!U17/Meat_yield -> 0 | W17: ='GHG detailed, results per kg CW'!V17/Meat_yield -> 0.48040951 | X17: ='GHG detailed, results per kg CW'!W17/Meat_yield -> 0.68571429
A18: A01QV | B18: Bovine muscle | C18: Meat and meat products | D18: Germany | E18: DE | F18: CH4, fossil | G18: =SUM(H18:X18) -> 0 | H18: ='GHG detailed, results per kg CW'!H18/Meat_yield -> 0 | I18: ='GHG detailed, results per kg CW'!I18/Meat_yield -> 0 | J18: ='GHG detailed, results per kg CW'!J18/Meat_yield -> 0 | K18: ='GHG detailed, results per kg CW'!K18/Meat_yield -> 0 | L18: ='GHG detailed, results per kg CW'!L18/Meat_yield -> 0 | M18: ='GHG detailed, results per kg CW'!M18/Meat_yield -> 0 | N18: ='GHG detailed, results per kg CW'!N18/Meat_yield -> 0 | O18: ='GHG detailed, results per kg CW'!O18/Meat_yield -> 0 | P18: ='GHG detailed, results per kg CW'!P18/Meat_yield -> 0 | Q18: 0 | R18: ='GHG detailed, results per kg CW'!Q18/Meat_yield -> 0 | S18: ='GHG detailed, results per kg CW'!R18/Meat_yield -> 0 | T18: ='GHG detailed, results per kg CW'!S18/Meat_yield -> 0 | U18: ='GHG detailed, results per kg CW'!T18/Meat_yield -> 0 | V18: ='GHG detailed, results per kg CW'!U18/Meat_yield -> 0 | W18: ='GHG detailed, results per kg CW'!V18/Meat_yield -> 0 | X18: ='GHG detailed, results per kg CW'!W18/Meat_yield -> 0
A19: A01QV | B19: Bovine muscle | C19: Meat and meat products | D19: Germany | E19: DE | F19: CH4, biogenic | G19: =SUM(H19:T19)+SUM(W19:X19) -> 0.60987053 | H19: ='GHG detailed, results per kg CW'!H19/Meat_yield -> 0 | I19: ='GHG detailed, results per kg CW'!I19/Meat_yield -> 0 | J19: ='GHG detailed, results per kg CW'!J19/Meat_yield -> 0 | K19: ='GHG detailed, results per kg CW'!K19/Meat_yield -> 0 | L19: ='GHG detailed, results per kg CW'!L19/Meat_yield -> 0 | M19: ='GHG detailed, results per kg CW'!M19/Meat_yield -> 0 | N19: ='GHG detailed, results per kg CW'!N19/Meat_yield -> 0 | O19: ='GHG detailed, results per kg CW'!O19/Meat_yield -> 0 | P19: ='GHG detailed, results per kg CW'!P19/Meat_yield -> 0 | Q19: 0 | R19: ='GHG detailed, results per kg CW'!Q19/Meat_yield -> 0 | S19: ='GHG detailed, results per kg CW'!R19/Meat_yield -> 0.4826014 | T19: ='GHG detailed, results per kg CW'!S19/Meat_yield -> 0.12726913 | U19: ='GHG detailed, results per kg CW'!T19/Meat_yield -> 0 | V19: ='GHG detailed, results per kg CW'!U19/Meat_yield -> 0 | W19: ='GHG detailed, results per kg CW'!V19/Meat_yield -> 0 | X19: ='GHG detailed, results per kg CW'!W19/Meat_yield -> 0
A20: A01QV | B20: Bovine muscle | C20: Meat and meat products | D20: Germany | E20: DE | F20: N2O | G20: =SUM(H20:T20)+SUM(W20:X20) -> 0.02677812 | H20: ='GHG detailed, results per kg CW'!H20/Meat_yield -> 0.0021996773 | I20: ='GHG detailed, results per kg CW'!I20/Meat_yield -> 0 | J20: ='GHG detailed, results per kg CW'!J20/Meat_yield -> 0.01090126 | K20: ='GHG detailed, results per kg CW'!K20/Meat_yield -> 0.001090126 | L20: ='GHG detailed, results per kg CW'!L20/Meat_yield -> 0 | M20: ='GHG detailed, results per kg CW'!M20/Meat_yield -> 0 | N20: ='GHG detailed, results per kg CW'!N20/Meat_yield -> 0 | O20: ='GHG detailed, results per kg CW'!O20/Meat_yield -> 0 | P20: ='GHG detailed, results per kg CW'!P20/Meat_yield -> 0 | Q20: 0 | R20: ='GHG detailed, results per kg CW'!Q20/Meat_yield -> 0 | S20: ='GHG detailed, results per kg CW'!R20/Meat_yield -> 0 | T20: ='GHG detailed, results per kg CW'!S20/Meat_yield -> 0.012587057 | U20: ='GHG detailed, results per kg CW'!T20/Meat_yield -> 0 | V20: ='GHG detailed, results per kg CW'!U20/Meat_yield -> 0 | W20: ='GHG detailed, results per kg CW'!V20/Meat_yield -> 0 | X20: ='GHG detailed, results per kg CW'!W20/Meat_yield -> 0
A21: A01QV | B21: Bovine muscle | C21: Meat and meat products | D21: Germany | E21: DE | F21: CO2e | G21: =SUM(H21:X21) -> 27.640825 | H21: =SUMPRODUCT(H17:H20,'CF Climate'!$B$5:$B$8) -> 1.2010238 | I21: =SUMPRODUCT(I17:I20,'CF Climate'!$B$5:$B$8) -> 0 | J21: =SUMPRODUCT(J17:J20,'CF Climate'!$B$5:$B$8) -> 2.9760439 | K21: =SUMPRODUCT(K17:K20,'CF Climate'!$B$5:$B$8) -> 0.29760439 | L21: =SUMPRODUCT(L17:L20,'CF Climate'!$B$5:$B$8) -> 0.72061427 | M21: =SUMPRODUCT(M17:M20,'CF Climate'!$B$5:$B$8) -> 0 | N21: =SUMPRODUCT(N17:N20,'CF Climate'!$B$5:$B$8) -> 0 | O21: =SUMPRODUCT(O17:O20,'CF Climate'!$B$5:$B$8) -> 0 | P21: =SUMPRODUCT(P17:P20,'CF Climate'!$B$5:$B$8) -> 0 | Q21: 0 | R21: =SUMPRODUCT(R17:R20,'CF Climate'!$B$5:$B$8) -> 1.376644 | S21: =SUMPRODUCT(S17:S20,'CF Climate'!$B$5:$B$8) -> 13.030238 | T21: =SUMPRODUCT(T17:T20,'CF Climate'!$B$5:$B$8) -> 6.8725331 | U21: =SUMPRODUCT(U17:U20,'CF Climate'!$B$5:$B$8) -> 0 | V21: =SUMPRODUCT(V17:V20,'CF Climate'!$B$5:$B$8) -> 0 | W21: =SUMPRODUCT(W17:W20,'CF Climate'!$B$5:$B$8) -> 0.48040951 | X21: =SUMPRODUCT(X17:X20,'CF Climate'!$B$5:$B$8) -> 0.68571429
A22: A01QV | B22: Bovine muscle | C22: Meat and meat products | D22: Greece | E22: GR | F22: CO2 | G22: =SUM(H22:X22) -> 4.3652178 | H22: ='GHG detailed, results per kg CW'!H22/Meat_yield -> 0.69389097 | I22: ='GHG detailed, results per kg CW'!I22/Meat_yield -> 0 | J22: ='GHG detailed, results per kg CW'!J22/Meat_yield -> 0 | K22: ='GHG detailed, results per kg CW'!K22/Meat_yield -> 0 | L22: ='GHG detailed, results per kg CW'!L22/Meat_yield -> 0.83266917 | M22: ='GHG detailed, results per kg CW'!M22/Meat_yield -> 0 | N22: ='GHG detailed, results per kg CW'!N22/Meat_yield -> 0 | O22: ='GHG detailed, results per kg CW'!O22/Meat_yield -> 0 | P22: ='GHG detailed, results per kg CW'!P22/Meat_yield -> 0 | Q22: 0 | R22: ='GHG detailed, results per kg CW'!Q22/Meat_yield -> 1.5978306 | S22: ='GHG detailed, results per kg CW'!R22/Meat_yield -> 0 | T22: ='GHG detailed, results per kg CW'!S22/Meat_yield -> 0 | U22: ='GHG detailed, results per kg CW'!T22/Meat_yield -> 0 | V22: ='GHG detailed, results per kg CW'!U22/Meat_yield -> 0 | W22: ='GHG detailed, results per kg CW'!V22/Meat_yield -> 0.55511278 | X22: ='GHG detailed, results per kg CW'!W22/Meat_yield -> 0.68571429
A23: A01QV | B23: Bovine muscle | C23: Meat and meat products | D23: Greece | E23: GR | F23: CH4, fossil | G23: =SUM(H23:X23) -> 0 | H23: ='GHG detailed, results per kg CW'!H23/Meat_yield -> 0 | I23: ='GHG detailed, results per kg CW'!I23/Meat_yield -> 0 | J23: ='GHG detailed, results per kg CW'!J23/Meat_yield -> 0 | K23: ='GHG detailed, results per kg CW'!K23/Meat_yield -> 0 | L23: ='GHG detailed, results per kg CW'!L23/Meat_yield -> 0 | M23: ='GHG detailed, results per kg CW'!M23/Meat_yield -> 0 | N23: ='GHG detailed, results per kg CW'!N23/Meat_yield -> 0 | O23: ='GHG detailed, results per kg CW'!O23/Meat_yield -> 0 | P23: ='GHG detailed, results per kg CW'!P23/Meat_yield -> 0 | Q23: 0 | R23: ='GHG detailed, results per kg CW'!Q23/Meat_yield -> 0 | S23: ='GHG detailed, results per kg CW'!R23/Meat_yield -> 0 | T23: ='GHG detailed, results per kg CW'!S23/Meat_yield -> 0 | U23: ='GHG detailed, results per kg CW'!T23/Meat_yield -> 0 | V23: ='GHG detailed, results per kg CW'!U23/Meat_yield -> 0 | W23: ='GHG detailed, results per kg CW'!V23/Meat_yield -> 0 | X23: ='GHG detailed, results per kg CW'!W23/Meat_yield -> 0
A24: A01QV | B24: Bovine muscle | C24: Meat and meat products | D24: Greece | E24: GR | F24: CH4, biogenic | G24: =SUM(H24:T24)+SUM(W24:X24) -> 0.71556993 | H24: ='GHG detailed, results per kg CW'!H24/Meat_yield -> 0.0025417252 | I24: ='GHG detailed, results per kg CW'!I24/Meat_yield -> 0 | J24: ='GHG detailed, results per kg CW'!J24/Meat_yield -> 0.012238343 | K24: ='GHG detailed, results per kg CW'!K24/Meat_yield -> 0.0012238343 | L24: ='GHG detailed, results per kg CW'!L24/Meat_yield -> 0 | M24: ='GHG detailed, results per kg CW'!M24/Meat_yield -> 0 | N24: ='GHG detailed, results per kg CW'!N24/Meat_yield -> 0 | O24: ='GHG detailed, results per kg CW'!O24/Meat_yield -> 0 | P24: ='GHG detailed, results per kg CW'!P24/Meat_yield -> 0 | Q24: 0 | R24: ='GHG detailed, results per kg CW'!Q24/Meat_yield -> 0 | S24: ='GHG detailed, results per kg CW'!R24/Meat_yield -> 0.54965434 | T24: ='GHG detailed, results per kg CW'!S24/Meat_yield -> 0.14991169 | U24: ='GHG detailed, results per kg CW'!T24/Meat_yield -> 0 | V24: ='GHG detailed, results per kg CW'!U24/Meat_yield -> 0 | W24: ='GHG detailed, results per kg CW'!V24/Meat_yield -> 0 | X24: ='GHG detailed, results per kg CW'!W24/Meat_yield -> 0
A25: A01QV | B25: Bovine muscle | C25: Meat and meat products | D25: Greece | E25: GR | F25: N2O | G25: =SUM(H25:T25)+SUM(W25:X25) -> 0.030830334 | H25: ='GHG detailed, results per kg CW'!H25/Meat_yield -> 0.0025417252 | I25: ='GHG detailed, results per kg CW'!I25/Meat_yield -> 0 | J25: ='GHG detailed, results per kg CW'!J25/Meat_yield -> 0.012238343 | K25: ='GHG detailed, results per kg CW'!K25/Meat_yield -> 0.0012238343 | L25: ='GHG detailed, results per kg CW'!L25/Meat_yield -> 0 | M25: ='GHG detailed, results per kg CW'!M25/Meat_yield -> 0 | N25: ='GHG detailed, results per kg CW'!N25/Meat_yield -> 0 | O25: ='GHG detailed, results per kg CW'!O25/Meat_yield -> 0 | P25: ='GHG detailed, results per kg CW'!P25/Meat_yield -> 0 | Q25: 0 | R25: ='GHG detailed, results per kg CW'!Q25/Meat_yield -> 0 | S25: ='GHG detailed, results per kg CW'!R25/Meat_yield -> 0 | T25: ='GHG detailed, results per kg CW'!S25/Meat_yield -> 0.014826431 | U25: ='GHG detailed, results per kg CW'!T25/Meat_yield -> 0 | V25: ='GHG detailed, results per kg CW'!U25/Meat_yield -> 0 | W25: ='GHG detailed, results per kg CW'!V25/Meat_yield -> 0 | X25: ='GHG detailed, results per kg CW'!W25/Meat_yield -> 0
A26: A01QV | B26: Bovine muscle | C26: Meat and meat products | D26: Greece | E26: GR | F26: CO2e | G26: =SUM(H26:X26) -> 32.102287 | H26: =SUMPRODUCT(H22:H25,'CF Climate'!$B$5:$B$8) -> 1.4564085 | I26: =SUMPRODUCT(I22:I25,'CF Climate'!$B$5:$B$8) -> 0 | J26: =SUMPRODUCT(J22:J25,'CF Climate'!$B$5:$B$8) -> 3.671503 | K26: =SUMPRODUCT(K22:K25,'CF Climate'!$B$5:$B$8) -> 0.3671503 | L26: =SUMPRODUCT(L22:L25,'CF Climate'!$B$5:$B$8) -> 0.83266917 | M26: =SUMPRODUCT(M22:M25,'CF Climate'!$B$5:$B$8) -> 0 | N26: =SUMPRODUCT(N22:N25,'CF Climate'!$B$5:$B$8) -> 0 | O26: =SUMPRODUCT(O22:O25,'CF Climate'!$B$5:$B$8) -> 0 | P26: =SUMPRODUCT(P22:P25,'CF Climate'!$B$5:$B$8) -> 0 | Q26: 0 | R26: =SUMPRODUCT(R22:R25,'CF Climate'!$B$5:$B$8) -> 1.5978306 | S26: =SUMPRODUCT(S22:S25,'CF Climate'!$B$5:$B$8) -> 14.840667 | T26: =SUMPRODUCT(T22:T25,'CF Climate'!$B$5:$B$8) -> 8.0952315 | U26: =SUMPRODUCT(U22:U25,'CF Climate'!$B$5:$B$8) -> 0 | V26: =SUMPRODUCT(V22:V25,'CF Climate'!$B$5:$B$8) -> 0 | W26: =SUMPRODUCT(W22:W25,'CF Climate'!$B$5:$B$8) -> 0.55511278 | X26: =SUMPRODUCT(X22:X25,'CF Climate'!$B$5:$B$8) -> 0.68571429
A27: A01QV | B27: Bovine muscle | C27: Meat and meat products | D27: Hungary | E27: HU | F27: CO2 | G27: =SUM(H27:X27) -> 3.9270738 | H27: ='GHG detailed, results per kg CW'!H27/Meat_yield -> 0.65761035 | I27: ='GHG detailed, results per kg CW'!I27/Meat_yield -> 0 | J27: ='GHG detailed, results per kg CW'!J27/Meat_yield -> 0 | K27: ='GHG detailed, results per kg CW'!K27/Meat_yield -> 0 | L27: ='GHG detailed, results per kg CW'!L27/Meat_yield -> 0.78913243 | M27: ='GHG detailed, results per kg CW'!M27/Meat_yield -> 0 | N27: ='GHG detailed, results per kg CW'!N27/Meat_yield -> 0 | O27: ='GHG detailed, results per kg CW'!O27/Meat_yield -> 0 | P27: ='GHG detailed, results per kg CW'!P27/Meat_yield -> 0 | Q27: 0 | R27: ='GHG detailed, results per kg CW'!Q27/Meat_yield -> 1.2685285 | S27: ='GHG detailed, results per kg CW'!R27/Meat_yield -> 0 | T27: ='GHG detailed, results per kg CW'!S27/Meat_yield -> 0 | U27: ='GHG detailed, results per kg CW'!T27/Meat_yield -> 0 | V27: ='GHG detailed, results per kg CW'!U27/Meat_yield -> 0 | W27: ='GHG detailed, results per kg CW'!V27/Meat_yield -> 0.52608828 | X27: ='GHG detailed, results per kg CW'!W27/Meat_yield -> 0.68571429
A28: A01QV | B28: Bovine muscle | C28: Meat and meat products | D28: Hungary | E28: HU | F28: CH4, fossil | G28: =SUM(H28:X28) -> 0 | H28: ='GHG detailed, results per kg CW'!H28/Meat_yield -> 0 | I28: ='GHG detailed, results per kg CW'!I28/Meat_yield -> 0 | J28: ='GHG detailed, results per kg CW'!J28/Meat_yield -> 0 | K28: ='GHG detailed, results per kg CW'!K28/Meat_yield -> 0 | L28: ='GHG detailed, results per kg CW'!L28/Meat_yield -> 0 | M28: ='GHG detailed, results per kg CW'!M28/Meat_yield -> 0 | N28: ='GHG detailed, results per kg CW'!N28/Meat_yield -> 0 | O28: ='GHG detailed, results per kg CW'!O28/Meat_yield -> 0 | P28: ='GHG detailed, results per kg CW'!P28/Meat_yield -> 0 | Q28: 0 | R28: ='GHG detailed, results per kg CW'!Q28/Meat_yield -> 0 | S28: ='GHG detailed, results per kg CW'!R28/Meat_yield -> 0 | T28: ='GHG detailed, results per kg CW'!S28/Meat_yield -> 0 | U28: ='GHG detailed, results per kg CW'!T28/Meat_yield -> 0 | V28: ='GHG detailed, results per kg CW'!U28/Meat_yield -> 0 | W28: ='GHG detailed, results per kg CW'!V28/Meat_yield -> 0 | X28: ='GHG detailed, results per kg CW'!W28/Meat_yield -> 0
A29: A01QV | B29: Bovine muscle | C29: Meat and meat products | D29: Hungary | E29: HU | F29: CH4, biogenic | G29: =SUM(H29:T29)+SUM(W29:X29) -> 0.59951948 | H29: ='GHG detailed, results per kg CW'!H29/Meat_yield -> 0 | I29: ='GHG detailed, results per kg CW'!I29/Meat_yield -> 0 | J29: ='GHG detailed, results per kg CW'!J29/Meat_yield -> 0 | K29: ='GHG detailed, results per kg CW'!K29/Meat_yield -> 0 | L29: ='GHG detailed, results per kg CW'!L29/Meat_yield -> 0 | M29: ='GHG detailed, results per kg CW'!M29/Meat_yield -> 0 | N29: ='GHG detailed, results per kg CW'!N29/Meat_yield -> 0 | O29: ='GHG detailed, results per kg CW'!O29/Meat_yield -> 0 | P29: ='GHG detailed, results per kg CW'!P29/Meat_yield -> 0 | Q29: 0 | R29: ='GHG detailed, results per kg CW'!Q29/Meat_yield -> 0 | S29: ='GHG detailed, results per kg CW'!R29/Meat_yield -> 0.47435821 | T29: ='GHG detailed, results per kg CW'!S29/Meat_yield -> 0.12516126 | U29: ='GHG detailed, results per kg CW'!T29/Meat_yield -> 0 | V29: ='GHG detailed, results per kg CW'!U29/Meat_yield -> 0 | W29: ='GHG detailed, results per kg CW'!V29/Meat_yield -> 0 | X29: ='GHG detailed, results per kg CW'!W29/Meat_yield -> 0
A30: A01QV | B30: Bovine muscle | C30: Meat and meat products | D30: Hungary | E30: HU | F30: N2O | G30: =SUM(H30:T30)+SUM(W30:X30) -> 0.026897231 | H30: ='GHG detailed, results per kg CW'!H30/Meat_yield -> 0.0024088291 | I30: ='GHG detailed, results per kg CW'!I30/Meat_yield -> 0 | J30: ='GHG detailed, results per kg CW'!J30/Meat_yield -> 0.011008923 | K30: ='GHG detailed, results per kg CW'!K30/Meat_yield -> 0.0011008923 | L30: ='GHG detailed, results per kg CW'!L30/Meat_yield -> 0 | M30: ='GHG detailed, results per kg CW'!M30/Meat_yield -> 0 | N30: ='GHG detailed, results per kg CW'!N30/Meat_yield -> 0 | O30: ='GHG detailed, results per kg CW'!O30/Meat_yield -> 0 | P30: ='GHG detailed, results per kg CW'!P30/Meat_yield -> 0 | Q30: 0 | R30: ='GHG detailed, results per kg CW'!Q30/Meat_yield -> 0 | S30: ='GHG detailed, results per kg CW'!R30/Meat_yield -> 0 | T30: ='GHG detailed, results per kg CW'!S30/Meat_yield -> 0.012378586 | U30: ='GHG detailed, results per kg CW'!T30/Meat_yield -> 0 | V30: ='GHG detailed, results per kg CW'!U30/Meat_yield -> 0 | W30: ='GHG detailed, results per kg CW'!V30/Meat_yield -> 0 | X30: ='GHG detailed, results per kg CW'!W30/Meat_yield -> 0
A31: A01QV | B31: Bovine muscle | C31: Meat and meat products | D31: Hungary | E31: HU | F31: CO2e | G31: =SUM(H31:X31) -> 27.457044 | H31: =SUMPRODUCT(H27:H30,'CF Climate'!$B$5:$B$8) -> 1.3152207 | I31: =SUMPRODUCT(I27:I30,'CF Climate'!$B$5:$B$8) -> 0 | J31: =SUMPRODUCT(J27:J30,'CF Climate'!$B$5:$B$8) -> 3.0054361 | K31: =SUMPRODUCT(K27:K30,'CF Climate'!$B$5:$B$8) -> 0.30054361 | L31: =SUMPRODUCT(L27:L30,'CF Climate'!$B$5:$B$8) -> 0.78913243 | M31: =SUMPRODUCT(M27:M30,'CF Climate'!$B$5:$B$8) -> 0 | N31: =SUMPRODUCT(N27:N30,'CF Climate'!$B$5:$B$8) -> 0 | O31: =SUMPRODUCT(O27:O30,'CF Climate'!$B$5:$B$8) -> 0 | P31: =SUMPRODUCT(P27:P30,'CF Climate'!$B$5:$B$8) -> 0 | Q31: 0 | R31: =SUMPRODUCT(R27:R30,'CF Climate'!$B$5:$B$8) -> 1.2685285 | S31: =SUMPRODUCT(S27:S30,'CF Climate'!$B$5:$B$8) -> 12.807672 | T31: =SUMPRODUCT(T27:T30,'CF Climate'!$B$5:$B$8) -> 6.7587082 | U31: =SUMPRODUCT(U27:U30,'CF Climate'!$B$5:$B$8) -> 0 | V31: =SUMPRODUCT(V27:V30,'CF Climate'!$B$5:$B$8) -> 0 | W31: =SUMPRODUCT(W27:W30,'CF Climate'!$B$5:$B$8) -> 0.52608828 | X31: =SUMPRODUCT(X27:X30,'CF Climate'!$B$5:$B$8) -> 0.68571429
A32: A01QV | B32: Bovine muscle | C32: Meat and meat products | D32: Ireland | E32: IE | F32: CO2 | G32: =SUM(H32:X32) -> 4.3879948 | H32: ='GHG detailed, results per kg CW'!H32/Meat_yield -> 0.65715858 | I32: ='GHG detailed, results per kg CW'!I32/Meat_yield -> 0 | J32: ='GHG detailed, results per kg CW'!J32/Meat_yield -> 0 | K32: ='GHG detailed, results per kg CW'!K32/Meat_yield -> 0 | L32: ='GHG detailed, results per kg CW'!L32/Meat_yield -> 0.78859029 | M32: ='GHG detailed, results per kg CW'!M32/Meat_yield -> 0 | N32: ='GHG detailed, results per kg CW'!N32/Meat_yield -> 0 | O32: ='GHG detailed, results per kg CW'!O32/Meat_yield -> 0 | P32: ='GHG detailed, results per kg CW'!P32/Meat_yield -> 0 | Q32: 0 | R32: ='GHG detailed, results per kg CW'!Q32/Meat_yield -> 1.7308048 | S32: ='GHG detailed, results per kg CW'!R32/Meat_yield -> 0 | T32: ='GHG detailed, results per kg CW'!S32/Meat_yield -> 0 | U32: ='GHG detailed, results per kg CW'!T32/Meat_yield -> 0 | V32: ='GHG detailed, results per kg CW'!U32/Meat_yield -> 0 | W32: ='GHG detailed, results per kg CW'!V32/Meat_yield -> 0.52572686 | X32: ='GHG detailed, results per kg CW'!W32/Meat_yield -> 0.68571429
A33: A01QV | B33: Bovine muscle | C33: Meat and meat products | D33: Ireland | E33: IE | F33: CH4, fossil | G33: =SUM(H33:X33) -> 0 | H33: ='GHG detailed, results per kg CW'!H33/Meat_yield -> 0 | I33: ='GHG detailed, results per kg CW'!I33/Meat_yield -> 0 | J33: ='GHG detailed, results per kg CW'!J33/Meat_yield -> 0 | K33: ='GHG detailed, results per kg CW'!K33/Meat_yield -> 0 | L33: ='GHG detailed, results per kg CW'!L33/Meat_yield -> 0 | M33: ='GHG detailed, results per kg CW'!M33/Meat_yield -> 0 | N33: ='GHG detailed, results per kg CW'!N33/Meat_yield -> 0 | O33: ='GHG detailed, results per kg CW'!O33/Meat_yield -> 0 | P33: ='GHG detailed, results per kg CW'!P33/Meat_yield -> 0 | Q33: 0 | R33: ='GHG detailed, results per kg CW'!Q33/Meat_yield -> 0 | S33: ='GHG detailed, results per kg CW'!R33/Meat_yield -> 0 | T33: ='GHG detailed, results per kg CW'!S33/Meat_yield -> 0 | U33: ='GHG detailed, results per kg CW'!T33/Meat_yield -> 0 | V33: ='GHG detailed, results per kg CW'!U33/Meat_yield -> 0 | W33: ='GHG detailed, results per kg CW'!V33/Meat_yield -> 0 | X33: ='GHG detailed, results per kg CW'!W33/Meat_yield -> 0
A34: A01QV | B34: Bovine muscle | C34: Meat and meat products | D34: Ireland | E34: IE | F34: CH4, biogenic | G34: =SUM(H34:T34)+SUM(W34:X34) -> 0.72321564 | H34: ='GHG detailed, results per kg CW'!H34/Meat_yield -> 0 | I34: ='GHG detailed, results per kg CW'!I34/Meat_yield -> 0 | J34: ='GHG detailed, results per kg CW'!J34/Meat_yield -> 0 | K34: ='GHG detailed, results per kg CW'!K34/Meat_yield -> 0 | L34: ='GHG detailed, results per kg CW'!L34/Meat_yield -> 0 | M34: ='GHG detailed, results per kg CW'!M34/Meat_yield -> 0 | N34: ='GHG detailed, results per kg CW'!N34/Meat_yield -> 0 | O34: ='GHG detailed, results per kg CW'!O34/Meat_yield -> 0 | P34: ='GHG detailed, results per kg CW'!P34/Meat_yield -> 0 | Q34: 0 | R34: ='GHG detailed, results per kg CW'!Q34/Meat_yield -> 0 | S34: ='GHG detailed, results per kg CW'!R34/Meat_yield -> 0.56779048 | T34: ='GHG detailed, results per kg CW'!S34/Meat_yield -> 0.15542516 | U34: ='GHG detailed, results per kg CW'!T34/Meat_yield -> 0 | V34: ='GHG detailed, results per kg CW'!U34/Meat_yield -> 0 | W34: ='GHG detailed, results per kg CW'!V34/Meat_yield -> 0 | X34: ='GHG detailed, results per kg CW'!W34/Meat_yield -> 0
A35: A01QV | B35: Bovine muscle | C35: Meat and meat products | D35: Ireland | E35: IE | F35: N2O | G35: =SUM(H35:T35)+SUM(W35:X35) -> 0.031368392 | H35: ='GHG detailed, results per kg CW'!H35/Meat_yield -> 0.0024071743 | I35: ='GHG detailed, results per kg CW'!I35/Meat_yield -> 0 | J35: ='GHG detailed, results per kg CW'!J35/Meat_yield -> 0.01235409 | K35: ='GHG detailed, results per kg CW'!K35/Meat_yield -> 0.001235409 | L35: ='GHG detailed, results per kg CW'!L35/Meat_yield -> 0 | M35: ='GHG detailed, results per kg CW'!M35/Meat_yield -> 0 | N35: ='GHG detailed, results per kg CW'!N35/Meat_yield -> 0 | O35: ='GHG detailed, results per kg CW'!O35/Meat_yield -> 0 | P35: ='GHG detailed, results per kg CW'!P35/Meat_yield -> 0 | Q35: 0 | R35: ='GHG detailed, results per kg CW'!Q35/Meat_yield -> 0 | S35: ='GHG detailed, results per kg CW'!R35/Meat_yield -> 0 | T35: ='GHG detailed, results per kg CW'!S35/Meat_yield -> 0.015371719 | U35: ='GHG detailed, results per kg CW'!T35/Meat_yield -> 0 | V35: ='GHG detailed, results per kg CW'!U35/Meat_yield -> 0 | W35: ='GHG detailed, results per kg CW'!V35/Meat_yield -> 0 | X35: ='GHG detailed, results per kg CW'!W35/Meat_yield -> 0
A36: A01QV | B36: Bovine muscle | C36: Meat and meat products | D36: Ireland | E36: IE | F36: CO2e | G36: =SUM(H36:X36) -> 32.478388 | H36: =SUMPRODUCT(H32:H35,'CF Climate'!$B$5:$B$8) -> 1.3143172 | I36: =SUMPRODUCT(I32:I35,'CF Climate'!$B$5:$B$8) -> 0 | J36: =SUMPRODUCT(J32:J35,'CF Climate'!$B$5:$B$8) -> 3.3726665 | K36: =SUMPRODUCT(K32:K35,'CF Climate'!$B$5:$B$8) -> 0.33726665 | L36: =SUMPRODUCT(L32:L35,'CF Climate'!$B$5:$B$8) -> 0.78859029 | M36: =SUMPRODUCT(M32:M35,'CF Climate'!$B$5:$B$8) -> 0 | N36: =SUMPRODUCT(N32:N35,'CF Climate'!$B$5:$B$8) -> 0 | O36: =SUMPRODUCT(O32:O35,'CF Climate'!$B$5:$B$8) -> 0 | P36: =SUMPRODUCT(P32:P35,'CF Climate'!$B$5:$B$8) -> 0 | Q36: 0 | R36: =SUMPRODUCT(R32:R35,'CF Climate'!$B$5:$B$8) -> 1.7308048 | S36: =SUMPRODUCT(S32:S35,'CF Climate'!$B$5:$B$8) -> 15.330343 | T36: =SUMPRODUCT(T32:T35,'CF Climate'!$B$5:$B$8) -> 8.3929585 | U36: =SUMPRODUCT(U32:U35,'CF Climate'!$B$5:$B$8) -> 0 | V36: =SUMPRODUCT(V32:V35,'CF Climate'!$B$5:$B$8) -> 0 | W36: =SUMPRODUCT(W32:W35,'CF Climate'!$B$5:$B$8) -> 0.52572686 | X36: =SUMPRODUCT(X32:X35,'CF Climate'!$B$5:$B$8) -> 0.68571429
A37: A01QV | B37: Bovine muscle | C37: Meat and meat products | D37: Italy | E37: IT | F37: CO2 | G37: =SUM(H37:X37) -> 3.9003357 | H37: ='GHG detailed, results per kg CW'!H37/Meat_yield -> 0.60017738 | I37: ='GHG detailed, results per kg CW'!I37/Meat_yield -> 0 | J37: ='GHG detailed, results per kg CW'!J37/Meat_yield -> 0 | K37: ='GHG detailed, results per kg CW'!K37/Meat_yield -> 0 | L37: ='GHG detailed, results per kg CW'!L37/Meat_yield -> 0.72021285 | M37: ='GHG detailed, results per kg CW'!M37/Meat_yield -> 0 | N37: ='GHG detailed, results per kg CW'!N37/Meat_yield -> 0 | O37: ='GHG detailed, results per kg CW'!O37/Meat_yield -> 0 | P37: ='GHG detailed, results per kg CW'!P37/Meat_yield -> 0 | Q37: 0 | R37: ='GHG detailed, results per kg CW'!Q37/Meat_yield -> 1.4140893 | S37: ='GHG detailed, results per kg CW'!R37/Meat_yield -> 0 | T37: ='GHG detailed, results per kg CW'!S37/Meat_yield -> 0 | U37: ='GHG detailed, results per kg CW'!T37/Meat_yield -> 0 | V37: ='GHG detailed, results per kg CW'!U37/Meat_yield -> 0 | W37: ='GHG detailed, results per kg CW'!V37/Meat_yield -> 0.4801419 | X37: ='GHG detailed, results per kg CW'!W37/Meat_yield -> 0.68571429
A38: A01QV | B38: Bovine muscle | C38: Meat and meat products | D38: Italy | E38: IT | F38: CH4, fossil | G38: =SUM(H38:X38) -> 0 | H38: ='GHG detailed, results per kg CW'!H38/Meat_yield -> 0 | I38: ='GHG detailed, results per kg CW'!I38/Meat_yield -> 0 | J38: ='GHG detailed, results per kg CW'!J38/Meat_yield -> 0 | K38: ='GHG detailed, results per kg CW'!K38/Meat_yield -> 0 | L38: ='GHG detailed, results per kg CW'!L38/Meat_yield -> 0 | M38: ='GHG detailed, results per kg CW'!M38/Meat_yield -> 0 | N38: ='GHG detailed, results per kg CW'!N38/Meat_yield -> 0 | O38: ='GHG detailed, results per kg CW'!O38/Meat_yield -> 0 | P38: ='GHG detailed, results per kg CW'!P38/Meat_yield -> 0 | Q38: 0 | R38: ='GHG detailed, results per kg CW'!Q38/Meat_yield -> 0 | S38: ='GHG detailed, results per kg CW'!R38/Meat_yield -> 0 | T38: ='GHG detailed, results per kg CW'!S38/Meat_yield -> 0 | U38: ='GHG detailed, results per kg CW'!T38/Meat_yield -> 0 | V38: ='GHG detailed, results per kg CW'!U38/Meat_yield -> 0 | W38: ='GHG detailed, results per kg CW'!V38/Meat_yield -> 0 | X38: ='GHG detailed, results per kg CW'!W38/Meat_yield -> 0
A39: A01QV | B39: Bovine muscle | C39: Meat and meat products | D39: Italy | E39: IT | F39: CH4, biogenic | G39: =SUM(H39:T39)+SUM(W39:X39) -> 0.61979304 | H39: ='GHG detailed, results per kg CW'!H39/Meat_yield -> 0 | I39: ='GHG detailed, results per kg CW'!I39/Meat_yield -> 0 | J39: ='GHG detailed, results per kg CW'!J39/Meat_yield -> 0 | K39: ='GHG detailed, results per kg CW'!K39/Meat_yield -> 0 | L39: ='GHG detailed, results per kg CW'!L39/Meat_yield -> 0 | M39: ='GHG detailed, results per kg CW'!M39/Meat_yield -> 0 | N39: ='GHG detailed, results per kg CW'!N39/Meat_yield -> 0 | O39: ='GHG detailed, results per kg CW'!O39/Meat_yield -> 0 | P39: ='GHG detailed, results per kg CW'!P39/Meat_yield -> 0 | Q39: 0 | R39: ='GHG detailed, results per kg CW'!Q39/Meat_yield -> 0 | S39: ='GHG detailed, results per kg CW'!R39/Meat_yield -> 0.49009846 | T39: ='GHG detailed, results per kg CW'!S39/Meat_yield -> 0.12969459 | U39: ='GHG detailed, results per kg CW'!T39/Meat_yield -> 0 | V39: ='GHG detailed, results per kg CW'!U39/Meat_yield -> 0 | W39: ='GHG detailed, results per kg CW'!V39/Meat_yield -> 0 | X39: ='GHG detailed, results per kg CW'!W39/Meat_yield -> 0
A40: A01QV | B40: Bovine muscle | C40: Meat and meat products | D40: Italy | E40: IT | F40: N2O | G40: =SUM(H40:T40)+SUM(W40:X40) -> 0.027134204 | H40: ='GHG detailed, results per kg CW'!H40/Meat_yield -> 0.0021984519 | I40: ='GHG detailed, results per kg CW'!I40/Meat_yield -> 0 | J40: ='GHG detailed, results per kg CW'!J40/Meat_yield -> 0.011008013 | K40: ='GHG detailed, results per kg CW'!K40/Meat_yield -> 0.0011008013 | L40: ='GHG detailed, results per kg CW'!L40/Meat_yield -> 0 | M40: ='GHG detailed, results per kg CW'!M40/Meat_yield -> 0 | N40: ='GHG detailed, results per kg CW'!N40/Meat_yield -> 0 | O40: ='GHG detailed, results per kg CW'!O40/Meat_yield -> 0 | P40: ='GHG detailed, results per kg CW'!P40/Meat_yield -> 0 | Q40: 0 | R40: ='GHG detailed, results per kg CW'!Q40/Meat_yield -> 0 | S40: ='GHG detailed, results per kg CW'!R40/Meat_yield -> 0 | T40: ='GHG detailed, results per kg CW'!S40/Meat_yield -> 0.012826937 | U40: ='GHG detailed, results per kg CW'!T40/Meat_yield -> 0 | V40: ='GHG detailed, results per kg CW'!U40/Meat_yield -> 0 | W40: ='GHG detailed, results per kg CW'!V40/Meat_yield -> 0 | X40: ='GHG detailed, results per kg CW'!W40/Meat_yield -> 0
A41: A01QV | B41: Bovine muscle | C41: Meat and meat products | D41: Italy | E41: IT | F41: CO2e | G41: =SUM(H41:X41) -> 28.042385 | H41: =SUMPRODUCT(H37:H40,'CF Climate'!$B$5:$B$8) -> 1.2003548 | I41: =SUMPRODUCT(I37:I40,'CF Climate'!$B$5:$B$8) -> 0 | J41: =SUMPRODUCT(J37:J40,'CF Climate'!$B$5:$B$8) -> 3.0051876 | K41: =SUMPRODUCT(K37:K40,'CF Climate'!$B$5:$B$8) -> 0.30051876 | L41: =SUMPRODUCT(L37:L40,'CF Climate'!$B$5:$B$8) -> 0.72021285 | M41: =SUMPRODUCT(M37:M40,'CF Climate'!$B$5:$B$8) -> 0 | N41: =SUMPRODUCT(N37:N40,'CF Climate'!$B$5:$B$8) -> 0 | O41: =SUMPRODUCT(O37:O40,'CF Climate'!$B$5:$B$8) -> 0 | P41: =SUMPRODUCT(P37:P40,'CF Climate'!$B$5:$B$8) -> 0 | Q41: 0 | R41: =SUMPRODUCT(R37:R40,'CF Climate'!$B$5:$B$8) -> 1.4140893 | S41: =SUMPRODUCT(S37:S40,'CF Climate'!$B$5:$B$8) -> 13.232658 | T41: =SUMPRODUCT(T37:T40,'CF Climate'!$B$5:$B$8) -> 7.0035076 | U41: =SUMPRODUCT(U37:U40,'CF Climate'!$B$5:$B$8) -> 0 | V41: =SUMPRODUCT(V37:V40,'CF Climate'!$B$5:$B$8) -> 0 | W41: =SUMPRODUCT(W37:W40,'CF Climate'!$B$5:$B$8) -> 0.4801419 | X41: =SUMPRODUCT(X37:X40,'CF Climate'!$B$5:$B$8) -> 0.68571429
A42: A01QV | B42: Bovine muscle | C42: Meat and meat products | D42: Netherland | E42: NL | F42: CO2 | G42: =SUM(H42:X42) -> 3.2080793 | H42: ='GHG detailed, results per kg CW'!H42/Meat_yield -> 0.62073995 | I42: ='GHG detailed, results per kg CW'!I42/Meat_yield -> 0 | J42: ='GHG detailed, results per kg CW'!J42/Meat_yield -> 0 | K42: ='GHG detailed, results per kg CW'!K42/Meat_yield -> 0 | L42: ='GHG detailed, results per kg CW'!L42/Meat_yield -> 0.74488795 | M42: ='GHG detailed, results per kg CW'!M42/Meat_yield -> 0 | N42: ='GHG detailed, results per kg CW'!N42/Meat_yield -> 0 | O42: ='GHG detailed, results per kg CW'!O42/Meat_yield -> 0 | P42: ='GHG detailed, results per kg CW'!P42/Meat_yield -> 0 | Q42: 0 | R42: ='GHG detailed, results per kg CW'!Q42/Meat_yield -> 0.66014511 | S42: ='GHG detailed, results per kg CW'!R42/Meat_yield -> 0 | T42: ='GHG detailed, results per kg CW'!S42/Meat_yield -> 0 | U42: ='GHG detailed, results per kg CW'!T42/Meat_yield -> 0 | V42: ='GHG detailed, results per kg CW'!U42/Meat_yield -> 0 | W42: ='GHG detailed, results per kg CW'!V42/Meat_yield -> 0.49659196 | X42: ='GHG detailed, results per kg CW'!W42/Meat_yield -> 0.68571429
A43: A01QV | B43: Bovine muscle | C43: Meat and meat products | D43: Netherland | E43: NL | F43: CH4, fossil | G43: =SUM(H43:X43) -> 0 | H43: ='GHG detailed, results per kg CW'!H43/Meat_yield -> 0 | I43: ='GHG detailed, results per kg CW'!I43/Meat_yield -> 0 | J43: ='GHG detailed, results per kg CW'!J43/Meat_yield -> 0 | K43: ='GHG detailed, results per kg CW'!K43/Meat_yield -> 0 | L43: ='GHG detailed, results per kg CW'!L43/Meat_yield -> 0 | M43: ='GHG detailed, results per kg CW'!M43/Meat_yield -> 0 | N43: ='GHG detailed, results per kg CW'!N43/Meat_yield -> 0 | O43: ='GHG detailed, results per kg CW'!O43/Meat_yield -> 0 | P43: ='GHG detailed, results per kg CW'!P43/Meat_yield -> 0 | Q43: 0 | R43: ='GHG detailed, results per kg CW'!Q43/Meat_yield -> 0 | S43: ='GHG detailed, results per kg CW'!R43/Meat_yield -> 0 | T43: ='GHG detailed, results per kg CW'!S43/Meat_yield -> 0 | U43: ='GHG detailed, results per kg CW'!T43/Meat_yield -> 0 | V43: ='GHG detailed, results per kg CW'!U43/Meat_yield -> 0 | W43: ='GHG detailed, results per kg CW'!V43/Meat_yield -> 0 | X43: ='GHG detailed, results per kg CW'!W43/Meat_yield -> 0
A44: A01QV | B44: Bovine muscle | C44: Meat and meat products | D44: Netherland | E44: NL | F44: CH4, biogenic | G44: =SUM(H44:T44)+SUM(W44:X44) -> 0.42451506 | H44: ='GHG detailed, results per kg CW'!H44/Meat_yield -> 0 | I44: ='GHG detailed, results per kg CW'!I44/Meat_yield -> 0 | J44: ='GHG detailed, results per kg CW'!J44/Meat_yield -> 0 | K44: ='GHG detailed, results per kg CW'!K44/Meat_yield -> 0 | L44: ='GHG detailed, results per kg CW'!L44/Meat_yield -> 0 | M44: ='GHG detailed, results per kg CW'!M44/Meat_yield -> 0 | N44: ='GHG detailed, results per kg CW'!N44/Meat_yield -> 0 | O44: ='GHG detailed, results per kg CW'!O44/Meat_yield -> 0 | P44: ='GHG detailed, results per kg CW'!P44/Meat_yield -> 0 | Q44: 0 | R44: ='GHG detailed, results per kg CW'!Q44/Meat_yield -> 0 | S44: ='GHG detailed, results per kg CW'!R44/Meat_yield -> 0.34245008 | T44: ='GHG detailed, results per kg CW'!S44/Meat_yield -> 0.082064976 | U44: ='GHG detailed, results per kg CW'!T44/Meat_yield -> 0 | V44: ='GHG detailed, results per kg CW'!U44/Meat_yield -> 0 | W44: ='GHG detailed, results per kg CW'!V44/Meat_yield -> 0 | X44: ='GHG detailed, results per kg CW'!W44/Meat_yield -> 0
A45: A01QV | B45: Bovine muscle | C45: Meat and meat products | D45: Netherland | E45: NL | F45: N2O | G45: =SUM(H45:T45)+SUM(W45:X45) -> 0.020247213 | H45: ='GHG detailed, results per kg CW'!H45/Meat_yield -> 0.0022737727 | I45: ='GHG detailed, results per kg CW'!I45/Meat_yield -> 0 | J45: ='GHG detailed, results per kg CW'!J45/Meat_yield -> 0.0089610214 | K45: ='GHG detailed, results per kg CW'!K45/Meat_yield -> 0.00089610214 | L45: ='GHG detailed, results per kg CW'!L45/Meat_yield -> 0 | M45: ='GHG detailed, results per kg CW'!M45/Meat_yield -> 0 | N45: ='GHG detailed, results per kg CW'!N45/Meat_yield -> 0 | O45: ='GHG detailed, results per kg CW'!O45/Meat_yield -> 0 | P45: ='GHG detailed, results per kg CW'!P45/Meat_yield -> 0 | Q45: 0 | R45: ='GHG detailed, results per kg CW'!Q45/Meat_yield -> 0 | S45: ='GHG detailed, results per kg CW'!R45/Meat_yield -> 0 | T45: ='GHG detailed, results per kg CW'!S45/Meat_yield -> 0.0081163163 | U45: ='GHG detailed, results per kg CW'!T45/Meat_yield -> 0 | V45: ='GHG detailed, results per kg CW'!U45/Meat_yield -> 0 | W45: ='GHG detailed, results per kg CW'!V45/Meat_yield -> 0 | X45: ='GHG detailed, results per kg CW'!W45/Meat_yield -> 0
A46: A01QV | B46: Bovine muscle | C46: Meat and meat products | D46: Netherland | E46: NL | F46: CO2e | G46: =SUM(H46:X46) -> 20.197475 | H46: =SUMPRODUCT(H42:H45,'CF Climate'!$B$5:$B$8) -> 1.2414799 | I46: =SUMPRODUCT(I42:I45,'CF Climate'!$B$5:$B$8) -> 0 | J46: =SUMPRODUCT(J42:J45,'CF Climate'!$B$5:$B$8) -> 2.4463588 | K46: =SUMPRODUCT(K42:K45,'CF Climate'!$B$5:$B$8) -> 0.24463588 | L46: =SUMPRODUCT(L42:L45,'CF Climate'!$B$5:$B$8) -> 0.74488795 | M46: =SUMPRODUCT(M42:M45,'CF Climate'!$B$5:$B$8) -> 0 | N46: =SUMPRODUCT(N42:N45,'CF Climate'!$B$5:$B$8) -> 0 | O46: =SUMPRODUCT(O42:O45,'CF Climate'!$B$5:$B$8) -> 0 | P46: =SUMPRODUCT(P42:P45,'CF Climate'!$B$5:$B$8) -> 0 | Q46: 0 | R46: =SUMPRODUCT(R42:R45,'CF Climate'!$B$5:$B$8) -> 0.66014511 | S46: =SUMPRODUCT(S42:S45,'CF Climate'!$B$5:$B$8) -> 9.2461522 | T46: =SUMPRODUCT(T42:T45,'CF Climate'!$B$5:$B$8) -> 4.4315087 | U46: =SUMPRODUCT(U42:U45,'CF Climate'!$B$5:$B$8) -> 0 | V46: =SUMPRODUCT(V42:V45,'CF Climate'!$B$5:$B$8) -> 0 | W46: =SUMPRODUCT(W42:W45,'CF Climate'!$B$5:$B$8) -> 0.49659196 | X46: =SUMPRODUCT(X42:X45,'CF Climate'!$B$5:$B$8) -> 0.68571429
A47: A01QV | B47: Bovine muscle | C47: Meat and meat products | D47: Poland | E47: PL | F47: CO2 | G47: =SUM(H47:X47) -> 3.6958259 | H47: ='GHG detailed, results per kg CW'!H47/Meat_yield -> 0.55536417 | I47: ='GHG detailed, results per kg CW'!I47/Meat_yield -> 0 | J47: ='GHG detailed, results per kg CW'!J47/Meat_yield -> 0 | K47: ='GHG detailed, results per kg CW'!K47/Meat_yield -> 0 | L47: ='GHG detailed, results per kg CW'!L47/Meat_yield -> 0.66643701 | M47: ='GHG detailed, results per kg CW'!M47/Meat_yield -> 0 | N47: ='GHG detailed, results per kg CW'!N47/Meat_yield -> 0 | O47: ='GHG detailed, results per kg CW'!O47/Meat_yield -> 0 | P47: ='GHG detailed, results per kg CW'!P47/Meat_yield -> 0 | Q47: 0 | R47: ='GHG detailed, results per kg CW'!Q47/Meat_yield -> 1.344019 | S47: ='GHG detailed, results per kg CW'!R47/Meat_yield -> 0 | T47: ='GHG detailed, results per kg CW'!S47/Meat_yield -> 0 | U47: ='GHG detailed, results per kg CW'!T47/Meat_yield -> 0 | V47: ='GHG detailed, results per kg CW'!U47/Meat_yield -> 0 | W47: ='GHG detailed, results per kg CW'!V47/Meat_yield -> 0.44429134 | X47: ='GHG detailed, results per kg CW'!W47/Meat_yield -> 0.68571429
A48: A01QV | B48: Bovine muscle | C48: Meat and meat products | D48: Poland | E48: PL | F48: CH4, fossil | G48: =SUM(H48:X48) -> 0 | H48: ='GHG detailed, results per kg CW'!H48/Meat_yield -> 0 | I48: ='GHG detailed, results per kg CW'!I48/Meat_yield -> 0 | J48: ='GHG detailed, results per kg CW'!J48/Meat_yield -> 0 | K48: ='GHG detailed, results per kg CW'!K48/Meat_yield -> 0 | L48: ='GHG detailed, results per kg CW'!L48/Meat_yield -> 0 | M48: ='GHG detailed, results per kg CW'!M48/Meat_yield -> 0 | N48: ='GHG detailed, results per kg CW'!N48/Meat_yield -> 0 | O48: ='GHG detailed, results per kg CW'!O48/Meat_yield -> 0 | P48: ='GHG detailed, results per kg CW'!P48/Meat_yield -> 0 | Q48: 0 | R48: ='GHG detailed, results per kg CW'!Q48/Meat_yield -> 0 | S48: ='GHG detailed, results per kg CW'!R48/Meat_yield -> 0 | T48: ='GHG detailed, results per kg CW'!S48/Meat_yield -> 0 | U48: ='GHG detailed, results per kg CW'!T48/Meat_yield -> 0 | V48: ='GHG detailed, results per kg CW'!U48/Meat_yield -> 0 | W48: ='GHG detailed, results per kg CW'!V48/Meat_yield -> 0 | X48: ='GHG detailed, results per kg CW'!W48/Meat_yield -> 0
A49: A01QV | B49: Bovine muscle | C49: Meat and meat products | D49: Poland | E49: PL | F49: CH4, biogenic | G49: =SUM(H49:T49)+SUM(W49:X49) -> 0.58641304 | H49: ='GHG detailed, results per kg CW'!H49/Meat_yield -> 0 | I49: ='GHG detailed, results per kg CW'!I49/Meat_yield -> 0 | J49: ='GHG detailed, results per kg CW'!J49/Meat_yield -> 0 | K49: ='GHG detailed, results per kg CW'!K49/Meat_yield -> 0 | L49: ='GHG detailed, results per kg CW'!L49/Meat_yield -> 0 | M49: ='GHG detailed, results per kg CW'!M49/Meat_yield -> 0 | N49: ='GHG detailed, results per kg CW'!N49/Meat_yield -> 0 | O49: ='GHG detailed, results per kg CW'!O49/Meat_yield -> 0 | P49: ='GHG detailed, results per kg CW'!P49/Meat_yield -> 0 | Q49: 0 | R49: ='GHG detailed, results per kg CW'!Q49/Meat_yield -> 0 | S49: ='GHG detailed, results per kg CW'!R49/Meat_yield -> 0.46521973 | T49: ='GHG detailed, results per kg CW'!S49/Meat_yield -> 0.12119331 | U49: ='GHG detailed, results per kg CW'!T49/Meat_yield -> 0 | V49: ='GHG detailed, results per kg CW'!U49/Meat_yield -> 0 | W49: ='GHG detailed, results per kg CW'!V49/Meat_yield -> 0 | X49: ='GHG detailed, results per kg CW'!W49/Meat_yield -> 0
A50: A01QV | B50: Bovine muscle | C50: Meat and meat products | D50: Poland | E50: PL | F50: N2O | G50: =SUM(H50:T50)+SUM(W50:X50) -> 0.025539195 | H50: ='GHG detailed, results per kg CW'!H50/Meat_yield -> 0.002034301 | I50: ='GHG detailed, results per kg CW'!I50/Meat_yield -> 0 | J50: ='GHG detailed, results per kg CW'!J50/Meat_yield -> 0.010471584 | K50: ='GHG detailed, results per kg CW'!K50/Meat_yield -> 0.0010471584 | L50: ='GHG detailed, results per kg CW'!L50/Meat_yield -> 0 | M50: ='GHG detailed, results per kg CW'!M50/Meat_yield -> 0 | N50: ='GHG detailed, results per kg CW'!N50/Meat_yield -> 0 | O50: ='GHG detailed, results per kg CW'!O50/Meat_yield -> 0 | P50: ='GHG detailed, results per kg CW'!P50/Meat_yield -> 0 | Q50: 0 | R50: ='GHG detailed, results per kg CW'!Q50/Meat_yield -> 0 | S50: ='GHG detailed, results per kg CW'!R50/Meat_yield -> 0 | T50: ='GHG detailed, results per kg CW'!S50/Meat_yield -> 0.011986152 | U50: ='GHG detailed, results per kg CW'!T50/Meat_yield -> 0 | V50: ='GHG detailed, results per kg CW'!U50/Meat_yield -> 0 | W50: ='GHG detailed, results per kg CW'!V50/Meat_yield -> 0 | X50: ='GHG detailed, results per kg CW'!W50/Meat_yield -> 0
A51: A01QV | B51: Bovine muscle | C51: Meat and meat products | D51: Poland | E51: PL | F51: CO2e | G51: =SUM(H51:X51) -> 26.501178 | H51: =SUMPRODUCT(H47:H50,'CF Climate'!$B$5:$B$8) -> 1.1107283 | I51: =SUMPRODUCT(I47:I50,'CF Climate'!$B$5:$B$8) -> 0 | J51: =SUMPRODUCT(J47:J50,'CF Climate'!$B$5:$B$8) -> 2.8587424 | K51: =SUMPRODUCT(K47:K50,'CF Climate'!$B$5:$B$8) -> 0.28587424 | L51: =SUMPRODUCT(L47:L50,'CF Climate'!$B$5:$B$8) -> 0.66643701 | M51: =SUMPRODUCT(M47:M50,'CF Climate'!$B$5:$B$8) -> 0 | N51: =SUMPRODUCT(N47:N50,'CF Climate'!$B$5:$B$8) -> 0 | O51: =SUMPRODUCT(O47:O50,'CF Climate'!$B$5:$B$8) -> 0 | P51: =SUMPRODUCT(P47:P50,'CF Climate'!$B$5:$B$8) -> 0 | Q51: 0 | R51: =SUMPRODUCT(R47:R50,'CF Climate'!$B$5:$B$8) -> 1.344019 | S51: =SUMPRODUCT(S47:S50,'CF Climate'!$B$5:$B$8) -> 12.560933 | T51: =SUMPRODUCT(T47:T50,'CF Climate'!$B$5:$B$8) -> 6.544439 | U51: =SUMPRODUCT(U47:U50,'CF Climate'!$B$5:$B$8) -> 0 | V51: =SUMPRODUCT(V47:V50,'CF Climate'!$B$5:$B$8) -> 0 | W51: =SUMPRODUCT(W47:W50,'CF Climate'!$B$5:$B$8) -> 0.44429134 | X51: =SUMPRODUCT(X47:X50,'CF Climate'!$B$5:$B$8) -> 0.68571429
A52: A01QV | B52: Bovine muscle | C52: Meat and meat products | D52: Spain | E52: ES | F52: CO2 | G52: =SUM(H52:X52) -> 4.3646161 | H52: ='GHG detailed, results per kg CW'!H52/Meat_yield -> 0.70219498 | I52: ='GHG detailed, results per kg CW'!I52/Meat_yield -> 0 | J52: ='GHG detailed, results per kg CW'!J52/Meat_yield -> 0 | K52: ='GHG detailed, results per kg CW'!K52/Meat_yield -> 0 | L52: ='GHG detailed, results per kg CW'!L52/Meat_yield -> 0.84263397 | M52: ='GHG detailed, results per kg CW'!M52/Meat_yield -> 0 | N52: ='GHG detailed, results per kg CW'!N52/Meat_yield -> 0 | O52: ='GHG detailed, results per kg CW'!O52/Meat_yield -> 0 | P52: ='GHG detailed, results per kg CW'!P52/Meat_yield -> 0 | Q52: 0 | R52: ='GHG detailed, results per kg CW'!Q52/Meat_yield -> 1.5723169 | S52: ='GHG detailed, results per kg CW'!R52/Meat_yield -> 0 | T52: ='GHG detailed, results per kg CW'!S52/Meat_yield -> 0 | U52: ='GHG detailed, results per kg CW'!T52/Meat_yield -> 0 | V52: ='GHG detailed, results per kg CW'!U52/Meat_yield -> 0 | W52: ='GHG detailed, results per kg CW'!V52/Meat_yield -> 0.56175598 | X52: ='GHG detailed, results per kg CW'!W52/Meat_yield -> 0.68571429
A53: A01QV | B53: Bovine muscle | C53: Meat and meat products | D53: Spain | E53: ES | F53: CH4, fossil | G53: =SUM(H53:X53) -> 0 | H53: ='GHG detailed, results per kg CW'!H53/Meat_yield -> 0 | I53: ='GHG detailed, results per kg CW'!I53/Meat_yield -> 0 | J53: ='GHG detailed, results per kg CW'!J53/Meat_yield -> 0 | K53: ='GHG detailed, results per kg CW'!K53/Meat_yield -> 0 | L53: ='GHG detailed, results per kg CW'!L53/Meat_yield -> 0 | M53: ='GHG detailed, results per kg CW'!M53/Meat_yield -> 0 | N53: ='GHG detailed, results per kg CW'!N53/Meat_yield -> 0 | O53: ='GHG detailed, results per kg CW'!O53/Meat_yield -> 0 | P53: ='GHG detailed, results per kg CW'!P53/Meat_yield -> 0 | Q53: 0 | R53: ='GHG detailed, results per kg CW'!Q53/Meat_yield -> 0 | S53: ='GHG detailed, results per kg CW'!R53/Meat_yield -> 0 | T53: ='GHG detailed, results per kg CW'!S53/Meat_yield -> 0 | U53: ='GHG detailed, results per kg CW'!T53/Meat_yield -> 0 | V53: ='GHG detailed, results per kg CW'!U53/Meat_yield -> 0 | W53: ='GHG detailed, results per kg CW'!V53/Meat_yield -> 0 | X53: ='GHG detailed, results per kg CW'!W53/Meat_yield -> 0
A54: A01QV | B54: Bovine muscle | C54: Meat and meat products | D54: Spain | E54: ES | F54: CH4, biogenic | G54: =SUM(H54:T54)+SUM(W54:X54) -> 0.69543787 | H54: ='GHG detailed, results per kg CW'!H54/Meat_yield -> 0 | I54: ='GHG detailed, results per kg CW'!I54/Meat_yield -> 0 | J54: ='GHG detailed, results per kg CW'!J54/Meat_yield -> 0 | K54: ='GHG detailed, results per kg CW'!K54/Meat_yield -> 0 | L54: ='GHG detailed, results per kg CW'!L54/Meat_yield -> 0 | M54: ='GHG detailed, results per kg CW'!M54/Meat_yield -> 0 | N54: ='GHG detailed, results per kg CW'!N54/Meat_yield -> 0 | O54: ='GHG detailed, results per kg CW'!O54/Meat_yield -> 0 | P54: ='GHG detailed, results per kg CW'!P54/Meat_yield -> 0 | Q54: 0 | R54: ='GHG detailed, results per kg CW'!Q54/Meat_yield -> 0 | S54: ='GHG detailed, results per kg CW'!R54/Meat_yield -> 0.5464745 | T54: ='GHG detailed, results per kg CW'!S54/Meat_yield -> 0.14896337 | U54: ='GHG detailed, results per kg CW'!T54/Meat_yield -> 0 | V54: ='GHG detailed, results per kg CW'!U54/Meat_yield -> 0 | W54: ='GHG detailed, results per kg CW'!V54/Meat_yield -> 0 | X54: ='GHG detailed, results per kg CW'!W54/Meat_yield -> 0
A55: A01QV | B55: Bovine muscle | C55: Meat and meat products | D55: Spain | E55: ES | F55: N2O | G55: =SUM(H55:T55)+SUM(W55:X55) -> 0.030752771 | H55: ='GHG detailed, results per kg CW'!H55/Meat_yield -> 0.0025721428 | I55: ='GHG detailed, results per kg CW'!I55/Meat_yield -> 0 | J55: ='GHG detailed, results per kg CW'!J55/Meat_yield -> 0.012225442 | K55: ='GHG detailed, results per kg CW'!K55/Meat_yield -> 0.0012225442 | L55: ='GHG detailed, results per kg CW'!L55/Meat_yield -> 0 | M55: ='GHG detailed, results per kg CW'!M55/Meat_yield -> 0 | N55: ='GHG detailed, results per kg CW'!N55/Meat_yield -> 0 | O55: ='GHG detailed, results per kg CW'!O55/Meat_yield -> 0 | P55: ='GHG detailed, results per kg CW'!P55/Meat_yield -> 0 | Q55: 0 | R55: ='GHG detailed, results per kg CW'!Q55/Meat_yield -> 0 | S55: ='GHG detailed, results per kg CW'!R55/Meat_yield -> 0 | T55: ='GHG detailed, results per kg CW'!S55/Meat_yield -> 0.014732641 | U55: ='GHG detailed, results per kg CW'!T55/Meat_yield -> 0 | V55: ='GHG detailed, results per kg CW'!U55/Meat_yield -> 0 | W55: ='GHG detailed, results per kg CW'!V55/Meat_yield -> 0 | X55: ='GHG detailed, results per kg CW'!W55/Meat_yield -> 0
A56: A01QV | B56: Bovine muscle | C56: Meat and meat products | D56: Spain | E56: ES | F56: CO2e | G56: =SUM(H56:X56) -> 31.536945 | H56: =SUMPRODUCT(H52:H55,'CF Climate'!$B$5:$B$8) -> 1.40439 | I56: =SUMPRODUCT(I52:I55,'CF Climate'!$B$5:$B$8) -> 0 | J56: =SUMPRODUCT(J52:J55,'CF Climate'!$B$5:$B$8) -> 3.3375457 | K56: =SUMPRODUCT(K52:K55,'CF Climate'!$B$5:$B$8) -> 0.33375457 | L56: =SUMPRODUCT(L52:L55,'CF Climate'!$B$5:$B$8) -> 0.84263397 | M56: =SUMPRODUCT(M52:M55,'CF Climate'!$B$5:$B$8) -> 0 | N56: =SUMPRODUCT(N52:N55,'CF Climate'!$B$5:$B$8) -> 0 | O56: =SUMPRODUCT(O52:O55,'CF Climate'!$B$5:$B$8) -> 0 | P56: =SUMPRODUCT(P52:P55,'CF Climate'!$B$5:$B$8) -> 0 | Q56: 0 | R56: =SUMPRODUCT(R52:R55,'CF Climate'!$B$5:$B$8) -> 1.5723169 | S56: =SUMPRODUCT(S52:S55,'CF Climate'!$B$5:$B$8) -> 14.754812 | T56: =SUMPRODUCT(T52:T55,'CF Climate'!$B$5:$B$8) -> 8.0440222 | U56: =SUMPRODUCT(U52:U55,'CF Climate'!$B$5:$B$8) -> 0 | V56: =SUMPRODUCT(V52:V55,'CF Climate'!$B$5:$B$8) -> 0 | W56: =SUMPRODUCT(W52:W55,'CF Climate'!$B$5:$B$8) -> 0.56175598 | X56: =SUMPRODUCT(X52:X55,'CF Climate'!$B$5:$B$8) -> 0.68571429
A57: A01QV | B57: Bovine muscle | C57: Meat and meat products | D57: Sweden | E57: SE | F57: CO2 | G57: =SUM(H57:X57) -> 4.4044399 | H57: ='GHG detailed, results per kg CW'!H57/Meat_yield -> 0.67687711 | I57: ='GHG detailed, results per kg CW'!I57/Meat_yield -> 0 | J57: ='GHG detailed, results per kg CW'!J57/Meat_yield -> 0 | K57: ='GHG detailed, results per kg CW'!K57/Meat_yield -> 0 | L57: ='GHG detailed, results per kg CW'!L57/Meat_yield -> 0.81225253 | M57: ='GHG detailed, results per kg CW'!M57/Meat_yield -> 0 | N57: ='GHG detailed, results per kg CW'!N57/Meat_yield -> 0 | O57: ='GHG detailed, results per kg CW'!O57/Meat_yield -> 0 | P57: ='GHG detailed, results per kg CW'!P57/Meat_yield -> 0 | Q57: 0 | R57: ='GHG detailed, results per kg CW'!Q57/Meat_yield -> 1.6880943 | S57: ='GHG detailed, results per kg CW'!R57/Meat_yield -> 0 | T57: ='GHG detailed, results per kg CW'!S57/Meat_yield -> 0 | U57: ='GHG detailed, results per kg CW'!T57/Meat_yield -> 0 | V57: ='GHG detailed, results per kg CW'!U57/Meat_yield -> 0 | W57: ='GHG detailed, results per kg CW'!V57/Meat_yield -> 0.54150169 | X57: ='GHG detailed, results per kg CW'!W57/Meat_yield -> 0.68571429
A58: A01QV | B58: Bovine muscle | C58: Meat and meat products | D58: Sweden | E58: SE | F58: CH4, fossil | G58: =SUM(H58:X58) -> 0 | H58: ='GHG detailed, results per kg CW'!H58/Meat_yield -> 0 | I58: ='GHG detailed, results per kg CW'!I58/Meat_yield -> 0 | J58: ='GHG detailed, results per kg CW'!J58/Meat_yield -> 0 | K58: ='GHG detailed, results per kg CW'!K58/Meat_yield -> 0 | L58: ='GHG detailed, results per kg CW'!L58/Meat_yield -> 0 | M58: ='GHG detailed, results per kg CW'!M58/Meat_yield -> 0 | N58: ='GHG detailed, results per kg CW'!N58/Meat_yield -> 0 | O58: ='GHG detailed, results per kg CW'!O58/Meat_yield -> 0 | P58: ='GHG detailed, results per kg CW'!P58/Meat_yield -> 0 | Q58: 0 | R58: ='GHG detailed, results per kg CW'!Q58/Meat_yield -> 0 | S58: ='GHG detailed, results per kg CW'!R58/Meat_yield -> 0 | T58: ='GHG detailed, results per kg CW'!S58/Meat_yield -> 0 | U58: ='GHG detailed, results per kg CW'!T58/Meat_yield -> 0 | V58: ='GHG detailed, results per kg CW'!U58/Meat_yield -> 0 | W58: ='GHG detailed, results per kg CW'!V58/Meat_yield -> 0 | X58: ='GHG detailed, results per kg CW'!W58/Meat_yield -> 0
A59: A01QV | B59: Bovine muscle | C59: Meat and meat products | D59: Sweden | E59: SE | F59: CH4, biogenic | G59: =SUM(H59:T59)+SUM(W59:X59) -> 0.7182014 | H59: ='GHG detailed, results per kg CW'!H59/Meat_yield -> 0 | I59: ='GHG detailed, results per kg CW'!I59/Meat_yield -> 0 | J59: ='GHG detailed, results per kg CW'!J59/Meat_yield -> 0 | K59: ='GHG detailed, results per kg CW'!K59/Meat_yield -> 0 | L59: ='GHG detailed, results per kg CW'!L59/Meat_yield -> 0 | M59: ='GHG detailed, results per kg CW'!M59/Meat_yield -> 0 | N59: ='GHG detailed, results per kg CW'!N59/Meat_yield -> 0 | O59: ='GHG detailed, results per kg CW'!O59/Meat_yield -> 0 | P59: ='GHG detailed, results per kg CW'!P59/Meat_yield -> 0 | Q59: 0 | R59: ='GHG detailed, results per kg CW'!Q59/Meat_yield -> 0 | S59: ='GHG detailed, results per kg CW'!R59/Meat_yield -> 0.56385643 | T59: ='GHG detailed, results per kg CW'!S59/Meat_yield -> 0.15434497 | U59: ='GHG detailed, results per kg CW'!T59/Meat_yield -> 0 | V59: ='GHG detailed, results per kg CW'!U59/Meat_yield -> 0 | W59: ='GHG detailed, results per kg CW'!V59/Meat_yield -> 0 | X59: ='GHG detailed, results per kg CW'!W59/Meat_yield -> 0
A60: A01QV | B60: Bovine muscle | C60: Meat and meat products | D60: Sweden | E60: SE | F60: N2O | G60: =SUM(H60:T60)+SUM(W60:X60) -> 0.031357445 | H60: ='GHG detailed, results per kg CW'!H60/Meat_yield -> 0.0024794033 | I60: ='GHG detailed, results per kg CW'!I60/Meat_yield -> 0 | J60: ='GHG detailed, results per kg CW'!J60/Meat_yield -> 0.012375595 | K60: ='GHG detailed, results per kg CW'!K60/Meat_yield -> 0.0012375595 | L60: ='GHG detailed, results per kg CW'!L60/Meat_yield -> 0 | M60: ='GHG detailed, results per kg CW'!M60/Meat_yield -> 0 | N60: ='GHG detailed, results per kg CW'!N60/Meat_yield -> 0 | O60: ='GHG detailed, results per kg CW'!O60/Meat_yield -> 0 | P60: ='GHG detailed, results per kg CW'!P60/Meat_yield -> 0 | Q60: 0 | R60: ='GHG detailed, results per kg CW'!Q60/Meat_yield -> 0 | S60: ='GHG detailed, results per kg CW'!R60/Meat_yield -> 0 | T60: ='GHG detailed, results per kg CW'!S60/Meat_yield -> 0.015264887 | U60: ='GHG detailed, results per kg CW'!T60/Meat_yield -> 0 | V60: ='GHG detailed, results per kg CW'!U60/Meat_yield -> 0 | W60: ='GHG detailed, results per kg CW'!V60/Meat_yield -> 0 | X60: ='GHG detailed, results per kg CW'!W60/Meat_yield -> 0
A61: A01QV | B61: Bovine muscle | C61: Meat and meat products | D61: Sweden | E61: SE | F61: CO2e | G61: =SUM(H61:X61) -> 32.35646 | H61: =SUMPRODUCT(H57:H60,'CF Climate'!$B$5:$B$8) -> 1.3537542 | I61: =SUMPRODUCT(I57:I60,'CF Climate'!$B$5:$B$8) -> 0 | J61: =SUMPRODUCT(J57:J60,'CF Climate'!$B$5:$B$8) -> 3.3785375 | K61: =SUMPRODUCT(K57:K60,'CF Climate'!$B$5:$B$8) -> 0.33785375 | L61: =SUMPRODUCT(L57:L60,'CF Climate'!$B$5:$B$8) -> 0.81225253 | M61: =SUMPRODUCT(M57:M60,'CF Climate'!$B$5:$B$8) -> 0 | N61: =SUMPRODUCT(N57:N60,'CF Climate'!$B$5:$B$8) -> 0 | O61: =SUMPRODUCT(O57:O60,'CF Climate'!$B$5:$B$8) -> 0 | P61: =SUMPRODUCT(P57:P60,'CF Climate'!$B$5:$B$8) -> 0 | Q61: 0 | R61: =SUMPRODUCT(R57:R60,'CF Climate'!$B$5:$B$8) -> 1.6880943 | S61: =SUMPRODUCT(S57:S60,'CF Climate'!$B$5:$B$8) -> 15.224124 | T61: =SUMPRODUCT(T57:T60,'CF Climate'!$B$5:$B$8) -> 8.3346284 | U61: =SUMPRODUCT(U57:U60,'CF Climate'!$B$5:$B$8) -> 0 | V61: =SUMPRODUCT(V57:V60,'CF Climate'!$B$5:$B$8) -> 0 | W61: =SUMPRODUCT(W57:W60,'CF Climate'!$B$5:$B$8) -> 0.54150169 | X61: =SUMPRODUCT(X57:X60,'CF Climate'!$B$5:$B$8) -> 0.68571429
A62: A01QV | B62: Bovine muscle | C62: Meat and meat products | D62: UK | E62: GB | F62: CO2 | G62: =SUM(H62:X62) -> 4.5211218 | H62: ='GHG detailed, results per kg CW'!H62/Meat_yield -> 0.67977271 | I62: ='GHG detailed, results per kg CW'!I62/Meat_yield -> 0 | J62: ='GHG detailed, results per kg CW'!J62/Meat_yield -> 0 | K62: ='GHG detailed, results per kg CW'!K62/Meat_yield -> 0 | L62: ='GHG detailed, results per kg CW'!L62/Meat_yield -> 0.81572725 | M62: ='GHG detailed, results per kg CW'!M62/Meat_yield -> 0 | N62: ='GHG detailed, results per kg CW'!N62/Meat_yield -> 0 | O62: ='GHG detailed, results per kg CW'!O62/Meat_yield -> 0 | P62: ='GHG detailed, results per kg CW'!P62/Meat_yield -> 0 | Q62: 0 | R62: ='GHG detailed, results per kg CW'!Q62/Meat_yield -> 1.7960894 | S62: ='GHG detailed, results per kg CW'!R62/Meat_yield -> 0 | T62: ='GHG detailed, results per kg CW'!S62/Meat_yield -> 0 | U62: ='GHG detailed, results per kg CW'!T62/Meat_yield -> 0 | V62: ='GHG detailed, results per kg CW'!U62/Meat_yield -> 0 | W62: ='GHG detailed, results per kg CW'!V62/Meat_yield -> 0.54381817 | X62: ='GHG detailed, results per kg CW'!W62/Meat_yield -> 0.68571429
A63: A01QV | B63: Bovine muscle | C63: Meat and meat products | D63: UK | E63: GB | F63: CH4, fossil | G63: =SUM(H63:X63) -> 0 | H63: ='GHG detailed, results per kg CW'!H63/Meat_yield -> 0 | I63: ='GHG detailed, results per kg CW'!I63/Meat_yield -> 0 | J63: ='GHG detailed, results per kg CW'!J63/Meat_yield -> 0 | K63: ='GHG detailed, results per kg CW'!K63/Meat_yield -> 0 | L63: ='GHG detailed, results per kg CW'!L63/Meat_yield -> 0 | M63: ='GHG detailed, results per kg CW'!M63/Meat_yield -> 0 | N63: ='GHG detailed, results per kg CW'!N63/Meat_yield -> 0 | O63: ='GHG detailed, results per kg CW'!O63/Meat_yield -> 0 | P63: ='GHG detailed, results per kg CW'!P63/Meat_yield -> 0 | Q63: 0 | R63: ='GHG detailed, results per kg CW'!Q63/Meat_yield -> 0 | S63: ='GHG detailed, results per kg CW'!R63/Meat_yield -> 0 | T63: ='GHG detailed, results per kg CW'!S63/Meat_yield -> 0 | U63: ='GHG detailed, results per kg CW'!T63/Meat_yield -> 0 | V63: ='GHG detailed, results per kg CW'!U63/Meat_yield -> 0 | W63: ='GHG detailed, results per kg CW'!V63/Meat_yield -> 0 | X63: ='GHG detailed, results per kg CW'!W63/Meat_yield -> 0
A64: A01QV | B64: Bovine muscle | C64: Meat and meat products | D64: UK | E64: GB | F64: CH4, biogenic | G64: =SUM(H64:T64)+SUM(W64:X64) -> 0.7480771 | H64: ='GHG detailed, results per kg CW'!H64/Meat_yield -> 0 | I64: ='GHG detailed, results per kg CW'!I64/Meat_yield -> 0 | J64: ='GHG detailed, results per kg CW'!J64/Meat_yield -> 0 | K64: ='GHG detailed, results per kg CW'!K64/Meat_yield -> 0 | L64: ='GHG detailed, results per kg CW'!L64/Meat_yield -> 0 | M64: ='GHG detailed, results per kg CW'!M64/Meat_yield -> 0 | N64: ='GHG detailed, results per kg CW'!N64/Meat_yield -> 0 | O64: ='GHG detailed, results per kg CW'!O64/Meat_yield -> 0 | P64: ='GHG detailed, results per kg CW'!P64/Meat_yield -> 0 | Q64: 0 | R64: ='GHG detailed, results per kg CW'!Q64/Meat_yield -> 0 | S64: ='GHG detailed, results per kg CW'!R64/Meat_yield -> 0.58640029 | T64: ='GHG detailed, results per kg CW'!S64/Meat_yield -> 0.16167682 | U64: ='GHG detailed, results per kg CW'!T64/Meat_yield -> 0 | V64: ='GHG detailed, results per kg CW'!U64/Meat_yield -> 0 | W64: ='GHG detailed, results per kg CW'!V64/Meat_yield -> 0 | X64: ='GHG detailed, results per kg CW'!W64/Meat_yield -> 0
A65: A01QV | B65: Bovine muscle | C65: Meat and meat products | D65: UK | E65: GB | F65: N2O | G65: =SUM(H65:T65)+SUM(W65:X65) -> 0.032463316 | H65: ='GHG detailed, results per kg CW'!H65/Meat_yield -> 0.0024900099 | I65: ='GHG detailed, results per kg CW'!I65/Meat_yield -> 0 | J65: ='GHG detailed, results per kg CW'!J65/Meat_yield -> 0.012712083 | K65: ='GHG detailed, results per kg CW'!K65/Meat_yield -> 0.0012712083 | L65: ='GHG detailed, results per kg CW'!L65/Meat_yield -> 0 | M65: ='GHG detailed, results per kg CW'!M65/Meat_yield -> 0 | N65: ='GHG detailed, results per kg CW'!N65/Meat_yield -> 0 | O65: ='GHG detailed, results per kg CW'!O65/Meat_yield -> 0 | P65: ='GHG detailed, results per kg CW'!P65/Meat_yield -> 0 | Q65: 0 | R65: ='GHG detailed, results per kg CW'!Q65/Meat_yield -> 0 | S65: ='GHG detailed, results per kg CW'!R65/Meat_yield -> 0 | T65: ='GHG detailed, results per kg CW'!S65/Meat_yield -> 0.015990015 | U65: ='GHG detailed, results per kg CW'!T65/Meat_yield -> 0 | V65: ='GHG detailed, results per kg CW'!U65/Meat_yield -> 0 | W65: ='GHG detailed, results per kg CW'!V65/Meat_yield -> 0 | X65: ='GHG detailed, results per kg CW'!W65/Meat_yield -> 0
A66: A01QV | B66: Bovine muscle | C66: Meat and meat products | D66: UK | E66: GB | F66: CO2e | G66: =SUM(H66:X66) -> 33.581689 | H66: =SUMPRODUCT(H62:H65,'CF Climate'!$B$5:$B$8) -> 1.3595454 | I66: =SUMPRODUCT(I62:I65,'CF Climate'!$B$5:$B$8) -> 0 | J66: =SUMPRODUCT(J62:J65,'CF Climate'!$B$5:$B$8) -> 3.4703987 | K66: =SUMPRODUCT(K62:K65,'CF Climate'!$B$5:$B$8) -> 0.34703987 | L66: =SUMPRODUCT(L62:L65,'CF Climate'!$B$5:$B$8) -> 0.81572725 | M66: =SUMPRODUCT(M62:M65,'CF Climate'!$B$5:$B$8) -> 0 | N66: =SUMPRODUCT(N62:N65,'CF Climate'!$B$5:$B$8) -> 0 | O66: =SUMPRODUCT(O62:O65,'CF Climate'!$B$5:$B$8) -> 0 | P66: =SUMPRODUCT(P62:P65,'CF Climate'!$B$5:$B$8) -> 0 | Q66: 0 | R66: =SUMPRODUCT(R62:R65,'CF Climate'!$B$5:$B$8) -> 1.7960894 | S66: =SUMPRODUCT(S62:S65,'CF Climate'!$B$5:$B$8) -> 15.832808 | T66: =SUMPRODUCT(T62:T65,'CF Climate'!$B$5:$B$8) -> 8.730548 | U66: =SUMPRODUCT(U62:U65,'CF Climate'!$B$5:$B$8) -> 0 | V66: =SUMPRODUCT(V62:V65,'CF Climate'!$B$5:$B$8) -> 0 | W66: =SUMPRODUCT(W62:W65,'CF Climate'!$B$5:$B$8) -> 0.54381817 | X66: =SUMPRODUCT(X62:X65,'CF Climate'!$B$5:$B$8) -> 0.68571429

Sheet GHG detailed, results per kg CW
H1: * Production of mineral fertiliser is adjusted to account for the N supplied by manure.
A2: GHG emissions (per kg of meat carcass weight) | H2: ** Adjusted for use of manure instead of mineral fertiliser (lower emission factor for manure)
H3: *** Calculated as percentage of direct emissions due to assumption due to data limitations regarding nitrogen leaching and volatilization from soils in different regions.
R4: Animals | V4: Stables | W4: Slaughter
A5: Animal products | G5: Sum | H5: Inputs | J5: Soil emissions | L5: Energy use | P5: Land use change | Q5: Transports
A6: FoodEx code | B6: FoodEx name | C6: Food Ex category (L1) | D6: Country | E6: Country code | F6: Gas | G6: GHG | H6: Production of mineral fertilizer* | I6: Production of capital goods | J6: Direct emissions** | K6: Indirect emissions*** | L6: Diesel use field mach | M6: Energy use in greenhouses | N6: Energy use for irrigation | O6: Energy use for post-harvest proc | P6: LUC emissions | Q6: Feed transports | R6: Enteric fermentation* | S6: Manure management - tot | T6: Manure management - direct | U6: Manure management - indirect | V6: Energy use in stables | W6: Energy use for slaughter
A7: A01QV | B7: Bovine muscle | C7: Meat and meat products | D7: Denmark | E7: DK | F7: CO2 | G7: =SUM(H7:W7) -> 2.5414636 | H7: ='Shares in prod syst'!$B$46*'Data from Ahlgren et al'!D42+'Shares in prod syst'!$B$47*'Data from Ahlgren et al'!D46+'Shares in prod syst'!$B$48*'Data from Ahlgren et al'!D50+'Shares in prod syst'!$B$49*'Data from Ahlgren et al'!D54 -> 0.44844346 | I7: ='Shares in prod syst'!$B$46*'Data from Ahlgren et al'!E42+'Shares in prod syst'!$B$47*'Data from Ahlgren et al'!E46+'Shares in prod syst'!$B$48*'Data from Ahlgren et al'!E50+'Shares in prod syst'!$B$49*'Data from Ahlgren et al'!E54 -> 0 | J7: ='Shares in prod syst'!$B$46*'Data from Ahlgren et al'!F42+'Shares in prod syst'!$B$47*'Data from Ahlgren et al'!F46+'Shares in prod syst'!$B$48*'Data from Ahlgren et al'!F50+'Shares in prod syst'!$B$49*'Data from Ahlgren et al'!F54 -> 0 | K7: ='Shares in prod syst'!$B$46*'Data from Ahlgren et al'!G42+'Shares in prod syst'!$B$47*'Data from Ahlgren et al'!G46+'Shares in prod syst'!$B$48*'Data from Ahlgren et al'!G50+'Shares in prod syst'!$B$49*'Data from Ahlgren et al'!G54 -> 0 | L7: ='Shares in prod syst'!$B$46*'Data from Ahlgren et al'!H42+'Shares in prod syst'!$B$47*'Data from Ahlgren et al'!H46+'Shares in prod syst'!$B$48*'Data from Ahlgren et al'!H50+'Shares in prod syst'!$B$49*'Data from Ahlgren et al'!H54 -> 0.53813215 | M7: ='Shares in prod syst'!$B$46*'Data from Ahlgren et al'!I42+'Shares in prod syst'!$B$47*'Data from Ahlgren et al'!I46+'Shares in prod syst'!$B$48*'Data from Ahlgren et al'!I50+'Shares in prod syst'!$B$49*'Data from Ahlgren et al'!I54 -> 0 | N7: ='Shares in prod syst'!$B$46*'Data from Ahlgren et al'!J42+'Shares in prod syst'!$B$47*'Data from Ahlgren et al'!J46+'Shares in prod syst'!$B$48*'Data from Ahlgren et al'!J50+'Shares in prod syst'!$B$49*'Data from Ahlgren et al'!J54 -> 0 | O7: ='Shares in prod syst'!$B$46*'Data from Ahlgren et al'!K42+'Shares in prod syst'!$B$47*'Data from Ahlgren et al'!K46+'Shares in prod syst'!$B$48*'Data from Ahlgren et al'!K50+'Shares in prod syst'!$B$49*'Data from Ahlgren et al'!K54 -> 0 | ... W7: ='Shares in prod syst'!$B$46*'Data from Ahlgren et al'!S42+'Shares in prod syst'!$B$47*'Data from Ahlgren et al'!S46+'Shares in prod syst'!$B$48*'Data from Ahlgren et al'!S50+'Shares in prod syst'!$B$49*'Data from Ahlgren et al'!S54 -> 0.48
A8: A01QV | B8: Bovine muscle | C8: Meat and meat products | D8: Denmark | E8: DK | F8: CH4, fossil | G8: =SUM(H8:W8) -> 0 | H8: 0 | I8: 0 | J8: 0 | K8: 0 | L8: 0 | M8: 0 | N8: 0 | O8: 0 | P8: 0 | Q8: 0 | R8: 0 | S8: 0 | T8: 0 | U8: 0 | V8: 0 | W8: 0
A9: A01QV | B9: Bovine muscle | C9: Meat and meat products | D9: Denmark | E9: DK | F9: CH4, biogenic | G9: =SUM(H9:W9) -> 0.36975484 | H9: ='Shares in prod syst'!$B$46*'Data from Ahlgren et al'!D43+'Shares in prod syst'!$B$47*'Data from Ahlgren et al'!D47+'Shares in prod syst'!$B$48*'Data from Ahlgren et al'!D51+'Shares in prod syst'!$B$49*'Data from Ahlgren et al'!D55 -> 0 | I9: ='Shares in prod syst'!$B$46*'Data from Ahlgren et al'!E43+'Shares in prod syst'!$B$47*'Data from Ahlgren et al'!E47+'Shares in prod syst'!$B$48*'Data from Ahlgren et al'!E51+'Shares in prod syst'!$B$49*'Data from Ahlgren et al'!E55 -> 0 | J9: ='Shares in prod syst'!$B$46*'Data from Ahlgren et al'!F43+'Shares in prod syst'!$B$47*'Data from Ahlgren et al'!F47+'Shares in prod syst'!$B$48*'Data from Ahlgren et al'!F51+'Shares in prod syst'!$B$49*'Data from Ahlgren et al'!F55 -> 0 | K9: ='Shares in prod syst'!$B$46*'Data from Ahlgren et al'!G43+'Shares in prod syst'!$B$47*'Data from Ahlgren et al'!G47+'Shares in prod syst'!$B$48*'Data from Ahlgren et al'!G51+'Shares in prod syst'!$B$49*'Data from Ahlgren et al'!G55 -> 0 | L9: ='Shares in prod syst'!$B$46*'Data from Ahlgren et al'!H43+'Shares in prod syst'!$B$47*'Data from Ahlgren et al'!H47+'Shares in prod syst'!$B$48*'Data from Ahlgren et al'!H51+'Shares in prod syst'!$B$49*'Data from Ahlgren et al'!H55 -> 0 | M9: ='Shares in prod syst'!$B$46*'Data from Ahlgren et al'!I43+'Shares in prod syst'!$B$47*'Data from Ahlgren et al'!I47+'Shares in prod syst'!$B$48*'Data from Ahlgren et al'!I51+'Shares in prod syst'!$B$49*'Data from Ahlgren et al'!I55 -> 0 | N9: ='Shares in prod syst'!$B$46*'Data from Ahlgren et al'!J43+'Shares in prod syst'!$B$47*'Data from Ahlgren et al'!J47+'Shares in prod syst'!$B$48*'Data from Ahlgren et al'!J51+'Shares in prod syst'!$B$49*'Data from Ahlgren et al'!J55 -> 0 | O9: ='Shares in prod syst'!$B$46*'Data from Ahlgren et al'!K43+'Shares in prod syst'!$B$47*'Data from Ahlgren et al'!K47+'Shares in prod syst'!$B$48*'Data from Ahlgren et al'!K51+'Shares in prod syst'!$B$49*'Data from Ahlgren et al'!K55 -> 0 | ... W9: ='Shares in prod syst'!$B$46*'Data from Ahlgren et al'!S43+'Shares in prod syst'!$B$47*'Data from Ahlgren et al'!S47+'Shares in prod syst'!$B$48*'Data from Ahlgren et al'!S51+'Shares in prod syst'!$B$49*'Data from Ahlgren et al'!S55 -> 0
A10: A01QV | B10: Bovine muscle | C10: Meat and meat products | D10: Denmark | E10: DK | F10: N2O | G10: =SUM(H10:W10) -> 0.016919737 | H10: ='Shares in prod syst'!$B$46*'Data from Ahlgren et al'!D44+'Shares in prod syst'!$B$47*'Data from Ahlgren et al'!D48+'Shares in prod syst'!$B$48*'Data from Ahlgren et al'!D52+'Shares in prod syst'!$B$49*'Data from Ahlgren et al'!D56 -> 0.00164265 | I10: ='Shares in prod syst'!$B$46*'Data from Ahlgren et al'!E44+'Shares in prod syst'!$B$47*'Data from Ahlgren et al'!E48+'Shares in prod syst'!$B$48*'Data from Ahlgren et al'!E52+'Shares in prod syst'!$B$49*'Data from Ahlgren et al'!E56 -> 0 | J10: ='Shares in prod syst'!$B$46*'Data from Ahlgren et al'!F44+'Shares in prod syst'!$B$47*'Data from Ahlgren et al'!F48+'Shares in prod syst'!$B$48*'Data from Ahlgren et al'!F52+'Shares in prod syst'!$B$49*'Data from Ahlgren et al'!F56 -> 0.0071169303 | K10: ='Shares in prod syst'!$B$46*'Data from Ahlgren et al'!G44+'Shares in prod syst'!$B$47*'Data from Ahlgren et al'!G48+'Shares in prod syst'!$B$48*'Data from Ahlgren et al'!G52+'Shares in prod syst'!$B$49*'Data from Ahlgren et al'!G56 -> 0.00071169303 | L10: ='Shares in prod syst'!$B$46*'Data from Ahlgren et al'!H44+'Shares in prod syst'!$B$47*'Data from Ahlgren et al'!H48+'Shares in prod syst'!$B$48*'Data from Ahlgren et al'!H52+'Shares in prod syst'!$B$49*'Data from Ahlgren et al'!H56 -> 0 | M10: ='Shares in prod syst'!$B$46*'Data from Ahlgren et al'!I44+'Shares in prod syst'!$B$47*'Data from Ahlgren et al'!I48+'Shares in prod syst'!$B$48*'Data from Ahlgren et al'!I52+'Shares in prod syst'!$B$49*'Data from Ahlgren et al'!I56 -> 0 | N10: ='Shares in prod syst'!$B$46*'Data from Ahlgren et al'!J44+'Shares in prod syst'!$B$47*'Data from Ahlgren et al'!J48+'Shares in prod syst'!$B$48*'Data from Ahlgren et al'!J52+'Shares in prod syst'!$B$49*'Data from Ahlgren et al'!J56 -> 0 | O10: ='Shares in prod syst'!$B$46*'Data from Ahlgren et al'!K44+'Shares in prod syst'!$B$47*'Data from Ahlgren et al'!K48+'Shares in prod syst'!$B$48*'Data from Ahlgren et al'!K52+'Shares in prod syst'!$B$49*'Data from Ahlgren et al'!K56 -> 0 | ... W10: ='Shares in prod syst'!$B$46*'Data from Ahlgren et al'!S44+'Shares in prod syst'!$B$47*'Data from Ahlgren et al'!S48+'Shares in prod syst'!$B$48*'Data from Ahlgren et al'!S52+'Shares in prod syst'!$B$49*'Data from Ahlgren et al'!S56 -> 0
A11: A01QV | B11: Bovine muscle | C11: Meat and meat products | D11: Denmark | E11: DK | F11: CO2e | G11: =SUM(H11:W11) -> 17.143933 | H11: =SUMPRODUCT(H7:H10,'CF Climate'!$B$5:$B$8) -> 0.89688691 | I11: =SUMPRODUCT(I7:I10,'CF Climate'!$B$5:$B$8) -> 0 | J11: =SUMPRODUCT(J7:J10,'CF Climate'!$B$5:$B$8) -> 1.942922 | K11: =SUMPRODUCT(K7:K10,'CF Climate'!$B$5:$B$8) -> 0.1942922 | L11: =SUMPRODUCT(L7:L10,'CF Climate'!$B$5:$B$8) -> 0.53813215 | M11: =SUMPRODUCT(M7:M10,'CF Climate'!$B$5:$B$8) -> 0 | N11: =SUMPRODUCT(N7:N10,'CF Climate'!$B$5:$B$8) -> 0 | O11: =SUMPRODUCT(O7:O10,'CF Climate'!$B$5:$B$8) -> 0 | ... W11: =SUMPRODUCT(W7:W10,'CF Climate'!$B$5:$B$8) -> 0.48
A12: A01QV | B12: Bovine muscle | C12: Meat and meat products | D12: France | E12: FR | F12: CO2 | G12: =SUM(H12:W12) -> 2.9794642 | H12: ='Shares in prod syst'!$C$46*'Data from Ahlgren et al'!D42+'Shares in prod syst'!$C$47*'Data from Ahlgren et al'!D46+'Shares in prod syst'!$C$48*'Data from Ahlgren et al'!D50+'Shares in prod syst'!$C$49*'Data from Ahlgren et al'!D54 -> 0.47805395 | I12: ='Shares in prod syst'!$C$46*'Data from Ahlgren et al'!E42+'Shares in prod syst'!$C$47*'Data from Ahlgren et al'!E46+'Shares in prod syst'!$C$48*'Data from Ahlgren et al'!E50+'Shares in prod syst'!$C$49*'Data from Ahlgren et al'!E54 -> 0 | J12: ='Shares in prod syst'!$C$46*'Data from Ahlgren et al'!F42+'Shares in prod syst'!$C$47*'Data from Ahlgren et al'!F46+'Shares in prod syst'!$C$48*'Data from Ahlgren et al'!F50+'Shares in prod syst'!$C$49*'Data from Ahlgren et al'!F54 -> 0 | K12: ='Shares in prod syst'!$C$46*'Data from Ahlgren et al'!G42+'Shares in prod syst'!$C$47*'Data from Ahlgren et al'!G46+'Shares in prod syst'!$C$48*'Data from Ahlgren et al'!G50+'Shares in prod syst'!$C$49*'Data from Ahlgren et al'!G54 -> 0 | L12: ='Shares in prod syst'!$C$46*'Data from Ahlgren et al'!H42+'Shares in prod syst'!$C$47*'Data from Ahlgren et al'!H46+'Shares in prod syst'!$C$48*'Data from Ahlgren et al'!H50+'Shares in prod syst'!$C$49*'Data from Ahlgren et al'!H54 -> 0.57366475 | M12: ='Shares in prod syst'!$C$46*'Data from Ahlgren et al'!I42+'Shares in prod syst'!$C$47*'Data from Ahlgren et al'!I46+'Shares in prod syst'!$C$48*'Data from Ahlgren et al'!I50+'Shares in prod syst'!$C$49*'Data from Ahlgren et al'!I54 -> 0 | N12: ='Shares in prod syst'!$C$46*'Data from Ahlgren et al'!J42+'Shares in prod syst'!$C$47*'Data from Ahlgren et al'!J46+'Shares in prod syst'!$C$48*'Data from Ahlgren et al'!J50+'Shares in prod syst'!$C$49*'Data from Ahlgren et al'!J54 -> 0 | O12: ='Shares in prod syst'!$C$46*'Data from Ahlgren et al'!K42+'Shares in prod syst'!$C$47*'Data from Ahlgren et al'!K46+'Shares in prod syst'!$C$48*'Data from Ahlgren et al'!K50+'Shares in prod syst'!$C$49*'Data from Ahlgren et al'!K54 -> 0 | ... W12: ='Shares in prod syst'!$C$46*'Data from Ahlgren et al'!S42+'Shares in prod syst'!$C$47*'Data from Ahlgren et al'!S46+'Shares in prod syst'!$C$48*'Data from Ahlgren et al'!S50+'Shares in prod syst'!$C$49*'Data from Ahlgren et al'!S54 -> 0.48
A13: A01QV | B13: Bovine muscle | C13: Meat and meat products | D13: France | E13: FR | F13: CH4, fossil | G13: =SUM(H13:W13) -> 0 | H13: 0 | I13: 0 | J13: 0 | K13: 0 | L13: 0 | M13: 0 | N13: 0 | O13: 0 | P13: 0 | Q13: 0 | R13: 0 | S13: 0 | T13: 0 | U13: 0 | V13: 0 | W13: 0
A14: A01QV | B14: Bovine muscle | C14: Meat and meat products | D14: France | E14: FR | F14: CH4, biogenic | G14: =SUM(H14:W14) -> 0.4729494 | H14: ='Shares in prod syst'!$C$46*'Data from Ahlgren et al'!D43+'Shares in prod syst'!$C$47*'Data from Ahlgren et al'!D47+'Shares in prod syst'!$C$48*'Data from Ahlgren et al'!D51+'Shares in prod syst'!$C$49*'Data from Ahlgren et al'!D55 -> 0 | I14: ='Shares in prod syst'!$C$46*'Data from Ahlgren et al'!E43+'Shares in prod syst'!$C$47*'Data from Ahlgren et al'!E47+'Shares in prod syst'!$C$48*'Data from Ahlgren et al'!E51+'Shares in prod syst'!$C$49*'Data from Ahlgren et al'!E55 -> 0 | J14: ='Shares in prod syst'!$C$46*'Data from Ahlgren et al'!F43+'Shares in prod syst'!$C$47*'Data from Ahlgren et al'!F47+'Shares in prod syst'!$C$48*'Data from Ahlgren et al'!F51+'Shares in prod syst'!$C$49*'Data from Ahlgren et al'!F55 -> 0 | K14: ='Shares in prod syst'!$C$46*'Data from Ahlgren et al'!G43+'Shares in prod syst'!$C$47*'Data from Ahlgren et al'!G47+'Shares in prod syst'!$C$48*'Data from Ahlgren et al'!G51+'Shares in prod syst'!$C$49*'Data from Ahlgren et al'!G55 -> 0 | L14: ='Shares in prod syst'!$C$46*'Data from Ahlgren et al'!H43+'Shares in prod syst'!$C$47*'Data from Ahlgren et al'!H47+'Shares in prod syst'!$C$48*'Data from Ahlgren et al'!H51+'Shares in prod syst'!$C$49*'Data from Ahlgren et al'!H55 -> 0 | M14: ='Shares in prod syst'!$C$46*'Data from Ahlgren et al'!I43+'Shares in prod syst'!$C$47*'Data from Ahlgren et al'!I47+'Shares in prod syst'!$C$48*'Data from Ahlgren et al'!I51+'Shares in prod syst'!$C$49*'Data from Ahlgren et al'!I55 -> 0 | N14: ='Shares in prod syst'!$C$46*'Data from Ahlgren et al'!J43+'Shares in prod syst'!$C$47*'Data from Ahlgren et al'!J47+'Shares in prod syst'!$C$48*'Data from Ahlgren et al'!J51+'Shares in prod syst'!$C$49*'Data from Ahlgren et al'!J55 -> 0 | O14: ='Shares in prod syst'!$C$46*'Data from Ahlgren et al'!K43+'Shares in prod syst'!$C$47*'Data from Ahlgren et al'!K47+'Shares in prod syst'!$C$48*'Data from Ahlgren et al'!K51+'Shares in prod syst'!$C$49*'Data from Ahlgren et al'!K55 -> 0 | ... W14: ='Shares in prod syst'!$C$46*'Data from Ahlgren et al'!S43+'Shares in prod syst'!$C$47*'Data from Ahlgren et al'!S47+'Shares in prod syst'!$C$48*'Data from Ahlgren et al'!S51+'Shares in prod syst'!$C$49*'Data from Ahlgren et al'!S55 -> 0
A15: A01QV | B15: Bovine muscle | C15: Meat and meat products | D15: France | E15: FR | F15: N2O | G15: =SUM(H15:W15) -> 0.020909068 | H15: ='Shares in prod syst'!$C$46*'Data from Ahlgren et al'!D44+'Shares in prod syst'!$C$47*'Data from Ahlgren et al'!D48+'Shares in prod syst'!$C$48*'Data from Ahlgren et al'!D52+'Shares in prod syst'!$C$49*'Data from Ahlgren et al'!D56 -> 0.0017511134 | I15: ='Shares in prod syst'!$C$46*'Data from Ahlgren et al'!E44+'Shares in prod syst'!$C$47*'Data from Ahlgren et al'!E48+'Shares in prod syst'!$C$48*'Data from Ahlgren et al'!E52+'Shares in prod syst'!$C$49*'Data from Ahlgren et al'!E56 -> 0 | J15: ='Shares in prod syst'!$C$46*'Data from Ahlgren et al'!F44+'Shares in prod syst'!$C$47*'Data from Ahlgren et al'!F48+'Shares in prod syst'!$C$48*'Data from Ahlgren et al'!F52+'Shares in prod syst'!$C$49*'Data from Ahlgren et al'!F56 -> 0.0083548848 | K15: ='Shares in prod syst'!$C$46*'Data from Ahlgren et al'!G44+'Shares in prod syst'!$C$47*'Data from Ahlgren et al'!G48+'Shares in prod syst'!$C$48*'Data from Ahlgren et al'!G52+'Shares in prod syst'!$C$49*'Data from Ahlgren et al'!G56 -> 0.00083548848 | L15: ='Shares in prod syst'!$C$46*'Data from Ahlgren et al'!H44+'Shares in prod syst'!$C$47*'Data from Ahlgren et al'!H48+'Shares in prod syst'!$C$48*'Data from Ahlgren et al'!H52+'Shares in prod syst'!$C$49*'Data from Ahlgren et al'!H56 -> 0 | M15: ='Shares in prod syst'!$C$46*'Data from Ahlgren et al'!I44+'Shares in prod syst'!$C$47*'Data from Ahlgren et al'!I48+'Shares in prod syst'!$C$48*'Data from Ahlgren et al'!I52+'Shares in prod syst'!$C$49*'Data from Ahlgren et al'!I56 -> 0 | N15: ='Shares in prod syst'!$C$46*'Data from Ahlgren et al'!J44+'Shares in prod syst'!$C$47*'Data from Ahlgren et al'!J48+'Shares in prod syst'!$C$48*'Data from Ahlgren et al'!J52+'Shares in prod syst'!$C$49*'Data from Ahlgren et al'!J56 -> 0 | O15: ='Shares in prod syst'!$C$46*'Data from Ahlgren et al'!K44+'Shares in prod syst'!$C$47*'Data from Ahlgren et al'!K48+'Shares in prod syst'!$C$48*'Data from Ahlgren et al'!K52+'Shares in prod syst'!$C$49*'Data from Ahlgren et al'!K56 -> 0 | ... W15: ='Shares in prod syst'!$C$46*'Data from Ahlgren et al'!S44+'Shares in prod syst'!$C$47*'Data from Ahlgren et al'!S48+'Shares in prod syst'!$C$48*'Data from Ahlgren et al'!S52+'Shares in prod syst'!$C$49*'Data from Ahlgren et al'!S56 -> 0
A16: A01QV | B16: Bovine muscle | C16: Meat and meat products | D16: France | E16: FR | F16: CO2e | G16: =SUM(H16:W16) -> 21.457273 | H16: =SUMPRODUCT(H12:H15,'CF Climate'!$B$5:$B$8) -> 0.95610791 | I16: =SUMPRODUCT(I12:I15,'CF Climate'!$B$5:$B$8) -> 0 | J16: =SUMPRODUCT(J12:J15,'CF Climate'!$B$5:$B$8) -> 2.2808835 | K16: =SUMPRODUCT(K12:K15,'CF Climate'!$B$5:$B$8) -> 0.22808835 | L16: =SUMPRODUCT(L12:L15,'CF Climate'!$B$5:$B$8) -> 0.57366475 | M16: =SUMPRODUCT(M12:M15,'CF Climate'!$B$5:$B$8) -> 0 | N16: =SUMPRODUCT(N12:N15,'CF Climate'!$B$5:$B$8) -> 0 | O16: =SUMPRODUCT(O12:O15,'CF Climate'!$B$5:$B$8) -> 0 | ... W16: =SUMPRODUCT(W12:W15,'CF Climate'!$B$5:$B$8) -> 0.48
A17: A01QV | B17: Bovine muscle | C17: Meat and meat products | D17: Germany | E17: DE | F17: CO2 | G17: =SUM(H17:W17) -> 2.7047258 | H17: ='Shares in prod syst'!$D$46*'Data from Ahlgren et al'!D42+'Shares in prod syst'!$D$47*'Data from Ahlgren et al'!D46+'Shares in prod syst'!$D$48*'Data from Ahlgren et al'!D50+'Shares in prod syst'!$D$49*'Data from Ahlgren et al'!D54 -> 0.42035832 | I17: ='Shares in prod syst'!$D$46*'Data from Ahlgren et al'!E42+'Shares in prod syst'!$D$47*'Data from Ahlgren et al'!E46+'Shares in prod syst'!$D$48*'Data from Ahlgren et al'!E50+'Shares in prod syst'!$D$49*'Data from Ahlgren et al'!E54 -> 0 | J17: ='Shares in prod syst'!$D$46*'Data from Ahlgren et al'!F42+'Shares in prod syst'!$D$47*'Data from Ahlgren et al'!F46+'Shares in prod syst'!$D$48*'Data from Ahlgren et al'!F50+'Shares in prod syst'!$D$49*'Data from Ahlgren et al'!F54 -> 0 | K17: ='Shares in prod syst'!$D$46*'Data from Ahlgren et al'!G42+'Shares in prod syst'!$D$47*'Data from Ahlgren et al'!G46+'Shares in prod syst'!$D$48*'Data from Ahlgren et al'!G50+'Shares in prod syst'!$D$49*'Data from Ahlgren et al'!G54 -> 0 | L17: ='Shares in prod syst'!$D$46*'Data from Ahlgren et al'!H42+'Shares in prod syst'!$D$47*'Data from Ahlgren et al'!H46+'Shares in prod syst'!$D$48*'Data from Ahlgren et al'!H50+'Shares in prod syst'!$D$49*'Data from Ahlgren et al'!H54 -> 0.50442999 | M17: ='Shares in prod syst'!$D$46*'Data from Ahlgren et al'!I42+'Shares in prod syst'!$D$47*'Data from Ahlgren et al'!I46+'Shares in prod syst'!$D$48*'Data from Ahlgren et al'!I50+'Shares in prod syst'!$D$49*'Data from Ahlgren et al'!I54 -> 0 | N17: ='Shares in prod syst'!$D$46*'Data from Ahlgren et al'!J42+'Shares in prod syst'!$D$47*'Data from Ahlgren et al'!J46+'Shares in prod syst'!$D$48*'Data from Ahlgren et al'!J50+'Shares in prod syst'!$D$49*'Data from Ahlgren et al'!J54 -> 0 | O17: ='Shares in prod syst'!$D$46*'Data from Ahlgren et al'!K42+'Shares in prod syst'!$D$47*'Data from Ahlgren et al'!K46+'Shares in prod syst'!$D$48*'Data from Ahlgren et al'!K50+'Shares in prod syst'!$D$49*'Data from Ahlgren et al'!K54 -> 0 | ... W17: ='Shares in prod syst'!$D$46*'Data from Ahlgren et al'!S42+'Shares in prod syst'!$D$47*'Data from Ahlgren et al'!S46+'Shares in prod syst'!$D$48*'Data from Ahlgren et al'!S50+'Shares in prod syst'!$D$49*'Data from Ahlgren et al'!S54 -> 0.48
A18: A01QV | B18: Bovine muscle | C18: Meat and meat products | D18: Germany | E18: DE | F18: CH4, fossil | G18: 0 | H18: 0 | I18: 0 | J18: 0 | K18: 0 | L18: 0 | M18: 0 | N18: 0 | O18: 0 | P18: 0 | Q18: 0 | R18: 0 | S18: 0 | T18: 0 | U18: 0 | V18: 0 | W18: 0
A19: A01QV | B19: Bovine muscle | C19: Meat and meat products | D19: Germany | E19: DE | F19: CH4, biogenic | G19: =SUM(H19:W19) -> 0.42690937 | H19: ='Shares in prod syst'!$D$46*'Data from Ahlgren et al'!D43+'Shares in prod syst'!$D$47*'Data from Ahlgren et al'!D47+'Shares in prod syst'!$D$48*'Data from Ahlgren et al'!D51+'Shares in prod syst'!$D$49*'Data from Ahlgren et al'!D55 -> 0 | I19: ='Shares in prod syst'!$D$46*'Data from Ahlgren et al'!E43+'Shares in prod syst'!$D$47*'Data from Ahlgren et al'!E47+'Shares in prod syst'!$D$48*'Data from Ahlgren et al'!E51+'Shares in prod syst'!$D$49*'Data from Ahlgren et al'!E55 -> 0 | J19: ='Shares in prod syst'!$D$46*'Data from Ahlgren et al'!F43+'Shares in prod syst'!$D$47*'Data from Ahlgren et al'!F47+'Shares in prod syst'!$D$48*'Data from Ahlgren et al'!F51+'Shares in prod syst'!$D$49*'Data from Ahlgren et al'!F55 -> 0 | K19: ='Shares in prod syst'!$D$46*'Data from Ahlgren et al'!G43+'Shares in prod syst'!$D$47*'Data from Ahlgren et al'!G47+'Shares in prod syst'!$D$48*'Data from Ahlgren et al'!G51+'Shares in prod syst'!$D$49*'Data from Ahlgren et al'!G55 -> 0 | L19: ='Shares in prod syst'!$D$46*'Data from Ahlgren et al'!H43+'Shares in prod syst'!$D$47*'Data from Ahlgren et al'!H47+'Shares in prod syst'!$D$48*'Data from Ahlgren et al'!H51+'Shares in prod syst'!$D$49*'Data from Ahlgren et al'!H55 -> 0 | M19: ='Shares in prod syst'!$D$46*'Data from Ahlgren et al'!I43+'Shares in prod syst'!$D$47*'Data from Ahlgren et al'!I47+'Shares in prod syst'!$D$48*'Data from Ahlgren et al'!I51+'Shares in prod syst'!$D$49*'Data from Ahlgren et al'!I55 -> 0 | N19: ='Shares in prod syst'!$D$46*'Data from Ahlgren et al'!J43+'Shares in prod syst'!$D$47*'Data from Ahlgren et al'!J47+'Shares in prod syst'!$D$48*'Data from Ahlgren et al'!J51+'Shares in prod syst'!$D$49*'Data from Ahlgren et al'!J55 -> 0 | O19: ='Shares in prod syst'!$D$46*'Data from Ahlgren et al'!K43+'Shares in prod syst'!$D$47*'Data from Ahlgren et al'!K47+'Shares in prod syst'!$D$48*'Data from Ahlgren et al'!K51+'Shares in prod syst'!$D$49*'Data from Ahlgren et al'!K55 -> 0 | ... W19: ='Shares in prod syst'!$D$46*'Data from Ahlgren et al'!S43+'Shares in prod syst'!$D$47*'Data from Ahlgren et al'!S47+'Shares in prod syst'!$D$48*'Data from Ahlgren et al'!S51+'Shares in prod syst'!$D$49*'Data from Ahlgren et al'!S55 -> 0
A20: A01QV | B20: Bovine muscle | C20: Meat and meat products | D20: Germany | E20: DE | F20: N2O | G20: =SUM(H20:W20) -> 0.018744684 | H20: ='Shares in prod syst'!$D$46*'Data from Ahlgren et al'!D44+'Shares in prod syst'!$D$47*'Data from Ahlgren et al'!D48+'Shares in prod syst'!$D$48*'Data from Ahlgren et al'!D52+'Shares in prod syst'!$D$49*'Data from Ahlgren et al'!D56 -> 0.0015397741 | I20: ='Shares in prod syst'!$D$46*'Data from Ahlgren et al'!E44+'Shares in prod syst'!$D$47*'Data from Ahlgren et al'!E48+'Shares in prod syst'!$D$48*'Data from Ahlgren et al'!E52+'Shares in prod syst'!$D$49*'Data from Ahlgren et al'!E56 -> 0 | J20: ='Shares in prod syst'!$D$46*'Data from Ahlgren et al'!F44+'Shares in prod syst'!$D$47*'Data from Ahlgren et al'!F48+'Shares in prod syst'!$D$48*'Data from Ahlgren et al'!F52+'Shares in prod syst'!$D$49*'Data from Ahlgren et al'!F56 -> 0.0076308817 | K20: ='Shares in prod syst'!$D$46*'Data from Ahlgren et al'!G44+'Shares in prod syst'!$D$47*'Data from Ahlgren et al'!G48+'Shares in prod syst'!$D$48*'Data from Ahlgren et al'!G52+'Shares in prod syst'!$D$49*'Data from Ahlgren et al'!G56 -> 0.00076308817 | L20: ='Shares in prod syst'!$D$46*'Data from Ahlgren et al'!H44+'Shares in prod syst'!$D$47*'Data from Ahlgren et al'!H48+'Shares in prod syst'!$D$48*'Data from Ahlgren et al'!H52+'Shares in prod syst'!$D$49*'Data from Ahlgren et al'!H56 -> 0 | M20: ='Shares in prod syst'!$D$46*'Data from Ahlgren et al'!I44+'Shares in prod syst'!$D$47*'Data from Ahlgren et al'!I48+'Shares in prod syst'!$D$48*'Data from Ahlgren et al'!I52+'Shares in prod syst'!$D$49*'Data from Ahlgren et al'!I56 -> 0 | N20: ='Shares in prod syst'!$D$46*'Data from Ahlgren et al'!J44+'Shares in prod syst'!$D$47*'Data from Ahlgren et al'!J48+'Shares in prod syst'!$D$48*'Data from Ahlgren et al'!J52+'Shares in prod syst'!$D$49*'Data from Ahlgren et al'!J56 -> 0 | O20: ='Shares in prod syst'!$D$46*'Data from Ahlgren et al'!K44+'Shares in prod syst'!$D$47*'Data from Ahlgren et al'!K48+'Shares in prod syst'!$D$48*'Data from Ahlgren et al'!K52+'Shares in prod syst'!$D$49*'Data from Ahlgren et al'!K56 -> 0 | ... W20: ='Shares in prod syst'!$D$46*'Data from Ahlgren et al'!S44+'Shares in prod syst'!$D$47*'Data from Ahlgren et al'!S48+'Shares in prod syst'!$D$48*'Data from Ahlgren et al'!S52+'Shares in prod syst'!$D$49*'Data from Ahlgren et al'!S56 -> 0
A21: A01QV | B21: Bovine muscle | C21: Meat and meat products | D21: Germany | E21: DE | F21: CO2e | G21: =SUM(H21:W21) -> 19.348577 | H21: =SUMPRODUCT(H17:H20,'CF Climate'!$B$5:$B$8) -> 0.84071665 | I21: =SUMPRODUCT(I17:I20,'CF Climate'!$B$5:$B$8) -> 0 | J21: =SUMPRODUCT(J17:J20,'CF Climate'!$B$5:$B$8) -> 2.0832307 | K21: =SUMPRODUCT(K17:K20,'CF Climate'!$B$5:$B$8) -> 0.20832307 | L21: =SUMPRODUCT(L17:L20,'CF Climate'!$B$5:$B$8) -> 0.50442999 | M21: =SUMPRODUCT(M17:M20,'CF Climate'!$B$5:$B$8) -> 0 | N21: =SUMPRODUCT(N17:N20,'CF Climate'!$B$5:$B$8) -> 0 | O21: =SUMPRODUCT(O17:O20,'CF Climate'!$B$5:$B$8) -> 0 | ... W21: =SUMPRODUCT(W17:W20,'CF Climate'!$B$5:$B$8) -> 0.48
A22: A01QV | B22: Bovine muscle | C22: Meat and meat products | D22: Greece | E22: GR | F22: CO2 | G22: =SUM(H22:W22) -> 3.0556525 | H22: ='Shares in prod syst'!$E$46*'Data from Ahlgren et al'!D42+'Shares in prod syst'!$E$47*'Data from Ahlgren et al'!D46+'Shares in prod syst'!$E$48*'Data from Ahlgren et al'!D50+'Shares in prod syst'!$E$49*'Data from Ahlgren et al'!D54 -> 0.48572368 | I22: ='Shares in prod syst'!$E$46*'Data from Ahlgren et al'!E42+'Shares in prod syst'!$E$47*'Data from Ahlgren et al'!E46+'Shares in prod syst'!$E$48*'Data from Ahlgren et al'!E50+'Shares in prod syst'!$E$49*'Data from Ahlgren et al'!E54 -> 0 | J22: ='Shares in prod syst'!$E$46*'Data from Ahlgren et al'!F42+'Shares in prod syst'!$E$47*'Data from Ahlgren et al'!F46+'Shares in prod syst'!$E$48*'Data from Ahlgren et al'!F50+'Shares in prod syst'!$E$49*'Data from Ahlgren et al'!F54 -> 0 | K22: ='Shares in prod syst'!$E$46*'Data from Ahlgren et al'!G42+'Shares in prod syst'!$E$47*'Data from Ahlgren et al'!G46+'Shares in prod syst'!$E$48*'Data from Ahlgren et al'!G50+'Shares in prod syst'!$E$49*'Data from Ahlgren et al'!G54 -> 0 | L22: ='Shares in prod syst'!$E$46*'Data from Ahlgren et al'!H42+'Shares in prod syst'!$E$47*'Data from Ahlgren et al'!H46+'Shares in prod syst'!$E$48*'Data from Ahlgren et al'!H50+'Shares in prod syst'!$E$49*'Data from Ahlgren et al'!H54 -> 0.58286842 | M22: ='Shares in prod syst'!$E$46*'Data from Ahlgren et al'!I42+'Shares in prod syst'!$E$47*'Data from Ahlgren et al'!I46+'Shares in prod syst'!$E$48*'Data from Ahlgren et al'!I50+'Shares in prod syst'!$E$49*'Data from Ahlgren et al'!I54 -> 0 | N22: ='Shares in prod syst'!$E$46*'Data from Ahlgren et al'!J42+'Shares in prod syst'!$E$47*'Data from Ahlgren et al'!J46+'Shares in prod syst'!$E$48*'Data from Ahlgren et al'!J50+'Shares in prod syst'!$E$49*'Data from Ahlgren et al'!J54 -> 0 | O22: ='Shares in prod syst'!$E$46*'Data from Ahlgren et al'!K42+'Shares in prod syst'!$E$47*'Data from Ahlgren et al'!K46+'Shares in prod syst'!$E$48*'Data from Ahlgren et al'!K50+'Shares in prod syst'!$E$49*'Data from Ahlgren et al'!K54 -> 0 | ... W22: ='Shares in prod syst'!$E$46*'Data from Ahlgren et al'!S42+'Shares in prod syst'!$E$47*'Data from Ahlgren et al'!S46+'Shares in prod syst'!$E$48*'Data from Ahlgren et al'!S50+'Shares in prod syst'!$E$49*'Data from Ahlgren et al'!S54 -> 0.48
A23: A01QV | B23: Bovine muscle | C23: Meat and meat products | D23: Greece | E23: GR | F23: CH4, fossil | G23: =SUM(H23:W23) -> 0 | H23: 0 | I23: 0 | J23: 0 | K23: 0 | L23: 0 | M23: 0 | N23: 0 | O23: 0 | P23: 0 | Q23: 0 | R23: 0 | S23: 0 | T23: 0 | U23: 0 | V23: 0 | W23: 0
A24: A01QV | B24: Bovine muscle | C24: Meat and meat products | D24: Greece | E24: GR | F24: CH4, biogenic | G24: =SUM(H24:W24) -> 0.50089895 | H24: ='Shares in prod syst'!$E$46*'Data from Ahlgren et al'!D44+'Shares in prod syst'!$E$47*'Data from Ahlgren et al'!D48+'Shares in prod syst'!$E$48*'Data from Ahlgren et al'!D52+'Shares in prod syst'!$E$49*'Data from Ahlgren et al'!D56 -> 0.0017792076 | I24: ='Shares in prod syst'!$E$46*'Data from Ahlgren et al'!E44+'Shares in prod syst'!$E$47*'Data from Ahlgren et al'!E48+'Shares in prod syst'!$E$48*'Data from Ahlgren et al'!E52+'Shares in prod syst'!$E$49*'Data from Ahlgren et al'!E56 -> 0 | J24: ='Shares in prod syst'!$E$46*'Data from Ahlgren et al'!F44+'Shares in prod syst'!$E$47*'Data from Ahlgren et al'!F48+'Shares in prod syst'!$E$48*'Data from Ahlgren et al'!F52+'Shares in prod syst'!$E$49*'Data from Ahlgren et al'!F56 -> 0.0085668403 | K24: ='Shares in prod syst'!$E$46*'Data from Ahlgren et al'!G44+'Shares in prod syst'!$E$47*'Data from Ahlgren et al'!G48+'Shares in prod syst'!$E$48*'Data from Ahlgren et al'!G52+'Shares in prod syst'!$E$49*'Data from Ahlgren et al'!G56 -> 0.00085668403 | L24: ='Shares in prod syst'!$E$46*'Data from Ahlgren et al'!H44+'Shares in prod syst'!$E$47*'Data from Ahlgren et al'!H48+'Shares in prod syst'!$E$48*'Data from Ahlgren et al'!H52+'Shares in prod syst'!$E$49*'Data from Ahlgren et al'!H56 -> 0 | M24: ='Shares in prod syst'!$E$46*'Data from Ahlgren et al'!I44+'Shares in prod syst'!$E$47*'Data from Ahlgren et al'!I48+'Shares in prod syst'!$E$48*'Data from Ahlgren et al'!I52+'Shares in prod syst'!$E$49*'Data from Ahlgren et al'!I56 -> 0 | N24: ='Shares in prod syst'!$E$46*'Data from Ahlgren et al'!J44+'Shares in prod syst'!$E$47*'Data from Ahlgren et al'!J48+'Shares in prod syst'!$E$48*'Data from Ahlgren et al'!J52+'Shares in prod syst'!$E$49*'Data from Ahlgren et al'!J56 -> 0 | O24: ='Shares in prod syst'!$E$46*'Data from Ahlgren et al'!K44+'Shares in prod syst'!$E$47*'Data from Ahlgren et al'!K48+'Shares in prod syst'!$E$48*'Data from Ahlgren et al'!K52+'Shares in prod syst'!$E$49*'Data from Ahlgren et al'!K56 -> 0 | ... Q24: ='Shares in prod syst'!$E$46*'Data from Ahlgren et al'!M44+'Shares in prod syst'!$E$47*'Data from Ahlgren et al'!M48+'Shares in prod syst'!$E$48*'Data from Ahlgren et al'!M52+'Shares in prod syst'!$E$49*'Data from Ahlgren et al'!M56 -> 0 | R24: ='Shares in prod syst'!$E$46*'Data from Ahlgren et al'!N43+'Shares in prod syst'!$E$47*'Data from Ahlgren et al'!N47+'Shares in prod syst'!$E$48*'Data from Ahlgren et al'!N51+'Shares in prod syst'!$E$49*'Data from Ahlgren et al'!N55 -> 0.38475804 | S24: ='Shares in prod syst'!$E$46*'Data from Ahlgren et al'!O43+'Shares in prod syst'!$E$47*'Data from Ahlgren et al'!O47+'Shares in prod syst'!$E$48*'Data from Ahlgren et al'!O51+'Shares in prod syst'!$E$49*'Data from Ahlgren et al'!O55 -> 0.10493819 | T24: ='Shares in prod syst'!$E$46*'Data from Ahlgren et al'!P44+'Shares in prod syst'!$E$47*'Data from Ahlgren et al'!P48+'Shares in prod syst'!$E$48*'Data from Ahlgren et al'!P52+'Shares in prod syst'!$E$49*'Data from Ahlgren et al'!P56 -> 0 | U24: ='Shares in prod syst'!$E$46*'Data from Ahlgren et al'!Q44+'Shares in prod syst'!$E$47*'Data from Ahlgren et al'!Q48+'Shares in prod syst'!$E$48*'Data from Ahlgren et al'!Q52+'Shares in prod syst'!$E$49*'Data from Ahlgren et al'!Q56 -> 0 | V24: ='Shares in prod syst'!$E$46*'Data from Ahlgren et al'!R44+'Shares in prod syst'!$E$47*'Data from Ahlgren et al'!R48+'Shares in prod syst'!$E$48*'Data from Ahlgren et al'!R52+'Shares in prod syst'!$E$49*'Data from Ahlgren et al'!R56 -> 0 | W24: ='Shares in prod syst'!$E$46*'Data from Ahlgren et al'!S44+'Shares in prod syst'!$E$47*'Data from Ahlgren et al'!S48+'Shares in prod syst'!$E$48*'Data from Ahlgren et al'!S52+'Shares in prod syst'!$E$49*'Data from Ahlgren et al'!S56 -> 0
A25: A01QV | B25: Bovine muscle | C25: Meat and meat products | D25: Greece | E25: GR | F25: N2O | G25: =SUM(H25:W25) -> 0.021581234 | H25: ='Shares in prod syst'!$E$46*'Data from Ahlgren et al'!D44+'Shares in prod syst'!$E$47*'Data from Ahlgren et al'!D48+'Shares in prod syst'!$E$48*'Data from Ahlgren et al'!D52+'Shares in prod syst'!$E$49*'Data from Ahlgren et al'!D56 -> 0.0017792076 | I25: ='Shares in prod syst'!$E$46*'Data from Ahlgren et al'!E44+'Shares in prod syst'!$E$47*'Data from Ahlgren et al'!E48+'Shares in prod syst'!$E$48*'Data from Ahlgren et al'!E52+'Shares in prod syst'!$E$49*'Data from Ahlgren et al'!E56 -> 0 | J25: ='Shares in prod syst'!$E$46*'Data from Ahlgren et al'!F44+'Shares in prod syst'!$E$47*'Data from Ahlgren et al'!F48+'Shares in prod syst'!$E$48*'Data from Ahlgren et al'!F52+'Shares in prod syst'!$E$49*'Data from Ahlgren et al'!F56 -> 0.0085668403 | K25: ='Shares in prod syst'!$E$46*'Data from Ahlgren et al'!G44+'Shares in prod syst'!$E$47*'Data from Ahlgren et al'!G48+'Shares in prod syst'!$E$48*'Data from Ahlgren et al'!G52+'Shares in prod syst'!$E$49*'Data from Ahlgren et al'!G56 -> 0.00085668403 | L25: ='Shares in prod syst'!$E$46*'Data from Ahlgren et al'!H44+'Shares in prod syst'!$E$47*'Data from Ahlgren et al'!H48+'Shares in prod syst'!$E$48*'Data from Ahlgren et al'!H52+'Shares in prod syst'!$E$49*'Data from Ahlgren et al'!H56 -> 0 | M25: ='Shares in prod syst'!$E$46*'Data from Ahlgren et al'!I44+'Shares in prod syst'!$E$47*'Data from Ahlgren et al'!I48+'Shares in prod syst'!$E$48*'Data from Ahlgren et al'!I52+'Shares in prod syst'!$E$49*'Data from Ahlgren et al'!I56 -> 0 | N25: ='Shares in prod syst'!$E$46*'Data from Ahlgren et al'!J44+'Shares in prod syst'!$E$47*'Data from Ahlgren et al'!J48+'Shares in prod syst'!$E$48*'Data from Ahlgren et al'!J52+'Shares in prod syst'!$E$49*'Data from Ahlgren et al'!J56 -> 0 | O25: ='Shares in prod syst'!$E$46*'Data from Ahlgren et al'!K44+'Shares in prod syst'!$E$47*'Data from Ahlgren et al'!K48+'Shares in prod syst'!$E$48*'Data from Ahlgren et al'!K52+'Shares in prod syst'!$E$49*'Data from Ahlgren et al'!K56 -> 0 | ... W25: ='Shares in prod syst'!$E$46*'Data from Ahlgren et al'!S44+'Shares in prod syst'!$E$47*'Data from Ahlgren et al'!S48+'Shares in prod syst'!$E$48*'Data from Ahlgren et al'!S52+'Shares in prod syst'!$E$49*'Data from Ahlgren et al'!S56 -> 0
A26: A01QV | B26: Bovine muscle | C26: Meat and meat products | D26: Greece | E26: GR | F26: CO2e | G26: =SUM(H26:W26) -> 22.471601 | H26: =SUMPRODUCT(H22:H25,'CF Climate'!$B$5:$B$8) -> 1.019486 | I26: =SUMPRODUCT(I22:I25,'CF Climate'!$B$5:$B$8) -> 0 | J26: =SUMPRODUCT(J22:J25,'CF Climate'!$B$5:$B$8) -> 2.5700521 | K26: =SUMPRODUCT(K22:K25,'CF Climate'!$B$5:$B$8) -> 0.25700521 | L26: =SUMPRODUCT(L22:L25,'CF Climate'!$B$5:$B$8) -> 0.58286842 | M26: =SUMPRODUCT(M22:M25,'CF Climate'!$B$5:$B$8) -> 0 | N26: =SUMPRODUCT(N22:N25,'CF Climate'!$B$5:$B$8) -> 0 | O26: =SUMPRODUCT(O22:O25,'CF Climate'!$B$5:$B$8) -> 0 | ... W26: =SUMPRODUCT(W22:W25,'CF Climate'!$B$5:$B$8) -> 0.48
A27: A01QV | B27: Bovine muscle | C27: Meat and meat products | D27: Hungary | E27: HU | F27: CO2 | G27: =SUM(H27:W27) -> 2.7489517 | H27: ='Shares in prod syst'!$F$46*'Data from Ahlgren et al'!D42+'Shares in prod syst'!$F$47*'Data from Ahlgren et al'!D46+'Shares in prod syst'!$F$48*'Data from Ahlgren et al'!D50+'Shares in prod syst'!$F$49*'Data from Ahlgren et al'!D54 -> 0.46032725 | I27: ='Shares in prod syst'!$F$46*'Data from Ahlgren et al'!E42+'Shares in prod syst'!$F$47*'Data from Ahlgren et al'!E46+'Shares in prod syst'!$F$48*'Data from Ahlgren et al'!E50+'Shares in prod syst'!$F$49*'Data from Ahlgren et al'!E54 -> 0 | J27: ='Shares in prod syst'!$F$46*'Data from Ahlgren et al'!F42+'Shares in prod syst'!$F$47*'Data from Ahlgren et al'!F46+'Shares in prod syst'!$F$48*'Data from Ahlgren et al'!F50+'Shares in prod syst'!$F$49*'Data from Ahlgren et al'!F54 -> 0 | K27: ='Shares in prod syst'!$F$46*'Data from Ahlgren et al'!G42+'Shares in prod syst'!$F$47*'Data from Ahlgren et al'!G46+'Shares in prod syst'!$F$48*'Data from Ahlgren et al'!G50+'Shares in prod syst'!$F$49*'Data from Ahlgren et al'!G54 -> 0 | L27: ='Shares in prod syst'!$F$46*'Data from Ahlgren et al'!H42+'Shares in prod syst'!$F$47*'Data from Ahlgren et al'!H46+'Shares in prod syst'!$F$48*'Data from Ahlgren et al'!H50+'Shares in prod syst'!$F$49*'Data from Ahlgren et al'!H54 -> 0.5523927 | M27: ='Shares in prod syst'!$F$46*'Data from Ahlgren et al'!I42+'Shares in prod syst'!$F$47*'Data from Ahlgren et al'!I46+'Shares in prod syst'!$F$48*'Data from Ahlgren et al'!I50+'Shares in prod syst'!$F$49*'Data from Ahlgren et al'!I54 -> 0 | N27: ='Shares in prod syst'!$F$46*'Data from Ahlgren et al'!J42+'Shares in prod syst'!$F$47*'Data from Ahlgren et al'!J46+'Shares in prod syst'!$F$48*'Data from Ahlgren et al'!J50+'Shares in prod syst'!$F$49*'Data from Ahlgren et al'!J54 -> 0 | O27: ='Shares in prod syst'!$F$46*'Data from Ahlgren et al'!K42+'Shares in prod syst'!$F$47*'Data from Ahlgren et al'!K46+'Shares in prod syst'!$F$48*'Data from Ahlgren et al'!K50+'Shares in prod syst'!$F$49*'Data from Ahlgren et al'!K54 -> 0 | ... W27: ='Shares in prod syst'!$F$46*'Data from Ahlgren et al'!S42+'Shares in prod syst'!$F$47*'Data from Ahlgren et al'!S46+'Shares in prod syst'!$F$48*'Data from Ahlgren et al'!S50+'Shares in prod syst'!$F$49*'Data from Ahlgren et al'!S54 -> 0.48
A28: A01QV | B28: Bovine muscle | C28: Meat and meat products | D28: Hungary | E28: HU | F28: CH4, fossil | G28: =SUM(H28:W28) -> 0 | H28: 0 | I28: 0 | J28: 0 | K28: 0 | L28: 0 | M28: 0 | N28: 0 | O28: 0 | P28: 0 | Q28: 0 | R28: 0 | S28: 0 | T28: 0 | U28: 0 | V28: 0 | W28: 0
A29: A01QV | B29: Bovine muscle | C29: Meat and meat products | D29: Hungary | E29: HU | F29: CH4, biogenic | G29: =SUM(H29:W29) -> 0.41966363 | H29: ='Shares in prod syst'!$F$46*'Data from Ahlgren et al'!D43+'Shares in prod syst'!$F$47*'Data from Ahlgren et al'!D47+'Shares in prod syst'!$F$48*'Data from Ahlgren et al'!D51+'Shares in prod syst'!$F$49*'Data from Ahlgren et al'!D55 -> 0 | I29: ='Shares in prod syst'!$F$46*'Data from Ahlgren et al'!E43+'Shares in prod syst'!$F$47*'Data from Ahlgren et al'!E47+'Shares in prod syst'!$F$48*'Data from Ahlgren et al'!E51+'Shares in prod syst'!$F$49*'Data from Ahlgren et al'!E55 -> 0 | J29: ='Shares in prod syst'!$F$46*'Data from Ahlgren et al'!F43+'Shares in prod syst'!$F$47*'Data from Ahlgren et al'!F47+'Shares in prod syst'!$F$48*'Data from Ahlgren et al'!F51+'Shares in prod syst'!$F$49*'Data from Ahlgren et al'!F55 -> 0 | K29: ='Shares in prod syst'!$F$46*'Data from Ahlgren et al'!G43+'Shares in prod syst'!$F$47*'Data from Ahlgren et al'!G47+'Shares in prod syst'!$F$48*'Data from Ahlgren et al'!G51+'Shares in prod syst'!$F$49*'Data from Ahlgren et al'!G55 -> 0 | L29: ='Shares in prod syst'!$F$46*'Data from Ahlgren et al'!H43+'Shares in prod syst'!$F$47*'Data from Ahlgren et al'!H47+'Shares in prod syst'!$F$48*'Data from Ahlgren et al'!H51+'Shares in prod syst'!$F$49*'Data from Ahlgren et al'!H55 -> 0 | M29: ='Shares in prod syst'!$F$46*'Data from Ahlgren et al'!I43+'Shares in prod syst'!$F$47*'Data from Ahlgren et al'!I47+'Shares in prod syst'!$F$48*'Data from Ahlgren et al'!I51+'Shares in prod syst'!$F$49*'Data from Ahlgren et al'!I55 -> 0 | N29: ='Shares in prod syst'!$F$46*'Data from Ahlgren et al'!J43+'Shares in prod syst'!$F$47*'Data from Ahlgren et al'!J47+'Shares in prod syst'!$F$48*'Data from Ahlgren et al'!J51+'Shares in prod syst'!$F$49*'Data from Ahlgren et al'!J55 -> 0 | O29: ='Shares in prod syst'!$F$46*'Data from Ahlgren et al'!K43+'Shares in prod syst'!$F$47*'Data from Ahlgren et al'!K47+'Shares in prod syst'!$F$48*'Data from Ahlgren et al'!K51+'Shares in prod syst'!$F$49*'Data from Ahlgren et al'!K55 -> 0 | ... W29: ='Shares in prod syst'!$F$46*'Data from Ahlgren et al'!S43+'Shares in prod syst'!$F$47*'Data from Ahlgren et al'!S47+'Shares in prod syst'!$F$48*'Data from Ahlgren et al'!S51+'Shares in prod syst'!$F$49*'Data from Ahlgren et al'!S55 -> 0
A30: A01QV | B30: Bovine muscle | C30: Meat and meat products | D30: Hungary | E30: HU | F30: N2O | G30: =SUM(H30:W30) -> 0.018828062 | H30: ='Shares in prod syst'!$F$46*'Data from Ahlgren et al'!D44+'Shares in prod syst'!$F$47*'Data from Ahlgren et al'!D48+'Shares in prod syst'!$F$48*'Data from Ahlgren et al'!D52+'Shares in prod syst'!$F$49*'Data from Ahlgren et al'!D56 -> 0.0016861804 | I30: ='Shares in prod syst'!$F$46*'Data from Ahlgren et al'!E44+'Shares in prod syst'!$F$47*'Data from Ahlgren et al'!E48+'Shares in prod syst'!$F$48*'Data from Ahlgren et al'!E52+'Shares in prod syst'!$F$49*'Data from Ahlgren et al'!E56 -> 0 | J30: ='Shares in prod syst'!$F$46*'Data from Ahlgren et al'!F44+'Shares in prod syst'!$F$47*'Data from Ahlgren et al'!F48+'Shares in prod syst'!$F$48*'Data from Ahlgren et al'!F52+'Shares in prod syst'!$F$49*'Data from Ahlgren et al'!F56 -> 0.0077062463 | K30: ='Shares in prod syst'!$F$46*'Data from Ahlgren et al'!G44+'Shares in prod syst'!$F$47*'Data from Ahlgren et al'!G48+'Shares in prod syst'!$F$48*'Data from Ahlgren et al'!G52+'Shares in prod syst'!$F$49*'Data from Ahlgren et al'!G56 -> 0.00077062463 | L30: ='Shares in prod syst'!$F$46*'Data from Ahlgren et al'!H44+'Shares in prod syst'!$F$47*'Data from Ahlgren et al'!H48+'Shares in prod syst'!$F$48*'Data from Ahlgren et al'!H52+'Shares in prod syst'!$F$49*'Data from Ahlgren et al'!H56 -> 0 | M30: ='Shares in prod syst'!$F$46*'Data from Ahlgren et al'!I44+'Shares in prod syst'!$F$47*'Data from Ahlgren et al'!I48+'Shares in prod syst'!$F$48*'Data from Ahlgren et al'!I52+'Shares in prod syst'!$F$49*'Data from Ahlgren et al'!I56 -> 0 | N30: ='Shares in prod syst'!$F$46*'Data from Ahlgren et al'!J44+'Shares in prod syst'!$F$47*'Data from Ahlgren et al'!J48+'Shares in prod syst'!$F$48*'Data from Ahlgren et al'!J52+'Shares in prod syst'!$F$49*'Data from Ahlgren et al'!J56 -> 0 | O30: ='Shares in prod syst'!$F$46*'Data from Ahlgren et al'!K44+'Shares in prod syst'!$F$47*'Data from Ahlgren et al'!K48+'Shares in prod syst'!$F$48*'Data from Ahlgren et al'!K52+'Shares in prod syst'!$F$49*'Data from Ahlgren et al'!K56 -> 0 | ... W30: ='Shares in prod syst'!$F$46*'Data from Ahlgren et al'!S44+'Shares in prod syst'!$F$47*'Data from Ahlgren et al'!S48+'Shares in prod syst'!$F$48*'Data from Ahlgren et al'!S52+'Shares in prod syst'!$F$49*'Data from Ahlgren et al'!S56 -> 0
A31: A01QV | B31: Bovine muscle | C31: Meat and meat products | D31: Hungary | E31: HU | F31: CO2e | G31: =SUM(H31:W31) -> 19.219931 | H31: =SUMPRODUCT(H27:H30,'CF Climate'!$B$5:$B$8) -> 0.9206545 | I31: =SUMPRODUCT(I27:I30,'CF Climate'!$B$5:$B$8) -> 0 | J31: =SUMPRODUCT(J27:J30,'CF Climate'!$B$5:$B$8) -> 2.1038052 | K31: =SUMPRODUCT(K27:K30,'CF Climate'!$B$5:$B$8) -> 0.21038052 | L31: =SUMPRODUCT(L27:L30,'CF Climate'!$B$5:$B$8) -> 0.5523927 | M31: =SUMPRODUCT(M27:M30,'CF Climate'!$B$5:$B$8) -> 0 | N31: =SUMPRODUCT(N27:N30,'CF Climate'!$B$5:$B$8) -> 0 | O31: =SUMPRODUCT(O27:O30,'CF Climate'!$B$5:$B$8) -> 0 | ... W31: =SUMPRODUCT(W27:W30,'CF Climate'!$B$5:$B$8) -> 0.48
A32: A01QV | B32: Bovine muscle | C32: Meat and meat products | D32: Ireland | E32: IE | F32: CO2 | G32: =SUM(H32:W32) -> 3.0715964 | H32: ='Shares in prod syst'!$G$46*'Data from Ahlgren et al'!D42+'Shares in prod syst'!$G$47*'Data from Ahlgren et al'!D46+'Shares in prod syst'!$G$48*'Data from Ahlgren et al'!D50+'Shares in prod syst'!$G$49*'Data from Ahlgren et al'!D54 -> 0.460011 | I32: ='Shares in prod syst'!$G$46*'Data from Ahlgren et al'!E42+'Shares in prod syst'!$G$47*'Data from Ahlgren et al'!E46+'Shares in prod syst'!$G$48*'Data from Ahlgren et al'!E50+'Shares in prod syst'!$G$49*'Data from Ahlgren et al'!E54 -> 0 | J32: ='Shares in prod syst'!$G$46*'Data from Ahlgren et al'!F42+'Shares in prod syst'!$G$47*'Data from Ahlgren et al'!F46+'Shares in prod syst'!$G$48*'Data from Ahlgren et al'!F50+'Shares in prod syst'!$G$49*'Data from Ahlgren et al'!F54 -> 0 | K32: ='Shares in prod syst'!$G$46*'Data from Ahlgren et al'!G42+'Shares in prod syst'!$G$47*'Data from Ahlgren et al'!G46+'Shares in prod syst'!$G$48*'Data from Ahlgren et al'!G50+'Shares in prod syst'!$G$49*'Data from Ahlgren et al'!G54 -> 0 | L32: ='Shares in prod syst'!$G$46*'Data from Ahlgren et al'!H42+'Shares in prod syst'!$G$47*'Data from Ahlgren et al'!H46+'Shares in prod syst'!$G$48*'Data from Ahlgren et al'!H50+'Shares in prod syst'!$G$49*'Data from Ahlgren et al'!H54 -> 0.55201321 | M32: ='Shares in prod syst'!$G$46*'Data from Ahlgren et al'!I42+'Shares in prod syst'!$G$47*'Data from Ahlgren et al'!I46+'Shares in prod syst'!$G$48*'Data from Ahlgren et al'!I50+'Shares in prod syst'!$G$49*'Data from Ahlgren et al'!I54 -> 0 | N32: ='Shares in prod syst'!$G$46*'Data from Ahlgren et al'!J42+'Shares in prod syst'!$G$47*'Data from Ahlgren et al'!J46+'Shares in prod syst'!$G$48*'Data from Ahlgren et al'!J50+'Shares in prod syst'!$G$49*'Data from Ahlgren et al'!J54 -> 0 | O32: ='Shares in prod syst'!$G$46*'Data from Ahlgren et al'!K42+'Shares in prod syst'!$G$47*'Data from Ahlgren et al'!K46+'Shares in prod syst'!$G$48*'Data from Ahlgren et al'!K50+'Shares in prod syst'!$G$49*'Data from Ahlgren et al'!K54 -> 0 | ... W32: ='Shares in prod syst'!$G$46*'Data from Ahlgren et al'!S42+'Shares in prod syst'!$G$47*'Data from Ahlgren et al'!S46+'Shares in prod syst'!$G$48*'Data from Ahlgren et al'!S50+'Shares in prod syst'!$G$49*'Data from Ahlgren et al'!S54 -> 0.48
A33: A01QV | B33: Bovine muscle | C33: Meat and meat products | D33: Ireland | E33: IE | F33: CH4, fossil | G33: =SUM(H33:W33) -> 0 | H33: 0 | I33: 0 | J33: 0 | K33: 0 | L33: 0 | M33: 0 | N33: 0 | O33: 0 | P33: 0 | Q33: 0 | R33: 0 | S33: 0 | T33: 0 | U33: 0 | V33: 0 | W33: 0
A34: A01QV | B34: Bovine muscle | C34: Meat and meat products | D34: Ireland | E34: IE | F34: CH4, biogenic | G34: =SUM(H34:W34) -> 0.50625095 | H34: ='Shares in prod syst'!$G$46*'Data from Ahlgren et al'!D43+'Shares in prod syst'!$G$47*'Data from Ahlgren et al'!D47+'Shares in prod syst'!$G$48*'Data from Ahlgren et al'!D51+'Shares in prod syst'!$G$49*'Data from Ahlgren et al'!D55 -> 0 | I34: ='Shares in prod syst'!$G$46*'Data from Ahlgren et al'!E43+'Shares in prod syst'!$G$47*'Data from Ahlgren et al'!E47+'Shares in prod syst'!$G$48*'Data from Ahlgren et al'!E51+'Shares in prod syst'!$G$49*'Data from Ahlgren et al'!E55 -> 0 | J34: ='Shares in prod syst'!$G$46*'Data from Ahlgren et al'!F43+'Shares in prod syst'!$G$47*'Data from Ahlgren et al'!F47+'Shares in prod syst'!$G$48*'Data from Ahlgren et al'!F51+'Shares in prod syst'!$G$49*'Data from Ahlgren et al'!F55 -> 0 | K34: ='Shares in prod syst'!$G$46*'Data from Ahlgren et al'!G43+'Shares in prod syst'!$G$47*'Data from Ahlgren et al'!G47+'Shares in prod syst'!$G$48*'Data from Ahlgren et al'!G51+'Shares in prod syst'!$G$49*'Data from Ahlgren et al'!G55 -> 0 | L34: ='Shares in prod syst'!$G$46*'Data from Ahlgren et al'!H43+'Shares in prod syst'!$G$47*'Data from Ahlgren et al'!H47+'Shares in prod syst'!$G$48*'Data from Ahlgren et al'!H51+'Shares in prod syst'!$G$49*'Data from Ahlgren et al'!H55 -> 0 | M34: ='Shares in prod syst'!$G$46*'Data from Ahlgren et al'!I43+'Shares in prod syst'!$G$47*'Data from Ahlgren et al'!I47+'Shares in prod syst'!$G$48*'Data from Ahlgren et al'!I51+'Shares in prod syst'!$G$49*'Data from Ahlgren et al'!I55 -> 0 | N34: ='Shares in prod syst'!$G$46*'Data from Ahlgren et al'!J43+'Shares in prod syst'!$G$47*'Data from Ahlgren et al'!J47+'Shares in prod syst'!$G$48*'Data from Ahlgren et al'!J51+'Shares in prod syst'!$G$49*'Data from Ahlgren et al'!J55 -> 0 | O34: ='Shares in prod syst'!$G$46*'Data from Ahlgren et al'!K43+'Shares in prod syst'!$G$47*'Data from Ahlgren et al'!K47+'Shares in prod syst'!$G$48*'Data from Ahlgren et al'!K51+'Shares in prod syst'!$G$49*'Data from Ahlgren et al'!K55 -> 0 | ... W34: ='Shares in prod syst'!$G$46*'Data from Ahlgren et al'!S43+'Shares in prod syst'!$G$47*'Data from Ahlgren et al'!S47+'Shares in prod syst'!$G$48*'Data from Ahlgren et al'!S51+'Shares in prod syst'!$G$49*'Data from Ahlgren et al'!S55 -> 0
A35: A01QV | B35: Bovine muscle | C35: Meat and meat products | D35: Ireland | E35: IE | F35: N2O | G35: =SUM(H35:W35) -> 0.021957874 | H35: ='Shares in prod syst'!$G$46*'Data from Ahlgren et al'!D44+'Shares in prod syst'!$G$47*'Data from Ahlgren et al'!D48+'Shares in prod syst'!$G$48*'Data from Ahlgren et al'!D52+'Shares in prod syst'!$G$49*'Data from Ahlgren et al'!D56 -> 0.001685022 | I35: ='Shares in prod syst'!$G$46*'Data from Ahlgren et al'!E44+'Shares in prod syst'!$G$47*'Data from Ahlgren et al'!E48+'Shares in prod syst'!$G$48*'Data from Ahlgren et al'!E52+'Shares in prod syst'!$G$49*'Data from Ahlgren et al'!E56 -> 0 | J35: ='Shares in prod syst'!$G$46*'Data from Ahlgren et al'!F44+'Shares in prod syst'!$G$47*'Data from Ahlgren et al'!F48+'Shares in prod syst'!$G$48*'Data from Ahlgren et al'!F52+'Shares in prod syst'!$G$49*'Data from Ahlgren et al'!F56 -> 0.0086478628 | K35: ='Shares in prod syst'!$G$46*'Data from Ahlgren et al'!G44+'Shares in prod syst'!$G$47*'Data from Ahlgren et al'!G48+'Shares in prod syst'!$G$48*'Data from Ahlgren et al'!G52+'Shares in prod syst'!$G$49*'Data from Ahlgren et al'!G56 -> 0.00086478628 | L35: ='Shares in prod syst'!$G$46*'Data from Ahlgren et al'!H44+'Shares in prod syst'!$G$47*'Data from Ahlgren et al'!H48+'Shares in prod syst'!$G$48*'Data from Ahlgren et al'!H52+'Shares in prod syst'!$G$49*'Data from Ahlgren et al'!H56 -> 0 | M35: ='Shares in prod syst'!$G$46*'Data from Ahlgren et al'!I44+'Shares in prod syst'!$G$47*'Data from Ahlgren et al'!I48+'Shares in prod syst'!$G$48*'Data from Ahlgren et al'!I52+'Shares in prod syst'!$G$49*'Data from Ahlgren et al'!I56 -> 0 | N35: ='Shares in prod syst'!$G$46*'Data from Ahlgren et al'!J44+'Shares in prod syst'!$G$47*'Data from Ahlgren et al'!J48+'Shares in prod syst'!$G$48*'Data from Ahlgren et al'!J52+'Shares in prod syst'!$G$49*'Data from Ahlgren et al'!J56 -> 0 | O35: ='Shares in prod syst'!$G$46*'Data from Ahlgren et al'!K44+'Shares in prod syst'!$G$47*'Data from Ahlgren et al'!K48+'Shares in prod syst'!$G$48*'Data from Ahlgren et al'!K52+'Shares in prod syst'!$G$49*'Data from Ahlgren et al'!K56 -> 0 | ... W35: ='Shares in prod syst'!$G$46*'Data from Ahlgren et al'!S44+'Shares in prod syst'!$G$47*'Data from Ahlgren et al'!S48+'Shares in prod syst'!$G$48*'Data from Ahlgren et al'!S52+'Shares in prod syst'!$G$49*'Data from Ahlgren et al'!S56 -> 0
A36: A01QV | B36: Bovine muscle | C36: Meat and meat products | D36: Ireland | E36: IE | F36: CO2e | G36: =SUM(H36:W36) -> 22.734872 | H36: =SUMPRODUCT(H32:H35,'CF Climate'!$B$5:$B$8) -> 0.92002201 | I36: =SUMPRODUCT(I32:I35,'CF Climate'!$B$5:$B$8) -> 0 | J36: =SUMPRODUCT(J32:J35,'CF Climate'!$B$5:$B$8) -> 2.3608665 | K36: =SUMPRODUCT(K32:K35,'CF Climate'!$B$5:$B$8) -> 0.23608665 | L36: =SUMPRODUCT(L32:L35,'CF Climate'!$B$5:$B$8) -> 0.55201321 | M36: =SUMPRODUCT(M32:M35,'CF Climate'!$B$5:$B$8) -> 0 | N36: =SUMPRODUCT(N32:N35,'CF Climate'!$B$5:$B$8) -> 0 | O36: =SUMPRODUCT(O32:O35,'CF Climate'!$B$5:$B$8) -> 0 | ... W36: =SUMPRODUCT(W32:W35,'CF Climate'!$B$5:$B$8) -> 0.48
A37: A01QV | B37: Bovine muscle | C37: Meat and meat products | D37: Italy | E37: IT | F37: CO2 | G37: =SUM(H37:W37) -> 2.730235 | H37: ='Shares in prod syst'!$H$46*'Data from Ahlgren et al'!D42+'Shares in prod syst'!$H$47*'Data from Ahlgren et al'!D46+'Shares in prod syst'!$H$48*'Data from Ahlgren et al'!D50+'Shares in prod syst'!$H$49*'Data from Ahlgren et al'!D54 -> 0.42012416 | I37: ='Shares in prod syst'!$H$46*'Data from Ahlgren et al'!E42+'Shares in prod syst'!$H$47*'Data from Ahlgren et al'!E46+'Shares in prod syst'!$H$48*'Data from Ahlgren et al'!E50+'Shares in prod syst'!$H$49*'Data from Ahlgren et al'!E54 -> 0 | J37: ='Shares in prod syst'!$H$46*'Data from Ahlgren et al'!F42+'Shares in prod syst'!$H$47*'Data from Ahlgren et al'!F46+'Shares in prod syst'!$H$48*'Data from Ahlgren et al'!F50+'Shares in prod syst'!$H$49*'Data from Ahlgren et al'!F54 -> 0 | K37: ='Shares in prod syst'!$H$46*'Data from Ahlgren et al'!G42+'Shares in prod syst'!$H$47*'Data from Ahlgren et al'!G46+'Shares in prod syst'!$H$48*'Data from Ahlgren et al'!G50+'Shares in prod syst'!$H$49*'Data from Ahlgren et al'!G54 -> 0 | L37: ='Shares in prod syst'!$H$46*'Data from Ahlgren et al'!H42+'Shares in prod syst'!$H$47*'Data from Ahlgren et al'!H46+'Shares in prod syst'!$H$48*'Data from Ahlgren et al'!H50+'Shares in prod syst'!$H$49*'Data from Ahlgren et al'!H54 -> 0.504149 | M37: ='Shares in prod syst'!$H$46*'Data from Ahlgren et al'!I42+'Shares in prod syst'!$H$47*'Data from Ahlgren et al'!I46+'Shares in prod syst'!$H$48*'Data from Ahlgren et al'!I50+'Shares in prod syst'!$H$49*'Data from Ahlgren et al'!I54 -> 0 | N37: ='Shares in prod syst'!$H$46*'Data from Ahlgren et al'!J42+'Shares in prod syst'!$H$47*'Data from Ahlgren et al'!J46+'Shares in prod syst'!$H$48*'Data from Ahlgren et al'!J50+'Shares in prod syst'!$H$49*'Data from Ahlgren et al'!J54 -> 0 | O37: ='Shares in prod syst'!$H$46*'Data from Ahlgren et al'!K42+'Shares in prod syst'!$H$47*'Data from Ahlgren et al'!K46+'Shares in prod syst'!$H$48*'Data from Ahlgren et al'!K50+'Shares in prod syst'!$H$49*'Data from Ahlgren et al'!K54 -> 0 | ... W37: ='Shares in prod syst'!$H$46*'Data from Ahlgren et al'!S42+'Shares in prod syst'!$H$47*'Data from Ahlgren et al'!S46+'Shares in prod syst'!$H$48*'Data from Ahlgren et al'!S50+'Shares in prod syst'!$H$49*'Data from Ahlgren et al'!S54 -> 0.48
A38: A01QV | B38: Bovine muscle | C38: Meat and meat products | D38: Italy | E38: IT | F38: CH4, fossil | G38: =SUM(H38:W38) -> 0 | H38: 0 | I38: 0 | J38: 0 | K38: 0 | L38: 0 | M38: 0 | N38: 0 | O38: 0 | P38: 0 | Q38: 0 | R38: 0 | S38: 0 | T38: 0 | U38: 0 | V38: 0 | W38: 0
A39: A01QV | B39: Bovine muscle | C39: Meat and meat products | D39: Italy | E39: IT | F39: CH4, biogenic | G39: =SUM(H39:W39) -> 0.43385513 | H39: ='Shares in prod syst'!$H$46*'Data from Ahlgren et al'!D43+'Shares in prod syst'!$H$47*'Data from Ahlgren et al'!D47+'Shares in prod syst'!$H$48*'Data from Ahlgren et al'!D51+'Shares in prod syst'!$H$49*'Data from Ahlgren et al'!D55 -> 0 | I39: ='Shares in prod syst'!$H$46*'Data from Ahlgren et al'!E43+'Shares in prod syst'!$H$47*'Data from Ahlgren et al'!E47+'Shares in prod syst'!$H$48*'Data from Ahlgren et al'!E51+'Shares in prod syst'!$H$49*'Data from Ahlgren et al'!E55 -> 0 | J39: ='Shares in prod syst'!$H$46*'Data from Ahlgren et al'!F43+'Shares in prod syst'!$H$47*'Data from Ahlgren et al'!F47+'Shares in prod syst'!$H$48*'Data from Ahlgren et al'!F51+'Shares in prod syst'!$H$49*'Data from Ahlgren et al'!F55 -> 0 | K39: ='Shares in prod syst'!$H$46*'Data from Ahlgren et al'!G43+'Shares in prod syst'!$H$47*'Data from Ahlgren et al'!G47+'Shares in prod syst'!$H$48*'Data from Ahlgren et al'!G51+'Shares in prod syst'!$H$49*'Data from Ahlgren et al'!G55 -> 0 | L39: ='Shares in prod syst'!$H$46*'Data from Ahlgren et al'!H43+'Shares in prod syst'!$H$47*'Data from Ahlgren et al'!H47+'Shares in prod syst'!$H$48*'Data from Ahlgren et al'!H51+'Shares in prod syst'!$H$49*'Data from Ahlgren et al'!H55 -> 0 | M39: ='Shares in prod syst'!$H$46*'Data from Ahlgren et al'!I43+'Shares in prod syst'!$H$47*'Data from Ahlgren et al'!I47+'Shares in prod syst'!$H$48*'Data from Ahlgren et al'!I51+'Shares in prod syst'!$H$49*'Data from Ahlgren et al'!I55 -> 0 | N39: ='Shares in prod syst'!$H$46*'Data from Ahlgren et al'!J43+'Shares in prod syst'!$H$47*'Data from Ahlgren et al'!J47+'Shares in prod syst'!$H$48*'Data from Ahlgren et al'!J51+'Shares in prod syst'!$H$49*'Data from Ahlgren et al'!J55 -> 0 | O39: ='Shares in prod syst'!$H$46*'Data from Ahlgren et al'!K43+'Shares in prod syst'!$H$47*'Data from Ahlgren et al'!K47+'Shares in prod syst'!$H$48*'Data from Ahlgren et al'!K51+'Shares in prod syst'!$H$49*'Data from Ahlgren et al'!K55 -> 0 | ... W39: ='Shares in prod syst'!$H$46*'Data from Ahlgren et al'!S43+'Shares in prod syst'!$H$47*'Data from Ahlgren et al'!S47+'Shares in prod syst'!$H$48*'Data from Ahlgren et al'!S51+'Shares in prod syst'!$H$49*'Data from Ahlgren et al'!S55 -> 0
A40: A01QV | B40: Bovine muscle | C40: Meat and meat products | D40: Italy | E40: IT | F40: N2O | G40: =SUM(H40:W40) -> 0.018993943 | H40: ='Shares in prod syst'!$H$46*'Data from Ahlgren et al'!D44+'Shares in prod syst'!$H$47*'Data from Ahlgren et al'!D48+'Shares in prod syst'!$H$48*'Data from Ahlgren et al'!D52+'Shares in prod syst'!$H$49*'Data from Ahlgren et al'!D56 -> 0.0015389164 | I40: ='Shares in prod syst'!$H$46*'Data from Ahlgren et al'!E44+'Shares in prod syst'!$H$47*'Data from Ahlgren et al'!E48+'Shares in prod syst'!$H$48*'Data from Ahlgren et al'!E52+'Shares in prod syst'!$H$49*'Data from Ahlgren et al'!E56 -> 0 | J40: ='Shares in prod syst'!$H$46*'Data from Ahlgren et al'!F44+'Shares in prod syst'!$H$47*'Data from Ahlgren et al'!F48+'Shares in prod syst'!$H$48*'Data from Ahlgren et al'!F52+'Shares in prod syst'!$H$49*'Data from Ahlgren et al'!F56 -> 0.0077056093 | K40: ='Shares in prod syst'!$H$46*'Data from Ahlgren et al'!G44+'Shares in prod syst'!$H$47*'Data from Ahlgren et al'!G48+'Shares in prod syst'!$H$48*'Data from Ahlgren et al'!G52+'Shares in prod syst'!$H$49*'Data from Ahlgren et al'!G56 -> 0.00077056093 | L40: ='Shares in prod syst'!$H$46*'Data from Ahlgren et al'!H44+'Shares in prod syst'!$H$47*'Data from Ahlgren et al'!H48+'Shares in prod syst'!$H$48*'Data from Ahlgren et al'!H52+'Shares in prod syst'!$H$49*'Data from Ahlgren et al'!H56 -> 0 | M40: ='Shares in prod syst'!$H$46*'Data from Ahlgren et al'!I44+'Shares in prod syst'!$H$47*'Data from Ahlgren et al'!I48+'Shares in prod syst'!$H$48*'Data from Ahlgren et al'!I52+'Shares in prod syst'!$H$49*'Data from Ahlgren et al'!I56 -> 0 | N40: ='Shares in prod syst'!$H$46*'Data from Ahlgren et al'!J44+'Shares in prod syst'!$H$47*'Data from Ahlgren et al'!J48+'Shares in prod syst'!$H$48*'Data from Ahlgren et al'!J52+'Shares in prod syst'!$H$49*'Data from Ahlgren et al'!J56 -> 0 | O40: ='Shares in prod syst'!$H$46*'Data from Ahlgren et al'!K44+'Shares in prod syst'!$H$47*'Data from Ahlgren et al'!K48+'Shares in prod syst'!$H$48*'Data from Ahlgren et al'!K52+'Shares in prod syst'!$H$49*'Data from Ahlgren et al'!K56 -> 0 | ... W40: ='Shares in prod syst'!$H$46*'Data from Ahlgren et al'!S44+'Shares in prod syst'!$H$47*'Data from Ahlgren et al'!S48+'Shares in prod syst'!$H$48*'Data from Ahlgren et al'!S52+'Shares in prod syst'!$H$49*'Data from Ahlgren et al'!S56 -> 0
A41: A01QV | B41: Bovine muscle | C41: Meat and meat products | D41: Italy | E41: IT | F41: CO2e | G41: =SUM(H41:W41) -> 19.62967 | H41: =SUMPRODUCT(H37:H40,'CF Climate'!$B$5:$B$8) -> 0.84024833 | I41: =SUMPRODUCT(I37:I40,'CF Climate'!$B$5:$B$8) -> 0 | J41: =SUMPRODUCT(J37:J40,'CF Climate'!$B$5:$B$8) -> 2.1036313 | K41: =SUMPRODUCT(K37:K40,'CF Climate'!$B$5:$B$8) -> 0.21036313 | L41: =SUMPRODUCT(L37:L40,'CF Climate'!$B$5:$B$8) -> 0.504149 | M41: =SUMPRODUCT(M37:M40,'CF Climate'!$B$5:$B$8) -> 0 | N41: =SUMPRODUCT(N37:N40,'CF Climate'!$B$5:$B$8) -> 0 | O41: =SUMPRODUCT(O37:O40,'CF Climate'!$B$5:$B$8) -> 0 | ... W41: =SUMPRODUCT(W37:W40,'CF Climate'!$B$5:$B$8) -> 0.48
A42: A01QV | B42: Bovine muscle | C42: Meat and meat products | D42: Netherland | E42: NL | F42: CO2 | G42: =SUM(H42:W42) -> 2.2456555 | H42: ='Shares in prod syst'!$I$46*'Data from Ahlgren et al'!D42+'Shares in prod syst'!$I$47*'Data from Ahlgren et al'!D46+'Shares in prod syst'!$I$48*'Data from Ahlgren et al'!D50+'Shares in prod syst'!$I$49*'Data from Ahlgren et al'!D54 -> 0.43451797 | I42: ='Shares in prod syst'!$I$46*'Data from Ahlgren et al'!E42+'Shares in prod syst'!$I$47*'Data from Ahlgren et al'!E46+'Shares in prod syst'!$I$48*'Data from Ahlgren et al'!E50+'Shares in prod syst'!$I$49*'Data from Ahlgren et al'!E54 -> 0 | J42: ='Shares in prod syst'!$I$46*'Data from Ahlgren et al'!F42+'Shares in prod syst'!$I$47*'Data from Ahlgren et al'!F46+'Shares in prod syst'!$I$48*'Data from Ahlgren et al'!F50+'Shares in prod syst'!$I$49*'Data from Ahlgren et al'!F54 -> 0 | K42: ='Shares in prod syst'!$I$46*'Data from Ahlgren et al'!G42+'Shares in prod syst'!$I$47*'Data from Ahlgren et al'!G46+'Shares in prod syst'!$I$48*'Data from Ahlgren et al'!G50+'Shares in prod syst'!$I$49*'Data from Ahlgren et al'!G54 -> 0 | L42: ='Shares in prod syst'!$I$46*'Data from Ahlgren et al'!H42+'Shares in prod syst'!$I$47*'Data from Ahlgren et al'!H46+'Shares in prod syst'!$I$48*'Data from Ahlgren et al'!H50+'Shares in prod syst'!$I$49*'Data from Ahlgren et al'!H54 -> 0.52142156 | M42: ='Shares in prod syst'!$I$46*'Data from Ahlgren et al'!I42+'Shares in prod syst'!$I$47*'Data from Ahlgren et al'!I46+'Shares in prod syst'!$I$48*'Data from Ahlgren et al'!I50+'Shares in prod syst'!$I$49*'Data from Ahlgren et al'!I54 -> 0 | N42: ='Shares in prod syst'!$I$46*'Data from Ahlgren et al'!J42+'Shares in prod syst'!$I$47*'Data from Ahlgren et al'!J46+'Shares in prod syst'!$I$48*'Data from Ahlgren et al'!J50+'Shares in prod syst'!$I$49*'Data from Ahlgren et al'!J54 -> 0 | O42: ='Shares in prod syst'!$I$46*'Data from Ahlgren et al'!K42+'Shares in prod syst'!$I$47*'Data from Ahlgren et al'!K46+'Shares in prod syst'!$I$48*'Data from Ahlgren et al'!K50+'Shares in prod syst'!$I$49*'Data from Ahlgren et al'!K54 -> 0 | ... W42: ='Shares in prod syst'!$I$46*'Data from Ahlgren et al'!S42+'Shares in prod syst'!$I$47*'Data from Ahlgren et al'!S46+'Shares in prod syst'!$I$48*'Data from Ahlgren et al'!S50+'Shares in prod syst'!$I$49*'Data from Ahlgren et al'!S54 -> 0.48
A43: A01QV | B43: Bovine muscle | C43: Meat and meat products | D43: Netherland | E43: NL | F43: CH4, fossil | G43: =SUM(H43:W43) -> 0 | H43: 0 | I43: 0 | J43: 0 | K43: 0 | L43: 0 | M43: 0 | N43: 0 | O43: 0 | P43: 0 | Q43: 0 | R43: 0 | S43: 0 | T43: 0 | U43: 0 | V43: 0 | W43: 0
A44: A01QV | B44: Bovine muscle | C44: Meat and meat products | D44: Netherland | E44: NL | F44: CH4, biogenic | G44: =SUM(H44:W44) -> 0.29716054 | H44: ='Shares in prod syst'!$I$46*'Data from Ahlgren et al'!D43+'Shares in prod syst'!$I$47*'Data from Ahlgren et al'!D47+'Shares in prod syst'!$I$48*'Data from Ahlgren et al'!D51+'Shares in prod syst'!$I$49*'Data from Ahlgren et al'!D55 -> 0 | I44: ='Shares in prod syst'!$I$46*'Data from Ahlgren et al'!E43+'Shares in prod syst'!$I$47*'Data from Ahlgren et al'!E47+'Shares in prod syst'!$I$48*'Data from Ahlgren et al'!E51+'Shares in prod syst'!$I$49*'Data from Ahlgren et al'!E55 -> 0 | J44: ='Shares in prod syst'!$I$46*'Data from Ahlgren et al'!F43+'Shares in prod syst'!$I$47*'Data from Ahlgren et al'!F47+'Shares in prod syst'!$I$48*'Data from Ahlgren et al'!F51+'Shares in prod syst'!$I$49*'Data from Ahlgren et al'!F55 -> 0 | K44: ='Shares in prod syst'!$I$46*'Data from Ahlgren et al'!G43+'Shares in prod syst'!$I$47*'Data from Ahlgren et al'!G47+'Shares in prod syst'!$I$48*'Data from Ahlgren et al'!G51+'Shares in prod syst'!$I$49*'Data from Ahlgren et al'!G55 -> 0 | L44: ='Shares in prod syst'!$I$46*'Data from Ahlgren et al'!H43+'Shares in prod syst'!$I$47*'Data from Ahlgren et al'!H47+'Shares in prod syst'!$I$48*'Data from Ahlgren et al'!H51+'Shares in prod syst'!$I$49*'Data from Ahlgren et al'!H55 -> 0 | M44: ='Shares in prod syst'!$I$46*'Data from Ahlgren et al'!I43+'Shares in prod syst'!$I$47*'Data from Ahlgren et al'!I47+'Shares in prod syst'!$I$48*'Data from Ahlgren et al'!I51+'Shares in prod syst'!$I$49*'Data from Ahlgren et al'!I55 -> 0 | N44: ='Shares in prod syst'!$I$46*'Data from Ahlgren et al'!J43+'Shares in prod syst'!$I$47*'Data from Ahlgren et al'!J47+'Shares in prod syst'!$I$48*'Data from Ahlgren et al'!J51+'Shares in prod syst'!$I$49*'Data from Ahlgren et al'!J55 -> 0 | O44: ='Shares in prod syst'!$I$46*'Data from Ahlgren et al'!K43+'Shares in prod syst'!$I$47*'Data from Ahlgren et al'!K47+'Shares in prod syst'!$I$48*'Data from Ahlgren et al'!K51+'Shares in prod syst'!$I$49*'Data from Ahlgren et al'!K55 -> 0 | ... W44: ='Shares in prod syst'!$I$46*'Data from Ahlgren et al'!S43+'Shares in prod syst'!$I$47*'Data from Ahlgren et al'!S47+'Shares in prod syst'!$I$48*'Data from Ahlgren et al'!S51+'Shares in prod syst'!$I$49*'Data from Ahlgren et al'!S55 -> 0
A45: A01QV | B45: Bovine muscle | C45: Meat and meat products | D45: Netherland | E45: NL | F45: N2O | G45: =SUM(H45:W45) -> 0.014173049 | H45: ='Shares in prod syst'!$I$46*'Data from Ahlgren et al'!D44+'Shares in prod syst'!$I$47*'Data from Ahlgren et al'!D48+'Shares in prod syst'!$I$48*'Data from Ahlgren et al'!D52+'Shares in prod syst'!$I$49*'Data from Ahlgren et al'!D56 -> 0.0015916409 | I45: ='Shares in prod syst'!$I$46*'Data from Ahlgren et al'!E44+'Shares in prod syst'!$I$47*'Data from Ahlgren et al'!E48+'Shares in prod syst'!$I$48*'Data from Ahlgren et al'!E52+'Shares in prod syst'!$I$49*'Data from Ahlgren et al'!E56 -> 0 | J45: ='Shares in prod syst'!$I$46*'Data from Ahlgren et al'!F44+'Shares in prod syst'!$I$47*'Data from Ahlgren et al'!F48+'Shares in prod syst'!$I$48*'Data from Ahlgren et al'!F52+'Shares in prod syst'!$I$49*'Data from Ahlgren et al'!F56 -> 0.006272715 | K45: ='Shares in prod syst'!$I$46*'Data from Ahlgren et al'!G44+'Shares in prod syst'!$I$47*'Data from Ahlgren et al'!G48+'Shares in prod syst'!$I$48*'Data from Ahlgren et al'!G52+'Shares in prod syst'!$I$49*'Data from Ahlgren et al'!G56 -> 0.0006272715 | L45: ='Shares in prod syst'!$I$46*'Data from Ahlgren et al'!H44+'Shares in prod syst'!$I$47*'Data from Ahlgren et al'!H48+'Shares in prod syst'!$I$48*'Data from Ahlgren et al'!H52+'Shares in prod syst'!$I$49*'Data from Ahlgren et al'!H56 -> 0 | M45: ='Shares in prod syst'!$I$46*'Data from Ahlgren et al'!I44+'Shares in prod syst'!$I$47*'Data from Ahlgren et al'!I48+'Shares in prod syst'!$I$48*'Data from Ahlgren et al'!I52+'Shares in prod syst'!$I$49*'Data from Ahlgren et al'!I56 -> 0 | N45: ='Shares in prod syst'!$I$46*'Data from Ahlgren et al'!J44+'Shares in prod syst'!$I$47*'Data from Ahlgren et al'!J48+'Shares in prod syst'!$I$48*'Data from Ahlgren et al'!J52+'Shares in prod syst'!$I$49*'Data from Ahlgren et al'!J56 -> 0 | O45: ='Shares in prod syst'!$I$46*'Data from Ahlgren et al'!K44+'Shares in prod syst'!$I$47*'Data from Ahlgren et al'!K48+'Shares in prod syst'!$I$48*'Data from Ahlgren et al'!K52+'Shares in prod syst'!$I$49*'Data from Ahlgren et al'!K56 -> 0 | ... W45: ='Shares in prod syst'!$I$46*'Data from Ahlgren et al'!S44+'Shares in prod syst'!$I$47*'Data from Ahlgren et al'!S48+'Shares in prod syst'!$I$48*'Data from Ahlgren et al'!S52+'Shares in prod syst'!$I$49*'Data from Ahlgren et al'!S56 -> 0
A46: A01QV | B46: Bovine muscle | C46: Meat and meat products | D46: Netherland | E46: NL | F46: CO2e | G46: =SUM(H46:W46) -> 14.138232 | H46: =SUMPRODUCT(H42:H45,'CF Climate'!$B$5:$B$8) -> 0.86903594 | I46: =SUMPRODUCT(I42:I45,'CF Climate'!$B$5:$B$8) -> 0 | J46: =SUMPRODUCT(J42:J45,'CF Climate'!$B$5:$B$8) -> 1.7124512 | K46: =SUMPRODUCT(K42:K45,'CF Climate'!$B$5:$B$8) -> 0.17124512 | L46: =SUMPRODUCT(L42:L45,'CF Climate'!$B$5:$B$8) -> 0.52142156 | M46: =SUMPRODUCT(M42:M45,'CF Climate'!$B$5:$B$8) -> 0 | N46: =SUMPRODUCT(N42:N45,'CF Climate'!$B$5:$B$8) -> 0 | O46: =SUMPRODUCT(O42:O45,'CF Climate'!$B$5:$B$8) -> 0 | ... W46: =SUMPRODUCT(W42:W45,'CF Climate'!$B$5:$B$8) -> 0.48
A47: A01QV | B47: Bovine muscle | C47: Meat and meat products | D47: Poland | E47: PL | F47: CO2 | G47: =SUM(H47:W47) -> 2.5870781 | H47: ='Shares in prod syst'!$J$46*'Data from Ahlgren et al'!D42+'Shares in prod syst'!$J$47*'Data from Ahlgren et al'!D46+'Shares in prod syst'!$J$48*'Data from Ahlgren et al'!D50+'Shares in prod syst'!$J$49*'Data from Ahlgren et al'!D54 -> 0.38875492 | I47: ='Shares in prod syst'!$J$46*'Data from Ahlgren et al'!E42+'Shares in prod syst'!$J$47*'Data from Ahlgren et al'!E46+'Shares in prod syst'!$J$48*'Data from Ahlgren et al'!E50+'Shares in prod syst'!$J$49*'Data from Ahlgren et al'!E54 -> 0 | J47: ='Shares in prod syst'!$J$46*'Data from Ahlgren et al'!F42+'Shares in prod syst'!$J$47*'Data from Ahlgren et al'!F46+'Shares in prod syst'!$J$48*'Data from Ahlgren et al'!F50+'Shares in prod syst'!$J$49*'Data from Ahlgren et al'!F54 -> 0 | K47: ='Shares in prod syst'!$J$46*'Data from Ahlgren et al'!G42+'Shares in prod syst'!$J$47*'Data from Ahlgren et al'!G46+'Shares in prod syst'!$J$48*'Data from Ahlgren et al'!G50+'Shares in prod syst'!$J$49*'Data from Ahlgren et al'!G54 -> 0 | L47: ='Shares in prod syst'!$J$46*'Data from Ahlgren et al'!H42+'Shares in prod syst'!$J$47*'Data from Ahlgren et al'!H46+'Shares in prod syst'!$J$48*'Data from Ahlgren et al'!H50+'Shares in prod syst'!$J$49*'Data from Ahlgren et al'!H54 -> 0.46650591 | M47: ='Shares in prod syst'!$J$46*'Data from Ahlgren et al'!I42+'Shares in prod syst'!$J$47*'Data from Ahlgren et al'!I46+'Shares in prod syst'!$J$48*'Data from Ahlgren et al'!I50+'Shares in prod syst'!$J$49*'Data from Ahlgren et al'!I54 -> 0 | N47: ='Shares in prod syst'!$J$46*'Data from Ahlgren et al'!J42+'Shares in prod syst'!$J$47*'Data from Ahlgren et al'!J46+'Shares in prod syst'!$J$48*'Data from Ahlgren et al'!J50+'Shares in prod syst'!$J$49*'Data from Ahlgren et al'!J54 -> 0 | O47: ='Shares in prod syst'!$J$46*'Data from Ahlgren et al'!K42+'Shares in prod syst'!$J$47*'Data from Ahlgren et al'!K46+'Shares in prod syst'!$J$48*'Data from Ahlgren et al'!K50+'Shares in prod syst'!$J$49*'Data from Ahlgren et al'!K54 -> 0 | ... W47: ='Shares in prod syst'!$J$46*'Data from Ahlgren et al'!S42+'Shares in prod syst'!$J$47*'Data from Ahlgren et al'!S46+'Shares in prod syst'!$J$48*'Data from Ahlgren et al'!S50+'Shares in prod syst'!$J$49*'Data from Ahlgren et al'!S54 -> 0.48
A48: A01QV | B48: Bovine muscle | C48: Meat and meat products | D48: Poland | E48: PL | F48: CH4, fossil | G48: =SUM(H48:W48) -> 0 | H48: 0 | I48: 0 | J48: 0 | K48: 0 | L48: 0 | M48: 0 | N48: 0 | O48: 0 | P48: 0 | Q48: 0 | R48: 0 | S48: 0 | T48: 0 | U48: 0 | V48: 0 | W48: 0
A49: A01QV | B49: Bovine muscle | C49: Meat and meat products | D49: Poland | E49: PL | F49: CH4, biogenic | G49: =SUM(H49:W49) -> 0.41048913 | H49: ='Shares in prod syst'!$J$46*'Data from Ahlgren et al'!D43+'Shares in prod syst'!$J$47*'Data from Ahlgren et al'!D47+'Shares in prod syst'!$J$48*'Data from Ahlgren et al'!D51+'Shares in prod syst'!$J$49*'Data from Ahlgren et al'!D55 -> 0 | I49: ='Shares in prod syst'!$J$46*'Data from Ahlgren et al'!E43+'Shares in prod syst'!$J$47*'Data from Ahlgren et al'!E47+'Shares in prod syst'!$J$48*'Data from Ahlgren et al'!E51+'Shares in prod syst'!$J$49*'Data from Ahlgren et al'!E55 -> 0 | J49: ='Shares in prod syst'!$J$46*'Data from Ahlgren et al'!F43+'Shares in prod syst'!$J$47*'Data from Ahlgren et al'!F47+'Shares in prod syst'!$J$48*'Data from Ahlgren et al'!F51+'Shares in prod syst'!$J$49*'Data from Ahlgren et al'!F55 -> 0 | K49: ='Shares in prod syst'!$J$46*'Data from Ahlgren et al'!G43+'Shares in prod syst'!$J$47*'Data from Ahlgren et al'!G47+'Shares in prod syst'!$J$48*'Data from Ahlgren et al'!G51+'Shares in prod syst'!$J$49*'Data from Ahlgren et al'!G55 -> 0 | L49: ='Shares in prod syst'!$J$46*'Data from Ahlgren et al'!H43+'Shares in prod syst'!$J$47*'Data from Ahlgren et al'!H47+'Shares in prod syst'!$J$48*'Data from Ahlgren et al'!H51+'Shares in prod syst'!$J$49*'Data from Ahlgren et al'!H55 -> 0 | M49: ='Shares in prod syst'!$J$46*'Data from Ahlgren et al'!I43+'Shares in prod syst'!$J$47*'Data from Ahlgren et al'!I47+'Shares in prod syst'!$J$48*'Data from Ahlgren et al'!I51+'Shares in prod syst'!$J$49*'Data from Ahlgren et al'!I55 -> 0 | N49: ='Shares in prod syst'!$J$46*'Data from Ahlgren et al'!J43+'Shares in prod syst'!$J$47*'Data from Ahlgren et al'!J47+'Shares in prod syst'!$J$48*'Data from Ahlgren et al'!J51+'Shares in prod syst'!$J$49*'Data from Ahlgren et al'!J55 -> 0 | O49: ='Shares in prod syst'!$J$46*'Data from Ahlgren et al'!K43+'Shares in prod syst'!$J$47*'Data from Ahlgren et al'!K47+'Shares in prod syst'!$J$48*'Data from Ahlgren et al'!K51+'Shares in prod syst'!$J$49*'Data from Ahlgren et al'!K55 -> 0 | ... W49: ='Shares in prod syst'!$J$46*'Data from Ahlgren et al'!S43+'Shares in prod syst'!$J$47*'Data from Ahlgren et al'!S47+'Shares in prod syst'!$J$48*'Data from Ahlgren et al'!S51+'Shares in prod syst'!$J$49*'Data from Ahlgren et al'!S55 -> 0
A50: A01QV | B50: Bovine muscle | C50: Meat and meat products | D50: Poland | E50: PL | F50: N2O | G50: =SUM(H50:W50) -> 0.017877437 | H50: ='Shares in prod syst'!$J$46*'Data from Ahlgren et al'!D44+'Shares in prod syst'!$J$47*'Data from Ahlgren et al'!D48+'Shares in prod syst'!$J$48*'Data from Ahlgren et al'!D52+'Shares in prod syst'!$J$49*'Data from Ahlgren et al'!D56 -> 0.0014240107 | I50: ='Shares in prod syst'!$J$46*'Data from Ahlgren et al'!E44+'Shares in prod syst'!$J$47*'Data from Ahlgren et al'!E48+'Shares in prod syst'!$J$48*'Data from Ahlgren et al'!E52+'Shares in prod syst'!$J$49*'Data from Ahlgren et al'!E56 -> 0 | J50: ='Shares in prod syst'!$J$46*'Data from Ahlgren et al'!F44+'Shares in prod syst'!$J$47*'Data from Ahlgren et al'!F48+'Shares in prod syst'!$J$48*'Data from Ahlgren et al'!F52+'Shares in prod syst'!$J$49*'Data from Ahlgren et al'!F56 -> 0.0073301088 | K50: ='Shares in prod syst'!$J$46*'Data from Ahlgren et al'!G44+'Shares in prod syst'!$J$47*'Data from Ahlgren et al'!G48+'Shares in prod syst'!$J$48*'Data from Ahlgren et al'!G52+'Shares in prod syst'!$J$49*'Data from Ahlgren et al'!G56 -> 0.00073301088 | L50: ='Shares in prod syst'!$J$46*'Data from Ahlgren et al'!H44+'Shares in prod syst'!$J$47*'Data from Ahlgren et al'!H48+'Shares in prod syst'!$J$48*'Data from Ahlgren et al'!H52+'Shares in prod syst'!$J$49*'Data from Ahlgren et al'!H56 -> 0 | M50: ='Shares in prod syst'!$J$46*'Data from Ahlgren et al'!I44+'Shares in prod syst'!$J$47*'Data from Ahlgren et al'!I48+'Shares in prod syst'!$J$48*'Data from Ahlgren et al'!I52+'Shares in prod syst'!$J$49*'Data from Ahlgren et al'!I56 -> 0 | N50: ='Shares in prod syst'!$J$46*'Data from Ahlgren et al'!J44+'Shares in prod syst'!$J$47*'Data from Ahlgren et al'!J48+'Shares in prod syst'!$J$48*'Data from Ahlgren et al'!J52+'Shares in prod syst'!$J$49*'Data from Ahlgren et al'!J56 -> 0 | O50: ='Shares in prod syst'!$J$46*'Data from Ahlgren et al'!K44+'Shares in prod syst'!$J$47*'Data from Ahlgren et al'!K48+'Shares in prod syst'!$J$48*'Data from Ahlgren et al'!K52+'Shares in prod syst'!$J$49*'Data from Ahlgren et al'!K56 -> 0 | ... W50: ='Shares in prod syst'!$J$46*'Data from Ahlgren et al'!S44+'Shares in prod syst'!$J$47*'Data from Ahlgren et al'!S48+'Shares in prod syst'!$J$48*'Data from Ahlgren et al'!S52+'Shares in prod syst'!$J$49*'Data from Ahlgren et al'!S56 -> 0
A51: A01QV | B51: Bovine muscle | C51: Meat and meat products | D51: Poland | E51: PL | F51: CO2e | G51: =SUM(H51:W51) -> 18.550825 | H51: =SUMPRODUCT(H47:H50,'CF Climate'!$B$5:$B$8) -> 0.77750984 | I51: =SUMPRODUCT(I47:I50,'CF Climate'!$B$5:$B$8) -> 0 | J51: =SUMPRODUCT(J47:J50,'CF Climate'!$B$5:$B$8) -> 2.0011197 | K51: =SUMPRODUCT(K47:K50,'CF Climate'!$B$5:$B$8) -> 0.20011197 | L51: =SUMPRODUCT(L47:L50,'CF Climate'!$B$5:$B$8) -> 0.46650591 | M51: =SUMPRODUCT(M47:M50,'CF Climate'!$B$5:$B$8) -> 0 | N51: =SUMPRODUCT(N47:N50,'CF Climate'!$B$5:$B$8) -> 0 | O51: =SUMPRODUCT(O47:O50,'CF Climate'!$B$5:$B$8) -> 0 | ... W51: =SUMPRODUCT(W47:W50,'CF Climate'!$B$5:$B$8) -> 0.48
A52: A01QV | B52: Bovine muscle | C52: Meat and meat products | D52: Spain | E52: ES | F52: CO2 | G52: =SUM(H52:W52) -> 3.0552313 | H52: ='Shares in prod syst'!$K$46*'Data from Ahlgren et al'!D42+'Shares in prod syst'!$K$47*'Data from Ahlgren et al'!D46+'Shares in prod syst'!$K$48*'Data from Ahlgren et al'!D50+'Shares in prod syst'!$K$49*'Data from Ahlgren et al'!D54 -> 0.49153648 | I52: ='Shares in prod syst'!$K$46*'Data from Ahlgren et al'!E42+'Shares in prod syst'!$K$47*'Data from Ahlgren et al'!E46+'Shares in prod syst'!$K$48*'Data from Ahlgren et al'!E50+'Shares in prod syst'!$K$49*'Data from Ahlgren et al'!E54 -> 0 | J52: ='Shares in prod syst'!$K$46*'Data from Ahlgren et al'!F42+'Shares in prod syst'!$K$47*'Data from Ahlgren et al'!F46+'Shares in prod syst'!$K$48*'Data from Ahlgren et al'!F50+'Shares in prod syst'!$K$49*'Data from Ahlgren et al'!F54 -> 0 | K52: ='Shares in prod syst'!$K$46*'Data from Ahlgren et al'!G42+'Shares in prod syst'!$K$47*'Data from Ahlgren et al'!G46+'Shares in prod syst'!$K$48*'Data from Ahlgren et al'!G50+'Shares in prod syst'!$K$49*'Data from Ahlgren et al'!G54 -> 0 | L52: ='Shares in prod syst'!$K$46*'Data from Ahlgren et al'!H42+'Shares in prod syst'!$K$47*'Data from Ahlgren et al'!H46+'Shares in prod syst'!$K$48*'Data from Ahlgren et al'!H50+'Shares in prod syst'!$K$49*'Data from Ahlgren et al'!H54 -> 0.58984378 | M52: ='Shares in prod syst'!$K$46*'Data from Ahlgren et al'!I42+'Shares in prod syst'!$K$47*'Data from Ahlgren et al'!I46+'Shares in prod syst'!$K$48*'Data from Ahlgren et al'!I50+'Shares in prod syst'!$K$49*'Data from Ahlgren et al'!I54 -> 0 | N52: ='Shares in prod syst'!$K$46*'Data from Ahlgren et al'!J42+'Shares in prod syst'!$K$47*'Data from Ahlgren et al'!J46+'Shares in prod syst'!$K$48*'Data from Ahlgren et al'!J50+'Shares in prod syst'!$K$49*'Data from Ahlgren et al'!J54 -> 0 | O52: ='Shares in prod syst'!$K$46*'Data from Ahlgren et al'!K42+'Shares in prod syst'!$K$47*'Data from Ahlgren et al'!K46+'Shares in prod syst'!$K$48*'Data from Ahlgren et al'!K50+'Shares in prod syst'!$K$49*'Data from Ahlgren et al'!K54 -> 0 | ... W52: ='Shares in prod syst'!$K$46*'Data from Ahlgren et al'!S42+'Shares in prod syst'!$K$47*'Data from Ahlgren et al'!S46+'Shares in prod syst'!$K$48*'Data from Ahlgren et al'!S50+'Shares in prod syst'!$K$49*'Data from Ahlgren et al'!S54 -> 0.48
A53: A01QV | B53: Bovine muscle | C53: Meat and meat products | D53: Spain | E53: ES | F53: CH4, fossil | G53: =SUM(H53:W53) -> 0 | H53: 0 | I53: 0 | J53: 0 | K53: 0 | L53: 0 | M53: 0 | N53: 0 | O53: 0 | P53: 0 | Q53: 0 | R53: 0 | S53: 0 | T53: 0 | U53: 0 | V53: 0 | W53: 0
A54: A01QV | B54: Bovine muscle | C54: Meat and meat products | D54: Spain | E54: ES | F54: CH4, biogenic | G54: =SUM(H54:W54) -> 0.48680651 | H54: ='Shares in prod syst'!$K$46*'Data from Ahlgren et al'!D43+'Shares in prod syst'!$K$47*'Data from Ahlgren et al'!D47+'Shares in prod syst'!$K$48*'Data from Ahlgren et al'!D51+'Shares in prod syst'!$K$49*'Data from Ahlgren et al'!D55 -> 0 | I54: ='Shares in prod syst'!$K$46*'Data from Ahlgren et al'!E43+'Shares in prod syst'!$K$47*'Data from Ahlgren et al'!E47+'Shares in prod syst'!$K$48*'Data from Ahlgren et al'!E51+'Shares in prod syst'!$K$49*'Data from Ahlgren et al'!E55 -> 0 | J54: ='Shares in prod syst'!$K$46*'Data from Ahlgren et al'!F43+'Shares in prod syst'!$K$47*'Data from Ahlgren et al'!F47+'Shares in prod syst'!$K$48*'Data from Ahlgren et al'!F51+'Shares in prod syst'!$K$49*'Data from Ahlgren et al'!F55 -> 0 | K54: ='Shares in prod syst'!$K$46*'Data from Ahlgren et al'!G43+'Shares in prod syst'!$K$47*'Data from Ahlgren et al'!G47+'Shares in prod syst'!$K$48*'Data from Ahlgren et al'!G51+'Shares in prod syst'!$K$49*'Data from Ahlgren et al'!G55 -> 0 | L54: ='Shares in prod syst'!$K$46*'Data from Ahlgren et al'!H43+'Shares in prod syst'!$K$47*'Data from Ahlgren et al'!H47+'Shares in prod syst'!$K$48*'Data from Ahlgren et al'!H51+'Shares in prod syst'!$K$49*'Data from Ahlgren et al'!H55 -> 0 | M54: ='Shares in prod syst'!$K$46*'Data from Ahlgren et al'!I43+'Shares in prod syst'!$K$47*'Data from Ahlgren et al'!I47+'Shares in prod syst'!$K$48*'Data from Ahlgren et al'!I51+'Shares in prod syst'!$K$49*'Data from Ahlgren et al'!I55 -> 0 | N54: ='Shares in prod syst'!$K$46*'Data from Ahlgren et al'!J43+'Shares in prod syst'!$K$47*'Data from Ahlgren et al'!J47+'Shares in prod syst'!$K$48*'Data from Ahlgren et al'!J51+'Shares in prod syst'!$K$49*'Data from Ahlgren et al'!J55 -> 0 | O54: ='Shares in prod syst'!$K$46*'Data from Ahlgren et al'!K43+'Shares in prod syst'!$K$47*'Data from Ahlgren et al'!K47+'Shares in prod syst'!$K$48*'Data from Ahlgren et al'!K51+'Shares in prod syst'!$K$49*'Data from Ahlgren et al'!K55 -> 0 | ... W54: ='Shares in prod syst'!$K$46*'Data from Ahlgren et al'!S43+'Shares in prod syst'!$K$47*'Data from Ahlgren et al'!S47+'Shares in prod syst'!$K$48*'Data from Ahlgren et al'!S51+'Shares in prod syst'!$K$49*'Data from Ahlgren et al'!S55 -> 0
A55: A01QV | B55: Bovine muscle | C55: Meat and meat products | D55: Spain | E55: ES | F55: N2O | G55: =SUM(H55:W55) -> 0.021526939 | H55: ='Shares in prod syst'!$K$46*'Data from Ahlgren et al'!D44+'Shares in prod syst'!$K$47*'Data from Ahlgren et al'!D48+'Shares in prod syst'!$K$48*'Data from Ahlgren et al'!D52+'Shares in prod syst'!$K$49*'Data from Ahlgren et al'!D56 -> 0.0018004999 | I55: ='Shares in prod syst'!$K$46*'Data from Ahlgren et al'!E44+'Shares in prod syst'!$K$47*'Data from Ahlgren et al'!E48+'Shares in prod syst'!$K$48*'Data from Ahlgren et al'!E52+'Shares in prod syst'!$K$49*'Data from Ahlgren et al'!E56 -> 0 | J55: ='Shares in prod syst'!$K$46*'Data from Ahlgren et al'!F44+'Shares in prod syst'!$K$47*'Data from Ahlgren et al'!F48+'Shares in prod syst'!$K$48*'Data from Ahlgren et al'!F52+'Shares in prod syst'!$K$49*'Data from Ahlgren et al'!F56 -> 0.0085578095 | K55: ='Shares in prod syst'!$K$46*'Data from Ahlgren et al'!G44+'Shares in prod syst'!$K$47*'Data from Ahlgren et al'!G48+'Shares in prod syst'!$K$48*'Data from Ahlgren et al'!G52+'Shares in prod syst'!$K$49*'Data from Ahlgren et al'!G56 -> 0.00085578095 | L55: ='Shares in prod syst'!$K$46*'Data from Ahlgren et al'!H44+'Shares in prod syst'!$K$47*'Data from Ahlgren et al'!H48+'Shares in prod syst'!$K$48*'Data from Ahlgren et al'!H52+'Shares in prod syst'!$K$49*'Data from Ahlgren et al'!H56 -> 0 | M55: ='Shares in prod syst'!$K$46*'Data from Ahlgren et al'!I44+'Shares in prod syst'!$K$47*'Data from Ahlgren et al'!I48+'Shares in prod syst'!$K$48*'Data from Ahlgren et al'!I52+'Shares in prod syst'!$K$49*'Data from Ahlgren et al'!I56 -> 0 | N55: ='Shares in prod syst'!$K$46*'Data from Ahlgren et al'!J44+'Shares in prod syst'!$K$47*'Data from Ahlgren et al'!J48+'Shares in prod syst'!$K$48*'Data from Ahlgren et al'!J52+'Shares in prod syst'!$K$49*'Data from Ahlgren et al'!J56 -> 0 | O55: ='Shares in prod syst'!$K$46*'Data from Ahlgren et al'!K44+'Shares in prod syst'!$K$47*'Data from Ahlgren et al'!K48+'Shares in prod syst'!$K$48*'Data from Ahlgren et al'!K52+'Shares in prod syst'!$K$49*'Data from Ahlgren et al'!K56 -> 0 | ... W55: ='Shares in prod syst'!$K$46*'Data from Ahlgren et al'!S44+'Shares in prod syst'!$K$47*'Data from Ahlgren et al'!S48+'Shares in prod syst'!$K$48*'Data from Ahlgren et al'!S52+'Shares in prod syst'!$K$49*'Data from Ahlgren et al'!S56 -> 0
A56: A01QV | B56: Bovine muscle | C56: Meat and meat products | D56: Spain | E56: ES | F56: CO2e | G56: =SUM(H56:W56) -> 22.075862 | H56: =SUMPRODUCT(H52:H55,'CF Climate'!$B$5:$B$8) -> 0.98307297 | I56: =SUMPRODUCT(I52:I55,'CF Climate'!$B$5:$B$8) -> 0 | J56: =SUMPRODUCT(J52:J55,'CF Climate'!$B$5:$B$8) -> 2.336282 | K56: =SUMPRODUCT(K52:K55,'CF Climate'!$B$5:$B$8) -> 0.2336282 | L56: =SUMPRODUCT(L52:L55,'CF Climate'!$B$5:$B$8) -> 0.58984378 | M56: =SUMPRODUCT(M52:M55,'CF Climate'!$B$5:$B$8) -> 0 | N56: =SUMPRODUCT(N52:N55,'CF Climate'!$B$5:$B$8) -> 0 | O56: =SUMPRODUCT(O52:O55,'CF Climate'!$B$5:$B$8) -> 0 | ... W56: =SUMPRODUCT(W52:W55,'CF Climate'!$B$5:$B$8) -> 0.48
A57: A01QV | B57: Bovine muscle | C57: Meat and meat products | D57: Sweden | E57: SE | F57: CO2 | G57: =SUM(H57:W57) -> 3.0831079 | H57: ='Shares in prod syst'!$L$46*'Data from Ahlgren et al'!D42+'Shares in prod syst'!$L$47*'Data from Ahlgren et al'!D46+'Shares in prod syst'!$L$48*'Data from Ahlgren et al'!D50+'Shares in prod syst'!$L$49*'Data from Ahlgren et al'!D54 -> 0.47381398 | I57: ='Shares in prod syst'!$L$46*'Data from Ahlgren et al'!E42+'Shares in prod syst'!$L$47*'Data from Ahlgren et al'!E46+'Shares in prod syst'!$L$48*'Data from Ahlgren et al'!E50+'Shares in prod syst'!$L$49*'Data from Ahlgren et al'!E54 -> 0 | J57: ='Shares in prod syst'!$L$46*'Data from Ahlgren et al'!F42+'Shares in prod syst'!$L$47*'Data from Ahlgren et al'!F46+'Shares in prod syst'!$L$48*'Data from Ahlgren et al'!F50+'Shares in prod syst'!$L$49*'Data from Ahlgren et al'!F54 -> 0 | K57: ='Shares in prod syst'!$L$46*'Data from Ahlgren et al'!G42+'Shares in prod syst'!$L$47*'Data from Ahlgren et al'!G46+'Shares in prod syst'!$L$48*'Data from Ahlgren et al'!G50+'Shares in prod syst'!$L$49*'Data from Ahlgren et al'!G54 -> 0 | L57: ='Shares in prod syst'!$L$46*'Data from Ahlgren et al'!H42+'Shares in prod syst'!$L$47*'Data from Ahlgren et al'!H46+'Shares in prod syst'!$L$48*'Data from Ahlgren et al'!H50+'Shares in prod syst'!$L$49*'Data from Ahlgren et al'!H54 -> 0.56857677 | M57: ='Shares in prod syst'!$L$46*'Data from Ahlgren et al'!I42+'Shares in prod syst'!$L$47*'Data from Ahlgren et al'!I46+'Shares in prod syst'!$L$48*'Data from Ahlgren et al'!I50+'Shares in prod syst'!$L$49*'Data from Ahlgren et al'!I54 -> 0 | N57: ='Shares in prod syst'!$L$46*'Data from Ahlgren et al'!J42+'Shares in prod syst'!$L$47*'Data from Ahlgren et al'!J46+'Shares in prod syst'!$L$48*'Data from Ahlgren et al'!J50+'Shares in prod syst'!$L$49*'Data from Ahlgren et al'!J54 -> 0 | O57: ='Shares in prod syst'!$L$46*'Data from Ahlgren et al'!K42+'Shares in prod syst'!$L$47*'Data from Ahlgren et al'!K46+'Shares in prod syst'!$L$48*'Data from Ahlgren et al'!K50+'Shares in prod syst'!$L$49*'Data from Ahlgren et al'!K54 -> 0 | ... W57: ='Shares in prod syst'!$L$46*'Data from Ahlgren et al'!S42+'Shares in prod syst'!$L$47*'Data from Ahlgren et al'!S46+'Shares in prod syst'!$L$48*'Data from Ahlgren et al'!S50+'Shares in prod syst'!$L$49*'Data from Ahlgren et al'!S54 -> 0.48
A58: A01QV | B58: Bovine muscle | C58: Meat and meat products | D58: Sweden | E58: SE | F58: CH4, fossil | G58: =SUM(H58:W58) -> 0 | H58: 0 | I58: 0 | J58: 0 | K58: 0 | L58: 0 | M58: 0 | N58: 0 | O58: 0 | P58: 0 | Q58: 0 | R58: 0 | S58: 0 | T58: 0 | U58: 0 | V58: 0 | W58: 0
A59: A01QV | B59: Bovine muscle | C59: Meat and meat products | D59: Sweden | E59: SE | F59: CH4, biogenic | G59: =SUM(H59:W59) -> 0.50274098 | H59: ='Shares in prod syst'!$L$46*'Data from Ahlgren et al'!D43+'Shares in prod syst'!$L$47*'Data from Ahlgren et al'!D47+'Shares in prod syst'!$L$48*'Data from Ahlgren et al'!D51+'Shares in prod syst'!$L$49*'Data from Ahlgren et al'!D55 -> 0 | I59: ='Shares in prod syst'!$L$46*'Data from Ahlgren et al'!E43+'Shares in prod syst'!$L$47*'Data from Ahlgren et al'!E47+'Shares in prod syst'!$L$48*'Data from Ahlgren et al'!E51+'Shares in prod syst'!$L$49*'Data from Ahlgren et al'!E55 -> 0 | J59: ='Shares in prod syst'!$L$46*'Data from Ahlgren et al'!F43+'Shares in prod syst'!$L$47*'Data from Ahlgren et al'!F47+'Shares in prod syst'!$L$48*'Data from Ahlgren et al'!F51+'Shares in prod syst'!$L$49*'Data from Ahlgren et al'!F55 -> 0 | K59: ='Shares in prod syst'!$L$46*'Data from Ahlgren et al'!G43+'Shares in prod syst'!$L$47*'Data from Ahlgren et al'!G47+'Shares in prod syst'!$L$48*'Data from Ahlgren et al'!G51+'Shares in prod syst'!$L$49*'Data from Ahlgren et al'!G55 -> 0 | L59: ='Shares in prod syst'!$L$46*'Data from Ahlgren et al'!H43+'Shares in prod syst'!$L$47*'Data from Ahlgren et al'!H47+'Shares in prod syst'!$L$48*'Data from Ahlgren et al'!H51+'Shares in prod syst'!$L$49*'Data from Ahlgren et al'!H55 -> 0 | M59: ='Shares in prod syst'!$L$46*'Data from Ahlgren et al'!I43+'Shares in prod syst'!$L$47*'Data from Ahlgren et al'!I47+'Shares in prod syst'!$L$48*'Data from Ahlgren et al'!I51+'Shares in prod syst'!$L$49*'Data from Ahlgren et al'!I55 -> 0 | N59: ='Shares in prod syst'!$L$46*'Data from Ahlgren et al'!J43+'Shares in prod syst'!$L$47*'Data from Ahlgren et al'!J47+'Shares in prod syst'!$L$48*'Data from Ahlgren et al'!J51+'Shares in prod syst'!$L$49*'Data from Ahlgren et al'!J55 -> 0 | O59: ='Shares in prod syst'!$L$46*'Data from Ahlgren et al'!K43+'Shares in prod syst'!$L$47*'Data from Ahlgren et al'!K47+'Shares in prod syst'!$L$48*'Data from Ahlgren et al'!K51+'Shares in prod syst'!$L$49*'Data from Ahlgren et al'!K55 -> 0 | ... W59: ='Shares in prod syst'!$L$46*'Data from Ahlgren et al'!S43+'Shares in prod syst'!$L$47*'Data from Ahlgren et al'!S47+'Shares in prod syst'!$L$48*'Data from Ahlgren et al'!S51+'Shares in prod syst'!$L$49*'Data from Ahlgren et al'!S55 -> 0
A60: A01QV | B60: Bovine muscle | C60: Meat and meat products | D60: Sweden | E60: SE | F60: N2O | G60: =SUM(H60:W60) -> 0.021950212 | H60: ='Shares in prod syst'!$L$46*'Data from Ahlgren et al'!D44+'Shares in prod syst'!$L$47*'Data from Ahlgren et al'!D48+'Shares in prod syst'!$L$48*'Data from Ahlgren et al'!D52+'Shares in prod syst'!$L$49*'Data from Ahlgren et al'!D56 -> 0.0017355823 | I60: ='Shares in prod syst'!$L$46*'Data from Ahlgren et al'!E44+'Shares in prod syst'!$L$47*'Data from Ahlgren et al'!E48+'Shares in prod syst'!$L$48*'Data from Ahlgren et al'!E52+'Shares in prod syst'!$L$49*'Data from Ahlgren et al'!E56 -> 0 | J60: ='Shares in prod syst'!$L$46*'Data from Ahlgren et al'!F44+'Shares in prod syst'!$L$47*'Data from Ahlgren et al'!F48+'Shares in prod syst'!$L$48*'Data from Ahlgren et al'!F52+'Shares in prod syst'!$L$49*'Data from Ahlgren et al'!F56 -> 0.0086629167 | K60: ='Shares in prod syst'!$L$46*'Data from Ahlgren et al'!G44+'Shares in prod syst'!$L$47*'Data from Ahlgren et al'!G48+'Shares in prod syst'!$L$48*'Data from Ahlgren et al'!G52+'Shares in prod syst'!$L$49*'Data from Ahlgren et al'!G56 -> 0.00086629167 | L60: ='Shares in prod syst'!$L$46*'Data from Ahlgren et al'!H44+'Shares in prod syst'!$L$47*'Data from Ahlgren et al'!H48+'Shares in prod syst'!$L$48*'Data from Ahlgren et al'!H52+'Shares in prod syst'!$L$49*'Data from Ahlgren et al'!H56 -> 0 | M60: ='Shares in prod syst'!$L$46*'Data from Ahlgren et al'!I44+'Shares in prod syst'!$L$47*'Data from Ahlgren et al'!I48+'Shares in prod syst'!$L$48*'Data from Ahlgren et al'!I52+'Shares in prod syst'!$L$49*'Data from Ahlgren et al'!I56 -> 0 | N60: ='Shares in prod syst'!$L$46*'Data from Ahlgren et al'!J44+'Shares in prod syst'!$L$47*'Data from Ahlgren et al'!J48+'Shares in prod syst'!$L$48*'Data from Ahlgren et al'!J52+'Shares in prod syst'!$L$49*'Data from Ahlgren et al'!J56 -> 0 | O60: ='Shares in prod syst'!$L$46*'Data from Ahlgren et al'!K44+'Shares in prod syst'!$L$47*'Data from Ahlgren et al'!K48+'Shares in prod syst'!$L$48*'Data from Ahlgren et al'!K52+'Shares in prod syst'!$L$49*'Data from Ahlgren et al'!K56 -> 0 | ... W60: ='Shares in prod syst'!$L$46*'Data from Ahlgren et al'!S44+'Shares in prod syst'!$L$47*'Data from Ahlgren et al'!S48+'Shares in prod syst'!$L$48*'Data from Ahlgren et al'!S52+'Shares in prod syst'!$L$49*'Data from Ahlgren et al'!S56 -> 0
A61: A01QV | B61: Bovine muscle | C61: Meat and meat products | D61: Sweden | E61: SE | F61: CO2e | G61: =SUM(H61:W61) -> 22.649522 | H61: =SUMPRODUCT(H57:H60,'CF Climate'!$B$5:$B$8) -> 0.94762795 | I61: =SUMPRODUCT(I57:I60,'CF Climate'!$B$5:$B$8) -> 0 | J61: =SUMPRODUCT(J57:J60,'CF Climate'!$B$5:$B$8) -> 2.3649762 | K61: =SUMPRODUCT(K57:K60,'CF Climate'!$B$5:$B$8) -> 0.23649762 | L61: =SUMPRODUCT(L57:L60,'CF Climate'!$B$5:$B$8) -> 0.56857677 | M61: =SUMPRODUCT(M57:M60,'CF Climate'!$B$5:$B$8) -> 0 | N61: =SUMPRODUCT(N57:N60,'CF Climate'!$B$5:$B$8) -> 0 | O61: =SUMPRODUCT(O57:O60,'CF Climate'!$B$5:$B$8) -> 0 | ... W61: =SUMPRODUCT(W57:W60,'CF Climate'!$B$5:$B$8) -> 0.48
A62: A01QV | B62: Bovine muscle | C62: Meat and meat products | D62: UK | E62: GB | F62: CO2 | G62: =SUM(H62:W62) -> 3.1647853 | H62: ='Shares in prod syst'!$M$46*'Data from Ahlgren et al'!D42+'Shares in prod syst'!$M$47*'Data from Ahlgren et al'!D46+'Shares in prod syst'!$M$48*'Data from Ahlgren et al'!D50+'Shares in prod syst'!$M$49*'Data from Ahlgren et al'!D54 -> 0.4758409 | I62: ='Shares in prod syst'!$M$46*'Data from Ahlgren et al'!E42+'Shares in prod syst'!$M$47*'Data from Ahlgren et al'!E46+'Shares in prod syst'!$M$48*'Data from Ahlgren et al'!E50+'Shares in prod syst'!$M$49*'Data from Ahlgren et al'!E54 -> 0 | J62: ='Shares in prod syst'!$M$46*'Data from Ahlgren et al'!F42+'Shares in prod syst'!$M$47*'Data from Ahlgren et al'!F46+'Shares in prod syst'!$M$48*'Data from Ahlgren et al'!F50+'Shares in prod syst'!$M$49*'Data from Ahlgren et al'!F54 -> 0 | K62: ='Shares in prod syst'!$M$46*'Data from Ahlgren et al'!G42+'Shares in prod syst'!$M$47*'Data from Ahlgren et al'!G46+'Shares in prod syst'!$M$48*'Data from Ahlgren et al'!G50+'Shares in prod syst'!$M$49*'Data from Ahlgren et al'!G54 -> 0 | L62: ='Shares in prod syst'!$M$46*'Data from Ahlgren et al'!H42+'Shares in prod syst'!$M$47*'Data from Ahlgren et al'!H46+'Shares in prod syst'!$M$48*'Data from Ahlgren et al'!H50+'Shares in prod syst'!$M$49*'Data from Ahlgren et al'!H54 -> 0.57100907 | M62: ='Shares in prod syst'!$M$46*'Data from Ahlgren et al'!I42+'Shares in prod syst'!$M$47*'Data from Ahlgren et al'!I46+'Shares in prod syst'!$M$48*'Data from Ahlgren et al'!I50+'Shares in prod syst'!$M$49*'Data from Ahlgren et al'!I54 -> 0 | N62: ='Shares in prod syst'!$M$46*'Data from Ahlgren et al'!J42+'Shares in prod syst'!$M$47*'Data from Ahlgren et al'!J46+'Shares in prod syst'!$M$48*'Data from Ahlgren et al'!J50+'Shares in prod syst'!$M$49*'Data from Ahlgren et al'!J54 -> 0 | O62: ='Shares in prod syst'!$M$46*'Data from Ahlgren et al'!K42+'Shares in prod syst'!$M$47*'Data from Ahlgren et al'!K46+'Shares in prod syst'!$M$48*'Data from Ahlgren et al'!K50+'Shares in prod syst'!$M$49*'Data from Ahlgren et al'!K54 -> 0 | ... W62: ='Shares in prod syst'!$M$46*'Data from Ahlgren et al'!S42+'Shares in prod syst'!$M$47*'Data from Ahlgren et al'!S46+'Shares in prod syst'!$M$48*'Data from Ahlgren et al'!S50+'Shares in prod syst'!$M$49*'Data from Ahlgren et al'!S54 -> 0.48
A63: A01QV | B63: Bovine muscle | C63: Meat and meat products | D63: UK | E63: GB | F63: CH4, fossil | G63: =SUM(H63:W63) -> 0 | H63: 0 | I63: 0 | J63: 0 | K63: 0 | L63: 0 | M63: 0 | N63: 0 | O63: 0 | P63: 0 | Q63: 0 | R63: 0 | S63: 0 | T63: 0 | U63: 0 | V63: 0 | W63: 0
A64: A01QV | B64: Bovine muscle | C64: Meat and meat products | D64: UK | E64: GB | F64: CH4, biogenic | G64: =SUM(H64:W64) -> 0.52365397 | H64: ='Shares in prod syst'!$M$46*'Data from Ahlgren et al'!D43+'Shares in prod syst'!$M$47*'Data from Ahlgren et al'!D47+'Shares in prod syst'!$M$48*'Data from Ahlgren et al'!D51+'Shares in prod syst'!$M$49*'Data from Ahlgren et al'!D55 -> 0 | I64: ='Shares in prod syst'!$M$46*'Data from Ahlgren et al'!E43+'Shares in prod syst'!$M$47*'Data from Ahlgren et al'!E47+'Shares in prod syst'!$M$48*'Data from Ahlgren et al'!E51+'Shares in prod syst'!$M$49*'Data from Ahlgren et al'!E55 -> 0 | J64: ='Shares in prod syst'!$M$46*'Data from Ahlgren et al'!F43+'Shares in prod syst'!$M$47*'Data from Ahlgren et al'!F47+'Shares in prod syst'!$M$48*'Data from Ahlgren et al'!F51+'Shares in prod syst'!$M$49*'Data from Ahlgren et al'!F55 -> 0 | K64: ='Shares in prod syst'!$M$46*'Data from Ahlgren et al'!G43+'Shares in prod syst'!$M$47*'Data from Ahlgren et al'!G47+'Shares in prod syst'!$M$48*'Data from Ahlgren et al'!G51+'Shares in prod syst'!$M$49*'Data from Ahlgren et al'!G55 -> 0 | L64: ='Shares in prod syst'!$M$46*'Data from Ahlgren et al'!H43+'Shares in prod syst'!$M$47*'Data from Ahlgren et al'!H47+'Shares in prod syst'!$M$48*'Data from Ahlgren et al'!H51+'Shares in prod syst'!$M$49*'Data from Ahlgren et al'!H55 -> 0 | M64: ='Shares in prod syst'!$M$46*'Data from Ahlgren et al'!I43+'Shares in prod syst'!$M$47*'Data from Ahlgren et al'!I47+'Shares in prod syst'!$M$48*'Data from Ahlgren et al'!I51+'Shares in prod syst'!$M$49*'Data from Ahlgren et al'!I55 -> 0 | N64: ='Shares in prod syst'!$M$46*'Data from Ahlgren et al'!J43+'Shares in prod syst'!$M$47*'Data from Ahlgren et al'!J47+'Shares in prod syst'!$M$48*'Data from Ahlgren et al'!J51+'Shares in prod syst'!$M$49*'Data from Ahlgren et al'!J55 -> 0 | O64: ='Shares in prod syst'!$M$46*'Data from Ahlgren et al'!K43+'Shares in prod syst'!$M$47*'Data from Ahlgren et al'!K47+'Shares in prod syst'!$M$48*'Data from Ahlgren et al'!K51+'Shares in prod syst'!$M$49*'Data from Ahlgren et al'!K55 -> 0 | ... W64: ='Shares in prod syst'!$M$46*'Data from Ahlgren et al'!S43+'Shares in prod syst'!$M$47*'Data from Ahlgren et al'!S47+'Shares in prod syst'!$M$48*'Data from Ahlgren et al'!S51+'Shares in prod syst'!$M$49*'Data from Ahlgren et al'!S55 -> 0
A65: A01QV | B65: Bovine muscle | C65: Meat and meat products | D65: UK | E65: GB | F65: N2O | G65: =SUM(H65:W65) -> 0.022724321 | H65: ='Shares in prod syst'!$M$46*'Data from Ahlgren et al'!D44+'Shares in prod syst'!$M$47*'Data from Ahlgren et al'!D48+'Shares in prod syst'!$M$48*'Data from Ahlgren et al'!D52+'Shares in prod syst'!$M$49*'Data from Ahlgren et al'!D56 -> 0.0017430069 | I65: ='Shares in prod syst'!$M$46*'Data from Ahlgren et al'!E44+'Shares in prod syst'!$M$47*'Data from Ahlgren et al'!E48+'Shares in prod syst'!$M$48*'Data from Ahlgren et al'!E52+'Shares in prod syst'!$M$49*'Data from Ahlgren et al'!E56 -> 0 | J65: ='Shares in prod syst'!$M$46*'Data from Ahlgren et al'!F44+'Shares in prod syst'!$M$47*'Data from Ahlgren et al'!F48+'Shares in prod syst'!$M$48*'Data from Ahlgren et al'!F52+'Shares in prod syst'!$M$49*'Data from Ahlgren et al'!F56 -> 0.0088984583 | K65: ='Shares in prod syst'!$M$46*'Data from Ahlgren et al'!G44+'Shares in prod syst'!$M$47*'Data from Ahlgren et al'!G48+'Shares in prod syst'!$M$48*'Data from Ahlgren et al'!G52+'Shares in prod syst'!$M$49*'Data from Ahlgren et al'!G56 -> 0.00088984583 | L65: ='Shares in prod syst'!$M$46*'Data from Ahlgren et al'!H44+'Shares in prod syst'!$M$47*'Data from Ahlgren et al'!H48+'Shares in prod syst'!$M$48*'Data from Ahlgren et al'!H52+'Shares in prod syst'!$M$49*'Data from Ahlgren et al'!H56 -> 0 | M65: ='Shares in prod syst'!$M$46*'Data from Ahlgren et al'!I44+'Shares in prod syst'!$M$47*'Data from Ahlgren et al'!I48+'Shares in prod syst'!$M$48*'Data from Ahlgren et al'!I52+'Shares in prod syst'!$M$49*'Data from Ahlgren et al'!I56 -> 0 | N65: ='Shares in prod syst'!$M$46*'Data from Ahlgren et al'!J44+'Shares in prod syst'!$M$47*'Data from Ahlgren et al'!J48+'Shares in prod syst'!$M$48*'Data from Ahlgren et al'!J52+'Shares in prod syst'!$M$49*'Data from Ahlgren et al'!J56 -> 0 | O65: ='Shares in prod syst'!$M$46*'Data from Ahlgren et al'!K44+'Shares in prod syst'!$M$47*'Data from Ahlgren et al'!K48+'Shares in prod syst'!$M$48*'Data from Ahlgren et al'!K52+'Shares in prod syst'!$M$49*'Data from Ahlgren et al'!K56 -> 0 | ... W65: ='Shares in prod syst'!$M$46*'Data from Ahlgren et al'!S44+'Shares in prod syst'!$M$47*'Data from Ahlgren et al'!S48+'Shares in prod syst'!$M$48*'Data from Ahlgren et al'!S52+'Shares in prod syst'!$M$49*'Data from Ahlgren et al'!S56 -> 0
A66: A01QV | B66: Bovine muscle | C66: Meat and meat products | D66: UK | E66: GB | F66: CO2e | G66: =SUM(H66:W66) -> 23.507182 | H66: =SUMPRODUCT(H62:H65,'CF Climate'!$B$5:$B$8) -> 0.95168179 | I66: =SUMPRODUCT(I62:I65,'CF Climate'!$B$5:$B$8) -> 0 | J66: =SUMPRODUCT(J62:J65,'CF Climate'!$B$5:$B$8) -> 2.4292791 | K66: =SUMPRODUCT(K62:K65,'CF Climate'!$B$5:$B$8) -> 0.24292791 | L66: =SUMPRODUCT(L62:L65,'CF Climate'!$B$5:$B$8) -> 0.57100907 | M66: =SUMPRODUCT(M62:M65,'CF Climate'!$B$5:$B$8) -> 0 | N66: =SUMPRODUCT(N62:N65,'CF Climate'!$B$5:$B$8) -> 0 | O66: =SUMPRODUCT(O62:O65,'CF Climate'!$B$5:$B$8) -> 0 | ... W66: =SUMPRODUCT(W62:W65,'CF Climate'!$B$5:$B$8) -> 0.48

Sheet Data from Ahlgren et al
A2: Data from Ahlgren et al (2022), per kg of carcass weight
A4: Figur 7: | K4: Figur 4. Markanvändning, m2 per kg slaktvikt | N4: Figur 10. Kväveutsläpp, kg NH3 per kg slaktvikt
D6: Metan fodersmältning | E6: Gödsellagring | F6: Lustgas från mineraljordar | G6: Energi (på gård och för mineralgödseltillverkning) | H6: Övrigt (CH4 bete, indirekt N2O, transporter) | I6: Summa | K6: Åkermark | L6: Bete | N6: Ammoniak
A7: Mjölkrastjur | B7: Gns | D7: 5.9394412 | E7: 2.8821149 | F7: 1.8985379 | G7: 1.8519477 | H7: 0.56060773 | I7: 13.132649
B8: Gsk | D8: 6.0308873 | E8: 2.8161769 | F8: 1.6483626 | G8: 1.739015 | H8: 0.54586337 | I8: 12.780305 | K8: 19 | N8: 0.065
B9: Nn | D9: 6.8351618 | E9: 3.4765195 | F9: 1.43135 | G9: 1.1974132 | H9: 0.77106148 | I9: 13.711506
D10: 0 | E10: 0 | F10: 0 | G10: 0 | H10: 0 | I10: 0
A11: Mjölkrasstut | B11: Gns | D11: 9.3648111 | E11: 5.1842116 | F11: 2.1301679 | G11: 1.4139096 | H11: 1.3523137 | I11: 19.445414
B12: Gsk | D12: 9.4042775 | E12: 4.9544742 | F12: 2.0436286 | G12: 1.3827303 | H12: 1.3079529 | I12: 19.093063 | K12: 15 | L12: 32 | N12: 0.14
B13: Nn | D13: 9.181952 | E13: 5.2227794 | F13: 1.9496079 | G13: 1.4743934 | H13: 1.2326822 | I13: 19.061415
D14: 0 | E14: 0 | F14: 0 | G14: 0 | H14: 0 | I14: 0
A15: Köttrastjur | B15: Gns | D15: 9.7546916 | E15: 4.52147 | F15: 3.1126182 | G15: 2.8078332 | H15: 1.3467094 | I15: 21.543323
B16: Gsk | D16: 9.444902 | E16: 4.1040757 | F16: 2.7241795 | G16: 2.7355111 | H16: 0.95530801 | I16: 19.963976
B17: Nn | D17: 12.4743 | E17: 6.214162 | F17: 2.5993271 | G17: 1.8053221 | H17: 1.9545607 | I17: 25.047672
D18: 0 | E18: 0 | F18: 0 | G18: 0 | H18: 0 | I18: 0
A19: Köttrasstut | B19: Gns | D19: 13.594746 | E19: 8.2248391 | F19: 3.0881712 | G19: 2.3886298 | H19: 2.1976081 | I19: 29.493994
B20: Gsk | D20: 13.689454 | E20: 7.8541439 | F20: 2.9190497 | G20: 2.309045 | H20: 1.906574 | I20: 28.678267 | K20: 23 | L20: 60 | N20: 0.18
B21: Nn | D21: 14.491576 | E21: 8.7824226 | F21: 3.0233839 | G21: 2.6707161 | H21: 2.118329 | I21: 31.086428
D22: 0 | E22: 0 | F22: 0 | G22: 0 | H22: 0 | I22: 0
A23: Köttraskviga | B23: Gns | D23: 13.907648 | E23: 8.5957447 | F23: 3.2616992 | G23: 2.5718151 | H23: 2.3764583 | I23: 30.713366
B24: Gsk | D24: 13.904952 | E24: 8.8263539 | F24: 3.0343768 | G24: 2.5609938 | H24: 2.0811067 | I24: 30.407783
B25: Nn | D25: 15.008036 | E25: 9.5766717 | F25: 3.2329498 | G25: 2.970595 | H25: 2.3363039 | I25: 33.124557
A27: Transferred into our categories
D28: Production of mineral fertilizer [1] | E28: Production of capital goods | F28: Direct emissions** | G28: Indirect emissions [2] | H28: Diesel use field mach [1] | I28: Energy use in greenhouses | J28: Energy use for irrigation | K28: Energy use for post-harvest proc | L28: LUC emissions | M28: Feed transports [3] | N28: Enteric fermentation* | O28: Manure management - tot | P28: Manure management - direct | Q28: Manure management - indirect | R28: Energy use in stables [1] | S28: Energy use for slaughter [4] | T28: Summa:
A29: Mjölkrastjur | B29: Gsk | D29: =0.5*G8 -> 0.8695075 | F29: =F8 -> 1.6483626 | G29: =F29*0.1 -> 0.16483626 | H29: =0.3*G8 -> 0.5217045 | M29: =H8-G29 -> 0.38102711 | N29: =D8 -> 6.0308873 | O29: =E8 -> 2.8161769 | R29: =G8*0.2 -> 0.347803 | S29: 0.48 | T29: =SUM(D29:S29) -> 13.260305
A30: Mjölkrasstut | B30: Gsk | D30: =0.5*G12 -> 0.69136513 | F30: =F12 -> 2.0436286 | G30: =F30*0.1 -> 0.20436286 | H30: =0.3*G12 -> 0.41481908 | M30: =H12-G30 -> 1.10359 | N30: =D12 -> 9.4042775 | O30: =E12 -> 4.9544742 | R30: =G12*0.2 -> 0.27654605 | S30: 0.48 | T30: =SUM(D30:S30) -> 19.573063
A31: Köttrasstut | B31: Gsk | D31: =0.5*G20 -> 1.1545225 | F31: =F20 -> 2.9190497 | G31: =F31*0.1 -> 0.29190497 | H31: =0.3*G20 -> 0.6927135 | M31: =H20-G31 -> 1.614669 | N31: =D20 -> 13.689454 | O31: =E20 -> 7.8541439 | R31: =G20*0.2 -> 0.461809 | S31: 0.48 | T31: =SUM(D31:S31) -> 29.158267
A32: Mjölkko | B32: Approx. Mjölkrastjur | D32: =D29 -> 0.8695075 | F32: =F29 -> 1.6483626 | G32: =G29 -> 0.16483626 | H32: =H29 -> 0.5217045 | M32: =M29 -> 0.38102711 | N32: =N29 -> 6.0308873 | O32: =O29 -> 2.8161769 | R32: =R29 -> 0.347803 | S32: =S29 -> 0.48 | T32: =T29 -> 13.260305
S33: Medel Sverige | T33: =SUMPRODUCT(T29:T32,'Shares in prod syst'!L46:L49) -> 22.649522 | U33: kg COe per CW | W33: Ahlgren et al har 19 kg CO2e men har då inte med slakt
A34: [1] The post "Energi" is divided as follows 50% on Production of mineral fertiliser, 30% on Diesel use field machinary and 20% on Energy use in stables (based on approximate shares for Pig) | T34: =T33/0.7 -> 32.35646 | U34: kg COe per slaktvikt
A35: [2] Calculated as 10% of direct emissions and these are then deducted from "Övrigt"
A36: [3] "Övrigt" minus indirect N2O
A37: [4] From Moberg et al (2019)
A39: Divided upon different gases (converted back to the gases with AR6 GWP-values with was used in Ahlgren et al. (2022))
D41: Production of mineral fertilizer [5] | E41: Production of capital goods | F41: Direct emissions** | G41: Indirect emissions | H41: Diesel use field mach | I41: Energy use in greenhouses | J41: Energy use for irrigation | K41: Energy use for post-harvest proc | L41: LUC emissions | M41: Feed transports | N41: Enteric fermentation* | O41: Manure management - tot [6] | P41: Manure management - direct | Q41: Manure management - indirect | R41: Energy use in stables | S41: Energy use for slaughter | U41: Summa
A42: Mjölkrastjur | B42: Gsk | C42: CO2 | D42: =D45/2 -> 0.43475375 | H42: =H45 -> 0.5217045 | M42: =M45 -> 0.38102711 | R42: =R45 -> 0.347803 | S42: =S45 -> 0.48 | U42: =SUM(D42:S42) -> 2.1652884
C43: CH4 | N43: =N45/27 -> 0.2233662 | O43: =O45/2/27 -> 0.052151425 | U43: =SUM(D43:S43) -> 0.27551762
C44: N2O | D44: =D45/2/273 -> 0.0015925046 | F44: =F45/273 -> 0.0060379583 | G44: =G45/273 -> 0.00060379583 | O44: =O45/2/273 -> 0.0051578332 | U44: =SUM(D44:S44) -> 0.013392092
C45: CO2e | D45: =D29 -> 0.8695075 | E45: =E29 -> 0 | F45: =F29 -> 1.6483626 | G45: =G29 -> 0.16483626 | H45: =H29 -> 0.5217045 | I45: =I29 -> 0 | J45: =J29 -> 0 | K45: =K29 -> 0 | ... S45: =S29 -> 0.48 | U45: =SUMPRODUCT(U42:U44,'CF Climate'!$B$5:$B$8) -> #VALUE!
A46: Mjölkrasstut | B46: Gsk | C46: CO2 | D46: =D49/2 -> 0.34568256 | H46: =H49 -> 0.41481908 | M46: =M49 -> 1.10359 | R46: =R49 -> 0.27654605 | S46: =S49 -> 0.48 | U46: =SUM(D46:S46) -> 2.6206377
C47: CH4 | N47: =N49/27 -> 0.34830657 | O47: =O49/2/27 -> 0.091749522 | U47: =SUM(D47:S47) -> 0.4400561
C48: N2O | D48: =D49/2/273 -> 0.0012662365 | F48: =F49/273 -> 0.007485819 | G48: =G49/273 -> 0.0007485819 | O48: =O49/2/273 -> 0.0090741285 | U48: =SUM(D48:S48) -> 0.018574766
C49: CO2e | D49: =D30 -> 0.69136513 | E49: =E30 -> 0 | F49: =F30 -> 2.0436286 | G49: =G30 -> 0.20436286 | H49: =H30 -> 0.41481908 | I49: =I30 -> 0 | J49: =J30 -> 0 | K49: =K30 -> 0 | ... S49: =S30 -> 0.48 | U49: =SUMPRODUCT(U46:U48,'CF Climate'!$B$5:$B$8) -> #VALUE!
A50: Köttrasstut | B50: Gsk | C50: CO2 | D50: =D53/2 -> 0.57726125 | H50: =H53 -> 0.6927135 | M50: =M53 -> 1.614669 | R50: =R53 -> 0.461809 | S50: =S53 -> 0.48 | U50: =SUM(D50:S50) -> 3.8264527
C51: CH4 | N51: =N53/27 -> 0.50701683 | O51: =O53/2/27 -> 0.14544711 | U51: =SUM(D51:S51) -> 0.65246394
C52: N2O | D52: =D53/2/273 -> 0.0021145101 | F52: =F53/273 -> 0.01069249 | G52: =G53/273 -> 0.001069249 | O52: =O53/2/273 -> 0.014384879 | U52: =SUM(D52:S52) -> 0.028261128
C53: CO2e | D53: =D31 -> 1.1545225 | E53: =E31 -> 0 | F53: =F31 -> 2.9190497 | G53: =G31 -> 0.29190497 | H53: =H31 -> 0.6927135 | I53: =I31 -> 0 | J53: =J31 -> 0 | K53: =K31 -> 0 | ... S53: =S31 -> 0.48 | U53: =SUMPRODUCT(U50:U52,'CF Climate'!$B$5:$B$8) -> #VALUE!
A54: Mjölkko | B54: Gsk | C54: CO2 | D54: =D57/2 -> 0.43475375 | H54: =H57 -> 0.5217045 | M54: =M57 -> 0.38102711 | R54: =R57 -> 0.347803 | S54: =S57 -> 0.48 | U54: =SUM(D54:S54) -> 2.1652884
C55: CH4 | N55: =N57/27 -> 0.2233662 | O55: =O57/2/27 -> 0.052151425 | U55: =SUM(D55:S55) -> 0.27551762
C56: N2O | D56: =D57/2/273 -> 0.0015925046 | F56: =F57/273 -> 0.0060379583 | G56: =G57/273 -> 0.00060379583 | O56: =O57/2/273 -> 0.0051578332 | U56: =SUM(D56:S56) -> 0.013392092
C57: CO2e | D57: =D32 -> 0.8695075 | E57: =E32 -> 0 | F57: =F32 -> 1.6483626 | G57: =G32 -> 0.16483626 | H57: =H32 -> 0.5217045 | I57: =I32 -> 0 | J57: =J32 -> 0 | K57: =K32 -> 0 | ... S57: =S32 -> 0.48 | U57: =SUMPRODUCT(U54:U56,'CF Climate'!$B$5:$B$8) -> #VALUE!
A59: [5] Divided 50/50 on CO2 and CH4 based on approximate shares for Pig
A60: [6] Divided 50/50 on CH4 and N2O based on approximate shares for Pig

Sheet Shares in prod syst
A2: Amount of beef produced in different systems
B4: Denmark | C4: France | D4: Germany | E4: Greece | F4: Hungary | G4: Ireland | H4: Italy | I4: Netherlands | J4: Poland | K4: Spain | L4: Sweden | M4: UK
A5: Recruitment rates
A6: Dairy cows | B6: 0.27 | C6: 0.31 | D6: 0.235 | E6: 0.1 | F6: 0.14 | G6: 0.2 | H6: 0.24 | I6: 0.27 | J6: 0.234 | K6: 0.175 | L6: 0.3 | M6: 0.214 | N6: justera dessa så mängden kött från kor stämmer (gröna celler nedan)
A7: Suckler cows | B7: 0.2 | C7: 0.19 | D7: 0.16 | E7: 0.08 | F7: 0.1 | G7: 0.1 | H7: 0.18 | I7: 0.2 | J7: 0.1 | K7: 0.1 | L7: 0.18 | M7: 0.15 | P7: Ahlgren et al 2022, Tabell U i bilaga
A8: Slaughtering weight
A9: Dairy cows | B9: 340 | C9: 340 | D9: 340 | E9: 340 | F9: 340 | G9: 340 | H9: 340 | I9: 340 | J9: 340 | K9: 340 | L9: 340 | M9: 340
A10: Suckler cows | B10: 375 | C10: 375 | D10: 375 | E10: 375 | F10: 375 | G10: 375 | H10: 375 | I10: 375 | J10: 375 | K10: 375 | L10: 375 | M10: 375 | P10: Ahlgren et al 2022, Tabell 10
A11: Young suckler animals | B11: 320 | C11: 320 | D11: 320 | E11: 320 | F11: 320 | G11: 320 | H11: 320 | I11: 320 | J11: 320 | K11: 320 | L11: 320 | M11: 320 | P11: Ahlgren et al 2022, Tabell 11
A12: Mortality
A13: Dairy cows | B13: 0.08 | C13: 0.08 | D13: 0.08 | E13: 0.08 | F13: 0.08 | G13: 0.08 | H13: 0.08 | I13: 0.08 | J13: 0.08 | K13: 0.08 | L13: 0.08 | M13: 0.08
A14: Suckler cows | B14: 0.04 | C14: 0.04 | D14: 0.04 | E14: 0.04 | F14: 0.04 | G14: 0.04 | H14: 0.04 | I14: 0.04 | J14: 0.04 | K14: 0.04 | L14: 0.04 | M14: 0.04
A15: Young suckler animals | B15: 0.04 | C15: 0.04 | D15: 0.04 | E15: 0.04 | F15: 0.04 | G15: 0.04 | H15: 0.04 | I15: 0.04 | J15: 0.04 | K15: 0.04 | L15: 0.04 | M15: 0.04
A16: Number of animals, thousands, from Eurostat
A17: Dairy cows | B17: 556 | C17: 3230 | D17: 3809 | E17: 81 | F17: 278 | G17: 1510 | H17: 1864 | I17: 1570 | J17: 2037 | K17: 810 | L17: 298 | M17: 1867 | P17: apro_mt_lscatl. 2022 (2019 for UK)
A18: Non dairy cows | B18: 70 | C18: 3790 | D18: 610 | E18: 147 | F18: 143 | G18: 862 | H18: 484 | I18: 44 | J18: 135 | K18: 2078 | L18: 198 | M18: 1470 | P18: apro_mt_lscatl. 2022 (2019 for UK)
A19: Meat produced, thousand tons, from Eurostat
A20: Bovine meat, total | B20: 119 | C20: 1361.31 | D20: 987.47 | E20: 35.53 | F20: 25.68 | G20: 621 | H20: 747.21 | I20: 422 | J20: 540.59 | K20: 731.53 | L20: 135 | M20: 914.39 | P20: apro_mt_pann. 2022 (2019 for UK)
A21: - Calf | B21: 0.14 | C21: 160.13 | D21: 44.7 | E21: 1.26 | F21: 0.23 | G21: 2.5 | H21: 78.8 | I21: 220 | J21: 1.73 | K21: 11.57 | L21: 0.4 | M21: 4.13
A22: - Young cattle | B22: 32.52 | C22: 16.53 | D22: 2.79 | E22: 7.34 | F22: 0.68 | G22: 0.66 | H22: 7.31 | I22: 32 | J22: 0.69 | K22: 202.81 | L22: 1.5 | M22: 3.9
A23: - Adult cattle | B23: 86.34 | C23: 1184.64 | D23: 939.99 | E23: 26.17 | F23: 24.77 | G23: 618 | H23: 661.1 | I23: 170 | J23: 538.17 | K23: 517.14 | L23: 133 | M23: 906.36
A24: -- Cow | B24: 51.86 | C24: 571.08 | D24: 314.89 | E24: 7.26 | F24: 17.13 | G24: 125 | H24: 171.19 | I24: 136 | J24: 154.41 | K24: 118.67 | L24: 42 | M24: 203.56
A25: -- Heifer | B25: 16.05 | C25: 218.06 | D25: 163.2 | E25: 6.6 | F25: 2.66 | G25: 181 | H25: 190.61 | I25: 3.3 | J25: 85.89 | K25: 123.45 | L25: 20.4 | M25: 257.58
A26: -- Bull | B26: 16.17 | C26: 343.42 | D26: 451.23 | E26: 12.34 | F26: 4.77 | G26: 62 | H26: 298.14 | I26: 31 | J26: 297.87 | K26: 272.25 | L26: 60 | M26: 74.34
A27: -- Bullock (stut) | B27: 2.26 | C27: 52.08 | D27: 10.67 | E27: 0.48 | F27: 0 | G27: 250 | H27: 1.16 | I27: 0 | J27: 0 | K27: 2.78 | L27: 11 | M27: 370.89
A28: Meat produced, thousand tons, calculated
A29: From dairy cows | B29: =B6*B9*B17*(1-B13)/1000 -> 46.957536 | C29: =C6*C9*C17*(1-C13)/1000 -> 313.20664 | D29: =D6*D9*D17*(1-D13)/1000 -> 279.99197 | E29: =E6*E9*E17*(1-E13)/1000 -> 2.53368 | F29: =F6*F9*F17*(1-F13)/1000 -> 12.174176 | G29: =G6*G9*G17*(1-G13)/1000 -> 94.4656 | H29: =H6*H9*H17*(1-H13)/1000 -> 139.93421 | I29: =I6*I9*I17*(1-I13)/1000 -> 132.59592 | ... M29: =M6*M9*M17*(1-M13)/1000 -> 124.97549 | N29: No of dairy cows * recruit rate * slaughtering weight * (1-mortality)
A30: From suckler cows | B30: =B7*B10*B18*(1-B14)/1000 -> 5.04 | C30: =C7*C10*C18*(1-C14)/1000 -> 259.236 | D30: =D7*D10*D18*(1-D14)/1000 -> 35.136 | E30: =E7*E10*E18*(1-E14)/1000 -> 4.2336 | F30: =F7*F10*F18*(1-F14)/1000 -> 5.148 | G30: =G7*G10*G18*(1-G14)/1000 -> 31.032 | H30: =H7*H10*H18*(1-H14)/1000 -> 31.3632 | I30: =I7*I10*I18*(1-I14)/1000 -> 3.168 | ... M30: =M7*M10*M18*(1-M14)/1000 -> 79.38 | N30: No of suckler cows * recruit rate * slaughtering weight * (1-mortality)
A31: Total from cows | B31: =SUM(B29:B30) -> 51.997536 | C31: =SUM(C29:C30) -> 572.44264 | D31: =SUM(D29:D30) -> 315.12797 | E31: =SUM(E29:E30) -> 6.76728 | F31: =SUM(F29:F30) -> 17.322176 | G31: =SUM(G29:G30) -> 125.4976 | H31: =SUM(H29:H30) -> 171.29741 | I31: =SUM(I29:I30) -> 135.76392 | ... M31: =SUM(M29:M30) -> 204.35549 | N31: Sum of the two above
